# BOOK_ART ADJ/NOUN sources: the native formatter chooses any nonempty LANGUAGE WORD form, retrying at most 100 times.
# NOUN selects singular/plural dynamically. The Chinese meaning reuses the existing WORD/POS sense, without a second vocabulary.
token_role	word_id	source	target	source_location	native_field	native_selector
NOUN_SINGULAR	ABBEY	abbey	修道院	data/vanilla/vanilla_languages/objects/language_words.txt:6	word+0x20	PE:RVA=0xee3e90..0xee40b0
NOUN_PLURAL	ABBEY	abbeys	修道院	data/vanilla/vanilla_languages/objects/language_words.txt:6	word+0x40	PE:RVA=0xee3e90..0xee40b0
NOUN_SINGULAR	ACE	ace	王牌	data/vanilla/vanilla_languages/objects/language_words.txt:14	word+0x20	PE:RVA=0xee3e90..0xee40b0
NOUN_PLURAL	ACE	aces	王牌	data/vanilla/vanilla_languages/objects/language_words.txt:14	word+0x40	PE:RVA=0xee3e90..0xee40b0
ADJ	ACE	ace	一流	data/vanilla/vanilla_languages/objects/language_words.txt:20	word+0x60	PE:RVA=0xee3cf0..0xee3e8f
NOUN_SINGULAR	ACT	act	行动	data/vanilla/vanilla_languages/objects/language_words.txt:26	word+0x20	PE:RVA=0xee3e90..0xee40b0
NOUN_PLURAL	ACT	acts	行动	data/vanilla/vanilla_languages/objects/language_words.txt:26	word+0x40	PE:RVA=0xee3e90..0xee40b0
NOUN_SINGULAR	AGE	age	年龄	data/vanilla/vanilla_languages/objects/language_words.txt:41	word+0x20	PE:RVA=0xee3e90..0xee40b0
NOUN_PLURAL	AGE	ages	年龄	data/vanilla/vanilla_languages/objects/language_words.txt:41	word+0x40	PE:RVA=0xee3e90..0xee40b0
ADJ	AGELESS	ageless	不老	data/vanilla/vanilla_languages/objects/language_words.txt:54	word+0x60	PE:RVA=0xee3cf0..0xee3e8f
NOUN_SINGULAR	ALE	ale	艾尔啤酒	data/vanilla/vanilla_languages/objects/language_words.txt:58	word+0x20	PE:RVA=0xee3e90..0xee40b0
NOUN_PLURAL	ALE	ales	艾尔啤酒	data/vanilla/vanilla_languages/objects/language_words.txt:58	word+0x40	PE:RVA=0xee3e90..0xee40b0
NOUN_SINGULAR	ANCIENT	ancient	古人	data/vanilla/vanilla_languages/objects/language_words.txt:69	word+0x20	PE:RVA=0xee3e90..0xee40b0
NOUN_PLURAL	ANCIENT	ancients	古人	data/vanilla/vanilla_languages/objects/language_words.txt:69	word+0x40	PE:RVA=0xee3e90..0xee40b0
ADJ	ANCIENT	ancient	古老	data/vanilla/vanilla_languages/objects/language_words.txt:74	word+0x60	PE:RVA=0xee3cf0..0xee3e8f
NOUN_SINGULAR	ANGEL	angel	天使	data/vanilla/vanilla_languages/objects/language_words.txt:79	word+0x20	PE:RVA=0xee3e90..0xee40b0
NOUN_PLURAL	ANGEL	angels	天使	data/vanilla/vanilla_languages/objects/language_words.txt:79	word+0x40	PE:RVA=0xee3e90..0xee40b0
ADJ	ANGEL	angelic	天使	data/vanilla/vanilla_languages/objects/language_words.txt:85	word+0x60	PE:RVA=0xee3cf0..0xee3e8f
NOUN_SINGULAR	ANGER	anger	愤怒	data/vanilla/vanilla_languages/objects/language_words.txt:89	word+0x20	PE:RVA=0xee3e90..0xee40b0
NOUN_PLURAL	ANGER	angers	愤怒	data/vanilla/vanilla_languages/objects/language_words.txt:89	word+0x40	PE:RVA=0xee3e90..0xee40b0
ADJ	ANGER	angry	愤怒	data/vanilla/vanilla_languages/objects/language_words.txt:96	word+0x60	PE:RVA=0xee3cf0..0xee3e8f
NOUN_SINGULAR	ANIMAL	animal	动物	data/vanilla/vanilla_languages/objects/language_words.txt:102	word+0x20	PE:RVA=0xee3e90..0xee40b0
NOUN_PLURAL	ANIMAL	animals	动物	data/vanilla/vanilla_languages/objects/language_words.txt:102	word+0x40	PE:RVA=0xee3e90..0xee40b0
NOUN_SINGULAR	APE	ape	无尾猿	data/vanilla/vanilla_languages/objects/language_words.txt:108	word+0x20	PE:RVA=0xee3e90..0xee40b0
NOUN_PLURAL	APE	apes	无尾猿	data/vanilla/vanilla_languages/objects/language_words.txt:108	word+0x40	PE:RVA=0xee3e90..0xee40b0
NOUN_SINGULAR	APPLE	apple	苹果	data/vanilla/vanilla_languages/objects/language_words.txt:118	word+0x20	PE:RVA=0xee3e90..0xee40b0
NOUN_PLURAL	APPLE	apples	苹果	data/vanilla/vanilla_languages/objects/language_words.txt:118	word+0x40	PE:RVA=0xee3e90..0xee40b0
NOUN_SINGULAR	ARM	arm	手臂	data/vanilla/vanilla_languages/objects/language_words.txt:133	word+0x20	PE:RVA=0xee3e90..0xee40b0
NOUN_PLURAL	ARM	arms	手臂	data/vanilla/vanilla_languages/objects/language_words.txt:133	word+0x40	PE:RVA=0xee3e90..0xee40b0
NOUN_SINGULAR	ARMOR	armor	盔甲	data/vanilla/vanilla_languages/objects/language_words.txt:139	word+0x20	PE:RVA=0xee3e90..0xee40b0
NOUN_PLURAL	ARMOR	armors	盔甲	data/vanilla/vanilla_languages/objects/language_words.txt:139	word+0x40	PE:RVA=0xee3e90..0xee40b0
ADJ	ARMOR	armored	装甲	data/vanilla/vanilla_languages/objects/language_words.txt:146	word+0x60	PE:RVA=0xee3cf0..0xee3e8f
NOUN_SINGULAR	ARROW	arrow	箭	data/vanilla/vanilla_languages/objects/language_words.txt:151	word+0x20	PE:RVA=0xee3e90..0xee40b0
NOUN_PLURAL	ARROW	arrows	箭	data/vanilla/vanilla_languages/objects/language_words.txt:151	word+0x40	PE:RVA=0xee3e90..0xee40b0
NOUN_SINGULAR	ARTIFICE	artifice	技艺	data/vanilla/vanilla_languages/objects/language_words.txt:159	word+0x20	PE:RVA=0xee3e90..0xee40b0
NOUN_PLURAL	ARTIFICE	artifices	技艺	data/vanilla/vanilla_languages/objects/language_words.txt:159	word+0x40	PE:RVA=0xee3e90..0xee40b0
ADJ	ARTIFICE	artificial	人工	data/vanilla/vanilla_languages/objects/language_words.txt:164	word+0x60	PE:RVA=0xee3cf0..0xee3e8f
NOUN_SINGULAR	ASH	ash	灰烬	data/vanilla/vanilla_languages/objects/language_words.txt:168	word+0x20	PE:RVA=0xee3e90..0xee40b0
NOUN_PLURAL	ASH	ashes	灰烬	data/vanilla/vanilla_languages/objects/language_words.txt:168	word+0x40	PE:RVA=0xee3e90..0xee40b0
ADJ	ASH	ashen	灰烬	data/vanilla/vanilla_languages/objects/language_words.txt:176	word+0x60	PE:RVA=0xee3cf0..0xee3e8f
NOUN_SINGULAR	AUNT	aunt	阿姨	data/vanilla/vanilla_languages/objects/language_words.txt:182	word+0x20	PE:RVA=0xee3e90..0xee40b0
NOUN_PLURAL	AUNT	aunts	阿姨	data/vanilla/vanilla_languages/objects/language_words.txt:182	word+0x40	PE:RVA=0xee3e90..0xee40b0
NOUN_SINGULAR	AURA	aura	气场	data/vanilla/vanilla_languages/objects/language_words.txt:191	word+0x20	PE:RVA=0xee3e90..0xee40b0
NOUN_PLURAL	AURA	auras	气场	data/vanilla/vanilla_languages/objects/language_words.txt:191	word+0x40	PE:RVA=0xee3e90..0xee40b0
NOUN_SINGULAR	AUTUMN	autumn	秋天	data/vanilla/vanilla_languages/objects/language_words.txt:200	word+0x20	PE:RVA=0xee3e90..0xee40b0
NOUN_PLURAL	AUTUMN	autumns	秋天	data/vanilla/vanilla_languages/objects/language_words.txt:200	word+0x40	PE:RVA=0xee3e90..0xee40b0
ADJ	AUTUMN	autumnal	秋	data/vanilla/vanilla_languages/objects/language_words.txt:206	word+0x60	PE:RVA=0xee3cf0..0xee3e8f
ADJ	AWE-INSPIRING	awe-inspiring	撼人	data/vanilla/vanilla_languages/objects/language_words.txt:211	word+0x60	PE:RVA=0xee3cf0..0xee3e8f
NOUN_SINGULAR	AXE	axe	斧	data/vanilla/vanilla_languages/objects/language_words.txt:215	word+0x20	PE:RVA=0xee3e90..0xee40b0
NOUN_PLURAL	AXE	axes	斧	data/vanilla/vanilla_languages/objects/language_words.txt:215	word+0x40	PE:RVA=0xee3e90..0xee40b0
NOUN_SINGULAR	BACK	back	背部	data/vanilla/vanilla_languages/objects/language_words.txt:224	word+0x20	PE:RVA=0xee3e90..0xee40b0
NOUN_PLURAL	BACK	backs	背部	data/vanilla/vanilla_languages/objects/language_words.txt:224	word+0x40	PE:RVA=0xee3e90..0xee40b0
ADJ	BAD	bad	坏	data/vanilla/vanilla_languages/objects/language_words.txt:229	word+0x60	PE:RVA=0xee3cf0..0xee3e8f
NOUN_SINGULAR	BALD	baldness	光秃	data/vanilla/vanilla_languages/objects/language_words.txt:235	word+0x20	PE:RVA=0xee3e90..0xee40b0
NOUN_PLURAL	BALD	baldnesses	光秃	data/vanilla/vanilla_languages/objects/language_words.txt:235	word+0x40	PE:RVA=0xee3e90..0xee40b0
ADJ	BALD	bald	秃头	data/vanilla/vanilla_languages/objects/language_words.txt:240	word+0x60	PE:RVA=0xee3cf0..0xee3e8f
NOUN_SINGULAR	BAKE	baker	面包师	data/vanilla/vanilla_languages/objects/language_words.txt:247	word+0x20	PE:RVA=0xee3e90..0xee40b0
NOUN_PLURAL	BAKE	bakers	面包师	data/vanilla/vanilla_languages/objects/language_words.txt:247	word+0x40	PE:RVA=0xee3e90..0xee40b0
NOUN_SINGULAR	BALL	ball	球	data/vanilla/vanilla_languages/objects/language_words.txt:260	word+0x20	PE:RVA=0xee3e90..0xee40b0
NOUN_PLURAL	BALL	balls	球	data/vanilla/vanilla_languages/objects/language_words.txt:260	word+0x40	PE:RVA=0xee3e90..0xee40b0
NOUN_SINGULAR	BANE	bane	祸根	data/vanilla/vanilla_languages/objects/language_words.txt:270	word+0x20	PE:RVA=0xee3e90..0xee40b0
NOUN_PLURAL	BANE	banes	祸根	data/vanilla/vanilla_languages/objects/language_words.txt:270	word+0x40	PE:RVA=0xee3e90..0xee40b0
NOUN_SINGULAR	BAR	bar	条	data/vanilla/vanilla_languages/objects/language_words.txt:279	word+0x20	PE:RVA=0xee3e90..0xee40b0
NOUN_PLURAL	BAR	bars	条	data/vanilla/vanilla_languages/objects/language_words.txt:279	word+0x40	PE:RVA=0xee3e90..0xee40b0
NOUN_SINGULAR	BARB	barb	倒钩	data/vanilla/vanilla_languages/objects/language_words.txt:289	word+0x20	PE:RVA=0xee3e90..0xee40b0
NOUN_PLURAL	BARB	barbs	倒钩	data/vanilla/vanilla_languages/objects/language_words.txt:289	word+0x40	PE:RVA=0xee3e90..0xee40b0
NOUN_SINGULAR	BATH	bath	沐浴	data/vanilla/vanilla_languages/objects/language_words.txt:299	word+0x20	PE:RVA=0xee3e90..0xee40b0
NOUN_PLURAL	BATH	baths	沐浴	data/vanilla/vanilla_languages/objects/language_words.txt:299	word+0x40	PE:RVA=0xee3e90..0xee40b0
NOUN_SINGULAR	BATTLE	battle	战斗	data/vanilla/vanilla_languages/objects/language_words.txt:312	word+0x20	PE:RVA=0xee3e90..0xee40b0
NOUN_PLURAL	BATTLE	battles	战斗	data/vanilla/vanilla_languages/objects/language_words.txt:312	word+0x40	PE:RVA=0xee3e90..0xee40b0
NOUN_SINGULAR	BEAK	beak	鸟嘴	data/vanilla/vanilla_languages/objects/language_words.txt:323	word+0x20	PE:RVA=0xee3e90..0xee40b0
NOUN_PLURAL	BEAK	beaks	鸟嘴	data/vanilla/vanilla_languages/objects/language_words.txt:323	word+0x40	PE:RVA=0xee3e90..0xee40b0
NOUN_SINGULAR	BEAST	beast	野兽	data/vanilla/vanilla_languages/objects/language_words.txt:332	word+0x20	PE:RVA=0xee3e90..0xee40b0
NOUN_PLURAL	BEAST	beasts	野兽	data/vanilla/vanilla_languages/objects/language_words.txt:332	word+0x40	PE:RVA=0xee3e90..0xee40b0
NOUN_SINGULAR	BEAR	bear	熊	data/vanilla/vanilla_languages/objects/language_words.txt:341	word+0x20	PE:RVA=0xee3e90..0xee40b0
NOUN_PLURAL	BEAR	bears	熊	data/vanilla/vanilla_languages/objects/language_words.txt:341	word+0x40	PE:RVA=0xee3e90..0xee40b0
NOUN_SINGULAR	BEE	bee	蜜蜂	data/vanilla/vanilla_languages/objects/language_words.txt:354	word+0x20	PE:RVA=0xee3e90..0xee40b0
NOUN_PLURAL	BEE	bees	蜜蜂	data/vanilla/vanilla_languages/objects/language_words.txt:354	word+0x40	PE:RVA=0xee3e90..0xee40b0
NOUN_SINGULAR	BEER	beer	啤酒	data/vanilla/vanilla_languages/objects/language_words.txt:366	word+0x20	PE:RVA=0xee3e90..0xee40b0
NOUN_PLURAL	BEER	beers	啤酒	data/vanilla/vanilla_languages/objects/language_words.txt:366	word+0x40	PE:RVA=0xee3e90..0xee40b0
NOUN_SINGULAR	BEETLE	beetle	甲虫	data/vanilla/vanilla_languages/objects/language_words.txt:379	word+0x20	PE:RVA=0xee3e90..0xee40b0
NOUN_PLURAL	BEETLE	beetles	甲虫	data/vanilla/vanilla_languages/objects/language_words.txt:379	word+0x40	PE:RVA=0xee3e90..0xee40b0
NOUN_SINGULAR	BEGUILER	beguiler	欺骗者	data/vanilla/vanilla_languages/objects/language_words.txt:389	word+0x20	PE:RVA=0xee3e90..0xee40b0
NOUN_PLURAL	BEGUILER	beguilers	欺骗者	data/vanilla/vanilla_languages/objects/language_words.txt:389	word+0x40	PE:RVA=0xee3e90..0xee40b0
NOUN_SINGULAR	BELCH	belch	打嗝	data/vanilla/vanilla_languages/objects/language_words.txt:399	word+0x20	PE:RVA=0xee3e90..0xee40b0
NOUN_PLURAL	BELCH	belches	打嗝	data/vanilla/vanilla_languages/objects/language_words.txt:399	word+0x40	PE:RVA=0xee3e90..0xee40b0
NOUN_SINGULAR	BERRY	berry	浆果	data/vanilla/vanilla_languages/objects/language_words.txt:409	word+0x20	PE:RVA=0xee3e90..0xee40b0
NOUN_PLURAL	BERRY	berries	浆果	data/vanilla/vanilla_languages/objects/language_words.txt:409	word+0x40	PE:RVA=0xee3e90..0xee40b0
ADJ	BIG	big	大	data/vanilla/vanilla_languages/objects/language_words.txt:420	word+0x60	PE:RVA=0xee3cf0..0xee3e8f
NOUN_SINGULAR	BILE	bile	胆汁	data/vanilla/vanilla_languages/objects/language_words.txt:425	word+0x20	PE:RVA=0xee3e90..0xee40b0
NOUN_PLURAL	BILE	biles	胆汁	data/vanilla/vanilla_languages/objects/language_words.txt:425	word+0x40	PE:RVA=0xee3e90..0xee40b0
NOUN_SINGULAR	BIN	bin	容器	data/vanilla/vanilla_languages/objects/language_words.txt:436	word+0x20	PE:RVA=0xee3e90..0xee40b0
NOUN_PLURAL	BIN	bins	容器	data/vanilla/vanilla_languages/objects/language_words.txt:436	word+0x40	PE:RVA=0xee3e90..0xee40b0
NOUN_SINGULAR	BIRD	bird	鸟	data/vanilla/vanilla_languages/objects/language_words.txt:448	word+0x20	PE:RVA=0xee3e90..0xee40b0
NOUN_PLURAL	BIRD	birds	鸟	data/vanilla/vanilla_languages/objects/language_words.txt:448	word+0x40	PE:RVA=0xee3e90..0xee40b0
NOUN_SINGULAR	BLACK	blackness	黑	data/vanilla/vanilla_languages/objects/language_words.txt:460	word+0x20	PE:RVA=0xee3e90..0xee40b0
NOUN_PLURAL	BLACK	blacknesses	黑	data/vanilla/vanilla_languages/objects/language_words.txt:460	word+0x40	PE:RVA=0xee3e90..0xee40b0
ADJ	BLACK	black	黑色	data/vanilla/vanilla_languages/objects/language_words.txt:461	word+0x60	PE:RVA=0xee3cf0..0xee3e8f
NOUN_SINGULAR	BLADE	blade	刀刃	data/vanilla/vanilla_languages/objects/language_words.txt:468	word+0x20	PE:RVA=0xee3e90..0xee40b0
NOUN_PLURAL	BLADE	blades	刀刃	data/vanilla/vanilla_languages/objects/language_words.txt:468	word+0x40	PE:RVA=0xee3e90..0xee40b0
NOUN_SINGULAR	BLAZE	blaze	火焰	data/vanilla/vanilla_languages/objects/language_words.txt:478	word+0x20	PE:RVA=0xee3e90..0xee40b0
NOUN_PLURAL	BLAZE	blazes	火焰	data/vanilla/vanilla_languages/objects/language_words.txt:478	word+0x40	PE:RVA=0xee3e90..0xee40b0
NOUN_SINGULAR	BLIND	blindness	盲目	data/vanilla/vanilla_languages/objects/language_words.txt:491	word+0x20	PE:RVA=0xee3e90..0xee40b0
NOUN_PLURAL	BLIND	blindnesses	盲目	data/vanilla/vanilla_languages/objects/language_words.txt:491	word+0x40	PE:RVA=0xee3e90..0xee40b0
ADJ	BLIND	blind	盲目	data/vanilla/vanilla_languages/objects/language_words.txt:492	word+0x60	PE:RVA=0xee3cf0..0xee3e8f
NOUN_SINGULAR	BLISTER	blister	水疱	data/vanilla/vanilla_languages/objects/language_words.txt:501	word+0x20	PE:RVA=0xee3e90..0xee40b0
NOUN_PLURAL	BLISTER	blisters	水疱	data/vanilla/vanilla_languages/objects/language_words.txt:501	word+0x40	PE:RVA=0xee3e90..0xee40b0
NOUN_SINGULAR	BLOAT	bloat	肿胀	data/vanilla/vanilla_languages/objects/language_words.txt:511	word+0x20	PE:RVA=0xee3e90..0xee40b0
NOUN_PLURAL	BLOAT	bloats	肿胀	data/vanilla/vanilla_languages/objects/language_words.txt:511	word+0x40	PE:RVA=0xee3e90..0xee40b0
ADJ	BLOAT	bloated	膨胀	data/vanilla/vanilla_languages/objects/language_words.txt:517	word+0x60	PE:RVA=0xee3cf0..0xee3e8f
NOUN_SINGULAR	BLOOD	blood	血	data/vanilla/vanilla_languages/objects/language_words.txt:522	word+0x20	PE:RVA=0xee3e90..0xee40b0
NOUN_PLURAL	BLOOD	bloods	血	data/vanilla/vanilla_languages/objects/language_words.txt:522	word+0x40	PE:RVA=0xee3e90..0xee40b0
NOUN_SINGULAR	BLOODY	bloodiness	残忍	data/vanilla/vanilla_languages/objects/language_words.txt:531	word+0x20	PE:RVA=0xee3e90..0xee40b0
NOUN_PLURAL	BLOODY	bloodinesses	残忍	data/vanilla/vanilla_languages/objects/language_words.txt:531	word+0x40	PE:RVA=0xee3e90..0xee40b0
ADJ	BLOODY	bloody	血腥	data/vanilla/vanilla_languages/objects/language_words.txt:532	word+0x60	PE:RVA=0xee3cf0..0xee3e8f
NOUN_SINGULAR	BLOSSOM	blossom	花	data/vanilla/vanilla_languages/objects/language_words.txt:537	word+0x20	PE:RVA=0xee3e90..0xee40b0
NOUN_PLURAL	BLOSSOM	blossoms	花	data/vanilla/vanilla_languages/objects/language_words.txt:537	word+0x40	PE:RVA=0xee3e90..0xee40b0
NOUN_SINGULAR	BLUE	blueness	蓝	data/vanilla/vanilla_languages/objects/language_words.txt:548	word+0x20	PE:RVA=0xee3e90..0xee40b0
NOUN_PLURAL	BLUE	bluenesses	蓝	data/vanilla/vanilla_languages/objects/language_words.txt:548	word+0x40	PE:RVA=0xee3e90..0xee40b0
ADJ	BLUE	blue	蓝色	data/vanilla/vanilla_languages/objects/language_words.txt:549	word+0x60	PE:RVA=0xee3cf0..0xee3e8f
NOUN_SINGULAR	BOAR	boar	公猪	data/vanilla/vanilla_languages/objects/language_words.txt:556	word+0x20	PE:RVA=0xee3e90..0xee40b0
NOUN_PLURAL	BOAR	boars	公猪	data/vanilla/vanilla_languages/objects/language_words.txt:556	word+0x40	PE:RVA=0xee3e90..0xee40b0
NOUN_SINGULAR	BOAT	boat	船	data/vanilla/vanilla_languages/objects/language_words.txt:565	word+0x20	PE:RVA=0xee3e90..0xee40b0
NOUN_PLURAL	BOAT	boats	船	data/vanilla/vanilla_languages/objects/language_words.txt:565	word+0x40	PE:RVA=0xee3e90..0xee40b0
NOUN_SINGULAR	BODICE	bodice	紧身衣	data/vanilla/vanilla_languages/objects/language_words.txt:577	word+0x20	PE:RVA=0xee3e90..0xee40b0
NOUN_PLURAL	BODICE	bodices	紧身衣	data/vanilla/vanilla_languages/objects/language_words.txt:577	word+0x40	PE:RVA=0xee3e90..0xee40b0
NOUN_SINGULAR	BOG	bog	沼泽	data/vanilla/vanilla_languages/objects/language_words.txt:586	word+0x20	PE:RVA=0xee3e90..0xee40b0
NOUN_PLURAL	BOG	bogs	沼泽	data/vanilla/vanilla_languages/objects/language_words.txt:586	word+0x40	PE:RVA=0xee3e90..0xee40b0
NOUN_SINGULAR	BOIL	boil	疖	data/vanilla/vanilla_languages/objects/language_words.txt:595	word+0x20	PE:RVA=0xee3e90..0xee40b0
NOUN_PLURAL	BOIL	boils	疖	data/vanilla/vanilla_languages/objects/language_words.txt:595	word+0x40	PE:RVA=0xee3e90..0xee40b0
NOUN_SINGULAR	BOLD	boldness	勇猛	data/vanilla/vanilla_languages/objects/language_words.txt:609	word+0x20	PE:RVA=0xee3e90..0xee40b0
NOUN_PLURAL	BOLD	boldnesses	勇猛	data/vanilla/vanilla_languages/objects/language_words.txt:609	word+0x40	PE:RVA=0xee3e90..0xee40b0
ADJ	BOLD	bold	勇猛	data/vanilla/vanilla_languages/objects/language_words.txt:610	word+0x60	PE:RVA=0xee3cf0..0xee3e8f
NOUN_SINGULAR	BOLT	bolt	门闩	data/vanilla/vanilla_languages/objects/language_words.txt:617	word+0x20	PE:RVA=0xee3e90..0xee40b0
NOUN_PLURAL	BOLT	bolts	门闩	data/vanilla/vanilla_languages/objects/language_words.txt:617	word+0x40	PE:RVA=0xee3e90..0xee40b0
NOUN_SINGULAR	BONE	bone	骨头	data/vanilla/vanilla_languages/objects/language_words.txt:631	word+0x20	PE:RVA=0xee3e90..0xee40b0
NOUN_PLURAL	BONE	bones	骨头	data/vanilla/vanilla_languages/objects/language_words.txt:631	word+0x40	PE:RVA=0xee3e90..0xee40b0
NOUN_SINGULAR	BOOK	book	书	data/vanilla/vanilla_languages/objects/language_words.txt:644	word+0x20	PE:RVA=0xee3e90..0xee40b0
NOUN_PLURAL	BOOK	books	书	data/vanilla/vanilla_languages/objects/language_words.txt:644	word+0x40	PE:RVA=0xee3e90..0xee40b0
NOUN_SINGULAR	BOOT	boot	长靴	data/vanilla/vanilla_languages/objects/language_words.txt:654	word+0x20	PE:RVA=0xee3e90..0xee40b0
NOUN_PLURAL	BOOT	boots	长靴	data/vanilla/vanilla_languages/objects/language_words.txt:654	word+0x40	PE:RVA=0xee3e90..0xee40b0
NOUN_SINGULAR	BOW	bow	弓	data/vanilla/vanilla_languages/objects/language_words.txt:668	word+0x20	PE:RVA=0xee3e90..0xee40b0
NOUN_PLURAL	BOW	bows	弓	data/vanilla/vanilla_languages/objects/language_words.txt:668	word+0x40	PE:RVA=0xee3e90..0xee40b0
NOUN_SINGULAR	BRAIN	brain	脑	data/vanilla/vanilla_languages/objects/language_words.txt:683	word+0x20	PE:RVA=0xee3e90..0xee40b0
NOUN_PLURAL	BRAIN	brains	脑	data/vanilla/vanilla_languages/objects/language_words.txt:683	word+0x40	PE:RVA=0xee3e90..0xee40b0
NOUN_SINGULAR	BREACH	breach	裂口	data/vanilla/vanilla_languages/objects/language_words.txt:693	word+0x20	PE:RVA=0xee3e90..0xee40b0
NOUN_PLURAL	BREACH	breaches	裂口	data/vanilla/vanilla_languages/objects/language_words.txt:693	word+0x40	PE:RVA=0xee3e90..0xee40b0
NOUN_SINGULAR	BREECHES	breeches	马裤	data/vanilla/vanilla_languages/objects/language_words.txt:704	word+0x20	PE:RVA=0xee3e90..0xee40b0
NOUN_PLURAL	BREECHES	breeches	马裤	data/vanilla/vanilla_languages/objects/language_words.txt:704	word+0x40	PE:RVA=0xee3e90..0xee40b0
NOUN_SINGULAR	BREAD	bread	面包	data/vanilla/vanilla_languages/objects/language_words.txt:713	word+0x20	PE:RVA=0xee3e90..0xee40b0
NOUN_PLURAL	BREAD	breads	面包	data/vanilla/vanilla_languages/objects/language_words.txt:713	word+0x40	PE:RVA=0xee3e90..0xee40b0
NOUN_SINGULAR	BREAK	breaker	破坏者	data/vanilla/vanilla_languages/objects/language_words.txt:722	word+0x20	PE:RVA=0xee3e90..0xee40b0
NOUN_PLURAL	BREAK	breakers	破坏者	data/vanilla/vanilla_languages/objects/language_words.txt:722	word+0x40	PE:RVA=0xee3e90..0xee40b0
NOUN_SINGULAR	BREAKFAST	breakfast	早餐	data/vanilla/vanilla_languages/objects/language_words.txt:730	word+0x20	PE:RVA=0xee3e90..0xee40b0
NOUN_PLURAL	BREAKFAST	breakfasts	早餐	data/vanilla/vanilla_languages/objects/language_words.txt:730	word+0x40	PE:RVA=0xee3e90..0xee40b0
NOUN_SINGULAR	BREATH	breath	呼吸	data/vanilla/vanilla_languages/objects/language_words.txt:741	word+0x20	PE:RVA=0xee3e90..0xee40b0
NOUN_PLURAL	BREATH	breaths	呼吸	data/vanilla/vanilla_languages/objects/language_words.txt:741	word+0x40	PE:RVA=0xee3e90..0xee40b0
NOUN_SINGULAR	BREED	breed	种类	data/vanilla/vanilla_languages/objects/language_words.txt:750	word+0x20	PE:RVA=0xee3e90..0xee40b0
NOUN_PLURAL	BREED	breeds	种类	data/vanilla/vanilla_languages/objects/language_words.txt:750	word+0x40	PE:RVA=0xee3e90..0xee40b0
NOUN_SINGULAR	BREW	brew	酿造酒	data/vanilla/vanilla_languages/objects/language_words.txt:759	word+0x20	PE:RVA=0xee3e90..0xee40b0
NOUN_PLURAL	BREW	brews	酿造酒	data/vanilla/vanilla_languages/objects/language_words.txt:759	word+0x40	PE:RVA=0xee3e90..0xee40b0
NOUN_SINGULAR	BRIDE	bride	新娘	data/vanilla/vanilla_languages/objects/language_words.txt:766	word+0x20	PE:RVA=0xee3e90..0xee40b0
NOUN_PLURAL	BRIDE	brides	新娘	data/vanilla/vanilla_languages/objects/language_words.txt:766	word+0x40	PE:RVA=0xee3e90..0xee40b0
NOUN_SINGULAR	BRIDLE	bridle	马勒	data/vanilla/vanilla_languages/objects/language_words.txt:775	word+0x20	PE:RVA=0xee3e90..0xee40b0
NOUN_PLURAL	BRIDLE	bridles	马勒	data/vanilla/vanilla_languages/objects/language_words.txt:775	word+0x40	PE:RVA=0xee3e90..0xee40b0
ADJ	BRIDLE	bridled	戴辔	data/vanilla/vanilla_languages/objects/language_words.txt:782	word+0x60	PE:RVA=0xee3cf0..0xee3e8f
NOUN_SINGULAR	BRIGHT	brightness	光亮	data/vanilla/vanilla_languages/objects/language_words.txt:788	word+0x20	PE:RVA=0xee3e90..0xee40b0
NOUN_PLURAL	BRIGHT	brightnesses	光亮	data/vanilla/vanilla_languages/objects/language_words.txt:788	word+0x40	PE:RVA=0xee3e90..0xee40b0
ADJ	BRIGHT	bright	明亮	data/vanilla/vanilla_languages/objects/language_words.txt:795	word+0x60	PE:RVA=0xee3cf0..0xee3e8f
NOUN_SINGULAR	BRISTLE	bristle	刚毛	data/vanilla/vanilla_languages/objects/language_words.txt:801	word+0x20	PE:RVA=0xee3e90..0xee40b0
NOUN_PLURAL	BRISTLE	bristles	刚毛	data/vanilla/vanilla_languages/objects/language_words.txt:801	word+0x40	PE:RVA=0xee3e90..0xee40b0
NOUN_SINGULAR	BRILLIANT	brilliance	光辉	data/vanilla/vanilla_languages/objects/language_words.txt:813	word+0x20	PE:RVA=0xee3e90..0xee40b0
NOUN_PLURAL	BRILLIANT	brilliances	光辉	data/vanilla/vanilla_languages/objects/language_words.txt:813	word+0x40	PE:RVA=0xee3e90..0xee40b0
ADJ	BRILLIANT	brilliant	璀璨	data/vanilla/vanilla_languages/objects/language_words.txt:818	word+0x60	PE:RVA=0xee3cf0..0xee3e8f
NOUN_SINGULAR	BRIM	brim	边缘	data/vanilla/vanilla_languages/objects/language_words.txt:822	word+0x20	PE:RVA=0xee3e90..0xee40b0
NOUN_PLURAL	BRIM	brims	边缘	data/vanilla/vanilla_languages/objects/language_words.txt:822	word+0x40	PE:RVA=0xee3e90..0xee40b0
NOUN_SINGULAR	BROTHER	brother	兄弟	data/vanilla/vanilla_languages/objects/language_words.txt:836	word+0x20	PE:RVA=0xee3e90..0xee40b0
NOUN_PLURAL	BROTHER	brothers	兄弟	data/vanilla/vanilla_languages/objects/language_words.txt:836	word+0x40	PE:RVA=0xee3e90..0xee40b0
NOUN_SINGULAR	BRUNCH	brunch	早午餐	data/vanilla/vanilla_languages/objects/language_words.txt:844	word+0x20	PE:RVA=0xee3e90..0xee40b0
NOUN_PLURAL	BRUNCH	brunches	早午餐	data/vanilla/vanilla_languages/objects/language_words.txt:844	word+0x40	PE:RVA=0xee3e90..0xee40b0
NOUN_SINGULAR	BUCK	buck	公鹿	data/vanilla/vanilla_languages/objects/language_words.txt:855	word+0x20	PE:RVA=0xee3e90..0xee40b0
NOUN_PLURAL	BUCK	bucks	公鹿	data/vanilla/vanilla_languages/objects/language_words.txt:855	word+0x40	PE:RVA=0xee3e90..0xee40b0
NOUN_SINGULAR	BUCKLE	buckle	皮带扣	data/vanilla/vanilla_languages/objects/language_words.txt:864	word+0x20	PE:RVA=0xee3e90..0xee40b0
NOUN_PLURAL	BUCKLE	buckles	皮带扣	data/vanilla/vanilla_languages/objects/language_words.txt:864	word+0x40	PE:RVA=0xee3e90..0xee40b0
NOUN_SINGULAR	BUNCH	bunch	串	data/vanilla/vanilla_languages/objects/language_words.txt:876	word+0x20	PE:RVA=0xee3e90..0xee40b0
NOUN_PLURAL	BUNCH	bunches	串	data/vanilla/vanilla_languages/objects/language_words.txt:876	word+0x40	PE:RVA=0xee3e90..0xee40b0
NOUN_SINGULAR	BURDEN	burden	负担	data/vanilla/vanilla_languages/objects/language_words.txt:887	word+0x20	PE:RVA=0xee3e90..0xee40b0
NOUN_PLURAL	BURDEN	burdens	负担	data/vanilla/vanilla_languages/objects/language_words.txt:887	word+0x40	PE:RVA=0xee3e90..0xee40b0
NOUN_SINGULAR	BURN	burn	烧伤	data/vanilla/vanilla_languages/objects/language_words.txt:898	word+0x20	PE:RVA=0xee3e90..0xee40b0
NOUN_PLURAL	BURN	burns	烧伤	data/vanilla/vanilla_languages/objects/language_words.txt:898	word+0x40	PE:RVA=0xee3e90..0xee40b0
NOUN_SINGULAR	BURY	burial	埋葬	data/vanilla/vanilla_languages/objects/language_words.txt:910	word+0x20	PE:RVA=0xee3e90..0xee40b0
NOUN_PLURAL	BURY	burials	埋葬	data/vanilla/vanilla_languages/objects/language_words.txt:910	word+0x40	PE:RVA=0xee3e90..0xee40b0
NOUN_SINGULAR	BUSH	bush	矮树丛	data/vanilla/vanilla_languages/objects/language_words.txt:921	word+0x20	PE:RVA=0xee3e90..0xee40b0
NOUN_PLURAL	BUSH	bushes	矮树丛	data/vanilla/vanilla_languages/objects/language_words.txt:921	word+0x40	PE:RVA=0xee3e90..0xee40b0
NOUN_SINGULAR	BUSHEL	bushel	斗	data/vanilla/vanilla_languages/objects/language_words.txt:931	word+0x20	PE:RVA=0xee3e90..0xee40b0
NOUN_PLURAL	BUSHEL	bushels	斗	data/vanilla/vanilla_languages/objects/language_words.txt:931	word+0x40	PE:RVA=0xee3e90..0xee40b0
NOUN_SINGULAR	BUST_NOUN	bust	半身像	data/vanilla/vanilla_languages/objects/language_words.txt:941	word+0x20	PE:RVA=0xee3e90..0xee40b0
NOUN_PLURAL	BUST_NOUN	busts	半身像	data/vanilla/vanilla_languages/objects/language_words.txt:941	word+0x40	PE:RVA=0xee3e90..0xee40b0
NOUN_SINGULAR	BUST_VERB	buster	破坏者	data/vanilla/vanilla_languages/objects/language_words.txt:950	word+0x20	PE:RVA=0xee3e90..0xee40b0
NOUN_PLURAL	BUST_VERB	busters	破坏者	data/vanilla/vanilla_languages/objects/language_words.txt:950	word+0x40	PE:RVA=0xee3e90..0xee40b0
NOUN_SINGULAR	BUSINESS	business	生意	data/vanilla/vanilla_languages/objects/language_words.txt:961	word+0x20	PE:RVA=0xee3e90..0xee40b0
NOUN_PLURAL	BUSINESS	businesses	生意	data/vanilla/vanilla_languages/objects/language_words.txt:961	word+0x40	PE:RVA=0xee3e90..0xee40b0
NOUN_SINGULAR	BUSY	business	繁忙	data/vanilla/vanilla_languages/objects/language_words.txt:969	word+0x20	PE:RVA=0xee3e90..0xee40b0
NOUN_PLURAL	BUSY	business	繁忙	data/vanilla/vanilla_languages/objects/language_words.txt:969	word+0x40	PE:RVA=0xee3e90..0xee40b0
ADJ	BUSY	busy	忙碌	data/vanilla/vanilla_languages/objects/language_words.txt:975	word+0x60	PE:RVA=0xee3cf0..0xee3e8f
NOUN_SINGULAR	BUTCHER	butcher	屠夫	data/vanilla/vanilla_languages/objects/language_words.txt:982	word+0x20	PE:RVA=0xee3e90..0xee40b0
NOUN_PLURAL	BUTCHER	butchers	屠夫	data/vanilla/vanilla_languages/objects/language_words.txt:982	word+0x40	PE:RVA=0xee3e90..0xee40b0
NOUN_SINGULAR	BUTTER	butter	奶油	data/vanilla/vanilla_languages/objects/language_words.txt:991	word+0x20	PE:RVA=0xee3e90..0xee40b0
NOUN_PLURAL	BUTTER	butters	奶油	data/vanilla/vanilla_languages/objects/language_words.txt:991	word+0x40	PE:RVA=0xee3e90..0xee40b0
ADJ	BUTTER	buttery	奶油	data/vanilla/vanilla_languages/objects/language_words.txt:1001	word+0x60	PE:RVA=0xee3cf0..0xee3e8f
NOUN_SINGULAR	BUTTERFLY	butterfly	蝴蝶	data/vanilla/vanilla_languages/objects/language_words.txt:1008	word+0x20	PE:RVA=0xee3e90..0xee40b0
NOUN_PLURAL	BUTTERFLY	butterflies	蝴蝶	data/vanilla/vanilla_languages/objects/language_words.txt:1008	word+0x40	PE:RVA=0xee3e90..0xee40b0
NOUN_SINGULAR	BUTTON	button	钮扣	data/vanilla/vanilla_languages/objects/language_words.txt:1014	word+0x20	PE:RVA=0xee3e90..0xee40b0
NOUN_PLURAL	BUTTON	buttons	钮扣	data/vanilla/vanilla_languages/objects/language_words.txt:1014	word+0x40	PE:RVA=0xee3e90..0xee40b0
NOUN_SINGULAR	BUZZARD	buzzard	秃鹫	data/vanilla/vanilla_languages/objects/language_words.txt:1028	word+0x20	PE:RVA=0xee3e90..0xee40b0
NOUN_PLURAL	BUZZARD	buzzards	秃鹫	data/vanilla/vanilla_languages/objects/language_words.txt:1028	word+0x40	PE:RVA=0xee3e90..0xee40b0
NOUN_SINGULAR	CAD	cad	恶棍	data/vanilla/vanilla_languages/objects/language_words.txt:1041	word+0x20	PE:RVA=0xee3e90..0xee40b0
NOUN_PLURAL	CAD	cads	恶棍	data/vanilla/vanilla_languages/objects/language_words.txt:1041	word+0x40	PE:RVA=0xee3e90..0xee40b0
NOUN_SINGULAR	CAGE	cage	笼	data/vanilla/vanilla_languages/objects/language_words.txt:1051	word+0x20	PE:RVA=0xee3e90..0xee40b0
NOUN_PLURAL	CAGE	cages	笼	data/vanilla/vanilla_languages/objects/language_words.txt:1051	word+0x40	PE:RVA=0xee3e90..0xee40b0
NOUN_SINGULAR	CAKE	cake	蛋糕	data/vanilla/vanilla_languages/objects/language_words.txt:1060	word+0x20	PE:RVA=0xee3e90..0xee40b0
NOUN_PLURAL	CAKE	cakes	蛋糕	data/vanilla/vanilla_languages/objects/language_words.txt:1060	word+0x40	PE:RVA=0xee3e90..0xee40b0
NOUN_SINGULAR	CALL	call	呼叫	data/vanilla/vanilla_languages/objects/language_words.txt:1072	word+0x20	PE:RVA=0xee3e90..0xee40b0
NOUN_PLURAL	CALL	calls	呼叫	data/vanilla/vanilla_languages/objects/language_words.txt:1072	word+0x40	PE:RVA=0xee3e90..0xee40b0
NOUN_SINGULAR	CAMP	camp	营地	data/vanilla/vanilla_languages/objects/language_words.txt:1083	word+0x20	PE:RVA=0xee3e90..0xee40b0
NOUN_PLURAL	CAMP	camps	营地	data/vanilla/vanilla_languages/objects/language_words.txt:1083	word+0x40	PE:RVA=0xee3e90..0xee40b0
NOUN_SINGULAR	CANCER	cancer	癌	data/vanilla/vanilla_languages/objects/language_words.txt:1096	word+0x20	PE:RVA=0xee3e90..0xee40b0
NOUN_PLURAL	CANCER	cancers	癌	data/vanilla/vanilla_languages/objects/language_words.txt:1096	word+0x40	PE:RVA=0xee3e90..0xee40b0
NOUN_SINGULAR	CANDLE	candle	蜡烛	data/vanilla/vanilla_languages/objects/language_words.txt:1106	word+0x20	PE:RVA=0xee3e90..0xee40b0
NOUN_PLURAL	CANDLE	candles	蜡烛	data/vanilla/vanilla_languages/objects/language_words.txt:1106	word+0x40	PE:RVA=0xee3e90..0xee40b0
NOUN_SINGULAR	CANDY	candy	糖果	data/vanilla/vanilla_languages/objects/language_words.txt:1116	word+0x20	PE:RVA=0xee3e90..0xee40b0
NOUN_PLURAL	CANDY	candies	糖果	data/vanilla/vanilla_languages/objects/language_words.txt:1116	word+0x40	PE:RVA=0xee3e90..0xee40b0
NOUN_SINGULAR	CANKER	canker	溃烂	data/vanilla/vanilla_languages/objects/language_words.txt:1127	word+0x20	PE:RVA=0xee3e90..0xee40b0
NOUN_PLURAL	CANKER	cankers	溃烂	data/vanilla/vanilla_languages/objects/language_words.txt:1127	word+0x40	PE:RVA=0xee3e90..0xee40b0
NOUN_SINGULAR	CANYON	canyon	峡谷	data/vanilla/vanilla_languages/objects/language_words.txt:1136	word+0x20	PE:RVA=0xee3e90..0xee40b0
NOUN_PLURAL	CANYON	canyons	峡谷	data/vanilla/vanilla_languages/objects/language_words.txt:1136	word+0x40	PE:RVA=0xee3e90..0xee40b0
NOUN_SINGULAR	CARNAGE	carnage	屠戮	data/vanilla/vanilla_languages/objects/language_words.txt:1146	word+0x20	PE:RVA=0xee3e90..0xee40b0
NOUN_PLURAL	CARNAGE	carnages	屠戮	data/vanilla/vanilla_languages/objects/language_words.txt:1146	word+0x40	PE:RVA=0xee3e90..0xee40b0
NOUN_SINGULAR	CASKET	casket	棺材	data/vanilla/vanilla_languages/objects/language_words.txt:1156	word+0x20	PE:RVA=0xee3e90..0xee40b0
NOUN_PLURAL	CASKET	caskets	棺材	data/vanilla/vanilla_languages/objects/language_words.txt:1156	word+0x40	PE:RVA=0xee3e90..0xee40b0
NOUN_SINGULAR	CASTLE	castle	城堡	data/vanilla/vanilla_languages/objects/language_words.txt:1165	word+0x20	PE:RVA=0xee3e90..0xee40b0
NOUN_PLURAL	CASTLE	castles	城堡	data/vanilla/vanilla_languages/objects/language_words.txt:1165	word+0x40	PE:RVA=0xee3e90..0xee40b0
NOUN_SINGULAR	CAT	cat	猫	data/vanilla/vanilla_languages/objects/language_words.txt:1174	word+0x20	PE:RVA=0xee3e90..0xee40b0
NOUN_PLURAL	CAT	cats	猫	data/vanilla/vanilla_languages/objects/language_words.txt:1174	word+0x40	PE:RVA=0xee3e90..0xee40b0
NOUN_SINGULAR	CAVE	cave	洞	data/vanilla/vanilla_languages/objects/language_words.txt:1183	word+0x20	PE:RVA=0xee3e90..0xee40b0
NOUN_PLURAL	CAVE	caves	洞	data/vanilla/vanilla_languages/objects/language_words.txt:1183	word+0x40	PE:RVA=0xee3e90..0xee40b0
NOUN_SINGULAR	CELL	cell	小室	data/vanilla/vanilla_languages/objects/language_words.txt:1192	word+0x20	PE:RVA=0xee3e90..0xee40b0
NOUN_PLURAL	CELL	cells	小室	data/vanilla/vanilla_languages/objects/language_words.txt:1192	word+0x40	PE:RVA=0xee3e90..0xee40b0
NOUN_SINGULAR	CHAIN	chain	链	data/vanilla/vanilla_languages/objects/language_words.txt:1201	word+0x20	PE:RVA=0xee3e90..0xee40b0
NOUN_PLURAL	CHAIN	chains	链	data/vanilla/vanilla_languages/objects/language_words.txt:1201	word+0x40	PE:RVA=0xee3e90..0xee40b0
NOUN_SINGULAR	CHANT	chant	圣歌	data/vanilla/vanilla_languages/objects/language_words.txt:1213	word+0x20	PE:RVA=0xee3e90..0xee40b0
NOUN_PLURAL	CHANT	chants	圣歌	data/vanilla/vanilla_languages/objects/language_words.txt:1213	word+0x40	PE:RVA=0xee3e90..0xee40b0
NOUN_SINGULAR	CHAOS	chaos	大混乱	data/vanilla/vanilla_languages/objects/language_words.txt:1226	word+0x20	PE:RVA=0xee3e90..0xee40b0
NOUN_PLURAL	CHAOS	chaoses	大混乱	data/vanilla/vanilla_languages/objects/language_words.txt:1226	word+0x40	PE:RVA=0xee3e90..0xee40b0
NOUN_SINGULAR	CHAMBER	chamber	房间	data/vanilla/vanilla_languages/objects/language_words.txt:1235	word+0x20	PE:RVA=0xee3e90..0xee40b0
NOUN_PLURAL	CHAMBER	chambers	房间	data/vanilla/vanilla_languages/objects/language_words.txt:1235	word+0x40	PE:RVA=0xee3e90..0xee40b0
NOUN_SINGULAR	CHARM	charm	吸引力	data/vanilla/vanilla_languages/objects/language_words.txt:1249	word+0x20	PE:RVA=0xee3e90..0xee40b0
NOUN_PLURAL	CHARM	charms	吸引力	data/vanilla/vanilla_languages/objects/language_words.txt:1249	word+0x40	PE:RVA=0xee3e90..0xee40b0
NOUN_SINGULAR	CHILD	child	孩子	data/vanilla/vanilla_languages/objects/language_words.txt:1262	word+0x20	PE:RVA=0xee3e90..0xee40b0
NOUN_PLURAL	CHILD	children	孩子	data/vanilla/vanilla_languages/objects/language_words.txt:1262	word+0x40	PE:RVA=0xee3e90..0xee40b0
NOUN_SINGULAR	CHILL	chill	寒意	data/vanilla/vanilla_languages/objects/language_words.txt:1271	word+0x20	PE:RVA=0xee3e90..0xee40b0
NOUN_PLURAL	CHILL	chills	寒意	data/vanilla/vanilla_languages/objects/language_words.txt:1271	word+0x40	PE:RVA=0xee3e90..0xee40b0
NOUN_SINGULAR	CHIP_NOUN	chip	碎片	data/vanilla/vanilla_languages/objects/language_words.txt:1284	word+0x20	PE:RVA=0xee3e90..0xee40b0
NOUN_PLURAL	CHIP_NOUN	chips	碎片	data/vanilla/vanilla_languages/objects/language_words.txt:1284	word+0x40	PE:RVA=0xee3e90..0xee40b0
NOUN_SINGULAR	CINDER	cinder	灰烬	data/vanilla/vanilla_languages/objects/language_words.txt:1315	word+0x20	PE:RVA=0xee3e90..0xee40b0
NOUN_PLURAL	CINDER	cinders	灰烬	data/vanilla/vanilla_languages/objects/language_words.txt:1315	word+0x40	PE:RVA=0xee3e90..0xee40b0
NOUN_SINGULAR	CLAM	clam	蛤	data/vanilla/vanilla_languages/objects/language_words.txt:1325	word+0x20	PE:RVA=0xee3e90..0xee40b0
NOUN_PLURAL	CLAM	clams	蛤	data/vanilla/vanilla_languages/objects/language_words.txt:1325	word+0x40	PE:RVA=0xee3e90..0xee40b0
NOUN_SINGULAR	CLASP	clasp	扣子	data/vanilla/vanilla_languages/objects/language_words.txt:1338	word+0x20	PE:RVA=0xee3e90..0xee40b0
NOUN_PLURAL	CLASP	clasps	扣子	data/vanilla/vanilla_languages/objects/language_words.txt:1338	word+0x40	PE:RVA=0xee3e90..0xee40b0
NOUN_SINGULAR	CLAW	claw	爪	data/vanilla/vanilla_languages/objects/language_words.txt:1350	word+0x20	PE:RVA=0xee3e90..0xee40b0
NOUN_PLURAL	CLAW	claws	爪	data/vanilla/vanilla_languages/objects/language_words.txt:1350	word+0x40	PE:RVA=0xee3e90..0xee40b0
ADJ	CLEAR	clear	清澈	data/vanilla/vanilla_languages/objects/language_words.txt:1360	word+0x60	PE:RVA=0xee3cf0..0xee3e8f
NOUN_SINGULAR	CLEARING	clearing	林间空地	data/vanilla/vanilla_languages/objects/language_words.txt:1369	word+0x20	PE:RVA=0xee3e90..0xee40b0
NOUN_PLURAL	CLEARING	clearings	林间空地	data/vanilla/vanilla_languages/objects/language_words.txt:1369	word+0x40	PE:RVA=0xee3e90..0xee40b0
NOUN_SINGULAR	CLEAVE	cleft	裂缝	data/vanilla/vanilla_languages/objects/language_words.txt:1379	word+0x20	PE:RVA=0xee3e90..0xee40b0
NOUN_PLURAL	CLEAVE	clefts	裂缝	data/vanilla/vanilla_languages/objects/language_words.txt:1379	word+0x40	PE:RVA=0xee3e90..0xee40b0
NOUN_SINGULAR	CLOAK	cloak	斗篷	data/vanilla/vanilla_languages/objects/language_words.txt:1393	word+0x20	PE:RVA=0xee3e90..0xee40b0
NOUN_PLURAL	CLOAK	cloaks	斗篷	data/vanilla/vanilla_languages/objects/language_words.txt:1393	word+0x40	PE:RVA=0xee3e90..0xee40b0
NOUN_SINGULAR	CLOCK	clock	时钟	data/vanilla/vanilla_languages/objects/language_words.txt:1406	word+0x20	PE:RVA=0xee3e90..0xee40b0
NOUN_PLURAL	CLOCK	clocks	时钟	data/vanilla/vanilla_languages/objects/language_words.txt:1406	word+0x40	PE:RVA=0xee3e90..0xee40b0
NOUN_SINGULAR	CLOD	clod	土块	data/vanilla/vanilla_languages/objects/language_words.txt:1416	word+0x20	PE:RVA=0xee3e90..0xee40b0
NOUN_PLURAL	CLOD	clods	土块	data/vanilla/vanilla_languages/objects/language_words.txt:1416	word+0x40	PE:RVA=0xee3e90..0xee40b0
NOUN_SINGULAR	CLOISTER	cloister	修道院	data/vanilla/vanilla_languages/objects/language_words.txt:1427	word+0x20	PE:RVA=0xee3e90..0xee40b0
NOUN_PLURAL	CLOISTER	cloisters	修道院	data/vanilla/vanilla_languages/objects/language_words.txt:1427	word+0x40	PE:RVA=0xee3e90..0xee40b0
NOUN_SINGULAR	CLOSET	closet	壁橱	data/vanilla/vanilla_languages/objects/language_words.txt:1439	word+0x20	PE:RVA=0xee3e90..0xee40b0
NOUN_PLURAL	CLOSET	closets	壁橱	data/vanilla/vanilla_languages/objects/language_words.txt:1439	word+0x40	PE:RVA=0xee3e90..0xee40b0
NOUN_SINGULAR	CLUB	club	棍棒	data/vanilla/vanilla_languages/objects/language_words.txt:1449	word+0x20	PE:RVA=0xee3e90..0xee40b0
NOUN_PLURAL	CLUB	clubs	棍棒	data/vanilla/vanilla_languages/objects/language_words.txt:1449	word+0x40	PE:RVA=0xee3e90..0xee40b0
NOUN_SINGULAR	CLUSTER	cluster	簇	data/vanilla/vanilla_languages/objects/language_words.txt:1458	word+0x20	PE:RVA=0xee3e90..0xee40b0
NOUN_PLURAL	CLUSTER	clusters	簇	data/vanilla/vanilla_languages/objects/language_words.txt:1458	word+0x40	PE:RVA=0xee3e90..0xee40b0
NOUN_SINGULAR	CLUTTER	clutter	杂乱	data/vanilla/vanilla_languages/objects/language_words.txt:1470	word+0x20	PE:RVA=0xee3e90..0xee40b0
NOUN_PLURAL	CLUTTER	clutter	杂乱	data/vanilla/vanilla_languages/objects/language_words.txt:1470	word+0x40	PE:RVA=0xee3e90..0xee40b0
NOUN_SINGULAR	COBRA	cobra	眼镜蛇	data/vanilla/vanilla_languages/objects/language_words.txt:1482	word+0x20	PE:RVA=0xee3e90..0xee40b0
NOUN_PLURAL	COBRA	cobras	眼镜蛇	data/vanilla/vanilla_languages/objects/language_words.txt:1482	word+0x40	PE:RVA=0xee3e90..0xee40b0
NOUN_SINGULAR	COIL	coil	线圈	data/vanilla/vanilla_languages/objects/language_words.txt:1491	word+0x20	PE:RVA=0xee3e90..0xee40b0
NOUN_PLURAL	COIL	coils	线圈	data/vanilla/vanilla_languages/objects/language_words.txt:1491	word+0x40	PE:RVA=0xee3e90..0xee40b0
NOUN_SINGULAR	COLD	coldness	寒冷	data/vanilla/vanilla_languages/objects/language_words.txt:1504	word+0x20	PE:RVA=0xee3e90..0xee40b0
NOUN_PLURAL	COLD	coldnesses	寒冷	data/vanilla/vanilla_languages/objects/language_words.txt:1504	word+0x40	PE:RVA=0xee3e90..0xee40b0
ADJ	COLD	cold	寒冷	data/vanilla/vanilla_languages/objects/language_words.txt:1506	word+0x60	PE:RVA=0xee3cf0..0xee3e8f
NOUN_SINGULAR	COLOR	color	颜色	data/vanilla/vanilla_languages/objects/language_words.txt:1513	word+0x20	PE:RVA=0xee3e90..0xee40b0
NOUN_PLURAL	COLOR	colors	颜色	data/vanilla/vanilla_languages/objects/language_words.txt:1513	word+0x40	PE:RVA=0xee3e90..0xee40b0
NOUN_SINGULAR	COMET	comet	彗星	data/vanilla/vanilla_languages/objects/language_words.txt:1526	word+0x20	PE:RVA=0xee3e90..0xee40b0
NOUN_PLURAL	COMET	comets	彗星	data/vanilla/vanilla_languages/objects/language_words.txt:1526	word+0x40	PE:RVA=0xee3e90..0xee40b0
NOUN_SINGULAR	CONQUEROR	conqueror	征服者	data/vanilla/vanilla_languages/objects/language_words.txt:1535	word+0x20	PE:RVA=0xee3e90..0xee40b0
NOUN_PLURAL	CONQUEROR	conquerors	征服者	data/vanilla/vanilla_languages/objects/language_words.txt:1535	word+0x40	PE:RVA=0xee3e90..0xee40b0
NOUN_SINGULAR	COOK	cook	厨子	data/vanilla/vanilla_languages/objects/language_words.txt:1541	word+0x20	PE:RVA=0xee3e90..0xee40b0
NOUN_PLURAL	COOK	cooks	厨子	data/vanilla/vanilla_languages/objects/language_words.txt:1541	word+0x40	PE:RVA=0xee3e90..0xee40b0
NOUN_SINGULAR	COVER	cover	盖子	data/vanilla/vanilla_languages/objects/language_words.txt:1552	word+0x20	PE:RVA=0xee3e90..0xee40b0
NOUN_PLURAL	COVER	covers	盖子	data/vanilla/vanilla_languages/objects/language_words.txt:1552	word+0x40	PE:RVA=0xee3e90..0xee40b0
NOUN_SINGULAR	COTTON	cotton	棉花	data/vanilla/vanilla_languages/objects/language_words.txt:1566	word+0x20	PE:RVA=0xee3e90..0xee40b0
NOUN_PLURAL	COTTON	cottons	棉花	data/vanilla/vanilla_languages/objects/language_words.txt:1566	word+0x40	PE:RVA=0xee3e90..0xee40b0
NOUN_SINGULAR	COUPLE	couple	一对	data/vanilla/vanilla_languages/objects/language_words.txt:1575	word+0x20	PE:RVA=0xee3e90..0xee40b0
NOUN_PLURAL	COUPLE	couples	一对	data/vanilla/vanilla_languages/objects/language_words.txt:1575	word+0x40	PE:RVA=0xee3e90..0xee40b0
NOUN_SINGULAR	CRAB	crab	螃蟹	data/vanilla/vanilla_languages/objects/language_words.txt:1584	word+0x20	PE:RVA=0xee3e90..0xee40b0
NOUN_PLURAL	CRAB	crabs	螃蟹	data/vanilla/vanilla_languages/objects/language_words.txt:1584	word+0x40	PE:RVA=0xee3e90..0xee40b0
NOUN_SINGULAR	CRAZE	craze	狂热	data/vanilla/vanilla_languages/objects/language_words.txt:1597	word+0x20	PE:RVA=0xee3e90..0xee40b0
NOUN_PLURAL	CRAZE	crazes	狂热	data/vanilla/vanilla_languages/objects/language_words.txt:1597	word+0x40	PE:RVA=0xee3e90..0xee40b0
ADJ	CRAZE	crazed	癫狂	data/vanilla/vanilla_languages/objects/language_words.txt:1603	word+0x60	PE:RVA=0xee3cf0..0xee3e8f
NOUN_SINGULAR	CRAZY	craziness	发狂	data/vanilla/vanilla_languages/objects/language_words.txt:1609	word+0x20	PE:RVA=0xee3e90..0xee40b0
NOUN_PLURAL	CRAZY	crazinesses	发狂	data/vanilla/vanilla_languages/objects/language_words.txt:1609	word+0x40	PE:RVA=0xee3e90..0xee40b0
ADJ	CRAZY	crazy	发狂	data/vanilla/vanilla_languages/objects/language_words.txt:1611	word+0x60	PE:RVA=0xee3cf0..0xee3e8f
NOUN_SINGULAR	CREAM	cream	奶油	data/vanilla/vanilla_languages/objects/language_words.txt:1618	word+0x20	PE:RVA=0xee3e90..0xee40b0
NOUN_PLURAL	CREAM	creams	奶油	data/vanilla/vanilla_languages/objects/language_words.txt:1618	word+0x40	PE:RVA=0xee3e90..0xee40b0
ADJ	CREAM	creamy	含乳脂	data/vanilla/vanilla_languages/objects/language_words.txt:1629	word+0x60	PE:RVA=0xee3cf0..0xee3e8f
NOUN_SINGULAR	CREEK	creek	小溪	data/vanilla/vanilla_languages/objects/language_words.txt:1635	word+0x20	PE:RVA=0xee3e90..0xee40b0
NOUN_PLURAL	CREEK	creeks	小溪	data/vanilla/vanilla_languages/objects/language_words.txt:1635	word+0x40	PE:RVA=0xee3e90..0xee40b0
NOUN_SINGULAR	CREEP	creep	爬行	data/vanilla/vanilla_languages/objects/language_words.txt:1644	word+0x20	PE:RVA=0xee3e90..0xee40b0
NOUN_PLURAL	CREEP	creeps	爬行	data/vanilla/vanilla_languages/objects/language_words.txt:1644	word+0x40	PE:RVA=0xee3e90..0xee40b0
NOUN_SINGULAR	CREEPY	creepiness	诡异	data/vanilla/vanilla_languages/objects/language_words.txt:1655	word+0x20	PE:RVA=0xee3e90..0xee40b0
NOUN_PLURAL	CREEPY	creepinesses	诡异	data/vanilla/vanilla_languages/objects/language_words.txt:1655	word+0x40	PE:RVA=0xee3e90..0xee40b0
ADJ	CREEPY	creepy	诡异	data/vanilla/vanilla_languages/objects/language_words.txt:1656	word+0x60	PE:RVA=0xee3cf0..0xee3e8f
NOUN_SINGULAR	CRESCENT	crescent	新月	data/vanilla/vanilla_languages/objects/language_words.txt:1661	word+0x20	PE:RVA=0xee3e90..0xee40b0
NOUN_PLURAL	CRESCENT	crescents	新月	data/vanilla/vanilla_languages/objects/language_words.txt:1661	word+0x40	PE:RVA=0xee3e90..0xee40b0
NOUN_SINGULAR	CROSS_NOUN	cross	十字架	data/vanilla/vanilla_languages/objects/language_words.txt:1670	word+0x20	PE:RVA=0xee3e90..0xee40b0
NOUN_PLURAL	CROSS_NOUN	crosses	十字架	data/vanilla/vanilla_languages/objects/language_words.txt:1670	word+0x40	PE:RVA=0xee3e90..0xee40b0
ADJ	CROSS_ADJ	cross	生气	data/vanilla/vanilla_languages/objects/language_words.txt:1685	word+0x60	PE:RVA=0xee3cf0..0xee3e8f
NOUN_SINGULAR	CROW	crow	乌鸦	data/vanilla/vanilla_languages/objects/language_words.txt:1690	word+0x20	PE:RVA=0xee3e90..0xee40b0
NOUN_PLURAL	CROW	crows	乌鸦	data/vanilla/vanilla_languages/objects/language_words.txt:1690	word+0x40	PE:RVA=0xee3e90..0xee40b0
NOUN_SINGULAR	CROWN	crown	王冠	data/vanilla/vanilla_languages/objects/language_words.txt:1699	word+0x20	PE:RVA=0xee3e90..0xee40b0
NOUN_PLURAL	CROWN	crowns	王冠	data/vanilla/vanilla_languages/objects/language_words.txt:1699	word+0x40	PE:RVA=0xee3e90..0xee40b0
NOUN_SINGULAR	CRUCIFY	crucifixion	钉刑	data/vanilla/vanilla_languages/objects/language_words.txt:1708	word+0x20	PE:RVA=0xee3e90..0xee40b0
NOUN_PLURAL	CRUCIFY	crucifixions	钉刑	data/vanilla/vanilla_languages/objects/language_words.txt:1708	word+0x40	PE:RVA=0xee3e90..0xee40b0
NOUN_SINGULAR	CRUSHER	crusher	粉碎者	data/vanilla/vanilla_languages/objects/language_words.txt:1724	word+0x20	PE:RVA=0xee3e90..0xee40b0
NOUN_PLURAL	CRUSHER	crushers	粉碎者	data/vanilla/vanilla_languages/objects/language_words.txt:1724	word+0x40	PE:RVA=0xee3e90..0xee40b0
NOUN_SINGULAR	CRYPT	crypt	地穴	data/vanilla/vanilla_languages/objects/language_words.txt:1735	word+0x20	PE:RVA=0xee3e90..0xee40b0
NOUN_PLURAL	CRYPT	crypts	地穴	data/vanilla/vanilla_languages/objects/language_words.txt:1735	word+0x40	PE:RVA=0xee3e90..0xee40b0
NOUN_SINGULAR	CRYSTAL	crystal	水晶	data/vanilla/vanilla_languages/objects/language_words.txt:1746	word+0x20	PE:RVA=0xee3e90..0xee40b0
NOUN_PLURAL	CRYSTAL	crystals	水晶	data/vanilla/vanilla_languages/objects/language_words.txt:1746	word+0x40	PE:RVA=0xee3e90..0xee40b0
ADJ	CRYSTAL	crystalline	晶莹	data/vanilla/vanilla_languages/objects/language_words.txt:1754	word+0x60	PE:RVA=0xee3cf0..0xee3e8f
NOUN_SINGULAR	CUDGEL	cudgel	棍棒	data/vanilla/vanilla_languages/objects/language_words.txt:1762	word+0x20	PE:RVA=0xee3e90..0xee40b0
NOUN_PLURAL	CUDGEL	cudgels	棍棒	data/vanilla/vanilla_languages/objects/language_words.txt:1762	word+0x40	PE:RVA=0xee3e90..0xee40b0
NOUN_SINGULAR	CUP	cup	杯子	data/vanilla/vanilla_languages/objects/language_words.txt:1771	word+0x20	PE:RVA=0xee3e90..0xee40b0
NOUN_PLURAL	CUP	cups	杯子	data/vanilla/vanilla_languages/objects/language_words.txt:1771	word+0x40	PE:RVA=0xee3e90..0xee40b0
NOUN_SINGULAR	CURSE	curse	诅咒	data/vanilla/vanilla_languages/objects/language_words.txt:1782	word+0x20	PE:RVA=0xee3e90..0xee40b0
NOUN_PLURAL	CURSE	curses	诅咒	data/vanilla/vanilla_languages/objects/language_words.txt:1782	word+0x40	PE:RVA=0xee3e90..0xee40b0
NOUN_SINGULAR	CUT	cut	切口	data/vanilla/vanilla_languages/objects/language_words.txt:1792	word+0x20	PE:RVA=0xee3e90..0xee40b0
NOUN_PLURAL	CUT	cuts	切口	data/vanilla/vanilla_languages/objects/language_words.txt:1792	word+0x40	PE:RVA=0xee3e90..0xee40b0
NOUN_SINGULAR	CYST	cyst	包囊	data/vanilla/vanilla_languages/objects/language_words.txt:1802	word+0x20	PE:RVA=0xee3e90..0xee40b0
NOUN_PLURAL	CYST	cysts	包囊	data/vanilla/vanilla_languages/objects/language_words.txt:1802	word+0x40	PE:RVA=0xee3e90..0xee40b0
NOUN_SINGULAR	DANCE	dance	跳舞	data/vanilla/vanilla_languages/objects/language_words.txt:1812	word+0x20	PE:RVA=0xee3e90..0xee40b0
NOUN_PLURAL	DANCE	dances	跳舞	data/vanilla/vanilla_languages/objects/language_words.txt:1812	word+0x40	PE:RVA=0xee3e90..0xee40b0
NOUN_SINGULAR	DANK	dankness	阴湿	data/vanilla/vanilla_languages/objects/language_words.txt:1829	word+0x20	PE:RVA=0xee3e90..0xee40b0
NOUN_PLURAL	DANK	danknesses	阴湿	data/vanilla/vanilla_languages/objects/language_words.txt:1829	word+0x40	PE:RVA=0xee3e90..0xee40b0
ADJ	DANK	dank	阴湿	data/vanilla/vanilla_languages/objects/language_words.txt:1830	word+0x60	PE:RVA=0xee3cf0..0xee3e8f
NOUN_SINGULAR	DAGGER	dagger	匕首	data/vanilla/vanilla_languages/objects/language_words.txt:1837	word+0x20	PE:RVA=0xee3e90..0xee40b0
NOUN_PLURAL	DAGGER	daggers	匕首	data/vanilla/vanilla_languages/objects/language_words.txt:1837	word+0x40	PE:RVA=0xee3e90..0xee40b0
NOUN_SINGULAR	DARK	darkness	黑暗	data/vanilla/vanilla_languages/objects/language_words.txt:1847	word+0x20	PE:RVA=0xee3e90..0xee40b0
NOUN_PLURAL	DARK	darknesses	黑暗	data/vanilla/vanilla_languages/objects/language_words.txt:1847	word+0x40	PE:RVA=0xee3e90..0xee40b0
ADJ	DARK	dark	黑暗	data/vanilla/vanilla_languages/objects/language_words.txt:1848	word+0x60	PE:RVA=0xee3cf0..0xee3e8f
NOUN_SINGULAR	DATE_FRUIT	date	枣	data/vanilla/vanilla_languages/objects/language_words.txt:1855	word+0x20	PE:RVA=0xee3e90..0xee40b0
NOUN_PLURAL	DATE_FRUIT	dates	枣	data/vanilla/vanilla_languages/objects/language_words.txt:1855	word+0x40	PE:RVA=0xee3e90..0xee40b0
NOUN_SINGULAR	DATE_VERB	date	约会	data/vanilla/vanilla_languages/objects/language_words.txt:1866	word+0x20	PE:RVA=0xee3e90..0xee40b0
NOUN_PLURAL	DATE_VERB	dates	约会	data/vanilla/vanilla_languages/objects/language_words.txt:1866	word+0x40	PE:RVA=0xee3e90..0xee40b0
NOUN_SINGULAR	DAWN	dawn	破晓	data/vanilla/vanilla_languages/objects/language_words.txt:1879	word+0x20	PE:RVA=0xee3e90..0xee40b0
NOUN_PLURAL	DAWN	dawns	破晓	data/vanilla/vanilla_languages/objects/language_words.txt:1879	word+0x40	PE:RVA=0xee3e90..0xee40b0
NOUN_SINGULAR	DAY	day	天	data/vanilla/vanilla_languages/objects/language_words.txt:1891	word+0x20	PE:RVA=0xee3e90..0xee40b0
NOUN_PLURAL	DAY	days	天	data/vanilla/vanilla_languages/objects/language_words.txt:1891	word+0x40	PE:RVA=0xee3e90..0xee40b0
NOUN_SINGULAR	DEAD	dead	死者	data/vanilla/vanilla_languages/objects/language_words.txt:1902	word+0x20	PE:RVA=0xee3e90..0xee40b0
NOUN_PLURAL	DEAD	dead	死者	data/vanilla/vanilla_languages/objects/language_words.txt:1902	word+0x40	PE:RVA=0xee3e90..0xee40b0
ADJ	DEAD	dead	死	data/vanilla/vanilla_languages/objects/language_words.txt:1905	word+0x60	PE:RVA=0xee3cf0..0xee3e8f
ADJ	DEAR	dear	亲爱	data/vanilla/vanilla_languages/objects/language_words.txt:1911	word+0x60	PE:RVA=0xee3cf0..0xee3e8f
NOUN_SINGULAR	DEATH	death	死亡	data/vanilla/vanilla_languages/objects/language_words.txt:1917	word+0x20	PE:RVA=0xee3e90..0xee40b0
NOUN_PLURAL	DEATH	deaths	死亡	data/vanilla/vanilla_languages/objects/language_words.txt:1917	word+0x40	PE:RVA=0xee3e90..0xee40b0
NOUN_SINGULAR	DECAY	decay	衰败	data/vanilla/vanilla_languages/objects/language_words.txt:1928	word+0x20	PE:RVA=0xee3e90..0xee40b0
NOUN_PLURAL	DECAY	decays	衰败	data/vanilla/vanilla_languages/objects/language_words.txt:1928	word+0x40	PE:RVA=0xee3e90..0xee40b0
NOUN_SINGULAR	DECEIVER	deceiver	欺人者	data/vanilla/vanilla_languages/objects/language_words.txt:1937	word+0x20	PE:RVA=0xee3e90..0xee40b0
NOUN_PLURAL	DECEIVER	deceivers	欺人者	data/vanilla/vanilla_languages/objects/language_words.txt:1937	word+0x40	PE:RVA=0xee3e90..0xee40b0
NOUN_SINGULAR	DEEP	deep	深处	data/vanilla/vanilla_languages/objects/language_words.txt:1943	word+0x20	PE:RVA=0xee3e90..0xee40b0
NOUN_PLURAL	DEEP	deeps	深处	data/vanilla/vanilla_languages/objects/language_words.txt:1943	word+0x40	PE:RVA=0xee3e90..0xee40b0
ADJ	DEEP	deep	深邃	data/vanilla/vanilla_languages/objects/language_words.txt:1951	word+0x60	PE:RVA=0xee3cf0..0xee3e8f
NOUN_SINGULAR	DEER	deer	鹿	data/vanilla/vanilla_languages/objects/language_words.txt:1957	word+0x20	PE:RVA=0xee3e90..0xee40b0
NOUN_PLURAL	DEER	deer	鹿	data/vanilla/vanilla_languages/objects/language_words.txt:1957	word+0x40	PE:RVA=0xee3e90..0xee40b0
NOUN_SINGULAR	DEMON	demon	恶魔	data/vanilla/vanilla_languages/objects/language_words.txt:1968	word+0x20	PE:RVA=0xee3e90..0xee40b0
NOUN_PLURAL	DEMON	demons	恶魔	data/vanilla/vanilla_languages/objects/language_words.txt:1968	word+0x40	PE:RVA=0xee3e90..0xee40b0
NOUN_SINGULAR	DESPAIR	despair	绝望	data/vanilla/vanilla_languages/objects/language_words.txt:1977	word+0x20	PE:RVA=0xee3e90..0xee40b0
NOUN_PLURAL	DESPAIR	despairs	绝望	data/vanilla/vanilla_languages/objects/language_words.txt:1977	word+0x40	PE:RVA=0xee3e90..0xee40b0
NOUN_SINGULAR	DESTROYER	destroyer	破坏者	data/vanilla/vanilla_languages/objects/language_words.txt:1986	word+0x20	PE:RVA=0xee3e90..0xee40b0
NOUN_PLURAL	DESTROYER	destroyers	破坏者	data/vanilla/vanilla_languages/objects/language_words.txt:1986	word+0x40	PE:RVA=0xee3e90..0xee40b0
NOUN_SINGULAR	DESTRUCTION	destruction	毁灭	data/vanilla/vanilla_languages/objects/language_words.txt:1992	word+0x20	PE:RVA=0xee3e90..0xee40b0
NOUN_PLURAL	DESTRUCTION	destructions	毁灭	data/vanilla/vanilla_languages/objects/language_words.txt:1992	word+0x40	PE:RVA=0xee3e90..0xee40b0
NOUN_SINGULAR	DEVIL	devil	魔鬼	data/vanilla/vanilla_languages/objects/language_words.txt:1998	word+0x20	PE:RVA=0xee3e90..0xee40b0
NOUN_PLURAL	DEVIL	devils	魔鬼	data/vanilla/vanilla_languages/objects/language_words.txt:1998	word+0x40	PE:RVA=0xee3e90..0xee40b0
NOUN_SINGULAR	DEVOURER	devourer	吞噬者	data/vanilla/vanilla_languages/objects/language_words.txt:2007	word+0x20	PE:RVA=0xee3e90..0xee40b0
NOUN_PLURAL	DEVOURER	devourers	吞噬者	data/vanilla/vanilla_languages/objects/language_words.txt:2007	word+0x40	PE:RVA=0xee3e90..0xee40b0
NOUN_SINGULAR	DINNER	dinner	晚餐	data/vanilla/vanilla_languages/objects/language_words.txt:2017	word+0x20	PE:RVA=0xee3e90..0xee40b0
NOUN_PLURAL	DINNER	dinners	晚餐	data/vanilla/vanilla_languages/objects/language_words.txt:2017	word+0x40	PE:RVA=0xee3e90..0xee40b0
NOUN_SINGULAR	DIRT	dirt	泥土	data/vanilla/vanilla_languages/objects/language_words.txt:2028	word+0x20	PE:RVA=0xee3e90..0xee40b0
NOUN_PLURAL	DIRT	dirts	泥土	data/vanilla/vanilla_languages/objects/language_words.txt:2028	word+0x40	PE:RVA=0xee3e90..0xee40b0
NOUN_SINGULAR	DITCH	ditch	沟渠	data/vanilla/vanilla_languages/objects/language_words.txt:2037	word+0x20	PE:RVA=0xee3e90..0xee40b0
NOUN_PLURAL	DITCH	ditches	沟渠	data/vanilla/vanilla_languages/objects/language_words.txt:2037	word+0x40	PE:RVA=0xee3e90..0xee40b0
NOUN_SINGULAR	DOG	dog	狗	data/vanilla/vanilla_languages/objects/language_words.txt:2046	word+0x20	PE:RVA=0xee3e90..0xee40b0
NOUN_PLURAL	DOG	dogs	狗	data/vanilla/vanilla_languages/objects/language_words.txt:2046	word+0x40	PE:RVA=0xee3e90..0xee40b0
NOUN_SINGULAR	DOMESTIC	domicile	家园	data/vanilla/vanilla_languages/objects/language_words.txt:2055	word+0x20	PE:RVA=0xee3e90..0xee40b0
NOUN_PLURAL	DOMESTIC	domiciles	家园	data/vanilla/vanilla_languages/objects/language_words.txt:2055	word+0x40	PE:RVA=0xee3e90..0xee40b0
ADJ	DOMESTIC	domestic	家养	data/vanilla/vanilla_languages/objects/language_words.txt:2060	word+0x60	PE:RVA=0xee3cf0..0xee3e8f
NOUN_SINGULAR	DONKEY	donkey	驴子	data/vanilla/vanilla_languages/objects/language_words.txt:2064	word+0x20	PE:RVA=0xee3e90..0xee40b0
NOUN_PLURAL	DONKEY	donkeys	驴子	data/vanilla/vanilla_languages/objects/language_words.txt:2064	word+0x40	PE:RVA=0xee3e90..0xee40b0
NOUN_SINGULAR	DOOM	doom	厄运	data/vanilla/vanilla_languages/objects/language_words.txt:2071	word+0x20	PE:RVA=0xee3e90..0xee40b0
NOUN_PLURAL	DOOM	dooms	厄运	data/vanilla/vanilla_languages/objects/language_words.txt:2071	word+0x40	PE:RVA=0xee3e90..0xee40b0
ADJ	DOOM	doomed	注定	data/vanilla/vanilla_languages/objects/language_words.txt:2079	word+0x60	PE:RVA=0xee3cf0..0xee3e8f
NOUN_SINGULAR	DOOR	door	门	data/vanilla/vanilla_languages/objects/language_words.txt:2085	word+0x20	PE:RVA=0xee3e90..0xee40b0
NOUN_PLURAL	DOOR	doors	门	data/vanilla/vanilla_languages/objects/language_words.txt:2085	word+0x40	PE:RVA=0xee3e90..0xee40b0
NOUN_SINGULAR	DRAGON	dragon	龙	data/vanilla/vanilla_languages/objects/language_words.txt:2095	word+0x20	PE:RVA=0xee3e90..0xee40b0
NOUN_PLURAL	DRAGON	dragons	龙	data/vanilla/vanilla_languages/objects/language_words.txt:2095	word+0x40	PE:RVA=0xee3e90..0xee40b0
NOUN_SINGULAR	DRAIN	drain	排水沟	data/vanilla/vanilla_languages/objects/language_words.txt:2104	word+0x20	PE:RVA=0xee3e90..0xee40b0
NOUN_PLURAL	DRAIN	drains	排水沟	data/vanilla/vanilla_languages/objects/language_words.txt:2104	word+0x40	PE:RVA=0xee3e90..0xee40b0
NOUN_SINGULAR	DRAWL	drawl	拖腔	data/vanilla/vanilla_languages/objects/language_words.txt:2116	word+0x20	PE:RVA=0xee3e90..0xee40b0
NOUN_PLURAL	DRAWL	drawls	拖腔	data/vanilla/vanilla_languages/objects/language_words.txt:2116	word+0x40	PE:RVA=0xee3e90..0xee40b0
NOUN_SINGULAR	DREG	dreg	残渣	data/vanilla/vanilla_languages/objects/language_words.txt:2128	word+0x20	PE:RVA=0xee3e90..0xee40b0
NOUN_PLURAL	DREG	dregs	残渣	data/vanilla/vanilla_languages/objects/language_words.txt:2128	word+0x40	PE:RVA=0xee3e90..0xee40b0
NOUN_SINGULAR	DRESS_CLOTHING	dress	服装	data/vanilla/vanilla_languages/objects/language_words.txt:2139	word+0x20	PE:RVA=0xee3e90..0xee40b0
NOUN_PLURAL	DRESS_CLOTHING	dresses	服装	data/vanilla/vanilla_languages/objects/language_words.txt:2139	word+0x40	PE:RVA=0xee3e90..0xee40b0
NOUN_SINGULAR	DRESS_GENERAL	dress	服装	data/vanilla/vanilla_languages/objects/language_words.txt:2151	word+0x20	PE:RVA=0xee3e90..0xee40b0
NOUN_PLURAL	DRESS_GENERAL	dresses	服装	data/vanilla/vanilla_languages/objects/language_words.txt:2151	word+0x40	PE:RVA=0xee3e90..0xee40b0
NOUN_SINGULAR	DRINKER	drinker	饮者	data/vanilla/vanilla_languages/objects/language_words.txt:2164	word+0x20	PE:RVA=0xee3e90..0xee40b0
NOUN_PLURAL	DRINKER	drinkers	饮者	data/vanilla/vanilla_languages/objects/language_words.txt:2164	word+0x40	PE:RVA=0xee3e90..0xee40b0
NOUN_SINGULAR	DRIP	drip	水滴	data/vanilla/vanilla_languages/objects/language_words.txt:2171	word+0x20	PE:RVA=0xee3e90..0xee40b0
NOUN_PLURAL	DRIP	drips	水滴	data/vanilla/vanilla_languages/objects/language_words.txt:2171	word+0x40	PE:RVA=0xee3e90..0xee40b0
NOUN_SINGULAR	DROOL	drool	口水	data/vanilla/vanilla_languages/objects/language_words.txt:2183	word+0x20	PE:RVA=0xee3e90..0xee40b0
NOUN_PLURAL	DROOL	drools	口水	data/vanilla/vanilla_languages/objects/language_words.txt:2183	word+0x40	PE:RVA=0xee3e90..0xee40b0
NOUN_SINGULAR	DRUM	drum	鼓	data/vanilla/vanilla_languages/objects/language_words.txt:2196	word+0x20	PE:RVA=0xee3e90..0xee40b0
NOUN_PLURAL	DRUM	drums	鼓	data/vanilla/vanilla_languages/objects/language_words.txt:2196	word+0x40	PE:RVA=0xee3e90..0xee40b0
NOUN_SINGULAR	DUMP	dump	垃圾堆	data/vanilla/vanilla_languages/objects/language_words.txt:2209	word+0x20	PE:RVA=0xee3e90..0xee40b0
NOUN_PLURAL	DUMP	dumps	垃圾堆	data/vanilla/vanilla_languages/objects/language_words.txt:2209	word+0x40	PE:RVA=0xee3e90..0xee40b0
NOUN_SINGULAR	DUMPLING	dumpling	饺子	data/vanilla/vanilla_languages/objects/language_words.txt:2224	word+0x20	PE:RVA=0xee3e90..0xee40b0
NOUN_PLURAL	DUMPLING	dumplings	饺子	data/vanilla/vanilla_languages/objects/language_words.txt:2224	word+0x40	PE:RVA=0xee3e90..0xee40b0
NOUN_SINGULAR	DUNG	dung	粪	data/vanilla/vanilla_languages/objects/language_words.txt:2235	word+0x20	PE:RVA=0xee3e90..0xee40b0
NOUN_PLURAL	DUNG	dungs	粪	data/vanilla/vanilla_languages/objects/language_words.txt:2235	word+0x40	PE:RVA=0xee3e90..0xee40b0
NOUN_SINGULAR	DUNGEON	dungeon	地牢	data/vanilla/vanilla_languages/objects/language_words.txt:2247	word+0x20	PE:RVA=0xee3e90..0xee40b0
NOUN_PLURAL	DUNGEON	dungeons	地牢	data/vanilla/vanilla_languages/objects/language_words.txt:2247	word+0x40	PE:RVA=0xee3e90..0xee40b0
NOUN_SINGULAR	DUSK	dusk	薄暮	data/vanilla/vanilla_languages/objects/language_words.txt:2257	word+0x20	PE:RVA=0xee3e90..0xee40b0
NOUN_PLURAL	DUSK	dusks	薄暮	data/vanilla/vanilla_languages/objects/language_words.txt:2257	word+0x40	PE:RVA=0xee3e90..0xee40b0
NOUN_SINGULAR	DUST	dust	灰尘	data/vanilla/vanilla_languages/objects/language_words.txt:2267	word+0x20	PE:RVA=0xee3e90..0xee40b0
NOUN_PLURAL	DUST	dusts	灰尘	data/vanilla/vanilla_languages/objects/language_words.txt:2267	word+0x40	PE:RVA=0xee3e90..0xee40b0
NOUN_SINGULAR	DUTY	duty	责任	data/vanilla/vanilla_languages/objects/language_words.txt:2277	word+0x20	PE:RVA=0xee3e90..0xee40b0
NOUN_PLURAL	DUTY	duties	责任	data/vanilla/vanilla_languages/objects/language_words.txt:2277	word+0x40	PE:RVA=0xee3e90..0xee40b0
ADJ	DUTY	dutiful	尽职	data/vanilla/vanilla_languages/objects/language_words.txt:2285	word+0x60	PE:RVA=0xee3cf0..0xee3e8f
NOUN_SINGULAR	DYE	dye	颜料	data/vanilla/vanilla_languages/objects/language_words.txt:2289	word+0x20	PE:RVA=0xee3e90..0xee40b0
NOUN_PLURAL	DYE	dyes	颜料	data/vanilla/vanilla_languages/objects/language_words.txt:2289	word+0x40	PE:RVA=0xee3e90..0xee40b0
NOUN_SINGULAR	EAGLE	eagle	鹰	data/vanilla/vanilla_languages/objects/language_words.txt:2300	word+0x20	PE:RVA=0xee3e90..0xee40b0
NOUN_PLURAL	EAGLE	eagles	鹰	data/vanilla/vanilla_languages/objects/language_words.txt:2300	word+0x40	PE:RVA=0xee3e90..0xee40b0
NOUN_SINGULAR	EAR	ear	耳朵	data/vanilla/vanilla_languages/objects/language_words.txt:2311	word+0x20	PE:RVA=0xee3e90..0xee40b0
NOUN_PLURAL	EAR	ears	耳朵	data/vanilla/vanilla_languages/objects/language_words.txt:2311	word+0x40	PE:RVA=0xee3e90..0xee40b0
ADJ	EAST	east	东方	data/vanilla/vanilla_languages/objects/language_words.txt:2321	word+0x60	PE:RVA=0xee3cf0..0xee3e8f
NOUN_SINGULAR	EAT	eater	吞食者	data/vanilla/vanilla_languages/objects/language_words.txt:2328	word+0x20	PE:RVA=0xee3e90..0xee40b0
NOUN_PLURAL	EAT	eaters	吞食者	data/vanilla/vanilla_languages/objects/language_words.txt:2328	word+0x40	PE:RVA=0xee3e90..0xee40b0
NOUN_SINGULAR	EEL	eel	鳗鱼	data/vanilla/vanilla_languages/objects/language_words.txt:2342	word+0x20	PE:RVA=0xee3e90..0xee40b0
NOUN_PLURAL	EEL	eels	鳗鱼	data/vanilla/vanilla_languages/objects/language_words.txt:2342	word+0x40	PE:RVA=0xee3e90..0xee40b0
NOUN_SINGULAR	EERIE	eerieness	诡异	data/vanilla/vanilla_languages/objects/language_words.txt:2352	word+0x20	PE:RVA=0xee3e90..0xee40b0
NOUN_PLURAL	EERIE	eerienesses	诡异	data/vanilla/vanilla_languages/objects/language_words.txt:2352	word+0x40	PE:RVA=0xee3e90..0xee40b0
ADJ	EERIE	eerie	诡异	data/vanilla/vanilla_languages/objects/language_words.txt:2353	word+0x60	PE:RVA=0xee3cf0..0xee3e8f
NOUN_SINGULAR	EGG	egg	蛋	data/vanilla/vanilla_languages/objects/language_words.txt:2360	word+0x20	PE:RVA=0xee3e90..0xee40b0
NOUN_PLURAL	EGG	eggs	蛋	data/vanilla/vanilla_languages/objects/language_words.txt:2360	word+0x40	PE:RVA=0xee3e90..0xee40b0
NOUN_SINGULAR	ELDER	elder	年长者	data/vanilla/vanilla_languages/objects/language_words.txt:2371	word+0x20	PE:RVA=0xee3e90..0xee40b0
NOUN_PLURAL	ELDER	elders	年长者	data/vanilla/vanilla_languages/objects/language_words.txt:2371	word+0x40	PE:RVA=0xee3e90..0xee40b0
ADJ	ELDER	elder	年长	data/vanilla/vanilla_languages/objects/language_words.txt:2380	word+0x60	PE:RVA=0xee3cf0..0xee3e8f
NOUN_SINGULAR	ENTRAILS	entrails	内脏	data/vanilla/vanilla_languages/objects/language_words.txt:2387	word+0x20	PE:RVA=0xee3e90..0xee40b0
NOUN_PLURAL	ENTRAILS	entrails	内脏	data/vanilla/vanilla_languages/objects/language_words.txt:2387	word+0x40	PE:RVA=0xee3e90..0xee40b0
ADJ	ETERNAL	eternal	永恒	data/vanilla/vanilla_languages/objects/language_words.txt:2392	word+0x60	PE:RVA=0xee3cf0..0xee3e8f
ADJ	EVERLASTING	everlasting	永恒	data/vanilla/vanilla_languages/objects/language_words.txt:2402	word+0x60	PE:RVA=0xee3cf0..0xee3e8f
ADJ	EVERSEEING	everseeing	永视	data/vanilla/vanilla_languages/objects/language_words.txt:2406	word+0x60	PE:RVA=0xee3cf0..0xee3e8f
NOUN_SINGULAR	EVIL	evil	邪恶	data/vanilla/vanilla_languages/objects/language_words.txt:2410	word+0x20	PE:RVA=0xee3e90..0xee40b0
NOUN_PLURAL	EVIL	evils	邪恶	data/vanilla/vanilla_languages/objects/language_words.txt:2410	word+0x40	PE:RVA=0xee3e90..0xee40b0
ADJ	EVIL	evil	邪恶	data/vanilla/vanilla_languages/objects/language_words.txt:2416	word+0x60	PE:RVA=0xee3cf0..0xee3e8f
NOUN_SINGULAR	EXECUTE	execution	实行	data/vanilla/vanilla_languages/objects/language_words.txt:2422	word+0x20	PE:RVA=0xee3e90..0xee40b0
NOUN_PLURAL	EXECUTE	executions	实行	data/vanilla/vanilla_languages/objects/language_words.txt:2422	word+0x40	PE:RVA=0xee3e90..0xee40b0
NOUN_SINGULAR	EXECUTIONER	executioner	刽子手	data/vanilla/vanilla_languages/objects/language_words.txt:2430	word+0x20	PE:RVA=0xee3e90..0xee40b0
NOUN_PLURAL	EXECUTIONER	executioners	刽子手	data/vanilla/vanilla_languages/objects/language_words.txt:2430	word+0x40	PE:RVA=0xee3e90..0xee40b0
NOUN_SINGULAR	EYE	eye	眼睛	data/vanilla/vanilla_languages/objects/language_words.txt:2436	word+0x20	PE:RVA=0xee3e90..0xee40b0
NOUN_PLURAL	EYE	eyes	眼睛	data/vanilla/vanilla_languages/objects/language_words.txt:2436	word+0x40	PE:RVA=0xee3e90..0xee40b0
NOUN_SINGULAR	FACE	face	脸	data/vanilla/vanilla_languages/objects/language_words.txt:2446	word+0x20	PE:RVA=0xee3e90..0xee40b0
NOUN_PLURAL	FACE	faces	脸	data/vanilla/vanilla_languages/objects/language_words.txt:2446	word+0x40	PE:RVA=0xee3e90..0xee40b0
NOUN_SINGULAR	FALL	fall	坠落	data/vanilla/vanilla_languages/objects/language_words.txt:2456	word+0x20	PE:RVA=0xee3e90..0xee40b0
NOUN_PLURAL	FALL	falls	坠落	data/vanilla/vanilla_languages/objects/language_words.txt:2456	word+0x40	PE:RVA=0xee3e90..0xee40b0
NOUN_SINGULAR	FALSE	falsehood	谎言	data/vanilla/vanilla_languages/objects/language_words.txt:2466	word+0x20	PE:RVA=0xee3e90..0xee40b0
NOUN_PLURAL	FALSE	falsehoods	谎言	data/vanilla/vanilla_languages/objects/language_words.txt:2466	word+0x40	PE:RVA=0xee3e90..0xee40b0
ADJ	FALSE	false	虚假	data/vanilla/vanilla_languages/objects/language_words.txt:2467	word+0x60	PE:RVA=0xee3cf0..0xee3e8f
NOUN_SINGULAR	FAMINE	famine	饥荒	data/vanilla/vanilla_languages/objects/language_words.txt:2473	word+0x20	PE:RVA=0xee3e90..0xee40b0
NOUN_PLURAL	FAMINE	famines	饥荒	data/vanilla/vanilla_languages/objects/language_words.txt:2473	word+0x40	PE:RVA=0xee3e90..0xee40b0
NOUN_SINGULAR	FANG	fang	尖牙	data/vanilla/vanilla_languages/objects/language_words.txt:2484	word+0x20	PE:RVA=0xee3e90..0xee40b0
NOUN_PLURAL	FANG	fangs	尖牙	data/vanilla/vanilla_languages/objects/language_words.txt:2484	word+0x40	PE:RVA=0xee3e90..0xee40b0
NOUN_SINGULAR	FAT	fat	脂肪	data/vanilla/vanilla_languages/objects/language_words.txt:2494	word+0x20	PE:RVA=0xee3e90..0xee40b0
NOUN_PLURAL	FAT	fats	脂肪	data/vanilla/vanilla_languages/objects/language_words.txt:2494	word+0x40	PE:RVA=0xee3e90..0xee40b0
ADJ	FAT	fat	肥	data/vanilla/vanilla_languages/objects/language_words.txt:2502	word+0x60	PE:RVA=0xee3cf0..0xee3e8f
ADJ	FATAL	fatal	致命	data/vanilla/vanilla_languages/objects/language_words.txt:2508	word+0x60	PE:RVA=0xee3cf0..0xee3e8f
NOUN_SINGULAR	FATHER	father	父亲	data/vanilla/vanilla_languages/objects/language_words.txt:2515	word+0x20	PE:RVA=0xee3e90..0xee40b0
NOUN_PLURAL	FATHER	fathers	父亲	data/vanilla/vanilla_languages/objects/language_words.txt:2515	word+0x40	PE:RVA=0xee3e90..0xee40b0
NOUN_SINGULAR	FEAR	fear	恐惧	data/vanilla/vanilla_languages/objects/language_words.txt:2525	word+0x20	PE:RVA=0xee3e90..0xee40b0
NOUN_PLURAL	FEAR	fears	恐惧	data/vanilla/vanilla_languages/objects/language_words.txt:2525	word+0x40	PE:RVA=0xee3e90..0xee40b0
NOUN_SINGULAR	FEAST	feast	宴会	data/vanilla/vanilla_languages/objects/language_words.txt:2536	word+0x20	PE:RVA=0xee3e90..0xee40b0
NOUN_PLURAL	FEAST	feasts	宴会	data/vanilla/vanilla_languages/objects/language_words.txt:2536	word+0x40	PE:RVA=0xee3e90..0xee40b0
ADJ	FETID	fetid	恶臭	data/vanilla/vanilla_languages/objects/language_words.txt:2546	word+0x60	PE:RVA=0xee3cf0..0xee3e8f
NOUN_SINGULAR	FIEND	fiend	恶魔	data/vanilla/vanilla_languages/objects/language_words.txt:2553	word+0x20	PE:RVA=0xee3e90..0xee40b0
NOUN_PLURAL	FIEND	fiends	恶魔	data/vanilla/vanilla_languages/objects/language_words.txt:2553	word+0x40	PE:RVA=0xee3e90..0xee40b0
NOUN_SINGULAR	FIERCE	fierceness	凶猛	data/vanilla/vanilla_languages/objects/language_words.txt:2562	word+0x20	PE:RVA=0xee3e90..0xee40b0
NOUN_PLURAL	FIERCE	fiercenesses	凶猛	data/vanilla/vanilla_languages/objects/language_words.txt:2562	word+0x40	PE:RVA=0xee3e90..0xee40b0
ADJ	FIERCE	fierce	凶猛	data/vanilla/vanilla_languages/objects/language_words.txt:2564	word+0x60	PE:RVA=0xee3cf0..0xee3e8f
NOUN_SINGULAR	FILTH	filth	污秽	data/vanilla/vanilla_languages/objects/language_words.txt:2571	word+0x20	PE:RVA=0xee3e90..0xee40b0
NOUN_PLURAL	FILTH	filths	污秽	data/vanilla/vanilla_languages/objects/language_words.txt:2571	word+0x40	PE:RVA=0xee3e90..0xee40b0
NOUN_SINGULAR	FIN	fin	鳍	data/vanilla/vanilla_languages/objects/language_words.txt:2582	word+0x20	PE:RVA=0xee3e90..0xee40b0
NOUN_PLURAL	FIN	fins	鳍	data/vanilla/vanilla_languages/objects/language_words.txt:2582	word+0x40	PE:RVA=0xee3e90..0xee40b0
NOUN_SINGULAR	FIND	finder	发现者	data/vanilla/vanilla_languages/objects/language_words.txt:2592	word+0x20	PE:RVA=0xee3e90..0xee40b0
NOUN_PLURAL	FIND	finders	发现者	data/vanilla/vanilla_languages/objects/language_words.txt:2592	word+0x40	PE:RVA=0xee3e90..0xee40b0
NOUN_SINGULAR	FINGER	finger	手指	data/vanilla/vanilla_languages/objects/language_words.txt:2605	word+0x20	PE:RVA=0xee3e90..0xee40b0
NOUN_PLURAL	FINGER	fingers	手指	data/vanilla/vanilla_languages/objects/language_words.txt:2605	word+0x40	PE:RVA=0xee3e90..0xee40b0
NOUN_SINGULAR	FIRE	fire	火	data/vanilla/vanilla_languages/objects/language_words.txt:2615	word+0x20	PE:RVA=0xee3e90..0xee40b0
NOUN_PLURAL	FIRE	fires	火	data/vanilla/vanilla_languages/objects/language_words.txt:2615	word+0x40	PE:RVA=0xee3e90..0xee40b0
ADJ	FIRE	fiery	炽热	data/vanilla/vanilla_languages/objects/language_words.txt:2624	word+0x60	PE:RVA=0xee3cf0..0xee3e8f
ADJ	FIRST	first	第一	data/vanilla/vanilla_languages/objects/language_words.txt:2629	word+0x60	PE:RVA=0xee3cf0..0xee3e8f
NOUN_SINGULAR	FISH_ANIMAL	fish	鱼	data/vanilla/vanilla_languages/objects/language_words.txt:2636	word+0x20	PE:RVA=0xee3e90..0xee40b0
NOUN_PLURAL	FISH_ANIMAL	fishes	鱼	data/vanilla/vanilla_languages/objects/language_words.txt:2636	word+0x40	PE:RVA=0xee3e90..0xee40b0
NOUN_SINGULAR	FISH_VERB	fisher	渔夫	data/vanilla/vanilla_languages/objects/language_words.txt:2646	word+0x20	PE:RVA=0xee3e90..0xee40b0
NOUN_PLURAL	FISH_VERB	fishers	渔夫	data/vanilla/vanilla_languages/objects/language_words.txt:2646	word+0x40	PE:RVA=0xee3e90..0xee40b0
NOUN_SINGULAR	FIST	fist	拳头	data/vanilla/vanilla_languages/objects/language_words.txt:2658	word+0x20	PE:RVA=0xee3e90..0xee40b0
NOUN_PLURAL	FIST	fists	拳头	data/vanilla/vanilla_languages/objects/language_words.txt:2658	word+0x40	PE:RVA=0xee3e90..0xee40b0
NOUN_SINGULAR	FLAME	flame	火焰	data/vanilla/vanilla_languages/objects/language_words.txt:2668	word+0x20	PE:RVA=0xee3e90..0xee40b0
NOUN_PLURAL	FLAME	flames	火焰	data/vanilla/vanilla_languages/objects/language_words.txt:2668	word+0x40	PE:RVA=0xee3e90..0xee40b0
NOUN_SINGULAR	FLANK	flank	侧翼	data/vanilla/vanilla_languages/objects/language_words.txt:2679	word+0x20	PE:RVA=0xee3e90..0xee40b0
NOUN_PLURAL	FLANK	flanks	侧翼	data/vanilla/vanilla_languages/objects/language_words.txt:2679	word+0x40	PE:RVA=0xee3e90..0xee40b0
NOUN_SINGULAR	FLEA	flea	跳蚤	data/vanilla/vanilla_languages/objects/language_words.txt:2688	word+0x20	PE:RVA=0xee3e90..0xee40b0
NOUN_PLURAL	FLEA	fleas	跳蚤	data/vanilla/vanilla_languages/objects/language_words.txt:2688	word+0x40	PE:RVA=0xee3e90..0xee40b0
NOUN_SINGULAR	FLESH	flesh	血肉	data/vanilla/vanilla_languages/objects/language_words.txt:2698	word+0x20	PE:RVA=0xee3e90..0xee40b0
NOUN_PLURAL	FLESH	fleshes	血肉	data/vanilla/vanilla_languages/objects/language_words.txt:2698	word+0x40	PE:RVA=0xee3e90..0xee40b0
ADJ	FLESH	fleshy	肉	data/vanilla/vanilla_languages/objects/language_words.txt:2705	word+0x60	PE:RVA=0xee3cf0..0xee3e8f
NOUN_SINGULAR	FLOOD	flood	洪水	data/vanilla/vanilla_languages/objects/language_words.txt:2715	word+0x20	PE:RVA=0xee3e90..0xee40b0
NOUN_PLURAL	FLOOD	floods	洪水	data/vanilla/vanilla_languages/objects/language_words.txt:2715	word+0x40	PE:RVA=0xee3e90..0xee40b0
NOUN_SINGULAR	FLOWER	flower	花	data/vanilla/vanilla_languages/objects/language_words.txt:2727	word+0x20	PE:RVA=0xee3e90..0xee40b0
NOUN_PLURAL	FLOWER	flowers	花	data/vanilla/vanilla_languages/objects/language_words.txt:2727	word+0x40	PE:RVA=0xee3e90..0xee40b0
ADJ	FLOWER	flowery	多花	data/vanilla/vanilla_languages/objects/language_words.txt:2734	word+0x60	PE:RVA=0xee3cf0..0xee3e8f
NOUN_SINGULAR	FLUTE	flute	笛	data/vanilla/vanilla_languages/objects/language_words.txt:2738	word+0x20	PE:RVA=0xee3e90..0xee40b0
NOUN_PLURAL	FLUTE	flutes	笛	data/vanilla/vanilla_languages/objects/language_words.txt:2738	word+0x40	PE:RVA=0xee3e90..0xee40b0
NOUN_SINGULAR	FLY_ANIMAL	fly	苍蝇	data/vanilla/vanilla_languages/objects/language_words.txt:2749	word+0x20	PE:RVA=0xee3e90..0xee40b0
NOUN_PLURAL	FLY_ANIMAL	flies	苍蝇	data/vanilla/vanilla_languages/objects/language_words.txt:2749	word+0x40	PE:RVA=0xee3e90..0xee40b0
NOUN_SINGULAR	FLY_VERB	flier	飞行者	data/vanilla/vanilla_languages/objects/language_words.txt:2760	word+0x20	PE:RVA=0xee3e90..0xee40b0
NOUN_PLURAL	FLY_VERB	fliers	飞行者	data/vanilla/vanilla_languages/objects/language_words.txt:2760	word+0x40	PE:RVA=0xee3e90..0xee40b0
NOUN_SINGULAR	FOCUS	focus	焦点	data/vanilla/vanilla_languages/objects/language_words.txt:2772	word+0x20	PE:RVA=0xee3e90..0xee40b0
NOUN_PLURAL	FOCUS	focuses	焦点	data/vanilla/vanilla_languages/objects/language_words.txt:2772	word+0x40	PE:RVA=0xee3e90..0xee40b0
NOUN_SINGULAR	FOG	fog	雾	data/vanilla/vanilla_languages/objects/language_words.txt:2783	word+0x20	PE:RVA=0xee3e90..0xee40b0
NOUN_PLURAL	FOG	fogs	雾	data/vanilla/vanilla_languages/objects/language_words.txt:2783	word+0x40	PE:RVA=0xee3e90..0xee40b0
ADJ	FOG	foggy	多雾	data/vanilla/vanilla_languages/objects/language_words.txt:2792	word+0x60	PE:RVA=0xee3cf0..0xee3e8f
NOUN_SINGULAR	FOOL	fool	愚人	data/vanilla/vanilla_languages/objects/language_words.txt:2797	word+0x20	PE:RVA=0xee3e90..0xee40b0
NOUN_PLURAL	FOOL	fools	愚人	data/vanilla/vanilla_languages/objects/language_words.txt:2797	word+0x40	PE:RVA=0xee3e90..0xee40b0
ADJ	FOOL	foolish	愚蠢	data/vanilla/vanilla_languages/objects/language_words.txt:2804	word+0x60	PE:RVA=0xee3cf0..0xee3e8f
NOUN_SINGULAR	FOOT	foot	脚	data/vanilla/vanilla_languages/objects/language_words.txt:2808	word+0x20	PE:RVA=0xee3e90..0xee40b0
NOUN_PLURAL	FOOT	feet	脚	data/vanilla/vanilla_languages/objects/language_words.txt:2808	word+0x40	PE:RVA=0xee3e90..0xee40b0
NOUN_SINGULAR	FOREST	forest	森林	data/vanilla/vanilla_languages/objects/language_words.txt:2820	word+0x20	PE:RVA=0xee3e90..0xee40b0
NOUN_PLURAL	FOREST	forests	森林	data/vanilla/vanilla_languages/objects/language_words.txt:2820	word+0x40	PE:RVA=0xee3e90..0xee40b0
NOUN_SINGULAR	FORK	fork	叉子	data/vanilla/vanilla_languages/objects/language_words.txt:2830	word+0x20	PE:RVA=0xee3e90..0xee40b0
NOUN_PLURAL	FORK	forks	叉子	data/vanilla/vanilla_languages/objects/language_words.txt:2830	word+0x40	PE:RVA=0xee3e90..0xee40b0
NOUN_SINGULAR	FORTIFY	fortification	筑城	data/vanilla/vanilla_languages/objects/language_words.txt:2842	word+0x20	PE:RVA=0xee3e90..0xee40b0
NOUN_PLURAL	FORTIFY	fortifications	筑城	data/vanilla/vanilla_languages/objects/language_words.txt:2842	word+0x40	PE:RVA=0xee3e90..0xee40b0
NOUN_SINGULAR	FORTRESS	fortress	要塞	data/vanilla/vanilla_languages/objects/language_words.txt:2849	word+0x20	PE:RVA=0xee3e90..0xee40b0
NOUN_PLURAL	FORTRESS	fortresses	要塞	data/vanilla/vanilla_languages/objects/language_words.txt:2849	word+0x40	PE:RVA=0xee3e90..0xee40b0
ADJ	FRAGILE	fragile	易碎	data/vanilla/vanilla_languages/objects/language_words.txt:2858	word+0x60	PE:RVA=0xee3cf0..0xee3e8f
NOUN_SINGULAR	FRAGMENT	fragment	碎片	data/vanilla/vanilla_languages/objects/language_words.txt:2864	word+0x20	PE:RVA=0xee3e90..0xee40b0
NOUN_PLURAL	FRAGMENT	fragments	碎片	data/vanilla/vanilla_languages/objects/language_words.txt:2864	word+0x40	PE:RVA=0xee3e90..0xee40b0
NOUN_SINGULAR	FRAME	frame	框	data/vanilla/vanilla_languages/objects/language_words.txt:2875	word+0x20	PE:RVA=0xee3e90..0xee40b0
NOUN_PLURAL	FRAME	frames	框	data/vanilla/vanilla_languages/objects/language_words.txt:2875	word+0x40	PE:RVA=0xee3e90..0xee40b0
NOUN_SINGULAR	FREE	freedom	自由	data/vanilla/vanilla_languages/objects/language_words.txt:2891	word+0x20	PE:RVA=0xee3e90..0xee40b0
NOUN_PLURAL	FREE	freedoms	自由	data/vanilla/vanilla_languages/objects/language_words.txt:2891	word+0x40	PE:RVA=0xee3e90..0xee40b0
ADJ	FREE	free	自由	data/vanilla/vanilla_languages/objects/language_words.txt:2892	word+0x60	PE:RVA=0xee3cf0..0xee3e8f
NOUN_SINGULAR	FRENZY	frenzy	疯狂	data/vanilla/vanilla_languages/objects/language_words.txt:2899	word+0x20	PE:RVA=0xee3e90..0xee40b0
NOUN_PLURAL	FRENZY	frenzies	疯狂	data/vanilla/vanilla_languages/objects/language_words.txt:2899	word+0x40	PE:RVA=0xee3e90..0xee40b0
NOUN_SINGULAR	FRILL	frill	皱边	data/vanilla/vanilla_languages/objects/language_words.txt:2913	word+0x20	PE:RVA=0xee3e90..0xee40b0
NOUN_PLURAL	FRILL	frills	皱边	data/vanilla/vanilla_languages/objects/language_words.txt:2913	word+0x40	PE:RVA=0xee3e90..0xee40b0
ADJ	FRILL	frilly	有饰边	data/vanilla/vanilla_languages/objects/language_words.txt:2922	word+0x60	PE:RVA=0xee3cf0..0xee3e8f
NOUN_SINGULAR	FROG	frog	青蛙	data/vanilla/vanilla_languages/objects/language_words.txt:2928	word+0x20	PE:RVA=0xee3e90..0xee40b0
NOUN_PLURAL	FROG	frogs	青蛙	data/vanilla/vanilla_languages/objects/language_words.txt:2928	word+0x40	PE:RVA=0xee3e90..0xee40b0
NOUN_SINGULAR	FRUIT	fruit	水果	data/vanilla/vanilla_languages/objects/language_words.txt:2938	word+0x20	PE:RVA=0xee3e90..0xee40b0
NOUN_PLURAL	FRUIT	fruits	水果	data/vanilla/vanilla_languages/objects/language_words.txt:2938	word+0x40	PE:RVA=0xee3e90..0xee40b0
ADJ	FRUIT	fruity	水果	data/vanilla/vanilla_languages/objects/language_words.txt:2948	word+0x60	PE:RVA=0xee3cf0..0xee3e8f
NOUN_SINGULAR	FUNGUS	fungus	真菌	data/vanilla/vanilla_languages/objects/language_words.txt:2954	word+0x20	PE:RVA=0xee3e90..0xee40b0
NOUN_PLURAL	FUNGUS	fungi	真菌	data/vanilla/vanilla_languages/objects/language_words.txt:2954	word+0x40	PE:RVA=0xee3e90..0xee40b0
NOUN_SINGULAR	FUR	fur	毛皮	data/vanilla/vanilla_languages/objects/language_words.txt:2967	word+0x20	PE:RVA=0xee3e90..0xee40b0
NOUN_PLURAL	FUR	furs	毛皮	data/vanilla/vanilla_languages/objects/language_words.txt:2967	word+0x40	PE:RVA=0xee3e90..0xee40b0
NOUN_SINGULAR	GALL	gall	胆汁	data/vanilla/vanilla_languages/objects/language_words.txt:2978	word+0x20	PE:RVA=0xee3e90..0xee40b0
NOUN_PLURAL	GALL	galls	胆汁	data/vanilla/vanilla_languages/objects/language_words.txt:2978	word+0x40	PE:RVA=0xee3e90..0xee40b0
NOUN_SINGULAR	GAME	game	游戏	data/vanilla/vanilla_languages/objects/language_words.txt:2988	word+0x20	PE:RVA=0xee3e90..0xee40b0
NOUN_PLURAL	GAME	games	游戏	data/vanilla/vanilla_languages/objects/language_words.txt:2988	word+0x40	PE:RVA=0xee3e90..0xee40b0
ADJ	GARISH	garish	艳俗	data/vanilla/vanilla_languages/objects/language_words.txt:2998	word+0x60	PE:RVA=0xee3cf0..0xee3e8f
NOUN_SINGULAR	GARLIC	garlic	大蒜	data/vanilla/vanilla_languages/objects/language_words.txt:3003	word+0x20	PE:RVA=0xee3e90..0xee40b0
NOUN_PLURAL	GARLIC	garlics	大蒜	data/vanilla/vanilla_languages/objects/language_words.txt:3003	word+0x40	PE:RVA=0xee3e90..0xee40b0
NOUN_SINGULAR	GARNISH	garnish	装饰	data/vanilla/vanilla_languages/objects/language_words.txt:3013	word+0x20	PE:RVA=0xee3e90..0xee40b0
NOUN_PLURAL	GARNISH	garnishes	装饰	data/vanilla/vanilla_languages/objects/language_words.txt:3013	word+0x40	PE:RVA=0xee3e90..0xee40b0
NOUN_SINGULAR	GATE	gate	大门	data/vanilla/vanilla_languages/objects/language_words.txt:3025	word+0x20	PE:RVA=0xee3e90..0xee40b0
NOUN_PLURAL	GATE	gates	大门	data/vanilla/vanilla_languages/objects/language_words.txt:3025	word+0x40	PE:RVA=0xee3e90..0xee40b0
ADJ	GAUNT	gaunt	瘦削	data/vanilla/vanilla_languages/objects/language_words.txt:3035	word+0x60	PE:RVA=0xee3cf0..0xee3e8f
NOUN_SINGULAR	GAZE	gaze	凝视	data/vanilla/vanilla_languages/objects/language_words.txt:3041	word+0x20	PE:RVA=0xee3e90..0xee40b0
NOUN_PLURAL	GAZE	gazes	凝视	data/vanilla/vanilla_languages/objects/language_words.txt:3041	word+0x40	PE:RVA=0xee3e90..0xee40b0
NOUN_SINGULAR	GEAR	gear	齿轮	data/vanilla/vanilla_languages/objects/language_words.txt:3050	word+0x20	PE:RVA=0xee3e90..0xee40b0
NOUN_PLURAL	GEAR	gears	齿轮	data/vanilla/vanilla_languages/objects/language_words.txt:3050	word+0x40	PE:RVA=0xee3e90..0xee40b0
ADJ	GEAR	geared	齿轮驱动	data/vanilla/vanilla_languages/objects/language_words.txt:3059	word+0x60	PE:RVA=0xee3cf0..0xee3e8f
NOUN_SINGULAR	GERBIL	gerbil	沙鼠	data/vanilla/vanilla_languages/objects/language_words.txt:3065	word+0x20	PE:RVA=0xee3e90..0xee40b0
NOUN_PLURAL	GERBIL	gerbils	沙鼠	data/vanilla/vanilla_languages/objects/language_words.txt:3065	word+0x40	PE:RVA=0xee3e90..0xee40b0
NOUN_SINGULAR	GHOST	ghost	鬼	data/vanilla/vanilla_languages/objects/language_words.txt:3074	word+0x20	PE:RVA=0xee3e90..0xee40b0
NOUN_PLURAL	GHOST	ghosts	鬼	data/vanilla/vanilla_languages/objects/language_words.txt:3074	word+0x40	PE:RVA=0xee3e90..0xee40b0
NOUN_SINGULAR	GHOUL	ghoul	食尸鬼	data/vanilla/vanilla_languages/objects/language_words.txt:3083	word+0x20	PE:RVA=0xee3e90..0xee40b0
NOUN_PLURAL	GHOUL	ghouls	食尸鬼	data/vanilla/vanilla_languages/objects/language_words.txt:3083	word+0x40	PE:RVA=0xee3e90..0xee40b0
NOUN_SINGULAR	GIFT	gift	礼物	data/vanilla/vanilla_languages/objects/language_words.txt:3092	word+0x20	PE:RVA=0xee3e90..0xee40b0
NOUN_PLURAL	GIFT	gifts	礼物	data/vanilla/vanilla_languages/objects/language_words.txt:3092	word+0x40	PE:RVA=0xee3e90..0xee40b0
NOUN_SINGULAR	GILL	gill	鳃	data/vanilla/vanilla_languages/objects/language_words.txt:3104	word+0x20	PE:RVA=0xee3e90..0xee40b0
NOUN_PLURAL	GILL	gills	鳃	data/vanilla/vanilla_languages/objects/language_words.txt:3104	word+0x40	PE:RVA=0xee3e90..0xee40b0
NOUN_SINGULAR	GIRDLE	girdle	腰带	data/vanilla/vanilla_languages/objects/language_words.txt:3114	word+0x20	PE:RVA=0xee3e90..0xee40b0
NOUN_PLURAL	GIRDLE	girdles	腰带	data/vanilla/vanilla_languages/objects/language_words.txt:3114	word+0x40	PE:RVA=0xee3e90..0xee40b0
ADJ	GIRDLE	girdled	有环带	data/vanilla/vanilla_languages/objects/language_words.txt:3122	word+0x60	PE:RVA=0xee3cf0..0xee3e8f
NOUN_SINGULAR	GLAND	gland	腺	data/vanilla/vanilla_languages/objects/language_words.txt:3127	word+0x20	PE:RVA=0xee3e90..0xee40b0
NOUN_PLURAL	GLAND	glands	腺	data/vanilla/vanilla_languages/objects/language_words.txt:3127	word+0x40	PE:RVA=0xee3e90..0xee40b0
NOUN_SINGULAR	GLAZE	glaze	釉	data/vanilla/vanilla_languages/objects/language_words.txt:3136	word+0x20	PE:RVA=0xee3e90..0xee40b0
NOUN_PLURAL	GLAZE	glazes	釉	data/vanilla/vanilla_languages/objects/language_words.txt:3136	word+0x40	PE:RVA=0xee3e90..0xee40b0
NOUN_SINGULAR	GLEN	glen	峡谷	data/vanilla/vanilla_languages/objects/language_words.txt:3150	word+0x20	PE:RVA=0xee3e90..0xee40b0
NOUN_PLURAL	GLEN	glens	峡谷	data/vanilla/vanilla_languages/objects/language_words.txt:3150	word+0x40	PE:RVA=0xee3e90..0xee40b0
NOUN_SINGULAR	GLIMMER	glimmer	微光	data/vanilla/vanilla_languages/objects/language_words.txt:3164	word+0x20	PE:RVA=0xee3e90..0xee40b0
NOUN_PLURAL	GLIMMER	glimmers	微光	data/vanilla/vanilla_languages/objects/language_words.txt:3164	word+0x40	PE:RVA=0xee3e90..0xee40b0
NOUN_SINGULAR	GLOSS	gloss	光泽	data/vanilla/vanilla_languages/objects/language_words.txt:3179	word+0x20	PE:RVA=0xee3e90..0xee40b0
NOUN_PLURAL	GLOSS	glosses	光泽	data/vanilla/vanilla_languages/objects/language_words.txt:3179	word+0x40	PE:RVA=0xee3e90..0xee40b0
NOUN_SINGULAR	GLOVE	glove	手套	data/vanilla/vanilla_languages/objects/language_words.txt:3191	word+0x20	PE:RVA=0xee3e90..0xee40b0
NOUN_PLURAL	GLOVE	gloves	手套	data/vanilla/vanilla_languages/objects/language_words.txt:3191	word+0x40	PE:RVA=0xee3e90..0xee40b0
ADJ	GLOVE	gloved	戴手套	data/vanilla/vanilla_languages/objects/language_words.txt:3199	word+0x60	PE:RVA=0xee3cf0..0xee3e8f
NOUN_SINGULAR	GLUTTON	glutton	暴食者	data/vanilla/vanilla_languages/objects/language_words.txt:3204	word+0x20	PE:RVA=0xee3e90..0xee40b0
NOUN_PLURAL	GLUTTON	gluttons	暴食者	data/vanilla/vanilla_languages/objects/language_words.txt:3204	word+0x40	PE:RVA=0xee3e90..0xee40b0
NOUN_SINGULAR	GOAT	goat	山羊	data/vanilla/vanilla_languages/objects/language_words.txt:3213	word+0x20	PE:RVA=0xee3e90..0xee40b0
NOUN_PLURAL	GOAT	goats	山羊	data/vanilla/vanilla_languages/objects/language_words.txt:3213	word+0x40	PE:RVA=0xee3e90..0xee40b0
NOUN_SINGULAR	GOD	god	神	data/vanilla/vanilla_languages/objects/language_words.txt:3222	word+0x20	PE:RVA=0xee3e90..0xee40b0
NOUN_PLURAL	GOD	gods	神	data/vanilla/vanilla_languages/objects/language_words.txt:3222	word+0x40	PE:RVA=0xee3e90..0xee40b0
ADJ	GOD	godly	神圣	data/vanilla/vanilla_languages/objects/language_words.txt:3230	word+0x60	PE:RVA=0xee3cf0..0xee3e8f
ADJ	GOD-FORSAKEN	god-forsaken	神弃	data/vanilla/vanilla_languages/objects/language_words.txt:3235	word+0x60	PE:RVA=0xee3cf0..0xee3e8f
NOUN_SINGULAR	GOLD	gold	黄金	data/vanilla/vanilla_languages/objects/language_words.txt:3239	word+0x20	PE:RVA=0xee3e90..0xee40b0
NOUN_PLURAL	GOLD	golds	黄金	data/vanilla/vanilla_languages/objects/language_words.txt:3239	word+0x40	PE:RVA=0xee3e90..0xee40b0
ADJ	GOLD	golden	金	data/vanilla/vanilla_languages/objects/language_words.txt:3246	word+0x60	PE:RVA=0xee3cf0..0xee3e8f
NOUN_SINGULAR	GOOSE	goose	鹅	data/vanilla/vanilla_languages/objects/language_words.txt:3252	word+0x20	PE:RVA=0xee3e90..0xee40b0
NOUN_PLURAL	GOOSE	geese	鹅	data/vanilla/vanilla_languages/objects/language_words.txt:3252	word+0x40	PE:RVA=0xee3e90..0xee40b0
NOUN_SINGULAR	GORGE_NOUN	gorge	峡谷	data/vanilla/vanilla_languages/objects/language_words.txt:3267	word+0x20	PE:RVA=0xee3e90..0xee40b0
NOUN_PLURAL	GORGE_NOUN	gorges	峡谷	data/vanilla/vanilla_languages/objects/language_words.txt:3267	word+0x40	PE:RVA=0xee3e90..0xee40b0
NOUN_SINGULAR	GRAIN	grain	谷粒	data/vanilla/vanilla_languages/objects/language_words.txt:3280	word+0x20	PE:RVA=0xee3e90..0xee40b0
NOUN_PLURAL	GRAIN	grains	谷粒	data/vanilla/vanilla_languages/objects/language_words.txt:3280	word+0x40	PE:RVA=0xee3e90..0xee40b0
ADJ	GRAND	grand	宏伟	data/vanilla/vanilla_languages/objects/language_words.txt:3291	word+0x60	PE:RVA=0xee3cf0..0xee3e8f
NOUN_SINGULAR	GRAPE	grape	葡萄	data/vanilla/vanilla_languages/objects/language_words.txt:3298	word+0x20	PE:RVA=0xee3e90..0xee40b0
NOUN_PLURAL	GRAPE	grapes	葡萄	data/vanilla/vanilla_languages/objects/language_words.txt:3298	word+0x40	PE:RVA=0xee3e90..0xee40b0
NOUN_SINGULAR	GRASS	grass	草	data/vanilla/vanilla_languages/objects/language_words.txt:3309	word+0x20	PE:RVA=0xee3e90..0xee40b0
NOUN_PLURAL	GRASS	grasses	草	data/vanilla/vanilla_languages/objects/language_words.txt:3309	word+0x40	PE:RVA=0xee3e90..0xee40b0
NOUN_SINGULAR	GRAVE	grave	墓	data/vanilla/vanilla_languages/objects/language_words.txt:3320	word+0x20	PE:RVA=0xee3e90..0xee40b0
NOUN_PLURAL	GRAVE	graves	墓	data/vanilla/vanilla_languages/objects/language_words.txt:3320	word+0x40	PE:RVA=0xee3e90..0xee40b0
NOUN_SINGULAR	GREASE	grease	油脂	data/vanilla/vanilla_languages/objects/language_words.txt:3329	word+0x20	PE:RVA=0xee3e90..0xee40b0
NOUN_PLURAL	GREASE	greases	油脂	data/vanilla/vanilla_languages/objects/language_words.txt:3329	word+0x40	PE:RVA=0xee3e90..0xee40b0
NOUN_SINGULAR	GREAT	greatness	大	data/vanilla/vanilla_languages/objects/language_words.txt:3338	word+0x20	PE:RVA=0xee3e90..0xee40b0
NOUN_PLURAL	GREAT	greatnesses	大	data/vanilla/vanilla_languages/objects/language_words.txt:3338	word+0x40	PE:RVA=0xee3e90..0xee40b0
ADJ	GREAT	great	大	data/vanilla/vanilla_languages/objects/language_words.txt:3339	word+0x60	PE:RVA=0xee3cf0..0xee3e8f
NOUN_SINGULAR	GREED	greed	贪欲	data/vanilla/vanilla_languages/objects/language_words.txt:3345	word+0x20	PE:RVA=0xee3e90..0xee40b0
NOUN_PLURAL	GREED	greeds	贪欲	data/vanilla/vanilla_languages/objects/language_words.txt:3345	word+0x40	PE:RVA=0xee3e90..0xee40b0
NOUN_SINGULAR	GREEN	greenness	绿色	data/vanilla/vanilla_languages/objects/language_words.txt:3354	word+0x20	PE:RVA=0xee3e90..0xee40b0
NOUN_PLURAL	GREEN	greennessses	绿色	data/vanilla/vanilla_languages/objects/language_words.txt:3354	word+0x40	PE:RVA=0xee3e90..0xee40b0
ADJ	GREEN	green	绿色	data/vanilla/vanilla_languages/objects/language_words.txt:3355	word+0x60	PE:RVA=0xee3cf0..0xee3e8f
NOUN_SINGULAR	GRIFFON	griffon	狮鹫	data/vanilla/vanilla_languages/objects/language_words.txt:3360	word+0x20	PE:RVA=0xee3e90..0xee40b0
NOUN_PLURAL	GRIFFON	griffons	狮鹫	data/vanilla/vanilla_languages/objects/language_words.txt:3360	word+0x40	PE:RVA=0xee3e90..0xee40b0
ADJ	GRIM	grim	冷酷	data/vanilla/vanilla_languages/objects/language_words.txt:3374	word+0x60	PE:RVA=0xee3cf0..0xee3e8f
NOUN_SINGULAR	GRIP	grip	紧握	data/vanilla/vanilla_languages/objects/language_words.txt:3383	word+0x20	PE:RVA=0xee3e90..0xee40b0
NOUN_PLURAL	GRIP	grips	紧握	data/vanilla/vanilla_languages/objects/language_words.txt:3383	word+0x40	PE:RVA=0xee3e90..0xee40b0
NOUN_SINGULAR	GRISTLE	gristle	软骨	data/vanilla/vanilla_languages/objects/language_words.txt:3395	word+0x20	PE:RVA=0xee3e90..0xee40b0
NOUN_PLURAL	GRISTLE	gristles	软骨	data/vanilla/vanilla_languages/objects/language_words.txt:3395	word+0x40	PE:RVA=0xee3e90..0xee40b0
ADJ	GRISTLE	gristly	软骨	data/vanilla/vanilla_languages/objects/language_words.txt:3403	word+0x60	PE:RVA=0xee3cf0..0xee3e8f
NOUN_SINGULAR	GRIZZLE	grizzle	灰白	data/vanilla/vanilla_languages/objects/language_words.txt:3409	word+0x20	PE:RVA=0xee3e90..0xee40b0
NOUN_PLURAL	GRIZZLE	grizzles	灰白	data/vanilla/vanilla_languages/objects/language_words.txt:3409	word+0x40	PE:RVA=0xee3e90..0xee40b0
ADJ	GRIZZLE	grizzly	灰白	data/vanilla/vanilla_languages/objects/language_words.txt:3416	word+0x60	PE:RVA=0xee3cf0..0xee3e8f
NOUN_SINGULAR	GROVE	grove	小树林	data/vanilla/vanilla_languages/objects/language_words.txt:3422	word+0x20	PE:RVA=0xee3e90..0xee40b0
NOUN_PLURAL	GROVE	groves	小树林	data/vanilla/vanilla_languages/objects/language_words.txt:3422	word+0x40	PE:RVA=0xee3e90..0xee40b0
NOUN_SINGULAR	GROW	grower	种植者	data/vanilla/vanilla_languages/objects/language_words.txt:3431	word+0x20	PE:RVA=0xee3e90..0xee40b0
NOUN_PLURAL	GROW	growers	种植者	data/vanilla/vanilla_languages/objects/language_words.txt:3431	word+0x40	PE:RVA=0xee3e90..0xee40b0
NOUN_SINGULAR	GROWL	growl	吠声	data/vanilla/vanilla_languages/objects/language_words.txt:3442	word+0x20	PE:RVA=0xee3e90..0xee40b0
NOUN_PLURAL	GROWL	growls	吠声	data/vanilla/vanilla_languages/objects/language_words.txt:3442	word+0x40	PE:RVA=0xee3e90..0xee40b0
NOUN_SINGULAR	GROWTH	growth	生长	data/vanilla/vanilla_languages/objects/language_words.txt:3454	word+0x20	PE:RVA=0xee3e90..0xee40b0
NOUN_PLURAL	GROWTH	growths	生长	data/vanilla/vanilla_languages/objects/language_words.txt:3454	word+0x40	PE:RVA=0xee3e90..0xee40b0
NOUN_SINGULAR	GRUB	grub	幼虫	data/vanilla/vanilla_languages/objects/language_words.txt:3465	word+0x20	PE:RVA=0xee3e90..0xee40b0
NOUN_PLURAL	GRUB	grubs	幼虫	data/vanilla/vanilla_languages/objects/language_words.txt:3465	word+0x40	PE:RVA=0xee3e90..0xee40b0
NOUN_SINGULAR	GUARD	guard	守卫者	data/vanilla/vanilla_languages/objects/language_words.txt:3475	word+0x20	PE:RVA=0xee3e90..0xee40b0
NOUN_PLURAL	GUARD	guards	守卫者	data/vanilla/vanilla_languages/objects/language_words.txt:3475	word+0x40	PE:RVA=0xee3e90..0xee40b0
NOUN_SINGULAR	GUILE	guile	狡猾	data/vanilla/vanilla_languages/objects/language_words.txt:3486	word+0x20	PE:RVA=0xee3e90..0xee40b0
NOUN_PLURAL	GUILE	guiles	狡猾	data/vanilla/vanilla_languages/objects/language_words.txt:3486	word+0x40	PE:RVA=0xee3e90..0xee40b0
NOUN_SINGULAR	GUISE	guise	外表	data/vanilla/vanilla_languages/objects/language_words.txt:3496	word+0x20	PE:RVA=0xee3e90..0xee40b0
NOUN_PLURAL	GUISE	guises	外表	data/vanilla/vanilla_languages/objects/language_words.txt:3496	word+0x40	PE:RVA=0xee3e90..0xee40b0
NOUN_SINGULAR	GUT	gut	内脏	data/vanilla/vanilla_languages/objects/language_words.txt:3506	word+0x20	PE:RVA=0xee3e90..0xee40b0
NOUN_PLURAL	GUT	guts	内脏	data/vanilla/vanilla_languages/objects/language_words.txt:3506	word+0x40	PE:RVA=0xee3e90..0xee40b0
NOUN_SINGULAR	GUTTER	gutter	排水沟	data/vanilla/vanilla_languages/objects/language_words.txt:3519	word+0x20	PE:RVA=0xee3e90..0xee40b0
NOUN_PLURAL	GUTTER	gutters	排水沟	data/vanilla/vanilla_languages/objects/language_words.txt:3519	word+0x40	PE:RVA=0xee3e90..0xee40b0
NOUN_SINGULAR	HAG	hag	女巫	data/vanilla/vanilla_languages/objects/language_words.txt:3529	word+0x20	PE:RVA=0xee3e90..0xee40b0
NOUN_PLURAL	HAG	hags	女巫	data/vanilla/vanilla_languages/objects/language_words.txt:3529	word+0x40	PE:RVA=0xee3e90..0xee40b0
NOUN_SINGULAR	HAIR	hair	头发	data/vanilla/vanilla_languages/objects/language_words.txt:3538	word+0x20	PE:RVA=0xee3e90..0xee40b0
NOUN_PLURAL	HAIR	hairs	头发	data/vanilla/vanilla_languages/objects/language_words.txt:3538	word+0x40	PE:RVA=0xee3e90..0xee40b0
ADJ	HAIRY	hairy	多毛	data/vanilla/vanilla_languages/objects/language_words.txt:3548	word+0x60	PE:RVA=0xee3cf0..0xee3e8f
NOUN_SINGULAR	HAME	hame	颈轭	data/vanilla/vanilla_languages/objects/language_words.txt:3554	word+0x20	PE:RVA=0xee3e90..0xee40b0
NOUN_PLURAL	HAME	hames	颈轭	data/vanilla/vanilla_languages/objects/language_words.txt:3554	word+0x40	PE:RVA=0xee3e90..0xee40b0
NOUN_SINGULAR	HAMMER	hammer	锤	data/vanilla/vanilla_languages/objects/language_words.txt:3564	word+0x20	PE:RVA=0xee3e90..0xee40b0
NOUN_PLURAL	HAMMER	hammers	锤	data/vanilla/vanilla_languages/objects/language_words.txt:3564	word+0x40	PE:RVA=0xee3e90..0xee40b0
NOUN_SINGULAR	HAMMERER	hammerer	锤手	data/vanilla/vanilla_languages/objects/language_words.txt:3574	word+0x20	PE:RVA=0xee3e90..0xee40b0
NOUN_PLURAL	HAMMERER	hammerers	锤手	data/vanilla/vanilla_languages/objects/language_words.txt:3574	word+0x40	PE:RVA=0xee3e90..0xee40b0
NOUN_SINGULAR	HAND	hand	手	data/vanilla/vanilla_languages/objects/language_words.txt:3580	word+0x20	PE:RVA=0xee3e90..0xee40b0
NOUN_PLURAL	HAND	hands	手	data/vanilla/vanilla_languages/objects/language_words.txt:3580	word+0x40	PE:RVA=0xee3e90..0xee40b0
ADJ	HANDY	handy	灵巧	data/vanilla/vanilla_languages/objects/language_words.txt:3590	word+0x60	PE:RVA=0xee3cf0..0xee3e8f
NOUN_SINGULAR	HARE	hare	野兔	data/vanilla/vanilla_languages/objects/language_words.txt:3596	word+0x20	PE:RVA=0xee3e90..0xee40b0
NOUN_PLURAL	HARE	hares	野兔	data/vanilla/vanilla_languages/objects/language_words.txt:3596	word+0x40	PE:RVA=0xee3e90..0xee40b0
NOUN_SINGULAR	HARVEST	harvest	收获	data/vanilla/vanilla_languages/objects/language_words.txt:3607	word+0x20	PE:RVA=0xee3e90..0xee40b0
NOUN_PLURAL	HARVEST	harvests	收获	data/vanilla/vanilla_languages/objects/language_words.txt:3607	word+0x40	PE:RVA=0xee3e90..0xee40b0
NOUN_SINGULAR	HARVEST_VERB	harvester	收获者	data/vanilla/vanilla_languages/objects/language_words.txt:3617	word+0x20	PE:RVA=0xee3e90..0xee40b0
NOUN_PLURAL	HARVEST_VERB	harvesters	收获者	data/vanilla/vanilla_languages/objects/language_words.txt:3617	word+0x40	PE:RVA=0xee3e90..0xee40b0
NOUN_SINGULAR	HATCHET	hatchet	斧头	data/vanilla/vanilla_languages/objects/language_words.txt:3624	word+0x20	PE:RVA=0xee3e90..0xee40b0
NOUN_PLURAL	HATCHET	hatchets	斧头	data/vanilla/vanilla_languages/objects/language_words.txt:3624	word+0x40	PE:RVA=0xee3e90..0xee40b0
NOUN_SINGULAR	HATE	hate	憎恨	data/vanilla/vanilla_languages/objects/language_words.txt:3634	word+0x20	PE:RVA=0xee3e90..0xee40b0
NOUN_PLURAL	HATE	hates	憎恨	data/vanilla/vanilla_languages/objects/language_words.txt:3634	word+0x40	PE:RVA=0xee3e90..0xee40b0
ADJ	HATE	hateful	憎恨	data/vanilla/vanilla_languages/objects/language_words.txt:3641	word+0x60	PE:RVA=0xee3cf0..0xee3e8f
NOUN_SINGULAR	HAUNT	haunt	幽所	data/vanilla/vanilla_languages/objects/language_words.txt:3647	word+0x20	PE:RVA=0xee3e90..0xee40b0
NOUN_PLURAL	HAUNT	haunts	幽所	data/vanilla/vanilla_languages/objects/language_words.txt:3647	word+0x40	PE:RVA=0xee3e90..0xee40b0
NOUN_SINGULAR	HAWK	hawk	鹰	data/vanilla/vanilla_languages/objects/language_words.txt:3660	word+0x20	PE:RVA=0xee3e90..0xee40b0
NOUN_PLURAL	HAWK	hawks	鹰	data/vanilla/vanilla_languages/objects/language_words.txt:3660	word+0x40	PE:RVA=0xee3e90..0xee40b0
NOUN_SINGULAR	HAY	hay	干草	data/vanilla/vanilla_languages/objects/language_words.txt:3669	word+0x20	PE:RVA=0xee3e90..0xee40b0
NOUN_PLURAL	HAY	hays	干草	data/vanilla/vanilla_languages/objects/language_words.txt:3669	word+0x40	PE:RVA=0xee3e90..0xee40b0
NOUN_SINGULAR	HEAD	head	头	data/vanilla/vanilla_languages/objects/language_words.txt:3679	word+0x20	PE:RVA=0xee3e90..0xee40b0
NOUN_PLURAL	HEAD	heads	头	data/vanilla/vanilla_languages/objects/language_words.txt:3679	word+0x40	PE:RVA=0xee3e90..0xee40b0
NOUN_SINGULAR	HEART	heart	心	data/vanilla/vanilla_languages/objects/language_words.txt:3688	word+0x20	PE:RVA=0xee3e90..0xee40b0
NOUN_PLURAL	HEART	hearts	心	data/vanilla/vanilla_languages/objects/language_words.txt:3688	word+0x40	PE:RVA=0xee3e90..0xee40b0
NOUN_SINGULAR	HEARTH	hearth	炉床	data/vanilla/vanilla_languages/objects/language_words.txt:3698	word+0x20	PE:RVA=0xee3e90..0xee40b0
NOUN_PLURAL	HEARTH	hearths	炉床	data/vanilla/vanilla_languages/objects/language_words.txt:3698	word+0x40	PE:RVA=0xee3e90..0xee40b0
NOUN_SINGULAR	HEATHER	heather	石南花	data/vanilla/vanilla_languages/objects/language_words.txt:3708	word+0x20	PE:RVA=0xee3e90..0xee40b0
NOUN_PLURAL	HEATHER	heathers	石南花	data/vanilla/vanilla_languages/objects/language_words.txt:3708	word+0x40	PE:RVA=0xee3e90..0xee40b0
NOUN_SINGULAR	HEDGE	hedge	树篱	data/vanilla/vanilla_languages/objects/language_words.txt:3719	word+0x20	PE:RVA=0xee3e90..0xee40b0
NOUN_PLURAL	HEDGE	hedges	树篱	data/vanilla/vanilla_languages/objects/language_words.txt:3719	word+0x40	PE:RVA=0xee3e90..0xee40b0
NOUN_SINGULAR	HELL	hell	地狱	data/vanilla/vanilla_languages/objects/language_words.txt:3730	word+0x20	PE:RVA=0xee3e90..0xee40b0
NOUN_PLURAL	HELL	hells	地狱	data/vanilla/vanilla_languages/objects/language_words.txt:3730	word+0x40	PE:RVA=0xee3e90..0xee40b0
ADJ	HELL	hellish	地狱	data/vanilla/vanilla_languages/objects/language_words.txt:3737	word+0x60	PE:RVA=0xee3cf0..0xee3e8f
NOUN_SINGULAR	HELM	helm	头盔	data/vanilla/vanilla_languages/objects/language_words.txt:3741	word+0x20	PE:RVA=0xee3e90..0xee40b0
NOUN_PLURAL	HELM	helms	头盔	data/vanilla/vanilla_languages/objects/language_words.txt:3741	word+0x40	PE:RVA=0xee3e90..0xee40b0
ADJ	HELM	helmed	戴头盔	data/vanilla/vanilla_languages/objects/language_words.txt:3751	word+0x60	PE:RVA=0xee3cf0..0xee3e8f
NOUN_SINGULAR	HERO	hero	英雄	data/vanilla/vanilla_languages/objects/language_words.txt:3756	word+0x20	PE:RVA=0xee3e90..0xee40b0
NOUN_PLURAL	HERO	heroes	英雄	data/vanilla/vanilla_languages/objects/language_words.txt:3756	word+0x40	PE:RVA=0xee3e90..0xee40b0
ADJ	HERO	heroic	英勇	data/vanilla/vanilla_languages/objects/language_words.txt:3763	word+0x60	PE:RVA=0xee3cf0..0xee3e8f
NOUN_SINGULAR	HEX	hex	诅咒	data/vanilla/vanilla_languages/objects/language_words.txt:3768	word+0x20	PE:RVA=0xee3e90..0xee40b0
NOUN_PLURAL	HEX	hexes	诅咒	data/vanilla/vanilla_languages/objects/language_words.txt:3768	word+0x40	PE:RVA=0xee3e90..0xee40b0
NOUN_SINGULAR	HIDE	hide	兽皮	data/vanilla/vanilla_languages/objects/language_words.txt:3777	word+0x20	PE:RVA=0xee3e90..0xee40b0
NOUN_PLURAL	HIDE	hides	兽皮	data/vanilla/vanilla_languages/objects/language_words.txt:3777	word+0x40	PE:RVA=0xee3e90..0xee40b0
ADJ	HIDEOUS	hideous	丑恶	data/vanilla/vanilla_languages/objects/language_words.txt:3788	word+0x60	PE:RVA=0xee3cf0..0xee3e8f
ADJ	HIGH	high	高	data/vanilla/vanilla_languages/objects/language_words.txt:3793	word+0x60	PE:RVA=0xee3cf0..0xee3e8f
NOUN_SINGULAR	HILL	hill	丘陵	data/vanilla/vanilla_languages/objects/language_words.txt:3800	word+0x20	PE:RVA=0xee3e90..0xee40b0
NOUN_PLURAL	HILL	hills	丘陵	data/vanilla/vanilla_languages/objects/language_words.txt:3800	word+0x40	PE:RVA=0xee3e90..0xee40b0
NOUN_SINGULAR	HIP	hip	臀部	data/vanilla/vanilla_languages/objects/language_words.txt:3810	word+0x20	PE:RVA=0xee3e90..0xee40b0
NOUN_PLURAL	HIP	hips	臀部	data/vanilla/vanilla_languages/objects/language_words.txt:3810	word+0x40	PE:RVA=0xee3e90..0xee40b0
ADJ	HOARY	hoary	灰白	data/vanilla/vanilla_languages/objects/language_words.txt:3821	word+0x60	PE:RVA=0xee3cf0..0xee3e8f
NOUN_SINGULAR	HOG	hog	猪	data/vanilla/vanilla_languages/objects/language_words.txt:3831	word+0x20	PE:RVA=0xee3e90..0xee40b0
NOUN_PLURAL	HOG	hogs	猪	data/vanilla/vanilla_languages/objects/language_words.txt:3831	word+0x40	PE:RVA=0xee3e90..0xee40b0
NOUN_SINGULAR	HOLY	holiness	神圣	data/vanilla/vanilla_languages/objects/language_words.txt:3841	word+0x20	PE:RVA=0xee3e90..0xee40b0
NOUN_PLURAL	HOLY	holinesses	神圣	data/vanilla/vanilla_languages/objects/language_words.txt:3841	word+0x40	PE:RVA=0xee3e90..0xee40b0
ADJ	HOLY	holy	神圣	data/vanilla/vanilla_languages/objects/language_words.txt:3844	word+0x60	PE:RVA=0xee3cf0..0xee3e8f
NOUN_SINGULAR	HOLE	hole	孔	data/vanilla/vanilla_languages/objects/language_words.txt:3855	word+0x20	PE:RVA=0xee3e90..0xee40b0
NOUN_PLURAL	HOLE	holes	孔	data/vanilla/vanilla_languages/objects/language_words.txt:3855	word+0x40	PE:RVA=0xee3e90..0xee40b0
NOUN_SINGULAR	HOME	home	家	data/vanilla/vanilla_languages/objects/language_words.txt:3865	word+0x20	PE:RVA=0xee3e90..0xee40b0
NOUN_PLURAL	HOME	homes	家	data/vanilla/vanilla_languages/objects/language_words.txt:3865	word+0x40	PE:RVA=0xee3e90..0xee40b0
NOUN_SINGULAR	HONEY	honey	蜂蜜	data/vanilla/vanilla_languages/objects/language_words.txt:3878	word+0x20	PE:RVA=0xee3e90..0xee40b0
NOUN_PLURAL	HONEY	honeys	蜂蜜	data/vanilla/vanilla_languages/objects/language_words.txt:3878	word+0x40	PE:RVA=0xee3e90..0xee40b0
NOUN_SINGULAR	HOOD	hood	头巾	data/vanilla/vanilla_languages/objects/language_words.txt:3889	word+0x20	PE:RVA=0xee3e90..0xee40b0
NOUN_PLURAL	HOOD	hoods	头巾	data/vanilla/vanilla_languages/objects/language_words.txt:3889	word+0x40	PE:RVA=0xee3e90..0xee40b0
NOUN_SINGULAR	HOOF	hoof	蹄	data/vanilla/vanilla_languages/objects/language_words.txt:3898	word+0x20	PE:RVA=0xee3e90..0xee40b0
NOUN_PLURAL	HOOF	hooves	蹄	data/vanilla/vanilla_languages/objects/language_words.txt:3898	word+0x40	PE:RVA=0xee3e90..0xee40b0
NOUN_SINGULAR	HOP_NOUN	hop	单脚跳	data/vanilla/vanilla_languages/objects/language_words.txt:3908	word+0x20	PE:RVA=0xee3e90..0xee40b0
NOUN_PLURAL	HOP_NOUN	hops	单脚跳	data/vanilla/vanilla_languages/objects/language_words.txt:3908	word+0x40	PE:RVA=0xee3e90..0xee40b0
NOUN_SINGULAR	HOP_VERB	hopper	跃者	data/vanilla/vanilla_languages/objects/language_words.txt:3918	word+0x20	PE:RVA=0xee3e90..0xee40b0
NOUN_PLURAL	HOP_VERB	hoppers	跃者	data/vanilla/vanilla_languages/objects/language_words.txt:3918	word+0x40	PE:RVA=0xee3e90..0xee40b0
NOUN_SINGULAR	HORN	horn	角	data/vanilla/vanilla_languages/objects/language_words.txt:3930	word+0x20	PE:RVA=0xee3e90..0xee40b0
NOUN_PLURAL	HORN	horns	角	data/vanilla/vanilla_languages/objects/language_words.txt:3930	word+0x40	PE:RVA=0xee3e90..0xee40b0
NOUN_SINGULAR	HORSE	horse	马	data/vanilla/vanilla_languages/objects/language_words.txt:3940	word+0x20	PE:RVA=0xee3e90..0xee40b0
NOUN_PLURAL	HORSE	horses	马	data/vanilla/vanilla_languages/objects/language_words.txt:3940	word+0x40	PE:RVA=0xee3e90..0xee40b0
NOUN_SINGULAR	HOUND	hound	猎犬	data/vanilla/vanilla_languages/objects/language_words.txt:3950	word+0x20	PE:RVA=0xee3e90..0xee40b0
NOUN_PLURAL	HOUND	hounds	猎犬	data/vanilla/vanilla_languages/objects/language_words.txt:3950	word+0x40	PE:RVA=0xee3e90..0xee40b0
NOUN_SINGULAR	HOWL	howl	嗥叫	data/vanilla/vanilla_languages/objects/language_words.txt:3960	word+0x20	PE:RVA=0xee3e90..0xee40b0
NOUN_PLURAL	HOWL	howls	嗥叫	data/vanilla/vanilla_languages/objects/language_words.txt:3960	word+0x40	PE:RVA=0xee3e90..0xee40b0
NOUN_SINGULAR	HUG	hug	紧抱	data/vanilla/vanilla_languages/objects/language_words.txt:3970	word+0x20	PE:RVA=0xee3e90..0xee40b0
NOUN_PLURAL	HUG	hugs	紧抱	data/vanilla/vanilla_languages/objects/language_words.txt:3970	word+0x40	PE:RVA=0xee3e90..0xee40b0
NOUN_SINGULAR	HUNGER	hunger	饥饿	data/vanilla/vanilla_languages/objects/language_words.txt:3988	word+0x20	PE:RVA=0xee3e90..0xee40b0
NOUN_PLURAL	HUNGER	hungers	饥饿	data/vanilla/vanilla_languages/objects/language_words.txt:3988	word+0x40	PE:RVA=0xee3e90..0xee40b0
ADJ	HUNGER	hungry	饥饿	data/vanilla/vanilla_languages/objects/language_words.txt:3995	word+0x60	PE:RVA=0xee3cf0..0xee3e8f
NOUN_SINGULAR	ICE	ice	冰	data/vanilla/vanilla_languages/objects/language_words.txt:4003	word+0x20	PE:RVA=0xee3e90..0xee40b0
NOUN_PLURAL	ICE	ices	冰	data/vanilla/vanilla_languages/objects/language_words.txt:4003	word+0x40	PE:RVA=0xee3e90..0xee40b0
ADJ	ICE	icy	冰	data/vanilla/vanilla_languages/objects/language_words.txt:4010	word+0x60	PE:RVA=0xee3cf0..0xee3e8f
NOUN_SINGULAR	IDLE	idleness	懒惰	data/vanilla/vanilla_languages/objects/language_words.txt:4015	word+0x20	PE:RVA=0xee3e90..0xee40b0
NOUN_PLURAL	IDLE	idlenesses	懒惰	data/vanilla/vanilla_languages/objects/language_words.txt:4015	word+0x40	PE:RVA=0xee3e90..0xee40b0
ADJ	IDLE	idle	懒惰	data/vanilla/vanilla_languages/objects/language_words.txt:4019	word+0x60	PE:RVA=0xee3cf0..0xee3e8f
NOUN_SINGULAR	IDOL	idol	偶像	data/vanilla/vanilla_languages/objects/language_words.txt:4026	word+0x20	PE:RVA=0xee3e90..0xee40b0
NOUN_PLURAL	IDOL	idols	偶像	data/vanilla/vanilla_languages/objects/language_words.txt:4026	word+0x40	PE:RVA=0xee3e90..0xee40b0
NOUN_SINGULAR	ILL	illness	疾病	data/vanilla/vanilla_languages/objects/language_words.txt:4035	word+0x20	PE:RVA=0xee3e90..0xee40b0
NOUN_PLURAL	ILL	illnesses	疾病	data/vanilla/vanilla_languages/objects/language_words.txt:4035	word+0x40	PE:RVA=0xee3e90..0xee40b0
ADJ	ILL	ill	生病	data/vanilla/vanilla_languages/objects/language_words.txt:4042	word+0x60	PE:RVA=0xee3cf0..0xee3e8f
NOUN_SINGULAR	IMPURE	impurity	杂质	data/vanilla/vanilla_languages/objects/language_words.txt:4047	word+0x20	PE:RVA=0xee3e90..0xee40b0
NOUN_PLURAL	IMPURE	impurities	杂质	data/vanilla/vanilla_languages/objects/language_words.txt:4047	word+0x40	PE:RVA=0xee3e90..0xee40b0
ADJ	IMPURE	impure	不纯	data/vanilla/vanilla_languages/objects/language_words.txt:4048	word+0x60	PE:RVA=0xee3cf0..0xee3e8f
NOUN_SINGULAR	INCENSE	incense	香	data/vanilla/vanilla_languages/objects/language_words.txt:4052	word+0x20	PE:RVA=0xee3e90..0xee40b0
NOUN_PLURAL	INCENSE	incenses	香	data/vanilla/vanilla_languages/objects/language_words.txt:4052	word+0x40	PE:RVA=0xee3e90..0xee40b0
NOUN_SINGULAR	INCH	inch	英寸	data/vanilla/vanilla_languages/objects/language_words.txt:4062	word+0x20	PE:RVA=0xee3e90..0xee40b0
NOUN_PLURAL	INCH	inches	英寸	data/vanilla/vanilla_languages/objects/language_words.txt:4062	word+0x40	PE:RVA=0xee3e90..0xee40b0
NOUN_SINGULAR	INK	ink	墨水	data/vanilla/vanilla_languages/objects/language_words.txt:4074	word+0x20	PE:RVA=0xee3e90..0xee40b0
NOUN_PLURAL	INK	inks	墨水	data/vanilla/vanilla_languages/objects/language_words.txt:4074	word+0x40	PE:RVA=0xee3e90..0xee40b0
ADJ	INK	inky	墨水	data/vanilla/vanilla_languages/objects/language_words.txt:4084	word+0x60	PE:RVA=0xee3cf0..0xee3e8f
NOUN_SINGULAR	INN	inn	旅馆	data/vanilla/vanilla_languages/objects/language_words.txt:4091	word+0x20	PE:RVA=0xee3e90..0xee40b0
NOUN_PLURAL	INN	inns	旅馆	data/vanilla/vanilla_languages/objects/language_words.txt:4091	word+0x40	PE:RVA=0xee3e90..0xee40b0
NOUN_SINGULAR	INSANITY	insanity	疯狂	data/vanilla/vanilla_languages/objects/language_words.txt:4102	word+0x20	PE:RVA=0xee3e90..0xee40b0
NOUN_PLURAL	INSANITY	insanities	疯狂	data/vanilla/vanilla_languages/objects/language_words.txt:4102	word+0x40	PE:RVA=0xee3e90..0xee40b0
ADJ	INVISIBLE	invisible	看不见	data/vanilla/vanilla_languages/objects/language_words.txt:4110	word+0x60	PE:RVA=0xee3cf0..0xee3e8f
NOUN_SINGULAR	IRON	iron	铁	data/vanilla/vanilla_languages/objects/language_words.txt:4114	word+0x20	PE:RVA=0xee3e90..0xee40b0
NOUN_PLURAL	IRON	irons	铁	data/vanilla/vanilla_languages/objects/language_words.txt:4114	word+0x40	PE:RVA=0xee3e90..0xee40b0
NOUN_SINGULAR	ITCH	itch	痒	data/vanilla/vanilla_languages/objects/language_words.txt:4125	word+0x20	PE:RVA=0xee3e90..0xee40b0
NOUN_PLURAL	ITCH	itches	痒	data/vanilla/vanilla_languages/objects/language_words.txt:4125	word+0x40	PE:RVA=0xee3e90..0xee40b0
NOUN_SINGULAR	IVY	ivy	常春藤	data/vanilla/vanilla_languages/objects/language_words.txt:4135	word+0x20	PE:RVA=0xee3e90..0xee40b0
NOUN_PLURAL	IVY	ivy	常春藤	data/vanilla/vanilla_languages/objects/language_words.txt:4135	word+0x40	PE:RVA=0xee3e90..0xee40b0
NOUN_SINGULAR	JACK	jack	千斤顶	data/vanilla/vanilla_languages/objects/language_words.txt:4147	word+0x20	PE:RVA=0xee3e90..0xee40b0
NOUN_PLURAL	JACK	jacks	千斤顶	data/vanilla/vanilla_languages/objects/language_words.txt:4147	word+0x40	PE:RVA=0xee3e90..0xee40b0
NOUN_SINGULAR	JACKAL	jackal	豺	data/vanilla/vanilla_languages/objects/language_words.txt:4158	word+0x20	PE:RVA=0xee3e90..0xee40b0
NOUN_PLURAL	JACKAL	jackals	豺	data/vanilla/vanilla_languages/objects/language_words.txt:4158	word+0x40	PE:RVA=0xee3e90..0xee40b0
NOUN_SINGULAR	JAUNDICE	jaundice	黄疸	data/vanilla/vanilla_languages/objects/language_words.txt:4167	word+0x20	PE:RVA=0xee3e90..0xee40b0
NOUN_PLURAL	JAUNDICE	jaundices	黄疸	data/vanilla/vanilla_languages/objects/language_words.txt:4167	word+0x40	PE:RVA=0xee3e90..0xee40b0
ADJ	JAUNDICE	jaundiced	黄疸	data/vanilla/vanilla_languages/objects/language_words.txt:4174	word+0x60	PE:RVA=0xee3cf0..0xee3e8f
NOUN_SINGULAR	JAW	jaw	颚	data/vanilla/vanilla_languages/objects/language_words.txt:4181	word+0x20	PE:RVA=0xee3e90..0xee40b0
NOUN_PLURAL	JAW	jaws	颚	data/vanilla/vanilla_languages/objects/language_words.txt:4181	word+0x40	PE:RVA=0xee3e90..0xee40b0
NOUN_SINGULAR	JEST	jester	弄臣	data/vanilla/vanilla_languages/objects/language_words.txt:4191	word+0x20	PE:RVA=0xee3e90..0xee40b0
NOUN_PLURAL	JEST	jesters	弄臣	data/vanilla/vanilla_languages/objects/language_words.txt:4191	word+0x40	PE:RVA=0xee3e90..0xee40b0
NOUN_SINGULAR	JOKE	joke	笑话	data/vanilla/vanilla_languages/objects/language_words.txt:4204	word+0x20	PE:RVA=0xee3e90..0xee40b0
NOUN_PLURAL	JOKE	jokes	笑话	data/vanilla/vanilla_languages/objects/language_words.txt:4204	word+0x40	PE:RVA=0xee3e90..0xee40b0
NOUN_SINGULAR	JUGGLE	juggler	杂耍者	data/vanilla/vanilla_languages/objects/language_words.txt:4217	word+0x20	PE:RVA=0xee3e90..0xee40b0
NOUN_PLURAL	JUGGLE	jugglers	杂耍者	data/vanilla/vanilla_languages/objects/language_words.txt:4217	word+0x40	PE:RVA=0xee3e90..0xee40b0
NOUN_SINGULAR	JUICE	juice	汁	data/vanilla/vanilla_languages/objects/language_words.txt:4228	word+0x20	PE:RVA=0xee3e90..0xee40b0
NOUN_PLURAL	JUICE	juices	汁	data/vanilla/vanilla_languages/objects/language_words.txt:4228	word+0x40	PE:RVA=0xee3e90..0xee40b0
NOUN_SINGULAR	JUNGLE	jungle	丛林	data/vanilla/vanilla_languages/objects/language_words.txt:4239	word+0x20	PE:RVA=0xee3e90..0xee40b0
NOUN_PLURAL	JUNGLE	jungles	丛林	data/vanilla/vanilla_languages/objects/language_words.txt:4239	word+0x40	PE:RVA=0xee3e90..0xee40b0
NOUN_SINGULAR	JUST	justice	正义	data/vanilla/vanilla_languages/objects/language_words.txt:4249	word+0x20	PE:RVA=0xee3e90..0xee40b0
NOUN_PLURAL	JUST	justices	正义	data/vanilla/vanilla_languages/objects/language_words.txt:4249	word+0x40	PE:RVA=0xee3e90..0xee40b0
ADJ	JUST	just	正直	data/vanilla/vanilla_languages/objects/language_words.txt:4256	word+0x60	PE:RVA=0xee3cf0..0xee3e8f
NOUN_SINGULAR	KEEPER	keeper	守护者	data/vanilla/vanilla_languages/objects/language_words.txt:4263	word+0x20	PE:RVA=0xee3e90..0xee40b0
NOUN_PLURAL	KEEPER	keepers	守护者	data/vanilla/vanilla_languages/objects/language_words.txt:4263	word+0x40	PE:RVA=0xee3e90..0xee40b0
NOUN_SINGULAR	KEG	keg	小桶	data/vanilla/vanilla_languages/objects/language_words.txt:4272	word+0x20	PE:RVA=0xee3e90..0xee40b0
NOUN_PLURAL	KEG	kegs	小桶	data/vanilla/vanilla_languages/objects/language_words.txt:4272	word+0x40	PE:RVA=0xee3e90..0xee40b0
NOUN_SINGULAR	KEY	key	钥匙	data/vanilla/vanilla_languages/objects/language_words.txt:4283	word+0x20	PE:RVA=0xee3e90..0xee40b0
NOUN_PLURAL	KEY	keys	钥匙	data/vanilla/vanilla_languages/objects/language_words.txt:4283	word+0x40	PE:RVA=0xee3e90..0xee40b0
NOUN_SINGULAR	KINDNESS	kindness	仁慈	data/vanilla/vanilla_languages/objects/language_words.txt:4293	word+0x20	PE:RVA=0xee3e90..0xee40b0
NOUN_PLURAL	KINDNESS	kindnesses	仁慈	data/vanilla/vanilla_languages/objects/language_words.txt:4293	word+0x40	PE:RVA=0xee3e90..0xee40b0
ADJ	KINDNESS	kind	亲切	data/vanilla/vanilla_languages/objects/language_words.txt:4301	word+0x60	PE:RVA=0xee3cf0..0xee3e8f
NOUN_SINGULAR	KILLER	killer	杀手	data/vanilla/vanilla_languages/objects/language_words.txt:4307	word+0x20	PE:RVA=0xee3e90..0xee40b0
NOUN_PLURAL	KILLER	killers	杀手	data/vanilla/vanilla_languages/objects/language_words.txt:4307	word+0x40	PE:RVA=0xee3e90..0xee40b0
NOUN_SINGULAR	KISS	kiss	吻	data/vanilla/vanilla_languages/objects/language_words.txt:4318	word+0x20	PE:RVA=0xee3e90..0xee40b0
NOUN_PLURAL	KISS	kisses	吻	data/vanilla/vanilla_languages/objects/language_words.txt:4318	word+0x40	PE:RVA=0xee3e90..0xee40b0
NOUN_SINGULAR	KING	king	国王	data/vanilla/vanilla_languages/objects/language_words.txt:4330	word+0x20	PE:RVA=0xee3e90..0xee40b0
NOUN_PLURAL	KING	kings	国王	data/vanilla/vanilla_languages/objects/language_words.txt:4330	word+0x40	PE:RVA=0xee3e90..0xee40b0
NOUN_SINGULAR	KNIFE	knife	小刀	data/vanilla/vanilla_languages/objects/language_words.txt:4343	word+0x20	PE:RVA=0xee3e90..0xee40b0
NOUN_PLURAL	KNIFE	knives	小刀	data/vanilla/vanilla_languages/objects/language_words.txt:4343	word+0x40	PE:RVA=0xee3e90..0xee40b0
NOUN_SINGULAR	KNIGHT	knight	骑士	data/vanilla/vanilla_languages/objects/language_words.txt:4353	word+0x20	PE:RVA=0xee3e90..0xee40b0
NOUN_PLURAL	KNIGHT	knights	骑士	data/vanilla/vanilla_languages/objects/language_words.txt:4353	word+0x40	PE:RVA=0xee3e90..0xee40b0
NOUN_SINGULAR	KNOT	knot	结	data/vanilla/vanilla_languages/objects/language_words.txt:4368	word+0x20	PE:RVA=0xee3e90..0xee40b0
NOUN_PLURAL	KNOT	knots	结	data/vanilla/vanilla_languages/objects/language_words.txt:4368	word+0x40	PE:RVA=0xee3e90..0xee40b0
NOUN_SINGULAR	LACE	lace	花边	data/vanilla/vanilla_languages/objects/language_words.txt:4378	word+0x20	PE:RVA=0xee3e90..0xee40b0
NOUN_PLURAL	LACE	laces	花边	data/vanilla/vanilla_languages/objects/language_words.txt:4378	word+0x40	PE:RVA=0xee3e90..0xee40b0
ADJ	LACE	lacy	丝带	data/vanilla/vanilla_languages/objects/language_words.txt:4388	word+0x60	PE:RVA=0xee3cf0..0xee3e8f
NOUN_SINGULAR	LAKE	lake	湖	data/vanilla/vanilla_languages/objects/language_words.txt:4394	word+0x20	PE:RVA=0xee3e90..0xee40b0
NOUN_PLURAL	LAKE	lakes	湖	data/vanilla/vanilla_languages/objects/language_words.txt:4394	word+0x40	PE:RVA=0xee3e90..0xee40b0
NOUN_SINGULAR	LARD	lard	猪油	data/vanilla/vanilla_languages/objects/language_words.txt:4406	word+0x20	PE:RVA=0xee3e90..0xee40b0
NOUN_PLURAL	LARD	lards	猪油	data/vanilla/vanilla_languages/objects/language_words.txt:4406	word+0x40	PE:RVA=0xee3e90..0xee40b0
ADJ	LARD	lardy	猪油	data/vanilla/vanilla_languages/objects/language_words.txt:4415	word+0x60	PE:RVA=0xee3cf0..0xee3e8f
NOUN_SINGULAR	LARK	lark	云雀	data/vanilla/vanilla_languages/objects/language_words.txt:4421	word+0x20	PE:RVA=0xee3e90..0xee40b0
NOUN_PLURAL	LARK	larks	云雀	data/vanilla/vanilla_languages/objects/language_words.txt:4421	word+0x40	PE:RVA=0xee3e90..0xee40b0
NOUN_SINGULAR	LARVA	larva	幼虫	data/vanilla/vanilla_languages/objects/language_words.txt:4432	word+0x20	PE:RVA=0xee3e90..0xee40b0
NOUN_PLURAL	LARVA	larvae	幼虫	data/vanilla/vanilla_languages/objects/language_words.txt:4432	word+0x40	PE:RVA=0xee3e90..0xee40b0
ADJ	LARVA	larval	幼虫	data/vanilla/vanilla_languages/objects/language_words.txt:4439	word+0x60	PE:RVA=0xee3cf0..0xee3e8f
ADJ	LAST	last	最后	data/vanilla/vanilla_languages/objects/language_words.txt:4444	word+0x60	PE:RVA=0xee3cf0..0xee3e8f
NOUN_SINGULAR	LAW	law	法律	data/vanilla/vanilla_languages/objects/language_words.txt:4451	word+0x20	PE:RVA=0xee3e90..0xee40b0
NOUN_PLURAL	LAW	laws	法律	data/vanilla/vanilla_languages/objects/language_words.txt:4451	word+0x40	PE:RVA=0xee3e90..0xee40b0
NOUN_SINGULAR	LAZY	laziness	怠惰	data/vanilla/vanilla_languages/objects/language_words.txt:4462	word+0x20	PE:RVA=0xee3e90..0xee40b0
NOUN_PLURAL	LAZY	lazinesses	怠惰	data/vanilla/vanilla_languages/objects/language_words.txt:4462	word+0x40	PE:RVA=0xee3e90..0xee40b0
ADJ	LAZY	lazy	懒惰	data/vanilla/vanilla_languages/objects/language_words.txt:4466	word+0x60	PE:RVA=0xee3cf0..0xee3e8f
NOUN_SINGULAR	LEADER	leader	领导者	data/vanilla/vanilla_languages/objects/language_words.txt:4473	word+0x20	PE:RVA=0xee3e90..0xee40b0
NOUN_PLURAL	LEADER	leaders	领导者	data/vanilla/vanilla_languages/objects/language_words.txt:4473	word+0x40	PE:RVA=0xee3e90..0xee40b0
NOUN_SINGULAR	LEAF	leaf	叶	data/vanilla/vanilla_languages/objects/language_words.txt:4484	word+0x20	PE:RVA=0xee3e90..0xee40b0
NOUN_PLURAL	LEAF	leaves	叶	data/vanilla/vanilla_languages/objects/language_words.txt:4484	word+0x40	PE:RVA=0xee3e90..0xee40b0
ADJ	LEAF	leafy	叶茂盛	data/vanilla/vanilla_languages/objects/language_words.txt:4493	word+0x60	PE:RVA=0xee3cf0..0xee3e8f
NOUN_SINGULAR	LEAK	leak	漏洞	data/vanilla/vanilla_languages/objects/language_words.txt:4498	word+0x20	PE:RVA=0xee3e90..0xee40b0
NOUN_PLURAL	LEAK	leaks	漏洞	data/vanilla/vanilla_languages/objects/language_words.txt:4498	word+0x40	PE:RVA=0xee3e90..0xee40b0
ADJ	LEAK	leaky	有漏洞	data/vanilla/vanilla_languages/objects/language_words.txt:4506	word+0x60	PE:RVA=0xee3cf0..0xee3e8f
ADJ	LEAN	lean	瘦	data/vanilla/vanilla_languages/objects/language_words.txt:4513	word+0x60	PE:RVA=0xee3cf0..0xee3e8f
NOUN_SINGULAR	LEECH	leech	水蛭	data/vanilla/vanilla_languages/objects/language_words.txt:4518	word+0x20	PE:RVA=0xee3e90..0xee40b0
NOUN_PLURAL	LEECH	leeches	水蛭	data/vanilla/vanilla_languages/objects/language_words.txt:4518	word+0x40	PE:RVA=0xee3e90..0xee40b0
NOUN_SINGULAR	LEGEND	legend	传说	data/vanilla/vanilla_languages/objects/language_words.txt:4528	word+0x20	PE:RVA=0xee3e90..0xee40b0
NOUN_PLURAL	LEGEND	legends	传说	data/vanilla/vanilla_languages/objects/language_words.txt:4528	word+0x40	PE:RVA=0xee3e90..0xee40b0
ADJ	LEGEND	legendary	传说	data/vanilla/vanilla_languages/objects/language_words.txt:4536	word+0x60	PE:RVA=0xee3cf0..0xee3e8f
NOUN_SINGULAR	LENS	lens	透镜	data/vanilla/vanilla_languages/objects/language_words.txt:4541	word+0x20	PE:RVA=0xee3e90..0xee40b0
NOUN_PLURAL	LENS	lenses	透镜	data/vanilla/vanilla_languages/objects/language_words.txt:4541	word+0x40	PE:RVA=0xee3e90..0xee40b0
NOUN_SINGULAR	LEOPARD	leopard	豹	data/vanilla/vanilla_languages/objects/language_words.txt:4552	word+0x20	PE:RVA=0xee3e90..0xee40b0
NOUN_PLURAL	LEOPARD	leopards	豹	data/vanilla/vanilla_languages/objects/language_words.txt:4552	word+0x40	PE:RVA=0xee3e90..0xee40b0
NOUN_SINGULAR	LEPER	leper	麻风病人	data/vanilla/vanilla_languages/objects/language_words.txt:4561	word+0x20	PE:RVA=0xee3e90..0xee40b0
NOUN_PLURAL	LEPER	lepers	麻风病人	data/vanilla/vanilla_languages/objects/language_words.txt:4561	word+0x40	PE:RVA=0xee3e90..0xee40b0
NOUN_SINGULAR	LEPROSY	leprosy	麻疯病	data/vanilla/vanilla_languages/objects/language_words.txt:4572	word+0x20	PE:RVA=0xee3e90..0xee40b0
NOUN_PLURAL	LEPROSY	leprosies	麻疯病	data/vanilla/vanilla_languages/objects/language_words.txt:4572	word+0x40	PE:RVA=0xee3e90..0xee40b0
NOUN_SINGULAR	LETTER	letter	字母	data/vanilla/vanilla_languages/objects/language_words.txt:4579	word+0x20	PE:RVA=0xee3e90..0xee40b0
NOUN_PLURAL	LETTER	letters	字母	data/vanilla/vanilla_languages/objects/language_words.txt:4579	word+0x40	PE:RVA=0xee3e90..0xee40b0
NOUN_SINGULAR	LIE	lie	谎言	data/vanilla/vanilla_languages/objects/language_words.txt:4588	word+0x20	PE:RVA=0xee3e90..0xee40b0
NOUN_PLURAL	LIE	lies	谎言	data/vanilla/vanilla_languages/objects/language_words.txt:4588	word+0x40	PE:RVA=0xee3e90..0xee40b0
NOUN_SINGULAR	LIGHT	light	光	data/vanilla/vanilla_languages/objects/language_words.txt:4598	word+0x20	PE:RVA=0xee3e90..0xee40b0
NOUN_PLURAL	LIGHT	lights	光	data/vanilla/vanilla_languages/objects/language_words.txt:4598	word+0x40	PE:RVA=0xee3e90..0xee40b0
ADJ	LIGHT	light	轻	data/vanilla/vanilla_languages/objects/language_words.txt:4607	word+0x60	PE:RVA=0xee3cf0..0xee3e8f
NOUN_SINGULAR	LIGHTNING	lightning	闪电	data/vanilla/vanilla_languages/objects/language_words.txt:4613	word+0x20	PE:RVA=0xee3e90..0xee40b0
NOUN_PLURAL	LIGHTNING	lightnings	闪电	data/vanilla/vanilla_languages/objects/language_words.txt:4613	word+0x40	PE:RVA=0xee3e90..0xee40b0
NOUN_SINGULAR	LIMB	limb	四肢	data/vanilla/vanilla_languages/objects/language_words.txt:4622	word+0x20	PE:RVA=0xee3e90..0xee40b0
NOUN_PLURAL	LIMB	limbs	四肢	data/vanilla/vanilla_languages/objects/language_words.txt:4622	word+0x40	PE:RVA=0xee3e90..0xee40b0
NOUN_SINGULAR	LIP	lip	唇	data/vanilla/vanilla_languages/objects/language_words.txt:4632	word+0x20	PE:RVA=0xee3e90..0xee40b0
NOUN_PLURAL	LIP	lips	唇	data/vanilla/vanilla_languages/objects/language_words.txt:4632	word+0x40	PE:RVA=0xee3e90..0xee40b0
NOUN_SINGULAR	LIZARD	lizard	蜥蜴	data/vanilla/vanilla_languages/objects/language_words.txt:4647	word+0x20	PE:RVA=0xee3e90..0xee40b0
NOUN_PLURAL	LIZARD	lizards	蜥蜴	data/vanilla/vanilla_languages/objects/language_words.txt:4647	word+0x40	PE:RVA=0xee3e90..0xee40b0
NOUN_SINGULAR	LOBSTER	lobster	龙虾	data/vanilla/vanilla_languages/objects/language_words.txt:4656	word+0x20	PE:RVA=0xee3e90..0xee40b0
NOUN_PLURAL	LOBSTER	lobsters	龙虾	data/vanilla/vanilla_languages/objects/language_words.txt:4656	word+0x40	PE:RVA=0xee3e90..0xee40b0
NOUN_SINGULAR	LOCK	lock	锁	data/vanilla/vanilla_languages/objects/language_words.txt:4665	word+0x20	PE:RVA=0xee3e90..0xee40b0
NOUN_PLURAL	LOCK	locks	锁	data/vanilla/vanilla_languages/objects/language_words.txt:4665	word+0x40	PE:RVA=0xee3e90..0xee40b0
ADJ	LONE	lone	孤单	data/vanilla/vanilla_languages/objects/language_words.txt:4677	word+0x60	PE:RVA=0xee3cf0..0xee3e8f
NOUN_SINGULAR	LONG	length	长度	data/vanilla/vanilla_languages/objects/language_words.txt:4683	word+0x20	PE:RVA=0xee3e90..0xee40b0
NOUN_PLURAL	LONG	lengths	长度	data/vanilla/vanilla_languages/objects/language_words.txt:4683	word+0x40	PE:RVA=0xee3e90..0xee40b0
ADJ	LONG	long	长	data/vanilla/vanilla_languages/objects/language_words.txt:4691	word+0x60	PE:RVA=0xee3cf0..0xee3e8f
NOUN_SINGULAR	LOOT	loot	赃物	data/vanilla/vanilla_languages/objects/language_words.txt:4698	word+0x20	PE:RVA=0xee3e90..0xee40b0
NOUN_PLURAL	LOOT	loots	赃物	data/vanilla/vanilla_languages/objects/language_words.txt:4698	word+0x40	PE:RVA=0xee3e90..0xee40b0
NOUN_SINGULAR	LORD	lord	领主	data/vanilla/vanilla_languages/objects/language_words.txt:4707	word+0x20	PE:RVA=0xee3e90..0xee40b0
NOUN_PLURAL	LORD	lords	领主	data/vanilla/vanilla_languages/objects/language_words.txt:4707	word+0x40	PE:RVA=0xee3e90..0xee40b0
ADJ	LOST	lost	失去	data/vanilla/vanilla_languages/objects/language_words.txt:4716	word+0x60	PE:RVA=0xee3cf0..0xee3e8f
NOUN_SINGULAR	LOUSE	louse	虱子	data/vanilla/vanilla_languages/objects/language_words.txt:4723	word+0x20	PE:RVA=0xee3e90..0xee40b0
NOUN_PLURAL	LOUSE	lice	虱子	data/vanilla/vanilla_languages/objects/language_words.txt:4723	word+0x40	PE:RVA=0xee3e90..0xee40b0
NOUN_SINGULAR	LOVE	love	爱	data/vanilla/vanilla_languages/objects/language_words.txt:4735	word+0x20	PE:RVA=0xee3e90..0xee40b0
NOUN_PLURAL	LOVE	loves	爱	data/vanilla/vanilla_languages/objects/language_words.txt:4735	word+0x40	PE:RVA=0xee3e90..0xee40b0
ADJ	LOVE	lovely	可爱	data/vanilla/vanilla_languages/objects/language_words.txt:4744	word+0x60	PE:RVA=0xee3cf0..0xee3e8f
NOUN_SINGULAR	LOW	lowness	低下	data/vanilla/vanilla_languages/objects/language_words.txt:4752	word+0x20	PE:RVA=0xee3e90..0xee40b0
NOUN_PLURAL	LOW	lownesses	低下	data/vanilla/vanilla_languages/objects/language_words.txt:4752	word+0x40	PE:RVA=0xee3e90..0xee40b0
ADJ	LOW	low	低	data/vanilla/vanilla_languages/objects/language_words.txt:4759	word+0x60	PE:RVA=0xee3cf0..0xee3e8f
NOUN_SINGULAR	LUNCH	lunch	午餐	data/vanilla/vanilla_languages/objects/language_words.txt:4766	word+0x20	PE:RVA=0xee3e90..0xee40b0
NOUN_PLURAL	LUNCH	lunches	午餐	data/vanilla/vanilla_languages/objects/language_words.txt:4766	word+0x40	PE:RVA=0xee3e90..0xee40b0
NOUN_SINGULAR	LUNG	lung	肺	data/vanilla/vanilla_languages/objects/language_words.txt:4779	word+0x20	PE:RVA=0xee3e90..0xee40b0
NOUN_PLURAL	LUNG	lungs	肺	data/vanilla/vanilla_languages/objects/language_words.txt:4779	word+0x40	PE:RVA=0xee3e90..0xee40b0
ADJ	LURID	lurid	骇人	data/vanilla/vanilla_languages/objects/language_words.txt:4789	word+0x60	PE:RVA=0xee3cf0..0xee3e8f
ADJ	LUSH	lush	繁茂	data/vanilla/vanilla_languages/objects/language_words.txt:4804	word+0x60	PE:RVA=0xee3cf0..0xee3e8f
NOUN_SINGULAR	LUST	lust	贪欲	data/vanilla/vanilla_languages/objects/language_words.txt:4809	word+0x20	PE:RVA=0xee3e90..0xee40b0
NOUN_PLURAL	LUST	lusts	贪欲	data/vanilla/vanilla_languages/objects/language_words.txt:4809	word+0x40	PE:RVA=0xee3e90..0xee40b0
ADJ	LUST	lustful	贪欲	data/vanilla/vanilla_languages/objects/language_words.txt:4816	word+0x60	PE:RVA=0xee3cf0..0xee3e8f
NOUN_SINGULAR	LUTE	lute	鲁特琴	data/vanilla/vanilla_languages/objects/language_words.txt:4822	word+0x20	PE:RVA=0xee3e90..0xee40b0
NOUN_PLURAL	LUTE	lutes	鲁特琴	data/vanilla/vanilla_languages/objects/language_words.txt:4822	word+0x40	PE:RVA=0xee3e90..0xee40b0
NOUN_SINGULAR	LYRIC	lyric	抒情诗	data/vanilla/vanilla_languages/objects/language_words.txt:4833	word+0x20	PE:RVA=0xee3e90..0xee40b0
NOUN_PLURAL	LYRIC	lyrics	抒情诗	data/vanilla/vanilla_languages/objects/language_words.txt:4833	word+0x40	PE:RVA=0xee3e90..0xee40b0
ADJ	LYRIC	lyrical	抒情	data/vanilla/vanilla_languages/objects/language_words.txt:4841	word+0x60	PE:RVA=0xee3cf0..0xee3e8f
NOUN_SINGULAR	MAGGOT	maggot	蛆	data/vanilla/vanilla_languages/objects/language_words.txt:4846	word+0x20	PE:RVA=0xee3e90..0xee40b0
NOUN_PLURAL	MAGGOT	maggots	蛆	data/vanilla/vanilla_languages/objects/language_words.txt:4846	word+0x40	PE:RVA=0xee3e90..0xee40b0
NOUN_SINGULAR	MAGIC	magic	魔法	data/vanilla/vanilla_languages/objects/language_words.txt:4856	word+0x20	PE:RVA=0xee3e90..0xee40b0
NOUN_PLURAL	MAGIC	magics	魔法	data/vanilla/vanilla_languages/objects/language_words.txt:4856	word+0x40	PE:RVA=0xee3e90..0xee40b0
ADJ	MAGIC	magical	魔法	data/vanilla/vanilla_languages/objects/language_words.txt:4864	word+0x60	PE:RVA=0xee3cf0..0xee3e8f
NOUN_SINGULAR	MAN	man	男人	data/vanilla/vanilla_languages/objects/language_words.txt:4869	word+0x20	PE:RVA=0xee3e90..0xee40b0
NOUN_PLURAL	MAN	men	男人	data/vanilla/vanilla_languages/objects/language_words.txt:4869	word+0x40	PE:RVA=0xee3e90..0xee40b0
NOUN_SINGULAR	MANGE	mange	兽疥癣	data/vanilla/vanilla_languages/objects/language_words.txt:4881	word+0x20	PE:RVA=0xee3e90..0xee40b0
NOUN_PLURAL	MANGE	manges	兽疥癣	data/vanilla/vanilla_languages/objects/language_words.txt:4881	word+0x40	PE:RVA=0xee3e90..0xee40b0
ADJ	MANGE	mangy	疥癣	data/vanilla/vanilla_languages/objects/language_words.txt:4890	word+0x60	PE:RVA=0xee3cf0..0xee3e8f
NOUN_SINGULAR	MARSH	marsh	沼泽	data/vanilla/vanilla_languages/objects/language_words.txt:4901	word+0x20	PE:RVA=0xee3e90..0xee40b0
NOUN_PLURAL	MARSH	marshes	沼泽	data/vanilla/vanilla_languages/objects/language_words.txt:4901	word+0x40	PE:RVA=0xee3e90..0xee40b0
NOUN_SINGULAR	MARTYR	martyr	烈士	data/vanilla/vanilla_languages/objects/language_words.txt:4912	word+0x20	PE:RVA=0xee3e90..0xee40b0
NOUN_PLURAL	MARTYR	martyrs	烈士	data/vanilla/vanilla_languages/objects/language_words.txt:4912	word+0x40	PE:RVA=0xee3e90..0xee40b0
NOUN_SINGULAR	MASTER	master	主人	data/vanilla/vanilla_languages/objects/language_words.txt:4923	word+0x20	PE:RVA=0xee3e90..0xee40b0
NOUN_PLURAL	MASTER	masters	主人	data/vanilla/vanilla_languages/objects/language_words.txt:4923	word+0x40	PE:RVA=0xee3e90..0xee40b0
NOUN_SINGULAR	MAW	maw	巨口	data/vanilla/vanilla_languages/objects/language_words.txt:4934	word+0x20	PE:RVA=0xee3e90..0xee40b0
NOUN_PLURAL	MAW	maws	巨口	data/vanilla/vanilla_languages/objects/language_words.txt:4934	word+0x40	PE:RVA=0xee3e90..0xee40b0
NOUN_SINGULAR	MEAD	mead	蜂蜜酒	data/vanilla/vanilla_languages/objects/language_words.txt:4943	word+0x20	PE:RVA=0xee3e90..0xee40b0
NOUN_PLURAL	MEAD	meads	蜂蜜酒	data/vanilla/vanilla_languages/objects/language_words.txt:4943	word+0x40	PE:RVA=0xee3e90..0xee40b0
NOUN_SINGULAR	MEADOW	meadow	草地	data/vanilla/vanilla_languages/objects/language_words.txt:4954	word+0x20	PE:RVA=0xee3e90..0xee40b0
NOUN_PLURAL	MEADOW	meadows	草地	data/vanilla/vanilla_languages/objects/language_words.txt:4954	word+0x40	PE:RVA=0xee3e90..0xee40b0
NOUN_SINGULAR	MEAL_DOM	meal	餐	data/vanilla/vanilla_languages/objects/language_words.txt:4963	word+0x20	PE:RVA=0xee3e90..0xee40b0
NOUN_PLURAL	MEAL_DOM	meals	餐	data/vanilla/vanilla_languages/objects/language_words.txt:4963	word+0x40	PE:RVA=0xee3e90..0xee40b0
NOUN_SINGULAR	MEAL_GROUND	meal	粉	data/vanilla/vanilla_languages/objects/language_words.txt:4971	word+0x20	PE:RVA=0xee3e90..0xee40b0
NOUN_PLURAL	MEAL_GROUND	meals	粉	data/vanilla/vanilla_languages/objects/language_words.txt:4971	word+0x40	PE:RVA=0xee3e90..0xee40b0
NOUN_SINGULAR	MEAT	meat	肉	data/vanilla/vanilla_languages/objects/language_words.txt:4979	word+0x20	PE:RVA=0xee3e90..0xee40b0
NOUN_PLURAL	MEAT	meats	肉	data/vanilla/vanilla_languages/objects/language_words.txt:4979	word+0x40	PE:RVA=0xee3e90..0xee40b0
NOUN_SINGULAR	MEDITATION	meditation	沉思	data/vanilla/vanilla_languages/objects/language_words.txt:4989	word+0x20	PE:RVA=0xee3e90..0xee40b0
NOUN_PLURAL	MEDITATION	meditations	沉思	data/vanilla/vanilla_languages/objects/language_words.txt:4989	word+0x40	PE:RVA=0xee3e90..0xee40b0
ADJ	MELLOW	mellow	醇和	data/vanilla/vanilla_languages/objects/language_words.txt:4997	word+0x60	PE:RVA=0xee3cf0..0xee3e8f
NOUN_SINGULAR	MENACE	menace	威胁	data/vanilla/vanilla_languages/objects/language_words.txt:5002	word+0x20	PE:RVA=0xee3e90..0xee40b0
NOUN_PLURAL	MENACE	menaces	威胁	data/vanilla/vanilla_languages/objects/language_words.txt:5002	word+0x40	PE:RVA=0xee3e90..0xee40b0
NOUN_SINGULAR	MESS	mess	混乱	data/vanilla/vanilla_languages/objects/language_words.txt:5013	word+0x20	PE:RVA=0xee3e90..0xee40b0
NOUN_PLURAL	MESS	messes	混乱	data/vanilla/vanilla_languages/objects/language_words.txt:5013	word+0x40	PE:RVA=0xee3e90..0xee40b0
NOUN_SINGULAR	METAL	metal	金属	data/vanilla/vanilla_languages/objects/language_words.txt:5022	word+0x20	PE:RVA=0xee3e90..0xee40b0
NOUN_PLURAL	METAL	metals	金属	data/vanilla/vanilla_languages/objects/language_words.txt:5022	word+0x40	PE:RVA=0xee3e90..0xee40b0
NOUN_SINGULAR	MIDNIGHT	midnight	午夜	data/vanilla/vanilla_languages/objects/language_words.txt:5031	word+0x20	PE:RVA=0xee3e90..0xee40b0
NOUN_PLURAL	MIDNIGHT	midnights	午夜	data/vanilla/vanilla_languages/objects/language_words.txt:5031	word+0x40	PE:RVA=0xee3e90..0xee40b0
NOUN_SINGULAR	MIGHTY	might	力量	data/vanilla/vanilla_languages/objects/language_words.txt:5038	word+0x20	PE:RVA=0xee3e90..0xee40b0
NOUN_PLURAL	MIGHTY	mights	力量	data/vanilla/vanilla_languages/objects/language_words.txt:5038	word+0x40	PE:RVA=0xee3e90..0xee40b0
ADJ	MIGHTY	mighty	强大	data/vanilla/vanilla_languages/objects/language_words.txt:5039	word+0x60	PE:RVA=0xee3cf0..0xee3e8f
NOUN_SINGULAR	MIGHTINESS	mightiness	强大	data/vanilla/vanilla_languages/objects/language_words.txt:5046	word+0x20	PE:RVA=0xee3e90..0xee40b0
NOUN_PLURAL	MIGHTINESS	mightinesses	强大	data/vanilla/vanilla_languages/objects/language_words.txt:5046	word+0x40	PE:RVA=0xee3e90..0xee40b0
NOUN_SINGULAR	MILE	mile	英里	data/vanilla/vanilla_languages/objects/language_words.txt:5052	word+0x20	PE:RVA=0xee3e90..0xee40b0
NOUN_PLURAL	MILE	miles	英里	data/vanilla/vanilla_languages/objects/language_words.txt:5052	word+0x40	PE:RVA=0xee3e90..0xee40b0
NOUN_SINGULAR	MIND	mind	思想	data/vanilla/vanilla_languages/objects/language_words.txt:5066	word+0x20	PE:RVA=0xee3e90..0xee40b0
NOUN_PLURAL	MIND	minds	思想	data/vanilla/vanilla_languages/objects/language_words.txt:5066	word+0x40	PE:RVA=0xee3e90..0xee40b0
ADJ	MIND	mindful	留心	data/vanilla/vanilla_languages/objects/language_words.txt:5073	word+0x60	PE:RVA=0xee3cf0..0xee3e8f
NOUN_SINGULAR	MINION	minion	爪牙	data/vanilla/vanilla_languages/objects/language_words.txt:5079	word+0x20	PE:RVA=0xee3e90..0xee40b0
NOUN_PLURAL	MINION	minions	爪牙	data/vanilla/vanilla_languages/objects/language_words.txt:5079	word+0x40	PE:RVA=0xee3e90..0xee40b0
NOUN_SINGULAR	MIRROR	mirror	镜子	data/vanilla/vanilla_languages/objects/language_words.txt:5085	word+0x20	PE:RVA=0xee3e90..0xee40b0
NOUN_PLURAL	MIRROR	mirrors	镜子	data/vanilla/vanilla_languages/objects/language_words.txt:5085	word+0x40	PE:RVA=0xee3e90..0xee40b0
NOUN_SINGULAR	MISERY	misery	痛苦	data/vanilla/vanilla_languages/objects/language_words.txt:5098	word+0x20	PE:RVA=0xee3e90..0xee40b0
NOUN_PLURAL	MISERY	miseries	痛苦	data/vanilla/vanilla_languages/objects/language_words.txt:5098	word+0x40	PE:RVA=0xee3e90..0xee40b0
NOUN_SINGULAR	MIST	mist	雾	data/vanilla/vanilla_languages/objects/language_words.txt:5106	word+0x20	PE:RVA=0xee3e90..0xee40b0
NOUN_PLURAL	MIST	mists	雾	data/vanilla/vanilla_languages/objects/language_words.txt:5106	word+0x40	PE:RVA=0xee3e90..0xee40b0
ADJ	MIST	misty	有雾	data/vanilla/vanilla_languages/objects/language_words.txt:5115	word+0x60	PE:RVA=0xee3cf0..0xee3e8f
NOUN_SINGULAR	MITE	mite	螨虫	data/vanilla/vanilla_languages/objects/language_words.txt:5120	word+0x20	PE:RVA=0xee3e90..0xee40b0
NOUN_PLURAL	MITE	mites	螨虫	data/vanilla/vanilla_languages/objects/language_words.txt:5120	word+0x40	PE:RVA=0xee3e90..0xee40b0
NOUN_SINGULAR	MOLD	mold	霉菌	data/vanilla/vanilla_languages/objects/language_words.txt:5130	word+0x20	PE:RVA=0xee3e90..0xee40b0
NOUN_PLURAL	MOLD	molds	霉菌	data/vanilla/vanilla_languages/objects/language_words.txt:5130	word+0x40	PE:RVA=0xee3e90..0xee40b0
NOUN_SINGULAR	MOLE	mole	鼹鼠	data/vanilla/vanilla_languages/objects/language_words.txt:5141	word+0x20	PE:RVA=0xee3e90..0xee40b0
NOUN_PLURAL	MOLE	moles	鼹鼠	data/vanilla/vanilla_languages/objects/language_words.txt:5141	word+0x40	PE:RVA=0xee3e90..0xee40b0
ADJ	MOLTEN	molten	熔化	data/vanilla/vanilla_languages/objects/language_words.txt:5150	word+0x60	PE:RVA=0xee3cf0..0xee3e8f
NOUN_SINGULAR	MONKEY	monkey	猴子	data/vanilla/vanilla_languages/objects/language_words.txt:5157	word+0x20	PE:RVA=0xee3e90..0xee40b0
NOUN_PLURAL	MONKEY	monkeys	猴子	data/vanilla/vanilla_languages/objects/language_words.txt:5157	word+0x40	PE:RVA=0xee3e90..0xee40b0
NOUN_SINGULAR	MOON	moon	月亮	data/vanilla/vanilla_languages/objects/language_words.txt:5166	word+0x20	PE:RVA=0xee3e90..0xee40b0
NOUN_PLURAL	MOON	moons	月亮	data/vanilla/vanilla_languages/objects/language_words.txt:5166	word+0x40	PE:RVA=0xee3e90..0xee40b0
NOUN_SINGULAR	MONGER	monger	商人	data/vanilla/vanilla_languages/objects/language_words.txt:5175	word+0x20	PE:RVA=0xee3e90..0xee40b0
NOUN_PLURAL	MONGER	mongers	商人	data/vanilla/vanilla_languages/objects/language_words.txt:5175	word+0x40	PE:RVA=0xee3e90..0xee40b0
NOUN_SINGULAR	MOTH	moth	蛾	data/vanilla/vanilla_languages/objects/language_words.txt:5183	word+0x20	PE:RVA=0xee3e90..0xee40b0
NOUN_PLURAL	MOTH	moths	蛾	data/vanilla/vanilla_languages/objects/language_words.txt:5183	word+0x40	PE:RVA=0xee3e90..0xee40b0
NOUN_SINGULAR	MOTHER	mother	母亲	data/vanilla/vanilla_languages/objects/language_words.txt:5192	word+0x20	PE:RVA=0xee3e90..0xee40b0
NOUN_PLURAL	MOTHER	mothers	母亲	data/vanilla/vanilla_languages/objects/language_words.txt:5192	word+0x40	PE:RVA=0xee3e90..0xee40b0
NOUN_SINGULAR	MOUSE	mouse	老鼠	data/vanilla/vanilla_languages/objects/language_words.txt:5201	word+0x20	PE:RVA=0xee3e90..0xee40b0
NOUN_PLURAL	MOUSE	mice	老鼠	data/vanilla/vanilla_languages/objects/language_words.txt:5201	word+0x40	PE:RVA=0xee3e90..0xee40b0
ADJ	MOUSE	mousy	象老鼠	data/vanilla/vanilla_languages/objects/language_words.txt:5208	word+0x60	PE:RVA=0xee3cf0..0xee3e8f
NOUN_SINGULAR	MOUTH	mouth	嘴	data/vanilla/vanilla_languages/objects/language_words.txt:5213	word+0x20	PE:RVA=0xee3e90..0xee40b0
NOUN_PLURAL	MOUTH	mouths	嘴	data/vanilla/vanilla_languages/objects/language_words.txt:5213	word+0x40	PE:RVA=0xee3e90..0xee40b0
NOUN_SINGULAR	MUCK	muck	垃圾	data/vanilla/vanilla_languages/objects/language_words.txt:5222	word+0x20	PE:RVA=0xee3e90..0xee40b0
NOUN_PLURAL	MUCK	mucks	垃圾	data/vanilla/vanilla_languages/objects/language_words.txt:5222	word+0x40	PE:RVA=0xee3e90..0xee40b0
NOUN_SINGULAR	MUD	mud	泥	data/vanilla/vanilla_languages/objects/language_words.txt:5233	word+0x20	PE:RVA=0xee3e90..0xee40b0
NOUN_PLURAL	MUD	muds	泥	data/vanilla/vanilla_languages/objects/language_words.txt:5233	word+0x40	PE:RVA=0xee3e90..0xee40b0
ADJ	MUD	muddy	泥泞	data/vanilla/vanilla_languages/objects/language_words.txt:5242	word+0x60	PE:RVA=0xee3cf0..0xee3e8f
NOUN_SINGULAR	MUFFIN	muffin	松饼	data/vanilla/vanilla_languages/objects/language_words.txt:5248	word+0x20	PE:RVA=0xee3e90..0xee40b0
NOUN_PLURAL	MUFFIN	muffins	松饼	data/vanilla/vanilla_languages/objects/language_words.txt:5248	word+0x40	PE:RVA=0xee3e90..0xee40b0
NOUN_SINGULAR	MULE	mule	骡	data/vanilla/vanilla_languages/objects/language_words.txt:5259	word+0x20	PE:RVA=0xee3e90..0xee40b0
NOUN_PLURAL	MULE	mules	骡	data/vanilla/vanilla_languages/objects/language_words.txt:5259	word+0x40	PE:RVA=0xee3e90..0xee40b0
NOUN_SINGULAR	MURDER	murder	谋杀	data/vanilla/vanilla_languages/objects/language_words.txt:5272	word+0x20	PE:RVA=0xee3e90..0xee40b0
NOUN_PLURAL	MURDER	murders	谋杀	data/vanilla/vanilla_languages/objects/language_words.txt:5272	word+0x40	PE:RVA=0xee3e90..0xee40b0
NOUN_SINGULAR	MUSH	mush	糊	data/vanilla/vanilla_languages/objects/language_words.txt:5284	word+0x20	PE:RVA=0xee3e90..0xee40b0
NOUN_PLURAL	MUSH	mushes	糊	data/vanilla/vanilla_languages/objects/language_words.txt:5284	word+0x40	PE:RVA=0xee3e90..0xee40b0
NOUN_SINGULAR	MUSHROOM	mushroom	蘑菇	data/vanilla/vanilla_languages/objects/language_words.txt:5293	word+0x20	PE:RVA=0xee3e90..0xee40b0
NOUN_PLURAL	MUSHROOM	mushrooms	蘑菇	data/vanilla/vanilla_languages/objects/language_words.txt:5293	word+0x40	PE:RVA=0xee3e90..0xee40b0
NOUN_SINGULAR	MUSIC	music	音乐	data/vanilla/vanilla_languages/objects/language_words.txt:5304	word+0x20	PE:RVA=0xee3e90..0xee40b0
NOUN_PLURAL	MUSIC	musics	音乐	data/vanilla/vanilla_languages/objects/language_words.txt:5304	word+0x40	PE:RVA=0xee3e90..0xee40b0
ADJ	MUSIC	musical	音乐	data/vanilla/vanilla_languages/objects/language_words.txt:5312	word+0x60	PE:RVA=0xee3cf0..0xee3e8f
NOUN_SINGULAR	MYSTERY	mystery	秘密	data/vanilla/vanilla_languages/objects/language_words.txt:5317	word+0x20	PE:RVA=0xee3e90..0xee40b0
NOUN_PLURAL	MYSTERY	mysteries	秘密	data/vanilla/vanilla_languages/objects/language_words.txt:5317	word+0x40	PE:RVA=0xee3e90..0xee40b0
ADJ	MYSTERY	mysterious	神秘	data/vanilla/vanilla_languages/objects/language_words.txt:5325	word+0x60	PE:RVA=0xee3cf0..0xee3e8f
NOUN_SINGULAR	MYTH	myth	神话	data/vanilla/vanilla_languages/objects/language_words.txt:5329	word+0x20	PE:RVA=0xee3e90..0xee40b0
NOUN_PLURAL	MYTH	myths	神话	data/vanilla/vanilla_languages/objects/language_words.txt:5329	word+0x40	PE:RVA=0xee3e90..0xee40b0
ADJ	MYTH	mythical	神话	data/vanilla/vanilla_languages/objects/language_words.txt:5336	word+0x60	PE:RVA=0xee3cf0..0xee3e8f
NOUN_SINGULAR	NAIL	nail	钉子	data/vanilla/vanilla_languages/objects/language_words.txt:5341	word+0x20	PE:RVA=0xee3e90..0xee40b0
NOUN_PLURAL	NAIL	nails	钉子	data/vanilla/vanilla_languages/objects/language_words.txt:5341	word+0x40	PE:RVA=0xee3e90..0xee40b0
ADJ	NASTY	nasty	恶劣	data/vanilla/vanilla_languages/objects/language_words.txt:5351	word+0x60	PE:RVA=0xee3cf0..0xee3e8f
NOUN_SINGULAR	NATURE	nature	自然	data/vanilla/vanilla_languages/objects/language_words.txt:5356	word+0x20	PE:RVA=0xee3e90..0xee40b0
NOUN_PLURAL	NATURE	natures	自然	data/vanilla/vanilla_languages/objects/language_words.txt:5356	word+0x40	PE:RVA=0xee3e90..0xee40b0
ADJ	NATURE	natural	自然	data/vanilla/vanilla_languages/objects/language_words.txt:5364	word+0x60	PE:RVA=0xee3cf0..0xee3e8f
ADJ	NEGATIVE	negative	否定	data/vanilla/vanilla_languages/objects/language_words.txt:5374	word+0x60	PE:RVA=0xee3cf0..0xee3e8f
NOUN_SINGULAR	NEGATE	negator	否定者	data/vanilla/vanilla_languages/objects/language_words.txt:5380	word+0x20	PE:RVA=0xee3e90..0xee40b0
NOUN_PLURAL	NEGATE	negators	否定者	data/vanilla/vanilla_languages/objects/language_words.txt:5380	word+0x40	PE:RVA=0xee3e90..0xee40b0
NOUN_SINGULAR	NEST	nest	巢	data/vanilla/vanilla_languages/objects/language_words.txt:5393	word+0x20	PE:RVA=0xee3e90..0xee40b0
NOUN_PLURAL	NEST	nests	巢	data/vanilla/vanilla_languages/objects/language_words.txt:5393	word+0x40	PE:RVA=0xee3e90..0xee40b0
NOUN_SINGULAR	NET	net	网	data/vanilla/vanilla_languages/objects/language_words.txt:5408	word+0x20	PE:RVA=0xee3e90..0xee40b0
NOUN_PLURAL	NET	nets	网	data/vanilla/vanilla_languages/objects/language_words.txt:5408	word+0x40	PE:RVA=0xee3e90..0xee40b0
NOUN_SINGULAR	NETTLE	nettle	荨麻	data/vanilla/vanilla_languages/objects/language_words.txt:5418	word+0x20	PE:RVA=0xee3e90..0xee40b0
NOUN_PLURAL	NETTLE	nettles	荨麻	data/vanilla/vanilla_languages/objects/language_words.txt:5418	word+0x40	PE:RVA=0xee3e90..0xee40b0
ADJ	NEW	new	新	data/vanilla/vanilla_languages/objects/language_words.txt:5428	word+0x60	PE:RVA=0xee3cf0..0xee3e8f
NOUN_SINGULAR	NEWT	newt	水螈	data/vanilla/vanilla_languages/objects/language_words.txt:5433	word+0x20	PE:RVA=0xee3e90..0xee40b0
NOUN_PLURAL	NEWT	newts	水螈	data/vanilla/vanilla_languages/objects/language_words.txt:5433	word+0x40	PE:RVA=0xee3e90..0xee40b0
NOUN_SINGULAR	NIGHT	night	夜	data/vanilla/vanilla_languages/objects/language_words.txt:5446	word+0x20	PE:RVA=0xee3e90..0xee40b0
NOUN_PLURAL	NIGHT	nights	夜	data/vanilla/vanilla_languages/objects/language_words.txt:5446	word+0x40	PE:RVA=0xee3e90..0xee40b0
NOUN_SINGULAR	NIGHTMARE	nightmare	梦魇	data/vanilla/vanilla_languages/objects/language_words.txt:5457	word+0x20	PE:RVA=0xee3e90..0xee40b0
NOUN_PLURAL	NIGHTMARE	nightmares	梦魇	data/vanilla/vanilla_languages/objects/language_words.txt:5457	word+0x40	PE:RVA=0xee3e90..0xee40b0
NOUN_SINGULAR	NOBLE	noble	贵族	data/vanilla/vanilla_languages/objects/language_words.txt:5467	word+0x20	PE:RVA=0xee3e90..0xee40b0
NOUN_PLURAL	NOBLE	nobles	贵族	data/vanilla/vanilla_languages/objects/language_words.txt:5467	word+0x40	PE:RVA=0xee3e90..0xee40b0
ADJ	NOBLE	noble	高贵	data/vanilla/vanilla_languages/objects/language_words.txt:5474	word+0x60	PE:RVA=0xee3cf0..0xee3e8f
NOUN_SINGULAR	NOOSE	noose	套索	data/vanilla/vanilla_languages/objects/language_words.txt:5479	word+0x20	PE:RVA=0xee3e90..0xee40b0
NOUN_PLURAL	NOOSE	nooses	套索	data/vanilla/vanilla_languages/objects/language_words.txt:5479	word+0x40	PE:RVA=0xee3e90..0xee40b0
ADJ	NORTH	north	北	data/vanilla/vanilla_languages/objects/language_words.txt:5489	word+0x60	PE:RVA=0xee3cf0..0xee3e8f
NOUN_SINGULAR	NOSE	nose	鼻子	data/vanilla/vanilla_languages/objects/language_words.txt:5494	word+0x20	PE:RVA=0xee3e90..0xee40b0
NOUN_PLURAL	NOSE	noses	鼻子	data/vanilla/vanilla_languages/objects/language_words.txt:5494	word+0x40	PE:RVA=0xee3e90..0xee40b0
ADJ	NULL	null	虚无	data/vanilla/vanilla_languages/objects/language_words.txt:5503	word+0x60	PE:RVA=0xee3cf0..0xee3e8f
NOUN_SINGULAR	NUMBER	number	数	data/vanilla/vanilla_languages/objects/language_words.txt:5509	word+0x20	PE:RVA=0xee3e90..0xee40b0
NOUN_PLURAL	NUMBER	numbers	数	data/vanilla/vanilla_languages/objects/language_words.txt:5509	word+0x40	PE:RVA=0xee3e90..0xee40b0
NOUN_SINGULAR	NUT	nut	坚果	data/vanilla/vanilla_languages/objects/language_words.txt:5523	word+0x20	PE:RVA=0xee3e90..0xee40b0
NOUN_PLURAL	NUT	nuts	坚果	data/vanilla/vanilla_languages/objects/language_words.txt:5523	word+0x40	PE:RVA=0xee3e90..0xee40b0
NOUN_SINGULAR	OAK	oak	橡树	data/vanilla/vanilla_languages/objects/language_words.txt:5535	word+0x20	PE:RVA=0xee3e90..0xee40b0
NOUN_PLURAL	OAK	oaks	橡树	data/vanilla/vanilla_languages/objects/language_words.txt:5535	word+0x40	PE:RVA=0xee3e90..0xee40b0
ADJ	OAK	oaken	橡木制	data/vanilla/vanilla_languages/objects/language_words.txt:5543	word+0x60	PE:RVA=0xee3cf0..0xee3e8f
NOUN_SINGULAR	OAR	oar	桨	data/vanilla/vanilla_languages/objects/language_words.txt:5549	word+0x20	PE:RVA=0xee3e90..0xee40b0
NOUN_PLURAL	OAR	oars	桨	data/vanilla/vanilla_languages/objects/language_words.txt:5549	word+0x40	PE:RVA=0xee3e90..0xee40b0
NOUN_SINGULAR	OAT	oat	燕麦	data/vanilla/vanilla_languages/objects/language_words.txt:5560	word+0x20	PE:RVA=0xee3e90..0xee40b0
NOUN_PLURAL	OAT	oats	燕麦	data/vanilla/vanilla_languages/objects/language_words.txt:5560	word+0x40	PE:RVA=0xee3e90..0xee40b0
NOUN_SINGULAR	OBLIVION	oblivion	遗忘	data/vanilla/vanilla_languages/objects/language_words.txt:5571	word+0x20	PE:RVA=0xee3e90..0xee40b0
NOUN_PLURAL	OBLIVION	oblivions	遗忘	data/vanilla/vanilla_languages/objects/language_words.txt:5571	word+0x40	PE:RVA=0xee3e90..0xee40b0
NOUN_SINGULAR	OCEAN	ocean	海洋	data/vanilla/vanilla_languages/objects/language_words.txt:5577	word+0x20	PE:RVA=0xee3e90..0xee40b0
NOUN_PLURAL	OCEAN	oceans	海洋	data/vanilla/vanilla_languages/objects/language_words.txt:5577	word+0x40	PE:RVA=0xee3e90..0xee40b0
ADJ	OCEAN	oceanic	海洋	data/vanilla/vanilla_languages/objects/language_words.txt:5585	word+0x60	PE:RVA=0xee3cf0..0xee3e8f
ADJ	OLD	old	老	data/vanilla/vanilla_languages/objects/language_words.txt:5589	word+0x60	PE:RVA=0xee3cf0..0xee3e8f
NOUN_SINGULAR	OMEN	omen	预兆	data/vanilla/vanilla_languages/objects/language_words.txt:5596	word+0x20	PE:RVA=0xee3e90..0xee40b0
NOUN_PLURAL	OMEN	omens	预兆	data/vanilla/vanilla_languages/objects/language_words.txt:5596	word+0x40	PE:RVA=0xee3e90..0xee40b0
NOUN_SINGULAR	ONE	one	一	data/vanilla/vanilla_languages/objects/language_words.txt:5606	word+0x20	PE:RVA=0xee3e90..0xee40b0
NOUN_PLURAL	ONE	ones	一	data/vanilla/vanilla_languages/objects/language_words.txt:5606	word+0x40	PE:RVA=0xee3e90..0xee40b0
NOUN_SINGULAR	ONION	onion	洋葱	data/vanilla/vanilla_languages/objects/language_words.txt:5616	word+0x20	PE:RVA=0xee3e90..0xee40b0
NOUN_PLURAL	ONION	onions	洋葱	data/vanilla/vanilla_languages/objects/language_words.txt:5616	word+0x40	PE:RVA=0xee3e90..0xee40b0
NOUN_SINGULAR	OOZE	ooze	污泥	data/vanilla/vanilla_languages/objects/language_words.txt:5626	word+0x20	PE:RVA=0xee3e90..0xee40b0
NOUN_PLURAL	OOZE	oozes	污泥	data/vanilla/vanilla_languages/objects/language_words.txt:5626	word+0x40	PE:RVA=0xee3e90..0xee40b0
NOUN_SINGULAR	ORB	orb	球体	data/vanilla/vanilla_languages/objects/language_words.txt:5641	word+0x20	PE:RVA=0xee3e90..0xee40b0
NOUN_PLURAL	ORB	orbs	球体	data/vanilla/vanilla_languages/objects/language_words.txt:5641	word+0x40	PE:RVA=0xee3e90..0xee40b0
NOUN_SINGULAR	OWL	owl	猫头鹰	data/vanilla/vanilla_languages/objects/language_words.txt:5658	word+0x20	PE:RVA=0xee3e90..0xee40b0
NOUN_PLURAL	OWL	owls	猫头鹰	data/vanilla/vanilla_languages/objects/language_words.txt:5658	word+0x40	PE:RVA=0xee3e90..0xee40b0
NOUN_SINGULAR	OX	ox	牛	data/vanilla/vanilla_languages/objects/language_words.txt:5667	word+0x20	PE:RVA=0xee3e90..0xee40b0
NOUN_PLURAL	OX	oxen	牛	data/vanilla/vanilla_languages/objects/language_words.txt:5667	word+0x40	PE:RVA=0xee3e90..0xee40b0
NOUN_SINGULAR	PACK	pack	兽群	data/vanilla/vanilla_languages/objects/language_words.txt:5676	word+0x20	PE:RVA=0xee3e90..0xee40b0
NOUN_PLURAL	PACK	packs	兽群	data/vanilla/vanilla_languages/objects/language_words.txt:5676	word+0x40	PE:RVA=0xee3e90..0xee40b0
NOUN_SINGULAR	PAD_NOUN	pad	垫	data/vanilla/vanilla_languages/objects/language_words.txt:5689	word+0x20	PE:RVA=0xee3e90..0xee40b0
NOUN_PLURAL	PAD_NOUN	pads	垫	data/vanilla/vanilla_languages/objects/language_words.txt:5689	word+0x40	PE:RVA=0xee3e90..0xee40b0
ADJ	PAD_NOUN	padded	衬垫	data/vanilla/vanilla_languages/objects/language_words.txt:5699	word+0x60	PE:RVA=0xee3cf0..0xee3e8f
NOUN_SINGULAR	PAGE	page	页	data/vanilla/vanilla_languages/objects/language_words.txt:5708	word+0x20	PE:RVA=0xee3e90..0xee40b0
NOUN_PLURAL	PAGE	pages	页	data/vanilla/vanilla_languages/objects/language_words.txt:5708	word+0x40	PE:RVA=0xee3e90..0xee40b0
NOUN_SINGULAR	PAIN	pain	痛苦	data/vanilla/vanilla_languages/objects/language_words.txt:5721	word+0x20	PE:RVA=0xee3e90..0xee40b0
NOUN_PLURAL	PAIN	pains	痛苦	data/vanilla/vanilla_languages/objects/language_words.txt:5721	word+0x40	PE:RVA=0xee3e90..0xee40b0
ADJ	PAIN	painful	痛苦	data/vanilla/vanilla_languages/objects/language_words.txt:5729	word+0x60	PE:RVA=0xee3cf0..0xee3e8f
NOUN_SINGULAR	PAINT	paint	油漆	data/vanilla/vanilla_languages/objects/language_words.txt:5734	word+0x20	PE:RVA=0xee3e90..0xee40b0
NOUN_PLURAL	PAINT	paints	油漆	data/vanilla/vanilla_languages/objects/language_words.txt:5734	word+0x40	PE:RVA=0xee3e90..0xee40b0
NOUN_SINGULAR	PALE	paleness	苍白	data/vanilla/vanilla_languages/objects/language_words.txt:5746	word+0x20	PE:RVA=0xee3e90..0xee40b0
NOUN_PLURAL	PALE	palenesses	苍白	data/vanilla/vanilla_languages/objects/language_words.txt:5746	word+0x40	PE:RVA=0xee3e90..0xee40b0
ADJ	PALE	pale	苍白	data/vanilla/vanilla_languages/objects/language_words.txt:5747	word+0x60	PE:RVA=0xee3cf0..0xee3e8f
NOUN_SINGULAR	PALM	palm	手掌	data/vanilla/vanilla_languages/objects/language_words.txt:5754	word+0x20	PE:RVA=0xee3e90..0xee40b0
NOUN_PLURAL	PALM	palms	手掌	data/vanilla/vanilla_languages/objects/language_words.txt:5754	word+0x40	PE:RVA=0xee3e90..0xee40b0
NOUN_SINGULAR	PANTHER	panther	豹	data/vanilla/vanilla_languages/objects/language_words.txt:5768	word+0x20	PE:RVA=0xee3e90..0xee40b0
NOUN_PLURAL	PANTHER	panthers	豹	data/vanilla/vanilla_languages/objects/language_words.txt:5768	word+0x40	PE:RVA=0xee3e90..0xee40b0
NOUN_SINGULAR	PANTS	pants	裤子	data/vanilla/vanilla_languages/objects/language_words.txt:5777	word+0x20	PE:RVA=0xee3e90..0xee40b0
NOUN_PLURAL	PANTS	pants	裤子	data/vanilla/vanilla_languages/objects/language_words.txt:5777	word+0x40	PE:RVA=0xee3e90..0xee40b0
NOUN_SINGULAR	PAPER	paper	纸	data/vanilla/vanilla_languages/objects/language_words.txt:5788	word+0x20	PE:RVA=0xee3e90..0xee40b0
NOUN_PLURAL	PAPER	papers	纸	data/vanilla/vanilla_languages/objects/language_words.txt:5788	word+0x40	PE:RVA=0xee3e90..0xee40b0
NOUN_SINGULAR	PEACE	peace	和平	data/vanilla/vanilla_languages/objects/language_words.txt:5799	word+0x20	PE:RVA=0xee3e90..0xee40b0
NOUN_PLURAL	PEACE	peaces	和平	data/vanilla/vanilla_languages/objects/language_words.txt:5799	word+0x40	PE:RVA=0xee3e90..0xee40b0
ADJ	PEACE	peaceful	平静	data/vanilla/vanilla_languages/objects/language_words.txt:5806	word+0x60	PE:RVA=0xee3cf0..0xee3e8f
NOUN_SINGULAR	PEACH	peach	桃子	data/vanilla/vanilla_languages/objects/language_words.txt:5813	word+0x20	PE:RVA=0xee3e90..0xee40b0
NOUN_PLURAL	PEACH	peaches	桃子	data/vanilla/vanilla_languages/objects/language_words.txt:5813	word+0x40	PE:RVA=0xee3e90..0xee40b0
NOUN_SINGULAR	PEPPER	pepper	胡椒	data/vanilla/vanilla_languages/objects/language_words.txt:5826	word+0x20	PE:RVA=0xee3e90..0xee40b0
NOUN_PLURAL	PEPPER	peppers	胡椒	data/vanilla/vanilla_languages/objects/language_words.txt:5826	word+0x40	PE:RVA=0xee3e90..0xee40b0
NOUN_SINGULAR	PHLEGM	phlegm	痰	data/vanilla/vanilla_languages/objects/language_words.txt:5838	word+0x20	PE:RVA=0xee3e90..0xee40b0
NOUN_PLURAL	PHLEGM	phlegms	痰	data/vanilla/vanilla_languages/objects/language_words.txt:5838	word+0x40	PE:RVA=0xee3e90..0xee40b0
NOUN_SINGULAR	PIG	pig	猪	data/vanilla/vanilla_languages/objects/language_words.txt:5848	word+0x20	PE:RVA=0xee3e90..0xee40b0
NOUN_PLURAL	PIG	pigs	猪	data/vanilla/vanilla_languages/objects/language_words.txt:5848	word+0x40	PE:RVA=0xee3e90..0xee40b0
NOUN_SINGULAR	PIT	pit	深坑	data/vanilla/vanilla_languages/objects/language_words.txt:5857	word+0x20	PE:RVA=0xee3e90..0xee40b0
NOUN_PLURAL	PIT	pits	深坑	data/vanilla/vanilla_languages/objects/language_words.txt:5857	word+0x40	PE:RVA=0xee3e90..0xee40b0
NOUN_SINGULAR	PITCH	pitch	沥青	data/vanilla/vanilla_languages/objects/language_words.txt:5867	word+0x20	PE:RVA=0xee3e90..0xee40b0
NOUN_PLURAL	PITCH	pitches	沥青	data/vanilla/vanilla_languages/objects/language_words.txt:5867	word+0x40	PE:RVA=0xee3e90..0xee40b0
NOUN_SINGULAR	PLAGUE	plague	瘟疫	data/vanilla/vanilla_languages/objects/language_words.txt:5876	word+0x20	PE:RVA=0xee3e90..0xee40b0
NOUN_PLURAL	PLAGUE	plagues	瘟疫	data/vanilla/vanilla_languages/objects/language_words.txt:5876	word+0x40	PE:RVA=0xee3e90..0xee40b0
NOUN_SINGULAR	PLANT	plant	植物	data/vanilla/vanilla_languages/objects/language_words.txt:5887	word+0x20	PE:RVA=0xee3e90..0xee40b0
NOUN_PLURAL	PLANT	plants	植物	data/vanilla/vanilla_languages/objects/language_words.txt:5887	word+0x40	PE:RVA=0xee3e90..0xee40b0
NOUN_SINGULAR	PLANTER	planter	种植者	data/vanilla/vanilla_languages/objects/language_words.txt:5899	word+0x20	PE:RVA=0xee3e90..0xee40b0
NOUN_PLURAL	PLANTER	planters	种植者	data/vanilla/vanilla_languages/objects/language_words.txt:5899	word+0x40	PE:RVA=0xee3e90..0xee40b0
NOUN_SINGULAR	PLOT	plot	阴谋	data/vanilla/vanilla_languages/objects/language_words.txt:5908	word+0x20	PE:RVA=0xee3e90..0xee40b0
NOUN_PLURAL	PLOT	plots	阴谋	data/vanilla/vanilla_languages/objects/language_words.txt:5908	word+0x40	PE:RVA=0xee3e90..0xee40b0
NOUN_SINGULAR	POCKET_NOUN	pocket	口袋	data/vanilla/vanilla_languages/objects/language_words.txt:5920	word+0x20	PE:RVA=0xee3e90..0xee40b0
NOUN_PLURAL	POCKET_NOUN	pockets	口袋	data/vanilla/vanilla_languages/objects/language_words.txt:5920	word+0x40	PE:RVA=0xee3e90..0xee40b0
NOUN_SINGULAR	POISON	poison	毒药	data/vanilla/vanilla_languages/objects/language_words.txt:5933	word+0x20	PE:RVA=0xee3e90..0xee40b0
NOUN_PLURAL	POISON	poisons	毒药	data/vanilla/vanilla_languages/objects/language_words.txt:5933	word+0x40	PE:RVA=0xee3e90..0xee40b0
ADJ	POISON	poisoned	中毒	data/vanilla/vanilla_languages/objects/language_words.txt:5942	word+0x60	PE:RVA=0xee3cf0..0xee3e8f
NOUN_SINGULAR	PORTAL	portal	入口	data/vanilla/vanilla_languages/objects/language_words.txt:5946	word+0x20	PE:RVA=0xee3e90..0xee40b0
NOUN_PLURAL	PORTAL	portals	入口	data/vanilla/vanilla_languages/objects/language_words.txt:5946	word+0x40	PE:RVA=0xee3e90..0xee40b0
NOUN_SINGULAR	POWER	power	力	data/vanilla/vanilla_languages/objects/language_words.txt:5956	word+0x20	PE:RVA=0xee3e90..0xee40b0
NOUN_PLURAL	POWER	powers	力	data/vanilla/vanilla_languages/objects/language_words.txt:5956	word+0x40	PE:RVA=0xee3e90..0xee40b0
NOUN_SINGULAR	PRANK	prank	恶作剧	data/vanilla/vanilla_languages/objects/language_words.txt:5966	word+0x20	PE:RVA=0xee3e90..0xee40b0
NOUN_PLURAL	PRANK	pranks	恶作剧	data/vanilla/vanilla_languages/objects/language_words.txt:5966	word+0x40	PE:RVA=0xee3e90..0xee40b0
NOUN_SINGULAR	PREGNANT	pregnancy	怀孕	data/vanilla/vanilla_languages/objects/language_words.txt:5976	word+0x20	PE:RVA=0xee3e90..0xee40b0
NOUN_PLURAL	PREGNANT	pregnancies	怀孕	data/vanilla/vanilla_languages/objects/language_words.txt:5976	word+0x40	PE:RVA=0xee3e90..0xee40b0
ADJ	PREGNANT	pregnant	怀孕	data/vanilla/vanilla_languages/objects/language_words.txt:5981	word+0x60	PE:RVA=0xee3cf0..0xee3e8f
NOUN_SINGULAR	PRIDE	pride	骄傲	data/vanilla/vanilla_languages/objects/language_words.txt:5988	word+0x20	PE:RVA=0xee3e90..0xee40b0
NOUN_PLURAL	PRIDE	prides	骄傲	data/vanilla/vanilla_languages/objects/language_words.txt:5988	word+0x40	PE:RVA=0xee3e90..0xee40b0
NOUN_SINGULAR	PRIEST	priest	祭司	data/vanilla/vanilla_languages/objects/language_words.txt:5997	word+0x20	PE:RVA=0xee3e90..0xee40b0
NOUN_PLURAL	PRIEST	priests	祭司	data/vanilla/vanilla_languages/objects/language_words.txt:5997	word+0x40	PE:RVA=0xee3e90..0xee40b0
ADJ	PRIM	prim	整洁	data/vanilla/vanilla_languages/objects/language_words.txt:6006	word+0x60	PE:RVA=0xee3cf0..0xee3e8f
ADJ	PRIME	prime	主要	data/vanilla/vanilla_languages/objects/language_words.txt:6011	word+0x60	PE:RVA=0xee3cf0..0xee3e8f
ADJ	PRIMITIVE	primitive	原始	data/vanilla/vanilla_languages/objects/language_words.txt:6016	word+0x60	PE:RVA=0xee3cf0..0xee3e8f
NOUN_SINGULAR	PROFANE	profanity	亵渎	data/vanilla/vanilla_languages/objects/language_words.txt:6020	word+0x20	PE:RVA=0xee3e90..0xee40b0
NOUN_PLURAL	PROFANE	profanities	亵渎	data/vanilla/vanilla_languages/objects/language_words.txt:6020	word+0x40	PE:RVA=0xee3e90..0xee40b0
ADJ	PROFANE	profane	亵渎	data/vanilla/vanilla_languages/objects/language_words.txt:6021	word+0x60	PE:RVA=0xee3cf0..0xee3e8f
NOUN_SINGULAR	PROPHECY	prophecy	预言	data/vanilla/vanilla_languages/objects/language_words.txt:6028	word+0x20	PE:RVA=0xee3e90..0xee40b0
NOUN_PLURAL	PROPHECY	prophecies	预言	data/vanilla/vanilla_languages/objects/language_words.txt:6028	word+0x40	PE:RVA=0xee3e90..0xee40b0
NOUN_SINGULAR	PROPHET	prophet	预言者	data/vanilla/vanilla_languages/objects/language_words.txt:6036	word+0x20	PE:RVA=0xee3e90..0xee40b0
NOUN_PLURAL	PROPHET	prophets	预言者	data/vanilla/vanilla_languages/objects/language_words.txt:6036	word+0x40	PE:RVA=0xee3e90..0xee40b0
NOUN_SINGULAR	PROWL	prowler	徘徊者	data/vanilla/vanilla_languages/objects/language_words.txt:6045	word+0x20	PE:RVA=0xee3e90..0xee40b0
NOUN_PLURAL	PROWL	prowlers	徘徊者	data/vanilla/vanilla_languages/objects/language_words.txt:6045	word+0x40	PE:RVA=0xee3e90..0xee40b0
NOUN_SINGULAR	PUKE	puke	呕吐	data/vanilla/vanilla_languages/objects/language_words.txt:6056	word+0x20	PE:RVA=0xee3e90..0xee40b0
NOUN_PLURAL	PUKE	pukes	呕吐	data/vanilla/vanilla_languages/objects/language_words.txt:6056	word+0x40	PE:RVA=0xee3e90..0xee40b0
NOUN_SINGULAR	PULLEY	pulley	滑轮	data/vanilla/vanilla_languages/objects/language_words.txt:6069	word+0x20	PE:RVA=0xee3e90..0xee40b0
NOUN_PLURAL	PULLEY	pulleys	滑轮	data/vanilla/vanilla_languages/objects/language_words.txt:6069	word+0x40	PE:RVA=0xee3e90..0xee40b0
NOUN_SINGULAR	PULP	pulp	果肉	data/vanilla/vanilla_languages/objects/language_words.txt:6078	word+0x20	PE:RVA=0xee3e90..0xee40b0
NOUN_PLURAL	PULP	pulps	果肉	data/vanilla/vanilla_languages/objects/language_words.txt:6078	word+0x40	PE:RVA=0xee3e90..0xee40b0
ADJ	PULP	pulpy	果肉状	data/vanilla/vanilla_languages/objects/language_words.txt:6088	word+0x60	PE:RVA=0xee3cf0..0xee3e8f
NOUN_SINGULAR	PUNCH	punch	重拳	data/vanilla/vanilla_languages/objects/language_words.txt:6093	word+0x20	PE:RVA=0xee3e90..0xee40b0
NOUN_PLURAL	PUNCH	punches	重拳	data/vanilla/vanilla_languages/objects/language_words.txt:6093	word+0x40	PE:RVA=0xee3e90..0xee40b0
ADJ	PURPLE	purple	紫色	data/vanilla/vanilla_languages/objects/language_words.txt:6103	word+0x60	PE:RVA=0xee3cf0..0xee3e8f
NOUN_SINGULAR	PUS	pus	脓	data/vanilla/vanilla_languages/objects/language_words.txt:6108	word+0x20	PE:RVA=0xee3e90..0xee40b0
NOUN_PLURAL	PUS	pusses	脓	data/vanilla/vanilla_languages/objects/language_words.txt:6108	word+0x40	PE:RVA=0xee3e90..0xee40b0
NOUN_SINGULAR	PUTRID	putrescence	腐败	data/vanilla/vanilla_languages/objects/language_words.txt:6118	word+0x20	PE:RVA=0xee3e90..0xee40b0
NOUN_PLURAL	PUTRID	putrescences	腐败	data/vanilla/vanilla_languages/objects/language_words.txt:6118	word+0x40	PE:RVA=0xee3e90..0xee40b0
ADJ	PUTRID	putrid	腐败	data/vanilla/vanilla_languages/objects/language_words.txt:6119	word+0x60	PE:RVA=0xee3cf0..0xee3e8f
NOUN_SINGULAR	QUAKE	quake	震颤	data/vanilla/vanilla_languages/objects/language_words.txt:6126	word+0x20	PE:RVA=0xee3e90..0xee40b0
NOUN_PLURAL	QUAKE	quakes	震颤	data/vanilla/vanilla_languages/objects/language_words.txt:6126	word+0x40	PE:RVA=0xee3e90..0xee40b0
NOUN_SINGULAR	QUEEN	queen	女王	data/vanilla/vanilla_languages/objects/language_words.txt:6136	word+0x20	PE:RVA=0xee3e90..0xee40b0
NOUN_PLURAL	QUEEN	queens	女王	data/vanilla/vanilla_languages/objects/language_words.txt:6136	word+0x40	PE:RVA=0xee3e90..0xee40b0
NOUN_SINGULAR	QUICK	quickness	急速	data/vanilla/vanilla_languages/objects/language_words.txt:6145	word+0x20	PE:RVA=0xee3e90..0xee40b0
NOUN_PLURAL	QUICK	quicknesses	急速	data/vanilla/vanilla_languages/objects/language_words.txt:6145	word+0x40	PE:RVA=0xee3e90..0xee40b0
ADJ	QUICK	quick	快	data/vanilla/vanilla_languages/objects/language_words.txt:6152	word+0x60	PE:RVA=0xee3cf0..0xee3e8f
NOUN_SINGULAR	QUILL	quill	羽毛笔	data/vanilla/vanilla_languages/objects/language_words.txt:6159	word+0x20	PE:RVA=0xee3e90..0xee40b0
NOUN_PLURAL	QUILL	quills	羽毛笔	data/vanilla/vanilla_languages/objects/language_words.txt:6159	word+0x40	PE:RVA=0xee3e90..0xee40b0
NOUN_SINGULAR	RABBIT	rabbit	兔子	data/vanilla/vanilla_languages/objects/language_words.txt:6169	word+0x20	PE:RVA=0xee3e90..0xee40b0
NOUN_PLURAL	RABBIT	rabbits	兔子	data/vanilla/vanilla_languages/objects/language_words.txt:6169	word+0x40	PE:RVA=0xee3e90..0xee40b0
NOUN_SINGULAR	RABBLE	rabble	乌合之众	data/vanilla/vanilla_languages/objects/language_words.txt:6179	word+0x20	PE:RVA=0xee3e90..0xee40b0
NOUN_PLURAL	RABBLE	rabbles	乌合之众	data/vanilla/vanilla_languages/objects/language_words.txt:6179	word+0x40	PE:RVA=0xee3e90..0xee40b0
NOUN_SINGULAR	RACE_GROUP	race	种族	data/vanilla/vanilla_languages/objects/language_words.txt:6189	word+0x20	PE:RVA=0xee3e90..0xee40b0
NOUN_PLURAL	RACE_GROUP	races	种族	data/vanilla/vanilla_languages/objects/language_words.txt:6189	word+0x40	PE:RVA=0xee3e90..0xee40b0
NOUN_SINGULAR	RACE_VERB	race	赛跑	data/vanilla/vanilla_languages/objects/language_words.txt:6198	word+0x20	PE:RVA=0xee3e90..0xee40b0
NOUN_PLURAL	RACE_VERB	races	赛跑	data/vanilla/vanilla_languages/objects/language_words.txt:6198	word+0x40	PE:RVA=0xee3e90..0xee40b0
NOUN_SINGULAR	RACK	rack	架	data/vanilla/vanilla_languages/objects/language_words.txt:6203	word+0x20	PE:RVA=0xee3e90..0xee40b0
NOUN_PLURAL	RACK	racks	架	data/vanilla/vanilla_languages/objects/language_words.txt:6203	word+0x40	PE:RVA=0xee3e90..0xee40b0
NOUN_SINGULAR	RAG	rag	碎布	data/vanilla/vanilla_languages/objects/language_words.txt:6212	word+0x20	PE:RVA=0xee3e90..0xee40b0
NOUN_PLURAL	RAG	rags	碎布	data/vanilla/vanilla_languages/objects/language_words.txt:6212	word+0x40	PE:RVA=0xee3e90..0xee40b0
NOUN_SINGULAR	RAGE	rage	愤怒	data/vanilla/vanilla_languages/objects/language_words.txt:6223	word+0x20	PE:RVA=0xee3e90..0xee40b0
NOUN_PLURAL	RAGE	rages	愤怒	data/vanilla/vanilla_languages/objects/language_words.txt:6223	word+0x40	PE:RVA=0xee3e90..0xee40b0
NOUN_SINGULAR	RAIN	rain	雨	data/vanilla/vanilla_languages/objects/language_words.txt:6234	word+0x20	PE:RVA=0xee3e90..0xee40b0
NOUN_PLURAL	RAIN	rains	雨	data/vanilla/vanilla_languages/objects/language_words.txt:6234	word+0x40	PE:RVA=0xee3e90..0xee40b0
ADJ	RAIN	rainy	下雨	data/vanilla/vanilla_languages/objects/language_words.txt:6242	word+0x60	PE:RVA=0xee3cf0..0xee3e8f
NOUN_SINGULAR	RAM	ram	公羊	data/vanilla/vanilla_languages/objects/language_words.txt:6254	word+0x20	PE:RVA=0xee3e90..0xee40b0
NOUN_PLURAL	RAM	rams	公羊	data/vanilla/vanilla_languages/objects/language_words.txt:6254	word+0x40	PE:RVA=0xee3e90..0xee40b0
NOUN_SINGULAR	RAMPAGE	rampage	乱闹	data/vanilla/vanilla_languages/objects/language_words.txt:6263	word+0x20	PE:RVA=0xee3e90..0xee40b0
NOUN_PLURAL	RAMPAGE	rampages	乱闹	data/vanilla/vanilla_languages/objects/language_words.txt:6263	word+0x40	PE:RVA=0xee3e90..0xee40b0
ADJ	RANDOM	random	任意	data/vanilla/vanilla_languages/objects/language_words.txt:6276	word+0x60	PE:RVA=0xee3cf0..0xee3e8f
NOUN_SINGULAR	RAPTOR	raptor	猛禽	data/vanilla/vanilla_languages/objects/language_words.txt:6285	word+0x20	PE:RVA=0xee3e90..0xee40b0
NOUN_PLURAL	RAPTOR	raptors	猛禽	data/vanilla/vanilla_languages/objects/language_words.txt:6285	word+0x40	PE:RVA=0xee3e90..0xee40b0
NOUN_SINGULAR	RAT	rat	鼠	data/vanilla/vanilla_languages/objects/language_words.txt:6294	word+0x20	PE:RVA=0xee3e90..0xee40b0
NOUN_PLURAL	RAT	rats	鼠	data/vanilla/vanilla_languages/objects/language_words.txt:6294	word+0x40	PE:RVA=0xee3e90..0xee40b0
NOUN_SINGULAR	RAUNCH	raunch	粗俗	data/vanilla/vanilla_languages/objects/language_words.txt:6303	word+0x20	PE:RVA=0xee3e90..0xee40b0
NOUN_PLURAL	RAUNCH	raunches	粗俗	data/vanilla/vanilla_languages/objects/language_words.txt:6303	word+0x40	PE:RVA=0xee3e90..0xee40b0
NOUN_SINGULAR	RAVAGER	ravager	破坏者	data/vanilla/vanilla_languages/objects/language_words.txt:6312	word+0x20	PE:RVA=0xee3e90..0xee40b0
NOUN_PLURAL	RAVAGER	ravagers	破坏者	data/vanilla/vanilla_languages/objects/language_words.txt:6312	word+0x40	PE:RVA=0xee3e90..0xee40b0
NOUN_SINGULAR	RAVEN	raven	渡鸦	data/vanilla/vanilla_languages/objects/language_words.txt:6318	word+0x20	PE:RVA=0xee3e90..0xee40b0
NOUN_PLURAL	RAVEN	ravens	渡鸦	data/vanilla/vanilla_languages/objects/language_words.txt:6318	word+0x40	PE:RVA=0xee3e90..0xee40b0
NOUN_SINGULAR	RAW	rawness	生	data/vanilla/vanilla_languages/objects/language_words.txt:6327	word+0x20	PE:RVA=0xee3e90..0xee40b0
NOUN_PLURAL	RAW	rawnesses	生	data/vanilla/vanilla_languages/objects/language_words.txt:6327	word+0x40	PE:RVA=0xee3e90..0xee40b0
ADJ	RAW	raw	生	data/vanilla/vanilla_languages/objects/language_words.txt:6334	word+0x60	PE:RVA=0xee3cf0..0xee3e8f
NOUN_SINGULAR	RAZOR	razor	剃刀	data/vanilla/vanilla_languages/objects/language_words.txt:6341	word+0x20	PE:RVA=0xee3e90..0xee40b0
NOUN_PLURAL	RAZOR	razors	剃刀	data/vanilla/vanilla_languages/objects/language_words.txt:6341	word+0x40	PE:RVA=0xee3e90..0xee40b0
NOUN_SINGULAR	RED	redness	红	data/vanilla/vanilla_languages/objects/language_words.txt:6351	word+0x20	PE:RVA=0xee3e90..0xee40b0
NOUN_PLURAL	RED	rednesses	红	data/vanilla/vanilla_languages/objects/language_words.txt:6351	word+0x40	PE:RVA=0xee3e90..0xee40b0
ADJ	RED	red	红	data/vanilla/vanilla_languages/objects/language_words.txt:6352	word+0x60	PE:RVA=0xee3cf0..0xee3e8f
ADJ	REGAL	regal	帝王	data/vanilla/vanilla_languages/objects/language_words.txt:6359	word+0x60	PE:RVA=0xee3cf0..0xee3e8f
NOUN_SINGULAR	REIGN	reign	统治	data/vanilla/vanilla_languages/objects/language_words.txt:6364	word+0x20	PE:RVA=0xee3e90..0xee40b0
NOUN_PLURAL	REIGN	reigns	统治	data/vanilla/vanilla_languages/objects/language_words.txt:6364	word+0x40	PE:RVA=0xee3e90..0xee40b0
NOUN_SINGULAR	REIN	rein	缰绳	data/vanilla/vanilla_languages/objects/language_words.txt:6376	word+0x20	PE:RVA=0xee3e90..0xee40b0
NOUN_PLURAL	REIN	reins	缰绳	data/vanilla/vanilla_languages/objects/language_words.txt:6376	word+0x40	PE:RVA=0xee3e90..0xee40b0
NOUN_SINGULAR	RIDER	rider	骑手	data/vanilla/vanilla_languages/objects/language_words.txt:6385	word+0x20	PE:RVA=0xee3e90..0xee40b0
NOUN_PLURAL	RIDER	riders	骑手	data/vanilla/vanilla_languages/objects/language_words.txt:6385	word+0x40	PE:RVA=0xee3e90..0xee40b0
NOUN_SINGULAR	RIM	rim	边	data/vanilla/vanilla_languages/objects/language_words.txt:6394	word+0x20	PE:RVA=0xee3e90..0xee40b0
NOUN_PLURAL	RIM	rims	边	data/vanilla/vanilla_languages/objects/language_words.txt:6394	word+0x40	PE:RVA=0xee3e90..0xee40b0
NOUN_SINGULAR	RING_OBJECT	ring	环	data/vanilla/vanilla_languages/objects/language_words.txt:6403	word+0x20	PE:RVA=0xee3e90..0xee40b0
NOUN_PLURAL	RING_OBJECT	rings	环	data/vanilla/vanilla_languages/objects/language_words.txt:6403	word+0x40	PE:RVA=0xee3e90..0xee40b0
NOUN_SINGULAR	RIP	rip	裂痕	data/vanilla/vanilla_languages/objects/language_words.txt:6418	word+0x20	PE:RVA=0xee3e90..0xee40b0
NOUN_PLURAL	RIP	rips	裂痕	data/vanilla/vanilla_languages/objects/language_words.txt:6418	word+0x40	PE:RVA=0xee3e90..0xee40b0
NOUN_SINGULAR	RIPE	ripeness	成熟	data/vanilla/vanilla_languages/objects/language_words.txt:6428	word+0x20	PE:RVA=0xee3e90..0xee40b0
NOUN_PLURAL	RIPE	ripenesses	成熟	data/vanilla/vanilla_languages/objects/language_words.txt:6428	word+0x40	PE:RVA=0xee3e90..0xee40b0
ADJ	RIPE	ripe	成熟	data/vanilla/vanilla_languages/objects/language_words.txt:6429	word+0x60	PE:RVA=0xee3cf0..0xee3e8f
NOUN_SINGULAR	RIPPER	ripper	撕裂者	data/vanilla/vanilla_languages/objects/language_words.txt:6436	word+0x20	PE:RVA=0xee3e90..0xee40b0
NOUN_PLURAL	RIPPER	rippers	撕裂者	data/vanilla/vanilla_languages/objects/language_words.txt:6436	word+0x40	PE:RVA=0xee3e90..0xee40b0
NOUN_SINGULAR	RITE	rite	仪式	data/vanilla/vanilla_languages/objects/language_words.txt:6449	word+0x20	PE:RVA=0xee3e90..0xee40b0
NOUN_PLURAL	RITE	rites	仪式	data/vanilla/vanilla_languages/objects/language_words.txt:6449	word+0x40	PE:RVA=0xee3e90..0xee40b0
NOUN_SINGULAR	RIVER	river	河	data/vanilla/vanilla_languages/objects/language_words.txt:6459	word+0x20	PE:RVA=0xee3e90..0xee40b0
NOUN_PLURAL	RIVER	rivers	河	data/vanilla/vanilla_languages/objects/language_words.txt:6459	word+0x40	PE:RVA=0xee3e90..0xee40b0
NOUN_SINGULAR	ROCK	rock	岩石	data/vanilla/vanilla_languages/objects/language_words.txt:6469	word+0x20	PE:RVA=0xee3e90..0xee40b0
NOUN_PLURAL	ROCK	rocks	岩石	data/vanilla/vanilla_languages/objects/language_words.txt:6469	word+0x40	PE:RVA=0xee3e90..0xee40b0
NOUN_SINGULAR	ROGUE	rogue	恶棍	data/vanilla/vanilla_languages/objects/language_words.txt:6481	word+0x20	PE:RVA=0xee3e90..0xee40b0
NOUN_PLURAL	ROGUE	rogues	恶棍	data/vanilla/vanilla_languages/objects/language_words.txt:6481	word+0x40	PE:RVA=0xee3e90..0xee40b0
NOUN_SINGULAR	ROMANCE	romance	浪漫	data/vanilla/vanilla_languages/objects/language_words.txt:6490	word+0x20	PE:RVA=0xee3e90..0xee40b0
NOUN_PLURAL	ROMANCE	romances	浪漫	data/vanilla/vanilla_languages/objects/language_words.txt:6490	word+0x40	PE:RVA=0xee3e90..0xee40b0
ADJ	ROMANCE	romantic	浪漫	data/vanilla/vanilla_languages/objects/language_words.txt:6499	word+0x60	PE:RVA=0xee3cf0..0xee3e8f
NOUN_SINGULAR	ROOM	room	房间	data/vanilla/vanilla_languages/objects/language_words.txt:6507	word+0x20	PE:RVA=0xee3e90..0xee40b0
NOUN_PLURAL	ROOM	rooms	房间	data/vanilla/vanilla_languages/objects/language_words.txt:6507	word+0x40	PE:RVA=0xee3e90..0xee40b0
ADJ	ROOMY	roomy	广阔	data/vanilla/vanilla_languages/objects/language_words.txt:6517	word+0x60	PE:RVA=0xee3cf0..0xee3e8f
NOUN_SINGULAR	ROOT	root	根	data/vanilla/vanilla_languages/objects/language_words.txt:6523	word+0x20	PE:RVA=0xee3e90..0xee40b0
NOUN_PLURAL	ROOT	roots	根	data/vanilla/vanilla_languages/objects/language_words.txt:6523	word+0x40	PE:RVA=0xee3e90..0xee40b0
NOUN_SINGULAR	ROSE	rose	玫瑰	data/vanilla/vanilla_languages/objects/language_words.txt:6533	word+0x20	PE:RVA=0xee3e90..0xee40b0
NOUN_PLURAL	ROSE	roses	玫瑰	data/vanilla/vanilla_languages/objects/language_words.txt:6533	word+0x40	PE:RVA=0xee3e90..0xee40b0
ADJ	ROSE	rosy	蔷薇色	data/vanilla/vanilla_languages/objects/language_words.txt:6541	word+0x60	PE:RVA=0xee3cf0..0xee3e8f
NOUN_SINGULAR	ROT	rot	腐烂	data/vanilla/vanilla_languages/objects/language_words.txt:6546	word+0x20	PE:RVA=0xee3e90..0xee40b0
NOUN_PLURAL	ROT	rots	腐烂	data/vanilla/vanilla_languages/objects/language_words.txt:6546	word+0x40	PE:RVA=0xee3e90..0xee40b0
NOUN_SINGULAR	ROUGH	roughness	粗糙	data/vanilla/vanilla_languages/objects/language_words.txt:6555	word+0x20	PE:RVA=0xee3e90..0xee40b0
NOUN_PLURAL	ROUGH	roughnesses	粗糙	data/vanilla/vanilla_languages/objects/language_words.txt:6555	word+0x40	PE:RVA=0xee3e90..0xee40b0
ADJ	ROUGH	rough	粗糙	data/vanilla/vanilla_languages/objects/language_words.txt:6561	word+0x60	PE:RVA=0xee3cf0..0xee3e8f
ADJ	ROYAL	royal	王室	data/vanilla/vanilla_languages/objects/language_words.txt:6568	word+0x60	PE:RVA=0xee3cf0..0xee3e8f
NOUN_SINGULAR	RUIN	ruin	毁灭	data/vanilla/vanilla_languages/objects/language_words.txt:6573	word+0x20	PE:RVA=0xee3e90..0xee40b0
NOUN_PLURAL	RUIN	ruins	毁灭	data/vanilla/vanilla_languages/objects/language_words.txt:6573	word+0x40	PE:RVA=0xee3e90..0xee40b0
ADJ	RUIN	ruined	毁灭	data/vanilla/vanilla_languages/objects/language_words.txt:6582	word+0x60	PE:RVA=0xee3cf0..0xee3e8f
NOUN_SINGULAR	RULER	ruler	统治者	data/vanilla/vanilla_languages/objects/language_words.txt:6591	word+0x20	PE:RVA=0xee3e90..0xee40b0
NOUN_PLURAL	RULER	rulers	统治者	data/vanilla/vanilla_languages/objects/language_words.txt:6591	word+0x40	PE:RVA=0xee3e90..0xee40b0
NOUN_SINGULAR	RUMOR	rumor	谣言	data/vanilla/vanilla_languages/objects/language_words.txt:6602	word+0x20	PE:RVA=0xee3e90..0xee40b0
NOUN_PLURAL	RUMOR	rumors	谣言	data/vanilla/vanilla_languages/objects/language_words.txt:6602	word+0x40	PE:RVA=0xee3e90..0xee40b0
ADJ	RUMOR	rumored	传闻	data/vanilla/vanilla_languages/objects/language_words.txt:6610	word+0x60	PE:RVA=0xee3cf0..0xee3e8f
NOUN_SINGULAR	RUST	rust	锈	data/vanilla/vanilla_languages/objects/language_words.txt:6615	word+0x20	PE:RVA=0xee3e90..0xee40b0
NOUN_PLURAL	RUST	rusts	锈	data/vanilla/vanilla_languages/objects/language_words.txt:6615	word+0x40	PE:RVA=0xee3e90..0xee40b0
NOUN_SINGULAR	SABRE	sabre	军刀	data/vanilla/vanilla_languages/objects/language_words.txt:6624	word+0x20	PE:RVA=0xee3e90..0xee40b0
NOUN_PLURAL	SABRE	sabres	军刀	data/vanilla/vanilla_languages/objects/language_words.txt:6624	word+0x40	PE:RVA=0xee3e90..0xee40b0
NOUN_SINGULAR	SACK	sack	麻布袋	data/vanilla/vanilla_languages/objects/language_words.txt:6634	word+0x20	PE:RVA=0xee3e90..0xee40b0
NOUN_PLURAL	SACK	sacks	麻布袋	data/vanilla/vanilla_languages/objects/language_words.txt:6634	word+0x40	PE:RVA=0xee3e90..0xee40b0
NOUN_SINGULAR	SAINT	saint	圣徒	data/vanilla/vanilla_languages/objects/language_words.txt:6645	word+0x20	PE:RVA=0xee3e90..0xee40b0
NOUN_PLURAL	SAINT	saints	圣徒	data/vanilla/vanilla_languages/objects/language_words.txt:6645	word+0x40	PE:RVA=0xee3e90..0xee40b0
NOUN_SINGULAR	SALT	salt	盐	data/vanilla/vanilla_languages/objects/language_words.txt:6654	word+0x20	PE:RVA=0xee3e90..0xee40b0
NOUN_PLURAL	SALT	salts	盐	data/vanilla/vanilla_languages/objects/language_words.txt:6654	word+0x40	PE:RVA=0xee3e90..0xee40b0
ADJ	SALT	salty	有盐分	data/vanilla/vanilla_languages/objects/language_words.txt:6663	word+0x60	PE:RVA=0xee3cf0..0xee3e8f
NOUN_SINGULAR	SALVE	salve	油膏	data/vanilla/vanilla_languages/objects/language_words.txt:6667	word+0x20	PE:RVA=0xee3e90..0xee40b0
NOUN_PLURAL	SALVE	salves	油膏	data/vanilla/vanilla_languages/objects/language_words.txt:6667	word+0x40	PE:RVA=0xee3e90..0xee40b0
NOUN_SINGULAR	SAP	sap	树液	data/vanilla/vanilla_languages/objects/language_words.txt:6677	word+0x20	PE:RVA=0xee3e90..0xee40b0
NOUN_PLURAL	SAP	saps	树液	data/vanilla/vanilla_languages/objects/language_words.txt:6677	word+0x40	PE:RVA=0xee3e90..0xee40b0
NOUN_SINGULAR	SATIN	satin	缎子	data/vanilla/vanilla_languages/objects/language_words.txt:6686	word+0x20	PE:RVA=0xee3e90..0xee40b0
NOUN_PLURAL	SATIN	satins	缎子	data/vanilla/vanilla_languages/objects/language_words.txt:6686	word+0x40	PE:RVA=0xee3e90..0xee40b0
ADJ	SATIN	satiny	缎子似	data/vanilla/vanilla_languages/objects/language_words.txt:6694	word+0x60	PE:RVA=0xee3cf0..0xee3e8f
NOUN_SINGULAR	SAVAGE	savage	野人	data/vanilla/vanilla_languages/objects/language_words.txt:6699	word+0x20	PE:RVA=0xee3e90..0xee40b0
NOUN_PLURAL	SAVAGE	savages	野人	data/vanilla/vanilla_languages/objects/language_words.txt:6699	word+0x40	PE:RVA=0xee3e90..0xee40b0
ADJ	SAVAGE	savage	野蛮	data/vanilla/vanilla_languages/objects/language_words.txt:6706	word+0x60	PE:RVA=0xee3cf0..0xee3e8f
NOUN_SINGULAR	SAVAGERY	savagery	兽性	data/vanilla/vanilla_languages/objects/language_words.txt:6713	word+0x20	PE:RVA=0xee3e90..0xee40b0
NOUN_PLURAL	SAVAGERY	savageries	兽性	data/vanilla/vanilla_languages/objects/language_words.txt:6713	word+0x40	PE:RVA=0xee3e90..0xee40b0
NOUN_SINGULAR	SAVIOR	savior	救世主	data/vanilla/vanilla_languages/objects/language_words.txt:6720	word+0x20	PE:RVA=0xee3e90..0xee40b0
NOUN_PLURAL	SAVIOR	saviors	救世主	data/vanilla/vanilla_languages/objects/language_words.txt:6720	word+0x40	PE:RVA=0xee3e90..0xee40b0
NOUN_SINGULAR	SCAB	scab	痂	data/vanilla/vanilla_languages/objects/language_words.txt:6729	word+0x20	PE:RVA=0xee3e90..0xee40b0
NOUN_PLURAL	SCAB	scabs	痂	data/vanilla/vanilla_languages/objects/language_words.txt:6729	word+0x40	PE:RVA=0xee3e90..0xee40b0
ADJ	SCAB	scabrous	粗糙	data/vanilla/vanilla_languages/objects/language_words.txt:6739	word+0x60	PE:RVA=0xee3cf0..0xee3e8f
NOUN_SINGULAR	SCAR	scar	疤痕	data/vanilla/vanilla_languages/objects/language_words.txt:6745	word+0x20	PE:RVA=0xee3e90..0xee40b0
NOUN_PLURAL	SCAR	scars	疤痕	data/vanilla/vanilla_languages/objects/language_words.txt:6745	word+0x40	PE:RVA=0xee3e90..0xee40b0
NOUN_SINGULAR	SCORPION	scorpion	蝎子	data/vanilla/vanilla_languages/objects/language_words.txt:6762	word+0x20	PE:RVA=0xee3e90..0xee40b0
NOUN_PLURAL	SCORPION	scorpions	蝎子	data/vanilla/vanilla_languages/objects/language_words.txt:6762	word+0x40	PE:RVA=0xee3e90..0xee40b0
NOUN_SINGULAR	SCRATCH	scratch	抓痕	data/vanilla/vanilla_languages/objects/language_words.txt:6771	word+0x20	PE:RVA=0xee3e90..0xee40b0
NOUN_PLURAL	SCRATCH	scratches	抓痕	data/vanilla/vanilla_languages/objects/language_words.txt:6771	word+0x40	PE:RVA=0xee3e90..0xee40b0
NOUN_SINGULAR	SCOURGE	scourge	鞭	data/vanilla/vanilla_languages/objects/language_words.txt:6781	word+0x20	PE:RVA=0xee3e90..0xee40b0
NOUN_PLURAL	SCOURGE	scourges	鞭	data/vanilla/vanilla_languages/objects/language_words.txt:6781	word+0x40	PE:RVA=0xee3e90..0xee40b0
NOUN_SINGULAR	SCREAM	scream	尖叫声	data/vanilla/vanilla_languages/objects/language_words.txt:6790	word+0x20	PE:RVA=0xee3e90..0xee40b0
NOUN_PLURAL	SCREAM	screams	尖叫声	data/vanilla/vanilla_languages/objects/language_words.txt:6790	word+0x40	PE:RVA=0xee3e90..0xee40b0
NOUN_SINGULAR	SCUM	scum	浮渣	data/vanilla/vanilla_languages/objects/language_words.txt:6802	word+0x20	PE:RVA=0xee3e90..0xee40b0
NOUN_PLURAL	SCUM	scum	浮渣	data/vanilla/vanilla_languages/objects/language_words.txt:6802	word+0x40	PE:RVA=0xee3e90..0xee40b0
NOUN_SINGULAR	SEA	sea	海	data/vanilla/vanilla_languages/objects/language_words.txt:6810	word+0x20	PE:RVA=0xee3e90..0xee40b0
NOUN_PLURAL	SEA	seas	海	data/vanilla/vanilla_languages/objects/language_words.txt:6810	word+0x40	PE:RVA=0xee3e90..0xee40b0
NOUN_SINGULAR	SEAL_ANIMAL	seal	海豹	data/vanilla/vanilla_languages/objects/language_words.txt:6821	word+0x20	PE:RVA=0xee3e90..0xee40b0
NOUN_PLURAL	SEAL_ANIMAL	seals	海豹	data/vanilla/vanilla_languages/objects/language_words.txt:6821	word+0x40	PE:RVA=0xee3e90..0xee40b0
NOUN_SINGULAR	SEAL_ART	seal	印章	data/vanilla/vanilla_languages/objects/language_words.txt:6831	word+0x20	PE:RVA=0xee3e90..0xee40b0
NOUN_PLURAL	SEAL_ART	seals	印章	data/vanilla/vanilla_languages/objects/language_words.txt:6831	word+0x40	PE:RVA=0xee3e90..0xee40b0
NOUN_SINGULAR	SEAM	seam	接缝	data/vanilla/vanilla_languages/objects/language_words.txt:6841	word+0x20	PE:RVA=0xee3e90..0xee40b0
NOUN_PLURAL	SEAM	seams	接缝	data/vanilla/vanilla_languages/objects/language_words.txt:6841	word+0x40	PE:RVA=0xee3e90..0xee40b0
NOUN_SINGULAR	SEASON	season	季节	data/vanilla/vanilla_languages/objects/language_words.txt:6851	word+0x20	PE:RVA=0xee3e90..0xee40b0
NOUN_PLURAL	SEASON	seasons	季节	data/vanilla/vanilla_languages/objects/language_words.txt:6851	word+0x40	PE:RVA=0xee3e90..0xee40b0
NOUN_SINGULAR	SECRET	secret	秘密	data/vanilla/vanilla_languages/objects/language_words.txt:6861	word+0x20	PE:RVA=0xee3e90..0xee40b0
NOUN_PLURAL	SECRET	secrets	秘密	data/vanilla/vanilla_languages/objects/language_words.txt:6861	word+0x40	PE:RVA=0xee3e90..0xee40b0
ADJ	SECRET	secretive	秘密	data/vanilla/vanilla_languages/objects/language_words.txt:6869	word+0x60	PE:RVA=0xee3cf0..0xee3e8f
NOUN_SINGULAR	SEDUCE	seduction	诱惑	data/vanilla/vanilla_languages/objects/language_words.txt:6875	word+0x20	PE:RVA=0xee3e90..0xee40b0
NOUN_PLURAL	SEDUCE	seductions	诱惑	data/vanilla/vanilla_languages/objects/language_words.txt:6875	word+0x40	PE:RVA=0xee3e90..0xee40b0
NOUN_SINGULAR	SEDUCER	seducer	诱惑者	data/vanilla/vanilla_languages/objects/language_words.txt:6884	word+0x20	PE:RVA=0xee3e90..0xee40b0
NOUN_PLURAL	SEDUCER	seducers	诱惑者	data/vanilla/vanilla_languages/objects/language_words.txt:6884	word+0x40	PE:RVA=0xee3e90..0xee40b0
NOUN_SINGULAR	SEED	seed	种子	data/vanilla/vanilla_languages/objects/language_words.txt:6890	word+0x20	PE:RVA=0xee3e90..0xee40b0
NOUN_PLURAL	SEED	seeds	种子	data/vanilla/vanilla_languages/objects/language_words.txt:6890	word+0x40	PE:RVA=0xee3e90..0xee40b0
NOUN_SINGULAR	SEER	seer	预言者	data/vanilla/vanilla_languages/objects/language_words.txt:6900	word+0x20	PE:RVA=0xee3e90..0xee40b0
NOUN_PLURAL	SEER	seers	预言者	data/vanilla/vanilla_languages/objects/language_words.txt:6900	word+0x40	PE:RVA=0xee3e90..0xee40b0
NOUN_SINGULAR	SEIZE	seizure	捕获	data/vanilla/vanilla_languages/objects/language_words.txt:6909	word+0x20	PE:RVA=0xee3e90..0xee40b0
NOUN_PLURAL	SEIZE	seizures	捕获	data/vanilla/vanilla_languages/objects/language_words.txt:6909	word+0x40	PE:RVA=0xee3e90..0xee40b0
NOUN_SINGULAR	SERPENT	serpent	巨蛇	data/vanilla/vanilla_languages/objects/language_words.txt:6920	word+0x20	PE:RVA=0xee3e90..0xee40b0
NOUN_PLURAL	SERPENT	serpents	巨蛇	data/vanilla/vanilla_languages/objects/language_words.txt:6920	word+0x40	PE:RVA=0xee3e90..0xee40b0
NOUN_SINGULAR	SERVANT	servant	仆人	data/vanilla/vanilla_languages/objects/language_words.txt:6929	word+0x20	PE:RVA=0xee3e90..0xee40b0
NOUN_PLURAL	SERVANT	servants	仆人	data/vanilla/vanilla_languages/objects/language_words.txt:6929	word+0x40	PE:RVA=0xee3e90..0xee40b0
NOUN_SINGULAR	SEVER	sever	切断	data/vanilla/vanilla_languages/objects/language_words.txt:6938	word+0x20	PE:RVA=0xee3e90..0xee40b0
NOUN_PLURAL	SEVER	severs	切断	data/vanilla/vanilla_languages/objects/language_words.txt:6938	word+0x40	PE:RVA=0xee3e90..0xee40b0
NOUN_SINGULAR	SEWER	sewer	下水道	data/vanilla/vanilla_languages/objects/language_words.txt:6949	word+0x20	PE:RVA=0xee3e90..0xee40b0
NOUN_PLURAL	SEWER	sewers	下水道	data/vanilla/vanilla_languages/objects/language_words.txt:6949	word+0x40	PE:RVA=0xee3e90..0xee40b0
NOUN_SINGULAR	SHADOW	shadow	阴影	data/vanilla/vanilla_languages/objects/language_words.txt:6959	word+0x20	PE:RVA=0xee3e90..0xee40b0
NOUN_PLURAL	SHADOW	shadows	阴影	data/vanilla/vanilla_languages/objects/language_words.txt:6959	word+0x40	PE:RVA=0xee3e90..0xee40b0
NOUN_SINGULAR	SHAFT	shaft	轴	data/vanilla/vanilla_languages/objects/language_words.txt:6970	word+0x20	PE:RVA=0xee3e90..0xee40b0
NOUN_PLURAL	SHAFT	shafts	轴	data/vanilla/vanilla_languages/objects/language_words.txt:6970	word+0x40	PE:RVA=0xee3e90..0xee40b0
NOUN_SINGULAR	SHANK	shank	胫	data/vanilla/vanilla_languages/objects/language_words.txt:6980	word+0x20	PE:RVA=0xee3e90..0xee40b0
NOUN_PLURAL	SHANK	shanks	胫	data/vanilla/vanilla_languages/objects/language_words.txt:6980	word+0x40	PE:RVA=0xee3e90..0xee40b0
NOUN_SINGULAR	SHARK	shark	鲨鱼	data/vanilla/vanilla_languages/objects/language_words.txt:6990	word+0x20	PE:RVA=0xee3e90..0xee40b0
NOUN_PLURAL	SHARK	sharks	鲨鱼	data/vanilla/vanilla_languages/objects/language_words.txt:6990	word+0x40	PE:RVA=0xee3e90..0xee40b0
NOUN_SINGULAR	SHEEN	sheen	光辉	data/vanilla/vanilla_languages/objects/language_words.txt:7003	word+0x20	PE:RVA=0xee3e90..0xee40b0
NOUN_PLURAL	SHEEN	sheens	光辉	data/vanilla/vanilla_languages/objects/language_words.txt:7003	word+0x40	PE:RVA=0xee3e90..0xee40b0
NOUN_SINGULAR	SHELL	shell	贝壳	data/vanilla/vanilla_languages/objects/language_words.txt:7014	word+0x20	PE:RVA=0xee3e90..0xee40b0
NOUN_PLURAL	SHELL	shells	贝壳	data/vanilla/vanilla_languages/objects/language_words.txt:7014	word+0x40	PE:RVA=0xee3e90..0xee40b0
NOUN_SINGULAR	SHELTER	shelter	庇护所	data/vanilla/vanilla_languages/objects/language_words.txt:7027	word+0x20	PE:RVA=0xee3e90..0xee40b0
NOUN_PLURAL	SHELTER	shelters	庇护所	data/vanilla/vanilla_languages/objects/language_words.txt:7027	word+0x40	PE:RVA=0xee3e90..0xee40b0
NOUN_SINGULAR	SHIELD	shield	盾	data/vanilla/vanilla_languages/objects/language_words.txt:7040	word+0x20	PE:RVA=0xee3e90..0xee40b0
NOUN_PLURAL	SHIELD	shields	盾	data/vanilla/vanilla_languages/objects/language_words.txt:7040	word+0x40	PE:RVA=0xee3e90..0xee40b0
NOUN_SINGULAR	SHIP	ship	船	data/vanilla/vanilla_languages/objects/language_words.txt:7055	word+0x20	PE:RVA=0xee3e90..0xee40b0
NOUN_PLURAL	SHIP	ships	船	data/vanilla/vanilla_languages/objects/language_words.txt:7055	word+0x40	PE:RVA=0xee3e90..0xee40b0
NOUN_SINGULAR	SHOW	show	展示	data/vanilla/vanilla_languages/objects/language_words.txt:7069	word+0x20	PE:RVA=0xee3e90..0xee40b0
NOUN_PLURAL	SHOW	shows	展示	data/vanilla/vanilla_languages/objects/language_words.txt:7069	word+0x40	PE:RVA=0xee3e90..0xee40b0
NOUN_SINGULAR	SHRED	shred	碎布条	data/vanilla/vanilla_languages/objects/language_words.txt:7081	word+0x20	PE:RVA=0xee3e90..0xee40b0
NOUN_PLURAL	SHRED	shreds	碎布条	data/vanilla/vanilla_languages/objects/language_words.txt:7081	word+0x40	PE:RVA=0xee3e90..0xee40b0
NOUN_SINGULAR	SHRIEK	shriek	尖啸	data/vanilla/vanilla_languages/objects/language_words.txt:7091	word+0x20	PE:RVA=0xee3e90..0xee40b0
NOUN_PLURAL	SHRIEK	shrieks	尖啸	data/vanilla/vanilla_languages/objects/language_words.txt:7091	word+0x40	PE:RVA=0xee3e90..0xee40b0
NOUN_SINGULAR	SICK	sick	病患	data/vanilla/vanilla_languages/objects/language_words.txt:7105	word+0x20	PE:RVA=0xee3e90..0xee40b0
NOUN_PLURAL	SICK	sick	病患	data/vanilla/vanilla_languages/objects/language_words.txt:7105	word+0x40	PE:RVA=0xee3e90..0xee40b0
ADJ	SICK	sick	病弱	data/vanilla/vanilla_languages/objects/language_words.txt:7108	word+0x60	PE:RVA=0xee3cf0..0xee3e8f
NOUN_SINGULAR	SICKNESS	sickness	疾病	data/vanilla/vanilla_languages/objects/language_words.txt:7115	word+0x20	PE:RVA=0xee3e90..0xee40b0
NOUN_PLURAL	SICKNESS	sicknesses	疾病	data/vanilla/vanilla_languages/objects/language_words.txt:7115	word+0x40	PE:RVA=0xee3e90..0xee40b0
NOUN_SINGULAR	SIEGE	siege	围城	data/vanilla/vanilla_languages/objects/language_words.txt:7124	word+0x20	PE:RVA=0xee3e90..0xee40b0
NOUN_PLURAL	SIEGE	sieges	围城	data/vanilla/vanilla_languages/objects/language_words.txt:7124	word+0x40	PE:RVA=0xee3e90..0xee40b0
NOUN_SINGULAR	SILENCE	silence	沉默	data/vanilla/vanilla_languages/objects/language_words.txt:7136	word+0x20	PE:RVA=0xee3e90..0xee40b0
NOUN_PLURAL	SILENCE	silences	沉默	data/vanilla/vanilla_languages/objects/language_words.txt:7136	word+0x40	PE:RVA=0xee3e90..0xee40b0
ADJ	SILENCE	silent	沉默	data/vanilla/vanilla_languages/objects/language_words.txt:7144	word+0x60	PE:RVA=0xee3cf0..0xee3e8f
NOUN_SINGULAR	SILK	silk	丝	data/vanilla/vanilla_languages/objects/language_words.txt:7152	word+0x20	PE:RVA=0xee3e90..0xee40b0
NOUN_PLURAL	SILK	silks	丝	data/vanilla/vanilla_languages/objects/language_words.txt:7152	word+0x40	PE:RVA=0xee3e90..0xee40b0
ADJ	SILK	silken	丝	data/vanilla/vanilla_languages/objects/language_words.txt:7160	word+0x60	PE:RVA=0xee3cf0..0xee3e8f
NOUN_SINGULAR	SILKY	silkiness	丝般	data/vanilla/vanilla_languages/objects/language_words.txt:7166	word+0x20	PE:RVA=0xee3e90..0xee40b0
NOUN_PLURAL	SILKY	silkinesses	丝般	data/vanilla/vanilla_languages/objects/language_words.txt:7166	word+0x40	PE:RVA=0xee3e90..0xee40b0
ADJ	SILKY	silky	丝	data/vanilla/vanilla_languages/objects/language_words.txt:7171	word+0x60	PE:RVA=0xee3cf0..0xee3e8f
NOUN_SINGULAR	SILT	silt	淤泥	data/vanilla/vanilla_languages/objects/language_words.txt:7178	word+0x20	PE:RVA=0xee3e90..0xee40b0
NOUN_PLURAL	SILT	silt	淤泥	data/vanilla/vanilla_languages/objects/language_words.txt:7178	word+0x40	PE:RVA=0xee3e90..0xee40b0
ADJ	SILT	silty	淤泥	data/vanilla/vanilla_languages/objects/language_words.txt:7184	word+0x60	PE:RVA=0xee3cf0..0xee3e8f
NOUN_SINGULAR	SILVER	silver	银	data/vanilla/vanilla_languages/objects/language_words.txt:7190	word+0x20	PE:RVA=0xee3e90..0xee40b0
NOUN_PLURAL	SILVER	silvers	银	data/vanilla/vanilla_languages/objects/language_words.txt:7190	word+0x40	PE:RVA=0xee3e90..0xee40b0
ADJ	SILVER	silvery	像银	data/vanilla/vanilla_languages/objects/language_words.txt:7198	word+0x60	PE:RVA=0xee3cf0..0xee3e8f
NOUN_SINGULAR	SIN	sin	罪	data/vanilla/vanilla_languages/objects/language_words.txt:7203	word+0x20	PE:RVA=0xee3e90..0xee40b0
NOUN_PLURAL	SIN	sins	罪	data/vanilla/vanilla_languages/objects/language_words.txt:7203	word+0x40	PE:RVA=0xee3e90..0xee40b0
ADJ	SIN	sinful	有罪	data/vanilla/vanilla_languages/objects/language_words.txt:7212	word+0x60	PE:RVA=0xee3cf0..0xee3e8f
NOUN_SINGULAR	SINEW	sinew	筋腱	data/vanilla/vanilla_languages/objects/language_words.txt:7218	word+0x20	PE:RVA=0xee3e90..0xee40b0
NOUN_PLURAL	SINEW	sinews	筋腱	data/vanilla/vanilla_languages/objects/language_words.txt:7218	word+0x40	PE:RVA=0xee3e90..0xee40b0
NOUN_SINGULAR	SING	song	歌	data/vanilla/vanilla_languages/objects/language_words.txt:7229	word+0x20	PE:RVA=0xee3e90..0xee40b0
NOUN_PLURAL	SING	songs	歌	data/vanilla/vanilla_languages/objects/language_words.txt:7229	word+0x40	PE:RVA=0xee3e90..0xee40b0
NOUN_SINGULAR	SISTER	sister	姐妹	data/vanilla/vanilla_languages/objects/language_words.txt:7242	word+0x20	PE:RVA=0xee3e90..0xee40b0
NOUN_PLURAL	SISTER	sisters	姐妹	data/vanilla/vanilla_languages/objects/language_words.txt:7242	word+0x40	PE:RVA=0xee3e90..0xee40b0
NOUN_SINGULAR	SKIRT_CLOTHING	skirt	裙子	data/vanilla/vanilla_languages/objects/language_words.txt:7251	word+0x20	PE:RVA=0xee3e90..0xee40b0
NOUN_PLURAL	SKIRT_CLOTHING	skirts	裙子	data/vanilla/vanilla_languages/objects/language_words.txt:7251	word+0x40	PE:RVA=0xee3e90..0xee40b0
NOUN_SINGULAR	SKUNK	skunk	臭鼬	data/vanilla/vanilla_languages/objects/language_words.txt:7265	word+0x20	PE:RVA=0xee3e90..0xee40b0
NOUN_PLURAL	SKUNK	skunks	臭鼬	data/vanilla/vanilla_languages/objects/language_words.txt:7265	word+0x40	PE:RVA=0xee3e90..0xee40b0
NOUN_SINGULAR	SKULL	skull	头盖骨	data/vanilla/vanilla_languages/objects/language_words.txt:7274	word+0x20	PE:RVA=0xee3e90..0xee40b0
NOUN_PLURAL	SKULL	skulls	头盖骨	data/vanilla/vanilla_languages/objects/language_words.txt:7274	word+0x40	PE:RVA=0xee3e90..0xee40b0
NOUN_SINGULAR	SKY	sky	天空	data/vanilla/vanilla_languages/objects/language_words.txt:7286	word+0x20	PE:RVA=0xee3e90..0xee40b0
NOUN_PLURAL	SKY	skies	天空	data/vanilla/vanilla_languages/objects/language_words.txt:7286	word+0x40	PE:RVA=0xee3e90..0xee40b0
NOUN_SINGULAR	SLAUGHTER	slaughter	残杀	data/vanilla/vanilla_languages/objects/language_words.txt:7296	word+0x20	PE:RVA=0xee3e90..0xee40b0
NOUN_PLURAL	SLAUGHTER	slaughters	残杀	data/vanilla/vanilla_languages/objects/language_words.txt:7296	word+0x40	PE:RVA=0xee3e90..0xee40b0
NOUN_SINGULAR	SLAVE	slave	奴隶	data/vanilla/vanilla_languages/objects/language_words.txt:7309	word+0x20	PE:RVA=0xee3e90..0xee40b0
NOUN_PLURAL	SLAVE	slaves	奴隶	data/vanilla/vanilla_languages/objects/language_words.txt:7309	word+0x40	PE:RVA=0xee3e90..0xee40b0
NOUN_SINGULAR	SLAYER	slayer	杀人者	data/vanilla/vanilla_languages/objects/language_words.txt:7318	word+0x20	PE:RVA=0xee3e90..0xee40b0
NOUN_PLURAL	SLAYER	slayers	杀人者	data/vanilla/vanilla_languages/objects/language_words.txt:7318	word+0x40	PE:RVA=0xee3e90..0xee40b0
ADJ	SLIM	slim	瘦	data/vanilla/vanilla_languages/objects/language_words.txt:7327	word+0x60	PE:RVA=0xee3cf0..0xee3e8f
NOUN_SINGULAR	SLIME	slime	烂泥	data/vanilla/vanilla_languages/objects/language_words.txt:7332	word+0x20	PE:RVA=0xee3e90..0xee40b0
NOUN_PLURAL	SLIME	slimes	烂泥	data/vanilla/vanilla_languages/objects/language_words.txt:7332	word+0x40	PE:RVA=0xee3e90..0xee40b0
NOUN_SINGULAR	SLING	sling	投石索	data/vanilla/vanilla_languages/objects/language_words.txt:7343	word+0x20	PE:RVA=0xee3e90..0xee40b0
NOUN_PLURAL	SLING	slings	投石索	data/vanilla/vanilla_languages/objects/language_words.txt:7343	word+0x40	PE:RVA=0xee3e90..0xee40b0
NOUN_SINGULAR	SLIT	slit	裂缝	data/vanilla/vanilla_languages/objects/language_words.txt:7356	word+0x20	PE:RVA=0xee3e90..0xee40b0
NOUN_PLURAL	SLIT	slits	裂缝	data/vanilla/vanilla_languages/objects/language_words.txt:7356	word+0x40	PE:RVA=0xee3e90..0xee40b0
ADJ	SLIT	slitted	撕裂	data/vanilla/vanilla_languages/objects/language_words.txt:7366	word+0x60	PE:RVA=0xee3cf0..0xee3e8f
NOUN_SINGULAR	SLIVER	sliver	碎片	data/vanilla/vanilla_languages/objects/language_words.txt:7377	word+0x20	PE:RVA=0xee3e90..0xee40b0
NOUN_PLURAL	SLIVER	slivers	碎片	data/vanilla/vanilla_languages/objects/language_words.txt:7377	word+0x40	PE:RVA=0xee3e90..0xee40b0
NOUN_SINGULAR	SLOTH	sloth	懒惰	data/vanilla/vanilla_languages/objects/language_words.txt:7387	word+0x20	PE:RVA=0xee3e90..0xee40b0
NOUN_PLURAL	SLOTH	sloths	懒惰	data/vanilla/vanilla_languages/objects/language_words.txt:7387	word+0x40	PE:RVA=0xee3e90..0xee40b0
NOUN_SINGULAR	SLUG	slug	鼻涕虫	data/vanilla/vanilla_languages/objects/language_words.txt:7397	word+0x20	PE:RVA=0xee3e90..0xee40b0
NOUN_PLURAL	SLUG	slugs	鼻涕虫	data/vanilla/vanilla_languages/objects/language_words.txt:7397	word+0x40	PE:RVA=0xee3e90..0xee40b0
NOUN_SINGULAR	SMILE	smile	微笑	data/vanilla/vanilla_languages/objects/language_words.txt:7411	word+0x20	PE:RVA=0xee3e90..0xee40b0
NOUN_PLURAL	SMILE	smiles	微笑	data/vanilla/vanilla_languages/objects/language_words.txt:7411	word+0x40	PE:RVA=0xee3e90..0xee40b0
NOUN_SINGULAR	SMITH	smith	铁匠	data/vanilla/vanilla_languages/objects/language_words.txt:7423	word+0x20	PE:RVA=0xee3e90..0xee40b0
NOUN_PLURAL	SMITH	smiths	铁匠	data/vanilla/vanilla_languages/objects/language_words.txt:7423	word+0x40	PE:RVA=0xee3e90..0xee40b0
NOUN_SINGULAR	SMOKE	smoke	烟	data/vanilla/vanilla_languages/objects/language_words.txt:7432	word+0x20	PE:RVA=0xee3e90..0xee40b0
NOUN_PLURAL	SMOKE	smokes	烟	data/vanilla/vanilla_languages/objects/language_words.txt:7432	word+0x40	PE:RVA=0xee3e90..0xee40b0
NOUN_SINGULAR	SMOOTH	smoothness	柔滑	data/vanilla/vanilla_languages/objects/language_words.txt:7443	word+0x20	PE:RVA=0xee3e90..0xee40b0
NOUN_PLURAL	SMOOTH	smoothnesses	柔滑	data/vanilla/vanilla_languages/objects/language_words.txt:7443	word+0x40	PE:RVA=0xee3e90..0xee40b0
ADJ	SMOOTH	smooth	平滑	data/vanilla/vanilla_languages/objects/language_words.txt:7449	word+0x60	PE:RVA=0xee3cf0..0xee3e8f
NOUN_SINGULAR	SNACK	snack	小吃	data/vanilla/vanilla_languages/objects/language_words.txt:7458	word+0x20	PE:RVA=0xee3e90..0xee40b0
NOUN_PLURAL	SNACK	snacks	小吃	data/vanilla/vanilla_languages/objects/language_words.txt:7458	word+0x40	PE:RVA=0xee3e90..0xee40b0
NOUN_SINGULAR	SNAKE	snake	蛇	data/vanilla/vanilla_languages/objects/language_words.txt:7471	word+0x20	PE:RVA=0xee3e90..0xee40b0
NOUN_PLURAL	SNAKE	snakes	蛇	data/vanilla/vanilla_languages/objects/language_words.txt:7471	word+0x40	PE:RVA=0xee3e90..0xee40b0
NOUN_SINGULAR	SNEER	sneer	冷笑	data/vanilla/vanilla_languages/objects/language_words.txt:7481	word+0x20	PE:RVA=0xee3e90..0xee40b0
NOUN_PLURAL	SNEER	sneers	冷笑	data/vanilla/vanilla_languages/objects/language_words.txt:7481	word+0x40	PE:RVA=0xee3e90..0xee40b0
NOUN_SINGULAR	SNOT	snot	鼻水	data/vanilla/vanilla_languages/objects/language_words.txt:7491	word+0x20	PE:RVA=0xee3e90..0xee40b0
NOUN_PLURAL	SNOT	snots	鼻水	data/vanilla/vanilla_languages/objects/language_words.txt:7491	word+0x40	PE:RVA=0xee3e90..0xee40b0
NOUN_SINGULAR	SOIL	soil	土壤	data/vanilla/vanilla_languages/objects/language_words.txt:7508	word+0x20	PE:RVA=0xee3e90..0xee40b0
NOUN_PLURAL	SOIL	soils	土壤	data/vanilla/vanilla_languages/objects/language_words.txt:7508	word+0x40	PE:RVA=0xee3e90..0xee40b0
NOUN_SINGULAR	SOLDIER	soldier	军人	data/vanilla/vanilla_languages/objects/language_words.txt:7521	word+0x20	PE:RVA=0xee3e90..0xee40b0
NOUN_PLURAL	SOLDIER	soldiers	军人	data/vanilla/vanilla_languages/objects/language_words.txt:7521	word+0x40	PE:RVA=0xee3e90..0xee40b0
NOUN_SINGULAR	SOOT	soot	煤烟	data/vanilla/vanilla_languages/objects/language_words.txt:7530	word+0x20	PE:RVA=0xee3e90..0xee40b0
NOUN_PLURAL	SOOT	soots	煤烟	data/vanilla/vanilla_languages/objects/language_words.txt:7530	word+0x40	PE:RVA=0xee3e90..0xee40b0
ADJ	SOOT	sooty	烟熏	data/vanilla/vanilla_languages/objects/language_words.txt:7538	word+0x60	PE:RVA=0xee3cf0..0xee3e8f
NOUN_SINGULAR	SORROW	sorrow	悲伤	data/vanilla/vanilla_languages/objects/language_words.txt:7547	word+0x20	PE:RVA=0xee3e90..0xee40b0
NOUN_PLURAL	SORROW	sorrows	悲伤	data/vanilla/vanilla_languages/objects/language_words.txt:7547	word+0x40	PE:RVA=0xee3e90..0xee40b0
NOUN_SINGULAR	SOUL	soul	灵魂	data/vanilla/vanilla_languages/objects/language_words.txt:7558	word+0x20	PE:RVA=0xee3e90..0xee40b0
NOUN_PLURAL	SOUL	souls	灵魂	data/vanilla/vanilla_languages/objects/language_words.txt:7558	word+0x40	PE:RVA=0xee3e90..0xee40b0
NOUN_SINGULAR	SOUND	sound	声音	data/vanilla/vanilla_languages/objects/language_words.txt:7570	word+0x20	PE:RVA=0xee3e90..0xee40b0
NOUN_PLURAL	SOUND	sounds	声音	data/vanilla/vanilla_languages/objects/language_words.txt:7570	word+0x40	PE:RVA=0xee3e90..0xee40b0
ADJ	SOUTH	south	南	data/vanilla/vanilla_languages/objects/language_words.txt:7582	word+0x60	PE:RVA=0xee3cf0..0xee3e8f
NOUN_SINGULAR	SPASM	spasm	痉挛	data/vanilla/vanilla_languages/objects/language_words.txt:7588	word+0x20	PE:RVA=0xee3e90..0xee40b0
NOUN_PLURAL	SPASM	spasms	痉挛	data/vanilla/vanilla_languages/objects/language_words.txt:7588	word+0x40	PE:RVA=0xee3e90..0xee40b0
NOUN_SINGULAR	SPAWN	spawn	卵	data/vanilla/vanilla_languages/objects/language_words.txt:7598	word+0x20	PE:RVA=0xee3e90..0xee40b0
NOUN_PLURAL	SPAWN	spawns	卵	data/vanilla/vanilla_languages/objects/language_words.txt:7598	word+0x40	PE:RVA=0xee3e90..0xee40b0
NOUN_SINGULAR	SPEAR	spear	矛	data/vanilla/vanilla_languages/objects/language_words.txt:7607	word+0x20	PE:RVA=0xee3e90..0xee40b0
NOUN_PLURAL	SPEAR	spears	矛	data/vanilla/vanilla_languages/objects/language_words.txt:7607	word+0x40	PE:RVA=0xee3e90..0xee40b0
NOUN_SINGULAR	SPELL	spell	咒语	data/vanilla/vanilla_languages/objects/language_words.txt:7617	word+0x20	PE:RVA=0xee3e90..0xee40b0
NOUN_PLURAL	SPELL	spells	咒语	data/vanilla/vanilla_languages/objects/language_words.txt:7617	word+0x40	PE:RVA=0xee3e90..0xee40b0
NOUN_SINGULAR	SPICE	spice	香料	data/vanilla/vanilla_languages/objects/language_words.txt:7627	word+0x20	PE:RVA=0xee3e90..0xee40b0
NOUN_PLURAL	SPICE	spices	香料	data/vanilla/vanilla_languages/objects/language_words.txt:7627	word+0x40	PE:RVA=0xee3e90..0xee40b0
ADJ	SPICE	spicy	辛香	data/vanilla/vanilla_languages/objects/language_words.txt:7636	word+0x60	PE:RVA=0xee3cf0..0xee3e8f
NOUN_SINGULAR	SPIDER	spider	蜘蛛	data/vanilla/vanilla_languages/objects/language_words.txt:7642	word+0x20	PE:RVA=0xee3e90..0xee40b0
NOUN_PLURAL	SPIDER	spiders	蜘蛛	data/vanilla/vanilla_languages/objects/language_words.txt:7642	word+0x40	PE:RVA=0xee3e90..0xee40b0
ADJ	SPIDERY	spidery	蛛形	data/vanilla/vanilla_languages/objects/language_words.txt:7652	word+0x60	PE:RVA=0xee3cf0..0xee3e8f
NOUN_SINGULAR	SPIKE	spike	长钉	data/vanilla/vanilla_languages/objects/language_words.txt:7657	word+0x20	PE:RVA=0xee3e90..0xee40b0
NOUN_PLURAL	SPIKE	spikes	长钉	data/vanilla/vanilla_languages/objects/language_words.txt:7657	word+0x40	PE:RVA=0xee3e90..0xee40b0
NOUN_SINGULAR	SPINE	spine	脊柱	data/vanilla/vanilla_languages/objects/language_words.txt:7673	word+0x20	PE:RVA=0xee3e90..0xee40b0
NOUN_PLURAL	SPINE	spines	脊柱	data/vanilla/vanilla_languages/objects/language_words.txt:7673	word+0x40	PE:RVA=0xee3e90..0xee40b0
NOUN_SINGULAR	SPIRIT	spirit	精神	data/vanilla/vanilla_languages/objects/language_words.txt:7685	word+0x20	PE:RVA=0xee3e90..0xee40b0
NOUN_PLURAL	SPIRIT	spirits	精神	data/vanilla/vanilla_languages/objects/language_words.txt:7685	word+0x40	PE:RVA=0xee3e90..0xee40b0
NOUN_SINGULAR	SPIT	spit	唾液	data/vanilla/vanilla_languages/objects/language_words.txt:7696	word+0x20	PE:RVA=0xee3e90..0xee40b0
NOUN_PLURAL	SPIT	spits	唾液	data/vanilla/vanilla_languages/objects/language_words.txt:7696	word+0x40	PE:RVA=0xee3e90..0xee40b0
NOUN_SINGULAR	SPITTLE	spittle	唾沫	data/vanilla/vanilla_languages/objects/language_words.txt:7705	word+0x20	PE:RVA=0xee3e90..0xee40b0
NOUN_PLURAL	SPITTLE	spittles	唾沫	data/vanilla/vanilla_languages/objects/language_words.txt:7705	word+0x40	PE:RVA=0xee3e90..0xee40b0
NOUN_SINGULAR	SPOIL	spoils	赃物	data/vanilla/vanilla_languages/objects/language_words.txt:7714	word+0x20	PE:RVA=0xee3e90..0xee40b0
NOUN_PLURAL	SPOIL	spoils	赃物	data/vanilla/vanilla_languages/objects/language_words.txt:7714	word+0x40	PE:RVA=0xee3e90..0xee40b0
NOUN_SINGULAR	SPOON	spoon	匙	data/vanilla/vanilla_languages/objects/language_words.txt:7724	word+0x20	PE:RVA=0xee3e90..0xee40b0
NOUN_PLURAL	SPOON	spoons	匙	data/vanilla/vanilla_languages/objects/language_words.txt:7724	word+0x40	PE:RVA=0xee3e90..0xee40b0
NOUN_SINGULAR	SPRING_NOUN	spring	泉	data/vanilla/vanilla_languages/objects/language_words.txt:7738	word+0x20	PE:RVA=0xee3e90..0xee40b0
NOUN_PLURAL	SPRING_NOUN	springs	泉	data/vanilla/vanilla_languages/objects/language_words.txt:7738	word+0x40	PE:RVA=0xee3e90..0xee40b0
NOUN_SINGULAR	SPRING_SEASON	spring	春天	data/vanilla/vanilla_languages/objects/language_words.txt:7750	word+0x20	PE:RVA=0xee3e90..0xee40b0
NOUN_PLURAL	SPRING_SEASON	springs	春天	data/vanilla/vanilla_languages/objects/language_words.txt:7750	word+0x40	PE:RVA=0xee3e90..0xee40b0
ADJ	SPRY	spry	精神好	data/vanilla/vanilla_languages/objects/language_words.txt:7763	word+0x60	PE:RVA=0xee3cf0..0xee3e8f
NOUN_SINGULAR	SPY	spy	间谍	data/vanilla/vanilla_languages/objects/language_words.txt:7768	word+0x20	PE:RVA=0xee3e90..0xee40b0
NOUN_PLURAL	SPY	spies	间谍	data/vanilla/vanilla_languages/objects/language_words.txt:7768	word+0x40	PE:RVA=0xee3e90..0xee40b0
NOUN_SINGULAR	SQUID	squid	枪乌贼	data/vanilla/vanilla_languages/objects/language_words.txt:7777	word+0x20	PE:RVA=0xee3e90..0xee40b0
NOUN_PLURAL	SQUID	squids	枪乌贼	data/vanilla/vanilla_languages/objects/language_words.txt:7777	word+0x40	PE:RVA=0xee3e90..0xee40b0
NOUN_SINGULAR	STAFF	staff	杖	data/vanilla/vanilla_languages/objects/language_words.txt:7794	word+0x20	PE:RVA=0xee3e90..0xee40b0
NOUN_PLURAL	STAFF	staves	杖	data/vanilla/vanilla_languages/objects/language_words.txt:7794	word+0x40	PE:RVA=0xee3e90..0xee40b0
NOUN_SINGULAR	STALK	stalker	潜猎者	data/vanilla/vanilla_languages/objects/language_words.txt:7803	word+0x20	PE:RVA=0xee3e90..0xee40b0
NOUN_PLURAL	STALK	stalkers	潜猎者	data/vanilla/vanilla_languages/objects/language_words.txt:7803	word+0x40	PE:RVA=0xee3e90..0xee40b0
NOUN_SINGULAR	STAND	stance	姿态	data/vanilla/vanilla_languages/objects/language_words.txt:7814	word+0x20	PE:RVA=0xee3e90..0xee40b0
NOUN_PLURAL	STAND	stances	姿态	data/vanilla/vanilla_languages/objects/language_words.txt:7814	word+0x40	PE:RVA=0xee3e90..0xee40b0
NOUN_SINGULAR	STAR	star	星	data/vanilla/vanilla_languages/objects/language_words.txt:7826	word+0x20	PE:RVA=0xee3e90..0xee40b0
NOUN_PLURAL	STAR	stars	星	data/vanilla/vanilla_languages/objects/language_words.txt:7826	word+0x40	PE:RVA=0xee3e90..0xee40b0
NOUN_SINGULAR	STEED	steed	战马	data/vanilla/vanilla_languages/objects/language_words.txt:7835	word+0x20	PE:RVA=0xee3e90..0xee40b0
NOUN_PLURAL	STEED	steeds	战马	data/vanilla/vanilla_languages/objects/language_words.txt:7835	word+0x40	PE:RVA=0xee3e90..0xee40b0
NOUN_SINGULAR	STARVE	starvation	饥饿	data/vanilla/vanilla_languages/objects/language_words.txt:7844	word+0x20	PE:RVA=0xee3e90..0xee40b0
NOUN_PLURAL	STARVE	starvations	饥饿	data/vanilla/vanilla_languages/objects/language_words.txt:7844	word+0x40	PE:RVA=0xee3e90..0xee40b0
NOUN_SINGULAR	STEEL	steel	钢	data/vanilla/vanilla_languages/objects/language_words.txt:7857	word+0x20	PE:RVA=0xee3e90..0xee40b0
NOUN_PLURAL	STEEL	steels	钢	data/vanilla/vanilla_languages/objects/language_words.txt:7857	word+0x40	PE:RVA=0xee3e90..0xee40b0
NOUN_SINGULAR	STENCH	stench	恶臭	data/vanilla/vanilla_languages/objects/language_words.txt:7866	word+0x20	PE:RVA=0xee3e90..0xee40b0
NOUN_PLURAL	STENCH	stenches	恶臭	data/vanilla/vanilla_languages/objects/language_words.txt:7866	word+0x40	PE:RVA=0xee3e90..0xee40b0
ADJ	STERN	stern	严厉	data/vanilla/vanilla_languages/objects/language_words.txt:7877	word+0x60	PE:RVA=0xee3cf0..0xee3e8f
NOUN_SINGULAR	STICK_WOOD	stick	棍	data/vanilla/vanilla_languages/objects/language_words.txt:7884	word+0x20	PE:RVA=0xee3e90..0xee40b0
NOUN_PLURAL	STICK_WOOD	sticks	棍	data/vanilla/vanilla_languages/objects/language_words.txt:7884	word+0x40	PE:RVA=0xee3e90..0xee40b0
ADJ	STICKY	sticky	粘	data/vanilla/vanilla_languages/objects/language_words.txt:7900	word+0x60	PE:RVA=0xee3cf0..0xee3e8f
NOUN_SINGULAR	STONE	stone	石头	data/vanilla/vanilla_languages/objects/language_words.txt:7905	word+0x20	PE:RVA=0xee3e90..0xee40b0
NOUN_PLURAL	STONE	stones	石头	data/vanilla/vanilla_languages/objects/language_words.txt:7905	word+0x40	PE:RVA=0xee3e90..0xee40b0
NOUN_SINGULAR	STORM	storm	暴风雨	data/vanilla/vanilla_languages/objects/language_words.txt:7916	word+0x20	PE:RVA=0xee3e90..0xee40b0
NOUN_PLURAL	STORM	storms	暴风雨	data/vanilla/vanilla_languages/objects/language_words.txt:7916	word+0x40	PE:RVA=0xee3e90..0xee40b0
ADJ	STORM	stormy	暴风雨	data/vanilla/vanilla_languages/objects/language_words.txt:7924	word+0x60	PE:RVA=0xee3cf0..0xee3e8f
NOUN_SINGULAR	STRANGE	strangeness	奇异	data/vanilla/vanilla_languages/objects/language_words.txt:7928	word+0x20	PE:RVA=0xee3e90..0xee40b0
NOUN_PLURAL	STRANGE	strangenesses	奇异	data/vanilla/vanilla_languages/objects/language_words.txt:7928	word+0x40	PE:RVA=0xee3e90..0xee40b0
ADJ	STRANGE	strange	奇异	data/vanilla/vanilla_languages/objects/language_words.txt:7933	word+0x60	PE:RVA=0xee3cf0..0xee3e8f
NOUN_SINGULAR	STRAP	strap	带	data/vanilla/vanilla_languages/objects/language_words.txt:7940	word+0x20	PE:RVA=0xee3e90..0xee40b0
NOUN_PLURAL	STRAP	straps	带	data/vanilla/vanilla_languages/objects/language_words.txt:7940	word+0x40	PE:RVA=0xee3e90..0xee40b0
ADJ	STRAPPING_ADJ	strapping	魁伟	data/vanilla/vanilla_languages/objects/language_words.txt:7954	word+0x60	PE:RVA=0xee3cf0..0xee3e8f
NOUN_SINGULAR	STRAW	straw	稻草	data/vanilla/vanilla_languages/objects/language_words.txt:7959	word+0x20	PE:RVA=0xee3e90..0xee40b0
NOUN_PLURAL	STRAW	straws	稻草	data/vanilla/vanilla_languages/objects/language_words.txt:7959	word+0x40	PE:RVA=0xee3e90..0xee40b0
NOUN_SINGULAR	STRAY	stray	迷途者	data/vanilla/vanilla_languages/objects/language_words.txt:7972	word+0x20	PE:RVA=0xee3e90..0xee40b0
NOUN_PLURAL	STRAY	strays	迷途者	data/vanilla/vanilla_languages/objects/language_words.txt:7972	word+0x40	PE:RVA=0xee3e90..0xee40b0
NOUN_SINGULAR	STRENGTH	strength	力量	data/vanilla/vanilla_languages/objects/language_words.txt:7984	word+0x20	PE:RVA=0xee3e90..0xee40b0
NOUN_PLURAL	STRENGTH	strengths	力量	data/vanilla/vanilla_languages/objects/language_words.txt:7984	word+0x40	PE:RVA=0xee3e90..0xee40b0
ADJ	STRENGTH	strong	强壮	data/vanilla/vanilla_languages/objects/language_words.txt:7991	word+0x60	PE:RVA=0xee3cf0..0xee3e8f
NOUN_SINGULAR	STRIKE	strike	打击	data/vanilla/vanilla_languages/objects/language_words.txt:8002	word+0x20	PE:RVA=0xee3e90..0xee40b0
NOUN_PLURAL	STRIKE	strikes	打击	data/vanilla/vanilla_languages/objects/language_words.txt:8002	word+0x40	PE:RVA=0xee3e90..0xee40b0
NOUN_SINGULAR	STROKE	stroke	抚触	data/vanilla/vanilla_languages/objects/language_words.txt:8014	word+0x20	PE:RVA=0xee3e90..0xee40b0
NOUN_PLURAL	STROKE	strokes	抚触	data/vanilla/vanilla_languages/objects/language_words.txt:8014	word+0x40	PE:RVA=0xee3e90..0xee40b0
NOUN_SINGULAR	STUNT	stunt	绝技	data/vanilla/vanilla_languages/objects/language_words.txt:8026	word+0x20	PE:RVA=0xee3e90..0xee40b0
NOUN_PLURAL	STUNT	stunts	绝技	data/vanilla/vanilla_languages/objects/language_words.txt:8026	word+0x40	PE:RVA=0xee3e90..0xee40b0
ADJ	STUNTED	stunted	发育不良	data/vanilla/vanilla_languages/objects/language_words.txt:8038	word+0x60	PE:RVA=0xee3cf0..0xee3e8f
ADJ	STUPID	stupid	愚蠢	data/vanilla/vanilla_languages/objects/language_words.txt:8044	word+0x60	PE:RVA=0xee3cf0..0xee3e8f
NOUN_SINGULAR	STYLE	style	风格	data/vanilla/vanilla_languages/objects/language_words.txt:8054	word+0x20	PE:RVA=0xee3e90..0xee40b0
NOUN_PLURAL	STYLE	styles	风格	data/vanilla/vanilla_languages/objects/language_words.txt:8054	word+0x40	PE:RVA=0xee3e90..0xee40b0
NOUN_SINGULAR	SUBORDINATE	subordinate	属下	data/vanilla/vanilla_languages/objects/language_words.txt:8068	word+0x20	PE:RVA=0xee3e90..0xee40b0
NOUN_PLURAL	SUBORDINATE	subordinates	属下	data/vanilla/vanilla_languages/objects/language_words.txt:8068	word+0x40	PE:RVA=0xee3e90..0xee40b0
ADJ	SUBORDINATE	subordinate	下级	data/vanilla/vanilla_languages/objects/language_words.txt:8072	word+0x60	PE:RVA=0xee3cf0..0xee3e8f
NOUN_SINGULAR	SUCK	sucker	乳儿	data/vanilla/vanilla_languages/objects/language_words.txt:8077	word+0x20	PE:RVA=0xee3e90..0xee40b0
NOUN_PLURAL	SUCK	suckers	乳儿	data/vanilla/vanilla_languages/objects/language_words.txt:8077	word+0x40	PE:RVA=0xee3e90..0xee40b0
NOUN_SINGULAR	SUFFERING	suffering	苦难	data/vanilla/vanilla_languages/objects/language_words.txt:8089	word+0x20	PE:RVA=0xee3e90..0xee40b0
NOUN_PLURAL	SUFFERING	sufferings	苦难	data/vanilla/vanilla_languages/objects/language_words.txt:8089	word+0x40	PE:RVA=0xee3e90..0xee40b0
NOUN_SINGULAR	SUGAR	sugar	糖	data/vanilla/vanilla_languages/objects/language_words.txt:8095	word+0x20	PE:RVA=0xee3e90..0xee40b0
NOUN_PLURAL	SUGAR	sugars	糖	data/vanilla/vanilla_languages/objects/language_words.txt:8095	word+0x40	PE:RVA=0xee3e90..0xee40b0
ADJ	SUGAR	sugary	含糖	data/vanilla/vanilla_languages/objects/language_words.txt:8104	word+0x60	PE:RVA=0xee3cf0..0xee3e8f
ADJ	SULLEN	sullen	阴郁	data/vanilla/vanilla_languages/objects/language_words.txt:8114	word+0x60	PE:RVA=0xee3cf0..0xee3e8f
NOUN_SINGULAR	SUMMER	summer	夏季	data/vanilla/vanilla_languages/objects/language_words.txt:8119	word+0x20	PE:RVA=0xee3e90..0xee40b0
NOUN_PLURAL	SUMMER	summers	夏季	data/vanilla/vanilla_languages/objects/language_words.txt:8119	word+0x40	PE:RVA=0xee3e90..0xee40b0
NOUN_SINGULAR	SUN	sun	太阳	data/vanilla/vanilla_languages/objects/language_words.txt:8129	word+0x20	PE:RVA=0xee3e90..0xee40b0
NOUN_PLURAL	SUN	suns	太阳	data/vanilla/vanilla_languages/objects/language_words.txt:8129	word+0x40	PE:RVA=0xee3e90..0xee40b0
ADJ	SUN	sunny	晴朗	data/vanilla/vanilla_languages/objects/language_words.txt:8139	word+0x60	PE:RVA=0xee3cf0..0xee3e8f
NOUN_SINGULAR	SUPPER	supper	晚餐	data/vanilla/vanilla_languages/objects/language_words.txt:8149	word+0x20	PE:RVA=0xee3e90..0xee40b0
NOUN_PLURAL	SUPPER	suppers	晚餐	data/vanilla/vanilla_languages/objects/language_words.txt:8149	word+0x40	PE:RVA=0xee3e90..0xee40b0
NOUN_SINGULAR	SURPRISE	surprise	惊奇	data/vanilla/vanilla_languages/objects/language_words.txt:8161	word+0x20	PE:RVA=0xee3e90..0xee40b0
NOUN_PLURAL	SURPRISE	surprises	惊奇	data/vanilla/vanilla_languages/objects/language_words.txt:8161	word+0x40	PE:RVA=0xee3e90..0xee40b0
NOUN_SINGULAR	SWAMP	swamp	沼泽	data/vanilla/vanilla_languages/objects/language_words.txt:8172	word+0x20	PE:RVA=0xee3e90..0xee40b0
NOUN_PLURAL	SWAMP	swamps	沼泽	data/vanilla/vanilla_languages/objects/language_words.txt:8172	word+0x40	PE:RVA=0xee3e90..0xee40b0
NOUN_SINGULAR	SWEAT	sweat	汗	data/vanilla/vanilla_languages/objects/language_words.txt:8182	word+0x20	PE:RVA=0xee3e90..0xee40b0
NOUN_PLURAL	SWEAT	sweats	汗	data/vanilla/vanilla_languages/objects/language_words.txt:8182	word+0x40	PE:RVA=0xee3e90..0xee40b0
NOUN_SINGULAR	SWEET	sweetness	甜蜜	data/vanilla/vanilla_languages/objects/language_words.txt:8193	word+0x20	PE:RVA=0xee3e90..0xee40b0
NOUN_PLURAL	SWEET	sweetnesses	甜蜜	data/vanilla/vanilla_languages/objects/language_words.txt:8193	word+0x40	PE:RVA=0xee3e90..0xee40b0
ADJ	SWEET	sweet	甜	data/vanilla/vanilla_languages/objects/language_words.txt:8200	word+0x60	PE:RVA=0xee3cf0..0xee3e8f
ADJ	SWIFT	swift	迅速	data/vanilla/vanilla_languages/objects/language_words.txt:8207	word+0x60	PE:RVA=0xee3cf0..0xee3e8f
NOUN_SINGULAR	SWINE	swine	猪	data/vanilla/vanilla_languages/objects/language_words.txt:8217	word+0x20	PE:RVA=0xee3e90..0xee40b0
NOUN_PLURAL	SWINE	swines	猪	data/vanilla/vanilla_languages/objects/language_words.txt:8217	word+0x40	PE:RVA=0xee3e90..0xee40b0
NOUN_SINGULAR	SWORD	sword	刀	data/vanilla/vanilla_languages/objects/language_words.txt:8226	word+0x20	PE:RVA=0xee3e90..0xee40b0
NOUN_PLURAL	SWORD	swords	刀	data/vanilla/vanilla_languages/objects/language_words.txt:8226	word+0x40	PE:RVA=0xee3e90..0xee40b0
NOUN_SINGULAR	SYRUP	syrup	糖浆	data/vanilla/vanilla_languages/objects/language_words.txt:8236	word+0x20	PE:RVA=0xee3e90..0xee40b0
NOUN_PLURAL	SYRUP	syrups	糖浆	data/vanilla/vanilla_languages/objects/language_words.txt:8236	word+0x40	PE:RVA=0xee3e90..0xee40b0
NOUN_SINGULAR	TAKER	taker	夺取者	data/vanilla/vanilla_languages/objects/language_words.txt:8246	word+0x20	PE:RVA=0xee3e90..0xee40b0
NOUN_PLURAL	TAKER	takers	夺取者	data/vanilla/vanilla_languages/objects/language_words.txt:8246	word+0x40	PE:RVA=0xee3e90..0xee40b0
NOUN_SINGULAR	TAIL	tail	尾部	data/vanilla/vanilla_languages/objects/language_words.txt:8255	word+0x20	PE:RVA=0xee3e90..0xee40b0
NOUN_PLURAL	TAIL	tails	尾部	data/vanilla/vanilla_languages/objects/language_words.txt:8255	word+0x40	PE:RVA=0xee3e90..0xee40b0
NOUN_SINGULAR	TALON	talon	爪	data/vanilla/vanilla_languages/objects/language_words.txt:8265	word+0x20	PE:RVA=0xee3e90..0xee40b0
NOUN_PLURAL	TALON	talons	爪	data/vanilla/vanilla_languages/objects/language_words.txt:8265	word+0x40	PE:RVA=0xee3e90..0xee40b0
NOUN_SINGULAR	TAR	tar	焦油	data/vanilla/vanilla_languages/objects/language_words.txt:8275	word+0x20	PE:RVA=0xee3e90..0xee40b0
NOUN_PLURAL	TAR	tars	焦油	data/vanilla/vanilla_languages/objects/language_words.txt:8275	word+0x40	PE:RVA=0xee3e90..0xee40b0
NOUN_SINGULAR	TARNISH	tarnish	失泽	data/vanilla/vanilla_languages/objects/language_words.txt:8285	word+0x20	PE:RVA=0xee3e90..0xee40b0
NOUN_SINGULAR	TEMPEST	tempest	暴风雨	data/vanilla/vanilla_languages/objects/language_words.txt:8298	word+0x20	PE:RVA=0xee3e90..0xee40b0
NOUN_PLURAL	TEMPEST	tempests	暴风雨	data/vanilla/vanilla_languages/objects/language_words.txt:8298	word+0x40	PE:RVA=0xee3e90..0xee40b0
NOUN_SINGULAR	TEAR	tear	泪滴	data/vanilla/vanilla_languages/objects/language_words.txt:8308	word+0x20	PE:RVA=0xee3e90..0xee40b0
NOUN_PLURAL	TEAR	tears	泪滴	data/vanilla/vanilla_languages/objects/language_words.txt:8308	word+0x40	PE:RVA=0xee3e90..0xee40b0
NOUN_SINGULAR	TERROR	terror	恐怖	data/vanilla/vanilla_languages/objects/language_words.txt:8318	word+0x20	PE:RVA=0xee3e90..0xee40b0
NOUN_PLURAL	TERROR	terrors	恐怖	data/vanilla/vanilla_languages/objects/language_words.txt:8318	word+0x40	PE:RVA=0xee3e90..0xee40b0
ADJ	TERROR	terrible	可怕	data/vanilla/vanilla_languages/objects/language_words.txt:8327	word+0x60	PE:RVA=0xee3cf0..0xee3e8f
NOUN_SINGULAR	THIEF	thief	小偷	data/vanilla/vanilla_languages/objects/language_words.txt:8332	word+0x20	PE:RVA=0xee3e90..0xee40b0
NOUN_PLURAL	THIEF	thieves	小偷	data/vanilla/vanilla_languages/objects/language_words.txt:8332	word+0x40	PE:RVA=0xee3e90..0xee40b0
NOUN_SINGULAR	THIRST	thirst	口渴	data/vanilla/vanilla_languages/objects/language_words.txt:8341	word+0x20	PE:RVA=0xee3e90..0xee40b0
NOUN_PLURAL	THIRST	thirsts	口渴	data/vanilla/vanilla_languages/objects/language_words.txt:8341	word+0x40	PE:RVA=0xee3e90..0xee40b0
NOUN_SINGULAR	THORN	thorn	刺	data/vanilla/vanilla_languages/objects/language_words.txt:8352	word+0x20	PE:RVA=0xee3e90..0xee40b0
NOUN_PLURAL	THORN	thorns	刺	data/vanilla/vanilla_languages/objects/language_words.txt:8352	word+0x40	PE:RVA=0xee3e90..0xee40b0
NOUN_SINGULAR	THRALL	thrall	奴隶	data/vanilla/vanilla_languages/objects/language_words.txt:8362	word+0x20	PE:RVA=0xee3e90..0xee40b0
NOUN_PLURAL	THRALL	thralls	奴隶	data/vanilla/vanilla_languages/objects/language_words.txt:8362	word+0x40	PE:RVA=0xee3e90..0xee40b0
NOUN_SINGULAR	THROAT	throat	咽喉	data/vanilla/vanilla_languages/objects/language_words.txt:8376	word+0x20	PE:RVA=0xee3e90..0xee40b0
NOUN_PLURAL	THROAT	throats	咽喉	data/vanilla/vanilla_languages/objects/language_words.txt:8376	word+0x40	PE:RVA=0xee3e90..0xee40b0
NOUN_SINGULAR	THRONE	throne	王座	data/vanilla/vanilla_languages/objects/language_words.txt:8385	word+0x20	PE:RVA=0xee3e90..0xee40b0
NOUN_PLURAL	THRONE	thrones	王座	data/vanilla/vanilla_languages/objects/language_words.txt:8385	word+0x40	PE:RVA=0xee3e90..0xee40b0
NOUN_SINGULAR	THROWER	thrower	投掷者	data/vanilla/vanilla_languages/objects/language_words.txt:8394	word+0x20	PE:RVA=0xee3e90..0xee40b0
NOUN_PLURAL	THROWER	throwers	投掷者	data/vanilla/vanilla_languages/objects/language_words.txt:8394	word+0x40	PE:RVA=0xee3e90..0xee40b0
NOUN_SINGULAR	THUNDER	thunder	雷	data/vanilla/vanilla_languages/objects/language_words.txt:8405	word+0x20	PE:RVA=0xee3e90..0xee40b0
NOUN_PLURAL	THUNDER	thunders	雷	data/vanilla/vanilla_languages/objects/language_words.txt:8405	word+0x40	PE:RVA=0xee3e90..0xee40b0
NOUN_SINGULAR	TICK_ANIMAL	tick	蜱虫	data/vanilla/vanilla_languages/objects/language_words.txt:8417	word+0x20	PE:RVA=0xee3e90..0xee40b0
NOUN_PLURAL	TICK_ANIMAL	ticks	蜱虫	data/vanilla/vanilla_languages/objects/language_words.txt:8417	word+0x40	PE:RVA=0xee3e90..0xee40b0
NOUN_SINGULAR	TICK_CLOCK	tick	滴答声	data/vanilla/vanilla_languages/objects/language_words.txt:8427	word+0x20	PE:RVA=0xee3e90..0xee40b0
NOUN_PLURAL	TICK_CLOCK	ticks	滴答声	data/vanilla/vanilla_languages/objects/language_words.txt:8427	word+0x40	PE:RVA=0xee3e90..0xee40b0
NOUN_SINGULAR	TIGHT	tightness	紧束	data/vanilla/vanilla_languages/objects/language_words.txt:8441	word+0x20	PE:RVA=0xee3e90..0xee40b0
NOUN_PLURAL	TIGHT	tightnesses	紧束	data/vanilla/vanilla_languages/objects/language_words.txt:8441	word+0x40	PE:RVA=0xee3e90..0xee40b0
ADJ	TIGHT	tight	紧绷	data/vanilla/vanilla_languages/objects/language_words.txt:8448	word+0x60	PE:RVA=0xee3cf0..0xee3e8f
NOUN_SINGULAR	TIME	time	时间	data/vanilla/vanilla_languages/objects/language_words.txt:8452	word+0x20	PE:RVA=0xee3e90..0xee40b0
NOUN_PLURAL	TIME	times	时间	data/vanilla/vanilla_languages/objects/language_words.txt:8452	word+0x40	PE:RVA=0xee3e90..0xee40b0
NOUN_SINGULAR	TOAD	toad	蟾蜍	data/vanilla/vanilla_languages/objects/language_words.txt:8462	word+0x20	PE:RVA=0xee3e90..0xee40b0
NOUN_PLURAL	TOAD	toads	蟾蜍	data/vanilla/vanilla_languages/objects/language_words.txt:8462	word+0x40	PE:RVA=0xee3e90..0xee40b0
NOUN_SINGULAR	TOE	toe	足趾	data/vanilla/vanilla_languages/objects/language_words.txt:8471	word+0x20	PE:RVA=0xee3e90..0xee40b0
NOUN_PLURAL	TOE	toes	足趾	data/vanilla/vanilla_languages/objects/language_words.txt:8471	word+0x40	PE:RVA=0xee3e90..0xee40b0
NOUN_SINGULAR	TOMB	tomb	坟墓	data/vanilla/vanilla_languages/objects/language_words.txt:8481	word+0x20	PE:RVA=0xee3e90..0xee40b0
NOUN_PLURAL	TOMB	tombs	坟墓	data/vanilla/vanilla_languages/objects/language_words.txt:8481	word+0x40	PE:RVA=0xee3e90..0xee40b0
NOUN_SINGULAR	TOME	tome	典籍	data/vanilla/vanilla_languages/objects/language_words.txt:8493	word+0x20	PE:RVA=0xee3e90..0xee40b0
NOUN_PLURAL	TOME	tomes	典籍	data/vanilla/vanilla_languages/objects/language_words.txt:8493	word+0x40	PE:RVA=0xee3e90..0xee40b0
NOUN_SINGULAR	TONGUE	tongue	舌	data/vanilla/vanilla_languages/objects/language_words.txt:8505	word+0x20	PE:RVA=0xee3e90..0xee40b0
NOUN_PLURAL	TONGUE	tongues	舌	data/vanilla/vanilla_languages/objects/language_words.txt:8505	word+0x40	PE:RVA=0xee3e90..0xee40b0
NOUN_SINGULAR	TOOTH	tooth	牙齿	data/vanilla/vanilla_languages/objects/language_words.txt:8515	word+0x20	PE:RVA=0xee3e90..0xee40b0
NOUN_PLURAL	TOOTH	teeth	牙齿	data/vanilla/vanilla_languages/objects/language_words.txt:8515	word+0x40	PE:RVA=0xee3e90..0xee40b0
NOUN_SINGULAR	TORMENT	torment	折磨	data/vanilla/vanilla_languages/objects/language_words.txt:8527	word+0x20	PE:RVA=0xee3e90..0xee40b0
NOUN_PLURAL	TORMENT	torments	折磨	data/vanilla/vanilla_languages/objects/language_words.txt:8527	word+0x40	PE:RVA=0xee3e90..0xee40b0
NOUN_SINGULAR	TOUCH	touch	触碰	data/vanilla/vanilla_languages/objects/language_words.txt:8539	word+0x20	PE:RVA=0xee3e90..0xee40b0
NOUN_PLURAL	TOUCH	touches	触碰	data/vanilla/vanilla_languages/objects/language_words.txt:8539	word+0x40	PE:RVA=0xee3e90..0xee40b0
ADJ	TOUCHY	touchy	易怒	data/vanilla/vanilla_languages/objects/language_words.txt:8551	word+0x60	PE:RVA=0xee3cf0..0xee3e8f
NOUN_SINGULAR	TOUR	tour	巡游	data/vanilla/vanilla_languages/objects/language_words.txt:8557	word+0x20	PE:RVA=0xee3e90..0xee40b0
NOUN_PLURAL	TOUR	tours	巡游	data/vanilla/vanilla_languages/objects/language_words.txt:8557	word+0x40	PE:RVA=0xee3e90..0xee40b0
NOUN_SINGULAR	TOWER	tower	塔	data/vanilla/vanilla_languages/objects/language_words.txt:8567	word+0x20	PE:RVA=0xee3e90..0xee40b0
NOUN_PLURAL	TOWER	towers	塔	data/vanilla/vanilla_languages/objects/language_words.txt:8567	word+0x40	PE:RVA=0xee3e90..0xee40b0
NOUN_SINGULAR	TRAIL	trail	踪迹	data/vanilla/vanilla_languages/objects/language_words.txt:8577	word+0x20	PE:RVA=0xee3e90..0xee40b0
NOUN_PLURAL	TRAIL	trails	踪迹	data/vanilla/vanilla_languages/objects/language_words.txt:8577	word+0x40	PE:RVA=0xee3e90..0xee40b0
NOUN_SINGULAR	TRANCE	trance	恍惚	data/vanilla/vanilla_languages/objects/language_words.txt:8589	word+0x20	PE:RVA=0xee3e90..0xee40b0
NOUN_PLURAL	TRANCE	trances	恍惚	data/vanilla/vanilla_languages/objects/language_words.txt:8589	word+0x40	PE:RVA=0xee3e90..0xee40b0
NOUN_SINGULAR	TRAP	trap	圈套	data/vanilla/vanilla_languages/objects/language_words.txt:8599	word+0x20	PE:RVA=0xee3e90..0xee40b0
NOUN_PLURAL	TRAP	traps	圈套	data/vanilla/vanilla_languages/objects/language_words.txt:8599	word+0x40	PE:RVA=0xee3e90..0xee40b0
NOUN_SINGULAR	TRASH	trash	垃圾	data/vanilla/vanilla_languages/objects/language_words.txt:8611	word+0x20	PE:RVA=0xee3e90..0xee40b0
NOUN_PLURAL	TRASH	trashes	垃圾	data/vanilla/vanilla_languages/objects/language_words.txt:8611	word+0x40	PE:RVA=0xee3e90..0xee40b0
NOUN_SINGULAR	TREASURE	treasure	宝物	data/vanilla/vanilla_languages/objects/language_words.txt:8620	word+0x20	PE:RVA=0xee3e90..0xee40b0
NOUN_PLURAL	TREASURE	treasures	宝物	data/vanilla/vanilla_languages/objects/language_words.txt:8620	word+0x40	PE:RVA=0xee3e90..0xee40b0
NOUN_SINGULAR	TREAT	treat	款待	data/vanilla/vanilla_languages/objects/language_words.txt:8631	word+0x20	PE:RVA=0xee3e90..0xee40b0
NOUN_PLURAL	TREAT	treats	款待	data/vanilla/vanilla_languages/objects/language_words.txt:8631	word+0x40	PE:RVA=0xee3e90..0xee40b0
NOUN_SINGULAR	TREATY	treaty	条约	data/vanilla/vanilla_languages/objects/language_words.txt:8643	word+0x20	PE:RVA=0xee3e90..0xee40b0
NOUN_PLURAL	TREATY	treaties	条约	data/vanilla/vanilla_languages/objects/language_words.txt:8643	word+0x40	PE:RVA=0xee3e90..0xee40b0
NOUN_SINGULAR	TRENCH	trench	渠	data/vanilla/vanilla_languages/objects/language_words.txt:8653	word+0x20	PE:RVA=0xee3e90..0xee40b0
NOUN_PLURAL	TRENCH	trenches	渠	data/vanilla/vanilla_languages/objects/language_words.txt:8653	word+0x40	PE:RVA=0xee3e90..0xee40b0
NOUN_SINGULAR	TRIBE	tribe	宗族	data/vanilla/vanilla_languages/objects/language_words.txt:8663	word+0x20	PE:RVA=0xee3e90..0xee40b0
NOUN_PLURAL	TRIBE	tribes	宗族	data/vanilla/vanilla_languages/objects/language_words.txt:8663	word+0x40	PE:RVA=0xee3e90..0xee40b0
NOUN_SINGULAR	TRICK	trick	诡计	data/vanilla/vanilla_languages/objects/language_words.txt:8672	word+0x20	PE:RVA=0xee3e90..0xee40b0
NOUN_PLURAL	TRICK	tricks	诡计	data/vanilla/vanilla_languages/objects/language_words.txt:8672	word+0x40	PE:RVA=0xee3e90..0xee40b0
NOUN_SINGULAR	TRICKERY	trickery	欺骗	data/vanilla/vanilla_languages/objects/language_words.txt:8686	word+0x20	PE:RVA=0xee3e90..0xee40b0
NOUN_PLURAL	TRICKERY	trickeries	欺骗	data/vanilla/vanilla_languages/objects/language_words.txt:8686	word+0x40	PE:RVA=0xee3e90..0xee40b0
NOUN_SINGULAR	TRIM	trim	整齐	data/vanilla/vanilla_languages/objects/language_words.txt:8693	word+0x20	PE:RVA=0xee3e90..0xee40b0
NOUN_PLURAL	TRIM	trims	整齐	data/vanilla/vanilla_languages/objects/language_words.txt:8693	word+0x40	PE:RVA=0xee3e90..0xee40b0
ADJ	TRIM	trim	整齐	data/vanilla/vanilla_languages/objects/language_words.txt:8703	word+0x60	PE:RVA=0xee3cf0..0xee3e8f
NOUN_SINGULAR	TROUBLE	trouble	烦恼	data/vanilla/vanilla_languages/objects/language_words.txt:8710	word+0x20	PE:RVA=0xee3e90..0xee40b0
NOUN_PLURAL	TROUBLE	troubles	烦恼	data/vanilla/vanilla_languages/objects/language_words.txt:8710	word+0x40	PE:RVA=0xee3e90..0xee40b0
NOUN_SINGULAR	TULIP	tulip	郁金香	data/vanilla/vanilla_languages/objects/language_words.txt:8726	word+0x20	PE:RVA=0xee3e90..0xee40b0
NOUN_PLURAL	TULIP	tulips	郁金香	data/vanilla/vanilla_languages/objects/language_words.txt:8726	word+0x40	PE:RVA=0xee3e90..0xee40b0
NOUN_SINGULAR	TUMOR	tumor	肿大	data/vanilla/vanilla_languages/objects/language_words.txt:8741	word+0x20	PE:RVA=0xee3e90..0xee40b0
NOUN_PLURAL	TUMOR	tumors	肿大	data/vanilla/vanilla_languages/objects/language_words.txt:8741	word+0x40	PE:RVA=0xee3e90..0xee40b0
NOUN_SINGULAR	TURMOIL	turmoil	动荡	data/vanilla/vanilla_languages/objects/language_words.txt:8752	word+0x20	PE:RVA=0xee3e90..0xee40b0
NOUN_PLURAL	TURMOIL	turmoils	动荡	data/vanilla/vanilla_languages/objects/language_words.txt:8752	word+0x40	PE:RVA=0xee3e90..0xee40b0
NOUN_SINGULAR	TUSK	tusk	长牙	data/vanilla/vanilla_languages/objects/language_words.txt:8762	word+0x20	PE:RVA=0xee3e90..0xee40b0
NOUN_PLURAL	TUSK	tusks	长牙	data/vanilla/vanilla_languages/objects/language_words.txt:8762	word+0x40	PE:RVA=0xee3e90..0xee40b0
NOUN_SINGULAR	TWILIGHT	twilight	暮光	data/vanilla/vanilla_languages/objects/language_words.txt:8775	word+0x20	PE:RVA=0xee3e90..0xee40b0
NOUN_PLURAL	TWILIGHT	twilights	暮光	data/vanilla/vanilla_languages/objects/language_words.txt:8775	word+0x40	PE:RVA=0xee3e90..0xee40b0
NOUN_SINGULAR	TWINE	twine	绞线	data/vanilla/vanilla_languages/objects/language_words.txt:8784	word+0x20	PE:RVA=0xee3e90..0xee40b0
NOUN_PLURAL	TWINE	twines	绞线	data/vanilla/vanilla_languages/objects/language_words.txt:8784	word+0x40	PE:RVA=0xee3e90..0xee40b0
NOUN_SINGULAR	TWIST	twist	扭曲	data/vanilla/vanilla_languages/objects/language_words.txt:8794	word+0x20	PE:RVA=0xee3e90..0xee40b0
NOUN_PLURAL	TWIST	twists	扭曲	data/vanilla/vanilla_languages/objects/language_words.txt:8794	word+0x40	PE:RVA=0xee3e90..0xee40b0
NOUN_SINGULAR	UGLY	ugliness	丑陋	data/vanilla/vanilla_languages/objects/language_words.txt:8809	word+0x20	PE:RVA=0xee3e90..0xee40b0
NOUN_PLURAL	UGLY	uglinesses	丑陋	data/vanilla/vanilla_languages/objects/language_words.txt:8809	word+0x40	PE:RVA=0xee3e90..0xee40b0
ADJ	UGLY	ugly	丑陋	data/vanilla/vanilla_languages/objects/language_words.txt:8810	word+0x60	PE:RVA=0xee3cf0..0xee3e8f
NOUN_SINGULAR	ULCER	ulcer	溃疡	data/vanilla/vanilla_languages/objects/language_words.txt:8817	word+0x20	PE:RVA=0xee3e90..0xee40b0
NOUN_PLURAL	ULCER	ulcers	溃疡	data/vanilla/vanilla_languages/objects/language_words.txt:8817	word+0x40	PE:RVA=0xee3e90..0xee40b0
ADJ	ULTIMATE	ultimate	终极	data/vanilla/vanilla_languages/objects/language_words.txt:8828	word+0x60	PE:RVA=0xee3cf0..0xee3e8f
ADJ	UNBRIDLED	unbridled	狂放	data/vanilla/vanilla_languages/objects/language_words.txt:8837	word+0x60	PE:RVA=0xee3cf0..0xee3e8f
NOUN_SINGULAR	UNCLE	uncle	叔父	data/vanilla/vanilla_languages/objects/language_words.txt:8841	word+0x20	PE:RVA=0xee3e90..0xee40b0
NOUN_PLURAL	UNCLE	uncles	叔父	data/vanilla/vanilla_languages/objects/language_words.txt:8841	word+0x40	PE:RVA=0xee3e90..0xee40b0
ADJ	UNGODLY	ungodly	亵神	data/vanilla/vanilla_languages/objects/language_words.txt:8850	word+0x60	PE:RVA=0xee3cf0..0xee3e8f
NOUN_SINGULAR	UNHOLY	unholiness	不神圣	data/vanilla/vanilla_languages/objects/language_words.txt:8854	word+0x20	PE:RVA=0xee3e90..0xee40b0
NOUN_PLURAL	UNHOLY	unholinesses	不神圣	data/vanilla/vanilla_languages/objects/language_words.txt:8854	word+0x40	PE:RVA=0xee3e90..0xee40b0
ADJ	UNHOLY	unholy	不神圣	data/vanilla/vanilla_languages/objects/language_words.txt:8855	word+0x60	PE:RVA=0xee3cf0..0xee3e8f
ADJ	UNKEMPT	unkempt	蓬乱	data/vanilla/vanilla_languages/objects/language_words.txt:8859	word+0x60	PE:RVA=0xee3cf0..0xee3e8f
ADJ	UNSEEN	unseen	无形	data/vanilla/vanilla_languages/objects/language_words.txt:8863	word+0x60	PE:RVA=0xee3cf0..0xee3e8f
ADJ	UNTOWARD	untoward	乖戾	data/vanilla/vanilla_languages/objects/language_words.txt:8867	word+0x60	PE:RVA=0xee3cf0..0xee3e8f
ADJ	UNWELCOME	unwelcome	不受欢迎	data/vanilla/vanilla_languages/objects/language_words.txt:8872	word+0x60	PE:RVA=0xee3cf0..0xee3e8f
NOUN_SINGULAR	URN	urn	瓮	data/vanilla/vanilla_languages/objects/language_words.txt:8876	word+0x20	PE:RVA=0xee3e90..0xee40b0
NOUN_PLURAL	URN	urns	瓮	data/vanilla/vanilla_languages/objects/language_words.txt:8876	word+0x40	PE:RVA=0xee3e90..0xee40b0
ADJ	USELESS	useless	无用	data/vanilla/vanilla_languages/objects/language_words.txt:8886	word+0x60	PE:RVA=0xee3cf0..0xee3e8f
NOUN_SINGULAR	VANDAL	vandal	破坏者	data/vanilla/vanilla_languages/objects/language_words.txt:8891	word+0x20	PE:RVA=0xee3e90..0xee40b0
NOUN_PLURAL	VANDAL	vandals	破坏者	data/vanilla/vanilla_languages/objects/language_words.txt:8891	word+0x40	PE:RVA=0xee3e90..0xee40b0
NOUN_SINGULAR	VEGETABLE	vegetable	蔬菜	data/vanilla/vanilla_languages/objects/language_words.txt:8901	word+0x20	PE:RVA=0xee3e90..0xee40b0
NOUN_PLURAL	VEGETABLE	vegetables	蔬菜	data/vanilla/vanilla_languages/objects/language_words.txt:8901	word+0x40	PE:RVA=0xee3e90..0xee40b0
NOUN_SINGULAR	VEGETATION	vegetation	植被	data/vanilla/vanilla_languages/objects/language_words.txt:8912	word+0x20	PE:RVA=0xee3e90..0xee40b0
NOUN_PLURAL	VEGETATION	vegetations	植被	data/vanilla/vanilla_languages/objects/language_words.txt:8912	word+0x40	PE:RVA=0xee3e90..0xee40b0
NOUN_SINGULAR	VELVET	velvet	天鹅绒	data/vanilla/vanilla_languages/objects/language_words.txt:8918	word+0x20	PE:RVA=0xee3e90..0xee40b0
NOUN_PLURAL	VELVET	velvets	天鹅绒	data/vanilla/vanilla_languages/objects/language_words.txt:8918	word+0x40	PE:RVA=0xee3e90..0xee40b0
ADJ	VELVET	velvety	柔绒	data/vanilla/vanilla_languages/objects/language_words.txt:8925	word+0x60	PE:RVA=0xee3cf0..0xee3e8f
NOUN_SINGULAR	VENOM	venom	毒液	data/vanilla/vanilla_languages/objects/language_words.txt:8930	word+0x20	PE:RVA=0xee3e90..0xee40b0
NOUN_PLURAL	VENOM	venoms	毒液	data/vanilla/vanilla_languages/objects/language_words.txt:8930	word+0x40	PE:RVA=0xee3e90..0xee40b0
NOUN_SINGULAR	VERMIN	vermin	害虫	data/vanilla/vanilla_languages/objects/language_words.txt:8941	word+0x20	PE:RVA=0xee3e90..0xee40b0
NOUN_PLURAL	VERMIN	vermins	害虫	data/vanilla/vanilla_languages/objects/language_words.txt:8941	word+0x40	PE:RVA=0xee3e90..0xee40b0
NOUN_SINGULAR	VILE	vileness	卑劣	data/vanilla/vanilla_languages/objects/language_words.txt:8950	word+0x20	PE:RVA=0xee3e90..0xee40b0
NOUN_PLURAL	VILE	vilenesses	卑劣	data/vanilla/vanilla_languages/objects/language_words.txt:8950	word+0x40	PE:RVA=0xee3e90..0xee40b0
ADJ	VILE	vile	卑劣	data/vanilla/vanilla_languages/objects/language_words.txt:8951	word+0x60	PE:RVA=0xee3cf0..0xee3e8f
NOUN_SINGULAR	VIOLATOR	violator	违反者	data/vanilla/vanilla_languages/objects/language_words.txt:8958	word+0x20	PE:RVA=0xee3e90..0xee40b0
NOUN_PLURAL	VIOLATOR	violators	违反者	data/vanilla/vanilla_languages/objects/language_words.txt:8958	word+0x40	PE:RVA=0xee3e90..0xee40b0
NOUN_SINGULAR	VIOLENCE	violence	暴力	data/vanilla/vanilla_languages/objects/language_words.txt:8964	word+0x20	PE:RVA=0xee3e90..0xee40b0
NOUN_PLURAL	VIOLENCE	violences	暴力	data/vanilla/vanilla_languages/objects/language_words.txt:8964	word+0x40	PE:RVA=0xee3e90..0xee40b0
ADJ	VIOLENCE	violent	暴力	data/vanilla/vanilla_languages/objects/language_words.txt:8970	word+0x60	PE:RVA=0xee3cf0..0xee3e8f
ADJ	VIOLET	violet	紫色	data/vanilla/vanilla_languages/objects/language_words.txt:8975	word+0x60	PE:RVA=0xee3cf0..0xee3e8f
NOUN_SINGULAR	VIPER	viper	蝰蛇	data/vanilla/vanilla_languages/objects/language_words.txt:8980	word+0x20	PE:RVA=0xee3e90..0xee40b0
NOUN_PLURAL	VIPER	vipers	蝰蛇	data/vanilla/vanilla_languages/objects/language_words.txt:8980	word+0x40	PE:RVA=0xee3e90..0xee40b0
NOUN_SINGULAR	VOICE	voice	声音	data/vanilla/vanilla_languages/objects/language_words.txt:8989	word+0x20	PE:RVA=0xee3e90..0xee40b0
NOUN_PLURAL	VOICE	voices	声音	data/vanilla/vanilla_languages/objects/language_words.txt:8989	word+0x40	PE:RVA=0xee3e90..0xee40b0
NOUN_SINGULAR	VOID	void	虚空	data/vanilla/vanilla_languages/objects/language_words.txt:9002	word+0x20	PE:RVA=0xee3e90..0xee40b0
NOUN_PLURAL	VOID	voids	虚空	data/vanilla/vanilla_languages/objects/language_words.txt:9002	word+0x40	PE:RVA=0xee3e90..0xee40b0
NOUN_SINGULAR	VOLCANO	volcano	火山	data/vanilla/vanilla_languages/objects/language_words.txt:9013	word+0x20	PE:RVA=0xee3e90..0xee40b0
NOUN_PLURAL	VOLCANO	volcanos	火山	data/vanilla/vanilla_languages/objects/language_words.txt:9013	word+0x40	PE:RVA=0xee3e90..0xee40b0
NOUN_SINGULAR	VOMIT	vomit	呕吐	data/vanilla/vanilla_languages/objects/language_words.txt:9019	word+0x20	PE:RVA=0xee3e90..0xee40b0
NOUN_PLURAL	VOMIT	vomits	呕吐	data/vanilla/vanilla_languages/objects/language_words.txt:9019	word+0x40	PE:RVA=0xee3e90..0xee40b0
NOUN_SINGULAR	VULTURE	vulture	秃鹫	data/vanilla/vanilla_languages/objects/language_words.txt:9028	word+0x20	PE:RVA=0xee3e90..0xee40b0
NOUN_PLURAL	VULTURE	vultures	秃鹫	data/vanilla/vanilla_languages/objects/language_words.txt:9028	word+0x40	PE:RVA=0xee3e90..0xee40b0
NOUN_SINGULAR	WAIL	wail	哀号	data/vanilla/vanilla_languages/objects/language_words.txt:9037	word+0x20	PE:RVA=0xee3e90..0xee40b0
NOUN_PLURAL	WAIL	wails	哀号	data/vanilla/vanilla_languages/objects/language_words.txt:9037	word+0x40	PE:RVA=0xee3e90..0xee40b0
NOUN_SINGULAR	WANDER	wanderer	漫游者	data/vanilla/vanilla_languages/objects/language_words.txt:9047	word+0x20	PE:RVA=0xee3e90..0xee40b0
NOUN_PLURAL	WANDER	wanderers	漫游者	data/vanilla/vanilla_languages/objects/language_words.txt:9047	word+0x40	PE:RVA=0xee3e90..0xee40b0
NOUN_SINGULAR	WAR	war	战争	data/vanilla/vanilla_languages/objects/language_words.txt:9055	word+0x20	PE:RVA=0xee3e90..0xee40b0
NOUN_PLURAL	WAR	wars	战争	data/vanilla/vanilla_languages/objects/language_words.txt:9055	word+0x40	PE:RVA=0xee3e90..0xee40b0
NOUN_SINGULAR	WARRIOR	warrior	战士	data/vanilla/vanilla_languages/objects/language_words.txt:9065	word+0x20	PE:RVA=0xee3e90..0xee40b0
NOUN_PLURAL	WARRIOR	warriors	战士	data/vanilla/vanilla_languages/objects/language_words.txt:9065	word+0x40	PE:RVA=0xee3e90..0xee40b0
NOUN_SINGULAR	WASP	wasp	黄蜂	data/vanilla/vanilla_languages/objects/language_words.txt:9071	word+0x20	PE:RVA=0xee3e90..0xee40b0
NOUN_PLURAL	WASP	wasps	黄蜂	data/vanilla/vanilla_languages/objects/language_words.txt:9071	word+0x40	PE:RVA=0xee3e90..0xee40b0
NOUN_SINGULAR	WASTE	waste	荒地	data/vanilla/vanilla_languages/objects/language_words.txt:9081	word+0x20	PE:RVA=0xee3e90..0xee40b0
NOUN_PLURAL	WASTE	wastes	荒地	data/vanilla/vanilla_languages/objects/language_words.txt:9081	word+0x40	PE:RVA=0xee3e90..0xee40b0
NOUN_SINGULAR	WATCH	watch	守望	data/vanilla/vanilla_languages/objects/language_words.txt:9094	word+0x20	PE:RVA=0xee3e90..0xee40b0
NOUN_PLURAL	WATCH	watches	守望	data/vanilla/vanilla_languages/objects/language_words.txt:9094	word+0x40	PE:RVA=0xee3e90..0xee40b0
NOUN_SINGULAR	WATCHFUL	watchfulness	警觉	data/vanilla/vanilla_languages/objects/language_words.txt:9106	word+0x20	PE:RVA=0xee3e90..0xee40b0
NOUN_PLURAL	WATCHFUL	watchfulnesses	警觉	data/vanilla/vanilla_languages/objects/language_words.txt:9106	word+0x40	PE:RVA=0xee3e90..0xee40b0
ADJ	WATCHFUL	watchful	警觉	data/vanilla/vanilla_languages/objects/language_words.txt:9110	word+0x60	PE:RVA=0xee3cf0..0xee3e8f
NOUN_SINGULAR	WAVE	wave	波	data/vanilla/vanilla_languages/objects/language_words.txt:9116	word+0x20	PE:RVA=0xee3e90..0xee40b0
NOUN_PLURAL	WAVE	waves	波	data/vanilla/vanilla_languages/objects/language_words.txt:9116	word+0x40	PE:RVA=0xee3e90..0xee40b0
NOUN_SINGULAR	WAVY	waviness	波状	data/vanilla/vanilla_languages/objects/language_words.txt:9128	word+0x20	PE:RVA=0xee3e90..0xee40b0
NOUN_PLURAL	WAVY	wavinesses	波状	data/vanilla/vanilla_languages/objects/language_words.txt:9128	word+0x40	PE:RVA=0xee3e90..0xee40b0
ADJ	WAVY	wavy	有波浪	data/vanilla/vanilla_languages/objects/language_words.txt:9132	word+0x60	PE:RVA=0xee3cf0..0xee3e8f
NOUN_SINGULAR	WEASEL	weasel	鼬鼠	data/vanilla/vanilla_languages/objects/language_words.txt:9142	word+0x20	PE:RVA=0xee3e90..0xee40b0
NOUN_PLURAL	WEASEL	weasels	鼬鼠	data/vanilla/vanilla_languages/objects/language_words.txt:9142	word+0x40	PE:RVA=0xee3e90..0xee40b0
NOUN_SINGULAR	WEAVER	weaver	织布者	data/vanilla/vanilla_languages/objects/language_words.txt:9151	word+0x20	PE:RVA=0xee3e90..0xee40b0
NOUN_PLURAL	WEAVER	weavers	织布者	data/vanilla/vanilla_languages/objects/language_words.txt:9151	word+0x40	PE:RVA=0xee3e90..0xee40b0
NOUN_SINGULAR	WEED	weed	杂草	data/vanilla/vanilla_languages/objects/language_words.txt:9160	word+0x20	PE:RVA=0xee3e90..0xee40b0
NOUN_PLURAL	WEED	weeds	杂草	data/vanilla/vanilla_languages/objects/language_words.txt:9160	word+0x40	PE:RVA=0xee3e90..0xee40b0
NOUN_SINGULAR	WEIGHT	weight	重量	data/vanilla/vanilla_languages/objects/language_words.txt:9170	word+0x20	PE:RVA=0xee3e90..0xee40b0
NOUN_PLURAL	WEIGHT	weights	重量	data/vanilla/vanilla_languages/objects/language_words.txt:9170	word+0x40	PE:RVA=0xee3e90..0xee40b0
NOUN_SINGULAR	WEIRD	weird	命运	data/vanilla/vanilla_languages/objects/language_words.txt:9180	word+0x20	PE:RVA=0xee3e90..0xee40b0
NOUN_PLURAL	WEIRD	weirds	命运	data/vanilla/vanilla_languages/objects/language_words.txt:9180	word+0x40	PE:RVA=0xee3e90..0xee40b0
ADJ	WEST	west	西方	data/vanilla/vanilla_languages/objects/language_words.txt:9194	word+0x60	PE:RVA=0xee3cf0..0xee3e8f
NOUN_SINGULAR	WHEAT	wheat	小麦	data/vanilla/vanilla_languages/objects/language_words.txt:9199	word+0x20	PE:RVA=0xee3e90..0xee40b0
NOUN_PLURAL	WHEAT	wheats	小麦	data/vanilla/vanilla_languages/objects/language_words.txt:9199	word+0x40	PE:RVA=0xee3e90..0xee40b0
NOUN_SINGULAR	WHEEL	wheel	轮	data/vanilla/vanilla_languages/objects/language_words.txt:9209	word+0x20	PE:RVA=0xee3e90..0xee40b0
NOUN_PLURAL	WHEEL	wheels	轮	data/vanilla/vanilla_languages/objects/language_words.txt:9209	word+0x40	PE:RVA=0xee3e90..0xee40b0
NOUN_SINGULAR	WHIP	whip	鞭子	data/vanilla/vanilla_languages/objects/language_words.txt:9223	word+0x20	PE:RVA=0xee3e90..0xee40b0
NOUN_PLURAL	WHIP	whips	鞭子	data/vanilla/vanilla_languages/objects/language_words.txt:9223	word+0x40	PE:RVA=0xee3e90..0xee40b0
NOUN_SINGULAR	WHISKY	whisky	威士忌酒	data/vanilla/vanilla_languages/objects/language_words.txt:9239	word+0x20	PE:RVA=0xee3e90..0xee40b0
NOUN_PLURAL	WHISKY	whiskies	威士忌酒	data/vanilla/vanilla_languages/objects/language_words.txt:9239	word+0x40	PE:RVA=0xee3e90..0xee40b0
NOUN_SINGULAR	WHISPER	whisper	耳语	data/vanilla/vanilla_languages/objects/language_words.txt:9248	word+0x20	PE:RVA=0xee3e90..0xee40b0
NOUN_PLURAL	WHISPER	whispers	耳语	data/vanilla/vanilla_languages/objects/language_words.txt:9248	word+0x40	PE:RVA=0xee3e90..0xee40b0
NOUN_SINGULAR	WHITE	whiteness	白	data/vanilla/vanilla_languages/objects/language_words.txt:9262	word+0x20	PE:RVA=0xee3e90..0xee40b0
NOUN_PLURAL	WHITE	whitenesses	白	data/vanilla/vanilla_languages/objects/language_words.txt:9262	word+0x40	PE:RVA=0xee3e90..0xee40b0
ADJ	WHITE	white	白色	data/vanilla/vanilla_languages/objects/language_words.txt:9263	word+0x60	PE:RVA=0xee3cf0..0xee3e8f
NOUN_SINGULAR	WICKED	wickedness	邪恶	data/vanilla/vanilla_languages/objects/language_words.txt:9270	word+0x20	PE:RVA=0xee3e90..0xee40b0
NOUN_PLURAL	WICKED	wickednesses	邪恶	data/vanilla/vanilla_languages/objects/language_words.txt:9270	word+0x40	PE:RVA=0xee3e90..0xee40b0
ADJ	WICKED	wicked	坏	data/vanilla/vanilla_languages/objects/language_words.txt:9274	word+0x60	PE:RVA=0xee3cf0..0xee3e8f
NOUN_SINGULAR	WILD	wildness	野生	data/vanilla/vanilla_languages/objects/language_words.txt:9281	word+0x20	PE:RVA=0xee3e90..0xee40b0
NOUN_PLURAL	WILD	wildnesses	野生	data/vanilla/vanilla_languages/objects/language_words.txt:9281	word+0x40	PE:RVA=0xee3e90..0xee40b0
ADJ	WILD	wild	野性	data/vanilla/vanilla_languages/objects/language_words.txt:9287	word+0x60	PE:RVA=0xee3cf0..0xee3e8f
NOUN_SINGULAR	WILL	will	意志	data/vanilla/vanilla_languages/objects/language_words.txt:9294	word+0x20	PE:RVA=0xee3e90..0xee40b0
NOUN_PLURAL	WILL	wills	意志	data/vanilla/vanilla_languages/objects/language_words.txt:9294	word+0x40	PE:RVA=0xee3e90..0xee40b0
ADJ	WILL	willful	任性	data/vanilla/vanilla_languages/objects/language_words.txt:9302	word+0x60	PE:RVA=0xee3cf0..0xee3e8f
NOUN_SINGULAR	WING	wing	翅膀	data/vanilla/vanilla_languages/objects/language_words.txt:9307	word+0x20	PE:RVA=0xee3e90..0xee40b0
NOUN_PLURAL	WING	wings	翅膀	data/vanilla/vanilla_languages/objects/language_words.txt:9307	word+0x40	PE:RVA=0xee3e90..0xee40b0
NOUN_SINGULAR	WINTER	winter	冬季	data/vanilla/vanilla_languages/objects/language_words.txt:9317	word+0x20	PE:RVA=0xee3e90..0xee40b0
NOUN_PLURAL	WINTER	winters	冬季	data/vanilla/vanilla_languages/objects/language_words.txt:9317	word+0x40	PE:RVA=0xee3e90..0xee40b0
NOUN_SINGULAR	WISP	wisp	缕	data/vanilla/vanilla_languages/objects/language_words.txt:9327	word+0x20	PE:RVA=0xee3e90..0xee40b0
NOUN_PLURAL	WISP	wisps	缕	data/vanilla/vanilla_languages/objects/language_words.txt:9327	word+0x40	PE:RVA=0xee3e90..0xee40b0
ADJ	WISP	wispy	小束状	data/vanilla/vanilla_languages/objects/language_words.txt:9335	word+0x60	PE:RVA=0xee3cf0..0xee3e8f
NOUN_SINGULAR	WITCH	witch	巫婆	data/vanilla/vanilla_languages/objects/language_words.txt:9340	word+0x20	PE:RVA=0xee3e90..0xee40b0
NOUN_PLURAL	WITCH	witches	巫婆	data/vanilla/vanilla_languages/objects/language_words.txt:9340	word+0x40	PE:RVA=0xee3e90..0xee40b0
NOUN_SINGULAR	WONDER_NOUN	wonder	奇迹	data/vanilla/vanilla_languages/objects/language_words.txt:9349	word+0x20	PE:RVA=0xee3e90..0xee40b0
NOUN_PLURAL	WONDER_NOUN	wonders	奇迹	data/vanilla/vanilla_languages/objects/language_words.txt:9349	word+0x40	PE:RVA=0xee3e90..0xee40b0
ADJ	WONDER_NOUN	wondrous	奇妙	data/vanilla/vanilla_languages/objects/language_words.txt:9357	word+0x60	PE:RVA=0xee3cf0..0xee3e8f
NOUN_SINGULAR	WOOD	wood	木材	data/vanilla/vanilla_languages/objects/language_words.txt:9366	word+0x20	PE:RVA=0xee3e90..0xee40b0
NOUN_PLURAL	WOOD	woods	木材	data/vanilla/vanilla_languages/objects/language_words.txt:9366	word+0x40	PE:RVA=0xee3e90..0xee40b0
ADJ	WOOD	wooden	木制	data/vanilla/vanilla_languages/objects/language_words.txt:9375	word+0x60	PE:RVA=0xee3cf0..0xee3e8f
NOUN_SINGULAR	WORK	work	工作	data/vanilla/vanilla_languages/objects/language_words.txt:9380	word+0x20	PE:RVA=0xee3e90..0xee40b0
NOUN_PLURAL	WORK	works	工作	data/vanilla/vanilla_languages/objects/language_words.txt:9380	word+0x40	PE:RVA=0xee3e90..0xee40b0
NOUN_SINGULAR	WORM	worm	虫	data/vanilla/vanilla_languages/objects/language_words.txt:9393	word+0x20	PE:RVA=0xee3e90..0xee40b0
NOUN_PLURAL	WORM	worms	虫	data/vanilla/vanilla_languages/objects/language_words.txt:9393	word+0x40	PE:RVA=0xee3e90..0xee40b0
NOUN_SINGULAR	WRAITH	wraith	幽灵	data/vanilla/vanilla_languages/objects/language_words.txt:9403	word+0x20	PE:RVA=0xee3e90..0xee40b0
NOUN_PLURAL	WRAITH	wraiths	幽灵	data/vanilla/vanilla_languages/objects/language_words.txt:9403	word+0x40	PE:RVA=0xee3e90..0xee40b0
NOUN_SINGULAR	WRATH	wrath	愤怒	data/vanilla/vanilla_languages/objects/language_words.txt:9412	word+0x20	PE:RVA=0xee3e90..0xee40b0
NOUN_PLURAL	WRATH	wraths	愤怒	data/vanilla/vanilla_languages/objects/language_words.txt:9412	word+0x40	PE:RVA=0xee3e90..0xee40b0
NOUN_SINGULAR	WRETCH	wretch	可怜虫	data/vanilla/vanilla_languages/objects/language_words.txt:9421	word+0x20	PE:RVA=0xee3e90..0xee40b0
NOUN_PLURAL	WRETCH	wretches	可怜虫	data/vanilla/vanilla_languages/objects/language_words.txt:9421	word+0x40	PE:RVA=0xee3e90..0xee40b0
ADJ	WRETCH	wretched	悲惨	data/vanilla/vanilla_languages/objects/language_words.txt:9428	word+0x60	PE:RVA=0xee3cf0..0xee3e8f
NOUN_SINGULAR	YARN	yarn	纱	data/vanilla/vanilla_languages/objects/language_words.txt:9435	word+0x20	PE:RVA=0xee3e90..0xee40b0
NOUN_PLURAL	YARN	yarns	纱	data/vanilla/vanilla_languages/objects/language_words.txt:9435	word+0x40	PE:RVA=0xee3e90..0xee40b0
NOUN_SINGULAR	YEAR	year	年	data/vanilla/vanilla_languages/objects/language_words.txt:9445	word+0x20	PE:RVA=0xee3e90..0xee40b0
NOUN_PLURAL	YEAR	years	年	data/vanilla/vanilla_languages/objects/language_words.txt:9445	word+0x40	PE:RVA=0xee3e90..0xee40b0
NOUN_SINGULAR	YEARLING	yearling	一岁幼兽	data/vanilla/vanilla_languages/objects/language_words.txt:9455	word+0x20	PE:RVA=0xee3e90..0xee40b0
NOUN_PLURAL	YEARLING	yearlings	一岁幼兽	data/vanilla/vanilla_languages/objects/language_words.txt:9455	word+0x40	PE:RVA=0xee3e90..0xee40b0
NOUN_SINGULAR	YELLOW	yellowness	黄色	data/vanilla/vanilla_languages/objects/language_words.txt:9464	word+0x20	PE:RVA=0xee3e90..0xee40b0
NOUN_PLURAL	YELLOW	yellownesses	黄色	data/vanilla/vanilla_languages/objects/language_words.txt:9464	word+0x40	PE:RVA=0xee3e90..0xee40b0
ADJ	YELLOW	yellow	黄色	data/vanilla/vanilla_languages/objects/language_words.txt:9465	word+0x60	PE:RVA=0xee3cf0..0xee3e8f
NOUN_SINGULAR	YORE	yore	从前	data/vanilla/vanilla_languages/objects/language_words.txt:9470	word+0x20	PE:RVA=0xee3e90..0xee40b0
NOUN_PLURAL	YORE	yore	从前	data/vanilla/vanilla_languages/objects/language_words.txt:9470	word+0x40	PE:RVA=0xee3e90..0xee40b0
ADJ	YOUNG	young	年轻	data/vanilla/vanilla_languages/objects/language_words.txt:9483	word+0x60	PE:RVA=0xee3cf0..0xee3e8f
NOUN_SINGULAR	YOUTH	youth	年轻	data/vanilla/vanilla_languages/objects/language_words.txt:9490	word+0x20	PE:RVA=0xee3e90..0xee40b0
NOUN_PLURAL	YOUTH	youths	年轻	data/vanilla/vanilla_languages/objects/language_words.txt:9490	word+0x40	PE:RVA=0xee3e90..0xee40b0
ADJ	YOUTH	youthful	年轻	data/vanilla/vanilla_languages/objects/language_words.txt:9498	word+0x60	PE:RVA=0xee3cf0..0xee3e8f
NOUN_SINGULAR	ZEAL	zeal	热忱	data/vanilla/vanilla_languages/objects/language_words.txt:9503	word+0x20	PE:RVA=0xee3e90..0xee40b0
NOUN_PLURAL	ZEAL	zeals	热忱	data/vanilla/vanilla_languages/objects/language_words.txt:9503	word+0x40	PE:RVA=0xee3e90..0xee40b0
NOUN_SINGULAR	ZEALOT	zealot	狂信徒	data/vanilla/vanilla_languages/objects/language_words.txt:9512	word+0x20	PE:RVA=0xee3e90..0xee40b0
NOUN_PLURAL	ZEALOT	zealots	狂信徒	data/vanilla/vanilla_languages/objects/language_words.txt:9512	word+0x40	PE:RVA=0xee3e90..0xee40b0
NOUN_SINGULAR	ZEPHYR	zephyr	西风	data/vanilla/vanilla_languages/objects/language_words.txt:9521	word+0x20	PE:RVA=0xee3e90..0xee40b0
NOUN_PLURAL	ZEPHYR	zephyrs	西风	data/vanilla/vanilla_languages/objects/language_words.txt:9521	word+0x40	PE:RVA=0xee3e90..0xee40b0
NOUN_SINGULAR	EARTH	earth	大地	data/vanilla/vanilla_languages/objects/language_words.txt:9530	word+0x20	PE:RVA=0xee3e90..0xee40b0
NOUN_PLURAL	EARTH	earths	大地	data/vanilla/vanilla_languages/objects/language_words.txt:9530	word+0x40	PE:RVA=0xee3e90..0xee40b0
ADJ	EARTH	earthen	土质	data/vanilla/vanilla_languages/objects/language_words.txt:9537	word+0x60	PE:RVA=0xee3cf0..0xee3e8f
NOUN_SINGULAR	ARTIFACT	artifact	造物	data/vanilla/vanilla_languages/objects/language_words.txt:9544	word+0x20	PE:RVA=0xee3e90..0xee40b0
NOUN_PLURAL	ARTIFACT	artifacts	造物	data/vanilla/vanilla_languages/objects/language_words.txt:9544	word+0x40	PE:RVA=0xee3e90..0xee40b0
NOUN_SINGULAR	BED	bed	床	data/vanilla/vanilla_languages/objects/language_words.txt:9549	word+0x20	PE:RVA=0xee3e90..0xee40b0
NOUN_PLURAL	BED	beds	床	data/vanilla/vanilla_languages/objects/language_words.txt:9549	word+0x40	PE:RVA=0xee3e90..0xee40b0
NOUN_SINGULAR	BUD	bud	芽	data/vanilla/vanilla_languages/objects/language_words.txt:9558	word+0x20	PE:RVA=0xee3e90..0xee40b0
NOUN_PLURAL	BUD	buds	芽	data/vanilla/vanilla_languages/objects/language_words.txt:9558	word+0x40	PE:RVA=0xee3e90..0xee40b0
ADJ	COMMON	common	普通	data/vanilla/vanilla_languages/objects/language_words.txt:9573	word+0x60	PE:RVA=0xee3cf0..0xee3e8f
NOUN_SINGULAR	DAUB	daub	污迹	data/vanilla/vanilla_languages/objects/language_words.txt:9580	word+0x20	PE:RVA=0xee3e90..0xee40b0
NOUN_PLURAL	DAUB	daubs	污迹	data/vanilla/vanilla_languages/objects/language_words.txt:9580	word+0x40	PE:RVA=0xee3e90..0xee40b0
NOUN_SINGULAR	DESERT	desert	沙漠	data/vanilla/vanilla_languages/objects/language_words.txt:9591	word+0x20	PE:RVA=0xee3e90..0xee40b0
NOUN_PLURAL	DESERT	deserts	沙漠	data/vanilla/vanilla_languages/objects/language_words.txt:9591	word+0x40	PE:RVA=0xee3e90..0xee40b0
NOUN_SINGULAR	DESSERT	dessert	餐后甜点	data/vanilla/vanilla_languages/objects/language_words.txt:9600	word+0x20	PE:RVA=0xee3e90..0xee40b0
NOUN_PLURAL	DESSERT	desserts	餐后甜点	data/vanilla/vanilla_languages/objects/language_words.txt:9600	word+0x40	PE:RVA=0xee3e90..0xee40b0
NOUN_SINGULAR	DIAMOND	diamond	钻石	data/vanilla/vanilla_languages/objects/language_words.txt:9610	word+0x20	PE:RVA=0xee3e90..0xee40b0
NOUN_PLURAL	DIAMOND	diamonds	钻石	data/vanilla/vanilla_languages/objects/language_words.txt:9610	word+0x40	PE:RVA=0xee3e90..0xee40b0
ADJ	DIAMOND	diamond	钻石	data/vanilla/vanilla_languages/objects/language_words.txt:9619	word+0x60	PE:RVA=0xee3cf0..0xee3e8f
NOUN_SINGULAR	DOMAIN	domain	领域	data/vanilla/vanilla_languages/objects/language_words.txt:9624	word+0x20	PE:RVA=0xee3e90..0xee40b0
NOUN_PLURAL	DOMAIN	domains	领域	data/vanilla/vanilla_languages/objects/language_words.txt:9624	word+0x40	PE:RVA=0xee3e90..0xee40b0
NOUN_SINGULAR	DREAM	dream	梦	data/vanilla/vanilla_languages/objects/language_words.txt:9633	word+0x20	PE:RVA=0xee3e90..0xee40b0
NOUN_PLURAL	DREAM	dreams	梦	data/vanilla/vanilla_languages/objects/language_words.txt:9633	word+0x40	PE:RVA=0xee3e90..0xee40b0
ADJ	DREAM	dreamy	空幻	data/vanilla/vanilla_languages/objects/language_words.txt:9642	word+0x60	PE:RVA=0xee3cf0..0xee3e8f
NOUN_SINGULAR	TIN	tin	锡	data/vanilla/vanilla_languages/objects/language_words.txt:9651	word+0x20	PE:RVA=0xee3e90..0xee40b0
NOUN_PLURAL	TIN	tin	锡	data/vanilla/vanilla_languages/objects/language_words.txt:9651	word+0x40	PE:RVA=0xee3e90..0xee40b0
ADJ	TIN	tin	锡制	data/vanilla/vanilla_languages/objects/language_words.txt:9655	word+0x60	PE:RVA=0xee3cf0..0xee3e8f
NOUN_SINGULAR	COPPER	copper	铜	data/vanilla/vanilla_languages/objects/language_words.txt:9662	word+0x20	PE:RVA=0xee3e90..0xee40b0
NOUN_PLURAL	COPPER	copper	铜	data/vanilla/vanilla_languages/objects/language_words.txt:9662	word+0x40	PE:RVA=0xee3e90..0xee40b0
ADJ	COPPER	copper	铜	data/vanilla/vanilla_languages/objects/language_words.txt:9666	word+0x60	PE:RVA=0xee3cf0..0xee3e8f
NOUN_SINGULAR	BRONZE	bronze	青铜	data/vanilla/vanilla_languages/objects/language_words.txt:9673	word+0x20	PE:RVA=0xee3e90..0xee40b0
NOUN_PLURAL	BRONZE	bronze	青铜	data/vanilla/vanilla_languages/objects/language_words.txt:9673	word+0x40	PE:RVA=0xee3e90..0xee40b0
ADJ	BRONZE	bronze	青铜色	data/vanilla/vanilla_languages/objects/language_words.txt:9677	word+0x60	PE:RVA=0xee3cf0..0xee3e8f
NOUN_SINGULAR	GRANITE	granite	花岗岩	data/vanilla/vanilla_languages/objects/language_words.txt:9684	word+0x20	PE:RVA=0xee3e90..0xee40b0
NOUN_PLURAL	GRANITE	granite	花岗岩	data/vanilla/vanilla_languages/objects/language_words.txt:9684	word+0x40	PE:RVA=0xee3e90..0xee40b0
ADJ	GRANITE	granite	花岗岩	data/vanilla/vanilla_languages/objects/language_words.txt:9688	word+0x60	PE:RVA=0xee3cf0..0xee3e8f
NOUN_SINGULAR	FANCY	fanciness	幻想	data/vanilla/vanilla_languages/objects/language_words.txt:9695	word+0x20	PE:RVA=0xee3e90..0xee40b0
NOUN_PLURAL	FANCY	fancinesses	幻想	data/vanilla/vanilla_languages/objects/language_words.txt:9695	word+0x40	PE:RVA=0xee3e90..0xee40b0
ADJ	FANCY	fancy	华丽	data/vanilla/vanilla_languages/objects/language_words.txt:9697	word+0x60	PE:RVA=0xee3cf0..0xee3e8f
NOUN_SINGULAR	FARM	farm	农场	data/vanilla/vanilla_languages/objects/language_words.txt:9703	word+0x20	PE:RVA=0xee3e90..0xee40b0
NOUN_PLURAL	FARM	farms	农场	data/vanilla/vanilla_languages/objects/language_words.txt:9703	word+0x40	PE:RVA=0xee3e90..0xee40b0
NOUN_SINGULAR	FIELD	field	田野	data/vanilla/vanilla_languages/objects/language_words.txt:9714	word+0x20	PE:RVA=0xee3e90..0xee40b0
NOUN_PLURAL	FIELD	fields	田野	data/vanilla/vanilla_languages/objects/language_words.txt:9714	word+0x40	PE:RVA=0xee3e90..0xee40b0
NOUN_SINGULAR	FROTH	froth	泡沫	data/vanilla/vanilla_languages/objects/language_words.txt:9724	word+0x20	PE:RVA=0xee3e90..0xee40b0
NOUN_PLURAL	FROTH	froths	泡沫	data/vanilla/vanilla_languages/objects/language_words.txt:9724	word+0x40	PE:RVA=0xee3e90..0xee40b0
ADJ	FROTH	frothy	泡沫	data/vanilla/vanilla_languages/objects/language_words.txt:9733	word+0x60	PE:RVA=0xee3cf0..0xee3e8f
NOUN_SINGULAR	GENIUS	genius	天才	data/vanilla/vanilla_languages/objects/language_words.txt:9742	word+0x20	PE:RVA=0xee3e90..0xee40b0
NOUN_PLURAL	GENIUS	geniuses	天才	data/vanilla/vanilla_languages/objects/language_words.txt:9742	word+0x40	PE:RVA=0xee3e90..0xee40b0
NOUN_SINGULAR	GLACIER	glacier	冰川	data/vanilla/vanilla_languages/objects/language_words.txt:9751	word+0x20	PE:RVA=0xee3e90..0xee40b0
NOUN_PLURAL	GLACIER	glaciers	冰川	data/vanilla/vanilla_languages/objects/language_words.txt:9751	word+0x40	PE:RVA=0xee3e90..0xee40b0
ADJ	GLACIER	glacial	冰	data/vanilla/vanilla_languages/objects/language_words.txt:9758	word+0x60	PE:RVA=0xee3cf0..0xee3e8f
NOUN_SINGULAR	JADE	jade	玉	data/vanilla/vanilla_languages/objects/language_words.txt:9776	word+0x20	PE:RVA=0xee3e90..0xee40b0
NOUN_PLURAL	JADE	jades	玉	data/vanilla/vanilla_languages/objects/language_words.txt:9776	word+0x40	PE:RVA=0xee3e90..0xee40b0
ADJ	JADE	jade	绿色	data/vanilla/vanilla_languages/objects/language_words.txt:9781	word+0x60	PE:RVA=0xee3cf0..0xee3e8f
NOUN_SINGULAR	IVORY	ivory	象牙	data/vanilla/vanilla_languages/objects/language_words.txt:9788	word+0x20	PE:RVA=0xee3e90..0xee40b0
NOUN_PLURAL	IVORY	ivory	象牙	data/vanilla/vanilla_languages/objects/language_words.txt:9788	word+0x40	PE:RVA=0xee3e90..0xee40b0
ADJ	IVORY	ivory	象牙制	data/vanilla/vanilla_languages/objects/language_words.txt:9792	word+0x60	PE:RVA=0xee3cf0..0xee3e8f
NOUN_SINGULAR	LAND	land	陆地	data/vanilla/vanilla_languages/objects/language_words.txt:9799	word+0x20	PE:RVA=0xee3e90..0xee40b0
NOUN_PLURAL	LAND	lands	陆地	data/vanilla/vanilla_languages/objects/language_words.txt:9799	word+0x40	PE:RVA=0xee3e90..0xee40b0
ADJ	LIMP	limp	松软	data/vanilla/vanilla_languages/objects/language_words.txt:9814	word+0x60	PE:RVA=0xee3cf0..0xee3e8f
NOUN_SINGULAR	LUCID	lucidity	明朗	data/vanilla/vanilla_languages/objects/language_words.txt:9821	word+0x20	PE:RVA=0xee3e90..0xee40b0
NOUN_PLURAL	LUCID	lucidities	明朗	data/vanilla/vanilla_languages/objects/language_words.txt:9821	word+0x40	PE:RVA=0xee3e90..0xee40b0
ADJ	LUCID	lucid	明晰	data/vanilla/vanilla_languages/objects/language_words.txt:9824	word+0x60	PE:RVA=0xee3cf0..0xee3e8f
NOUN_SINGULAR	MOUNTAIN	mountain	山	data/vanilla/vanilla_languages/objects/language_words.txt:9831	word+0x20	PE:RVA=0xee3e90..0xee40b0
NOUN_PLURAL	MOUNTAIN	mountains	山	data/vanilla/vanilla_languages/objects/language_words.txt:9831	word+0x40	PE:RVA=0xee3e90..0xee40b0
ADJ	MOUNTAIN	mountainous	多山	data/vanilla/vanilla_languages/objects/language_words.txt:9838	word+0x60	PE:RVA=0xee3cf0..0xee3e8f
NOUN_SINGULAR	MUCUS	mucus	粘液	data/vanilla/vanilla_languages/objects/language_words.txt:9842	word+0x20	PE:RVA=0xee3e90..0xee40b0
NOUN_PLURAL	MUCUS	mucuses	粘液	data/vanilla/vanilla_languages/objects/language_words.txt:9842	word+0x40	PE:RVA=0xee3e90..0xee40b0
ADJ	MUCUS	mucous	粘液	data/vanilla/vanilla_languages/objects/language_words.txt:9849	word+0x60	PE:RVA=0xee3cf0..0xee3e8f
NOUN_SINGULAR	PATTERN	pattern	图案	data/vanilla/vanilla_languages/objects/language_words.txt:9855	word+0x20	PE:RVA=0xee3e90..0xee40b0
NOUN_PLURAL	PATTERN	patterns	图案	data/vanilla/vanilla_languages/objects/language_words.txt:9855	word+0x40	PE:RVA=0xee3e90..0xee40b0
ADJ	PATTERN	patterned	斑纹	data/vanilla/vanilla_languages/objects/language_words.txt:9863	word+0x60	PE:RVA=0xee3cf0..0xee3e8f
NOUN_SINGULAR	PEBBLE	pebble	小圆石	data/vanilla/vanilla_languages/objects/language_words.txt:9871	word+0x20	PE:RVA=0xee3e90..0xee40b0
NOUN_PLURAL	PEBBLE	pebbles	小圆石	data/vanilla/vanilla_languages/objects/language_words.txt:9871	word+0x40	PE:RVA=0xee3e90..0xee40b0
NOUN_SINGULAR	BOULDER	boulder	大圆石	data/vanilla/vanilla_languages/objects/language_words.txt:9881	word+0x20	PE:RVA=0xee3e90..0xee40b0
NOUN_PLURAL	BOULDER	boulders	大圆石	data/vanilla/vanilla_languages/objects/language_words.txt:9881	word+0x40	PE:RVA=0xee3e90..0xee40b0
NOUN_SINGULAR	PETAL	petal	花瓣	data/vanilla/vanilla_languages/objects/language_words.txt:9891	word+0x20	PE:RVA=0xee3e90..0xee40b0
NOUN_PLURAL	PETAL	petals	花瓣	data/vanilla/vanilla_languages/objects/language_words.txt:9891	word+0x40	PE:RVA=0xee3e90..0xee40b0
NOUN_SINGULAR	DROPLET	droplet	小滴	data/vanilla/vanilla_languages/objects/language_words.txt:9901	word+0x20	PE:RVA=0xee3e90..0xee40b0
NOUN_PLURAL	DROPLET	droplets	小滴	data/vanilla/vanilla_languages/objects/language_words.txt:9901	word+0x40	PE:RVA=0xee3e90..0xee40b0
NOUN_SINGULAR	PINNACLE	pinnacle	顶峰	data/vanilla/vanilla_languages/objects/language_words.txt:9911	word+0x20	PE:RVA=0xee3e90..0xee40b0
NOUN_PLURAL	PINNACLE	pinnacles	顶峰	data/vanilla/vanilla_languages/objects/language_words.txt:9911	word+0x40	PE:RVA=0xee3e90..0xee40b0
NOUN_SINGULAR	PLAIN	plain	平原	data/vanilla/vanilla_languages/objects/language_words.txt:9918	word+0x20	PE:RVA=0xee3e90..0xee40b0
NOUN_PLURAL	PLAIN	plains	平原	data/vanilla/vanilla_languages/objects/language_words.txt:9918	word+0x40	PE:RVA=0xee3e90..0xee40b0
ADJ	PLAINADJ	plain	简单	data/vanilla/vanilla_languages/objects/language_words.txt:9930	word+0x60	PE:RVA=0xee3cf0..0xee3e8f
NOUN_SINGULAR	POINT	point	尖端	data/vanilla/vanilla_languages/objects/language_words.txt:9934	word+0x20	PE:RVA=0xee3e90..0xee40b0
NOUN_PLURAL	POINT	points	尖端	data/vanilla/vanilla_languages/objects/language_words.txt:9934	word+0x40	PE:RVA=0xee3e90..0xee40b0
ADJ	POINT	pointy	尖锐	data/vanilla/vanilla_languages/objects/language_words.txt:9942	word+0x60	PE:RVA=0xee3cf0..0xee3e8f
NOUN_SINGULAR	POT	pot	罐	data/vanilla/vanilla_languages/objects/language_words.txt:9949	word+0x20	PE:RVA=0xee3e90..0xee40b0
NOUN_PLURAL	POT	pots	罐	data/vanilla/vanilla_languages/objects/language_words.txt:9949	word+0x40	PE:RVA=0xee3e90..0xee40b0
NOUN_SINGULAR	PRAIRIE	prairie	大草原	data/vanilla/vanilla_languages/objects/language_words.txt:9959	word+0x20	PE:RVA=0xee3e90..0xee40b0
NOUN_PLURAL	PRAIRIE	prairies	大草原	data/vanilla/vanilla_languages/objects/language_words.txt:9959	word+0x40	PE:RVA=0xee3e90..0xee40b0
NOUN_SINGULAR	SLEEVE	sleeve	袖子	data/vanilla/vanilla_languages/objects/language_words.txt:9977	word+0x20	PE:RVA=0xee3e90..0xee40b0
NOUN_PLURAL	SLEEVE	sleeves	袖子	data/vanilla/vanilla_languages/objects/language_words.txt:9977	word+0x40	PE:RVA=0xee3e90..0xee40b0
NOUN_SINGULAR	SPECK	speck	斑点	data/vanilla/vanilla_languages/objects/language_words.txt:9987	word+0x20	PE:RVA=0xee3e90..0xee40b0
NOUN_PLURAL	SPECK	specks	斑点	data/vanilla/vanilla_languages/objects/language_words.txt:9987	word+0x40	PE:RVA=0xee3e90..0xee40b0
ADJ	SPECK	speckled	有斑点	data/vanilla/vanilla_languages/objects/language_words.txt:9994	word+0x60	PE:RVA=0xee3cf0..0xee3e8f
NOUN_SINGULAR	STEPPE	steppe	大草原	data/vanilla/vanilla_languages/objects/language_words.txt:10001	word+0x20	PE:RVA=0xee3e90..0xee40b0
NOUN_PLURAL	STEPPE	steppes	大草原	data/vanilla/vanilla_languages/objects/language_words.txt:10001	word+0x40	PE:RVA=0xee3e90..0xee40b0
NOUN_SINGULAR	TENTACLE	tentacle	触须	data/vanilla/vanilla_languages/objects/language_words.txt:10011	word+0x20	PE:RVA=0xee3e90..0xee40b0
NOUN_PLURAL	TENTACLE	tentacles	触须	data/vanilla/vanilla_languages/objects/language_words.txt:10011	word+0x40	PE:RVA=0xee3e90..0xee40b0
NOUN_SINGULAR	TEST	test	考验	data/vanilla/vanilla_languages/objects/language_words.txt:10018	word+0x20	PE:RVA=0xee3e90..0xee40b0
NOUN_PLURAL	TEST	tests	考验	data/vanilla/vanilla_languages/objects/language_words.txt:10018	word+0x40	PE:RVA=0xee3e90..0xee40b0
NOUN_SINGULAR	TUB	tub	桶	data/vanilla/vanilla_languages/objects/language_words.txt:10034	word+0x20	PE:RVA=0xee3e90..0xee40b0
NOUN_PLURAL	TUB	tubs	桶	data/vanilla/vanilla_languages/objects/language_words.txt:10034	word+0x40	PE:RVA=0xee3e90..0xee40b0
NOUN_SINGULAR	TUBE	tube	管	data/vanilla/vanilla_languages/objects/language_words.txt:10044	word+0x20	PE:RVA=0xee3e90..0xee40b0
NOUN_PLURAL	TUBE	tubes	管	data/vanilla/vanilla_languages/objects/language_words.txt:10044	word+0x40	PE:RVA=0xee3e90..0xee40b0
NOUN_SINGULAR	TUNDRA	tundra	苔原	data/vanilla/vanilla_languages/objects/language_words.txt:10055	word+0x20	PE:RVA=0xee3e90..0xee40b0
NOUN_PLURAL	TUNDRA	tundras	苔原	data/vanilla/vanilla_languages/objects/language_words.txt:10055	word+0x40	PE:RVA=0xee3e90..0xee40b0
NOUN_SINGULAR	WEALTH	wealth	财富	data/vanilla/vanilla_languages/objects/language_words.txt:10074	word+0x20	PE:RVA=0xee3e90..0xee40b0
NOUN_PLURAL	WEALTH	wealths	财富	data/vanilla/vanilla_languages/objects/language_words.txt:10074	word+0x40	PE:RVA=0xee3e90..0xee40b0
ADJ	WEALTH	wealthy	富有	data/vanilla/vanilla_languages/objects/language_words.txt:10084	word+0x60	PE:RVA=0xee3cf0..0xee3e8f
NOUN_SINGULAR	WEEVIL	weevil	象甲	data/vanilla/vanilla_languages/objects/language_words.txt:10091	word+0x20	PE:RVA=0xee3e90..0xee40b0
NOUN_PLURAL	WEEVIL	weevils	象甲	data/vanilla/vanilla_languages/objects/language_words.txt:10091	word+0x40	PE:RVA=0xee3e90..0xee40b0
NOUN_SINGULAR	WHIM	whim	奇想	data/vanilla/vanilla_languages/objects/language_words.txt:10100	word+0x20	PE:RVA=0xee3e90..0xee40b0
NOUN_PLURAL	WHIM	whims	奇想	data/vanilla/vanilla_languages/objects/language_words.txt:10100	word+0x40	PE:RVA=0xee3e90..0xee40b0
ADJ	WHIM	whimsical	奇想	data/vanilla/vanilla_languages/objects/language_words.txt:10109	word+0x60	PE:RVA=0xee3cf0..0xee3e8f
ADJ	WHIRL	whirling	旋转	data/vanilla/vanilla_languages/objects/language_words.txt:10114	word+0x60	PE:RVA=0xee3cf0..0xee3e8f
NOUN_SINGULAR	WORLD	world	世界	data/vanilla/vanilla_languages/objects/language_words.txt:10120	word+0x20	PE:RVA=0xee3e90..0xee40b0
NOUN_PLURAL	WORLD	worlds	世界	data/vanilla/vanilla_languages/objects/language_words.txt:10120	word+0x40	PE:RVA=0xee3e90..0xee40b0
NOUN_SINGULAR	PANTOMIME	pantomime	手势	data/vanilla/vanilla_languages/objects/language_words.txt:10144	word+0x20	PE:RVA=0xee3e90..0xee40b0
NOUN_PLURAL	PANTOMIME	pantomimes	手势	data/vanilla/vanilla_languages/objects/language_words.txt:10144	word+0x40	PE:RVA=0xee3e90..0xee40b0
NOUN_SINGULAR	SLUDGE	sludge	软泥	data/vanilla/vanilla_languages/objects/language_words.txt:10151	word+0x20	PE:RVA=0xee3e90..0xee40b0
NOUN_PLURAL	SLUDGE	sludges	软泥	data/vanilla/vanilla_languages/objects/language_words.txt:10151	word+0x40	PE:RVA=0xee3e90..0xee40b0
NOUN_SINGULAR	GOO	goo	粘性物	data/vanilla/vanilla_languages/objects/language_words.txt:10160	word+0x20	PE:RVA=0xee3e90..0xee40b0
NOUN_PLURAL	GOO	goos	粘性物	data/vanilla/vanilla_languages/objects/language_words.txt:10160	word+0x40	PE:RVA=0xee3e90..0xee40b0
NOUN_SINGULAR	REALM	realm	领域	data/vanilla/vanilla_languages/objects/language_words.txt:10169	word+0x20	PE:RVA=0xee3e90..0xee40b0
NOUN_PLURAL	REALM	realms	领域	data/vanilla/vanilla_languages/objects/language_words.txt:10169	word+0x40	PE:RVA=0xee3e90..0xee40b0
NOUN_SINGULAR	PLANE	plane	平面	data/vanilla/vanilla_languages/objects/language_words.txt:10180	word+0x20	PE:RVA=0xee3e90..0xee40b0
NOUN_PLURAL	PLANE	planes	平面	data/vanilla/vanilla_languages/objects/language_words.txt:10180	word+0x40	PE:RVA=0xee3e90..0xee40b0
NOUN_SINGULAR	DIMENSION	dimension	维度	data/vanilla/vanilla_languages/objects/language_words.txt:10191	word+0x20	PE:RVA=0xee3e90..0xee40b0
NOUN_PLURAL	DIMENSION	dimensions	维度	data/vanilla/vanilla_languages/objects/language_words.txt:10191	word+0x40	PE:RVA=0xee3e90..0xee40b0
NOUN_SINGULAR	UNIVERSE	universe	宇宙	data/vanilla/vanilla_languages/objects/language_words.txt:10198	word+0x20	PE:RVA=0xee3e90..0xee40b0
NOUN_PLURAL	UNIVERSE	universes	宇宙	data/vanilla/vanilla_languages/objects/language_words.txt:10198	word+0x40	PE:RVA=0xee3e90..0xee40b0
NOUN_SINGULAR	PLANET	planet	行星	data/vanilla/vanilla_languages/objects/language_words.txt:10205	word+0x20	PE:RVA=0xee3e90..0xee40b0
NOUN_PLURAL	PLANET	planets	行星	data/vanilla/vanilla_languages/objects/language_words.txt:10205	word+0x40	PE:RVA=0xee3e90..0xee40b0
ADJ	LIVID	livid	铁青	data/vanilla/vanilla_languages/objects/language_words.txt:10212	word+0x60	PE:RVA=0xee3cf0..0xee3e8f
ADJ	TEPID	tepid	微温	data/vanilla/vanilla_languages/objects/language_words.txt:10219	word+0x60	PE:RVA=0xee3cf0..0xee3e8f
NOUN_SINGULAR	HONEST	honesty	诚实	data/vanilla/vanilla_languages/objects/language_words.txt:10226	word+0x20	PE:RVA=0xee3e90..0xee40b0
NOUN_PLURAL	HONEST	honesties	诚实	data/vanilla/vanilla_languages/objects/language_words.txt:10226	word+0x40	PE:RVA=0xee3e90..0xee40b0
ADJ	HONEST	honest	诚实	data/vanilla/vanilla_languages/objects/language_words.txt:10231	word+0x60	PE:RVA=0xee3cf0..0xee3e8f
NOUN_SINGULAR	KINGDOM	kingdom	王国	data/vanilla/vanilla_languages/objects/language_words.txt:10236	word+0x20	PE:RVA=0xee3e90..0xee40b0
NOUN_PLURAL	KINGDOM	kingdoms	王国	data/vanilla/vanilla_languages/objects/language_words.txt:10236	word+0x40	PE:RVA=0xee3e90..0xee40b0
NOUN_SINGULAR	EMPIRE	empire	帝国	data/vanilla/vanilla_languages/objects/language_words.txt:10247	word+0x20	PE:RVA=0xee3e90..0xee40b0
NOUN_PLURAL	EMPIRE	empires	帝国	data/vanilla/vanilla_languages/objects/language_words.txt:10247	word+0x40	PE:RVA=0xee3e90..0xee40b0
ADJ	EMPIRE	imperial	帝王	data/vanilla/vanilla_languages/objects/language_words.txt:10256	word+0x60	PE:RVA=0xee3cf0..0xee3e8f
NOUN_SINGULAR	CONFEDERATION	confederation	同盟	data/vanilla/vanilla_languages/objects/language_words.txt:10260	word+0x20	PE:RVA=0xee3e90..0xee40b0
NOUN_PLURAL	CONFEDERATION	confederations	同盟	data/vanilla/vanilla_languages/objects/language_words.txt:10260	word+0x40	PE:RVA=0xee3e90..0xee40b0
NOUN_SINGULAR	SIMPLE	simplicity	单纯	data/vanilla/vanilla_languages/objects/language_words.txt:10268	word+0x20	PE:RVA=0xee3e90..0xee40b0
NOUN_PLURAL	SIMPLE	simplicities	单纯	data/vanilla/vanilla_languages/objects/language_words.txt:10268	word+0x40	PE:RVA=0xee3e90..0xee40b0
ADJ	SIMPLE	simple	简单	data/vanilla/vanilla_languages/objects/language_words.txt:10273	word+0x60	PE:RVA=0xee3cf0..0xee3e8f
NOUN_SINGULAR	TROOPER	trooper	士兵	data/vanilla/vanilla_languages/objects/language_words.txt:10280	word+0x20	PE:RVA=0xee3e90..0xee40b0
NOUN_PLURAL	TROOPER	troopers	士兵	data/vanilla/vanilla_languages/objects/language_words.txt:10280	word+0x40	PE:RVA=0xee3e90..0xee40b0
ADJ	CRIMSON	crimson	深红色	data/vanilla/vanilla_languages/objects/language_words.txt:10288	word+0x60	PE:RVA=0xee3cf0..0xee3e8f
NOUN_SINGULAR	DUNE	dune	沙丘	data/vanilla/vanilla_languages/objects/language_words.txt:10295	word+0x20	PE:RVA=0xee3e90..0xee40b0
NOUN_PLURAL	DUNE	dunes	沙丘	data/vanilla/vanilla_languages/objects/language_words.txt:10295	word+0x40	PE:RVA=0xee3e90..0xee40b0
NOUN_SINGULAR	DIRECT	direction	方向	data/vanilla/vanilla_languages/objects/language_words.txt:10306	word+0x20	PE:RVA=0xee3e90..0xee40b0
NOUN_PLURAL	DIRECT	directions	方向	data/vanilla/vanilla_languages/objects/language_words.txt:10306	word+0x40	PE:RVA=0xee3e90..0xee40b0
NOUN_SINGULAR	CLASH	clash	冲突	data/vanilla/vanilla_languages/objects/language_words.txt:10315	word+0x20	PE:RVA=0xee3e90..0xee40b0
NOUN_PLURAL	CLASH	clashes	冲突	data/vanilla/vanilla_languages/objects/language_words.txt:10315	word+0x40	PE:RVA=0xee3e90..0xee40b0
NOUN_SINGULAR	FOREVER	forever	永远	data/vanilla/vanilla_languages/objects/language_words.txt:10329	word+0x20	PE:RVA=0xee3e90..0xee40b0
NOUN_PLURAL	FOREVER	forever	永远	data/vanilla/vanilla_languages/objects/language_words.txt:10329	word+0x40	PE:RVA=0xee3e90..0xee40b0
NOUN_SINGULAR	SUBTLE	subtlety	微妙	data/vanilla/vanilla_languages/objects/language_words.txt:10334	word+0x20	PE:RVA=0xee3e90..0xee40b0
NOUN_PLURAL	SUBTLE	subtleties	微妙	data/vanilla/vanilla_languages/objects/language_words.txt:10334	word+0x40	PE:RVA=0xee3e90..0xee40b0
ADJ	SUBTLE	subtle	敏锐	data/vanilla/vanilla_languages/objects/language_words.txt:10340	word+0x60	PE:RVA=0xee3cf0..0xee3e8f
NOUN_SINGULAR	PUPPET	puppet	傀儡	data/vanilla/vanilla_languages/objects/language_words.txt:10347	word+0x20	PE:RVA=0xee3e90..0xee40b0
NOUN_PLURAL	PUPPET	puppets	傀儡	data/vanilla/vanilla_languages/objects/language_words.txt:10347	word+0x40	PE:RVA=0xee3e90..0xee40b0
NOUN_SINGULAR	HEGEMON	hegemon	霸主	data/vanilla/vanilla_languages/objects/language_words.txt:10358	word+0x20	PE:RVA=0xee3e90..0xee40b0
NOUN_PLURAL	HEGEMON	hegemons	霸主	data/vanilla/vanilla_languages/objects/language_words.txt:10358	word+0x40	PE:RVA=0xee3e90..0xee40b0
NOUN_SINGULAR	AMAZE	amazement	惊愕	data/vanilla/vanilla_languages/objects/language_words.txt:10364	word+0x20	PE:RVA=0xee3e90..0xee40b0
NOUN_PLURAL	AMAZE	amazements	惊愕	data/vanilla/vanilla_languages/objects/language_words.txt:10364	word+0x40	PE:RVA=0xee3e90..0xee40b0
ADJ	AMAZE	amazing	惊人	data/vanilla/vanilla_languages/objects/language_words.txt:10370	word+0x60	PE:RVA=0xee3cf0..0xee3e8f
NOUN_SINGULAR	ALCHEMY	alchemy	炼金术	data/vanilla/vanilla_languages/objects/language_words.txt:10377	word+0x20	PE:RVA=0xee3e90..0xee40b0
NOUN_PLURAL	ALCHEMY	alchemies	炼金术	data/vanilla/vanilla_languages/objects/language_words.txt:10377	word+0x40	PE:RVA=0xee3e90..0xee40b0
ADJ	ALCHEMY	alchemical	炼金	data/vanilla/vanilla_languages/objects/language_words.txt:10383	word+0x60	PE:RVA=0xee3cf0..0xee3e8f
NOUN_SINGULAR	INSIGHT	insight	洞察	data/vanilla/vanilla_languages/objects/language_words.txt:10388	word+0x20	PE:RVA=0xee3e90..0xee40b0
NOUN_PLURAL	INSIGHT	insights	洞察	data/vanilla/vanilla_languages/objects/language_words.txt:10388	word+0x40	PE:RVA=0xee3e90..0xee40b0
ADJ	INSIGHT	insightful	洞察	data/vanilla/vanilla_languages/objects/language_words.txt:10398	word+0x60	PE:RVA=0xee3cf0..0xee3e8f
NOUN_SINGULAR	UNION	union	联盟	data/vanilla/vanilla_languages/objects/language_words.txt:10403	word+0x20	PE:RVA=0xee3e90..0xee40b0
NOUN_PLURAL	UNION	unions	联盟	data/vanilla/vanilla_languages/objects/language_words.txt:10403	word+0x40	PE:RVA=0xee3e90..0xee40b0
NOUN_SINGULAR	CONFEDERACY	confederacy	联盟	data/vanilla/vanilla_languages/objects/language_words.txt:10416	word+0x20	PE:RVA=0xee3e90..0xee40b0
NOUN_PLURAL	CONFEDERACY	confederacies	联盟	data/vanilla/vanilla_languages/objects/language_words.txt:10416	word+0x40	PE:RVA=0xee3e90..0xee40b0
NOUN_SINGULAR	SPEAK	speech	言语	data/vanilla/vanilla_languages/objects/language_words.txt:10425	word+0x20	PE:RVA=0xee3e90..0xee40b0
NOUN_PLURAL	SPEAK	speeches	言语	data/vanilla/vanilla_languages/objects/language_words.txt:10425	word+0x40	PE:RVA=0xee3e90..0xee40b0
NOUN_SINGULAR	SPEAKER	speaker	说话人	data/vanilla/vanilla_languages/objects/language_words.txt:10438	word+0x20	PE:RVA=0xee3e90..0xee40b0
NOUN_PLURAL	SPEAKER	speakers	说话人	data/vanilla/vanilla_languages/objects/language_words.txt:10438	word+0x40	PE:RVA=0xee3e90..0xee40b0
NOUN_SINGULAR	PERSUADE	persuasion	说服	data/vanilla/vanilla_languages/objects/language_words.txt:10448	word+0x20	PE:RVA=0xee3e90..0xee40b0
NOUN_PLURAL	PERSUADE	persuasions	说服	data/vanilla/vanilla_languages/objects/language_words.txt:10448	word+0x40	PE:RVA=0xee3e90..0xee40b0
ADJ	PERSUADE	persuasive	善辩	data/vanilla/vanilla_languages/objects/language_words.txt:10453	word+0x60	PE:RVA=0xee3cf0..0xee3e8f
NOUN_SINGULAR	PERSUADER	persuader	说服者	data/vanilla/vanilla_languages/objects/language_words.txt:10459	word+0x20	PE:RVA=0xee3e90..0xee40b0
NOUN_PLURAL	PERSUADER	persuaders	说服者	data/vanilla/vanilla_languages/objects/language_words.txt:10459	word+0x40	PE:RVA=0xee3e90..0xee40b0
NOUN_SINGULAR	CONTROL	control	控制	data/vanilla/vanilla_languages/objects/language_words.txt:10466	word+0x20	PE:RVA=0xee3e90..0xee40b0
NOUN_PLURAL	CONTROL	controls	控制	data/vanilla/vanilla_languages/objects/language_words.txt:10466	word+0x40	PE:RVA=0xee3e90..0xee40b0
NOUN_SINGULAR	CONTROLLER	controller	控制者	data/vanilla/vanilla_languages/objects/language_words.txt:10480	word+0x20	PE:RVA=0xee3e90..0xee40b0
NOUN_PLURAL	CONTROLLER	controllers	控制者	data/vanilla/vanilla_languages/objects/language_words.txt:10480	word+0x40	PE:RVA=0xee3e90..0xee40b0
NOUN_SINGULAR	WORKER	worker	工人	data/vanilla/vanilla_languages/objects/language_words.txt:10487	word+0x20	PE:RVA=0xee3e90..0xee40b0
NOUN_PLURAL	WORKER	workers	工人	data/vanilla/vanilla_languages/objects/language_words.txt:10487	word+0x40	PE:RVA=0xee3e90..0xee40b0
NOUN_SINGULAR	BASIC	basis	基础	data/vanilla/vanilla_languages/objects/language_words.txt:10497	word+0x20	PE:RVA=0xee3e90..0xee40b0
NOUN_PLURAL	BASIC	bases	基础	data/vanilla/vanilla_languages/objects/language_words.txt:10497	word+0x40	PE:RVA=0xee3e90..0xee40b0
ADJ	BASIC	basic	基本	data/vanilla/vanilla_languages/objects/language_words.txt:10506	word+0x60	PE:RVA=0xee3cf0..0xee3e8f
NOUN_SINGULAR	SYSTEM	system	系统	data/vanilla/vanilla_languages/objects/language_words.txt:10513	word+0x20	PE:RVA=0xee3e90..0xee40b0
NOUN_PLURAL	SYSTEM	systems	系统	data/vanilla/vanilla_languages/objects/language_words.txt:10513	word+0x40	PE:RVA=0xee3e90..0xee40b0
ADJ	SYSTEM	systemic	系统	data/vanilla/vanilla_languages/objects/language_words.txt:10522	word+0x60	PE:RVA=0xee3cf0..0xee3e8f
NOUN_SINGULAR	RAY	ray	光线	data/vanilla/vanilla_languages/objects/language_words.txt:10526	word+0x20	PE:RVA=0xee3e90..0xee40b0
NOUN_PLURAL	RAY	rays	光线	data/vanilla/vanilla_languages/objects/language_words.txt:10526	word+0x40	PE:RVA=0xee3e90..0xee40b0
NOUN_SINGULAR	TARGET	target	目标	data/vanilla/vanilla_languages/objects/language_words.txt:10537	word+0x20	PE:RVA=0xee3e90..0xee40b0
NOUN_PLURAL	TARGET	targets	目标	data/vanilla/vanilla_languages/objects/language_words.txt:10537	word+0x40	PE:RVA=0xee3e90..0xee40b0
NOUN_SINGULAR	BANK	bank	河岸	data/vanilla/vanilla_languages/objects/language_words.txt:10548	word+0x20	PE:RVA=0xee3e90..0xee40b0
NOUN_PLURAL	BANK	banks	河岸	data/vanilla/vanilla_languages/objects/language_words.txt:10548	word+0x40	PE:RVA=0xee3e90..0xee40b0
ADJ	CLEAN	clean	干净	data/vanilla/vanilla_languages/objects/language_words.txt:10558	word+0x60	PE:RVA=0xee3cf0..0xee3e8f
NOUN_SINGULAR	GLORY	glory	光荣	data/vanilla/vanilla_languages/objects/language_words.txt:10575	word+0x20	PE:RVA=0xee3e90..0xee40b0
NOUN_PLURAL	GLORY	glories	光荣	data/vanilla/vanilla_languages/objects/language_words.txt:10575	word+0x40	PE:RVA=0xee3e90..0xee40b0
ADJ	GLORY	glorious	光荣	data/vanilla/vanilla_languages/objects/language_words.txt:10585	word+0x60	PE:RVA=0xee3cf0..0xee3e8f
ADJ	DISMAL	dismal	阴沉	data/vanilla/vanilla_languages/objects/language_words.txt:10591	word+0x60	PE:RVA=0xee3cf0..0xee3e8f
NOUN_SINGULAR	RADIANCE	radiance	光辉	data/vanilla/vanilla_languages/objects/language_words.txt:10598	word+0x20	PE:RVA=0xee3e90..0xee40b0
NOUN_PLURAL	RADIANCE	radiances	光辉	data/vanilla/vanilla_languages/objects/language_words.txt:10598	word+0x40	PE:RVA=0xee3e90..0xee40b0
ADJ	RADIANCE	radiant	发光	data/vanilla/vanilla_languages/objects/language_words.txt:10604	word+0x60	PE:RVA=0xee3cf0..0xee3e8f
NOUN_SINGULAR	PINE	pine	松树	data/vanilla/vanilla_languages/objects/language_words.txt:10609	word+0x20	PE:RVA=0xee3e90..0xee40b0
NOUN_PLURAL	PINE	pines	松树	data/vanilla/vanilla_languages/objects/language_words.txt:10609	word+0x40	PE:RVA=0xee3e90..0xee40b0
NOUN_SINGULAR	MESSIAH	messiah	救世主	data/vanilla/vanilla_languages/objects/language_words.txt:10621	word+0x20	PE:RVA=0xee3e90..0xee40b0
NOUN_PLURAL	MESSIAH	messiahs	救世主	data/vanilla/vanilla_languages/objects/language_words.txt:10621	word+0x40	PE:RVA=0xee3e90..0xee40b0
ADJ	MESSIAH	messianic	弥赛亚	data/vanilla/vanilla_languages/objects/language_words.txt:10627	word+0x60	PE:RVA=0xee3cf0..0xee3e8f
NOUN_SINGULAR	CRAFT	craft	技艺	data/vanilla/vanilla_languages/objects/language_words.txt:10632	word+0x20	PE:RVA=0xee3e90..0xee40b0
NOUN_PLURAL	CRAFT	crafts	技艺	data/vanilla/vanilla_languages/objects/language_words.txt:10632	word+0x40	PE:RVA=0xee3e90..0xee40b0
NOUN_SINGULAR	LABOR	labor	劳动	data/vanilla/vanilla_languages/objects/language_words.txt:10646	word+0x20	PE:RVA=0xee3e90..0xee40b0
NOUN_PLURAL	LABOR	labors	劳动	data/vanilla/vanilla_languages/objects/language_words.txt:10646	word+0x40	PE:RVA=0xee3e90..0xee40b0
ADJ	LABOR	laborious	艰苦	data/vanilla/vanilla_languages/objects/language_words.txt:10655	word+0x60	PE:RVA=0xee3cf0..0xee3e8f
NOUN_SINGULAR	DISCOVER	discovery	发现	data/vanilla/vanilla_languages/objects/language_words.txt:10662	word+0x20	PE:RVA=0xee3e90..0xee40b0
NOUN_PLURAL	DISCOVER	discoveries	发现	data/vanilla/vanilla_languages/objects/language_words.txt:10662	word+0x40	PE:RVA=0xee3e90..0xee40b0
NOUN_SINGULAR	PROLIFERATE	proliferation	增殖	data/vanilla/vanilla_languages/objects/language_words.txt:10671	word+0x20	PE:RVA=0xee3e90..0xee40b0
NOUN_PLURAL	PROLIFERATE	proliferations	增殖	data/vanilla/vanilla_languages/objects/language_words.txt:10671	word+0x40	PE:RVA=0xee3e90..0xee40b0
NOUN_SINGULAR	CHUNK	chunk	块	data/vanilla/vanilla_languages/objects/language_words.txt:10679	word+0x20	PE:RVA=0xee3e90..0xee40b0
NOUN_PLURAL	CHUNK	chunks	块	data/vanilla/vanilla_languages/objects/language_words.txt:10679	word+0x40	PE:RVA=0xee3e90..0xee40b0
ADJ	CHUNK	chunky	矮胖	data/vanilla/vanilla_languages/objects/language_words.txt:10687	word+0x60	PE:RVA=0xee3cf0..0xee3e8f
ADJ	SLIP	slippery	湿滑	data/vanilla/vanilla_languages/objects/language_words.txt:10694	word+0x60	PE:RVA=0xee3cf0..0xee3e8f
ADJ	SINGLE	single	单一	data/vanilla/vanilla_languages/objects/language_words.txt:10705	word+0x60	PE:RVA=0xee3cf0..0xee3e8f
NOUN_SINGULAR	PICK	pick	鹤嘴锄	data/vanilla/vanilla_languages/objects/language_words.txt:10712	word+0x20	PE:RVA=0xee3e90..0xee40b0
NOUN_PLURAL	PICK	picks	鹤嘴锄	data/vanilla/vanilla_languages/objects/language_words.txt:10712	word+0x40	PE:RVA=0xee3e90..0xee40b0
NOUN_SINGULAR	TONGS	tongs	钳子	data/vanilla/vanilla_languages/objects/language_words.txt:10722	word+0x20	PE:RVA=0xee3e90..0xee40b0
NOUN_PLURAL	TONGS	tongs	钳子	data/vanilla/vanilla_languages/objects/language_words.txt:10722	word+0x40	PE:RVA=0xee3e90..0xee40b0
NOUN_SINGULAR	PERMANENCY	permanency	永恒	data/vanilla/vanilla_languages/objects/language_words.txt:10735	word+0x20	PE:RVA=0xee3e90..0xee40b0
NOUN_PLURAL	PERMANENCY	permanencies	永恒	data/vanilla/vanilla_languages/objects/language_words.txt:10735	word+0x40	PE:RVA=0xee3e90..0xee40b0
ADJ	PERMANENCY	permanent	永久	data/vanilla/vanilla_languages/objects/language_words.txt:10741	word+0x60	PE:RVA=0xee3cf0..0xee3e8f
NOUN_SINGULAR	RESPONSIBLE	responsibility	责任	data/vanilla/vanilla_languages/objects/language_words.txt:10746	word+0x20	PE:RVA=0xee3e90..0xee40b0
NOUN_PLURAL	RESPONSIBLE	responsibilities	责任	data/vanilla/vanilla_languages/objects/language_words.txt:10746	word+0x40	PE:RVA=0xee3e90..0xee40b0
ADJ	RESPONSIBLE	responsible	有责任	data/vanilla/vanilla_languages/objects/language_words.txt:10752	word+0x60	PE:RVA=0xee3cf0..0xee3e8f
NOUN_SINGULAR	REQUIRE	requirement	需求	data/vanilla/vanilla_languages/objects/language_words.txt:10757	word+0x20	PE:RVA=0xee3e90..0xee40b0
NOUN_PLURAL	REQUIRE	requirements	需求	data/vanilla/vanilla_languages/objects/language_words.txt:10757	word+0x40	PE:RVA=0xee3e90..0xee40b0
NOUN_SINGULAR	ROOTVERB	rooter	拔根者	data/vanilla/vanilla_languages/objects/language_words.txt:10765	word+0x20	PE:RVA=0xee3e90..0xee40b0
NOUN_PLURAL	ROOTVERB	rooters	拔根者	data/vanilla/vanilla_languages/objects/language_words.txt:10765	word+0x40	PE:RVA=0xee3e90..0xee40b0
NOUN_SINGULAR	BLIZZARD	blizzard	大风雪	data/vanilla/vanilla_languages/objects/language_words.txt:10777	word+0x20	PE:RVA=0xee3e90..0xee40b0
NOUN_PLURAL	BLIZZARD	blizzards	大风雪	data/vanilla/vanilla_languages/objects/language_words.txt:10777	word+0x40	PE:RVA=0xee3e90..0xee40b0
NOUN_SINGULAR	GENERAL	general	将军	data/vanilla/vanilla_languages/objects/language_words.txt:10787	word+0x20	PE:RVA=0xee3e90..0xee40b0
NOUN_PLURAL	GENERAL	generals	将军	data/vanilla/vanilla_languages/objects/language_words.txt:10787	word+0x40	PE:RVA=0xee3e90..0xee40b0
NOUN_SINGULAR	MEMORY	memory	记忆	data/vanilla/vanilla_languages/objects/language_words.txt:10794	word+0x20	PE:RVA=0xee3e90..0xee40b0
NOUN_PLURAL	MEMORY	memories	记忆	data/vanilla/vanilla_languages/objects/language_words.txt:10794	word+0x40	PE:RVA=0xee3e90..0xee40b0
NOUN_SINGULAR	CONSTRUCT	construct	构成物	data/vanilla/vanilla_languages/objects/language_words.txt:10802	word+0x20	PE:RVA=0xee3e90..0xee40b0
NOUN_PLURAL	CONSTRUCT	constructs	构成物	data/vanilla/vanilla_languages/objects/language_words.txt:10802	word+0x40	PE:RVA=0xee3e90..0xee40b0
ADJ	CONSTRUCT	constructive	建设性	data/vanilla/vanilla_languages/objects/language_words.txt:10810	word+0x60	PE:RVA=0xee3cf0..0xee3e8f
NOUN_SINGULAR	LAMB	lamb	小羊	data/vanilla/vanilla_languages/objects/language_words.txt:10816	word+0x20	PE:RVA=0xee3e90..0xee40b0
NOUN_PLURAL	LAMB	lambs	小羊	data/vanilla/vanilla_languages/objects/language_words.txt:10816	word+0x40	PE:RVA=0xee3e90..0xee40b0
NOUN_SINGULAR	TOAST	toast	吐司	data/vanilla/vanilla_languages/objects/language_words.txt:10827	word+0x20	PE:RVA=0xee3e90..0xee40b0
NOUN_PLURAL	TOAST	toasts	吐司	data/vanilla/vanilla_languages/objects/language_words.txt:10827	word+0x40	PE:RVA=0xee3e90..0xee40b0
ADJ	GROSS	gross	恶心	data/vanilla/vanilla_languages/objects/language_words.txt:10839	word+0x60	PE:RVA=0xee3cf0..0xee3e8f
NOUN_SINGULAR	PADDLE	paddle	桨	data/vanilla/vanilla_languages/objects/language_words.txt:10846	word+0x20	PE:RVA=0xee3e90..0xee40b0
NOUN_PLURAL	PADDLE	paddles	桨	data/vanilla/vanilla_languages/objects/language_words.txt:10846	word+0x40	PE:RVA=0xee3e90..0xee40b0
NOUN_SINGULAR	COUNCIL	council	议会	data/vanilla/vanilla_languages/objects/language_words.txt:10858	word+0x20	PE:RVA=0xee3e90..0xee40b0
NOUN_PLURAL	COUNCIL	councils	议会	data/vanilla/vanilla_languages/objects/language_words.txt:10858	word+0x40	PE:RVA=0xee3e90..0xee40b0
NOUN_SINGULAR	COUNSEL	counsellor	顾问	data/vanilla/vanilla_languages/objects/language_words.txt:10867	word+0x20	PE:RVA=0xee3e90..0xee40b0
NOUN_PLURAL	COUNSEL	counsellors	顾问	data/vanilla/vanilla_languages/objects/language_words.txt:10867	word+0x40	PE:RVA=0xee3e90..0xee40b0
ADJ	GNARLED	gnarled	多节	data/vanilla/vanilla_languages/objects/language_words.txt:10876	word+0x60	PE:RVA=0xee3cf0..0xee3e8f
NOUN_SINGULAR	STUMP	stump	残株	data/vanilla/vanilla_languages/objects/language_words.txt:10882	word+0x20	PE:RVA=0xee3e90..0xee40b0
NOUN_PLURAL	STUMP	stumps	残株	data/vanilla/vanilla_languages/objects/language_words.txt:10882	word+0x40	PE:RVA=0xee3e90..0xee40b0
NOUN_SINGULAR	NAUGHTY	naughtiness	顽皮	data/vanilla/vanilla_languages/objects/language_words.txt:10891	word+0x20	PE:RVA=0xee3e90..0xee40b0
ADJ	NAUGHTY	naughty	顽皮	data/vanilla/vanilla_languages/objects/language_words.txt:10894	word+0x60	PE:RVA=0xee3cf0..0xee3e8f
NOUN_SINGULAR	PLAY FUN	play	游戏	data/vanilla/vanilla_languages/objects/language_words.txt:10899	word+0x20	PE:RVA=0xee3e90..0xee40b0
ADJ	PLAY FUN	playful	爱打趣	data/vanilla/vanilla_languages/objects/language_words.txt:10904	word+0x60	PE:RVA=0xee3cf0..0xee3e8f
NOUN_SINGULAR	PLAY PERFORM	play	戏剧	data/vanilla/vanilla_languages/objects/language_words.txt:10911	word+0x20	PE:RVA=0xee3e90..0xee40b0
NOUN_PLURAL	PLAY PERFORM	plays	戏剧	data/vanilla/vanilla_languages/objects/language_words.txt:10911	word+0x40	PE:RVA=0xee3e90..0xee40b0
NOUN_SINGULAR	FLIMSY	flimsiness	脆弱	data/vanilla/vanilla_languages/objects/language_words.txt:10921	word+0x20	PE:RVA=0xee3e90..0xee40b0
ADJ	FLIMSY	flimsy	易坏	data/vanilla/vanilla_languages/objects/language_words.txt:10924	word+0x60	PE:RVA=0xee3cf0..0xee3e8f
ADJ	GREATER	greater	更伟大	data/vanilla/vanilla_languages/objects/language_words.txt:10929	word+0x60	PE:RVA=0xee3cf0..0xee3e8f
ADJ	GREATEST	greatest	最伟大	data/vanilla/vanilla_languages/objects/language_words.txt:10934	word+0x60	PE:RVA=0xee3cf0..0xee3e8f
ADJ	LESSER	lesser	较少	data/vanilla/vanilla_languages/objects/language_words.txt:10939	word+0x60	PE:RVA=0xee3cf0..0xee3e8f
ADJ	LEAST	least	最少	data/vanilla/vanilla_languages/objects/language_words.txt:10944	word+0x60	PE:RVA=0xee3cf0..0xee3e8f
NOUN_SINGULAR	BEARD	beard	胡须	data/vanilla/vanilla_languages/objects/language_words.txt:10949	word+0x20	PE:RVA=0xee3e90..0xee40b0
NOUN_PLURAL	BEARD	beards	胡须	data/vanilla/vanilla_languages/objects/language_words.txt:10949	word+0x40	PE:RVA=0xee3e90..0xee40b0
ADJ	BEARD	bearded	有须	data/vanilla/vanilla_languages/objects/language_words.txt:10956	word+0x60	PE:RVA=0xee3cf0..0xee3e8f
NOUN_SINGULAR	DREAD	dread	恐惧	data/vanilla/vanilla_languages/objects/language_words.txt:10962	word+0x20	PE:RVA=0xee3e90..0xee40b0
ADJ	DREAD	dreadful	可怕	data/vanilla/vanilla_languages/objects/language_words.txt:10968	word+0x60	PE:RVA=0xee3cf0..0xee3e8f
NOUN_SINGULAR	WALL	wall	墙	data/vanilla/vanilla_languages/objects/language_words.txt:10974	word+0x20	PE:RVA=0xee3e90..0xee40b0
NOUN_PLURAL	WALL	walls	墙	data/vanilla/vanilla_languages/objects/language_words.txt:10974	word+0x40	PE:RVA=0xee3e90..0xee40b0
ADJ	WALL	walled	有城墙	data/vanilla/vanilla_languages/objects/language_words.txt:10981	word+0x60	PE:RVA=0xee3cf0..0xee3e8f
NOUN_SINGULAR	TAX	tax	税	data/vanilla/vanilla_languages/objects/language_words.txt:10991	word+0x20	PE:RVA=0xee3e90..0xee40b0
NOUN_PLURAL	TAX	taxes	税	data/vanilla/vanilla_languages/objects/language_words.txt:10991	word+0x40	PE:RVA=0xee3e90..0xee40b0
NOUN_SINGULAR	FRAGRANCE	fragrance	芬芳	data/vanilla/vanilla_languages/objects/language_words.txt:11002	word+0x20	PE:RVA=0xee3e90..0xee40b0
NOUN_PLURAL	FRAGRANCE	fragrances	芬芳	data/vanilla/vanilla_languages/objects/language_words.txt:11002	word+0x40	PE:RVA=0xee3e90..0xee40b0
ADJ	FRAGRANCE	fragrant	芬香	data/vanilla/vanilla_languages/objects/language_words.txt:11008	word+0x60	PE:RVA=0xee3cf0..0xee3e8f
NOUN_SINGULAR	LANTERN	lantern	灯笼	data/vanilla/vanilla_languages/objects/language_words.txt:11013	word+0x20	PE:RVA=0xee3e90..0xee40b0
NOUN_PLURAL	LANTERN	lanterns	灯笼	data/vanilla/vanilla_languages/objects/language_words.txt:11013	word+0x40	PE:RVA=0xee3e90..0xee40b0
NOUN_SINGULAR	TORCH	torch	火把	data/vanilla/vanilla_languages/objects/language_words.txt:11022	word+0x20	PE:RVA=0xee3e90..0xee40b0
NOUN_PLURAL	TORCH	torches	火把	data/vanilla/vanilla_languages/objects/language_words.txt:11022	word+0x40	PE:RVA=0xee3e90..0xee40b0
NOUN_SINGULAR	WATER	water	水	data/vanilla/vanilla_languages/objects/language_words.txt:11031	word+0x20	PE:RVA=0xee3e90..0xee40b0
NOUN_PLURAL	WATER	waters	水	data/vanilla/vanilla_languages/objects/language_words.txt:11031	word+0x40	PE:RVA=0xee3e90..0xee40b0
NOUN_SINGULAR	WINE	wine	果酒	data/vanilla/vanilla_languages/objects/language_words.txt:11041	word+0x20	PE:RVA=0xee3e90..0xee40b0
NOUN_PLURAL	WINE	wines	果酒	data/vanilla/vanilla_languages/objects/language_words.txt:11041	word+0x40	PE:RVA=0xee3e90..0xee40b0
NOUN_SINGULAR	LINE	line	列	data/vanilla/vanilla_languages/objects/language_words.txt:11051	word+0x20	PE:RVA=0xee3e90..0xee40b0
NOUN_PLURAL	LINE	lines	列	data/vanilla/vanilla_languages/objects/language_words.txt:11051	word+0x40	PE:RVA=0xee3e90..0xee40b0
ADJ	LINE	lined	有内衬	data/vanilla/vanilla_languages/objects/language_words.txt:11058	word+0x60	PE:RVA=0xee3cf0..0xee3e8f
NOUN_SINGULAR	MINE	mine	矿	data/vanilla/vanilla_languages/objects/language_words.txt:11064	word+0x20	PE:RVA=0xee3e90..0xee40b0
NOUN_PLURAL	MINE	mines	矿	data/vanilla/vanilla_languages/objects/language_words.txt:11064	word+0x40	PE:RVA=0xee3e90..0xee40b0
NOUN_SINGULAR	WAX	wax	蜡	data/vanilla/vanilla_languages/objects/language_words.txt:11076	word+0x20	PE:RVA=0xee3e90..0xee40b0
NOUN_PLURAL	WAX	waxes	蜡	data/vanilla/vanilla_languages/objects/language_words.txt:11076	word+0x40	PE:RVA=0xee3e90..0xee40b0
ADJ	WAX	waxy	蜡制	data/vanilla/vanilla_languages/objects/language_words.txt:11084	word+0x60	PE:RVA=0xee3cf0..0xee3e8f
NOUN_SINGULAR	SHOVE	shove	推	data/vanilla/vanilla_languages/objects/language_words.txt:11091	word+0x20	PE:RVA=0xee3e90..0xee40b0
NOUN_PLURAL	SHOVE	shoves	推	data/vanilla/vanilla_languages/objects/language_words.txt:11091	word+0x40	PE:RVA=0xee3e90..0xee40b0
NOUN_SINGULAR	SHOVEL	shovel	铲	data/vanilla/vanilla_languages/objects/language_words.txt:11101	word+0x20	PE:RVA=0xee3e90..0xee40b0
NOUN_PLURAL	SHOVEL	shovels	铲	data/vanilla/vanilla_languages/objects/language_words.txt:11101	word+0x40	PE:RVA=0xee3e90..0xee40b0
NOUN_SINGULAR	WRACK	wrack	毁坏	data/vanilla/vanilla_languages/objects/language_words.txt:11116	word+0x20	PE:RVA=0xee3e90..0xee40b0
NOUN_SINGULAR	GLITTER	glitter	闪光	data/vanilla/vanilla_languages/objects/language_words.txt:11124	word+0x20	PE:RVA=0xee3e90..0xee40b0
ADJ	GLITTER	glittery	闪光	data/vanilla/vanilla_languages/objects/language_words.txt:11129	word+0x60	PE:RVA=0xee3cf0..0xee3e8f
NOUN_SINGULAR	SPARK	spark	火花	data/vanilla/vanilla_languages/objects/language_words.txt:11135	word+0x20	PE:RVA=0xee3e90..0xee40b0
NOUN_PLURAL	SPARK	sparks	火花	data/vanilla/vanilla_languages/objects/language_words.txt:11135	word+0x40	PE:RVA=0xee3e90..0xee40b0
NOUN_SINGULAR	SPARKLE	sparkle	闪耀	data/vanilla/vanilla_languages/objects/language_words.txt:11144	word+0x20	PE:RVA=0xee3e90..0xee40b0
NOUN_PLURAL	SPARKLE	sparkles	闪耀	data/vanilla/vanilla_languages/objects/language_words.txt:11144	word+0x40	PE:RVA=0xee3e90..0xee40b0
NOUN_SINGULAR	FLASH	flash	闪光	data/vanilla/vanilla_languages/objects/language_words.txt:11155	word+0x20	PE:RVA=0xee3e90..0xee40b0
NOUN_PLURAL	FLASH	flashes	闪光	data/vanilla/vanilla_languages/objects/language_words.txt:11155	word+0x40	PE:RVA=0xee3e90..0xee40b0
NOUN_SINGULAR	GLEAM	gleam	光束	data/vanilla/vanilla_languages/objects/language_words.txt:11166	word+0x20	PE:RVA=0xee3e90..0xee40b0
NOUN_PLURAL	GLEAM	gleams	光束	data/vanilla/vanilla_languages/objects/language_words.txt:11166	word+0x40	PE:RVA=0xee3e90..0xee40b0
NOUN_SINGULAR	SAVANT	savant	学者	data/vanilla/vanilla_languages/objects/language_words.txt:11185	word+0x20	PE:RVA=0xee3e90..0xee40b0
NOUN_PLURAL	SAVANT	savants	学者	data/vanilla/vanilla_languages/objects/language_words.txt:11185	word+0x40	PE:RVA=0xee3e90..0xee40b0
NOUN_SINGULAR	ROAR	roar	吼	data/vanilla/vanilla_languages/objects/language_words.txt:11194	word+0x20	PE:RVA=0xee3e90..0xee40b0
NOUN_PLURAL	ROAR	roars	吼	data/vanilla/vanilla_languages/objects/language_words.txt:11194	word+0x40	PE:RVA=0xee3e90..0xee40b0
NOUN_SINGULAR	YELL	yell	叫声	data/vanilla/vanilla_languages/objects/language_words.txt:11206	word+0x20	PE:RVA=0xee3e90..0xee40b0
NOUN_PLURAL	YELL	yells	叫声	data/vanilla/vanilla_languages/objects/language_words.txt:11206	word+0x40	PE:RVA=0xee3e90..0xee40b0
NOUN_SINGULAR	ECHO	echo	回声	data/vanilla/vanilla_languages/objects/language_words.txt:11218	word+0x20	PE:RVA=0xee3e90..0xee40b0
NOUN_PLURAL	ECHO	echoes	回声	data/vanilla/vanilla_languages/objects/language_words.txt:11218	word+0x40	PE:RVA=0xee3e90..0xee40b0
NOUN_SINGULAR	HOLLOW	hollow	洞	data/vanilla/vanilla_languages/objects/language_words.txt:11229	word+0x20	PE:RVA=0xee3e90..0xee40b0
NOUN_PLURAL	HOLLOW	hollows	洞	data/vanilla/vanilla_languages/objects/language_words.txt:11229	word+0x40	PE:RVA=0xee3e90..0xee40b0
ADJ	HOLLOW	hollow	空	data/vanilla/vanilla_languages/objects/language_words.txt:11236	word+0x60	PE:RVA=0xee3cf0..0xee3e8f
ADJ	FULL	full	充满	data/vanilla/vanilla_languages/objects/language_words.txt:11243	word+0x60	PE:RVA=0xee3cf0..0xee3e8f
NOUN_SINGULAR	EMPTY	emptiness	空虚	data/vanilla/vanilla_languages/objects/language_words.txt:11251	word+0x20	PE:RVA=0xee3e90..0xee40b0
ADJ	EMPTY	empty	空	data/vanilla/vanilla_languages/objects/language_words.txt:11253	word+0x60	PE:RVA=0xee3cf0..0xee3e8f
NOUN_SINGULAR	WORD	word	词	data/vanilla/vanilla_languages/objects/language_words.txt:11262	word+0x20	PE:RVA=0xee3e90..0xee40b0
NOUN_PLURAL	WORD	words	词	data/vanilla/vanilla_languages/objects/language_words.txt:11262	word+0x40	PE:RVA=0xee3e90..0xee40b0
ADJ	WORD	wordy	罗唆	data/vanilla/vanilla_languages/objects/language_words.txt:11270	word+0x60	PE:RVA=0xee3cf0..0xee3e8f
NOUN_SINGULAR	INTENSE	intensity	强烈	data/vanilla/vanilla_languages/objects/language_words.txt:11276	word+0x20	PE:RVA=0xee3e90..0xee40b0
ADJ	INTENSE	intense	强烈	data/vanilla/vanilla_languages/objects/language_words.txt:11279	word+0x60	PE:RVA=0xee3cf0..0xee3e8f
NOUN_SINGULAR	SAD	sadness	悲哀	data/vanilla/vanilla_languages/objects/language_words.txt:11285	word+0x20	PE:RVA=0xee3e90..0xee40b0
NOUN_PLURAL	SAD	sadnesses	悲哀	data/vanilla/vanilla_languages/objects/language_words.txt:11285	word+0x40	PE:RVA=0xee3e90..0xee40b0
ADJ	SAD	sad	忧愁	data/vanilla/vanilla_languages/objects/language_words.txt:11291	word+0x60	PE:RVA=0xee3cf0..0xee3e8f
NOUN_SINGULAR	GLAD	gladness	欢乐	data/vanilla/vanilla_languages/objects/language_words.txt:11297	word+0x20	PE:RVA=0xee3e90..0xee40b0
ADJ	GLAD	glad	高兴	data/vanilla/vanilla_languages/objects/language_words.txt:11302	word+0x60	PE:RVA=0xee3cf0..0xee3e8f
NOUN_SINGULAR	TRAGEDY	tragedy	悲剧	data/vanilla/vanilla_languages/objects/language_words.txt:11308	word+0x20	PE:RVA=0xee3e90..0xee40b0
NOUN_PLURAL	TRAGEDY	tragedies	悲剧	data/vanilla/vanilla_languages/objects/language_words.txt:11308	word+0x40	PE:RVA=0xee3e90..0xee40b0
ADJ	TRAGEDY	tragic	悲惨	data/vanilla/vanilla_languages/objects/language_words.txt:11313	word+0x60	PE:RVA=0xee3cf0..0xee3e8f
NOUN_SINGULAR	BELL	bell	铃	data/vanilla/vanilla_languages/objects/language_words.txt:11319	word+0x20	PE:RVA=0xee3e90..0xee40b0
NOUN_PLURAL	BELL	bells	铃	data/vanilla/vanilla_languages/objects/language_words.txt:11319	word+0x40	PE:RVA=0xee3e90..0xee40b0
NOUN_SINGULAR	BELLY	belly	腹部	data/vanilla/vanilla_languages/objects/language_words.txt:11329	word+0x20	PE:RVA=0xee3e90..0xee40b0
NOUN_PLURAL	BELLY	bellies	腹部	data/vanilla/vanilla_languages/objects/language_words.txt:11329	word+0x40	PE:RVA=0xee3e90..0xee40b0
NOUN_SINGULAR	TUMMY	tummy	肚子	data/vanilla/vanilla_languages/objects/language_words.txt:11338	word+0x20	PE:RVA=0xee3e90..0xee40b0
NOUN_PLURAL	TUMMY	tummies	肚子	data/vanilla/vanilla_languages/objects/language_words.txt:11338	word+0x40	PE:RVA=0xee3e90..0xee40b0
NOUN_SINGULAR	SHOCK	shock	震撼	data/vanilla/vanilla_languages/objects/language_words.txt:11347	word+0x20	PE:RVA=0xee3e90..0xee40b0
NOUN_PLURAL	SHOCK	shocks	震撼	data/vanilla/vanilla_languages/objects/language_words.txt:11347	word+0x40	PE:RVA=0xee3e90..0xee40b0
ADJ	PONDEROUS	ponderous	沉重	data/vanilla/vanilla_languages/objects/language_words.txt:11362	word+0x60	PE:RVA=0xee3cf0..0xee3e8f
NOUN_SINGULAR	HEAVEN	heaven	天堂	data/vanilla/vanilla_languages/objects/language_words.txt:11366	word+0x20	PE:RVA=0xee3e90..0xee40b0
NOUN_PLURAL	HEAVEN	heavens	天堂	data/vanilla/vanilla_languages/objects/language_words.txt:11366	word+0x40	PE:RVA=0xee3e90..0xee40b0
ADJ	HEAVEN	heavenly	天上	data/vanilla/vanilla_languages/objects/language_words.txt:11375	word+0x60	PE:RVA=0xee3cf0..0xee3e8f
ADJ	ROUND	round	圆	data/vanilla/vanilla_languages/objects/language_words.txt:11379	word+0x60	PE:RVA=0xee3cf0..0xee3e8f
ADJ	ROUNDED	rounded	圆形	data/vanilla/vanilla_languages/objects/language_words.txt:11385	word+0x60	PE:RVA=0xee3cf0..0xee3e8f
ADJ	UNSPEAKABLE	unspeakable	难以言说	data/vanilla/vanilla_languages/objects/language_words.txt:11391	word+0x60	PE:RVA=0xee3cf0..0xee3e8f
ADJ	UNTHINKABLE	unthinkable	难以想象	data/vanilla/vanilla_languages/objects/language_words.txt:11395	word+0x60	PE:RVA=0xee3cf0..0xee3e8f
ADJ	UNNAMEABLE	unnameable	不可名状	data/vanilla/vanilla_languages/objects/language_words.txt:11399	word+0x60	PE:RVA=0xee3cf0..0xee3e8f
NOUN_SINGULAR	CALAMITY	calamity	灾难	data/vanilla/vanilla_languages/objects/language_words.txt:11403	word+0x20	PE:RVA=0xee3e90..0xee40b0
NOUN_PLURAL	CALAMITY	calamities	灾难	data/vanilla/vanilla_languages/objects/language_words.txt:11403	word+0x40	PE:RVA=0xee3e90..0xee40b0
ADJ	CALAMITY	calamitous	灾难性	data/vanilla/vanilla_languages/objects/language_words.txt:11407	word+0x60	PE:RVA=0xee3cf0..0xee3e8f
ADJ	CYCLOPEAN	cyclopean	巨石	data/vanilla/vanilla_languages/objects/language_words.txt:11411	word+0x60	PE:RVA=0xee3cf0..0xee3e8f
ADJ	TAME	tame	驯服	data/vanilla/vanilla_languages/objects/language_words.txt:11415	word+0x60	PE:RVA=0xee3cf0..0xee3e8f
ADJ	UNTAMED	untamed	野性	data/vanilla/vanilla_languages/objects/language_words.txt:11423	word+0x60	PE:RVA=0xee3cf0..0xee3e8f
NOUN_SINGULAR	METEOR	meteor	流星	data/vanilla/vanilla_languages/objects/language_words.txt:11431	word+0x20	PE:RVA=0xee3e90..0xee40b0
NOUN_PLURAL	METEOR	meteors	流星	data/vanilla/vanilla_languages/objects/language_words.txt:11431	word+0x40	PE:RVA=0xee3e90..0xee40b0
ADJ	TRITE	trite	老一套	data/vanilla/vanilla_languages/objects/language_words.txt:11437	word+0x60	PE:RVA=0xee3cf0..0xee3e8f
NOUN_SINGULAR	TRIFLE	trifle	琐事	data/vanilla/vanilla_languages/objects/language_words.txt:11443	word+0x20	PE:RVA=0xee3e90..0xee40b0
NOUN_PLURAL	TRIFLE	trifles	琐事	data/vanilla/vanilla_languages/objects/language_words.txt:11443	word+0x40	PE:RVA=0xee3e90..0xee40b0
ADJ	TRIFLE	trifling	微不足道	data/vanilla/vanilla_languages/objects/language_words.txt:11449	word+0x60	PE:RVA=0xee3cf0..0xee3e8f
ADJ	RANK	rank	腐臭	data/vanilla/vanilla_languages/objects/language_words.txt:11454	word+0x60	PE:RVA=0xee3cf0..0xee3e8f
NOUN_SINGULAR	RANCOR	rancor	敌意	data/vanilla/vanilla_languages/objects/language_words.txt:11461	word+0x20	PE:RVA=0xee3e90..0xee40b0
ADJ	RANCOR	rancorous	深恨	data/vanilla/vanilla_languages/objects/language_words.txt:11466	word+0x60	PE:RVA=0xee3cf0..0xee3e8f
NOUN_SINGULAR	BITTER	bitterness	苦味	data/vanilla/vanilla_languages/objects/language_words.txt:11470	word+0x20	PE:RVA=0xee3e90..0xee40b0
ADJ	BITTER	bitter	苦	data/vanilla/vanilla_languages/objects/language_words.txt:11473	word+0x60	PE:RVA=0xee3cf0..0xee3e8f
NOUN_SINGULAR	SOUR	sourness	酸味	data/vanilla/vanilla_languages/objects/language_words.txt:11479	word+0x20	PE:RVA=0xee3e90..0xee40b0
ADJ	SOUR	sour	酸	data/vanilla/vanilla_languages/objects/language_words.txt:11482	word+0x60	PE:RVA=0xee3cf0..0xee3e8f
NOUN_SINGULAR	DANGER	danger	危险	data/vanilla/vanilla_languages/objects/language_words.txt:11488	word+0x20	PE:RVA=0xee3e90..0xee40b0
NOUN_PLURAL	DANGER	dangers	危险	data/vanilla/vanilla_languages/objects/language_words.txt:11488	word+0x40	PE:RVA=0xee3e90..0xee40b0
ADJ	DANGER	dangerous	危险	data/vanilla/vanilla_languages/objects/language_words.txt:11496	word+0x60	PE:RVA=0xee3cf0..0xee3e8f
ADJ	IMPERVIOUS	impervious	透不过	data/vanilla/vanilla_languages/objects/language_words.txt:11500	word+0x60	PE:RVA=0xee3cf0..0xee3e8f
ADJ	UNSWERVING	unswerving	不歪	data/vanilla/vanilla_languages/objects/language_words.txt:11504	word+0x60	PE:RVA=0xee3cf0..0xee3e8f
NOUN_SINGULAR	LUXURY	luxury	奢侈	data/vanilla/vanilla_languages/objects/language_words.txt:11512	word+0x20	PE:RVA=0xee3e90..0xee40b0
NOUN_PLURAL	LUXURY	luxuries	奢侈	data/vanilla/vanilla_languages/objects/language_words.txt:11512	word+0x40	PE:RVA=0xee3e90..0xee40b0
ADJ	LUXURY	luxurious	豪华	data/vanilla/vanilla_languages/objects/language_words.txt:11517	word+0x60	PE:RVA=0xee3cf0..0xee3e8f
NOUN_SINGULAR	EUPHORIA	euphoria	兴奋	data/vanilla/vanilla_languages/objects/language_words.txt:11521	word+0x20	PE:RVA=0xee3e90..0xee40b0
ADJ	EUPHORIA	euphoric	欣快症	data/vanilla/vanilla_languages/objects/language_words.txt:11524	word+0x60	PE:RVA=0xee3cf0..0xee3e8f
ADJ	SCINTILLATE	scintillating	闪耀	data/vanilla/vanilla_languages/objects/language_words.txt:11528	word+0x60	PE:RVA=0xee3cf0..0xee3e8f
ADJ	DIVINE	divine	神	data/vanilla/vanilla_languages/objects/language_words.txt:11533	word+0x60	PE:RVA=0xee3cf0..0xee3e8f
ADJ	TAINT	tainted	腐坏	data/vanilla/vanilla_languages/objects/language_words.txt:11542	word+0x60	PE:RVA=0xee3cf0..0xee3e8f
NOUN_SINGULAR	CORRUPT	corruption	腐败	data/vanilla/vanilla_languages/objects/language_words.txt:11550	word+0x20	PE:RVA=0xee3e90..0xee40b0
ADJ	CORRUPT	corrupt	腐败	data/vanilla/vanilla_languages/objects/language_words.txt:11553	word+0x60	PE:RVA=0xee3cf0..0xee3e8f
ADJ	MALIGN SLANDER V	maligned	被谤	data/vanilla/vanilla_languages/objects/language_words.txt:11560	word+0x60	PE:RVA=0xee3cf0..0xee3e8f
ADJ	MALIGN ADJ	malign	有害	data/vanilla/vanilla_languages/objects/language_words.txt:11568	word+0x60	PE:RVA=0xee3cf0..0xee3e8f
ADJ	MALIGNANT	malignant	有恶意	data/vanilla/vanilla_languages/objects/language_words.txt:11574	word+0x60	PE:RVA=0xee3cf0..0xee3e8f
NOUN_SINGULAR	TRUST	trust	信任	data/vanilla/vanilla_languages/objects/language_words.txt:11578	word+0x20	PE:RVA=0xee3e90..0xee40b0
NOUN_SINGULAR	DISTRUST	distrust	不信任	data/vanilla/vanilla_languages/objects/language_words.txt:11587	word+0x20	PE:RVA=0xee3e90..0xee40b0
ADJ	TRUSTWORTHY	trustworthy	可信赖	data/vanilla/vanilla_languages/objects/language_words.txt:11595	word+0x60	PE:RVA=0xee3cf0..0xee3e8f
ADJ	UNTRUSTWORTHY	untrustworthy	不可信	data/vanilla/vanilla_languages/objects/language_words.txt:11599	word+0x60	PE:RVA=0xee3cf0..0xee3e8f
ADJ	DISHONEST	dishonest	不诚实	data/vanilla/vanilla_languages/objects/language_words.txt:11603	word+0x60	PE:RVA=0xee3cf0..0xee3e8f
NOUN_SINGULAR	BLIGHT	blight	枯萎	data/vanilla/vanilla_languages/objects/language_words.txt:11607	word+0x20	PE:RVA=0xee3e90..0xee40b0
NOUN_PLURAL	BLIGHT	blights	枯萎	data/vanilla/vanilla_languages/objects/language_words.txt:11607	word+0x40	PE:RVA=0xee3e90..0xee40b0
ADJ	BLIGHT	blighted	枯萎	data/vanilla/vanilla_languages/objects/language_words.txt:11614	word+0x60	PE:RVA=0xee3cf0..0xee3e8f
ADJ	CUNNING	cunning	狡猾	data/vanilla/vanilla_languages/objects/language_words.txt:11622	word+0x60	PE:RVA=0xee3cf0..0xee3e8f
ADJ	SLY	sly	狡猾	data/vanilla/vanilla_languages/objects/language_words.txt:11628	word+0x60	PE:RVA=0xee3cf0..0xee3e8f
ADJ	RUSTIC	rustic	乡村	data/vanilla/vanilla_languages/objects/language_words.txt:11634	word+0x60	PE:RVA=0xee3cf0..0xee3e8f
ADJ	HOMELY	homely	朴素	data/vanilla/vanilla_languages/objects/language_words.txt:11640	word+0x60	PE:RVA=0xee3cf0..0xee3e8f
ADJ	LONELY	lonely	孤单	data/vanilla/vanilla_languages/objects/language_words.txt:11646	word+0x60	PE:RVA=0xee3cf0..0xee3e8f
ADJ	LONESOME	lonesome	寂寞	data/vanilla/vanilla_languages/objects/language_words.txt:11652	word+0x60	PE:RVA=0xee3cf0..0xee3e8f
ADJ	CLOSE	closed	封闭	data/vanilla/vanilla_languages/objects/language_words.txt:11658	word+0x60	PE:RVA=0xee3cf0..0xee3e8f
NOUN_SINGULAR	FORD	ford	浅滩	data/vanilla/vanilla_languages/objects/language_words.txt:11664	word+0x20	PE:RVA=0xee3e90..0xee40b0
NOUN_PLURAL	FORD	fords	浅滩	data/vanilla/vanilla_languages/objects/language_words.txt:11664	word+0x40	PE:RVA=0xee3e90..0xee40b0
NOUN_SINGULAR	WAY	way	路	data/vanilla/vanilla_languages/objects/language_words.txt:11675	word+0x20	PE:RVA=0xee3e90..0xee40b0
NOUN_PLURAL	WAY	ways	路	data/vanilla/vanilla_languages/objects/language_words.txt:11675	word+0x40	PE:RVA=0xee3e90..0xee40b0
ADJ	WAYWARD	wayward	任性	data/vanilla/vanilla_languages/objects/language_words.txt:11684	word+0x60	PE:RVA=0xee3cf0..0xee3e8f
NOUN_SINGULAR	BANDIT	bandit	强盗	data/vanilla/vanilla_languages/objects/language_words.txt:11690	word+0x20	PE:RVA=0xee3e90..0xee40b0
NOUN_PLURAL	BANDIT	bandits	强盗	data/vanilla/vanilla_languages/objects/language_words.txt:11690	word+0x40	PE:RVA=0xee3e90..0xee40b0
NOUN_SINGULAR	BRIGAND	brigand	土匪	data/vanilla/vanilla_languages/objects/language_words.txt:11700	word+0x20	PE:RVA=0xee3e90..0xee40b0
NOUN_PLURAL	BRIGAND	brigands	土匪	data/vanilla/vanilla_languages/objects/language_words.txt:11700	word+0x40	PE:RVA=0xee3e90..0xee40b0
NOUN_SINGULAR	MONSTER	monster	怪物	data/vanilla/vanilla_languages/objects/language_words.txt:11709	word+0x20	PE:RVA=0xee3e90..0xee40b0
NOUN_PLURAL	MONSTER	monsters	怪物	data/vanilla/vanilla_languages/objects/language_words.txt:11709	word+0x40	PE:RVA=0xee3e90..0xee40b0
ADJ	MONSTER	monstrous	巨大	data/vanilla/vanilla_languages/objects/language_words.txt:11717	word+0x60	PE:RVA=0xee3cf0..0xee3e8f
NOUN_SINGULAR	SENSE	sense	感觉	data/vanilla/vanilla_languages/objects/language_words.txt:11723	word+0x20	PE:RVA=0xee3e90..0xee40b0
NOUN_PLURAL	SENSE	senses	感觉	data/vanilla/vanilla_languages/objects/language_words.txt:11723	word+0x40	PE:RVA=0xee3e90..0xee40b0
ADJ	SENSE	sensitive	敏感	data/vanilla/vanilla_languages/objects/language_words.txt:11731	word+0x60	PE:RVA=0xee3cf0..0xee3e8f
ADJ	INSENSITIVE	insensitive	麻木	data/vanilla/vanilla_languages/objects/language_words.txt:11737	word+0x60	PE:RVA=0xee3cf0..0xee3e8f
ADJ	SENSUAL	sensual	肉欲	data/vanilla/vanilla_languages/objects/language_words.txt:11741	word+0x60	PE:RVA=0xee3cf0..0xee3e8f
NOUN_SINGULAR	ODOR	odor	气味	data/vanilla/vanilla_languages/objects/language_words.txt:11746	word+0x20	PE:RVA=0xee3e90..0xee40b0
NOUN_PLURAL	ODOR	odors	气味	data/vanilla/vanilla_languages/objects/language_words.txt:11746	word+0x40	PE:RVA=0xee3e90..0xee40b0
ADJ	ODOR	odorous	芬芳	data/vanilla/vanilla_languages/objects/language_words.txt:11754	word+0x60	PE:RVA=0xee3cf0..0xee3e8f
NOUN_SINGULAR	MALODOROUS	malodor	恶臭	data/vanilla/vanilla_languages/objects/language_words.txt:11758	word+0x20	PE:RVA=0xee3e90..0xee40b0
NOUN_PLURAL	MALODOROUS	malodors	恶臭	data/vanilla/vanilla_languages/objects/language_words.txt:11758	word+0x40	PE:RVA=0xee3e90..0xee40b0
ADJ	MALODOROUS	malodorous	有恶臭	data/vanilla/vanilla_languages/objects/language_words.txt:11763	word+0x60	PE:RVA=0xee3cf0..0xee3e8f
NOUN_SINGULAR	IGNORANT	ignorance	无知	data/vanilla/vanilla_languages/objects/language_words.txt:11767	word+0x20	PE:RVA=0xee3e90..0xee40b0
ADJ	IGNORANT	ignorant	无知识	data/vanilla/vanilla_languages/objects/language_words.txt:11770	word+0x60	PE:RVA=0xee3cf0..0xee3e8f
ADJ	IGNOBLE	ignoble	卑贱	data/vanilla/vanilla_languages/objects/language_words.txt:11774	word+0x60	PE:RVA=0xee3cf0..0xee3e8f
NOUN_SINGULAR	HUMBLE	humility	谦逊	data/vanilla/vanilla_languages/objects/language_words.txt:11778	word+0x20	PE:RVA=0xee3e90..0xee40b0
ADJ	HUMBLE	humble	低下	data/vanilla/vanilla_languages/objects/language_words.txt:11781	word+0x60	PE:RVA=0xee3cf0..0xee3e8f
NOUN_SINGULAR	MORAL	moral	道德	data/vanilla/vanilla_languages/objects/language_words.txt:11785	word+0x20	PE:RVA=0xee3e90..0xee40b0
NOUN_PLURAL	MORAL	morals	道德	data/vanilla/vanilla_languages/objects/language_words.txt:11785	word+0x40	PE:RVA=0xee3e90..0xee40b0
ADJ	MORAL	moral	道德	data/vanilla/vanilla_languages/objects/language_words.txt:11792	word+0x60	PE:RVA=0xee3cf0..0xee3e8f
ADJ	IMMORAL	immoral	不道德	data/vanilla/vanilla_languages/objects/language_words.txt:11798	word+0x60	PE:RVA=0xee3cf0..0xee3e8f
ADJ	SUPERIOR	superior	上级	data/vanilla/vanilla_languages/objects/language_words.txt:11802	word+0x60	PE:RVA=0xee3cf0..0xee3e8f
ADJ	INFERIOR	inferior	次等	data/vanilla/vanilla_languages/objects/language_words.txt:11806	word+0x60	PE:RVA=0xee3cf0..0xee3e8f
ADJ	INFINITE	infinite	无穷	data/vanilla/vanilla_languages/objects/language_words.txt:11810	word+0x60	PE:RVA=0xee3cf0..0xee3e8f
ADJ	SABLE COLOR	sable	深黑	data/vanilla/vanilla_languages/objects/language_words.txt:11814	word+0x60	PE:RVA=0xee3cf0..0xee3e8f
ADJ	FELL CRUEL	fell	凶猛	data/vanilla/vanilla_languages/objects/language_words.txt:11820	word+0x60	PE:RVA=0xee3cf0..0xee3e8f
NOUN_SINGULAR	FELL HIDE	fell	兽皮	data/vanilla/vanilla_languages/objects/language_words.txt:11827	word+0x20	PE:RVA=0xee3e90..0xee40b0
NOUN_PLURAL	FELL HIDE	fells	兽皮	data/vanilla/vanilla_languages/objects/language_words.txt:11827	word+0x40	PE:RVA=0xee3e90..0xee40b0
NOUN_SINGULAR	PELT HIDE	pelt	毛皮	data/vanilla/vanilla_languages/objects/language_words.txt:11836	word+0x20	PE:RVA=0xee3e90..0xee40b0
NOUN_PLURAL	PELT HIDE	pelts	毛皮	data/vanilla/vanilla_languages/objects/language_words.txt:11836	word+0x40	PE:RVA=0xee3e90..0xee40b0
NOUN_SINGULAR	DIGNITY	dignity	尊严	data/vanilla/vanilla_languages/objects/language_words.txt:11845	word+0x20	PE:RVA=0xee3e90..0xee40b0
ADJ	DIGNITY	dignified	有尊严	data/vanilla/vanilla_languages/objects/language_words.txt:11848	word+0x60	PE:RVA=0xee3cf0..0xee3e8f
ADJ	UNDIGNIFIED	undignified	不庄严	data/vanilla/vanilla_languages/objects/language_words.txt:11852	word+0x60	PE:RVA=0xee3cf0..0xee3e8f
NOUN_SINGULAR	INDIGNATION	indignation	愤怒	data/vanilla/vanilla_languages/objects/language_words.txt:11856	word+0x20	PE:RVA=0xee3e90..0xee40b0
NOUN_SINGULAR	RIGHT BETTER	right	正义	data/vanilla/vanilla_languages/objects/language_words.txt:11861	word+0x20	PE:RVA=0xee3e90..0xee40b0
NOUN_PLURAL	RIGHT BETTER	rights	正义	data/vanilla/vanilla_languages/objects/language_words.txt:11861	word+0x40	PE:RVA=0xee3e90..0xee40b0
ADJ	RIGHT BETTER	righteous	正义	data/vanilla/vanilla_languages/objects/language_words.txt:11870	word+0x60	PE:RVA=0xee3cf0..0xee3e8f
ADJ	ABSOLUTE	absolute	绝对	data/vanilla/vanilla_languages/objects/language_words.txt:11876	word+0x60	PE:RVA=0xee3cf0..0xee3e8f
ADJ	FAIR EVEN	fair	公平	data/vanilla/vanilla_languages/objects/language_words.txt:11880	word+0x60	PE:RVA=0xee3cf0..0xee3e8f
ADJ	FAIR COLOR	fair	白皙	data/vanilla/vanilla_languages/objects/language_words.txt:11886	word+0x60	PE:RVA=0xee3cf0..0xee3e8f
NOUN_SINGULAR	SNARL	snarl	咆哮	data/vanilla/vanilla_languages/objects/language_words.txt:11892	word+0x20	PE:RVA=0xee3e90..0xee40b0
NOUN_PLURAL	SNARL	snarls	咆哮	data/vanilla/vanilla_languages/objects/language_words.txt:11892	word+0x40	PE:RVA=0xee3e90..0xee40b0
ADJ	SNARL	snarling	吠	data/vanilla/vanilla_languages/objects/language_words.txt:11899	word+0x60	PE:RVA=0xee3cf0..0xee3e8f
NOUN_SINGULAR	LOYAL	loyalty	忠贞	data/vanilla/vanilla_languages/objects/language_words.txt:11907	word+0x20	PE:RVA=0xee3e90..0xee40b0
ADJ	LOYAL	loyal	忠诚	data/vanilla/vanilla_languages/objects/language_words.txt:11910	word+0x60	PE:RVA=0xee3cf0..0xee3e8f
NOUN_SINGULAR	DISLOYAL	disloyalty	不忠实	data/vanilla/vanilla_languages/objects/language_words.txt:11916	word+0x20	PE:RVA=0xee3e90..0xee40b0
ADJ	DISLOYAL	disloyal	不实	data/vanilla/vanilla_languages/objects/language_words.txt:11919	word+0x60	PE:RVA=0xee3cf0..0xee3e8f
NOUN_SINGULAR	HELP	help	帮忙	data/vanilla/vanilla_languages/objects/language_words.txt:11923	word+0x20	PE:RVA=0xee3e90..0xee40b0
ADJ	HELP	helpful	有帮助	data/vanilla/vanilla_languages/objects/language_words.txt:11927	word+0x60	PE:RVA=0xee3cf0..0xee3e8f
NOUN_SINGULAR	FRIEND	friend	朋友	data/vanilla/vanilla_languages/objects/language_words.txt:11935	word+0x20	PE:RVA=0xee3e90..0xee40b0
NOUN_PLURAL	FRIEND	friends	朋友	data/vanilla/vanilla_languages/objects/language_words.txt:11935	word+0x40	PE:RVA=0xee3e90..0xee40b0
ADJ	FRIEND	friendly	友好	data/vanilla/vanilla_languages/objects/language_words.txt:11942	word+0x60	PE:RVA=0xee3cf0..0xee3e8f
NOUN_SINGULAR	COURTESY	courtesy	礼貌	data/vanilla/vanilla_languages/objects/language_words.txt:11948	word+0x20	PE:RVA=0xee3e90..0xee40b0
NOUN_PLURAL	COURTESY	courtesies	礼貌	data/vanilla/vanilla_languages/objects/language_words.txt:11948	word+0x40	PE:RVA=0xee3e90..0xee40b0
ADJ	COURTESY	courteous	有礼	data/vanilla/vanilla_languages/objects/language_words.txt:11953	word+0x60	PE:RVA=0xee3cf0..0xee3e8f
ADJ	CHEERFUL	cheerful	快活	data/vanilla/vanilla_languages/objects/language_words.txt:11957	word+0x60	PE:RVA=0xee3cf0..0xee3e8f
NOUN_SINGULAR	THRIFT	thrift	节约	data/vanilla/vanilla_languages/objects/language_words.txt:11963	word+0x20	PE:RVA=0xee3e90..0xee40b0
ADJ	THRIFT	thrifty	节俭	data/vanilla/vanilla_languages/objects/language_words.txt:11968	word+0x60	PE:RVA=0xee3cf0..0xee3e8f
NOUN_SINGULAR	BRAVERY	bravery	勇敢	data/vanilla/vanilla_languages/objects/language_words.txt:11974	word+0x20	PE:RVA=0xee3e90..0xee40b0
ADJ	BRAVERY	brave	勇敢	data/vanilla/vanilla_languages/objects/language_words.txt:11977	word+0x60	PE:RVA=0xee3cf0..0xee3e8f
NOUN_SINGULAR	REVERE	reverence	尊敬	data/vanilla/vanilla_languages/objects/language_words.txt:11985	word+0x20	PE:RVA=0xee3e90..0xee40b0
NOUN_PLURAL	REVERE	reverences	尊敬	data/vanilla/vanilla_languages/objects/language_words.txt:11985	word+0x40	PE:RVA=0xee3e90..0xee40b0
ADJ	REVERE	revered	可敬	data/vanilla/vanilla_languages/objects/language_words.txt:11990	word+0x60	PE:RVA=0xee3cf0..0xee3e8f
NOUN_SINGULAR	VENERATE	veneration	尊敬	data/vanilla/vanilla_languages/objects/language_words.txt:11998	word+0x20	PE:RVA=0xee3e90..0xee40b0
ADJ	VENERATE	venerable	庄严	data/vanilla/vanilla_languages/objects/language_words.txt:12001	word+0x60	PE:RVA=0xee3cf0..0xee3e8f
NOUN_SINGULAR	SALUTE	salute	敬礼	data/vanilla/vanilla_languages/objects/language_words.txt:12006	word+0x20	PE:RVA=0xee3e90..0xee40b0
NOUN_PLURAL	SALUTE	salutes	敬礼	data/vanilla/vanilla_languages/objects/language_words.txt:12006	word+0x40	PE:RVA=0xee3e90..0xee40b0
NOUN_SINGULAR	NATION	nation	国家	data/vanilla/vanilla_languages/objects/language_words.txt:12016	word+0x20	PE:RVA=0xee3e90..0xee40b0
NOUN_PLURAL	NATION	nations	国家	data/vanilla/vanilla_languages/objects/language_words.txt:12016	word+0x40	PE:RVA=0xee3e90..0xee40b0
ADJ	NATION	national	国家	data/vanilla/vanilla_languages/objects/language_words.txt:12024	word+0x60	PE:RVA=0xee3cf0..0xee3e8f
NOUN_SINGULAR	DRINK	drink	饮料	data/vanilla/vanilla_languages/objects/language_words.txt:12028	word+0x20	PE:RVA=0xee3e90..0xee40b0
NOUN_PLURAL	DRINK	drinks	饮料	data/vanilla/vanilla_languages/objects/language_words.txt:12028	word+0x40	PE:RVA=0xee3e90..0xee40b0
NOUN_SINGULAR	CONSIDERATE	consideration	体谅	data/vanilla/vanilla_languages/objects/language_words.txt:12040	word+0x20	PE:RVA=0xee3e90..0xee40b0
ADJ	CONSIDERATE	considerate	体贴	data/vanilla/vanilla_languages/objects/language_words.txt:12043	word+0x60	PE:RVA=0xee3cf0..0xee3e8f
NOUN_SINGULAR	CONVENIENT	convenience	便利	data/vanilla/vanilla_languages/objects/language_words.txt:12047	word+0x20	PE:RVA=0xee3e90..0xee40b0
NOUN_PLURAL	CONVENIENT	conveniences	便利	data/vanilla/vanilla_languages/objects/language_words.txt:12047	word+0x40	PE:RVA=0xee3e90..0xee40b0
ADJ	CONVENIENT	convenient	方便	data/vanilla/vanilla_languages/objects/language_words.txt:12052	word+0x60	PE:RVA=0xee3cf0..0xee3e8f
ADJ	INCONSIDERATE	inconsiderate	无情	data/vanilla/vanilla_languages/objects/language_words.txt:12056	word+0x60	PE:RVA=0xee3cf0..0xee3e8f
NOUN_SINGULAR	INCONVENIENT	inconvenience	不便	data/vanilla/vanilla_languages/objects/language_words.txt:12060	word+0x20	PE:RVA=0xee3e90..0xee40b0
NOUN_PLURAL	INCONVENIENT	inconveniences	不便	data/vanilla/vanilla_languages/objects/language_words.txt:12060	word+0x40	PE:RVA=0xee3e90..0xee40b0
ADJ	INCONVENIENT	inconvenient	不便	data/vanilla/vanilla_languages/objects/language_words.txt:12065	word+0x60	PE:RVA=0xee3cf0..0xee3e8f
NOUN_SINGULAR	CONTINENT	continent	大陆	data/vanilla/vanilla_languages/objects/language_words.txt:12069	word+0x20	PE:RVA=0xee3e90..0xee40b0
NOUN_PLURAL	CONTINENT	continents	大陆	data/vanilla/vanilla_languages/objects/language_words.txt:12069	word+0x40	PE:RVA=0xee3e90..0xee40b0
NOUN_SINGULAR	FLIGHT	flight	飞行	data/vanilla/vanilla_languages/objects/language_words.txt:12076	word+0x20	PE:RVA=0xee3e90..0xee40b0
NOUN_PLURAL	FLIGHT	flights	飞行	data/vanilla/vanilla_languages/objects/language_words.txt:12076	word+0x40	PE:RVA=0xee3e90..0xee40b0
ADJ	FLIGHTY	flighty	轻浮	data/vanilla/vanilla_languages/objects/language_words.txt:12084	word+0x60	PE:RVA=0xee3cf0..0xee3e8f
ADJ	GILD	gilded	镀金	data/vanilla/vanilla_languages/objects/language_words.txt:12090	word+0x60	PE:RVA=0xee3cf0..0xee3e8f
NOUN_SINGULAR	GUILD	guild	行会	data/vanilla/vanilla_languages/objects/language_words.txt:12096	word+0x20	PE:RVA=0xee3e90..0xee40b0
NOUN_PLURAL	GUILD	guilds	行会	data/vanilla/vanilla_languages/objects/language_words.txt:12096	word+0x40	PE:RVA=0xee3e90..0xee40b0
NOUN_SINGULAR	MERCHANT	merchant	商人	data/vanilla/vanilla_languages/objects/language_words.txt:12105	word+0x20	PE:RVA=0xee3e90..0xee40b0
NOUN_PLURAL	MERCHANT	merchants	商人	data/vanilla/vanilla_languages/objects/language_words.txt:12105	word+0x40	PE:RVA=0xee3e90..0xee40b0
NOUN_SINGULAR	TRADE	trade	贸易	data/vanilla/vanilla_languages/objects/language_words.txt:12114	word+0x20	PE:RVA=0xee3e90..0xee40b0
NOUN_PLURAL	TRADE	trades	贸易	data/vanilla/vanilla_languages/objects/language_words.txt:12114	word+0x40	PE:RVA=0xee3e90..0xee40b0
NOUN_SINGULAR	PLAIT	plait	发辫	data/vanilla/vanilla_languages/objects/language_words.txt:12126	word+0x20	PE:RVA=0xee3e90..0xee40b0
NOUN_PLURAL	PLAIT	plaits	发辫	data/vanilla/vanilla_languages/objects/language_words.txt:12126	word+0x40	PE:RVA=0xee3e90..0xee40b0
ADJ	PLAIT	plaited	编织	data/vanilla/vanilla_languages/objects/language_words.txt:12133	word+0x60	PE:RVA=0xee3cf0..0xee3e8f
NOUN_SINGULAR	BRAID	braid	辫子	data/vanilla/vanilla_languages/objects/language_words.txt:12142	word+0x20	PE:RVA=0xee3e90..0xee40b0
NOUN_PLURAL	BRAID	braids	辫子	data/vanilla/vanilla_languages/objects/language_words.txt:12142	word+0x40	PE:RVA=0xee3e90..0xee40b0
ADJ	BRAID	braided	编辫子	data/vanilla/vanilla_languages/objects/language_words.txt:12149	word+0x60	PE:RVA=0xee3cf0..0xee3e8f
NOUN_SINGULAR	PLEAT	pleat	褶	data/vanilla/vanilla_languages/objects/language_words.txt:12158	word+0x20	PE:RVA=0xee3e90..0xee40b0
NOUN_PLURAL	PLEAT	pleats	褶	data/vanilla/vanilla_languages/objects/language_words.txt:12158	word+0x40	PE:RVA=0xee3e90..0xee40b0
ADJ	PLEAT	pleated	打褶裥	data/vanilla/vanilla_languages/objects/language_words.txt:12165	word+0x60	PE:RVA=0xee3cf0..0xee3e8f
NOUN_SINGULAR	FOLD	fold	折层	data/vanilla/vanilla_languages/objects/language_words.txt:12174	word+0x20	PE:RVA=0xee3e90..0xee40b0
NOUN_PLURAL	FOLD	folds	折层	data/vanilla/vanilla_languages/objects/language_words.txt:12174	word+0x40	PE:RVA=0xee3e90..0xee40b0
ADJ	FOLD	folded	折叠	data/vanilla/vanilla_languages/objects/language_words.txt:12181	word+0x60	PE:RVA=0xee3cf0..0xee3e8f
NOUN_SINGULAR	BUNION	bunion	拇囊炎	data/vanilla/vanilla_languages/objects/language_words.txt:12189	word+0x20	PE:RVA=0xee3e90..0xee40b0
NOUN_PLURAL	BUNION	bunions	拇囊炎	data/vanilla/vanilla_languages/objects/language_words.txt:12189	word+0x40	PE:RVA=0xee3e90..0xee40b0
ADJ	UNCOMMON	uncommon	不寻常	data/vanilla/vanilla_languages/objects/language_words.txt:12198	word+0x60	PE:RVA=0xee3cf0..0xee3e8f
ADJ	RARE	rare	稀罕	data/vanilla/vanilla_languages/objects/language_words.txt:12202	word+0x60	PE:RVA=0xee3cf0..0xee3e8f
ADJ	SCARCE	scarce	难得	data/vanilla/vanilla_languages/objects/language_words.txt:12208	word+0x60	PE:RVA=0xee3cf0..0xee3e8f
ADJ	REMARKABLE	remarkable	不平常	data/vanilla/vanilla_languages/objects/language_words.txt:12214	word+0x60	PE:RVA=0xee3cf0..0xee3e8f
ADJ	UNREMARKABLE	unremarkable	不显著	data/vanilla/vanilla_languages/objects/language_words.txt:12218	word+0x60	PE:RVA=0xee3cf0..0xee3e8f
ADJ	SOLITARY	solitary	孤独	data/vanilla/vanilla_languages/objects/language_words.txt:12222	word+0x60	PE:RVA=0xee3cf0..0xee3e8f
NOUN_SINGULAR	BEND	bend	弯曲	data/vanilla/vanilla_languages/objects/language_words.txt:12226	word+0x20	PE:RVA=0xee3e90..0xee40b0
NOUN_PLURAL	BEND	bends	弯曲	data/vanilla/vanilla_languages/objects/language_words.txt:12226	word+0x40	PE:RVA=0xee3e90..0xee40b0
ADJ	BEND	bent	弯曲	data/vanilla/vanilla_languages/objects/language_words.txt:12233	word+0x60	PE:RVA=0xee3cf0..0xee3e8f
NOUN_SINGULAR	BLAME	blame	过失	data/vanilla/vanilla_languages/objects/language_words.txt:12241	word+0x20	PE:RVA=0xee3e90..0xee40b0
NOUN_PLURAL	BLAME	blames	过失	data/vanilla/vanilla_languages/objects/language_words.txt:12241	word+0x40	PE:RVA=0xee3e90..0xee40b0
ADJ	BLAMELESS	blameless	无辜	data/vanilla/vanilla_languages/objects/language_words.txt:12252	word+0x60	PE:RVA=0xee3cf0..0xee3e8f
NOUN_SINGULAR	TWIG	twig	小枝	data/vanilla/vanilla_languages/objects/language_words.txt:12258	word+0x20	PE:RVA=0xee3e90..0xee40b0
NOUN_PLURAL	TWIG	twigs	小枝	data/vanilla/vanilla_languages/objects/language_words.txt:12258	word+0x40	PE:RVA=0xee3e90..0xee40b0
NOUN_SINGULAR	GIRDER	girder	大梁	data/vanilla/vanilla_languages/objects/language_words.txt:12267	word+0x20	PE:RVA=0xee3e90..0xee40b0
NOUN_PLURAL	GIRDER	girders	大梁	data/vanilla/vanilla_languages/objects/language_words.txt:12267	word+0x40	PE:RVA=0xee3e90..0xee40b0
NOUN_SINGULAR	TRUSS	truss	捆	data/vanilla/vanilla_languages/objects/language_words.txt:12276	word+0x20	PE:RVA=0xee3e90..0xee40b0
NOUN_PLURAL	TRUSS	trusses	捆	data/vanilla/vanilla_languages/objects/language_words.txt:12276	word+0x40	PE:RVA=0xee3e90..0xee40b0
ADJ	TRUSS	trussed	捆绑	data/vanilla/vanilla_languages/objects/language_words.txt:12283	word+0x60	PE:RVA=0xee3cf0..0xee3e8f
NOUN_SINGULAR	SKEWER	skewer	串肉棒	data/vanilla/vanilla_languages/objects/language_words.txt:12290	word+0x20	PE:RVA=0xee3e90..0xee40b0
NOUN_PLURAL	SKEWER	skewers	串肉棒	data/vanilla/vanilla_languages/objects/language_words.txt:12290	word+0x40	PE:RVA=0xee3e90..0xee40b0
ADJ	SKEWER	skewered	串起	data/vanilla/vanilla_languages/objects/language_words.txt:12297	word+0x60	PE:RVA=0xee3cf0..0xee3e8f
NOUN_SINGULAR	SCULPT	sculpture	雕刻	data/vanilla/vanilla_languages/objects/language_words.txt:12305	word+0x20	PE:RVA=0xee3e90..0xee40b0
NOUN_PLURAL	SCULPT	sculptures	雕刻	data/vanilla/vanilla_languages/objects/language_words.txt:12305	word+0x40	PE:RVA=0xee3e90..0xee40b0
ADJ	SCULPT	sculpted	雕刻	data/vanilla/vanilla_languages/objects/language_words.txt:12313	word+0x60	PE:RVA=0xee3cf0..0xee3e8f
NOUN_SINGULAR	TRESS	tress	发绺	data/vanilla/vanilla_languages/objects/language_words.txt:12321	word+0x20	PE:RVA=0xee3e90..0xee40b0
NOUN_PLURAL	TRESS	tresses	发绺	data/vanilla/vanilla_languages/objects/language_words.txt:12321	word+0x40	PE:RVA=0xee3e90..0xee40b0
ADJ	TRESS	tressed	束发	data/vanilla/vanilla_languages/objects/language_words.txt:12328	word+0x60	PE:RVA=0xee3cf0..0xee3e8f
NOUN_SINGULAR	LOCK HAIR	lock	发绺	data/vanilla/vanilla_languages/objects/language_words.txt:12334	word+0x20	PE:RVA=0xee3e90..0xee40b0
NOUN_PLURAL	LOCK HAIR	locks	发绺	data/vanilla/vanilla_languages/objects/language_words.txt:12334	word+0x40	PE:RVA=0xee3e90..0xee40b0
NOUN_SINGULAR	CURL	curl	拳曲	data/vanilla/vanilla_languages/objects/language_words.txt:12343	word+0x20	PE:RVA=0xee3e90..0xee40b0
NOUN_PLURAL	CURL	curls	拳曲	data/vanilla/vanilla_languages/objects/language_words.txt:12343	word+0x40	PE:RVA=0xee3e90..0xee40b0
ADJ	CURL	curled	鬈发	data/vanilla/vanilla_languages/objects/language_words.txt:12350	word+0x60	PE:RVA=0xee3cf0..0xee3e8f
NOUN_SINGULAR	TUFT	tuft	一簇	data/vanilla/vanilla_languages/objects/language_words.txt:12357	word+0x20	PE:RVA=0xee3e90..0xee40b0
NOUN_PLURAL	TUFT	tufts	一簇	data/vanilla/vanilla_languages/objects/language_words.txt:12357	word+0x40	PE:RVA=0xee3e90..0xee40b0
ADJ	TUFT	tufted	植绒	data/vanilla/vanilla_languages/objects/language_words.txt:12364	word+0x60	PE:RVA=0xee3cf0..0xee3e8f
NOUN_SINGULAR	MEAN NASTY	meanness	卑鄙	data/vanilla/vanilla_languages/objects/language_words.txt:12370	word+0x20	PE:RVA=0xee3e90..0xee40b0
ADJ	MEAN NASTY	mean	卑鄙	data/vanilla/vanilla_languages/objects/language_words.txt:12374	word+0x60	PE:RVA=0xee3cf0..0xee3e8f
NOUN_SINGULAR	MEAN LOW	meanness	低贱	data/vanilla/vanilla_languages/objects/language_words.txt:12380	word+0x20	PE:RVA=0xee3e90..0xee40b0
ADJ	MEAN LOW	mean	低贱	data/vanilla/vanilla_languages/objects/language_words.txt:12384	word+0x60	PE:RVA=0xee3cf0..0xee3e8f
NOUN_SINGULAR	SHAME	shame	羞耻	data/vanilla/vanilla_languages/objects/language_words.txt:12390	word+0x20	PE:RVA=0xee3e90..0xee40b0
NOUN_PLURAL	SHAME	shames	羞耻	data/vanilla/vanilla_languages/objects/language_words.txt:12390	word+0x40	PE:RVA=0xee3e90..0xee40b0
ADJ	SHAME	shameful	可耻	data/vanilla/vanilla_languages/objects/language_words.txt:12398	word+0x60	PE:RVA=0xee3cf0..0xee3e8f
ADJ	ASHAMED	ashamed	惭愧	data/vanilla/vanilla_languages/objects/language_words.txt:12406	word+0x60	PE:RVA=0xee3cf0..0xee3e8f
NOUN_SINGULAR	STEAM	steam	蒸汽	data/vanilla/vanilla_languages/objects/language_words.txt:12412	word+0x20	PE:RVA=0xee3e90..0xee40b0
ADJ	STEAM	steamy	蒸汽	data/vanilla/vanilla_languages/objects/language_words.txt:12417	word+0x60	PE:RVA=0xee3cf0..0xee3e8f
NOUN_SINGULAR	FERN	fern	蕨	data/vanilla/vanilla_languages/objects/language_words.txt:12423	word+0x20	PE:RVA=0xee3e90..0xee40b0
NOUN_PLURAL	FERN	ferns	蕨	data/vanilla/vanilla_languages/objects/language_words.txt:12423	word+0x40	PE:RVA=0xee3e90..0xee40b0
NOUN_SINGULAR	FERRY	ferry	渡船	data/vanilla/vanilla_languages/objects/language_words.txt:12432	word+0x20	PE:RVA=0xee3e90..0xee40b0
NOUN_PLURAL	FERRY	ferries	渡船	data/vanilla/vanilla_languages/objects/language_words.txt:12432	word+0x40	PE:RVA=0xee3e90..0xee40b0
NOUN_SINGULAR	GULLY	gully	小峡谷	data/vanilla/vanilla_languages/objects/language_words.txt:12443	word+0x20	PE:RVA=0xee3e90..0xee40b0
NOUN_PLURAL	GULLY	gullies	小峡谷	data/vanilla/vanilla_languages/objects/language_words.txt:12443	word+0x40	PE:RVA=0xee3e90..0xee40b0
NOUN_SINGULAR	WORRY	worry	担心	data/vanilla/vanilla_languages/objects/language_words.txt:12452	word+0x20	PE:RVA=0xee3e90..0xee40b0
NOUN_PLURAL	WORRY	worries	担心	data/vanilla/vanilla_languages/objects/language_words.txt:12452	word+0x40	PE:RVA=0xee3e90..0xee40b0
ADJ	WORRY	worried	担心	data/vanilla/vanilla_languages/objects/language_words.txt:12460	word+0x60	PE:RVA=0xee3cf0..0xee3e8f
NOUN_SINGULAR	LION	lion	狮子	data/vanilla/vanilla_languages/objects/language_words.txt:12468	word+0x20	PE:RVA=0xee3e90..0xee40b0
NOUN_PLURAL	LION	lions	狮子	data/vanilla/vanilla_languages/objects/language_words.txt:12468	word+0x40	PE:RVA=0xee3e90..0xee40b0
NOUN_SINGULAR	CACTUS	cactus	仙人掌	data/vanilla/vanilla_languages/objects/language_words.txt:12477	word+0x20	PE:RVA=0xee3e90..0xee40b0
NOUN_PLURAL	CACTUS	cacti	仙人掌	data/vanilla/vanilla_languages/objects/language_words.txt:12477	word+0x40	PE:RVA=0xee3e90..0xee40b0
NOUN_SINGULAR	DESK	desk	书桌	data/vanilla/vanilla_languages/objects/language_words.txt:12486	word+0x20	PE:RVA=0xee3e90..0xee40b0
NOUN_PLURAL	DESK	desks	书桌	data/vanilla/vanilla_languages/objects/language_words.txt:12486	word+0x40	PE:RVA=0xee3e90..0xee40b0
NOUN_SINGULAR	BOTTLE	bottle	瓶子	data/vanilla/vanilla_languages/objects/language_words.txt:12495	word+0x20	PE:RVA=0xee3e90..0xee40b0
NOUN_PLURAL	BOTTLE	bottles	瓶子	data/vanilla/vanilla_languages/objects/language_words.txt:12495	word+0x40	PE:RVA=0xee3e90..0xee40b0
NOUN_SINGULAR	SHINGLE	shingle	木瓦	data/vanilla/vanilla_languages/objects/language_words.txt:12506	word+0x20	PE:RVA=0xee3e90..0xee40b0
NOUN_PLURAL	SHINGLE	shingles	木瓦	data/vanilla/vanilla_languages/objects/language_words.txt:12506	word+0x40	PE:RVA=0xee3e90..0xee40b0
NOUN_SINGULAR	BLANKET	blanket	毛毯	data/vanilla/vanilla_languages/objects/language_words.txt:12515	word+0x20	PE:RVA=0xee3e90..0xee40b0
NOUN_PLURAL	BLANKET	blankets	毛毯	data/vanilla/vanilla_languages/objects/language_words.txt:12515	word+0x40	PE:RVA=0xee3e90..0xee40b0
ADJ	BLANKET	blanketed	覆盖	data/vanilla/vanilla_languages/objects/language_words.txt:12522	word+0x60	PE:RVA=0xee3cf0..0xee3e8f
NOUN_SINGULAR	CLOUD	cloud	云	data/vanilla/vanilla_languages/objects/language_words.txt:12526	word+0x20	PE:RVA=0xee3e90..0xee40b0
NOUN_PLURAL	CLOUD	clouds	云	data/vanilla/vanilla_languages/objects/language_words.txt:12526	word+0x40	PE:RVA=0xee3e90..0xee40b0
ADJ	CLOUD	cloudy	多云	data/vanilla/vanilla_languages/objects/language_words.txt:12533	word+0x60	PE:RVA=0xee3cf0..0xee3e8f
NOUN_SINGULAR	PLATE	plate	盘	data/vanilla/vanilla_languages/objects/language_words.txt:12539	word+0x20	PE:RVA=0xee3e90..0xee40b0
NOUN_PLURAL	PLATE	plates	盘	data/vanilla/vanilla_languages/objects/language_words.txt:12539	word+0x40	PE:RVA=0xee3e90..0xee40b0
ADJ	PLATE	plated	镀层	data/vanilla/vanilla_languages/objects/language_words.txt:12546	word+0x60	PE:RVA=0xee3cf0..0xee3e8f
NOUN_SINGULAR	ROAD	road	路	data/vanilla/vanilla_languages/objects/language_words.txt:12552	word+0x20	PE:RVA=0xee3e90..0xee40b0
NOUN_PLURAL	ROAD	roads	路	data/vanilla/vanilla_languages/objects/language_words.txt:12552	word+0x40	PE:RVA=0xee3e90..0xee40b0
NOUN_SINGULAR	HOUSE	house	房子	data/vanilla/vanilla_languages/objects/language_words.txt:12561	word+0x20	PE:RVA=0xee3e90..0xee40b0
NOUN_PLURAL	HOUSE	houses	房子	data/vanilla/vanilla_languages/objects/language_words.txt:12561	word+0x40	PE:RVA=0xee3e90..0xee40b0
NOUN_SINGULAR	BEAN	bean	豆子	data/vanilla/vanilla_languages/objects/language_words.txt:12570	word+0x20	PE:RVA=0xee3e90..0xee40b0
NOUN_PLURAL	BEAN	beans	豆子	data/vanilla/vanilla_languages/objects/language_words.txt:12570	word+0x40	PE:RVA=0xee3e90..0xee40b0
NOUN_SINGULAR	BLOCK SQUARE	block	方块	data/vanilla/vanilla_languages/objects/language_words.txt:12583	word+0x20	PE:RVA=0xee3e90..0xee40b0
NOUN_PLURAL	BLOCK SQUARE	blocks	方块	data/vanilla/vanilla_languages/objects/language_words.txt:12583	word+0x40	PE:RVA=0xee3e90..0xee40b0
NOUN_SINGULAR	FOUNTAIN	fountain	喷泉	data/vanilla/vanilla_languages/objects/language_words.txt:12592	word+0x20	PE:RVA=0xee3e90..0xee40b0
NOUN_PLURAL	FOUNTAIN	fountains	喷泉	data/vanilla/vanilla_languages/objects/language_words.txt:12592	word+0x40	PE:RVA=0xee3e90..0xee40b0
NOUN_SINGULAR	PEARL	pearl	珍珠	data/vanilla/vanilla_languages/objects/language_words.txt:12601	word+0x20	PE:RVA=0xee3e90..0xee40b0
NOUN_PLURAL	PEARL	pearls	珍珠	data/vanilla/vanilla_languages/objects/language_words.txt:12601	word+0x40	PE:RVA=0xee3e90..0xee40b0
NOUN_SINGULAR	PEAR	pear	梨子	data/vanilla/vanilla_languages/objects/language_words.txt:12610	word+0x20	PE:RVA=0xee3e90..0xee40b0
NOUN_PLURAL	PEAR	pears	梨子	data/vanilla/vanilla_languages/objects/language_words.txt:12610	word+0x40	PE:RVA=0xee3e90..0xee40b0
NOUN_SINGULAR	THIMBLE	thimble	顶针	data/vanilla/vanilla_languages/objects/language_words.txt:12619	word+0x20	PE:RVA=0xee3e90..0xee40b0
NOUN_PLURAL	THIMBLE	thimbles	顶针	data/vanilla/vanilla_languages/objects/language_words.txt:12619	word+0x40	PE:RVA=0xee3e90..0xee40b0
NOUN_SINGULAR	BUNNY	bunny	兔子	data/vanilla/vanilla_languages/objects/language_words.txt:12628	word+0x20	PE:RVA=0xee3e90..0xee40b0
NOUN_PLURAL	BUNNY	bunnies	兔子	data/vanilla/vanilla_languages/objects/language_words.txt:12628	word+0x40	PE:RVA=0xee3e90..0xee40b0
NOUN_SINGULAR	ROPE	rope	绳	data/vanilla/vanilla_languages/objects/language_words.txt:12637	word+0x20	PE:RVA=0xee3e90..0xee40b0
NOUN_PLURAL	ROPE	ropes	绳	data/vanilla/vanilla_languages/objects/language_words.txt:12637	word+0x40	PE:RVA=0xee3e90..0xee40b0
NOUN_SINGULAR	STRING	string	线	data/vanilla/vanilla_languages/objects/language_words.txt:12647	word+0x20	PE:RVA=0xee3e90..0xee40b0
NOUN_PLURAL	STRING	strings	线	data/vanilla/vanilla_languages/objects/language_words.txt:12647	word+0x40	PE:RVA=0xee3e90..0xee40b0
NOUN_SINGULAR	WIRE	wire	丝	data/vanilla/vanilla_languages/objects/language_words.txt:12657	word+0x20	PE:RVA=0xee3e90..0xee40b0
NOUN_PLURAL	WIRE	wires	丝	data/vanilla/vanilla_languages/objects/language_words.txt:12657	word+0x40	PE:RVA=0xee3e90..0xee40b0
NOUN_SINGULAR	LASH	lash	鞭子	data/vanilla/vanilla_languages/objects/language_words.txt:12667	word+0x20	PE:RVA=0xee3e90..0xee40b0
NOUN_PLURAL	LASH	lashes	鞭子	data/vanilla/vanilla_languages/objects/language_words.txt:12667	word+0x40	PE:RVA=0xee3e90..0xee40b0
NOUN_SINGULAR	SORCERY	sorcery	巫术	data/vanilla/vanilla_languages/objects/language_words.txt:12678	word+0x20	PE:RVA=0xee3e90..0xee40b0
ADJ	SORCERY	sorcerous	巫术	data/vanilla/vanilla_languages/objects/language_words.txt:12681	word+0x60	PE:RVA=0xee3cf0..0xee3e8f
NOUN_SINGULAR	SORCERER	sorcerer	男巫士	data/vanilla/vanilla_languages/objects/language_words.txt:12685	word+0x20	PE:RVA=0xee3e90..0xee40b0
NOUN_PLURAL	SORCERER	sorcerers	男巫士	data/vanilla/vanilla_languages/objects/language_words.txt:12685	word+0x40	PE:RVA=0xee3e90..0xee40b0
ADJ	BEWITCH	bewitched	中咒	data/vanilla/vanilla_languages/objects/language_words.txt:12694	word+0x60	PE:RVA=0xee3cf0..0xee3e8f
NOUN_SINGULAR	MAGICIAN	magician	法师	data/vanilla/vanilla_languages/objects/language_words.txt:12702	word+0x20	PE:RVA=0xee3e90..0xee40b0
NOUN_PLURAL	MAGICIAN	magicians	法师	data/vanilla/vanilla_languages/objects/language_words.txt:12702	word+0x40	PE:RVA=0xee3e90..0xee40b0
NOUN_SINGULAR	CONJURER	conjurer	召唤师	data/vanilla/vanilla_languages/objects/language_words.txt:12712	word+0x20	PE:RVA=0xee3e90..0xee40b0
NOUN_PLURAL	CONJURER	conjurers	召唤师	data/vanilla/vanilla_languages/objects/language_words.txt:12712	word+0x40	PE:RVA=0xee3e90..0xee40b0
NOUN_SINGULAR	ENCHANT	enchantment	魔法	data/vanilla/vanilla_languages/objects/language_words.txt:12718	word+0x20	PE:RVA=0xee3e90..0xee40b0
NOUN_PLURAL	ENCHANT	enchantments	魔法	data/vanilla/vanilla_languages/objects/language_words.txt:12718	word+0x40	PE:RVA=0xee3e90..0xee40b0
ADJ	ENCHANT	enchanted	附魔	data/vanilla/vanilla_languages/objects/language_words.txt:12723	word+0x60	PE:RVA=0xee3cf0..0xee3e8f
NOUN_SINGULAR	ENCHANTER	enchanter	附魔师	data/vanilla/vanilla_languages/objects/language_words.txt:12728	word+0x20	PE:RVA=0xee3e90..0xee40b0
NOUN_PLURAL	ENCHANTER	enchanters	附魔师	data/vanilla/vanilla_languages/objects/language_words.txt:12728	word+0x40	PE:RVA=0xee3e90..0xee40b0
NOUN_SINGULAR	LANCE	lance	长矛	data/vanilla/vanilla_languages/objects/language_words.txt:12734	word+0x20	PE:RVA=0xee3e90..0xee40b0
NOUN_PLURAL	LANCE	lances	长矛	data/vanilla/vanilla_languages/objects/language_words.txt:12734	word+0x40	PE:RVA=0xee3e90..0xee40b0
NOUN_SINGULAR	LANCER	lancer	枪骑兵	data/vanilla/vanilla_languages/objects/language_words.txt:12745	word+0x20	PE:RVA=0xee3e90..0xee40b0
NOUN_PLURAL	LANCER	lancers	枪骑兵	data/vanilla/vanilla_languages/objects/language_words.txt:12745	word+0x40	PE:RVA=0xee3e90..0xee40b0
ADJ	STINK	stinky	发恶臭	data/vanilla/vanilla_languages/objects/language_words.txt:12754	word+0x60	PE:RVA=0xee3cf0..0xee3e8f
NOUN_SINGULAR	FRECKLE	freckle	雀斑	data/vanilla/vanilla_languages/objects/language_words.txt:12762	word+0x20	PE:RVA=0xee3e90..0xee40b0
NOUN_PLURAL	FRECKLE	freckles	雀斑	data/vanilla/vanilla_languages/objects/language_words.txt:12762	word+0x40	PE:RVA=0xee3e90..0xee40b0
NOUN_SINGULAR	PIMPLE	pimple	丘疹	data/vanilla/vanilla_languages/objects/language_words.txt:12771	word+0x20	PE:RVA=0xee3e90..0xee40b0
NOUN_PLURAL	PIMPLE	pimples	丘疹	data/vanilla/vanilla_languages/objects/language_words.txt:12771	word+0x40	PE:RVA=0xee3e90..0xee40b0
NOUN_SINGULAR	WART	wart	疣	data/vanilla/vanilla_languages/objects/language_words.txt:12780	word+0x20	PE:RVA=0xee3e90..0xee40b0
NOUN_PLURAL	WART	warts	疣	data/vanilla/vanilla_languages/objects/language_words.txt:12780	word+0x40	PE:RVA=0xee3e90..0xee40b0
NOUN_SINGULAR	BLOTCH	blotch	大斑点	data/vanilla/vanilla_languages/objects/language_words.txt:12789	word+0x20	PE:RVA=0xee3e90..0xee40b0
NOUN_PLURAL	BLOTCH	blotches	大斑点	data/vanilla/vanilla_languages/objects/language_words.txt:12789	word+0x40	PE:RVA=0xee3e90..0xee40b0
NOUN_SINGULAR	CALLUS	callus	老茧	data/vanilla/vanilla_languages/objects/language_words.txt:12798	word+0x20	PE:RVA=0xee3e90..0xee40b0
NOUN_PLURAL	CALLUS	calluses	老茧	data/vanilla/vanilla_languages/objects/language_words.txt:12798	word+0x40	PE:RVA=0xee3e90..0xee40b0
NOUN_SINGULAR	WIND STORM	wind	风	data/vanilla/vanilla_languages/objects/language_words.txt:12806	word+0x20	PE:RVA=0xee3e90..0xee40b0
NOUN_PLURAL	WIND STORM	winds	风	data/vanilla/vanilla_languages/objects/language_words.txt:12806	word+0x40	PE:RVA=0xee3e90..0xee40b0
ADJ	WIND STORM	windy	多风	data/vanilla/vanilla_languages/objects/language_words.txt:12814	word+0x60	PE:RVA=0xee3cf0..0xee3e8f
NOUN_SINGULAR	HAZE	haze	薄雾	data/vanilla/vanilla_languages/objects/language_words.txt:12824	word+0x20	PE:RVA=0xee3e90..0xee40b0
ADJ	HAZE	hazy	朦胧	data/vanilla/vanilla_languages/objects/language_words.txt:12829	word+0x60	PE:RVA=0xee3cf0..0xee3e8f
NOUN_SINGULAR	SKIN	skin	皮肤	data/vanilla/vanilla_languages/objects/language_words.txt:12835	word+0x20	PE:RVA=0xee3e90..0xee40b0
NOUN_PLURAL	SKIN	skins	皮肤	data/vanilla/vanilla_languages/objects/language_words.txt:12835	word+0x40	PE:RVA=0xee3e90..0xee40b0
NOUN_SINGULAR	SHIN	shin	胫骨	data/vanilla/vanilla_languages/objects/language_words.txt:12844	word+0x20	PE:RVA=0xee3e90..0xee40b0
NOUN_PLURAL	SHIN	shins	胫骨	data/vanilla/vanilla_languages/objects/language_words.txt:12844	word+0x40	PE:RVA=0xee3e90..0xee40b0
NOUN_SINGULAR	TORTURE	torture	拷问	data/vanilla/vanilla_languages/objects/language_words.txt:12853	word+0x20	PE:RVA=0xee3e90..0xee40b0
NOUN_PLURAL	TORTURE	tortures	拷问	data/vanilla/vanilla_languages/objects/language_words.txt:12853	word+0x40	PE:RVA=0xee3e90..0xee40b0
ADJ	TORTURE	torturous	折磨人	data/vanilla/vanilla_languages/objects/language_words.txt:12861	word+0x60	PE:RVA=0xee3cf0..0xee3e8f
NOUN_SINGULAR	TOOL	tool	工具	data/vanilla/vanilla_languages/objects/language_words.txt:12867	word+0x20	PE:RVA=0xee3e90..0xee40b0
NOUN_PLURAL	TOOL	tools	工具	data/vanilla/vanilla_languages/objects/language_words.txt:12867	word+0x40	PE:RVA=0xee3e90..0xee40b0
NOUN_SINGULAR	SCHOLAR	scholar	学者	data/vanilla/vanilla_languages/objects/language_words.txt:12876	word+0x20	PE:RVA=0xee3e90..0xee40b0
NOUN_PLURAL	SCHOLAR	scholars	学者	data/vanilla/vanilla_languages/objects/language_words.txt:12876	word+0x40	PE:RVA=0xee3e90..0xee40b0
ADJ	SCHOLAR	scholarly	博学	data/vanilla/vanilla_languages/objects/language_words.txt:12883	word+0x60	PE:RVA=0xee3cf0..0xee3e8f
ADJ	MASSIVE	massive	大而重	data/vanilla/vanilla_languages/objects/language_words.txt:12891	word+0x60	PE:RVA=0xee3cf0..0xee3e8f
ADJ	LARGE	large	大	data/vanilla/vanilla_languages/objects/language_words.txt:12897	word+0x60	PE:RVA=0xee3cf0..0xee3e8f
ADJ	SMALL	small	小	data/vanilla/vanilla_languages/objects/language_words.txt:12903	word+0x60	PE:RVA=0xee3cf0..0xee3e8f
NOUN_SINGULAR	LOAF	loaf	面包	data/vanilla/vanilla_languages/objects/language_words.txt:12909	word+0x20	PE:RVA=0xee3e90..0xee40b0
NOUN_PLURAL	LOAF	loaves	面包	data/vanilla/vanilla_languages/objects/language_words.txt:12909	word+0x40	PE:RVA=0xee3e90..0xee40b0
NOUN_SINGULAR	TILE	tile	砖瓦	data/vanilla/vanilla_languages/objects/language_words.txt:12918	word+0x20	PE:RVA=0xee3e90..0xee40b0
NOUN_PLURAL	TILE	tiles	砖瓦	data/vanilla/vanilla_languages/objects/language_words.txt:12918	word+0x40	PE:RVA=0xee3e90..0xee40b0
ADJ	TILE	tiled	铺砖	data/vanilla/vanilla_languages/objects/language_words.txt:12926	word+0x60	PE:RVA=0xee3cf0..0xee3e8f
NOUN_SINGULAR	SPORT	sport	运动	data/vanilla/vanilla_languages/objects/language_words.txt:12932	word+0x20	PE:RVA=0xee3e90..0xee40b0
NOUN_PLURAL	SPORT	sports	运动	data/vanilla/vanilla_languages/objects/language_words.txt:12932	word+0x40	PE:RVA=0xee3e90..0xee40b0
NOUN_SINGULAR	SEARCH	search	搜寻	data/vanilla/vanilla_languages/objects/language_words.txt:12942	word+0x20	PE:RVA=0xee3e90..0xee40b0
NOUN_PLURAL	SEARCH	searches	搜寻	data/vanilla/vanilla_languages/objects/language_words.txt:12942	word+0x40	PE:RVA=0xee3e90..0xee40b0
ADJ	STALE	stale	不新鲜	data/vanilla/vanilla_languages/objects/language_words.txt:12950	word+0x60	PE:RVA=0xee3cf0..0xee3e8f
ADJ	FRESH	fresh	新鲜	data/vanilla/vanilla_languages/objects/language_words.txt:12956	word+0x60	PE:RVA=0xee3cf0..0xee3e8f
NOUN_SINGULAR	WORTHY	worth	价值	data/vanilla/vanilla_languages/objects/language_words.txt:12966	word+0x20	PE:RVA=0xee3e90..0xee40b0
ADJ	WORTHY	worthy	有价值	data/vanilla/vanilla_languages/objects/language_words.txt:12971	word+0x60	PE:RVA=0xee3cf0..0xee3e8f
ADJ	WORTHLESS	worthless	无价值	data/vanilla/vanilla_languages/objects/language_words.txt:12977	word+0x60	PE:RVA=0xee3cf0..0xee3e8f
NOUN_SINGULAR	FRIGHT	fright	惊骇	data/vanilla/vanilla_languages/objects/language_words.txt:12983	word+0x20	PE:RVA=0xee3e90..0xee40b0
ADJ	FRIGHT	frightful	可怕	data/vanilla/vanilla_languages/objects/language_words.txt:12988	word+0x60	PE:RVA=0xee3cf0..0xee3e8f
ADJ	REVOLTING	revolting	恶心	data/vanilla/vanilla_languages/objects/language_words.txt:12996	word+0x60	PE:RVA=0xee3cf0..0xee3e8f
NOUN_SINGULAR	DISGUST	disgust	厌恶	data/vanilla/vanilla_languages/objects/language_words.txt:13001	word+0x20	PE:RVA=0xee3e90..0xee40b0
ADJ	DISGUST	disgusting	恶心	data/vanilla/vanilla_languages/objects/language_words.txt:13006	word+0x60	PE:RVA=0xee3cf0..0xee3e8f
NOUN_SINGULAR	OUTRAGE	outrage	暴行	data/vanilla/vanilla_languages/objects/language_words.txt:13011	word+0x20	PE:RVA=0xee3e90..0xee40b0
ADJ	OUTRAGE	outrageous	暴虐	data/vanilla/vanilla_languages/objects/language_words.txt:13016	word+0x60	PE:RVA=0xee3cf0..0xee3e8f
NOUN_SINGULAR	CRUEL	cruelty	残酷	data/vanilla/vanilla_languages/objects/language_words.txt:13020	word+0x20	PE:RVA=0xee3e90..0xee40b0
NOUN_PLURAL	CRUEL	cruelties	残酷	data/vanilla/vanilla_languages/objects/language_words.txt:13020	word+0x40	PE:RVA=0xee3e90..0xee40b0
ADJ	CRUEL	cruel	残酷	data/vanilla/vanilla_languages/objects/language_words.txt:13026	word+0x60	PE:RVA=0xee3cf0..0xee3e8f
NOUN_SINGULAR	DEVIANT	deviance	反常	data/vanilla/vanilla_languages/objects/language_words.txt:13032	word+0x20	PE:RVA=0xee3e90..0xee40b0
ADJ	DEVIANT	deviant	反常	data/vanilla/vanilla_languages/objects/language_words.txt:13037	word+0x60	PE:RVA=0xee3cf0..0xee3e8f
ADJ	DEVIOUS	devious	阴险	data/vanilla/vanilla_languages/objects/language_words.txt:13043	word+0x60	PE:RVA=0xee3cf0..0xee3e8f
ADJ	FABULOUS	fabulous	神奇	data/vanilla/vanilla_languages/objects/language_words.txt:13049	word+0x60	PE:RVA=0xee3cf0..0xee3e8f
NOUN_SINGULAR	MORALITY	morality	道德	data/vanilla/vanilla_languages/objects/language_words.txt:13053	word+0x20	PE:RVA=0xee3e90..0xee40b0
NOUN_SINGULAR	IMMORALITY	immorality	不道德	data/vanilla/vanilla_languages/objects/language_words.txt:13058	word+0x20	PE:RVA=0xee3e90..0xee40b0
ADJ	SKINNY	skinny	瘦削	data/vanilla/vanilla_languages/objects/language_words.txt:13067	word+0x60	PE:RVA=0xee3cf0..0xee3e8f
ADJ	NARROW	narrow	狭窄	data/vanilla/vanilla_languages/objects/language_words.txt:13073	word+0x60	PE:RVA=0xee3cf0..0xee3e8f
NOUN_SINGULAR	GRIEF	grief	伤心	data/vanilla/vanilla_languages/objects/language_words.txt:13079	word+0x20	PE:RVA=0xee3e90..0xee40b0
ADJ	GRIEF	grieving	悲恸	data/vanilla/vanilla_languages/objects/language_words.txt:13084	word+0x60	PE:RVA=0xee3cf0..0xee3e8f
NOUN_SINGULAR	BELT	belt	带子	data/vanilla/vanilla_languages/objects/language_words.txt:13092	word+0x20	PE:RVA=0xee3e90..0xee40b0
NOUN_PLURAL	BELT	belts	带子	data/vanilla/vanilla_languages/objects/language_words.txt:13092	word+0x40	PE:RVA=0xee3e90..0xee40b0
ADJ	BELT	belted	束带	data/vanilla/vanilla_languages/objects/language_words.txt:13099	word+0x60	PE:RVA=0xee3cf0..0xee3e8f
NOUN_SINGULAR	SANDAL	sandal	凉鞋	data/vanilla/vanilla_languages/objects/language_words.txt:13105	word+0x20	PE:RVA=0xee3e90..0xee40b0
NOUN_PLURAL	SANDAL	sandals	凉鞋	data/vanilla/vanilla_languages/objects/language_words.txt:13105	word+0x40	PE:RVA=0xee3e90..0xee40b0
ADJ	SANDAL	sandaled	穿凉鞋	data/vanilla/vanilla_languages/objects/language_words.txt:13112	word+0x60	PE:RVA=0xee3cf0..0xee3e8f
NOUN_SINGULAR	FUTURE	future	未来	data/vanilla/vanilla_languages/objects/language_words.txt:13117	word+0x20	PE:RVA=0xee3e90..0xee40b0
ADJ	FUTURE	future	将来	data/vanilla/vanilla_languages/objects/language_words.txt:13121	word+0x60	PE:RVA=0xee3cf0..0xee3e8f
NOUN_SINGULAR	PAST	past	过去	data/vanilla/vanilla_languages/objects/language_words.txt:13127	word+0x20	PE:RVA=0xee3e90..0xee40b0
ADJ	PAST	past	过去	data/vanilla/vanilla_languages/objects/language_words.txt:13131	word+0x60	PE:RVA=0xee3cf0..0xee3e8f
NOUN_SINGULAR	PRESENT	present	现在	data/vanilla/vanilla_languages/objects/language_words.txt:13137	word+0x20	PE:RVA=0xee3e90..0xee40b0
ADJ	PRESENT	present	现在	data/vanilla/vanilla_languages/objects/language_words.txt:13141	word+0x60	PE:RVA=0xee3cf0..0xee3e8f
NOUN_SINGULAR	BITE	bite	咬	data/vanilla/vanilla_languages/objects/language_words.txt:13147	word+0x20	PE:RVA=0xee3e90..0xee40b0
NOUN_PLURAL	BITE	bites	咬	data/vanilla/vanilla_languages/objects/language_words.txt:13147	word+0x40	PE:RVA=0xee3e90..0xee40b0
ADJ	SPLIT	split	劈开	data/vanilla/vanilla_languages/objects/language_words.txt:13158	word+0x60	PE:RVA=0xee3cf0..0xee3e8f
ADJ	BRASH	brash	性急	data/vanilla/vanilla_languages/objects/language_words.txt:13166	word+0x60	PE:RVA=0xee3cf0..0xee3e8f
ADJ	BRAZEN	brazen	厚颜	data/vanilla/vanilla_languages/objects/language_words.txt:13172	word+0x60	PE:RVA=0xee3cf0..0xee3e8f
NOUN_SINGULAR	STRANGLE	strangulation	勒杀	data/vanilla/vanilla_languages/objects/language_words.txt:13178	word+0x20	PE:RVA=0xee3e90..0xee40b0
ADJ	STRANGLE	strangled	扼死	data/vanilla/vanilla_languages/objects/language_words.txt:13181	word+0x60	PE:RVA=0xee3cf0..0xee3e8f
NOUN_SINGULAR	GALLOWS	gallows	绞架	data/vanilla/vanilla_languages/objects/language_words.txt:13189	word+0x20	PE:RVA=0xee3e90..0xee40b0
NOUN_PLURAL	GALLOWS	gallows	绞架	data/vanilla/vanilla_languages/objects/language_words.txt:13189	word+0x40	PE:RVA=0xee3e90..0xee40b0
NOUN_SINGULAR	MUSCLE	muscle	肌肉	data/vanilla/vanilla_languages/objects/language_words.txt:13198	word+0x20	PE:RVA=0xee3e90..0xee40b0
NOUN_PLURAL	MUSCLE	muscles	肌肉	data/vanilla/vanilla_languages/objects/language_words.txt:13198	word+0x40	PE:RVA=0xee3e90..0xee40b0
ADJ	MUSCLE	muscular	强壮	data/vanilla/vanilla_languages/objects/language_words.txt:13206	word+0x60	PE:RVA=0xee3cf0..0xee3e8f
ADJ	DIM	dim	暗淡	data/vanilla/vanilla_languages/objects/language_words.txt:13210	word+0x60	PE:RVA=0xee3cf0..0xee3e8f
NOUN_SINGULAR	SPURT	spurt	喷射	data/vanilla/vanilla_languages/objects/language_words.txt:13218	word+0x20	PE:RVA=0xee3e90..0xee40b0
NOUN_PLURAL	SPURT	spurts	喷射	data/vanilla/vanilla_languages/objects/language_words.txt:13218	word+0x40	PE:RVA=0xee3e90..0xee40b0
ADJ	SPURT	spurting	喷射状	data/vanilla/vanilla_languages/objects/language_words.txt:13225	word+0x60	PE:RVA=0xee3cf0..0xee3e8f
NOUN_SINGULAR	GRAVEL	gravel	砂砾	data/vanilla/vanilla_languages/objects/language_words.txt:13233	word+0x20	PE:RVA=0xee3e90..0xee40b0
NOUN_SINGULAR	RISK	risk	冒险	data/vanilla/vanilla_languages/objects/language_words.txt:13240	word+0x20	PE:RVA=0xee3e90..0xee40b0
NOUN_PLURAL	RISK	risks	冒险	data/vanilla/vanilla_languages/objects/language_words.txt:13240	word+0x40	PE:RVA=0xee3e90..0xee40b0
ADJ	RISK	risky	危险	data/vanilla/vanilla_languages/objects/language_words.txt:13248	word+0x60	PE:RVA=0xee3cf0..0xee3e8f
NOUN_SINGULAR	CHANCE	chance	机会	data/vanilla/vanilla_languages/objects/language_words.txt:13256	word+0x20	PE:RVA=0xee3e90..0xee40b0
NOUN_PLURAL	CHANCE	chances	机会	data/vanilla/vanilla_languages/objects/language_words.txt:13256	word+0x40	PE:RVA=0xee3e90..0xee40b0
NOUN_SINGULAR	CHANNEL	channel	渠道	data/vanilla/vanilla_languages/objects/language_words.txt:13268	word+0x20	PE:RVA=0xee3e90..0xee40b0
NOUN_PLURAL	CHANNEL	channels	渠道	data/vanilla/vanilla_languages/objects/language_words.txt:13268	word+0x40	PE:RVA=0xee3e90..0xee40b0
NOUN_SINGULAR	MIRTH	mirth	欢笑	data/vanilla/vanilla_languages/objects/language_words.txt:13279	word+0x20	PE:RVA=0xee3e90..0xee40b0
ADJ	MIRTH	mirthful	愉快	data/vanilla/vanilla_languages/objects/language_words.txt:13284	word+0x60	PE:RVA=0xee3cf0..0xee3e8f
NOUN_SINGULAR	GLEE	glee	欢乐	data/vanilla/vanilla_languages/objects/language_words.txt:13290	word+0x20	PE:RVA=0xee3e90..0xee40b0
ADJ	GLEE	gleeful	愉快	data/vanilla/vanilla_languages/objects/language_words.txt:13295	word+0x60	PE:RVA=0xee3cf0..0xee3e8f
NOUN_SINGULAR	VICTIM	victim	受害人	data/vanilla/vanilla_languages/objects/language_words.txt:13301	word+0x20	PE:RVA=0xee3e90..0xee40b0
NOUN_PLURAL	VICTIM	victims	受害人	data/vanilla/vanilla_languages/objects/language_words.txt:13301	word+0x40	PE:RVA=0xee3e90..0xee40b0
NOUN_SINGULAR	STRANGER	stranger	陌生人	data/vanilla/vanilla_languages/objects/language_words.txt:13310	word+0x20	PE:RVA=0xee3e90..0xee40b0
NOUN_PLURAL	STRANGER	strangers	陌生人	data/vanilla/vanilla_languages/objects/language_words.txt:13310	word+0x40	PE:RVA=0xee3e90..0xee40b0
ADJ	DRAB	drab	土褐色	data/vanilla/vanilla_languages/objects/language_words.txt:13319	word+0x60	PE:RVA=0xee3cf0..0xee3e8f
NOUN_SINGULAR	VISION	vision	异象	data/vanilla/vanilla_languages/objects/language_words.txt:13325	word+0x20	PE:RVA=0xee3e90..0xee40b0
NOUN_PLURAL	VISION	visions	异象	data/vanilla/vanilla_languages/objects/language_words.txt:13325	word+0x40	PE:RVA=0xee3e90..0xee40b0
NOUN_SINGULAR	VISIONARY	visionary	先知	data/vanilla/vanilla_languages/objects/language_words.txt:13335	word+0x20	PE:RVA=0xee3e90..0xee40b0
NOUN_PLURAL	VISIONARY	visionaries	先知	data/vanilla/vanilla_languages/objects/language_words.txt:13335	word+0x40	PE:RVA=0xee3e90..0xee40b0
NOUN_SINGULAR	ORACLE	oracle	神谕	data/vanilla/vanilla_languages/objects/language_words.txt:13340	word+0x20	PE:RVA=0xee3e90..0xee40b0
NOUN_PLURAL	ORACLE	oracles	神谕	data/vanilla/vanilla_languages/objects/language_words.txt:13340	word+0x40	PE:RVA=0xee3e90..0xee40b0
ADJ	ORACLE	oracular	神谕	data/vanilla/vanilla_languages/objects/language_words.txt:13345	word+0x60	PE:RVA=0xee3cf0..0xee3e8f
NOUN_SINGULAR	UTTER	utterance	发声	data/vanilla/vanilla_languages/objects/language_words.txt:13349	word+0x20	PE:RVA=0xee3e90..0xee40b0
NOUN_PLURAL	UTTER	utterances	发声	data/vanilla/vanilla_languages/objects/language_words.txt:13349	word+0x40	PE:RVA=0xee3e90..0xee40b0
NOUN_SINGULAR	DECIDE	decision	决定	data/vanilla/vanilla_languages/objects/language_words.txt:13357	word+0x20	PE:RVA=0xee3e90..0xee40b0
NOUN_PLURAL	DECIDE	decisions	决定	data/vanilla/vanilla_languages/objects/language_words.txt:13357	word+0x40	PE:RVA=0xee3e90..0xee40b0
ADJ	DECISIVE	decisive	决定性	data/vanilla/vanilla_languages/objects/language_words.txt:13364	word+0x60	PE:RVA=0xee3cf0..0xee3e8f
ADJ	SPECIAL	special	特别	data/vanilla/vanilla_languages/objects/language_words.txt:13368	word+0x60	PE:RVA=0xee3cf0..0xee3e8f
NOUN_SINGULAR	AUTHOR	author	作家	data/vanilla/vanilla_languages/objects/language_words.txt:13374	word+0x20	PE:RVA=0xee3e90..0xee40b0
NOUN_PLURAL	AUTHOR	authors	作家	data/vanilla/vanilla_languages/objects/language_words.txt:13374	word+0x40	PE:RVA=0xee3e90..0xee40b0
NOUN_SINGULAR	AUTHORITY	authority	权力	data/vanilla/vanilla_languages/objects/language_words.txt:13384	word+0x20	PE:RVA=0xee3e90..0xee40b0
NOUN_SINGULAR	PORTENT	portent	前兆	data/vanilla/vanilla_languages/objects/language_words.txt:13389	word+0x20	PE:RVA=0xee3e90..0xee40b0
NOUN_PLURAL	PORTENT	portents	前兆	data/vanilla/vanilla_languages/objects/language_words.txt:13389	word+0x40	PE:RVA=0xee3e90..0xee40b0
ADJ	PORTENT	portentous	前兆	data/vanilla/vanilla_languages/objects/language_words.txt:13397	word+0x60	PE:RVA=0xee3cf0..0xee3e8f
ADJ	MOMENTOUS	momentous	重大	data/vanilla/vanilla_languages/objects/language_words.txt:13401	word+0x60	PE:RVA=0xee3cf0..0xee3e8f
ADJ	INFALLIBLE	infallible	无误	data/vanilla/vanilla_languages/objects/language_words.txt:13405	word+0x60	PE:RVA=0xee3cf0..0xee3e8f
NOUN_SINGULAR	AMBIGUOUS	ambiguity	不明确	data/vanilla/vanilla_languages/objects/language_words.txt:13409	word+0x20	PE:RVA=0xee3e90..0xee40b0
ADJ	AMBIGUOUS	ambiguous	不明确	data/vanilla/vanilla_languages/objects/language_words.txt:13412	word+0x60	PE:RVA=0xee3cf0..0xee3e8f
NOUN_SINGULAR	CURIOUS	curiosity	好奇心	data/vanilla/vanilla_languages/objects/language_words.txt:13416	word+0x20	PE:RVA=0xee3e90..0xee40b0
ADJ	CURIOUS	curious	好奇	data/vanilla/vanilla_languages/objects/language_words.txt:13419	word+0x60	PE:RVA=0xee3cf0..0xee3e8f
NOUN_SINGULAR	OBSCURE	obscurity	阴暗	data/vanilla/vanilla_languages/objects/language_words.txt:13424	word+0x20	PE:RVA=0xee3e90..0xee40b0
ADJ	OBSCURE	obscure	模糊	data/vanilla/vanilla_languages/objects/language_words.txt:13427	word+0x60	PE:RVA=0xee3cf0..0xee3e8f
NOUN_SINGULAR	OBSCENE	obscenity	淫秽	data/vanilla/vanilla_languages/objects/language_words.txt:13433	word+0x20	PE:RVA=0xee3e90..0xee40b0
ADJ	OBSCENE	obscene	淫秽	data/vanilla/vanilla_languages/objects/language_words.txt:13435	word+0x60	PE:RVA=0xee3cf0..0xee3e8f
NOUN_SINGULAR	OBSTACLE	obstacle	障碍	data/vanilla/vanilla_languages/objects/language_words.txt:13441	word+0x20	PE:RVA=0xee3e90..0xee40b0
NOUN_PLURAL	OBSTACLE	obstacles	障碍	data/vanilla/vanilla_languages/objects/language_words.txt:13441	word+0x40	PE:RVA=0xee3e90..0xee40b0
NOUN_SINGULAR	VULGAR	vulgarity	粗俗	data/vanilla/vanilla_languages/objects/language_words.txt:13447	word+0x20	PE:RVA=0xee3e90..0xee40b0
NOUN_PLURAL	VULGAR	vulgarities	粗俗	data/vanilla/vanilla_languages/objects/language_words.txt:13447	word+0x40	PE:RVA=0xee3e90..0xee40b0
ADJ	VULGAR	vulgar	粗俗	data/vanilla/vanilla_languages/objects/language_words.txt:13452	word+0x60	PE:RVA=0xee3cf0..0xee3e8f
ADJ	OMINOUS	ominous	恶兆	data/vanilla/vanilla_languages/objects/language_words.txt:13458	word+0x60	PE:RVA=0xee3cf0..0xee3e8f
NOUN_SINGULAR	ISLAND	island	岛	data/vanilla/vanilla_languages/objects/language_words.txt:13462	word+0x20	PE:RVA=0xee3e90..0xee40b0
NOUN_PLURAL	ISLAND	islands	岛	data/vanilla/vanilla_languages/objects/language_words.txt:13462	word+0x40	PE:RVA=0xee3e90..0xee40b0
NOUN_SINGULAR	CHURCH	church	教堂	data/vanilla/vanilla_languages/objects/language_words.txt:13470	word+0x20	PE:RVA=0xee3e90..0xee40b0
NOUN_PLURAL	CHURCH	churches	教堂	data/vanilla/vanilla_languages/objects/language_words.txt:13470	word+0x40	PE:RVA=0xee3e90..0xee40b0
NOUN_SINGULAR	TEMPLE	temple	圣堂	data/vanilla/vanilla_languages/objects/language_words.txt:13480	word+0x20	PE:RVA=0xee3e90..0xee40b0
NOUN_PLURAL	TEMPLE	temples	圣堂	data/vanilla/vanilla_languages/objects/language_words.txt:13480	word+0x40	PE:RVA=0xee3e90..0xee40b0
NOUN_SINGULAR	CULT	cult	膜拜	data/vanilla/vanilla_languages/objects/language_words.txt:13489	word+0x20	PE:RVA=0xee3e90..0xee40b0
NOUN_PLURAL	CULT	cults	膜拜	data/vanilla/vanilla_languages/objects/language_words.txt:13489	word+0x40	PE:RVA=0xee3e90..0xee40b0
NOUN_SINGULAR	COVEN	coven	女巫会	data/vanilla/vanilla_languages/objects/language_words.txt:13498	word+0x20	PE:RVA=0xee3e90..0xee40b0
NOUN_PLURAL	COVEN	covens	女巫会	data/vanilla/vanilla_languages/objects/language_words.txt:13498	word+0x40	PE:RVA=0xee3e90..0xee40b0
NOUN_SINGULAR	SECT	sect	宗派	data/vanilla/vanilla_languages/objects/language_words.txt:13507	word+0x20	PE:RVA=0xee3e90..0xee40b0
NOUN_PLURAL	SECT	sects	宗派	data/vanilla/vanilla_languages/objects/language_words.txt:13507	word+0x40	PE:RVA=0xee3e90..0xee40b0
NOUN_SINGULAR	ORDER GROUP	order	教团	data/vanilla/vanilla_languages/objects/language_words.txt:13516	word+0x20	PE:RVA=0xee3e90..0xee40b0
NOUN_PLURAL	ORDER GROUP	orders	教团	data/vanilla/vanilla_languages/objects/language_words.txt:13516	word+0x40	PE:RVA=0xee3e90..0xee40b0
NOUN_SINGULAR	CREED	creed	信条	data/vanilla/vanilla_languages/objects/language_words.txt:13525	word+0x20	PE:RVA=0xee3e90..0xee40b0
NOUN_PLURAL	CREED	creeds	信条	data/vanilla/vanilla_languages/objects/language_words.txt:13525	word+0x40	PE:RVA=0xee3e90..0xee40b0
NOUN_SINGULAR	COMMUNION	communion	共融	data/vanilla/vanilla_languages/objects/language_words.txt:13534	word+0x20	PE:RVA=0xee3e90..0xee40b0
NOUN_PLURAL	COMMUNION	communions	共融	data/vanilla/vanilla_languages/objects/language_words.txt:13534	word+0x40	PE:RVA=0xee3e90..0xee40b0
NOUN_SINGULAR	DOCTRINE	doctrine	教条	data/vanilla/vanilla_languages/objects/language_words.txt:13540	word+0x20	PE:RVA=0xee3e90..0xee40b0
NOUN_PLURAL	DOCTRINE	doctrines	教条	data/vanilla/vanilla_languages/objects/language_words.txt:13540	word+0x40	PE:RVA=0xee3e90..0xee40b0
NOUN_SINGULAR	FAITH	faith	信心	data/vanilla/vanilla_languages/objects/language_words.txt:13551	word+0x20	PE:RVA=0xee3e90..0xee40b0
NOUN_PLURAL	FAITH	faiths	信心	data/vanilla/vanilla_languages/objects/language_words.txt:13551	word+0x40	PE:RVA=0xee3e90..0xee40b0
NOUN_SINGULAR	DENOMINATION	denomination	教派	data/vanilla/vanilla_languages/objects/language_words.txt:13560	word+0x20	PE:RVA=0xee3e90..0xee40b0
NOUN_PLURAL	DENOMINATION	denominations	教派	data/vanilla/vanilla_languages/objects/language_words.txt:13560	word+0x40	PE:RVA=0xee3e90..0xee40b0
NOUN_SINGULAR	TEMPLE HEAD	temple	太阳穴	data/vanilla/vanilla_languages/objects/language_words.txt:13565	word+0x20	PE:RVA=0xee3e90..0xee40b0
NOUN_PLURAL	TEMPLE HEAD	temples	太阳穴	data/vanilla/vanilla_languages/objects/language_words.txt:13565	word+0x40	PE:RVA=0xee3e90..0xee40b0
ADJ	OCCULT	occult	神秘	data/vanilla/vanilla_languages/objects/language_words.txt:13575	word+0x60	PE:RVA=0xee3cf0..0xee3e8f
NOUN_SINGULAR	ORDER CONCEPT	order	秩序	data/vanilla/vanilla_languages/objects/language_words.txt:13580	word+0x20	PE:RVA=0xee3e90..0xee40b0
ADJ	ORDER CONCEPT	ordered	有序	data/vanilla/vanilla_languages/objects/language_words.txt:13586	word+0x60	PE:RVA=0xee3cf0..0xee3e8f
NOUN_SINGULAR	FAITH LOYALTY	faith	忠信	data/vanilla/vanilla_languages/objects/language_words.txt:13591	word+0x20	PE:RVA=0xee3e90..0xee40b0
ADJ	FAITH LOYALTY	faithful	忠诚	data/vanilla/vanilla_languages/objects/language_words.txt:13597	word+0x60	PE:RVA=0xee3cf0..0xee3e8f
NOUN_SINGULAR	GUILT	guilt	罪行	data/vanilla/vanilla_languages/objects/language_words.txt:13603	word+0x20	PE:RVA=0xee3e90..0xee40b0
ADJ	GUILT	guilty	犯罪	data/vanilla/vanilla_languages/objects/language_words.txt:13609	word+0x60	PE:RVA=0xee3cf0..0xee3e8f
NOUN_SINGULAR	BABY	baby	婴孩	data/vanilla/vanilla_languages/objects/language_words.txt:13615	word+0x20	PE:RVA=0xee3e90..0xee40b0
NOUN_PLURAL	BABY	babies	婴孩	data/vanilla/vanilla_languages/objects/language_words.txt:13615	word+0x40	PE:RVA=0xee3e90..0xee40b0
NOUN_SINGULAR	GIRL	girl	女孩	data/vanilla/vanilla_languages/objects/language_words.txt:13628	word+0x20	PE:RVA=0xee3e90..0xee40b0
NOUN_PLURAL	GIRL	girls	女孩	data/vanilla/vanilla_languages/objects/language_words.txt:13628	word+0x40	PE:RVA=0xee3e90..0xee40b0
ADJ	GIRL	girlish	少女	data/vanilla/vanilla_languages/objects/language_words.txt:13635	word+0x60	PE:RVA=0xee3cf0..0xee3e8f
NOUN_SINGULAR	BOY	boy	男孩	data/vanilla/vanilla_languages/objects/language_words.txt:13641	word+0x20	PE:RVA=0xee3e90..0xee40b0
NOUN_PLURAL	BOY	boys	男孩	data/vanilla/vanilla_languages/objects/language_words.txt:13641	word+0x40	PE:RVA=0xee3e90..0xee40b0
ADJ	BOY	boyish	男孩	data/vanilla/vanilla_languages/objects/language_words.txt:13648	word+0x60	PE:RVA=0xee3cf0..0xee3e8f
NOUN_SINGULAR	WOMAN	woman	女人	data/vanilla/vanilla_languages/objects/language_words.txt:13654	word+0x20	PE:RVA=0xee3e90..0xee40b0
NOUN_PLURAL	WOMAN	women	女人	data/vanilla/vanilla_languages/objects/language_words.txt:13654	word+0x40	PE:RVA=0xee3e90..0xee40b0
NOUN_SINGULAR	FLAG	flag	旗	data/vanilla/vanilla_languages/objects/language_words.txt:13664	word+0x20	PE:RVA=0xee3e90..0xee40b0
NOUN_PLURAL	FLAG	flags	旗	data/vanilla/vanilla_languages/objects/language_words.txt:13664	word+0x40	PE:RVA=0xee3e90..0xee40b0
NOUN_SINGULAR	BANNER	banner	旗帜	data/vanilla/vanilla_languages/objects/language_words.txt:13674	word+0x20	PE:RVA=0xee3e90..0xee40b0
NOUN_PLURAL	BANNER	banners	旗帜	data/vanilla/vanilla_languages/objects/language_words.txt:13674	word+0x40	PE:RVA=0xee3e90..0xee40b0
NOUN_SINGULAR	WREATH	wreath	花圈	data/vanilla/vanilla_languages/objects/language_words.txt:13684	word+0x20	PE:RVA=0xee3e90..0xee40b0
NOUN_PLURAL	WREATH	wreaths	花圈	data/vanilla/vanilla_languages/objects/language_words.txt:13684	word+0x40	PE:RVA=0xee3e90..0xee40b0
NOUN_SINGULAR	STANDARD FLAG	standard	军旗	data/vanilla/vanilla_languages/objects/language_words.txt:13694	word+0x20	PE:RVA=0xee3e90..0xee40b0
NOUN_PLURAL	STANDARD FLAG	standards	军旗	data/vanilla/vanilla_languages/objects/language_words.txt:13694	word+0x40	PE:RVA=0xee3e90..0xee40b0
NOUN_SINGULAR	TRUMPET	trumpet	喇叭	data/vanilla/vanilla_languages/objects/language_words.txt:13704	word+0x20	PE:RVA=0xee3e90..0xee40b0
NOUN_PLURAL	TRUMPET	trumpets	喇叭	data/vanilla/vanilla_languages/objects/language_words.txt:13704	word+0x40	PE:RVA=0xee3e90..0xee40b0
NOUN_SINGULAR	GOAL	goal	目标	data/vanilla/vanilla_languages/objects/language_words.txt:13714	word+0x20	PE:RVA=0xee3e90..0xee40b0
NOUN_PLURAL	GOAL	goals	目标	data/vanilla/vanilla_languages/objects/language_words.txt:13714	word+0x40	PE:RVA=0xee3e90..0xee40b0
NOUN_SINGULAR	JAIL	jail	监牢	data/vanilla/vanilla_languages/objects/language_words.txt:13723	word+0x20	PE:RVA=0xee3e90..0xee40b0
NOUN_PLURAL	JAIL	jails	监牢	data/vanilla/vanilla_languages/objects/language_words.txt:13723	word+0x40	PE:RVA=0xee3e90..0xee40b0
NOUN_SINGULAR	PRISON	prison	监狱	data/vanilla/vanilla_languages/objects/language_words.txt:13733	word+0x20	PE:RVA=0xee3e90..0xee40b0
NOUN_PLURAL	PRISON	prisons	监狱	data/vanilla/vanilla_languages/objects/language_words.txt:13733	word+0x40	PE:RVA=0xee3e90..0xee40b0
NOUN_SINGULAR	LIBRARY	library	图书馆	data/vanilla/vanilla_languages/objects/language_words.txt:13743	word+0x20	PE:RVA=0xee3e90..0xee40b0
NOUN_PLURAL	LIBRARY	libraries	图书馆	data/vanilla/vanilla_languages/objects/language_words.txt:13743	word+0x40	PE:RVA=0xee3e90..0xee40b0
NOUN_SINGULAR	AVALANCHE	avalanche	雪崩	data/vanilla/vanilla_languages/objects/language_words.txt:13749	word+0x20	PE:RVA=0xee3e90..0xee40b0
NOUN_PLURAL	AVALANCHE	avalanches	雪崩	data/vanilla/vanilla_languages/objects/language_words.txt:13749	word+0x40	PE:RVA=0xee3e90..0xee40b0
NOUN_SINGULAR	STIGMA	stigma	耻辱	data/vanilla/vanilla_languages/objects/language_words.txt:13755	word+0x20	PE:RVA=0xee3e90..0xee40b0
NOUN_PLURAL	STIGMA	stigmata	耻辱	data/vanilla/vanilla_languages/objects/language_words.txt:13755	word+0x40	PE:RVA=0xee3e90..0xee40b0
ADJ	SLICK	slick	光滑	data/vanilla/vanilla_languages/objects/language_words.txt:13763	word+0x60	PE:RVA=0xee3cf0..0xee3e8f
NOUN_SINGULAR	JAILER	jailer	狱卒	data/vanilla/vanilla_languages/objects/language_words.txt:13773	word+0x20	PE:RVA=0xee3e90..0xee40b0
NOUN_PLURAL	JAILER	jailers	狱卒	data/vanilla/vanilla_languages/objects/language_words.txt:13773	word+0x40	PE:RVA=0xee3e90..0xee40b0
ADJ	STILL UNMOVING	still	静止	data/vanilla/vanilla_languages/objects/language_words.txt:13782	word+0x60	PE:RVA=0xee3cf0..0xee3e8f
NOUN_SINGULAR	CALM	calm	平稳	data/vanilla/vanilla_languages/objects/language_words.txt:13790	word+0x20	PE:RVA=0xee3e90..0xee40b0
ADJ	CALM	calm	平静	data/vanilla/vanilla_languages/objects/language_words.txt:13795	word+0x60	PE:RVA=0xee3cf0..0xee3e8f
ADJ	LACONIC	laconic	简洁	data/vanilla/vanilla_languages/objects/language_words.txt:13807	word+0x60	PE:RVA=0xee3cf0..0xee3e8f
NOUN_SINGULAR	LULL	lull	暂停	data/vanilla/vanilla_languages/objects/language_words.txt:13811	word+0x20	PE:RVA=0xee3e90..0xee40b0
NOUN_PLURAL	LULL	lulls	暂停	data/vanilla/vanilla_languages/objects/language_words.txt:13811	word+0x40	PE:RVA=0xee3e90..0xee40b0
ADJ	MUTE	mute	哑	data/vanilla/vanilla_languages/objects/language_words.txt:13821	word+0x60	PE:RVA=0xee3cf0..0xee3e8f
NOUN_SINGULAR	NOISELESS	noiselessness	无噪音	data/vanilla/vanilla_languages/objects/language_words.txt:13829	word+0x20	PE:RVA=0xee3e90..0xee40b0
ADJ	NOISELESS	noiseless	无声	data/vanilla/vanilla_languages/objects/language_words.txt:13831	word+0x60	PE:RVA=0xee3cf0..0xee3e8f
NOUN_SINGULAR	QUIESCENT	quiescence	静止	data/vanilla/vanilla_languages/objects/language_words.txt:13837	word+0x20	PE:RVA=0xee3e90..0xee40b0
ADJ	QUIESCENT	quiescent	静止	data/vanilla/vanilla_languages/objects/language_words.txt:13840	word+0x60	PE:RVA=0xee3cf0..0xee3e8f
NOUN_SINGULAR	QUIET	quietness	平静	data/vanilla/vanilla_languages/objects/language_words.txt:13844	word+0x20	PE:RVA=0xee3e90..0xee40b0
ADJ	QUIET	quiet	安静	data/vanilla/vanilla_languages/objects/language_words.txt:13847	word+0x60	PE:RVA=0xee3cf0..0xee3e8f
NOUN_SINGULAR	RETICENT	reticence	无言	data/vanilla/vanilla_languages/objects/language_words.txt:13854	word+0x20	PE:RVA=0xee3e90..0xee40b0
ADJ	RETICENT	reticent	无言	data/vanilla/vanilla_languages/objects/language_words.txt:13857	word+0x60	PE:RVA=0xee3cf0..0xee3e8f
NOUN_SINGULAR	SATURNINE	saturninity	忧郁	data/vanilla/vanilla_languages/objects/language_words.txt:13861	word+0x20	PE:RVA=0xee3e90..0xee40b0
ADJ	SATURNINE	saturnine	阴郁	data/vanilla/vanilla_languages/objects/language_words.txt:13864	word+0x60	PE:RVA=0xee3cf0..0xee3e8f
NOUN_SINGULAR	SPEECHLESS	speechlessness	失语	data/vanilla/vanilla_languages/objects/language_words.txt:13868	word+0x20	PE:RVA=0xee3e90..0xee40b0
ADJ	SPEECHLESS	speechless	无言	data/vanilla/vanilla_languages/objects/language_words.txt:13871	word+0x60	PE:RVA=0xee3cf0..0xee3e8f
ADJ	TACITURN	taciturn	寡言	data/vanilla/vanilla_languages/objects/language_words.txt:13877	word+0x60	PE:RVA=0xee3cf0..0xee3e8f
NOUN_SINGULAR	FORTUNE LUCK	fortune	幸运	data/vanilla/vanilla_languages/objects/language_words.txt:13881	word+0x20	PE:RVA=0xee3e90..0xee40b0
NOUN_PLURAL	FORTUNE LUCK	fortunes	幸运	data/vanilla/vanilla_languages/objects/language_words.txt:13881	word+0x40	PE:RVA=0xee3e90..0xee40b0
ADJ	FORTUNE LUCK	fortunate	幸运	data/vanilla/vanilla_languages/objects/language_words.txt:13889	word+0x60	PE:RVA=0xee3cf0..0xee3e8f
NOUN_SINGULAR	FORTUNE WEALTH	fortune	财富	data/vanilla/vanilla_languages/objects/language_words.txt:13893	word+0x20	PE:RVA=0xee3e90..0xee40b0
NOUN_PLURAL	FORTUNE WEALTH	fortunes	财富	data/vanilla/vanilla_languages/objects/language_words.txt:13893	word+0x40	PE:RVA=0xee3e90..0xee40b0
NOUN_SINGULAR	ACCIDENT	accident	意外	data/vanilla/vanilla_languages/objects/language_words.txt:13903	word+0x20	PE:RVA=0xee3e90..0xee40b0
NOUN_PLURAL	ACCIDENT	accidents	意外	data/vanilla/vanilla_languages/objects/language_words.txt:13903	word+0x40	PE:RVA=0xee3e90..0xee40b0
ADJ	ACCIDENT	accidental	意外	data/vanilla/vanilla_languages/objects/language_words.txt:13906	word+0x60	PE:RVA=0xee3cf0..0xee3e8f
NOUN_SINGULAR	CIRCUMSTANCE	circumstance	境遇	data/vanilla/vanilla_languages/objects/language_words.txt:13910	word+0x20	PE:RVA=0xee3e90..0xee40b0
NOUN_PLURAL	CIRCUMSTANCE	circumstances	境遇	data/vanilla/vanilla_languages/objects/language_words.txt:13910	word+0x40	PE:RVA=0xee3e90..0xee40b0
ADJ	CIRCUMSTANCE	circumstantial	因势	data/vanilla/vanilla_languages/objects/language_words.txt:13914	word+0x60	PE:RVA=0xee3cf0..0xee3e8f
NOUN_SINGULAR	CONTINGENT	contingent	偶发	data/vanilla/vanilla_languages/objects/language_words.txt:13918	word+0x20	PE:RVA=0xee3e90..0xee40b0
NOUN_PLURAL	CONTINGENT	contingents	偶发	data/vanilla/vanilla_languages/objects/language_words.txt:13918	word+0x40	PE:RVA=0xee3e90..0xee40b0
NOUN_SINGULAR	CONTINGENCY	contingency	偶然性	data/vanilla/vanilla_languages/objects/language_words.txt:13923	word+0x20	PE:RVA=0xee3e90..0xee40b0
NOUN_PLURAL	CONTINGENCY	contingencies	偶然性	data/vanilla/vanilla_languages/objects/language_words.txt:13923	word+0x40	PE:RVA=0xee3e90..0xee40b0
ADJ	CONTINGENCY	contingent	偶然	data/vanilla/vanilla_languages/objects/language_words.txt:13927	word+0x60	PE:RVA=0xee3cf0..0xee3e8f
NOUN_SINGULAR	COINCIDENCE	coincidence	巧合	data/vanilla/vanilla_languages/objects/language_words.txt:13931	word+0x20	PE:RVA=0xee3e90..0xee40b0
NOUN_PLURAL	COINCIDENCE	coincidences	巧合	data/vanilla/vanilla_languages/objects/language_words.txt:13931	word+0x40	PE:RVA=0xee3e90..0xee40b0
ADJ	COINCIDENCE	coincidental	巧合	data/vanilla/vanilla_languages/objects/language_words.txt:13936	word+0x60	PE:RVA=0xee3cf0..0xee3e8f
NOUN_SINGULAR	FLUKE	fluke	偶然	data/vanilla/vanilla_languages/objects/language_words.txt:13940	word+0x20	PE:RVA=0xee3e90..0xee40b0
NOUN_PLURAL	FLUKE	flukes	偶然	data/vanilla/vanilla_languages/objects/language_words.txt:13940	word+0x40	PE:RVA=0xee3e90..0xee40b0
NOUN_SINGULAR	LUCK	luck	运气	data/vanilla/vanilla_languages/objects/language_words.txt:13948	word+0x20	PE:RVA=0xee3e90..0xee40b0
ADJ	LUCK	lucky	幸运	data/vanilla/vanilla_languages/objects/language_words.txt:13953	word+0x60	PE:RVA=0xee3cf0..0xee3e8f
NOUN_SINGULAR	CERTAIN	certainty	确定	data/vanilla/vanilla_languages/objects/language_words.txt:13959	word+0x20	PE:RVA=0xee3e90..0xee40b0
ADJ	CERTAIN	certain	确定	data/vanilla/vanilla_languages/objects/language_words.txt:13962	word+0x60	PE:RVA=0xee3cf0..0xee3e8f
NOUN_SINGULAR	UNCERTAIN	uncertainty	不确定	data/vanilla/vanilla_languages/objects/language_words.txt:13968	word+0x20	PE:RVA=0xee3e90..0xee40b0
ADJ	UNCERTAIN	uncertain	不确定	data/vanilla/vanilla_languages/objects/language_words.txt:13971	word+0x60	PE:RVA=0xee3cf0..0xee3e8f
ADJ	FORTUITOUS	fortuitous	偶然	data/vanilla/vanilla_languages/objects/language_words.txt:13975	word+0x60	PE:RVA=0xee3cf0..0xee3e8f
NOUN_SINGULAR	INCIDENTAL	incident	事件	data/vanilla/vanilla_languages/objects/language_words.txt:13979	word+0x20	PE:RVA=0xee3e90..0xee40b0
NOUN_PLURAL	INCIDENTAL	incidents	事件	data/vanilla/vanilla_languages/objects/language_words.txt:13979	word+0x40	PE:RVA=0xee3e90..0xee40b0
ADJ	INCIDENTAL	incidental	附带	data/vanilla/vanilla_languages/objects/language_words.txt:13982	word+0x60	PE:RVA=0xee3cf0..0xee3e8f
NOUN_SINGULAR	AMUSE	amusement	兴味	data/vanilla/vanilla_languages/objects/language_words.txt:13986	word+0x20	PE:RVA=0xee3e90..0xee40b0
ADJ	AMUSE	amusing	有趣	data/vanilla/vanilla_languages/objects/language_words.txt:13989	word+0x60	PE:RVA=0xee3cf0..0xee3e8f
NOUN_SINGULAR	PASTIME	pastime	消遣	data/vanilla/vanilla_languages/objects/language_words.txt:13995	word+0x20	PE:RVA=0xee3e90..0xee40b0
NOUN_PLURAL	PASTIME	pastimes	消遣	data/vanilla/vanilla_languages/objects/language_words.txt:13995	word+0x40	PE:RVA=0xee3e90..0xee40b0
NOUN_SINGULAR	DISTRACT ANNOY	distraction	打扰	data/vanilla/vanilla_languages/objects/language_words.txt:14003	word+0x20	PE:RVA=0xee3e90..0xee40b0
NOUN_PLURAL	DISTRACT ANNOY	distractions	打扰	data/vanilla/vanilla_languages/objects/language_words.txt:14003	word+0x40	PE:RVA=0xee3e90..0xee40b0
ADJ	DISTRACT ANNOY	distracting	扰人	data/vanilla/vanilla_languages/objects/language_words.txt:14007	word+0x60	PE:RVA=0xee3cf0..0xee3e8f
NOUN_SINGULAR	DISTRACTION GAME	distraction	消遣	data/vanilla/vanilla_languages/objects/language_words.txt:14012	word+0x20	PE:RVA=0xee3e90..0xee40b0
NOUN_PLURAL	DISTRACTION GAME	distractions	消遣	data/vanilla/vanilla_languages/objects/language_words.txt:14012	word+0x40	PE:RVA=0xee3e90..0xee40b0
NOUN_SINGULAR	DIVERSION GAME	diversion	娱乐	data/vanilla/vanilla_languages/objects/language_words.txt:14018	word+0x20	PE:RVA=0xee3e90..0xee40b0
NOUN_PLURAL	DIVERSION GAME	diversions	娱乐	data/vanilla/vanilla_languages/objects/language_words.txt:14018	word+0x40	PE:RVA=0xee3e90..0xee40b0
NOUN_SINGULAR	DIVERT DETOUR	diversion	改道	data/vanilla/vanilla_languages/objects/language_words.txt:14024	word+0x20	PE:RVA=0xee3e90..0xee40b0
NOUN_PLURAL	DIVERT DETOUR	diversions	改道	data/vanilla/vanilla_languages/objects/language_words.txt:14024	word+0x40	PE:RVA=0xee3e90..0xee40b0
NOUN_SINGULAR	RECREATION GAME	recreation	娱乐	data/vanilla/vanilla_languages/objects/language_words.txt:14031	word+0x20	PE:RVA=0xee3e90..0xee40b0
NOUN_PLURAL	RECREATION GAME	recreations	娱乐	data/vanilla/vanilla_languages/objects/language_words.txt:14031	word+0x40	PE:RVA=0xee3e90..0xee40b0
NOUN_SINGULAR	COMPETE	competition	竞争	data/vanilla/vanilla_languages/objects/language_words.txt:14037	word+0x20	PE:RVA=0xee3e90..0xee40b0
NOUN_PLURAL	COMPETE	competitions	竞争	data/vanilla/vanilla_languages/objects/language_words.txt:14037	word+0x40	PE:RVA=0xee3e90..0xee40b0
ADJ	COMPETE	competitive	竞争	data/vanilla/vanilla_languages/objects/language_words.txt:14041	word+0x60	PE:RVA=0xee3cf0..0xee3e8f
NOUN_SINGULAR	CONTEST	contest	竞赛	data/vanilla/vanilla_languages/objects/language_words.txt:14046	word+0x20	PE:RVA=0xee3e90..0xee40b0
NOUN_PLURAL	CONTEST	contests	竞赛	data/vanilla/vanilla_languages/objects/language_words.txt:14046	word+0x40	PE:RVA=0xee3e90..0xee40b0
ADJ	CONTEST	contested	争夺	data/vanilla/vanilla_languages/objects/language_words.txt:14052	word+0x60	PE:RVA=0xee3cf0..0xee3e8f
NOUN_SINGULAR	MATCH CONTEST	match	比赛	data/vanilla/vanilla_languages/objects/language_words.txt:14057	word+0x20	PE:RVA=0xee3e90..0xee40b0
NOUN_PLURAL	MATCH CONTEST	matches	比赛	data/vanilla/vanilla_languages/objects/language_words.txt:14057	word+0x40	PE:RVA=0xee3e90..0xee40b0
ADJ	MATCH CONTEST	matched	相配	data/vanilla/vanilla_languages/objects/language_words.txt:14063	word+0x60	PE:RVA=0xee3cf0..0xee3e8f
NOUN_SINGULAR	MATCH EQUAL	match	匹配	data/vanilla/vanilla_languages/objects/language_words.txt:14071	word+0x20	PE:RVA=0xee3e90..0xee40b0
NOUN_PLURAL	MATCH EQUAL	matches	匹配	data/vanilla/vanilla_languages/objects/language_words.txt:14071	word+0x40	PE:RVA=0xee3e90..0xee40b0
ADJ	MATCH EQUAL	matched	相配	data/vanilla/vanilla_languages/objects/language_words.txt:14078	word+0x60	PE:RVA=0xee3cf0..0xee3e8f
NOUN_SINGULAR	TOURNAMENT	tournament	比赛	data/vanilla/vanilla_languages/objects/language_words.txt:14086	word+0x20	PE:RVA=0xee3e90..0xee40b0
NOUN_PLURAL	TOURNAMENT	tournaments	比赛	data/vanilla/vanilla_languages/objects/language_words.txt:14086	word+0x40	PE:RVA=0xee3e90..0xee40b0
NOUN_SINGULAR	PLAN	plan	计划	data/vanilla/vanilla_languages/objects/language_words.txt:14091	word+0x20	PE:RVA=0xee3e90..0xee40b0
NOUN_PLURAL	PLAN	plans	计划	data/vanilla/vanilla_languages/objects/language_words.txt:14091	word+0x40	PE:RVA=0xee3e90..0xee40b0
NOUN_SINGULAR	SCENARIO	scenario	场景	data/vanilla/vanilla_languages/objects/language_words.txt:14101	word+0x20	PE:RVA=0xee3e90..0xee40b0
NOUN_PLURAL	SCENARIO	scenarios	场景	data/vanilla/vanilla_languages/objects/language_words.txt:14101	word+0x40	PE:RVA=0xee3e90..0xee40b0
NOUN_SINGULAR	STRATEGY	strategy	战略	data/vanilla/vanilla_languages/objects/language_words.txt:14106	word+0x20	PE:RVA=0xee3e90..0xee40b0
NOUN_PLURAL	STRATEGY	strategies	战略	data/vanilla/vanilla_languages/objects/language_words.txt:14106	word+0x40	PE:RVA=0xee3e90..0xee40b0
ADJ	STRATEGY	strategic	战略	data/vanilla/vanilla_languages/objects/language_words.txt:14110	word+0x60	PE:RVA=0xee3cf0..0xee3e8f
NOUN_SINGULAR	TACTIC	tactic	战术	data/vanilla/vanilla_languages/objects/language_words.txt:14114	word+0x20	PE:RVA=0xee3e90..0xee40b0
NOUN_PLURAL	TACTIC	tactics	战术	data/vanilla/vanilla_languages/objects/language_words.txt:14114	word+0x40	PE:RVA=0xee3e90..0xee40b0
ADJ	TACTIC	tactical	战术	data/vanilla/vanilla_languages/objects/language_words.txt:14121	word+0x60	PE:RVA=0xee3cf0..0xee3e8f
NOUN_SINGULAR	AUTONOMY	autonomy	自治	data/vanilla/vanilla_languages/objects/language_words.txt:14125	word+0x20	PE:RVA=0xee3e90..0xee40b0
ADJ	AUTONOMY	autonomous	自治	data/vanilla/vanilla_languages/objects/language_words.txt:14128	word+0x60	PE:RVA=0xee3cf0..0xee3e8f
NOUN_SINGULAR	EMANCIPATE	emancipation	释放	data/vanilla/vanilla_languages/objects/language_words.txt:14132	word+0x20	PE:RVA=0xee3e90..0xee40b0
ADJ	EMANCIPATE	emancipated	解放	data/vanilla/vanilla_languages/objects/language_words.txt:14135	word+0x60	PE:RVA=0xee3cf0..0xee3e8f
NOUN_SINGULAR	EXTRICATE	extrication	救出	data/vanilla/vanilla_languages/objects/language_words.txt:14140	word+0x20	PE:RVA=0xee3e90..0xee40b0
NOUN_SINGULAR	IMPUNITY	impunity	免罚	data/vanilla/vanilla_languages/objects/language_words.txt:14146	word+0x20	PE:RVA=0xee3e90..0xee40b0
NOUN_SINGULAR	LIBERATE	liberation	释放	data/vanilla/vanilla_languages/objects/language_words.txt:14151	word+0x20	PE:RVA=0xee3e90..0xee40b0
NOUN_SINGULAR	LIBERTY	liberty	自由	data/vanilla/vanilla_languages/objects/language_words.txt:14157	word+0x20	PE:RVA=0xee3e90..0xee40b0
NOUN_PLURAL	LIBERTY	liberties	自由	data/vanilla/vanilla_languages/objects/language_words.txt:14157	word+0x40	PE:RVA=0xee3e90..0xee40b0
NOUN_SINGULAR	RELEASE	release	释放	data/vanilla/vanilla_languages/objects/language_words.txt:14163	word+0x20	PE:RVA=0xee3e90..0xee40b0
ADJ	RELEASE	released	释放	data/vanilla/vanilla_languages/objects/language_words.txt:14168	word+0x60	PE:RVA=0xee3cf0..0xee3e8f
NOUN_SINGULAR	RELIEVE	relief	减轻	data/vanilla/vanilla_languages/objects/language_words.txt:14176	word+0x20	PE:RVA=0xee3e90..0xee40b0
ADJ	RELIEVE	relieved	宽慰	data/vanilla/vanilla_languages/objects/language_words.txt:14181	word+0x60	PE:RVA=0xee3cf0..0xee3e8f
NOUN_SINGULAR	EVEN	evenness	平均	data/vanilla/vanilla_languages/objects/language_words.txt:14189	word+0x20	PE:RVA=0xee3e90..0xee40b0
ADJ	EVEN	even	平坦	data/vanilla/vanilla_languages/objects/language_words.txt:14192	word+0x60	PE:RVA=0xee3cf0..0xee3e8f
NOUN_SINGULAR	BALANCE	balance	平衡	data/vanilla/vanilla_languages/objects/language_words.txt:14200	word+0x20	PE:RVA=0xee3e90..0xee40b0
NOUN_PLURAL	BALANCE	balances	平衡	data/vanilla/vanilla_languages/objects/language_words.txt:14200	word+0x40	PE:RVA=0xee3e90..0xee40b0
ADJ	BALANCE	balanced	公平	data/vanilla/vanilla_languages/objects/language_words.txt:14205	word+0x60	PE:RVA=0xee3cf0..0xee3e8f
NOUN_SINGULAR	EQUITY	equity	公平	data/vanilla/vanilla_languages/objects/language_words.txt:14213	word+0x20	PE:RVA=0xee3e90..0xee40b0
NOUN_SINGULAR	EQUIVALENCE	equivalence	同等	data/vanilla/vanilla_languages/objects/language_words.txt:14218	word+0x20	PE:RVA=0xee3e90..0xee40b0
ADJ	EQUIVALENCE	equivalent	相等	data/vanilla/vanilla_languages/objects/language_words.txt:14221	word+0x60	PE:RVA=0xee3cf0..0xee3e8f
NOUN_SINGULAR	PARITY	parity	同等	data/vanilla/vanilla_languages/objects/language_words.txt:14225	word+0x20	PE:RVA=0xee3e90..0xee40b0
NOUN_SINGULAR	STASIS	stasis	停滞	data/vanilla/vanilla_languages/objects/language_words.txt:14230	word+0x20	PE:RVA=0xee3e90..0xee40b0
ADJ	STASIS	static	静态	data/vanilla/vanilla_languages/objects/language_words.txt:14235	word+0x60	PE:RVA=0xee3cf0..0xee3e8f
NOUN_SINGULAR	SYMMETRY	symmetry	对称	data/vanilla/vanilla_languages/objects/language_words.txt:14241	word+0x20	PE:RVA=0xee3e90..0xee40b0
NOUN_PLURAL	SYMMETRY	symmetries	对称	data/vanilla/vanilla_languages/objects/language_words.txt:14241	word+0x40	PE:RVA=0xee3e90..0xee40b0
ADJ	SYMMETRY	symmetric	对称	data/vanilla/vanilla_languages/objects/language_words.txt:14245	word+0x60	PE:RVA=0xee3cf0..0xee3e8f
NOUN_SINGULAR	EQUAL	equality	平等	data/vanilla/vanilla_languages/objects/language_words.txt:14249	word+0x20	PE:RVA=0xee3e90..0xee40b0
ADJ	EQUAL	equal	相等	data/vanilla/vanilla_languages/objects/language_words.txt:14252	word+0x60	PE:RVA=0xee3cf0..0xee3e8f
NOUN_SINGULAR	HARMONY	harmony	协调	data/vanilla/vanilla_languages/objects/language_words.txt:14260	word+0x20	PE:RVA=0xee3e90..0xee40b0
NOUN_PLURAL	HARMONY	harmonies	协调	data/vanilla/vanilla_languages/objects/language_words.txt:14260	word+0x40	PE:RVA=0xee3e90..0xee40b0
ADJ	HARMONY	harmonious	和睦	data/vanilla/vanilla_languages/objects/language_words.txt:14265	word+0x60	PE:RVA=0xee3cf0..0xee3e8f
NOUN_SINGULAR	NEUTRALIZE	neutralization	中立化	data/vanilla/vanilla_languages/objects/language_words.txt:14270	word+0x20	PE:RVA=0xee3e90..0xee40b0
NOUN_SINGULAR	NEUTRAL	neutrality	中立	data/vanilla/vanilla_languages/objects/language_words.txt:14276	word+0x20	PE:RVA=0xee3e90..0xee40b0
ADJ	NEUTRAL	neutral	中立	data/vanilla/vanilla_languages/objects/language_words.txt:14279	word+0x60	PE:RVA=0xee3cf0..0xee3e8f
NOUN_SINGULAR	STABLE UNCHANGING	stability	安定	data/vanilla/vanilla_languages/objects/language_words.txt:14285	word+0x20	PE:RVA=0xee3e90..0xee40b0
ADJ	STABLE UNCHANGING	stable	稳定	data/vanilla/vanilla_languages/objects/language_words.txt:14288	word+0x60	PE:RVA=0xee3cf0..0xee3e8f
NOUN_SINGULAR	DOUR	dourness	严峻	data/vanilla/vanilla_languages/objects/language_words.txt:14299	word+0x20	PE:RVA=0xee3e90..0xee40b0
ADJ	DOUR	dour	阴沉	data/vanilla/vanilla_languages/objects/language_words.txt:14302	word+0x60	PE:RVA=0xee3cf0..0xee3e8f
NOUN_SINGULAR	GLOOM	gloom	忧郁	data/vanilla/vanilla_languages/objects/language_words.txt:14308	word+0x20	PE:RVA=0xee3e90..0xee40b0
ADJ	GLOOM	gloomy	抑沉	data/vanilla/vanilla_languages/objects/language_words.txt:14313	word+0x60	PE:RVA=0xee3cf0..0xee3e8f
NOUN_SINGULAR	SEVERE	severity	严格	data/vanilla/vanilla_languages/objects/language_words.txt:14319	word+0x20	PE:RVA=0xee3e90..0xee40b0
ADJ	SEVERE	severe	严格	data/vanilla/vanilla_languages/objects/language_words.txt:14322	word+0x60	PE:RVA=0xee3cf0..0xee3e8f
NOUN_SINGULAR	GLUM	glumness	忧郁	data/vanilla/vanilla_languages/objects/language_words.txt:14328	word+0x20	PE:RVA=0xee3e90..0xee40b0
ADJ	GLUM	glum	愁闷	data/vanilla/vanilla_languages/objects/language_words.txt:14333	word+0x60	PE:RVA=0xee3cf0..0xee3e8f
NOUN_SINGULAR	IMAGE	image	影像	data/vanilla/vanilla_languages/objects/language_words.txt:14339	word+0x20	PE:RVA=0xee3e90..0xee40b0
NOUN_PLURAL	IMAGE	images	影像	data/vanilla/vanilla_languages/objects/language_words.txt:14339	word+0x40	PE:RVA=0xee3e90..0xee40b0
NOUN_SINGULAR	SHRINE	shrine	神龛	data/vanilla/vanilla_languages/objects/language_words.txt:14347	word+0x20	PE:RVA=0xee3e90..0xee40b0
NOUN_PLURAL	SHRINE	shrines	神龛	data/vanilla/vanilla_languages/objects/language_words.txt:14347	word+0x40	PE:RVA=0xee3e90..0xee40b0
NOUN_SINGULAR	SANCTUARY	sanctuary	圣所	data/vanilla/vanilla_languages/objects/language_words.txt:14355	word+0x20	PE:RVA=0xee3e90..0xee40b0
NOUN_PLURAL	SANCTUARY	sanctuaries	圣所	data/vanilla/vanilla_languages/objects/language_words.txt:14355	word+0x40	PE:RVA=0xee3e90..0xee40b0
NOUN_SINGULAR	MONASTERY	monastery	修道院	data/vanilla/vanilla_languages/objects/language_words.txt:14361	word+0x20	PE:RVA=0xee3e90..0xee40b0
NOUN_PLURAL	MONASTERY	monasteries	修道院	data/vanilla/vanilla_languages/objects/language_words.txt:14361	word+0x40	PE:RVA=0xee3e90..0xee40b0
NOUN_SINGULAR	CONVENT	convent	修道院	data/vanilla/vanilla_languages/objects/language_words.txt:14366	word+0x20	PE:RVA=0xee3e90..0xee40b0
NOUN_PLURAL	CONVENT	convents	修道院	data/vanilla/vanilla_languages/objects/language_words.txt:14366	word+0x40	PE:RVA=0xee3e90..0xee40b0
NOUN_SINGULAR	CATHEDRAL	cathedral	大教堂	data/vanilla/vanilla_languages/objects/language_words.txt:14374	word+0x20	PE:RVA=0xee3e90..0xee40b0
NOUN_PLURAL	CATHEDRAL	cathedrals	大教堂	data/vanilla/vanilla_languages/objects/language_words.txt:14374	word+0x40	PE:RVA=0xee3e90..0xee40b0
NOUN_SINGULAR	CHAPEL	chapel	小教堂	data/vanilla/vanilla_languages/objects/language_words.txt:14379	word+0x20	PE:RVA=0xee3e90..0xee40b0
NOUN_PLURAL	CHAPEL	chapels	小教堂	data/vanilla/vanilla_languages/objects/language_words.txt:14379	word+0x40	PE:RVA=0xee3e90..0xee40b0
NOUN_SINGULAR	SANCTUM	sanctum	圣所	data/vanilla/vanilla_languages/objects/language_words.txt:14387	word+0x20	PE:RVA=0xee3e90..0xee40b0
NOUN_PLURAL	SANCTUM	sanctums	圣所	data/vanilla/vanilla_languages/objects/language_words.txt:14387	word+0x40	PE:RVA=0xee3e90..0xee40b0
NOUN_SINGULAR	INFERNO	inferno	烈焰	data/vanilla/vanilla_languages/objects/language_words.txt:14395	word+0x20	PE:RVA=0xee3e90..0xee40b0
NOUN_PLURAL	INFERNO	infernos	烈焰	data/vanilla/vanilla_languages/objects/language_words.txt:14395	word+0x40	PE:RVA=0xee3e90..0xee40b0
NOUN_SINGULAR	CONFLAGRATION	conflagration	大火灾	data/vanilla/vanilla_languages/objects/language_words.txt:14400	word+0x20	PE:RVA=0xee3e90..0xee40b0
NOUN_PLURAL	CONFLAGRATION	conflagrations	大火灾	data/vanilla/vanilla_languages/objects/language_words.txt:14400	word+0x40	PE:RVA=0xee3e90..0xee40b0
NOUN_SINGULAR	FLARE	flare	火光	data/vanilla/vanilla_languages/objects/language_words.txt:14406	word+0x20	PE:RVA=0xee3e90..0xee40b0
NOUN_PLURAL	FLARE	flares	火光	data/vanilla/vanilla_languages/objects/language_words.txt:14406	word+0x40	PE:RVA=0xee3e90..0xee40b0
NOUN_SINGULAR	HEAT	heat	热	data/vanilla/vanilla_languages/objects/language_words.txt:14414	word+0x20	PE:RVA=0xee3e90..0xee40b0
ADJ	HEAT	hot	热	data/vanilla/vanilla_languages/objects/language_words.txt:14419	word+0x60	PE:RVA=0xee3cf0..0xee3e8f
NOUN_SINGULAR	SAND	sand	沙	data/vanilla/vanilla_languages/objects/language_words.txt:14427	word+0x20	PE:RVA=0xee3e90..0xee40b0
NOUN_PLURAL	SAND	sands	沙	data/vanilla/vanilla_languages/objects/language_words.txt:14427	word+0x40	PE:RVA=0xee3e90..0xee40b0
NOUN_SINGULAR	PILLAR	pillar	柱子	data/vanilla/vanilla_languages/objects/language_words.txt:14437	word+0x20	PE:RVA=0xee3e90..0xee40b0
NOUN_PLURAL	PILLAR	pillars	柱子	data/vanilla/vanilla_languages/objects/language_words.txt:14437	word+0x40	PE:RVA=0xee3e90..0xee40b0
NOUN_SINGULAR	COLUMN	column	柱	data/vanilla/vanilla_languages/objects/language_words.txt:14446	word+0x20	PE:RVA=0xee3e90..0xee40b0
NOUN_PLURAL	COLUMN	columns	柱	data/vanilla/vanilla_languages/objects/language_words.txt:14446	word+0x40	PE:RVA=0xee3e90..0xee40b0
NOUN_SINGULAR	ARCH NOUN	arch	拱门	data/vanilla/vanilla_languages/objects/language_words.txt:14455	word+0x20	PE:RVA=0xee3e90..0xee40b0
NOUN_PLURAL	ARCH NOUN	arches	拱门	data/vanilla/vanilla_languages/objects/language_words.txt:14455	word+0x40	PE:RVA=0xee3e90..0xee40b0
NOUN_SINGULAR	GROTTO	grotto	洞穴	data/vanilla/vanilla_languages/objects/language_words.txt:14464	word+0x20	PE:RVA=0xee3e90..0xee40b0
NOUN_PLURAL	GROTTO	grottoes	洞穴	data/vanilla/vanilla_languages/objects/language_words.txt:14464	word+0x40	PE:RVA=0xee3e90..0xee40b0
NOUN_SINGULAR	CAVERN	cavern	巨穴	data/vanilla/vanilla_languages/objects/language_words.txt:14472	word+0x20	PE:RVA=0xee3e90..0xee40b0
NOUN_PLURAL	CAVERN	caverns	巨穴	data/vanilla/vanilla_languages/objects/language_words.txt:14472	word+0x40	PE:RVA=0xee3e90..0xee40b0
ADJ	CAVERN	cavernous	似巨穴	data/vanilla/vanilla_languages/objects/language_words.txt:14478	word+0x60	PE:RVA=0xee3cf0..0xee3e8f
NOUN_SINGULAR	DEPTH	depth	深度	data/vanilla/vanilla_languages/objects/language_words.txt:14482	word+0x20	PE:RVA=0xee3e90..0xee40b0
NOUN_PLURAL	DEPTH	depths	深度	data/vanilla/vanilla_languages/objects/language_words.txt:14482	word+0x40	PE:RVA=0xee3e90..0xee40b0
NOUN_SINGULAR	SHADE	shade	阴影	data/vanilla/vanilla_languages/objects/language_words.txt:14492	word+0x20	PE:RVA=0xee3e90..0xee40b0
NOUN_PLURAL	SHADE	shades	阴影	data/vanilla/vanilla_languages/objects/language_words.txt:14492	word+0x40	PE:RVA=0xee3e90..0xee40b0
ADJ	SHADE	shady	荫凉	data/vanilla/vanilla_languages/objects/language_words.txt:14499	word+0x60	PE:RVA=0xee3cf0..0xee3e8f
NOUN_SINGULAR	VEIL	veil	面纱	data/vanilla/vanilla_languages/objects/language_words.txt:14504	word+0x20	PE:RVA=0xee3e90..0xee40b0
NOUN_PLURAL	VEIL	veils	面纱	data/vanilla/vanilla_languages/objects/language_words.txt:14504	word+0x40	PE:RVA=0xee3e90..0xee40b0
ADJ	VEIL	veiled	蒙面	data/vanilla/vanilla_languages/objects/language_words.txt:14510	word+0x60	PE:RVA=0xee3cf0..0xee3e8f
NOUN_SINGULAR	RELIC	relic	遗物	data/vanilla/vanilla_languages/objects/language_words.txt:14518	word+0x20	PE:RVA=0xee3e90..0xee40b0
NOUN_PLURAL	RELIC	relics	遗物	data/vanilla/vanilla_languages/objects/language_words.txt:14518	word+0x40	PE:RVA=0xee3e90..0xee40b0
NOUN_SINGULAR	UMBRA	umbra	阴影	data/vanilla/vanilla_languages/objects/language_words.txt:14526	word+0x20	PE:RVA=0xee3e90..0xee40b0
NOUN_PLURAL	UMBRA	umbras	阴影	data/vanilla/vanilla_languages/objects/language_words.txt:14526	word+0x40	PE:RVA=0xee3e90..0xee40b0
ADJ	UMBRA	umbral	有荫影	data/vanilla/vanilla_languages/objects/language_words.txt:14532	word+0x60	PE:RVA=0xee3cf0..0xee3e8f
NOUN_SINGULAR	PHANTOM	phantom	幻影	data/vanilla/vanilla_languages/objects/language_words.txt:14538	word+0x20	PE:RVA=0xee3e90..0xee40b0
NOUN_PLURAL	PHANTOM	phantoms	幻影	data/vanilla/vanilla_languages/objects/language_words.txt:14538	word+0x40	PE:RVA=0xee3e90..0xee40b0
NOUN_SINGULAR	MURK	murk	阴霾	data/vanilla/vanilla_languages/objects/language_words.txt:14546	word+0x20	PE:RVA=0xee3e90..0xee40b0
ADJ	MURK	murky	黑暗	data/vanilla/vanilla_languages/objects/language_words.txt:14551	word+0x60	PE:RVA=0xee3cf0..0xee3e8f
ADJ	FAINT INTENSITY	faint	模糊	data/vanilla/vanilla_languages/objects/language_words.txt:14556	word+0x60	PE:RVA=0xee3cf0..0xee3e8f
ADJ	SOMBER	somber	昏暗	data/vanilla/vanilla_languages/objects/language_words.txt:14566	word+0x60	PE:RVA=0xee3cf0..0xee3e8f
ADJ	TENEBROUS	tenebrous	黑暗	data/vanilla/vanilla_languages/objects/language_words.txt:14572	word+0x60	PE:RVA=0xee3cf0..0xee3e8f
ADJ	MOROSE	morose	郁闷	data/vanilla/vanilla_languages/objects/language_words.txt:14576	word+0x60	PE:RVA=0xee3cf0..0xee3e8f
NOUN_SINGULAR	LOVER	lover	爱人	data/vanilla/vanilla_languages/objects/language_words.txt:14582	word+0x20	PE:RVA=0xee3e90..0xee40b0
NOUN_PLURAL	LOVER	lovers	爱人	data/vanilla/vanilla_languages/objects/language_words.txt:14582	word+0x40	PE:RVA=0xee3e90..0xee40b0
ADJ	BELOVED	beloved	心爱	data/vanilla/vanilla_languages/objects/language_words.txt:14590	word+0x60	PE:RVA=0xee3cf0..0xee3e8f
NOUN_SINGULAR	ESCORT	escort	护送者	data/vanilla/vanilla_languages/objects/language_words.txt:14595	word+0x20	PE:RVA=0xee3e90..0xee40b0
NOUN_PLURAL	ESCORT	escorts	护送者	data/vanilla/vanilla_languages/objects/language_words.txt:14595	word+0x40	PE:RVA=0xee3e90..0xee40b0
ADJ	ESCORT	escorted	护送	data/vanilla/vanilla_languages/objects/language_words.txt:14601	word+0x60	PE:RVA=0xee3cf0..0xee3e8f
NOUN_SINGULAR	SUITOR	suitor	追求者	data/vanilla/vanilla_languages/objects/language_words.txt:14606	word+0x20	PE:RVA=0xee3e90..0xee40b0
NOUN_PLURAL	SUITOR	suitors	追求者	data/vanilla/vanilla_languages/objects/language_words.txt:14606	word+0x40	PE:RVA=0xee3e90..0xee40b0
NOUN_SINGULAR	PUNGENT	pungency	辛辣	data/vanilla/vanilla_languages/objects/language_words.txt:14614	word+0x20	PE:RVA=0xee3e90..0xee40b0
ADJ	PUNGENT	pungent	刺激性	data/vanilla/vanilla_languages/objects/language_words.txt:14617	word+0x60	PE:RVA=0xee3cf0..0xee3e8f
ADJ	MUSTY	musty	发霉	data/vanilla/vanilla_languages/objects/language_words.txt:14623	word+0x60	PE:RVA=0xee3cf0..0xee3e8f
NOUN_SINGULAR	INFECT	infection	传染	data/vanilla/vanilla_languages/objects/language_words.txt:14629	word+0x20	PE:RVA=0xee3e90..0xee40b0
ADJ	INFECT	infected	感染	data/vanilla/vanilla_languages/objects/language_words.txt:14632	word+0x60	PE:RVA=0xee3cf0..0xee3e8f
NOUN_SINGULAR	LESION	lesion	病灶	data/vanilla/vanilla_languages/objects/language_words.txt:14637	word+0x20	PE:RVA=0xee3e90..0xee40b0
NOUN_PLURAL	LESION	lesions	病灶	data/vanilla/vanilla_languages/objects/language_words.txt:14637	word+0x40	PE:RVA=0xee3e90..0xee40b0
NOUN_SINGULAR	AFFLICT	affliction	苦恼	data/vanilla/vanilla_languages/objects/language_words.txt:14646	word+0x20	PE:RVA=0xee3e90..0xee40b0
NOUN_PLURAL	AFFLICT	afflictions	苦恼	data/vanilla/vanilla_languages/objects/language_words.txt:14646	word+0x40	PE:RVA=0xee3e90..0xee40b0
ADJ	AFFLICT	afflicted	折磨	data/vanilla/vanilla_languages/objects/language_words.txt:14650	word+0x60	PE:RVA=0xee3cf0..0xee3e8f
NOUN_SINGULAR	ACHE	ache	疼痛	data/vanilla/vanilla_languages/objects/language_words.txt:14655	word+0x20	PE:RVA=0xee3e90..0xee40b0
NOUN_PLURAL	ACHE	aches	疼痛	data/vanilla/vanilla_languages/objects/language_words.txt:14655	word+0x40	PE:RVA=0xee3e90..0xee40b0
ADJ	ACHE	aching	疼痛	data/vanilla/vanilla_languages/objects/language_words.txt:14661	word+0x60	PE:RVA=0xee3cf0..0xee3e8f
NOUN_SINGULAR	EPIDEMIC	epidemic	传染病	data/vanilla/vanilla_languages/objects/language_words.txt:14669	word+0x20	PE:RVA=0xee3e90..0xee40b0
NOUN_PLURAL	EPIDEMIC	epidemics	传染病	data/vanilla/vanilla_languages/objects/language_words.txt:14669	word+0x40	PE:RVA=0xee3e90..0xee40b0
ADJ	EPIDEMIC	epidemic	流行	data/vanilla/vanilla_languages/objects/language_words.txt:14672	word+0x60	PE:RVA=0xee3cf0..0xee3e8f
NOUN_SINGULAR	FIGHT	fight	打架	data/vanilla/vanilla_languages/objects/language_words.txt:14676	word+0x20	PE:RVA=0xee3e90..0xee40b0
NOUN_PLURAL	FIGHT	fights	打架	data/vanilla/vanilla_languages/objects/language_words.txt:14676	word+0x40	PE:RVA=0xee3e90..0xee40b0
NOUN_SINGULAR	SCUFFLE	scuffle	扭打	data/vanilla/vanilla_languages/objects/language_words.txt:14686	word+0x20	PE:RVA=0xee3e90..0xee40b0
NOUN_PLURAL	SCUFFLE	scuffles	扭打	data/vanilla/vanilla_languages/objects/language_words.txt:14686	word+0x40	PE:RVA=0xee3e90..0xee40b0
NOUN_SINGULAR	YAWN	yawn	哈欠	data/vanilla/vanilla_languages/objects/language_words.txt:14696	word+0x20	PE:RVA=0xee3e90..0xee40b0
NOUN_PLURAL	YAWN	yawns	哈欠	data/vanilla/vanilla_languages/objects/language_words.txt:14696	word+0x40	PE:RVA=0xee3e90..0xee40b0
ADJ	YAWN	yawning	呵欠	data/vanilla/vanilla_languages/objects/language_words.txt:14702	word+0x60	PE:RVA=0xee3cf0..0xee3e8f
NOUN_SINGULAR	ACTION	action	行动	data/vanilla/vanilla_languages/objects/language_words.txt:14710	word+0x20	PE:RVA=0xee3e90..0xee40b0
NOUN_PLURAL	ACTION	actions	行动	data/vanilla/vanilla_languages/objects/language_words.txt:14710	word+0x40	PE:RVA=0xee3e90..0xee40b0
NOUN_SINGULAR	ASSAULT	assault	攻击	data/vanilla/vanilla_languages/objects/language_words.txt:14720	word+0x20	PE:RVA=0xee3e90..0xee40b0
NOUN_PLURAL	ASSAULT	assaults	攻击	data/vanilla/vanilla_languages/objects/language_words.txt:14720	word+0x40	PE:RVA=0xee3e90..0xee40b0
ADJ	ASSAULT	assaulted	受袭	data/vanilla/vanilla_languages/objects/language_words.txt:14728	word+0x60	PE:RVA=0xee3cf0..0xee3e8f
NOUN_SINGULAR	CARNAL	carnality	肉欲	data/vanilla/vanilla_languages/objects/language_words.txt:14733	word+0x20	PE:RVA=0xee3e90..0xee40b0
ADJ	CARNAL	carnal	肉体	data/vanilla/vanilla_languages/objects/language_words.txt:14736	word+0x60	PE:RVA=0xee3cf0..0xee3e8f
NOUN_SINGULAR	STRIFE	strife	争斗	data/vanilla/vanilla_languages/objects/language_words.txt:14742	word+0x20	PE:RVA=0xee3e90..0xee40b0
ADJ	STRIFE	strifeful	纷争	data/vanilla/vanilla_languages/objects/language_words.txt:14747	word+0x60	PE:RVA=0xee3cf0..0xee3e8f
NOUN_SINGULAR	COMBAT	combat	争斗	data/vanilla/vanilla_languages/objects/language_words.txt:14752	word+0x20	PE:RVA=0xee3e90..0xee40b0
NOUN_PLURAL	COMBAT	combats	争斗	data/vanilla/vanilla_languages/objects/language_words.txt:14752	word+0x40	PE:RVA=0xee3e90..0xee40b0
NOUN_SINGULAR	CITADEL	citadel	堡垒	data/vanilla/vanilla_languages/objects/language_words.txt:14761	word+0x20	PE:RVA=0xee3e90..0xee40b0
NOUN_PLURAL	CITADEL	citadels	堡垒	data/vanilla/vanilla_languages/objects/language_words.txt:14761	word+0x40	PE:RVA=0xee3e90..0xee40b0
NOUN_SINGULAR	CITY	city	城市	data/vanilla/vanilla_languages/objects/language_words.txt:14766	word+0x20	PE:RVA=0xee3e90..0xee40b0
NOUN_PLURAL	CITY	cities	城市	data/vanilla/vanilla_languages/objects/language_words.txt:14766	word+0x40	PE:RVA=0xee3e90..0xee40b0
NOUN_SINGULAR	TOWN	town	城镇	data/vanilla/vanilla_languages/objects/language_words.txt:14774	word+0x20	PE:RVA=0xee3e90..0xee40b0
NOUN_PLURAL	TOWN	towns	城镇	data/vanilla/vanilla_languages/objects/language_words.txt:14774	word+0x40	PE:RVA=0xee3e90..0xee40b0
NOUN_SINGULAR	VILLAGE	village	村庄	data/vanilla/vanilla_languages/objects/language_words.txt:14782	word+0x20	PE:RVA=0xee3e90..0xee40b0
NOUN_PLURAL	VILLAGE	villages	村庄	data/vanilla/vanilla_languages/objects/language_words.txt:14782	word+0x40	PE:RVA=0xee3e90..0xee40b0
NOUN_SINGULAR	MANOR	manor	庄园	data/vanilla/vanilla_languages/objects/language_words.txt:14789	word+0x20	PE:RVA=0xee3e90..0xee40b0
NOUN_PLURAL	MANOR	manors	庄园	data/vanilla/vanilla_languages/objects/language_words.txt:14789	word+0x40	PE:RVA=0xee3e90..0xee40b0
NOUN_SINGULAR	MANSION	mansion	豪宅	data/vanilla/vanilla_languages/objects/language_words.txt:14797	word+0x20	PE:RVA=0xee3e90..0xee40b0
NOUN_PLURAL	MANSION	mansions	豪宅	data/vanilla/vanilla_languages/objects/language_words.txt:14797	word+0x40	PE:RVA=0xee3e90..0xee40b0
NOUN_SINGULAR	PALACE	palace	宫	data/vanilla/vanilla_languages/objects/language_words.txt:14805	word+0x20	PE:RVA=0xee3e90..0xee40b0
NOUN_PLURAL	PALACE	palaces	宫	data/vanilla/vanilla_languages/objects/language_words.txt:14805	word+0x40	PE:RVA=0xee3e90..0xee40b0
NOUN_SINGULAR	COTTAGE	cottage	小屋	data/vanilla/vanilla_languages/objects/language_words.txt:14812	word+0x20	PE:RVA=0xee3e90..0xee40b0
NOUN_PLURAL	COTTAGE	cottages	小屋	data/vanilla/vanilla_languages/objects/language_words.txt:14812	word+0x40	PE:RVA=0xee3e90..0xee40b0
NOUN_SINGULAR	SHACK	shack	陋屋	data/vanilla/vanilla_languages/objects/language_words.txt:14819	word+0x20	PE:RVA=0xee3e90..0xee40b0
NOUN_PLURAL	SHACK	shacks	陋屋	data/vanilla/vanilla_languages/objects/language_words.txt:14819	word+0x40	PE:RVA=0xee3e90..0xee40b0
NOUN_SINGULAR	HUT	hut	小屋	data/vanilla/vanilla_languages/objects/language_words.txt:14827	word+0x20	PE:RVA=0xee3e90..0xee40b0
NOUN_PLURAL	HUT	huts	小屋	data/vanilla/vanilla_languages/objects/language_words.txt:14827	word+0x40	PE:RVA=0xee3e90..0xee40b0
NOUN_SINGULAR	HOVEL	hovel	陋屋	data/vanilla/vanilla_languages/objects/language_words.txt:14835	word+0x20	PE:RVA=0xee3e90..0xee40b0
NOUN_PLURAL	HOVEL	hovels	陋屋	data/vanilla/vanilla_languages/objects/language_words.txt:14835	word+0x40	PE:RVA=0xee3e90..0xee40b0
NOUN_SINGULAR	BASTION	bastion	堡垒	data/vanilla/vanilla_languages/objects/language_words.txt:14843	word+0x20	PE:RVA=0xee3e90..0xee40b0
NOUN_PLURAL	BASTION	bastions	堡垒	data/vanilla/vanilla_languages/objects/language_words.txt:14843	word+0x40	PE:RVA=0xee3e90..0xee40b0
NOUN_SINGULAR	FURNACE	furnace	火炉	data/vanilla/vanilla_languages/objects/language_words.txt:14851	word+0x20	PE:RVA=0xee3e90..0xee40b0
NOUN_PLURAL	FURNACE	furnaces	火炉	data/vanilla/vanilla_languages/objects/language_words.txt:14851	word+0x40	PE:RVA=0xee3e90..0xee40b0
NOUN_SINGULAR	ANVIL	anvil	铁砧	data/vanilla/vanilla_languages/objects/language_words.txt:14859	word+0x20	PE:RVA=0xee3e90..0xee40b0
NOUN_PLURAL	ANVIL	anvils	铁砧	data/vanilla/vanilla_languages/objects/language_words.txt:14859	word+0x40	PE:RVA=0xee3e90..0xee40b0
NOUN_SINGULAR	BRIDGE	bridge	桥	data/vanilla/vanilla_languages/objects/language_words.txt:14867	word+0x20	PE:RVA=0xee3e90..0xee40b0
NOUN_PLURAL	BRIDGE	bridges	桥	data/vanilla/vanilla_languages/objects/language_words.txt:14867	word+0x40	PE:RVA=0xee3e90..0xee40b0
NOUN_SINGULAR	SAFE	safety	安全	data/vanilla/vanilla_languages/objects/language_words.txt:14877	word+0x20	PE:RVA=0xee3e90..0xee40b0
ADJ	SAFE	safe	安全	data/vanilla/vanilla_languages/objects/language_words.txt:14882	word+0x60	PE:RVA=0xee3cf0..0xee3e8f
NOUN_SINGULAR	GOAD	goad	赶牛棒	data/vanilla/vanilla_languages/objects/language_words.txt:14890	word+0x20	PE:RVA=0xee3e90..0xee40b0
NOUN_PLURAL	GOAD	goads	赶牛棒	data/vanilla/vanilla_languages/objects/language_words.txt:14890	word+0x40	PE:RVA=0xee3e90..0xee40b0
NOUN_SINGULAR	MACHINE	machine	机器	data/vanilla/vanilla_languages/objects/language_words.txt:14900	word+0x20	PE:RVA=0xee3e90..0xee40b0
NOUN_PLURAL	MACHINE	machines	机器	data/vanilla/vanilla_languages/objects/language_words.txt:14900	word+0x40	PE:RVA=0xee3e90..0xee40b0
NOUN_SINGULAR	FLAY	flayer	剥皮者	data/vanilla/vanilla_languages/objects/language_words.txt:14908	word+0x20	PE:RVA=0xee3e90..0xee40b0
NOUN_PLURAL	FLAY	flayers	剥皮者	data/vanilla/vanilla_languages/objects/language_words.txt:14908	word+0x40	PE:RVA=0xee3e90..0xee40b0
ADJ	FLAY	flayed	剥皮	data/vanilla/vanilla_languages/objects/language_words.txt:14914	word+0x60	PE:RVA=0xee3cf0..0xee3e8f
NOUN_SINGULAR	OIL	oil	油	data/vanilla/vanilla_languages/objects/language_words.txt:14922	word+0x20	PE:RVA=0xee3e90..0xee40b0
NOUN_PLURAL	OIL	oils	油	data/vanilla/vanilla_languages/objects/language_words.txt:14922	word+0x40	PE:RVA=0xee3e90..0xee40b0
ADJ	OIL	oily	油	data/vanilla/vanilla_languages/objects/language_words.txt:14929	word+0x60	PE:RVA=0xee3cf0..0xee3e8f
NOUN_SINGULAR	SUICIDE	suicide	自杀	data/vanilla/vanilla_languages/objects/language_words.txt:14936	word+0x20	PE:RVA=0xee3e90..0xee40b0
NOUN_PLURAL	SUICIDE	suicides	自杀	data/vanilla/vanilla_languages/objects/language_words.txt:14936	word+0x40	PE:RVA=0xee3e90..0xee40b0
ADJ	SUICIDE	suicidal	自杀	data/vanilla/vanilla_languages/objects/language_words.txt:14939	word+0x60	PE:RVA=0xee3cf0..0xee3e8f
NOUN_SINGULAR	MARBLE BALL	marble	弹珠	data/vanilla/vanilla_languages/objects/language_words.txt:14943	word+0x20	PE:RVA=0xee3e90..0xee40b0
NOUN_PLURAL	MARBLE BALL	marbles	弹珠	data/vanilla/vanilla_languages/objects/language_words.txt:14943	word+0x40	PE:RVA=0xee3e90..0xee40b0
NOUN_SINGULAR	BAIT	bait	饵	data/vanilla/vanilla_languages/objects/language_words.txt:14951	word+0x20	PE:RVA=0xee3e90..0xee40b0
NOUN_PLURAL	BAIT	baits	饵	data/vanilla/vanilla_languages/objects/language_words.txt:14951	word+0x40	PE:RVA=0xee3e90..0xee40b0
NOUN_SINGULAR	LURE	lure	饵	data/vanilla/vanilla_languages/objects/language_words.txt:14961	word+0x20	PE:RVA=0xee3e90..0xee40b0
NOUN_PLURAL	LURE	lures	饵	data/vanilla/vanilla_languages/objects/language_words.txt:14961	word+0x40	PE:RVA=0xee3e90..0xee40b0
NOUN_SINGULAR	REWARD	reward	报酬	data/vanilla/vanilla_languages/objects/language_words.txt:14971	word+0x20	PE:RVA=0xee3e90..0xee40b0
NOUN_PLURAL	REWARD	rewards	报酬	data/vanilla/vanilla_languages/objects/language_words.txt:14971	word+0x40	PE:RVA=0xee3e90..0xee40b0
NOUN_SINGULAR	WARD	ward	守护	data/vanilla/vanilla_languages/objects/language_words.txt:14981	word+0x20	PE:RVA=0xee3e90..0xee40b0
NOUN_PLURAL	WARD	wards	守护	data/vanilla/vanilla_languages/objects/language_words.txt:14981	word+0x40	PE:RVA=0xee3e90..0xee40b0
NOUN_SINGULAR	PRICE	price	价格	data/vanilla/vanilla_languages/objects/language_words.txt:14991	word+0x20	PE:RVA=0xee3e90..0xee40b0
NOUN_PLURAL	PRICE	prices	价格	data/vanilla/vanilla_languages/objects/language_words.txt:14991	word+0x40	PE:RVA=0xee3e90..0xee40b0
NOUN_SINGULAR	PRINCE	prince	王子	data/vanilla/vanilla_languages/objects/language_words.txt:15001	word+0x20	PE:RVA=0xee3e90..0xee40b0
NOUN_PLURAL	PRINCE	princes	王子	data/vanilla/vanilla_languages/objects/language_words.txt:15001	word+0x40	PE:RVA=0xee3e90..0xee40b0
NOUN_SINGULAR	PRINCESS	princess	公主	data/vanilla/vanilla_languages/objects/language_words.txt:15009	word+0x20	PE:RVA=0xee3e90..0xee40b0
NOUN_PLURAL	PRINCESS	princesses	公主	data/vanilla/vanilla_languages/objects/language_words.txt:15009	word+0x40	PE:RVA=0xee3e90..0xee40b0
NOUN_SINGULAR	TEMPT	temptation	诱惑	data/vanilla/vanilla_languages/objects/language_words.txt:15016	word+0x20	PE:RVA=0xee3e90..0xee40b0
ADJ	TEMPT	tempted	受诱	data/vanilla/vanilla_languages/objects/language_words.txt:15019	word+0x60	PE:RVA=0xee3cf0..0xee3e8f
NOUN_SINGULAR	SPURN	spurn	踢开	data/vanilla/vanilla_languages/objects/language_words.txt:15027	word+0x20	PE:RVA=0xee3e90..0xee40b0
NOUN_PLURAL	SPURN	spurns	踢开	data/vanilla/vanilla_languages/objects/language_words.txt:15027	word+0x40	PE:RVA=0xee3e90..0xee40b0
NOUN_SINGULAR	SCORN	scorn	轻蔑	data/vanilla/vanilla_languages/objects/language_words.txt:15036	word+0x20	PE:RVA=0xee3e90..0xee40b0
NOUN_PLURAL	SCORN	scorns	轻蔑	data/vanilla/vanilla_languages/objects/language_words.txt:15036	word+0x40	PE:RVA=0xee3e90..0xee40b0
NOUN_SINGULAR	CONTEMPT	contempt	轻视	data/vanilla/vanilla_languages/objects/language_words.txt:15046	word+0x20	PE:RVA=0xee3e90..0xee40b0
ADJ	CONTEMPT	contemptible	卑鄙	data/vanilla/vanilla_languages/objects/language_words.txt:15051	word+0x60	PE:RVA=0xee3cf0..0xee3e8f
NOUN_SINGULAR	AFFECTION	affection	爱意	data/vanilla/vanilla_languages/objects/language_words.txt:15055	word+0x20	PE:RVA=0xee3e90..0xee40b0
NOUN_SINGULAR	COMPASSION	compassion	同情	data/vanilla/vanilla_languages/objects/language_words.txt:15059	word+0x20	PE:RVA=0xee3e90..0xee40b0
NOUN_SINGULAR	SACRIFICE	sacrifice	牺牲	data/vanilla/vanilla_languages/objects/language_words.txt:15063	word+0x20	PE:RVA=0xee3e90..0xee40b0
NOUN_PLURAL	SACRIFICE	sacrifices	牺牲	data/vanilla/vanilla_languages/objects/language_words.txt:15063	word+0x40	PE:RVA=0xee3e90..0xee40b0
ADJ	SACRIFICE	sacrificial	牺牲	data/vanilla/vanilla_languages/objects/language_words.txt:15067	word+0x60	PE:RVA=0xee3cf0..0xee3e8f
NOUN_SINGULAR	CHARITY	charity	慈悲	data/vanilla/vanilla_languages/objects/language_words.txt:15072	word+0x20	PE:RVA=0xee3e90..0xee40b0
ADJ	TRAMPLE	trampled	踩	data/vanilla/vanilla_languages/objects/language_words.txt:15081	word+0x60	PE:RVA=0xee3cf0..0xee3e8f
NOUN_SINGULAR	MALICE	malice	恶意	data/vanilla/vanilla_languages/objects/language_words.txt:15089	word+0x20	PE:RVA=0xee3e90..0xee40b0
ADJ	MALICE	malicious	怀恶意	data/vanilla/vanilla_languages/objects/language_words.txt:15094	word+0x60	PE:RVA=0xee3cf0..0xee3e8f
NOUN_SINGULAR	HATRED	hatred	憎恨	data/vanilla/vanilla_languages/objects/language_words.txt:15098	word+0x20	PE:RVA=0xee3e90..0xee40b0
NOUN_SINGULAR	SPITE	spite	恶意	data/vanilla/vanilla_languages/objects/language_words.txt:15105	word+0x20	PE:RVA=0xee3e90..0xee40b0
ADJ	SPITE	spiteful	怀恨	data/vanilla/vanilla_languages/objects/language_words.txt:15110	word+0x60	PE:RVA=0xee3cf0..0xee3e8f
NOUN_SINGULAR	SHORE	shore	海岸	data/vanilla/vanilla_languages/objects/language_words.txt:15117	word+0x20	PE:RVA=0xee3e90..0xee40b0
NOUN_PLURAL	SHORE	shores	海岸	data/vanilla/vanilla_languages/objects/language_words.txt:15117	word+0x40	PE:RVA=0xee3e90..0xee40b0
NOUN_SINGULAR	BEACH	beach	海滩	data/vanilla/vanilla_languages/objects/language_words.txt:15126	word+0x20	PE:RVA=0xee3e90..0xee40b0
NOUN_PLURAL	BEACH	beaches	海滩	data/vanilla/vanilla_languages/objects/language_words.txt:15126	word+0x40	PE:RVA=0xee3e90..0xee40b0
NOUN_SINGULAR	COAST	coast	海岸	data/vanilla/vanilla_languages/objects/language_words.txt:15137	word+0x20	PE:RVA=0xee3e90..0xee40b0
NOUN_PLURAL	COAST	coasts	海岸	data/vanilla/vanilla_languages/objects/language_words.txt:15137	word+0x40	PE:RVA=0xee3e90..0xee40b0
ADJ	COAST	coastal	海岸	data/vanilla/vanilla_languages/objects/language_words.txt:15144	word+0x60	PE:RVA=0xee3cf0..0xee3e8f
NOUN_SINGULAR	INSECT	insect	昆虫	data/vanilla/vanilla_languages/objects/language_words.txt:15150	word+0x20	PE:RVA=0xee3e90..0xee40b0
NOUN_PLURAL	INSECT	insects	昆虫	data/vanilla/vanilla_languages/objects/language_words.txt:15150	word+0x40	PE:RVA=0xee3e90..0xee40b0
NOUN_SINGULAR	BUG	bug	虫	data/vanilla/vanilla_languages/objects/language_words.txt:15158	word+0x20	PE:RVA=0xee3e90..0xee40b0
NOUN_PLURAL	BUG	bugs	虫	data/vanilla/vanilla_languages/objects/language_words.txt:15158	word+0x40	PE:RVA=0xee3e90..0xee40b0
NOUN_SINGULAR	CRITTER	critter	小兽	data/vanilla/vanilla_languages/objects/language_words.txt:15166	word+0x20	PE:RVA=0xee3e90..0xee40b0
NOUN_PLURAL	CRITTER	critters	小兽	data/vanilla/vanilla_languages/objects/language_words.txt:15166	word+0x40	PE:RVA=0xee3e90..0xee40b0
NOUN_SINGULAR	BRUTE	brute	野兽	data/vanilla/vanilla_languages/objects/language_words.txt:15174	word+0x20	PE:RVA=0xee3e90..0xee40b0
NOUN_PLURAL	BRUTE	brutes	野兽	data/vanilla/vanilla_languages/objects/language_words.txt:15174	word+0x40	PE:RVA=0xee3e90..0xee40b0
ADJ	BRUTE	brutal	残暴	data/vanilla/vanilla_languages/objects/language_words.txt:15180	word+0x60	PE:RVA=0xee3cf0..0xee3e8f
NOUN_SINGULAR	PET	pet	宠物	data/vanilla/vanilla_languages/objects/language_words.txt:15187	word+0x20	PE:RVA=0xee3e90..0xee40b0
NOUN_PLURAL	PET	pets	宠物	data/vanilla/vanilla_languages/objects/language_words.txt:15187	word+0x40	PE:RVA=0xee3e90..0xee40b0
NOUN_SINGULAR	BARBARIAN	barbarian	野蛮人	data/vanilla/vanilla_languages/objects/language_words.txt:15195	word+0x20	PE:RVA=0xee3e90..0xee40b0
NOUN_PLURAL	BARBARIAN	barbarians	野蛮人	data/vanilla/vanilla_languages/objects/language_words.txt:15195	word+0x40	PE:RVA=0xee3e90..0xee40b0
NOUN_SINGULAR	HARSH	harshness	严酷	data/vanilla/vanilla_languages/objects/language_words.txt:15200	word+0x20	PE:RVA=0xee3e90..0xee40b0
ADJ	HARSH	harsh	严酷	data/vanilla/vanilla_languages/objects/language_words.txt:15205	word+0x60	PE:RVA=0xee3cf0..0xee3e8f
ADJ	PRISTINE	pristine	纯净	data/vanilla/vanilla_languages/objects/language_words.txt:15211	word+0x60	PE:RVA=0xee3cf0..0xee3e8f
NOUN_SINGULAR	FEROCITY	ferocity	凶猛	data/vanilla/vanilla_languages/objects/language_words.txt:15217	word+0x20	PE:RVA=0xee3e90..0xee40b0
ADJ	FEROCITY	ferocious	残忍	data/vanilla/vanilla_languages/objects/language_words.txt:15220	word+0x60	PE:RVA=0xee3cf0..0xee3e8f
NOUN_SINGULAR	BARBARITY	barbarity	野蛮	data/vanilla/vanilla_languages/objects/language_words.txt:15224	word+0x20	PE:RVA=0xee3e90..0xee40b0
ADJ	BARBARITY	barbarous	野蛮	data/vanilla/vanilla_languages/objects/language_words.txt:15227	word+0x60	PE:RVA=0xee3cf0..0xee3e8f
ADJ	FERAL	feral	野生	data/vanilla/vanilla_languages/objects/language_words.txt:15231	word+0x60	PE:RVA=0xee3cf0..0xee3e8f
NOUN_SINGULAR	FURY	fury	愤怒	data/vanilla/vanilla_languages/objects/language_words.txt:15237	word+0x20	PE:RVA=0xee3e90..0xee40b0
ADJ	FURY	furious	狂怒	data/vanilla/vanilla_languages/objects/language_words.txt:15242	word+0x60	PE:RVA=0xee3cf0..0xee3e8f
NOUN_SINGULAR	RUTHLESS	ruthlessness	无情	data/vanilla/vanilla_languages/objects/language_words.txt:15246	word+0x20	PE:RVA=0xee3e90..0xee40b0
ADJ	RUTHLESS	ruthless	无情	data/vanilla/vanilla_languages/objects/language_words.txt:15249	word+0x60	PE:RVA=0xee3cf0..0xee3e8f
NOUN_SINGULAR	GORE NOUN	gore	鲜血	data/vanilla/vanilla_languages/objects/language_words.txt:15255	word+0x20	PE:RVA=0xee3e90..0xee40b0
ADJ	GORE NOUN	gory	血腥	data/vanilla/vanilla_languages/objects/language_words.txt:15260	word+0x60	PE:RVA=0xee3cf0..0xee3e8f
NOUN_SINGULAR	CHAMPION	champion	勇士	data/vanilla/vanilla_languages/objects/language_words.txt:15266	word+0x20	PE:RVA=0xee3e90..0xee40b0
NOUN_PLURAL	CHAMPION	champions	勇士	data/vanilla/vanilla_languages/objects/language_words.txt:15266	word+0x40	PE:RVA=0xee3e90..0xee40b0
NOUN_SINGULAR	VIRTUE	virtue	德行	data/vanilla/vanilla_languages/objects/language_words.txt:15274	word+0x20	PE:RVA=0xee3e90..0xee40b0
NOUN_PLURAL	VIRTUE	virtues	德行	data/vanilla/vanilla_languages/objects/language_words.txt:15274	word+0x40	PE:RVA=0xee3e90..0xee40b0
ADJ	VIRTUE	virtuous	高尚	data/vanilla/vanilla_languages/objects/language_words.txt:15281	word+0x60	PE:RVA=0xee3cf0..0xee3e8f
NOUN_SINGULAR	SCANDAL	scandal	丑闻	data/vanilla/vanilla_languages/objects/language_words.txt:15285	word+0x20	PE:RVA=0xee3e90..0xee40b0
NOUN_PLURAL	SCANDAL	scandals	丑闻	data/vanilla/vanilla_languages/objects/language_words.txt:15285	word+0x40	PE:RVA=0xee3e90..0xee40b0
ADJ	SCANDAL	scandalous	不体面	data/vanilla/vanilla_languages/objects/language_words.txt:15292	word+0x60	PE:RVA=0xee3cf0..0xee3e8f
NOUN_SINGULAR	APOGEE	apogee	顶点	data/vanilla/vanilla_languages/objects/language_words.txt:15296	word+0x20	PE:RVA=0xee3e90..0xee40b0
NOUN_PLURAL	APOGEE	apogees	顶点	data/vanilla/vanilla_languages/objects/language_words.txt:15296	word+0x40	PE:RVA=0xee3e90..0xee40b0
NOUN_SINGULAR	SPIRE	spire	尖塔	data/vanilla/vanilla_languages/objects/language_words.txt:15301	word+0x20	PE:RVA=0xee3e90..0xee40b0
NOUN_PLURAL	SPIRE	spires	尖塔	data/vanilla/vanilla_languages/objects/language_words.txt:15301	word+0x40	PE:RVA=0xee3e90..0xee40b0
NOUN_SINGULAR	SPIRAL	spiral	螺旋	data/vanilla/vanilla_languages/objects/language_words.txt:15310	word+0x20	PE:RVA=0xee3e90..0xee40b0
NOUN_PLURAL	SPIRAL	spirals	螺旋	data/vanilla/vanilla_languages/objects/language_words.txt:15310	word+0x40	PE:RVA=0xee3e90..0xee40b0
NOUN_SINGULAR	CLIMAX	climax	顶峰	data/vanilla/vanilla_languages/objects/language_words.txt:15320	word+0x20	PE:RVA=0xee3e90..0xee40b0
NOUN_PLURAL	CLIMAX	climaxes	顶峰	data/vanilla/vanilla_languages/objects/language_words.txt:15320	word+0x40	PE:RVA=0xee3e90..0xee40b0
ADJ	CLIMAX	climactic	顶点	data/vanilla/vanilla_languages/objects/language_words.txt:15325	word+0x60	PE:RVA=0xee3cf0..0xee3e8f
NOUN_SINGULAR	CLIMATE	climate	气候	data/vanilla/vanilla_languages/objects/language_words.txt:15329	word+0x20	PE:RVA=0xee3e90..0xee40b0
NOUN_PLURAL	CLIMATE	climates	气候	data/vanilla/vanilla_languages/objects/language_words.txt:15329	word+0x40	PE:RVA=0xee3e90..0xee40b0
NOUN_SINGULAR	WEATHER	weather	天气	data/vanilla/vanilla_languages/objects/language_words.txt:15337	word+0x20	PE:RVA=0xee3e90..0xee40b0
NOUN_SINGULAR	CREST	crest	冠	data/vanilla/vanilla_languages/objects/language_words.txt:15344	word+0x20	PE:RVA=0xee3e90..0xee40b0
NOUN_PLURAL	CREST	crests	冠	data/vanilla/vanilla_languages/objects/language_words.txt:15344	word+0x40	PE:RVA=0xee3e90..0xee40b0
ADJ	CREST	crested	有顶饰	data/vanilla/vanilla_languages/objects/language_words.txt:15350	word+0x60	PE:RVA=0xee3cf0..0xee3e8f
NOUN_SINGULAR	CULMINATE	culmination	顶点	data/vanilla/vanilla_languages/objects/language_words.txt:15358	word+0x20	PE:RVA=0xee3e90..0xee40b0
NOUN_SINGULAR	CUSP	cusp	尖端	data/vanilla/vanilla_languages/objects/language_words.txt:15364	word+0x20	PE:RVA=0xee3e90..0xee40b0
NOUN_PLURAL	CUSP	cusps	尖端	data/vanilla/vanilla_languages/objects/language_words.txt:15364	word+0x40	PE:RVA=0xee3e90..0xee40b0
ADJ	MOST	most	至高	data/vanilla/vanilla_languages/objects/language_words.txt:15372	word+0x60	PE:RVA=0xee3cf0..0xee3e8f
NOUN_SINGULAR	PEAK	peak	山峰	data/vanilla/vanilla_languages/objects/language_words.txt:15378	word+0x20	PE:RVA=0xee3e90..0xee40b0
NOUN_PLURAL	PEAK	peaks	山峰	data/vanilla/vanilla_languages/objects/language_words.txt:15378	word+0x40	PE:RVA=0xee3e90..0xee40b0
ADJ	BLUNT	blunt	钝	data/vanilla/vanilla_languages/objects/language_words.txt:15389	word+0x60	PE:RVA=0xee3cf0..0xee3e8f
NOUN_SINGULAR	ROOF	roof	屋顶	data/vanilla/vanilla_languages/objects/language_words.txt:15397	word+0x20	PE:RVA=0xee3e90..0xee40b0
NOUN_PLURAL	ROOF	roofs	屋顶	data/vanilla/vanilla_languages/objects/language_words.txt:15397	word+0x40	PE:RVA=0xee3e90..0xee40b0
NOUN_SINGULAR	CEILING	ceiling	天花板	data/vanilla/vanilla_languages/objects/language_words.txt:15405	word+0x20	PE:RVA=0xee3e90..0xee40b0
NOUN_PLURAL	CEILING	ceilings	天花板	data/vanilla/vanilla_languages/objects/language_words.txt:15405	word+0x40	PE:RVA=0xee3e90..0xee40b0
NOUN_SINGULAR	FLOOR	floor	地板	data/vanilla/vanilla_languages/objects/language_words.txt:15413	word+0x20	PE:RVA=0xee3e90..0xee40b0
NOUN_PLURAL	FLOOR	floors	地板	data/vanilla/vanilla_languages/objects/language_words.txt:15413	word+0x40	PE:RVA=0xee3e90..0xee40b0
NOUN_SINGULAR	SUMMIT	summit	顶峰	data/vanilla/vanilla_languages/objects/language_words.txt:15421	word+0x20	PE:RVA=0xee3e90..0xee40b0
NOUN_PLURAL	SUMMIT	summits	顶峰	data/vanilla/vanilla_languages/objects/language_words.txt:15421	word+0x40	PE:RVA=0xee3e90..0xee40b0
NOUN_SINGULAR	TIP	tip	顶	data/vanilla/vanilla_languages/objects/language_words.txt:15429	word+0x20	PE:RVA=0xee3e90..0xee40b0
NOUN_PLURAL	TIP	tips	顶	data/vanilla/vanilla_languages/objects/language_words.txt:15429	word+0x40	PE:RVA=0xee3e90..0xee40b0
NOUN_SINGULAR	TOP	top	顶部	data/vanilla/vanilla_languages/objects/language_words.txt:15437	word+0x20	PE:RVA=0xee3e90..0xee40b0
NOUN_PLURAL	TOP	tops	顶部	data/vanilla/vanilla_languages/objects/language_words.txt:15437	word+0x40	PE:RVA=0xee3e90..0xee40b0
NOUN_SINGULAR	BOTTOM	bottom	底部	data/vanilla/vanilla_languages/objects/language_words.txt:15445	word+0x20	PE:RVA=0xee3e90..0xee40b0
NOUN_PLURAL	BOTTOM	bottoms	底部	data/vanilla/vanilla_languages/objects/language_words.txt:15445	word+0x40	PE:RVA=0xee3e90..0xee40b0
NOUN_SINGULAR	SIDE	side	旁边	data/vanilla/vanilla_languages/objects/language_words.txt:15453	word+0x20	PE:RVA=0xee3e90..0xee40b0
NOUN_PLURAL	SIDE	sides	旁边	data/vanilla/vanilla_languages/objects/language_words.txt:15453	word+0x40	PE:RVA=0xee3e90..0xee40b0
NOUN_SINGULAR	ZENITH	zenith	顶点	data/vanilla/vanilla_languages/objects/language_words.txt:15462	word+0x20	PE:RVA=0xee3e90..0xee40b0
NOUN_PLURAL	ZENITH	zeniths	顶点	data/vanilla/vanilla_languages/objects/language_words.txt:15462	word+0x40	PE:RVA=0xee3e90..0xee40b0
NOUN_SINGULAR	PASS MOUNTAIN	pass	山口	data/vanilla/vanilla_languages/objects/language_words.txt:15474	word+0x20	PE:RVA=0xee3e90..0xee40b0
NOUN_PLURAL	PASS MOUNTAIN	passes	山口	data/vanilla/vanilla_languages/objects/language_words.txt:15474	word+0x40	PE:RVA=0xee3e90..0xee40b0
NOUN_SINGULAR	PASSAGE	passage	通道	data/vanilla/vanilla_languages/objects/language_words.txt:15486	word+0x20	PE:RVA=0xee3e90..0xee40b0
NOUN_PLURAL	PASSAGE	passages	通道	data/vanilla/vanilla_languages/objects/language_words.txt:15486	word+0x40	PE:RVA=0xee3e90..0xee40b0
NOUN_SINGULAR	CORRIDOR	corridor	走廊	data/vanilla/vanilla_languages/objects/language_words.txt:15493	word+0x20	PE:RVA=0xee3e90..0xee40b0
NOUN_PLURAL	CORRIDOR	corridors	走廊	data/vanilla/vanilla_languages/objects/language_words.txt:15493	word+0x40	PE:RVA=0xee3e90..0xee40b0
NOUN_SINGULAR	HALL	hall	门厅	data/vanilla/vanilla_languages/objects/language_words.txt:15499	word+0x20	PE:RVA=0xee3e90..0xee40b0
NOUN_PLURAL	HALL	halls	门厅	data/vanilla/vanilla_languages/objects/language_words.txt:15499	word+0x40	PE:RVA=0xee3e90..0xee40b0
NOUN_SINGULAR	GALLERY	gallery	走廊	data/vanilla/vanilla_languages/objects/language_words.txt:15508	word+0x20	PE:RVA=0xee3e90..0xee40b0
NOUN_PLURAL	GALLERY	galleries	走廊	data/vanilla/vanilla_languages/objects/language_words.txt:15508	word+0x40	PE:RVA=0xee3e90..0xee40b0
NOUN_SINGULAR	GALLEY	galley	桨帆船	data/vanilla/vanilla_languages/objects/language_words.txt:15513	word+0x20	PE:RVA=0xee3e90..0xee40b0
NOUN_PLURAL	GALLEY	galleys	桨帆船	data/vanilla/vanilla_languages/objects/language_words.txt:15513	word+0x40	PE:RVA=0xee3e90..0xee40b0
NOUN_SINGULAR	ARENA	arena	角斗场	data/vanilla/vanilla_languages/objects/language_words.txt:15521	word+0x20	PE:RVA=0xee3e90..0xee40b0
NOUN_PLURAL	ARENA	arenas	角斗场	data/vanilla/vanilla_languages/objects/language_words.txt:15521	word+0x40	PE:RVA=0xee3e90..0xee40b0
NOUN_SINGULAR	ARMORY	armory	武库	data/vanilla/vanilla_languages/objects/language_words.txt:15526	word+0x20	PE:RVA=0xee3e90..0xee40b0
NOUN_PLURAL	ARMORY	armories	武库	data/vanilla/vanilla_languages/objects/language_words.txt:15526	word+0x40	PE:RVA=0xee3e90..0xee40b0
NOUN_SINGULAR	ASSEMBLE	assembly	集会	data/vanilla/vanilla_languages/objects/language_words.txt:15531	word+0x20	PE:RVA=0xee3e90..0xee40b0
NOUN_PLURAL	ASSEMBLE	assemblies	集会	data/vanilla/vanilla_languages/objects/language_words.txt:15531	word+0x40	PE:RVA=0xee3e90..0xee40b0
NOUN_SINGULAR	MEET	meeting	会面	data/vanilla/vanilla_languages/objects/language_words.txt:15537	word+0x20	PE:RVA=0xee3e90..0xee40b0
NOUN_PLURAL	MEET	meetings	会面	data/vanilla/vanilla_languages/objects/language_words.txt:15537	word+0x40	PE:RVA=0xee3e90..0xee40b0
NOUN_SINGULAR	THEATER	theater	戏院	data/vanilla/vanilla_languages/objects/language_words.txt:15547	word+0x20	PE:RVA=0xee3e90..0xee40b0
NOUN_PLURAL	THEATER	theaters	戏院	data/vanilla/vanilla_languages/objects/language_words.txt:15547	word+0x40	PE:RVA=0xee3e90..0xee40b0
NOUN_SINGULAR	ENTRANCE	entrance	入口	data/vanilla/vanilla_languages/objects/language_words.txt:15556	word+0x20	PE:RVA=0xee3e90..0xee40b0
NOUN_PLURAL	ENTRANCE	entrances	入口	data/vanilla/vanilla_languages/objects/language_words.txt:15556	word+0x40	PE:RVA=0xee3e90..0xee40b0
NOUN_SINGULAR	EXIT	exit	出口	data/vanilla/vanilla_languages/objects/language_words.txt:15563	word+0x20	PE:RVA=0xee3e90..0xee40b0
NOUN_PLURAL	EXIT	exits	出口	data/vanilla/vanilla_languages/objects/language_words.txt:15563	word+0x40	PE:RVA=0xee3e90..0xee40b0
NOUN_SINGULAR	ENTRY	entry	入口	data/vanilla/vanilla_languages/objects/language_words.txt:15572	word+0x20	PE:RVA=0xee3e90..0xee40b0
NOUN_PLURAL	ENTRY	entries	入口	data/vanilla/vanilla_languages/objects/language_words.txt:15572	word+0x40	PE:RVA=0xee3e90..0xee40b0
NOUN_SINGULAR	VESTIBULE	vestibule	前庭	data/vanilla/vanilla_languages/objects/language_words.txt:15582	word+0x20	PE:RVA=0xee3e90..0xee40b0
NOUN_PLURAL	VESTIBULE	vestibules	前庭	data/vanilla/vanilla_languages/objects/language_words.txt:15582	word+0x40	PE:RVA=0xee3e90..0xee40b0
NOUN_SINGULAR	FROST	frost	霜	data/vanilla/vanilla_languages/objects/language_words.txt:15587	word+0x20	PE:RVA=0xee3e90..0xee40b0
ADJ	FROST	frosty	霜冻	data/vanilla/vanilla_languages/objects/language_words.txt:15592	word+0x60	PE:RVA=0xee3cf0..0xee3e8f
NOUN_SINGULAR	FEVER	fever	发烧	data/vanilla/vanilla_languages/objects/language_words.txt:15597	word+0x20	PE:RVA=0xee3e90..0xee40b0
NOUN_PLURAL	FEVER	fevers	发烧	data/vanilla/vanilla_languages/objects/language_words.txt:15597	word+0x40	PE:RVA=0xee3e90..0xee40b0
ADJ	FEVER	feverish	发热	data/vanilla/vanilla_languages/objects/language_words.txt:15604	word+0x60	PE:RVA=0xee3cf0..0xee3e8f
NOUN_SINGULAR	HUMID	humidity	湿气	data/vanilla/vanilla_languages/objects/language_words.txt:15608	word+0x20	PE:RVA=0xee3e90..0xee40b0
ADJ	HUMID	humid	潮湿	data/vanilla/vanilla_languages/objects/language_words.txt:15610	word+0x60	PE:RVA=0xee3cf0..0xee3e8f
NOUN_SINGULAR	HUMOR	humor	幽默	data/vanilla/vanilla_languages/objects/language_words.txt:15616	word+0x20	PE:RVA=0xee3e90..0xee40b0
ADJ	HUMOR	humorous	幽默	data/vanilla/vanilla_languages/objects/language_words.txt:15621	word+0x60	PE:RVA=0xee3cf0..0xee3e8f
NOUN_SINGULAR	COMEDY	comedy	喜剧	data/vanilla/vanilla_languages/objects/language_words.txt:15625	word+0x20	PE:RVA=0xee3e90..0xee40b0
ADJ	COMEDY	comedic	喜剧	data/vanilla/vanilla_languages/objects/language_words.txt:15628	word+0x60	PE:RVA=0xee3cf0..0xee3e8f
ADJ	SIZZLE	sizzling	嘶响	data/vanilla/vanilla_languages/objects/language_words.txt:15632	word+0x60	PE:RVA=0xee3cf0..0xee3e8f
ADJ	SWELTER	sweltering	闷热	data/vanilla/vanilla_languages/objects/language_words.txt:15638	word+0x60	PE:RVA=0xee3cf0..0xee3e8f
NOUN_SINGULAR	WARM	warmth	温暖	data/vanilla/vanilla_languages/objects/language_words.txt:15644	word+0x20	PE:RVA=0xee3e90..0xee40b0
ADJ	WARM	warm	暖和	data/vanilla/vanilla_languages/objects/language_words.txt:15649	word+0x60	PE:RVA=0xee3cf0..0xee3e8f
ADJ	TORRID	torrid	晒热	data/vanilla/vanilla_languages/objects/language_words.txt:15655	word+0x60	PE:RVA=0xee3cf0..0xee3e8f
ADJ	ACRID	acrid	辛辣	data/vanilla/vanilla_languages/objects/language_words.txt:15661	word+0x60	PE:RVA=0xee3cf0..0xee3e8f
NOUN_SINGULAR	DALE	dale	小谷	data/vanilla/vanilla_languages/objects/language_words.txt:15667	word+0x20	PE:RVA=0xee3e90..0xee40b0
NOUN_PLURAL	DALE	dales	小谷	data/vanilla/vanilla_languages/objects/language_words.txt:15667	word+0x40	PE:RVA=0xee3e90..0xee40b0
NOUN_SINGULAR	DELL	dell	小谷	data/vanilla/vanilla_languages/objects/language_words.txt:15675	word+0x20	PE:RVA=0xee3e90..0xee40b0
NOUN_PLURAL	DELL	dells	小谷	data/vanilla/vanilla_languages/objects/language_words.txt:15675	word+0x40	PE:RVA=0xee3e90..0xee40b0
NOUN_SINGULAR	GLADE	glade	林间空地	data/vanilla/vanilla_languages/objects/language_words.txt:15683	word+0x20	PE:RVA=0xee3e90..0xee40b0
NOUN_PLURAL	GLADE	glades	林间空地	data/vanilla/vanilla_languages/objects/language_words.txt:15683	word+0x40	PE:RVA=0xee3e90..0xee40b0
NOUN_SINGULAR	VALE	vale	谷	data/vanilla/vanilla_languages/objects/language_words.txt:15691	word+0x20	PE:RVA=0xee3e90..0xee40b0
NOUN_PLURAL	VALE	vales	谷	data/vanilla/vanilla_languages/objects/language_words.txt:15691	word+0x40	PE:RVA=0xee3e90..0xee40b0
NOUN_SINGULAR	BASIN	basin	盆	data/vanilla/vanilla_languages/objects/language_words.txt:15699	word+0x20	PE:RVA=0xee3e90..0xee40b0
NOUN_PLURAL	BASIN	basins	盆	data/vanilla/vanilla_languages/objects/language_words.txt:15699	word+0x40	PE:RVA=0xee3e90..0xee40b0
NOUN_SINGULAR	BOWL	bowl	碗	data/vanilla/vanilla_languages/objects/language_words.txt:15707	word+0x20	PE:RVA=0xee3e90..0xee40b0
NOUN_PLURAL	BOWL	bowls	碗	data/vanilla/vanilla_languages/objects/language_words.txt:15707	word+0x40	PE:RVA=0xee3e90..0xee40b0
NOUN_SINGULAR	CAVITY	cavity	洞	data/vanilla/vanilla_languages/objects/language_words.txt:15715	word+0x20	PE:RVA=0xee3e90..0xee40b0
NOUN_PLURAL	CAVITY	cavities	洞	data/vanilla/vanilla_languages/objects/language_words.txt:15715	word+0x40	PE:RVA=0xee3e90..0xee40b0
NOUN_SINGULAR	CRATER	crater	火山口	data/vanilla/vanilla_languages/objects/language_words.txt:15720	word+0x20	PE:RVA=0xee3e90..0xee40b0
NOUN_PLURAL	CRATER	craters	火山口	data/vanilla/vanilla_languages/objects/language_words.txt:15720	word+0x40	PE:RVA=0xee3e90..0xee40b0
ADJ	CRATER	craterous	坑洼	data/vanilla/vanilla_languages/objects/language_words.txt:15726	word+0x60	PE:RVA=0xee3cf0..0xee3e8f
NOUN_SINGULAR	DEN	den	兽穴	data/vanilla/vanilla_languages/objects/language_words.txt:15730	word+0x20	PE:RVA=0xee3e90..0xee40b0
NOUN_PLURAL	DEN	dens	兽穴	data/vanilla/vanilla_languages/objects/language_words.txt:15730	word+0x40	PE:RVA=0xee3e90..0xee40b0
NOUN_SINGULAR	DENT	dent	凹痕	data/vanilla/vanilla_languages/objects/language_words.txt:15738	word+0x20	PE:RVA=0xee3e90..0xee40b0
NOUN_PLURAL	DENT	dents	凹痕	data/vanilla/vanilla_languages/objects/language_words.txt:15738	word+0x40	PE:RVA=0xee3e90..0xee40b0
ADJ	DENT	dented	凹陷	data/vanilla/vanilla_languages/objects/language_words.txt:15745	word+0x60	PE:RVA=0xee3cf0..0xee3e8f
NOUN_SINGULAR	DEPRESS SAD	depression	沮丧	data/vanilla/vanilla_languages/objects/language_words.txt:15753	word+0x20	PE:RVA=0xee3e90..0xee40b0
ADJ	DEPRESS SAD	depressed	沮丧	data/vanilla/vanilla_languages/objects/language_words.txt:15756	word+0x60	PE:RVA=0xee3cf0..0xee3e8f
NOUN_SINGULAR	DEPRESSION LOW	depression	洼地	data/vanilla/vanilla_languages/objects/language_words.txt:15763	word+0x20	PE:RVA=0xee3e90..0xee40b0
NOUN_PLURAL	DEPRESSION LOW	depressions	洼地	data/vanilla/vanilla_languages/objects/language_words.txt:15763	word+0x40	PE:RVA=0xee3e90..0xee40b0
NOUN_SINGULAR	DIMPLE	dimple	酒窝	data/vanilla/vanilla_languages/objects/language_words.txt:15768	word+0x20	PE:RVA=0xee3e90..0xee40b0
NOUN_PLURAL	DIMPLE	dimples	酒窝	data/vanilla/vanilla_languages/objects/language_words.txt:15768	word+0x40	PE:RVA=0xee3e90..0xee40b0
ADJ	DIMPLE	dimpled	带酒窝	data/vanilla/vanilla_languages/objects/language_words.txt:15775	word+0x60	PE:RVA=0xee3cf0..0xee3e8f
NOUN_SINGULAR	DIP	dip	凹陷	data/vanilla/vanilla_languages/objects/language_words.txt:15782	word+0x20	PE:RVA=0xee3e90..0xee40b0
NOUN_PLURAL	DIP	dips	凹陷	data/vanilla/vanilla_languages/objects/language_words.txt:15782	word+0x40	PE:RVA=0xee3e90..0xee40b0
ADJ	DIP	dipped	浸	data/vanilla/vanilla_languages/objects/language_words.txt:15788	word+0x60	PE:RVA=0xee3cf0..0xee3e8f
NOUN_SINGULAR	DISH	dish	盘子	data/vanilla/vanilla_languages/objects/language_words.txt:15796	word+0x20	PE:RVA=0xee3e90..0xee40b0
NOUN_PLURAL	DISH	dishes	盘子	data/vanilla/vanilla_languages/objects/language_words.txt:15796	word+0x40	PE:RVA=0xee3e90..0xee40b0
NOUN_SINGULAR	EXCAVATE	excavation	挖掘	data/vanilla/vanilla_languages/objects/language_words.txt:15804	word+0x20	PE:RVA=0xee3e90..0xee40b0
NOUN_PLURAL	EXCAVATE	excavations	挖掘	data/vanilla/vanilla_languages/objects/language_words.txt:15804	word+0x40	PE:RVA=0xee3e90..0xee40b0
ADJ	EXCAVATE	excavated	挖掘	data/vanilla/vanilla_languages/objects/language_words.txt:15808	word+0x60	PE:RVA=0xee3cf0..0xee3e8f
NOUN_SINGULAR	GROOVE	groove	凹槽	data/vanilla/vanilla_languages/objects/language_words.txt:15813	word+0x20	PE:RVA=0xee3e90..0xee40b0
NOUN_PLURAL	GROOVE	grooves	凹槽	data/vanilla/vanilla_languages/objects/language_words.txt:15813	word+0x40	PE:RVA=0xee3e90..0xee40b0
ADJ	GROOVE	grooved	带纹道	data/vanilla/vanilla_languages/objects/language_words.txt:15820	word+0x60	PE:RVA=0xee3cf0..0xee3e8f
NOUN_SINGULAR	GULF SEA	gulf	海湾	data/vanilla/vanilla_languages/objects/language_words.txt:15828	word+0x20	PE:RVA=0xee3e90..0xee40b0
NOUN_PLURAL	GULF SEA	gulfs	海湾	data/vanilla/vanilla_languages/objects/language_words.txt:15828	word+0x40	PE:RVA=0xee3e90..0xee40b0
NOUN_SINGULAR	GULF PIT	gulf	深渊	data/vanilla/vanilla_languages/objects/language_words.txt:15836	word+0x20	PE:RVA=0xee3e90..0xee40b0
NOUN_PLURAL	GULF PIT	gulfs	深渊	data/vanilla/vanilla_languages/objects/language_words.txt:15836	word+0x40	PE:RVA=0xee3e90..0xee40b0
NOUN_SINGULAR	GULF DISTANCE	gulf	鸿沟	data/vanilla/vanilla_languages/objects/language_words.txt:15844	word+0x20	PE:RVA=0xee3e90..0xee40b0
NOUN_PLURAL	GULF DISTANCE	gulfs	鸿沟	data/vanilla/vanilla_languages/objects/language_words.txt:15844	word+0x40	PE:RVA=0xee3e90..0xee40b0
NOUN_SINGULAR	DISTANCE	distance	距离	data/vanilla/vanilla_languages/objects/language_words.txt:15851	word+0x20	PE:RVA=0xee3e90..0xee40b0
NOUN_PLURAL	DISTANCE	distances	距离	data/vanilla/vanilla_languages/objects/language_words.txt:15851	word+0x40	PE:RVA=0xee3e90..0xee40b0
ADJ	DISTANCE	distant	远	data/vanilla/vanilla_languages/objects/language_words.txt:15856	word+0x60	PE:RVA=0xee3cf0..0xee3e8f
NOUN_SINGULAR	NOTCH	notch	刻痕	data/vanilla/vanilla_languages/objects/language_words.txt:15862	word+0x20	PE:RVA=0xee3e90..0xee40b0
NOUN_PLURAL	NOTCH	notches	刻痕	data/vanilla/vanilla_languages/objects/language_words.txt:15862	word+0x40	PE:RVA=0xee3e90..0xee40b0
ADJ	NOTCH	notched	有凹口	data/vanilla/vanilla_languages/objects/language_words.txt:15868	word+0x60	PE:RVA=0xee3cf0..0xee3e8f
ADJ	SAG	sagging	下垂	data/vanilla/vanilla_languages/objects/language_words.txt:15876	word+0x60	PE:RVA=0xee3cf0..0xee3e8f
NOUN_SINGULAR	SCOOP	scoop	铲子	data/vanilla/vanilla_languages/objects/language_words.txt:15884	word+0x20	PE:RVA=0xee3e90..0xee40b0
NOUN_PLURAL	SCOOP	scoops	铲子	data/vanilla/vanilla_languages/objects/language_words.txt:15884	word+0x40	PE:RVA=0xee3e90..0xee40b0
NOUN_SINGULAR	SOCKET	socket	凹窝	data/vanilla/vanilla_languages/objects/language_words.txt:15894	word+0x20	PE:RVA=0xee3e90..0xee40b0
NOUN_PLURAL	SOCKET	sockets	凹窝	data/vanilla/vanilla_languages/objects/language_words.txt:15894	word+0x40	PE:RVA=0xee3e90..0xee40b0
ADJ	SOCKET	socketed	嵌入	data/vanilla/vanilla_languages/objects/language_words.txt:15901	word+0x60	PE:RVA=0xee3cf0..0xee3e8f
NOUN_SINGULAR	TROUGH	trough	槽	data/vanilla/vanilla_languages/objects/language_words.txt:15906	word+0x20	PE:RVA=0xee3e90..0xee40b0
NOUN_PLURAL	TROUGH	troughs	槽	data/vanilla/vanilla_languages/objects/language_words.txt:15906	word+0x40	PE:RVA=0xee3e90..0xee40b0
NOUN_SINGULAR	VALLEY	valley	山谷	data/vanilla/vanilla_languages/objects/language_words.txt:15915	word+0x20	PE:RVA=0xee3e90..0xee40b0
NOUN_PLURAL	VALLEY	valleys	山谷	data/vanilla/vanilla_languages/objects/language_words.txt:15915	word+0x40	PE:RVA=0xee3e90..0xee40b0
NOUN_SINGULAR	FENCE	fence	围墙	data/vanilla/vanilla_languages/objects/language_words.txt:15923	word+0x20	PE:RVA=0xee3e90..0xee40b0
NOUN_PLURAL	FENCE	fences	围墙	data/vanilla/vanilla_languages/objects/language_words.txt:15923	word+0x40	PE:RVA=0xee3e90..0xee40b0
ADJ	FENCE	fenced	围栏	data/vanilla/vanilla_languages/objects/language_words.txt:15930	word+0x60	PE:RVA=0xee3cf0..0xee3e8f
NOUN_SINGULAR	BARRICADE	barricade	路障	data/vanilla/vanilla_languages/objects/language_words.txt:15936	word+0x20	PE:RVA=0xee3e90..0xee40b0
NOUN_PLURAL	BARRICADE	barricades	路障	data/vanilla/vanilla_languages/objects/language_words.txt:15936	word+0x40	PE:RVA=0xee3e90..0xee40b0
ADJ	BARRICADE	barricaded	街垒	data/vanilla/vanilla_languages/objects/language_words.txt:15939	word+0x60	PE:RVA=0xee3cf0..0xee3e8f
NOUN_SINGULAR	BLOCKADE	blockade	阻塞	data/vanilla/vanilla_languages/objects/language_words.txt:15944	word+0x20	PE:RVA=0xee3e90..0xee40b0
NOUN_PLURAL	BLOCKADE	blockades	阻塞	data/vanilla/vanilla_languages/objects/language_words.txt:15944	word+0x40	PE:RVA=0xee3e90..0xee40b0
ADJ	BLOCKADE	blockaded	封锁	data/vanilla/vanilla_languages/objects/language_words.txt:15950	word+0x60	PE:RVA=0xee3cf0..0xee3e8f
NOUN_SINGULAR	BOARD PLANK	board	木板	data/vanilla/vanilla_languages/objects/language_words.txt:15955	word+0x20	PE:RVA=0xee3e90..0xee40b0
NOUN_PLURAL	BOARD PLANK	boards	木板	data/vanilla/vanilla_languages/objects/language_words.txt:15955	word+0x40	PE:RVA=0xee3e90..0xee40b0
NOUN_SINGULAR	PLANK	plank	厚木板	data/vanilla/vanilla_languages/objects/language_words.txt:15967	word+0x20	PE:RVA=0xee3e90..0xee40b0
NOUN_PLURAL	PLANK	planks	厚木板	data/vanilla/vanilla_languages/objects/language_words.txt:15967	word+0x40	PE:RVA=0xee3e90..0xee40b0
NOUN_SINGULAR	DEFEND	defender	防卫者	data/vanilla/vanilla_languages/objects/language_words.txt:15975	word+0x20	PE:RVA=0xee3e90..0xee40b0
NOUN_PLURAL	DEFEND	defenders	防卫者	data/vanilla/vanilla_languages/objects/language_words.txt:15975	word+0x40	PE:RVA=0xee3e90..0xee40b0
ADJ	DEFEND	defended	辩护	data/vanilla/vanilla_languages/objects/language_words.txt:15978	word+0x60	PE:RVA=0xee3cf0..0xee3e8f
NOUN_SINGULAR	DEFENSE	defense	防卫	data/vanilla/vanilla_languages/objects/language_words.txt:15983	word+0x20	PE:RVA=0xee3e90..0xee40b0
NOUN_PLURAL	DEFENSE	defenses	防卫	data/vanilla/vanilla_languages/objects/language_words.txt:15983	word+0x40	PE:RVA=0xee3e90..0xee40b0
ADJ	DEFENSE	defensive	防卫	data/vanilla/vanilla_languages/objects/language_words.txt:15989	word+0x60	PE:RVA=0xee3cf0..0xee3e8f
NOUN_SINGULAR	DIKE	dike	堤防	data/vanilla/vanilla_languages/objects/language_words.txt:15993	word+0x20	PE:RVA=0xee3e90..0xee40b0
NOUN_PLURAL	DIKE	dikes	堤防	data/vanilla/vanilla_languages/objects/language_words.txt:15993	word+0x40	PE:RVA=0xee3e90..0xee40b0
NOUN_SINGULAR	PALISADE	palisade	木栅	data/vanilla/vanilla_languages/objects/language_words.txt:16001	word+0x20	PE:RVA=0xee3e90..0xee40b0
NOUN_PLURAL	PALISADE	palisades	木栅	data/vanilla/vanilla_languages/objects/language_words.txt:16001	word+0x40	PE:RVA=0xee3e90..0xee40b0
NOUN_SINGULAR	POST	post	柱	data/vanilla/vanilla_languages/objects/language_words.txt:16006	word+0x20	PE:RVA=0xee3e90..0xee40b0
NOUN_PLURAL	POST	posts	柱	data/vanilla/vanilla_languages/objects/language_words.txt:16006	word+0x40	PE:RVA=0xee3e90..0xee40b0
NOUN_SINGULAR	RAMPART	rampart	垒	data/vanilla/vanilla_languages/objects/language_words.txt:16014	word+0x20	PE:RVA=0xee3e90..0xee40b0
NOUN_PLURAL	RAMPART	ramparts	垒	data/vanilla/vanilla_languages/objects/language_words.txt:16014	word+0x40	PE:RVA=0xee3e90..0xee40b0
NOUN_SINGULAR	STAKE	stake	桩	data/vanilla/vanilla_languages/objects/language_words.txt:16021	word+0x20	PE:RVA=0xee3e90..0xee40b0
NOUN_PLURAL	STAKE	stakes	桩	data/vanilla/vanilla_languages/objects/language_words.txt:16021	word+0x40	PE:RVA=0xee3e90..0xee40b0
NOUN_SINGULAR	STOP	stop	停止	data/vanilla/vanilla_languages/objects/language_words.txt:16029	word+0x20	PE:RVA=0xee3e90..0xee40b0
NOUN_PLURAL	STOP	stops	停止	data/vanilla/vanilla_languages/objects/language_words.txt:16029	word+0x40	PE:RVA=0xee3e90..0xee40b0
NOUN_SINGULAR	STOCKADE	stockade	栅栏	data/vanilla/vanilla_languages/objects/language_words.txt:16039	word+0x20	PE:RVA=0xee3e90..0xee40b0
NOUN_PLURAL	STOCKADE	stockades	栅栏	data/vanilla/vanilla_languages/objects/language_words.txt:16039	word+0x40	PE:RVA=0xee3e90..0xee40b0
NOUN_SINGULAR	ABYSS	abyss	深渊	data/vanilla/vanilla_languages/objects/language_words.txt:16047	word+0x20	PE:RVA=0xee3e90..0xee40b0
NOUN_PLURAL	ABYSS	abysses	深渊	data/vanilla/vanilla_languages/objects/language_words.txt:16047	word+0x40	PE:RVA=0xee3e90..0xee40b0
ADJ	ABYSS	abyssal	深渊	data/vanilla/vanilla_languages/objects/language_words.txt:16053	word+0x60	PE:RVA=0xee3cf0..0xee3e8f
NOUN_SINGULAR	CHASM	chasm	陷窟	data/vanilla/vanilla_languages/objects/language_words.txt:16057	word+0x20	PE:RVA=0xee3e90..0xee40b0
NOUN_PLURAL	CHASM	chasms	陷窟	data/vanilla/vanilla_languages/objects/language_words.txt:16057	word+0x40	PE:RVA=0xee3e90..0xee40b0
NOUN_SINGULAR	CREVICE	crevice	裂缝	data/vanilla/vanilla_languages/objects/language_words.txt:16066	word+0x20	PE:RVA=0xee3e90..0xee40b0
NOUN_PLURAL	CREVICE	crevices	裂缝	data/vanilla/vanilla_languages/objects/language_words.txt:16066	word+0x40	PE:RVA=0xee3e90..0xee40b0
NOUN_SINGULAR	RIFT	rift	裂口	data/vanilla/vanilla_languages/objects/language_words.txt:16074	word+0x20	PE:RVA=0xee3e90..0xee40b0
NOUN_PLURAL	RIFT	rifts	裂口	data/vanilla/vanilla_languages/objects/language_words.txt:16074	word+0x40	PE:RVA=0xee3e90..0xee40b0
NOUN_SINGULAR	FISSURE	fissure	裂缝	data/vanilla/vanilla_languages/objects/language_words.txt:16082	word+0x20	PE:RVA=0xee3e90..0xee40b0
NOUN_PLURAL	FISSURE	fissures	裂缝	data/vanilla/vanilla_languages/objects/language_words.txt:16082	word+0x40	PE:RVA=0xee3e90..0xee40b0
ADJ	ABYSMAL	abysmal	深渊	data/vanilla/vanilla_languages/objects/language_words.txt:16095	word+0x60	PE:RVA=0xee3cf0..0xee3e8f
ADJ	SUBMERGE	submerged	水下	data/vanilla/vanilla_languages/objects/language_words.txt:16099	word+0x60	PE:RVA=0xee3cf0..0xee3e8f
NOUN_SINGULAR	CYCLONE	cyclone	旋风	data/vanilla/vanilla_languages/objects/language_words.txt:16105	word+0x20	PE:RVA=0xee3e90..0xee40b0
NOUN_PLURAL	CYCLONE	cyclones	旋风	data/vanilla/vanilla_languages/objects/language_words.txt:16105	word+0x40	PE:RVA=0xee3e90..0xee40b0
NOUN_SINGULAR	TYPHOON	typhoon	台风	data/vanilla/vanilla_languages/objects/language_words.txt:16113	word+0x20	PE:RVA=0xee3e90..0xee40b0
NOUN_PLURAL	TYPHOON	typhoons	台风	data/vanilla/vanilla_languages/objects/language_words.txt:16113	word+0x40	PE:RVA=0xee3e90..0xee40b0
NOUN_SINGULAR	HURRICANE	hurricane	飓风	data/vanilla/vanilla_languages/objects/language_words.txt:16121	word+0x20	PE:RVA=0xee3e90..0xee40b0
NOUN_PLURAL	HURRICANE	hurricanes	飓风	data/vanilla/vanilla_languages/objects/language_words.txt:16121	word+0x40	PE:RVA=0xee3e90..0xee40b0
NOUN_SINGULAR	GALE	gale	狂风	data/vanilla/vanilla_languages/objects/language_words.txt:16126	word+0x20	PE:RVA=0xee3e90..0xee40b0
NOUN_PLURAL	GALE	gales	狂风	data/vanilla/vanilla_languages/objects/language_words.txt:16126	word+0x40	PE:RVA=0xee3e90..0xee40b0
NOUN_SINGULAR	TORNADO	tornado	旋风	data/vanilla/vanilla_languages/objects/language_words.txt:16134	word+0x20	PE:RVA=0xee3e90..0xee40b0
NOUN_PLURAL	TORNADO	tornados	旋风	data/vanilla/vanilla_languages/objects/language_words.txt:16134	word+0x40	PE:RVA=0xee3e90..0xee40b0
NOUN_SINGULAR	HAIL ICE	hail	冰雹	data/vanilla/vanilla_languages/objects/language_words.txt:16143	word+0x20	PE:RVA=0xee3e90..0xee40b0
ADJ	HALE	hale	强壮	data/vanilla/vanilla_languages/objects/language_words.txt:16152	word+0x60	PE:RVA=0xee3cf0..0xee3e8f
NOUN_SINGULAR	ROBUST	robustness	强健	data/vanilla/vanilla_languages/objects/language_words.txt:16158	word+0x20	PE:RVA=0xee3e90..0xee40b0
ADJ	ROBUST	robust	健康	data/vanilla/vanilla_languages/objects/language_words.txt:16161	word+0x60	PE:RVA=0xee3cf0..0xee3e8f
NOUN_SINGULAR	HARDY	hardiness	强壮	data/vanilla/vanilla_languages/objects/language_words.txt:16167	word+0x20	PE:RVA=0xee3e90..0xee40b0
ADJ	HARDY	hardy	坚韧	data/vanilla/vanilla_languages/objects/language_words.txt:16170	word+0x60	PE:RVA=0xee3cf0..0xee3e8f
NOUN_SINGULAR	VIGOR	vigor	精力	data/vanilla/vanilla_languages/objects/language_words.txt:16175	word+0x20	PE:RVA=0xee3e90..0xee40b0
ADJ	VIGOR	vigorous	健壮	data/vanilla/vanilla_languages/objects/language_words.txt:16180	word+0x60	PE:RVA=0xee3cf0..0xee3e8f
NOUN_SINGULAR	AIR	air	空气	data/vanilla/vanilla_languages/objects/language_words.txt:16184	word+0x20	PE:RVA=0xee3e90..0xee40b0
NOUN_SINGULAR	SPLASH	splash	飞溅	data/vanilla/vanilla_languages/objects/language_words.txt:16191	word+0x20	PE:RVA=0xee3e90..0xee40b0
NOUN_PLURAL	SPLASH	splashes	飞溅	data/vanilla/vanilla_languages/objects/language_words.txt:16191	word+0x40	PE:RVA=0xee3e90..0xee40b0
NOUN_SINGULAR	DABBLE	dabbler	戏水者	data/vanilla/vanilla_languages/objects/language_words.txt:16201	word+0x20	PE:RVA=0xee3e90..0xee40b0
NOUN_PLURAL	DABBLE	dabblers	戏水者	data/vanilla/vanilla_languages/objects/language_words.txt:16201	word+0x40	PE:RVA=0xee3e90..0xee40b0
ADJ	DABBLE	dabbling	涉猎	data/vanilla/vanilla_languages/objects/language_words.txt:16207	word+0x60	PE:RVA=0xee3cf0..0xee3e8f
ADJ	DOUSE	doused	浇灭	data/vanilla/vanilla_languages/objects/language_words.txt:16215	word+0x60	PE:RVA=0xee3cf0..0xee3e8f
ADJ	DRENCH	drenched	湿透	data/vanilla/vanilla_languages/objects/language_words.txt:16223	word+0x60	PE:RVA=0xee3cf0..0xee3e8f
NOUN_SINGULAR	MOIST	moistness	湿	data/vanilla/vanilla_languages/objects/language_words.txt:16230	word+0x20	PE:RVA=0xee3e90..0xee40b0
ADJ	MOIST	moist	潮湿	data/vanilla/vanilla_languages/objects/language_words.txt:16235	word+0x60	PE:RVA=0xee3cf0..0xee3e8f
NOUN_SINGULAR	PLUNGE	plunge	猛冲	data/vanilla/vanilla_languages/objects/language_words.txt:16243	word+0x20	PE:RVA=0xee3e90..0xee40b0
NOUN_PLURAL	PLUNGE	plunges	猛冲	data/vanilla/vanilla_languages/objects/language_words.txt:16243	word+0x40	PE:RVA=0xee3e90..0xee40b0
NOUN_SINGULAR	SHOWER	shower	阵雨	data/vanilla/vanilla_languages/objects/language_words.txt:16253	word+0x20	PE:RVA=0xee3e90..0xee40b0
NOUN_PLURAL	SHOWER	showers	阵雨	data/vanilla/vanilla_languages/objects/language_words.txt:16253	word+0x40	PE:RVA=0xee3e90..0xee40b0
NOUN_SINGULAR	SLOP	slop	污水	data/vanilla/vanilla_languages/objects/language_words.txt:16263	word+0x20	PE:RVA=0xee3e90..0xee40b0
ADJ	SLOP	sloppy	泥泞	data/vanilla/vanilla_languages/objects/language_words.txt:16268	word+0x60	PE:RVA=0xee3cf0..0xee3e8f
ADJ	SOAK	soaked	湿透	data/vanilla/vanilla_languages/objects/language_words.txt:16280	word+0x60	PE:RVA=0xee3cf0..0xee3e8f
ADJ	SPATTER	spattered	溅	data/vanilla/vanilla_languages/objects/language_words.txt:16287	word+0x60	PE:RVA=0xee3cf0..0xee3e8f
ADJ	SPLATTER	splattered	溅泼	data/vanilla/vanilla_languages/objects/language_words.txt:16294	word+0x60	PE:RVA=0xee3cf0..0xee3e8f
NOUN_SINGULAR	SPRAY	spray	水沫	data/vanilla/vanilla_languages/objects/language_words.txt:16301	word+0x20	PE:RVA=0xee3e90..0xee40b0
NOUN_PLURAL	SPRAY	sprays	水沫	data/vanilla/vanilla_languages/objects/language_words.txt:16301	word+0x40	PE:RVA=0xee3e90..0xee40b0
ADJ	SPRAY	sprayed	喷雾	data/vanilla/vanilla_languages/objects/language_words.txt:16308	word+0x60	PE:RVA=0xee3cf0..0xee3e8f
ADJ	SPREAD	spread	展开	data/vanilla/vanilla_languages/objects/language_words.txt:16315	word+0x60	PE:RVA=0xee3cf0..0xee3e8f
NOUN_SINGULAR	TWINKLE	twinkle	闪烁	data/vanilla/vanilla_languages/objects/language_words.txt:16326	word+0x20	PE:RVA=0xee3e90..0xee40b0
NOUN_PLURAL	TWINKLE	twinkles	闪烁	data/vanilla/vanilla_languages/objects/language_words.txt:16326	word+0x40	PE:RVA=0xee3e90..0xee40b0
ADJ	TWINKLE	twinkling	闪烁	data/vanilla/vanilla_languages/objects/language_words.txt:16332	word+0x60	PE:RVA=0xee3cf0..0xee3e8f
NOUN_SINGULAR	WAD	wad	小软团	data/vanilla/vanilla_languages/objects/language_words.txt:16344	word+0x20	PE:RVA=0xee3e90..0xee40b0
NOUN_PLURAL	WAD	wads	小软团	data/vanilla/vanilla_languages/objects/language_words.txt:16344	word+0x40	PE:RVA=0xee3e90..0xee40b0
ADJ	WET	wet	湿	data/vanilla/vanilla_languages/objects/language_words.txt:16356	word+0x60	PE:RVA=0xee3cf0..0xee3e8f
ADJ	FADE	faded	褪色	data/vanilla/vanilla_languages/objects/language_words.txt:16364	word+0x60	PE:RVA=0xee3cf0..0xee3e8f
ADJ	COLORLESS	colorless	无色	data/vanilla/vanilla_languages/objects/language_words.txt:16371	word+0x60	PE:RVA=0xee3cf0..0xee3e8f
NOUN_SINGULAR	APPEAR	appearance	出现	data/vanilla/vanilla_languages/objects/language_words.txt:16391	word+0x20	PE:RVA=0xee3e90..0xee40b0
NOUN_PLURAL	APPEAR	appearances	出现	data/vanilla/vanilla_languages/objects/language_words.txt:16391	word+0x40	PE:RVA=0xee3e90..0xee40b0
NOUN_SINGULAR	DISAPPEAR	disappearance	看不见	data/vanilla/vanilla_languages/objects/language_words.txt:16399	word+0x20	PE:RVA=0xee3e90..0xee40b0
NOUN_PLURAL	DISAPPEAR	disappearances	看不见	data/vanilla/vanilla_languages/objects/language_words.txt:16399	word+0x40	PE:RVA=0xee3e90..0xee40b0
ADJ	DULL	dull	钝	data/vanilla/vanilla_languages/objects/language_words.txt:16410	word+0x60	PE:RVA=0xee3cf0..0xee3e8f
NOUN_SINGULAR	EVAPORATE	evaporation	蒸发	data/vanilla/vanilla_languages/objects/language_words.txt:16418	word+0x20	PE:RVA=0xee3e90..0xee40b0
ADJ	EVAPORATE	evaporated	浓缩	data/vanilla/vanilla_languages/objects/language_words.txt:16421	word+0x60	PE:RVA=0xee3cf0..0xee3e8f
NOUN_SINGULAR	LUSTER	luster	光彩	data/vanilla/vanilla_languages/objects/language_words.txt:16426	word+0x20	PE:RVA=0xee3e90..0xee40b0
NOUN_PLURAL	LUSTER	lusters	光彩	data/vanilla/vanilla_languages/objects/language_words.txt:16426	word+0x40	PE:RVA=0xee3e90..0xee40b0
ADJ	LUSTER	lustrous	有光泽	data/vanilla/vanilla_languages/objects/language_words.txt:16432	word+0x60	PE:RVA=0xee3cf0..0xee3e8f
NOUN_SINGULAR	TONE	tone	色调	data/vanilla/vanilla_languages/objects/language_words.txt:16438	word+0x20	PE:RVA=0xee3e90..0xee40b0
NOUN_PLURAL	TONE	tones	色调	data/vanilla/vanilla_languages/objects/language_words.txt:16438	word+0x40	PE:RVA=0xee3e90..0xee40b0
NOUN_SINGULAR	VANISH	vanishment	消失	data/vanilla/vanilla_languages/objects/language_words.txt:16450	word+0x20	PE:RVA=0xee3e90..0xee40b0
ADJ	VANISH	vanished	消逝	data/vanilla/vanilla_languages/objects/language_words.txt:16453	word+0x60	PE:RVA=0xee3cf0..0xee3e8f
ADJ	WASH	washed	洗过	data/vanilla/vanilla_languages/objects/language_words.txt:16460	word+0x60	PE:RVA=0xee3cf0..0xee3e8f
NOUN_SINGULAR	ABATE	abatement	减少	data/vanilla/vanilla_languages/objects/language_words.txt:16467	word+0x20	PE:RVA=0xee3e90..0xee40b0
ADJ	ABATE	abated	减轻	data/vanilla/vanilla_languages/objects/language_words.txt:16470	word+0x60	PE:RVA=0xee3cf0..0xee3e8f
NOUN_SINGULAR	DECLINE	decline	衰退	data/vanilla/vanilla_languages/objects/language_words.txt:16475	word+0x20	PE:RVA=0xee3e90..0xee40b0
NOUN_PLURAL	DECLINE	declines	衰退	data/vanilla/vanilla_languages/objects/language_words.txt:16475	word+0x40	PE:RVA=0xee3e90..0xee40b0
ADJ	DECLINE	declining	倾斜	data/vanilla/vanilla_languages/objects/language_words.txt:16482	word+0x60	PE:RVA=0xee3cf0..0xee3e8f
NOUN_SINGULAR	DETERIORATE	deterioration	恶化	data/vanilla/vanilla_languages/objects/language_words.txt:16488	word+0x20	PE:RVA=0xee3e90..0xee40b0
ADJ	DETERIORATE	deteriorated	恶化	data/vanilla/vanilla_languages/objects/language_words.txt:16491	word+0x60	PE:RVA=0xee3cf0..0xee3e8f
NOUN_SINGULAR	DIMINISH	diminishment	缩减	data/vanilla/vanilla_languages/objects/language_words.txt:16496	word+0x20	PE:RVA=0xee3e90..0xee40b0
ADJ	DIMINISH	diminished	减退了	data/vanilla/vanilla_languages/objects/language_words.txt:16499	word+0x60	PE:RVA=0xee3cf0..0xee3e8f
NOUN_SINGULAR	DISPERSE	dispersal	散布	data/vanilla/vanilla_languages/objects/language_words.txt:16504	word+0x20	PE:RVA=0xee3e90..0xee40b0
ADJ	DISPERSE	dispersed	散布	data/vanilla/vanilla_languages/objects/language_words.txt:16507	word+0x60	PE:RVA=0xee3cf0..0xee3e8f
NOUN_SINGULAR	DROOP	droopiness	萎靡	data/vanilla/vanilla_languages/objects/language_words.txt:16514	word+0x20	PE:RVA=0xee3e90..0xee40b0
ADJ	DROOP	droopy	下垂	data/vanilla/vanilla_languages/objects/language_words.txt:16517	word+0x60	PE:RVA=0xee3cf0..0xee3e8f
ADJ	DWINDLE	dwindling	衰减	data/vanilla/vanilla_languages/objects/language_words.txt:16525	word+0x60	PE:RVA=0xee3cf0..0xee3e8f
NOUN_SINGULAR	KINDLE	kindling	点火	data/vanilla/vanilla_languages/objects/language_words.txt:16533	word+0x20	PE:RVA=0xee3e90..0xee40b0
ADJ	KINDLE	kindled	燃烧	data/vanilla/vanilla_languages/objects/language_words.txt:16538	word+0x60	PE:RVA=0xee3cf0..0xee3e8f
NOUN_SINGULAR	STOKE	stoker	司炉	data/vanilla/vanilla_languages/objects/language_words.txt:16545	word+0x20	PE:RVA=0xee3e90..0xee40b0
NOUN_PLURAL	STOKE	stokers	司炉	data/vanilla/vanilla_languages/objects/language_words.txt:16545	word+0x40	PE:RVA=0xee3e90..0xee40b0
ADJ	STOKE	stoked	热烈	data/vanilla/vanilla_languages/objects/language_words.txt:16551	word+0x60	PE:RVA=0xee3cf0..0xee3e8f
NOUN_SINGULAR	POKE	poker	戳刺者	data/vanilla/vanilla_languages/objects/language_words.txt:16558	word+0x20	PE:RVA=0xee3e90..0xee40b0
NOUN_PLURAL	POKE	pokers	戳刺者	data/vanilla/vanilla_languages/objects/language_words.txt:16558	word+0x40	PE:RVA=0xee3e90..0xee40b0
ADJ	STIR	stirred	移动	data/vanilla/vanilla_languages/objects/language_words.txt:16568	word+0x60	PE:RVA=0xee3cf0..0xee3e8f
NOUN_SINGULAR	FEED	feed	饲料	data/vanilla/vanilla_languages/objects/language_words.txt:16575	word+0x20	PE:RVA=0xee3e90..0xee40b0
ADJ	FEED	fed	饱食	data/vanilla/vanilla_languages/objects/language_words.txt:16580	word+0x60	PE:RVA=0xee3cf0..0xee3e8f
NOUN_SINGULAR	FAIL	failure	失败	data/vanilla/vanilla_languages/objects/language_words.txt:16587	word+0x20	PE:RVA=0xee3e90..0xee40b0
NOUN_PLURAL	FAIL	failures	失败	data/vanilla/vanilla_languages/objects/language_words.txt:16587	word+0x40	PE:RVA=0xee3e90..0xee40b0
ADJ	FAIL	failed	失败	data/vanilla/vanilla_languages/objects/language_words.txt:16594	word+0x60	PE:RVA=0xee3cf0..0xee3e8f
ADJ	LANGUISH	languishing	憔悴	data/vanilla/vanilla_languages/objects/language_words.txt:16602	word+0x60	PE:RVA=0xee3cf0..0xee3e8f
ADJ	LESSEN	lessened	减少	data/vanilla/vanilla_languages/objects/language_words.txt:16608	word+0x60	PE:RVA=0xee3cf0..0xee3e8f
NOUN_SINGULAR	LESSON	lesson	课	data/vanilla/vanilla_languages/objects/language_words.txt:16615	word+0x20	PE:RVA=0xee3e90..0xee40b0
NOUN_PLURAL	LESSON	lessons	课	data/vanilla/vanilla_languages/objects/language_words.txt:16615	word+0x40	PE:RVA=0xee3e90..0xee40b0
NOUN_SINGULAR	TEACH	teacher	教师	data/vanilla/vanilla_languages/objects/language_words.txt:16624	word+0x20	PE:RVA=0xee3e90..0xee40b0
NOUN_PLURAL	TEACH	teachers	教师	data/vanilla/vanilla_languages/objects/language_words.txt:16624	word+0x40	PE:RVA=0xee3e90..0xee40b0
NOUN_SINGULAR	MASTERY	mastery	精通	data/vanilla/vanilla_languages/objects/language_words.txt:16634	word+0x20	PE:RVA=0xee3e90..0xee40b0
NOUN_SINGULAR	PERISH	perishment	消亡	data/vanilla/vanilla_languages/objects/language_words.txt:16639	word+0x20	PE:RVA=0xee3e90..0xee40b0
ADJ	SHRIVEL	shriveled	皱缩	data/vanilla/vanilla_languages/objects/language_words.txt:16646	word+0x60	PE:RVA=0xee3cf0..0xee3e8f
ADJ	SINK	sunken	沉没	data/vanilla/vanilla_languages/objects/language_words.txt:16653	word+0x60	PE:RVA=0xee3cf0..0xee3e8f
ADJ	TAPER	tapered	锥形	data/vanilla/vanilla_languages/objects/language_words.txt:16661	word+0x60	PE:RVA=0xee3cf0..0xee3e8f
ADJ	THIN	thin	薄	data/vanilla/vanilla_languages/objects/language_words.txt:16668	word+0x60	PE:RVA=0xee3cf0..0xee3e8f
NOUN_SINGULAR	TIRE	tiredness	疲劳	data/vanilla/vanilla_languages/objects/language_words.txt:16676	word+0x20	PE:RVA=0xee3e90..0xee40b0
ADJ	TIRE	tired	疲累	data/vanilla/vanilla_languages/objects/language_words.txt:16679	word+0x60	PE:RVA=0xee3cf0..0xee3e8f
NOUN_SINGULAR	WANE	wane	减少	data/vanilla/vanilla_languages/objects/language_words.txt:16686	word+0x20	PE:RVA=0xee3e90..0xee40b0
NOUN_PLURAL	WANE	wanes	减少	data/vanilla/vanilla_languages/objects/language_words.txt:16686	word+0x40	PE:RVA=0xee3e90..0xee40b0
ADJ	WANE	waning	减弱	data/vanilla/vanilla_languages/objects/language_words.txt:16691	word+0x60	PE:RVA=0xee3cf0..0xee3e8f
NOUN_SINGULAR	WEAK	weakness	虚弱	data/vanilla/vanilla_languages/objects/language_words.txt:16699	word+0x20	PE:RVA=0xee3e90..0xee40b0
NOUN_PLURAL	WEAK	weaknesses	虚弱	data/vanilla/vanilla_languages/objects/language_words.txt:16699	word+0x40	PE:RVA=0xee3e90..0xee40b0
ADJ	WEAK	weak	虚弱	data/vanilla/vanilla_languages/objects/language_words.txt:16705	word+0x60	PE:RVA=0xee3cf0..0xee3e8f
NOUN_SINGULAR	WILT	wilt	枯萎	data/vanilla/vanilla_languages/objects/language_words.txt:16713	word+0x20	PE:RVA=0xee3e90..0xee40b0
NOUN_PLURAL	WILT	wilts	枯萎	data/vanilla/vanilla_languages/objects/language_words.txt:16713	word+0x40	PE:RVA=0xee3e90..0xee40b0
ADJ	WILT	wilted	枯萎	data/vanilla/vanilla_languages/objects/language_words.txt:16720	word+0x60	PE:RVA=0xee3cf0..0xee3e8f
ADJ	WITHER	withered	枯萎了	data/vanilla/vanilla_languages/objects/language_words.txt:16726	word+0x60	PE:RVA=0xee3cf0..0xee3e8f
NOUN_SINGULAR	HONOR	honor	荣誉	data/vanilla/vanilla_languages/objects/language_words.txt:16733	word+0x20	PE:RVA=0xee3e90..0xee40b0
ADJ	HONOR	honorable	光荣	data/vanilla/vanilla_languages/objects/language_words.txt:16738	word+0x60	PE:RVA=0xee3cf0..0xee3e8f
NOUN_SINGULAR	ADORE	adoration	崇拜	data/vanilla/vanilla_languages/objects/language_words.txt:16744	word+0x20	PE:RVA=0xee3e90..0xee40b0
ADJ	ADORE	adorable	可崇拜	data/vanilla/vanilla_languages/objects/language_words.txt:16747	word+0x60	PE:RVA=0xee3cf0..0xee3e8f
NOUN_SINGULAR	ADULATE	adulation	谄媚	data/vanilla/vanilla_languages/objects/language_words.txt:16753	word+0x20	PE:RVA=0xee3e90..0xee40b0
NOUN_SINGULAR	CELEBRATE	celebration	庆祝	data/vanilla/vanilla_languages/objects/language_words.txt:16758	word+0x20	PE:RVA=0xee3e90..0xee40b0
NOUN_PLURAL	CELEBRATE	celebrations	庆祝	data/vanilla/vanilla_languages/objects/language_words.txt:16758	word+0x40	PE:RVA=0xee3e90..0xee40b0
ADJ	CELEBRATE	celebrated	驰名	data/vanilla/vanilla_languages/objects/language_words.txt:16762	word+0x60	PE:RVA=0xee3cf0..0xee3e8f
NOUN_SINGULAR	CONFIDENT	confidence	信心	data/vanilla/vanilla_languages/objects/language_words.txt:16767	word+0x20	PE:RVA=0xee3e90..0xee40b0
ADJ	CONFIDENT	confident	有信心	data/vanilla/vanilla_languages/objects/language_words.txt:16770	word+0x60	PE:RVA=0xee3cf0..0xee3e8f
NOUN_SINGULAR	DEFERENCE	deference	敬意	data/vanilla/vanilla_languages/objects/language_words.txt:16774	word+0x20	PE:RVA=0xee3e90..0xee40b0
ADJ	DEFERENCE	deferent	传送	data/vanilla/vanilla_languages/objects/language_words.txt:16777	word+0x60	PE:RVA=0xee3cf0..0xee3e8f
NOUN_SINGULAR	DEITY	deity	神	data/vanilla/vanilla_languages/objects/language_words.txt:16781	word+0x20	PE:RVA=0xee3e90..0xee40b0
NOUN_PLURAL	DEITY	deities	神	data/vanilla/vanilla_languages/objects/language_words.txt:16781	word+0x40	PE:RVA=0xee3e90..0xee40b0
NOUN_SINGULAR	DISTINCT	distinction	区别	data/vanilla/vanilla_languages/objects/language_words.txt:16786	word+0x20	PE:RVA=0xee3e90..0xee40b0
NOUN_PLURAL	DISTINCT	distinctions	区别	data/vanilla/vanilla_languages/objects/language_words.txt:16786	word+0x40	PE:RVA=0xee3e90..0xee40b0
ADJ	DISTINCT	distinct	清楚	data/vanilla/vanilla_languages/objects/language_words.txt:16790	word+0x60	PE:RVA=0xee3cf0..0xee3e8f
NOUN_SINGULAR	ELEVATE	elevation	高位	data/vanilla/vanilla_languages/objects/language_words.txt:16797	word+0x20	PE:RVA=0xee3e90..0xee40b0
ADJ	ELEVATE	elevated	提高	data/vanilla/vanilla_languages/objects/language_words.txt:16800	word+0x60	PE:RVA=0xee3cf0..0xee3e8f
NOUN_SINGULAR	ESTEEM	esteem	尊敬	data/vanilla/vanilla_languages/objects/language_words.txt:16805	word+0x20	PE:RVA=0xee3e90..0xee40b0
ADJ	ESTEEM	esteemed	受敬	data/vanilla/vanilla_languages/objects/language_words.txt:16810	word+0x60	PE:RVA=0xee3cf0..0xee3e8f
NOUN_SINGULAR	EXALT	exaltation	提升	data/vanilla/vanilla_languages/objects/language_words.txt:16816	word+0x20	PE:RVA=0xee3e90..0xee40b0
ADJ	EXALT	exalted	高尚	data/vanilla/vanilla_languages/objects/language_words.txt:16819	word+0x60	PE:RVA=0xee3cf0..0xee3e8f
NOUN_SINGULAR	FAME	fame	名望	data/vanilla/vanilla_languages/objects/language_words.txt:16824	word+0x20	PE:RVA=0xee3e90..0xee40b0
ADJ	FAME	famous	出名	data/vanilla/vanilla_languages/objects/language_words.txt:16829	word+0x60	PE:RVA=0xee3cf0..0xee3e8f
NOUN_SINGULAR	FEALTY	fealty	忠诚	data/vanilla/vanilla_languages/objects/language_words.txt:16835	word+0x20	PE:RVA=0xee3e90..0xee40b0
NOUN_PLURAL	FEALTY	fealties	忠诚	data/vanilla/vanilla_languages/objects/language_words.txt:16835	word+0x40	PE:RVA=0xee3e90..0xee40b0
NOUN_SINGULAR	HOMAGE	homage	尊崇	data/vanilla/vanilla_languages/objects/language_words.txt:16843	word+0x20	PE:RVA=0xee3e90..0xee40b0
NOUN_PLURAL	HOMAGE	homages	尊崇	data/vanilla/vanilla_languages/objects/language_words.txt:16843	word+0x40	PE:RVA=0xee3e90..0xee40b0
NOUN_SINGULAR	MORTAL	mortal	凡人	data/vanilla/vanilla_languages/objects/language_words.txt:16851	word+0x20	PE:RVA=0xee3e90..0xee40b0
NOUN_PLURAL	MORTAL	mortals	凡人	data/vanilla/vanilla_languages/objects/language_words.txt:16851	word+0x40	PE:RVA=0xee3e90..0xee40b0
ADJ	MORTAL	mortal	凡俗	data/vanilla/vanilla_languages/objects/language_words.txt:16857	word+0x60	PE:RVA=0xee3cf0..0xee3e8f
NOUN_SINGULAR	IMMORTAL	immortal	不朽者	data/vanilla/vanilla_languages/objects/language_words.txt:16863	word+0x20	PE:RVA=0xee3e90..0xee40b0
NOUN_PLURAL	IMMORTAL	immortals	不朽者	data/vanilla/vanilla_languages/objects/language_words.txt:16863	word+0x40	PE:RVA=0xee3e90..0xee40b0
ADJ	IMMORTAL	immortal	不朽	data/vanilla/vanilla_languages/objects/language_words.txt:16866	word+0x60	PE:RVA=0xee3cf0..0xee3e8f
ADJ	LAUD	lauded	称赞	data/vanilla/vanilla_languages/objects/language_words.txt:16870	word+0x60	PE:RVA=0xee3cf0..0xee3e8f
NOUN_SINGULAR	OBEISANCE	obeisance	敬礼	data/vanilla/vanilla_languages/objects/language_words.txt:16877	word+0x20	PE:RVA=0xee3e90..0xee40b0
ADJ	OBEISANCE	obeisant	恭顺	data/vanilla/vanilla_languages/objects/language_words.txt:16880	word+0x60	PE:RVA=0xee3cf0..0xee3e8f
NOUN_SINGULAR	PRAISE	praise	赞美	data/vanilla/vanilla_languages/objects/language_words.txt:16884	word+0x20	PE:RVA=0xee3e90..0xee40b0
NOUN_PLURAL	PRAISE	praises	赞美	data/vanilla/vanilla_languages/objects/language_words.txt:16884	word+0x40	PE:RVA=0xee3e90..0xee40b0
ADJ	PRAISE	praised	受赞	data/vanilla/vanilla_languages/objects/language_words.txt:16892	word+0x60	PE:RVA=0xee3cf0..0xee3e8f
NOUN_SINGULAR	PRESTIGE	prestige	声望	data/vanilla/vanilla_languages/objects/language_words.txt:16899	word+0x20	PE:RVA=0xee3e90..0xee40b0
ADJ	PRESTIGE	prestigious	显赫	data/vanilla/vanilla_languages/objects/language_words.txt:16904	word+0x60	PE:RVA=0xee3cf0..0xee3e8f
NOUN_SINGULAR	RENOWN	renown	名声	data/vanilla/vanilla_languages/objects/language_words.txt:16908	word+0x20	PE:RVA=0xee3e90..0xee40b0
ADJ	RENOWN	renowned	有名	data/vanilla/vanilla_languages/objects/language_words.txt:16913	word+0x60	PE:RVA=0xee3cf0..0xee3e8f
NOUN_SINGULAR	REPUTATION	reputation	名誉	data/vanilla/vanilla_languages/objects/language_words.txt:16919	word+0x20	PE:RVA=0xee3e90..0xee40b0
NOUN_PLURAL	REPUTATION	reputations	名誉	data/vanilla/vanilla_languages/objects/language_words.txt:16919	word+0x40	PE:RVA=0xee3e90..0xee40b0
ADJ	REPUTATION	reputed	名誉好	data/vanilla/vanilla_languages/objects/language_words.txt:16922	word+0x60	PE:RVA=0xee3cf0..0xee3e8f
NOUN_SINGULAR	TRIBUTE	tribute	贡物	data/vanilla/vanilla_languages/objects/language_words.txt:16927	word+0x20	PE:RVA=0xee3e90..0xee40b0
NOUN_PLURAL	TRIBUTE	tributes	贡物	data/vanilla/vanilla_languages/objects/language_words.txt:16927	word+0x40	PE:RVA=0xee3e90..0xee40b0
NOUN_SINGULAR	WORSHIP	worship	崇拜	data/vanilla/vanilla_languages/objects/language_words.txt:16936	word+0x20	PE:RVA=0xee3e90..0xee40b0
ADJ	WORSHIP	worshipful	崇拜	data/vanilla/vanilla_languages/objects/language_words.txt:16941	word+0x60	PE:RVA=0xee3cf0..0xee3e8f
NOUN_SINGULAR	CHASTITY	chastity	纯洁	data/vanilla/vanilla_languages/objects/language_words.txt:16947	word+0x20	PE:RVA=0xee3e90..0xee40b0
ADJ	CHASTITY	chaste	贞洁	data/vanilla/vanilla_languages/objects/language_words.txt:16950	word+0x60	PE:RVA=0xee3cf0..0xee3e8f
NOUN_SINGULAR	COURAGE	courage	勇气	data/vanilla/vanilla_languages/objects/language_words.txt:16956	word+0x20	PE:RVA=0xee3e90..0xee40b0
ADJ	COURAGE	courageous	勇敢	data/vanilla/vanilla_languages/objects/language_words.txt:16961	word+0x60	PE:RVA=0xee3cf0..0xee3e8f
NOUN_SINGULAR	DECENT	decency	得体	data/vanilla/vanilla_languages/objects/language_words.txt:16965	word+0x20	PE:RVA=0xee3e90..0xee40b0
ADJ	DECENT	decent	有分寸	data/vanilla/vanilla_languages/objects/language_words.txt:16968	word+0x60	PE:RVA=0xee3cf0..0xee3e8f
NOUN_SINGULAR	GOOD	good	善行	data/vanilla/vanilla_languages/objects/language_words.txt:16974	word+0x20	PE:RVA=0xee3e90..0xee40b0
ADJ	GOOD	good	好	data/vanilla/vanilla_languages/objects/language_words.txt:16979	word+0x60	PE:RVA=0xee3cf0..0xee3e8f
NOUN_SINGULAR	INNOCENT	innocence	无罪	data/vanilla/vanilla_languages/objects/language_words.txt:16985	word+0x20	PE:RVA=0xee3e90..0xee40b0
ADJ	INNOCENT	innocent	无罪	data/vanilla/vanilla_languages/objects/language_words.txt:16988	word+0x60	PE:RVA=0xee3cf0..0xee3e8f
NOUN_SINGULAR	MODEST	modesty	谦逊	data/vanilla/vanilla_languages/objects/language_words.txt:16992	word+0x20	PE:RVA=0xee3e90..0xee40b0
ADJ	MODEST	modest	谦逊	data/vanilla/vanilla_languages/objects/language_words.txt:16995	word+0x60	PE:RVA=0xee3cf0..0xee3e8f
NOUN_SINGULAR	PRINCIPLE	principle	原则	data/vanilla/vanilla_languages/objects/language_words.txt:17001	word+0x20	PE:RVA=0xee3e90..0xee40b0
NOUN_PLURAL	PRINCIPLE	principles	原则	data/vanilla/vanilla_languages/objects/language_words.txt:17001	word+0x40	PE:RVA=0xee3e90..0xee40b0
NOUN_SINGULAR	PURE	purity	纯净	data/vanilla/vanilla_languages/objects/language_words.txt:17007	word+0x20	PE:RVA=0xee3e90..0xee40b0
ADJ	PURE	pure	纯	data/vanilla/vanilla_languages/objects/language_words.txt:17010	word+0x60	PE:RVA=0xee3cf0..0xee3e8f
NOUN_SINGULAR	RIGHTEOUSNESS	righteousness	正义	data/vanilla/vanilla_languages/objects/language_words.txt:17017	word+0x20	PE:RVA=0xee3e90..0xee40b0
NOUN_SINGULAR	TRUTH	truth	真理	data/vanilla/vanilla_languages/objects/language_words.txt:17022	word+0x20	PE:RVA=0xee3e90..0xee40b0
NOUN_PLURAL	TRUTH	truths	真理	data/vanilla/vanilla_languages/objects/language_words.txt:17022	word+0x40	PE:RVA=0xee3e90..0xee40b0
ADJ	TRUTH	true	真实	data/vanilla/vanilla_languages/objects/language_words.txt:17029	word+0x60	PE:RVA=0xee3cf0..0xee3e8f
ADJ	TRUTHFUL	truthful	说真话	data/vanilla/vanilla_languages/objects/language_words.txt:17035	word+0x60	PE:RVA=0xee3cf0..0xee3e8f
NOUN_SINGULAR	VIRGIN	virgin	处女	data/vanilla/vanilla_languages/objects/language_words.txt:17041	word+0x20	PE:RVA=0xee3e90..0xee40b0
NOUN_PLURAL	VIRGIN	virgins	处女	data/vanilla/vanilla_languages/objects/language_words.txt:17041	word+0x40	PE:RVA=0xee3e90..0xee40b0
ADJ	VIRGIN	virginal	处女	data/vanilla/vanilla_languages/objects/language_words.txt:17047	word+0x60	PE:RVA=0xee3cf0..0xee3e8f
NOUN_SINGULAR	VIRGINITY	virginity	贞洁	data/vanilla/vanilla_languages/objects/language_words.txt:17051	word+0x20	PE:RVA=0xee3e90..0xee40b0
NOUN_SINGULAR	HOLD	hold	握持	data/vanilla/vanilla_languages/objects/language_words.txt:17056	word+0x20	PE:RVA=0xee3e90..0xee40b0
NOUN_PLURAL	HOLD	holds	握持	data/vanilla/vanilla_languages/objects/language_words.txt:17056	word+0x40	PE:RVA=0xee3e90..0xee40b0
ADJ	HOLD	held	持守	data/vanilla/vanilla_languages/objects/language_words.txt:17062	word+0x60	PE:RVA=0xee3cf0..0xee3e8f
ADJ	SCALD	scalded	烫伤	data/vanilla/vanilla_languages/objects/language_words.txt:17069	word+0x60	PE:RVA=0xee3cf0..0xee3e8f
NOUN_SINGULAR	SCALE SKIN	scale	鳞片	data/vanilla/vanilla_languages/objects/language_words.txt:17080	word+0x20	PE:RVA=0xee3e90..0xee40b0
NOUN_PLURAL	SCALE SKIN	scales	鳞片	data/vanilla/vanilla_languages/objects/language_words.txt:17080	word+0x40	PE:RVA=0xee3e90..0xee40b0
ADJ	SCALE SKIN	scaly	覆鳞	data/vanilla/vanilla_languages/objects/language_words.txt:17087	word+0x60	PE:RVA=0xee3cf0..0xee3e8f
NOUN_SINGULAR	CLAN	clan	氏族	data/vanilla/vanilla_languages/objects/language_words.txt:17093	word+0x20	PE:RVA=0xee3e90..0xee40b0
NOUN_PLURAL	CLAN	clans	氏族	data/vanilla/vanilla_languages/objects/language_words.txt:17093	word+0x40	PE:RVA=0xee3e90..0xee40b0
NOUN_SINGULAR	LABYRINTH	labyrinth	迷宫	data/vanilla/vanilla_languages/objects/language_words.txt:17101	word+0x20	PE:RVA=0xee3e90..0xee40b0
NOUN_PLURAL	LABYRINTH	labyrinths	迷宫	data/vanilla/vanilla_languages/objects/language_words.txt:17101	word+0x40	PE:RVA=0xee3e90..0xee40b0
ADJ	LABYRINTH	labyrinthine	迷宫般	data/vanilla/vanilla_languages/objects/language_words.txt:17104	word+0x60	PE:RVA=0xee3cf0..0xee3e8f
NOUN_SINGULAR	MAZE	maze	迷宫	data/vanilla/vanilla_languages/objects/language_words.txt:17108	word+0x20	PE:RVA=0xee3e90..0xee40b0
NOUN_PLURAL	MAZE	mazes	迷宫	data/vanilla/vanilla_languages/objects/language_words.txt:17108	word+0x40	PE:RVA=0xee3e90..0xee40b0
NOUN_SINGULAR	WEB	web	网	data/vanilla/vanilla_languages/objects/language_words.txt:17116	word+0x20	PE:RVA=0xee3e90..0xee40b0
NOUN_PLURAL	WEB	webs	网	data/vanilla/vanilla_languages/objects/language_words.txt:17116	word+0x40	PE:RVA=0xee3e90..0xee40b0
NOUN_SINGULAR	CROWD	crowd	群众	data/vanilla/vanilla_languages/objects/language_words.txt:17127	word+0x20	PE:RVA=0xee3e90..0xee40b0
NOUN_PLURAL	CROWD	crowds	群众	data/vanilla/vanilla_languages/objects/language_words.txt:17127	word+0x40	PE:RVA=0xee3e90..0xee40b0
ADJ	CROWD	crowded	拥挤	data/vanilla/vanilla_languages/objects/language_words.txt:17133	word+0x60	PE:RVA=0xee3cf0..0xee3e8f
NOUN_SINGULAR	FAMILY	family	家庭	data/vanilla/vanilla_languages/objects/language_words.txt:17140	word+0x20	PE:RVA=0xee3e90..0xee40b0
NOUN_PLURAL	FAMILY	families	家庭	data/vanilla/vanilla_languages/objects/language_words.txt:17140	word+0x40	PE:RVA=0xee3e90..0xee40b0
ADJ	FAMILY	familial	家族	data/vanilla/vanilla_languages/objects/language_words.txt:17143	word+0x60	PE:RVA=0xee3cf0..0xee3e8f
NOUN_SINGULAR	KIN	kin	亲戚	data/vanilla/vanilla_languages/objects/language_words.txt:17147	word+0x20	PE:RVA=0xee3e90..0xee40b0
NOUN_SINGULAR	MOB	mob	暴民	data/vanilla/vanilla_languages/objects/language_words.txt:17154	word+0x20	PE:RVA=0xee3e90..0xee40b0
NOUN_PLURAL	MOB	mobs	暴民	data/vanilla/vanilla_languages/objects/language_words.txt:17154	word+0x40	PE:RVA=0xee3e90..0xee40b0
NOUN_SINGULAR	ORGAN	organ	器官	data/vanilla/vanilla_languages/objects/language_words.txt:17164	word+0x20	PE:RVA=0xee3e90..0xee40b0
NOUN_PLURAL	ORGAN	organs	器官	data/vanilla/vanilla_languages/objects/language_words.txt:17164	word+0x40	PE:RVA=0xee3e90..0xee40b0
NOUN_SINGULAR	ORGANIZE	organization	组织	data/vanilla/vanilla_languages/objects/language_words.txt:17172	word+0x20	PE:RVA=0xee3e90..0xee40b0
NOUN_PLURAL	ORGANIZE	organizations	组织	data/vanilla/vanilla_languages/objects/language_words.txt:17172	word+0x40	PE:RVA=0xee3e90..0xee40b0
ADJ	ORGANIZE	organized	有组织	data/vanilla/vanilla_languages/objects/language_words.txt:17176	word+0x60	PE:RVA=0xee3cf0..0xee3e8f
NOUN_SINGULAR	MESH	mesh	网孔	data/vanilla/vanilla_languages/objects/language_words.txt:17181	word+0x20	PE:RVA=0xee3e90..0xee40b0
NOUN_PLURAL	MESH	meshes	网孔	data/vanilla/vanilla_languages/objects/language_words.txt:17181	word+0x40	PE:RVA=0xee3e90..0xee40b0
NOUN_SINGULAR	TANGLE	tangle	缠结	data/vanilla/vanilla_languages/objects/language_words.txt:17190	word+0x20	PE:RVA=0xee3e90..0xee40b0
NOUN_PLURAL	TANGLE	tangles	缠结	data/vanilla/vanilla_languages/objects/language_words.txt:17190	word+0x40	PE:RVA=0xee3e90..0xee40b0
ADJ	TANGLE	tangled	纠缠	data/vanilla/vanilla_languages/objects/language_words.txt:17197	word+0x60	PE:RVA=0xee3cf0..0xee3e8f
NOUN_SINGULAR	ENTANGLE	entanglement	纠缠	data/vanilla/vanilla_languages/objects/language_words.txt:17204	word+0x20	PE:RVA=0xee3e90..0xee40b0
ADJ	ENTANGLE	entangled	卷入	data/vanilla/vanilla_languages/objects/language_words.txt:17207	word+0x60	PE:RVA=0xee3cf0..0xee3e8f
NOUN_SINGULAR	PUZZLE	puzzle	难题	data/vanilla/vanilla_languages/objects/language_words.txt:17212	word+0x20	PE:RVA=0xee3e90..0xee40b0
NOUN_PLURAL	PUZZLE	puzzles	难题	data/vanilla/vanilla_languages/objects/language_words.txt:17212	word+0x40	PE:RVA=0xee3e90..0xee40b0
ADJ	PUZZLE	puzzling	迷惑	data/vanilla/vanilla_languages/objects/language_words.txt:17218	word+0x60	PE:RVA=0xee3cf0..0xee3e8f
ADJ	PERPLEX	perplexing	费解	data/vanilla/vanilla_languages/objects/language_words.txt:17226	word+0x60	PE:RVA=0xee3cf0..0xee3e8f
NOUN_SINGULAR	QUANDARY	quandary	困惑	data/vanilla/vanilla_languages/objects/language_words.txt:17232	word+0x20	PE:RVA=0xee3e90..0xee40b0
NOUN_PLURAL	QUANDARY	quandaries	困惑	data/vanilla/vanilla_languages/objects/language_words.txt:17232	word+0x40	PE:RVA=0xee3e90..0xee40b0
NOUN_SINGULAR	COMBINE	combination	组合	data/vanilla/vanilla_languages/objects/language_words.txt:17237	word+0x20	PE:RVA=0xee3e90..0xee40b0
NOUN_PLURAL	COMBINE	combinations	组合	data/vanilla/vanilla_languages/objects/language_words.txt:17237	word+0x40	PE:RVA=0xee3e90..0xee40b0
ADJ	COMBINE	combined	结合	data/vanilla/vanilla_languages/objects/language_words.txt:17240	word+0x60	PE:RVA=0xee3cf0..0xee3e8f
NOUN_SINGULAR	FLICKER	flicker	闪烁	data/vanilla/vanilla_languages/objects/language_words.txt:17247	word+0x20	PE:RVA=0xee3e90..0xee40b0
NOUN_PLURAL	FLICKER	flickers	闪烁	data/vanilla/vanilla_languages/objects/language_words.txt:17247	word+0x40	PE:RVA=0xee3e90..0xee40b0
ADJ	FLICKER	flickering	闪烁	data/vanilla/vanilla_languages/objects/language_words.txt:17253	word+0x60	PE:RVA=0xee3cf0..0xee3e8f
NOUN_SINGULAR	BRAND	brand	烙印	data/vanilla/vanilla_languages/objects/language_words.txt:17259	word+0x20	PE:RVA=0xee3e90..0xee40b0
NOUN_PLURAL	BRAND	brands	烙印	data/vanilla/vanilla_languages/objects/language_words.txt:17259	word+0x40	PE:RVA=0xee3e90..0xee40b0
ADJ	BRAND	branded	烙印	data/vanilla/vanilla_languages/objects/language_words.txt:17266	word+0x60	PE:RVA=0xee3cf0..0xee3e8f
ADJ	SINGE	singed	焦灼	data/vanilla/vanilla_languages/objects/language_words.txt:17274	word+0x60	PE:RVA=0xee3cf0..0xee3e8f
ADJ	SEAR	searing	灼热	data/vanilla/vanilla_languages/objects/language_words.txt:17281	word+0x60	PE:RVA=0xee3cf0..0xee3e8f
ADJ	SCORCH	scorching	灼热	data/vanilla/vanilla_languages/objects/language_words.txt:17288	word+0x60	PE:RVA=0xee3cf0..0xee3e8f
ADJ	ROAST	roasted	烤	data/vanilla/vanilla_languages/objects/language_words.txt:17296	word+0x60	PE:RVA=0xee3cf0..0xee3e8f
ADJ	PARCH	parched	炒过	data/vanilla/vanilla_languages/objects/language_words.txt:17303	word+0x60	PE:RVA=0xee3cf0..0xee3e8f
NOUN_SINGULAR	IGNITE	ignition	点火	data/vanilla/vanilla_languages/objects/language_words.txt:17310	word+0x20	PE:RVA=0xee3e90..0xee40b0
ADJ	IGNITE	ignited	点燃	data/vanilla/vanilla_languages/objects/language_words.txt:17313	word+0x60	PE:RVA=0xee3cf0..0xee3e8f
NOUN_SINGULAR	INCINERATE	incineration	烧成灰	data/vanilla/vanilla_languages/objects/language_words.txt:17318	word+0x20	PE:RVA=0xee3e90..0xee40b0
ADJ	INCINERATE	incinerated	焚毁	data/vanilla/vanilla_languages/objects/language_words.txt:17321	word+0x60	PE:RVA=0xee3cf0..0xee3e8f
NOUN_SINGULAR	GLOW	glow	赤热	data/vanilla/vanilla_languages/objects/language_words.txt:17326	word+0x20	PE:RVA=0xee3e90..0xee40b0
NOUN_PLURAL	GLOW	glows	赤热	data/vanilla/vanilla_languages/objects/language_words.txt:17326	word+0x40	PE:RVA=0xee3e90..0xee40b0
ADJ	GLOW	glowing	白热	data/vanilla/vanilla_languages/objects/language_words.txt:17332	word+0x60	PE:RVA=0xee3cf0..0xee3e8f
NOUN_SINGULAR	CREMATE	cremation	烧	data/vanilla/vanilla_languages/objects/language_words.txt:17340	word+0x20	PE:RVA=0xee3e90..0xee40b0
NOUN_PLURAL	CREMATE	cremations	烧	data/vanilla/vanilla_languages/objects/language_words.txt:17340	word+0x40	PE:RVA=0xee3e90..0xee40b0
ADJ	CREMATE	cremated	火葬	data/vanilla/vanilla_languages/objects/language_words.txt:17344	word+0x60	PE:RVA=0xee3cf0..0xee3e8f
NOUN_SINGULAR	FACTION	faction	小派系	data/vanilla/vanilla_languages/objects/language_words.txt:17349	word+0x20	PE:RVA=0xee3e90..0xee40b0
NOUN_PLURAL	FACTION	factions	小派系	data/vanilla/vanilla_languages/objects/language_words.txt:17349	word+0x40	PE:RVA=0xee3e90..0xee40b0
ADJ	FACTION	factional	派系	data/vanilla/vanilla_languages/objects/language_words.txt:17355	word+0x60	PE:RVA=0xee3cf0..0xee3e8f
NOUN_SINGULAR	CREW	crew	船员	data/vanilla/vanilla_languages/objects/language_words.txt:17359	word+0x20	PE:RVA=0xee3e90..0xee40b0
NOUN_PLURAL	CREW	crews	船员	data/vanilla/vanilla_languages/objects/language_words.txt:17359	word+0x40	PE:RVA=0xee3e90..0xee40b0
ADJ	CREW	crewed	载员	data/vanilla/vanilla_languages/objects/language_words.txt:17365	word+0x60	PE:RVA=0xee3cf0..0xee3e8f
NOUN_SINGULAR	VESSEL	vessel	船	data/vanilla/vanilla_languages/objects/language_words.txt:17372	word+0x20	PE:RVA=0xee3e90..0xee40b0
NOUN_PLURAL	VESSEL	vessels	船	data/vanilla/vanilla_languages/objects/language_words.txt:17372	word+0x40	PE:RVA=0xee3e90..0xee40b0
NOUN_SINGULAR	LEAGUE GROUP	league	同盟	data/vanilla/vanilla_languages/objects/language_words.txt:17380	word+0x20	PE:RVA=0xee3e90..0xee40b0
NOUN_PLURAL	LEAGUE GROUP	leagues	同盟	data/vanilla/vanilla_languages/objects/language_words.txt:17380	word+0x40	PE:RVA=0xee3e90..0xee40b0
NOUN_SINGULAR	COOPERATE	cooperation	合作	data/vanilla/vanilla_languages/objects/language_words.txt:17388	word+0x20	PE:RVA=0xee3e90..0xee40b0
ADJ	COOPERATE	cooperative	合作	data/vanilla/vanilla_languages/objects/language_words.txt:17391	word+0x60	PE:RVA=0xee3cf0..0xee3e8f
NOUN_SINGULAR	GROUP	group	团体	data/vanilla/vanilla_languages/objects/language_words.txt:17396	word+0x20	PE:RVA=0xee3e90..0xee40b0
NOUN_PLURAL	GROUP	groups	团体	data/vanilla/vanilla_languages/objects/language_words.txt:17396	word+0x40	PE:RVA=0xee3e90..0xee40b0
NOUN_SINGULAR	GANG	gang	队	data/vanilla/vanilla_languages/objects/language_words.txt:17406	word+0x20	PE:RVA=0xee3e90..0xee40b0
NOUN_PLURAL	GANG	gangs	队	data/vanilla/vanilla_languages/objects/language_words.txt:17406	word+0x40	PE:RVA=0xee3e90..0xee40b0
NOUN_SINGULAR	FELLOWSHIP	fellowship	伙伴	data/vanilla/vanilla_languages/objects/language_words.txt:17414	word+0x20	PE:RVA=0xee3e90..0xee40b0
NOUN_PLURAL	FELLOWSHIP	fellowships	伙伴	data/vanilla/vanilla_languages/objects/language_words.txt:17414	word+0x40	PE:RVA=0xee3e90..0xee40b0
NOUN_SINGULAR	PARTNER	partner	合伙人	data/vanilla/vanilla_languages/objects/language_words.txt:17420	word+0x20	PE:RVA=0xee3e90..0xee40b0
NOUN_PLURAL	PARTNER	partners	合伙人	data/vanilla/vanilla_languages/objects/language_words.txt:17420	word+0x40	PE:RVA=0xee3e90..0xee40b0
NOUN_SINGULAR	RIDDLE	riddle	谜	data/vanilla/vanilla_languages/objects/language_words.txt:17430	word+0x20	PE:RVA=0xee3e90..0xee40b0
NOUN_PLURAL	RIDDLE	riddles	谜	data/vanilla/vanilla_languages/objects/language_words.txt:17430	word+0x40	PE:RVA=0xee3e90..0xee40b0
NOUN_SINGULAR	ROUT	rout	溃败	data/vanilla/vanilla_languages/objects/language_words.txt:17441	word+0x20	PE:RVA=0xee3e90..0xee40b0
NOUN_PLURAL	ROUT	routs	溃败	data/vanilla/vanilla_languages/objects/language_words.txt:17441	word+0x40	PE:RVA=0xee3e90..0xee40b0
ADJ	ROUT	routed	溃散	data/vanilla/vanilla_languages/objects/language_words.txt:17447	word+0x60	PE:RVA=0xee3cf0..0xee3e8f
NOUN_SINGULAR	SCRAPE	scrape	刮	data/vanilla/vanilla_languages/objects/language_words.txt:17454	word+0x20	PE:RVA=0xee3e90..0xee40b0
NOUN_PLURAL	SCRAPE	scrapes	刮	data/vanilla/vanilla_languages/objects/language_words.txt:17454	word+0x40	PE:RVA=0xee3e90..0xee40b0
ADJ	SCRAPE	scraped	刮掉	data/vanilla/vanilla_languages/objects/language_words.txt:17460	word+0x60	PE:RVA=0xee3cf0..0xee3e8f
NOUN_SINGULAR	SCRAP	scrap	碎片	data/vanilla/vanilla_languages/objects/language_words.txt:17467	word+0x20	PE:RVA=0xee3e90..0xee40b0
NOUN_PLURAL	SCRAP	scraps	碎片	data/vanilla/vanilla_languages/objects/language_words.txt:17467	word+0x40	PE:RVA=0xee3e90..0xee40b0
ADJ	SCOUR	scoured	擦洗	data/vanilla/vanilla_languages/objects/language_words.txt:17476	word+0x60	PE:RVA=0xee3cf0..0xee3e8f
ADJ	SCRUB	scrubbed	擦净	data/vanilla/vanilla_languages/objects/language_words.txt:17483	word+0x60	PE:RVA=0xee3cf0..0xee3e8f
ADJ	SHAKE	shaken	动摇	data/vanilla/vanilla_languages/objects/language_words.txt:17490	word+0x60	PE:RVA=0xee3cf0..0xee3e8f
NOUN_SINGULAR	SOAP	soap	肥皂	data/vanilla/vanilla_languages/objects/language_words.txt:17498	word+0x20	PE:RVA=0xee3e90..0xee40b0
NOUN_PLURAL	SOAP	soaps	肥皂	data/vanilla/vanilla_languages/objects/language_words.txt:17498	word+0x40	PE:RVA=0xee3e90..0xee40b0
ADJ	SOAP	soapy	皂洗	data/vanilla/vanilla_languages/objects/language_words.txt:17504	word+0x60	PE:RVA=0xee3cf0..0xee3e8f
NOUN_SINGULAR	SPONGE	sponge	海绵	data/vanilla/vanilla_languages/objects/language_words.txt:17510	word+0x20	PE:RVA=0xee3e90..0xee40b0
NOUN_PLURAL	SPONGE	sponges	海绵	data/vanilla/vanilla_languages/objects/language_words.txt:17510	word+0x40	PE:RVA=0xee3e90..0xee40b0
ADJ	SPONGE	spongy	海绵状	data/vanilla/vanilla_languages/objects/language_words.txt:17516	word+0x60	PE:RVA=0xee3cf0..0xee3e8f
NOUN_SINGULAR	WHISKER	whisker	腮须	data/vanilla/vanilla_languages/objects/language_words.txt:17526	word+0x20	PE:RVA=0xee3e90..0xee40b0
NOUN_PLURAL	WHISKER	whiskers	腮须	data/vanilla/vanilla_languages/objects/language_words.txt:17526	word+0x40	PE:RVA=0xee3e90..0xee40b0
ADJ	WHISKER	whiskered	有须	data/vanilla/vanilla_languages/objects/language_words.txt:17533	word+0x60	PE:RVA=0xee3cf0..0xee3e8f
NOUN_SINGULAR	WINNOW	winnower	扬场者	data/vanilla/vanilla_languages/objects/language_words.txt:17543	word+0x20	PE:RVA=0xee3e90..0xee40b0
NOUN_PLURAL	WINNOW	winnowers	扬场者	data/vanilla/vanilla_languages/objects/language_words.txt:17543	word+0x40	PE:RVA=0xee3e90..0xee40b0
NOUN_SINGULAR	CLINCH	clinch	紧扣	data/vanilla/vanilla_languages/objects/language_words.txt:17558	word+0x20	PE:RVA=0xee3e90..0xee40b0
NOUN_PLURAL	CLINCH	clinches	紧扣	data/vanilla/vanilla_languages/objects/language_words.txt:17558	word+0x40	PE:RVA=0xee3e90..0xee40b0
NOUN_SINGULAR	CLOUT	clout	敲击	data/vanilla/vanilla_languages/objects/language_words.txt:17568	word+0x20	PE:RVA=0xee3e90..0xee40b0
NOUN_PLURAL	CLOUT	clouts	敲击	data/vanilla/vanilla_languages/objects/language_words.txt:17568	word+0x40	PE:RVA=0xee3e90..0xee40b0
NOUN_SINGULAR	CLUTCH	clutch	抓紧	data/vanilla/vanilla_languages/objects/language_words.txt:17578	word+0x20	PE:RVA=0xee3e90..0xee40b0
NOUN_PLURAL	CLUTCH	clutches	抓紧	data/vanilla/vanilla_languages/objects/language_words.txt:17578	word+0x40	PE:RVA=0xee3e90..0xee40b0
NOUN_SINGULAR	DOMINATE	domination	支配	data/vanilla/vanilla_languages/objects/language_words.txt:17589	word+0x20	PE:RVA=0xee3e90..0xee40b0
ADJ	DOMINATE	dominant	主导	data/vanilla/vanilla_languages/objects/language_words.txt:17592	word+0x60	PE:RVA=0xee3cf0..0xee3e8f
NOUN_SINGULAR	DOMINION	dominion	支配	data/vanilla/vanilla_languages/objects/language_words.txt:17597	word+0x20	PE:RVA=0xee3e90..0xee40b0
NOUN_PLURAL	DOMINION	dominions	支配	data/vanilla/vanilla_languages/objects/language_words.txt:17597	word+0x40	PE:RVA=0xee3e90..0xee40b0
NOUN_SINGULAR	GRASP	grasp	抓握	data/vanilla/vanilla_languages/objects/language_words.txt:17603	word+0x20	PE:RVA=0xee3e90..0xee40b0
NOUN_PLURAL	GRASP	grasps	抓握	data/vanilla/vanilla_languages/objects/language_words.txt:17603	word+0x40	PE:RVA=0xee3e90..0xee40b0
ADJ	GRASP	grasping	抓	data/vanilla/vanilla_languages/objects/language_words.txt:17610	word+0x60	PE:RVA=0xee3cf0..0xee3e8f
NOUN_SINGULAR	INFLUENCE	influence	影响力	data/vanilla/vanilla_languages/objects/language_words.txt:17618	word+0x20	PE:RVA=0xee3e90..0xee40b0
NOUN_PLURAL	INFLUENCE	influences	影响力	data/vanilla/vanilla_languages/objects/language_words.txt:17618	word+0x40	PE:RVA=0xee3e90..0xee40b0
ADJ	INFLUENCE	influential	有影响	data/vanilla/vanilla_languages/objects/language_words.txt:17623	word+0x60	PE:RVA=0xee3cf0..0xee3e8f
NOUN_SINGULAR	OWN	owner	拥有者	data/vanilla/vanilla_languages/objects/language_words.txt:17628	word+0x20	PE:RVA=0xee3e90..0xee40b0
NOUN_PLURAL	OWN	owners	拥有者	data/vanilla/vanilla_languages/objects/language_words.txt:17628	word+0x40	PE:RVA=0xee3e90..0xee40b0
NOUN_SINGULAR	OWNERSHIP	ownership	所有权	data/vanilla/vanilla_languages/objects/language_words.txt:17638	word+0x20	PE:RVA=0xee3e90..0xee40b0
NOUN_SINGULAR	TENACITY	tenacity	坚韧	data/vanilla/vanilla_languages/objects/language_words.txt:17643	word+0x20	PE:RVA=0xee3e90..0xee40b0
ADJ	TENACITY	tenacious	坚韧	data/vanilla/vanilla_languages/objects/language_words.txt:17646	word+0x60	PE:RVA=0xee3cf0..0xee3e8f
NOUN_SINGULAR	CATCH	catch	捕捉	data/vanilla/vanilla_languages/objects/language_words.txt:17658	word+0x20	PE:RVA=0xee3e90..0xee40b0
NOUN_PLURAL	CATCH	catches	捕捉	data/vanilla/vanilla_languages/objects/language_words.txt:17658	word+0x40	PE:RVA=0xee3e90..0xee40b0
NOUN_SINGULAR	CONFINE	confinement	限制	data/vanilla/vanilla_languages/objects/language_words.txt:17668	word+0x20	PE:RVA=0xee3e90..0xee40b0
ADJ	CONFINE	confining	受限	data/vanilla/vanilla_languages/objects/language_words.txt:17671	word+0x60	PE:RVA=0xee3cf0..0xee3e8f
NOUN_SINGULAR	CONTAIN	container	容器	data/vanilla/vanilla_languages/objects/language_words.txt:17677	word+0x20	PE:RVA=0xee3e90..0xee40b0
NOUN_PLURAL	CONTAIN	containers	容器	data/vanilla/vanilla_languages/objects/language_words.txt:17677	word+0x40	PE:RVA=0xee3e90..0xee40b0
ADJ	CONTAIN	contained	克制	data/vanilla/vanilla_languages/objects/language_words.txt:17680	word+0x60	PE:RVA=0xee3cf0..0xee3e8f
NOUN_SINGULAR	CRADLE	cradle	摇篮	data/vanilla/vanilla_languages/objects/language_words.txt:17687	word+0x20	PE:RVA=0xee3e90..0xee40b0
NOUN_PLURAL	CRADLE	cradles	摇篮	data/vanilla/vanilla_languages/objects/language_words.txt:17687	word+0x40	PE:RVA=0xee3e90..0xee40b0
ADJ	CRADLE	cradled	怀抱	data/vanilla/vanilla_languages/objects/language_words.txt:17694	word+0x60	PE:RVA=0xee3cf0..0xee3e8f
NOUN_SINGULAR	EMBRACE	embrace	拥抱	data/vanilla/vanilla_languages/objects/language_words.txt:17700	word+0x20	PE:RVA=0xee3e90..0xee40b0
NOUN_PLURAL	EMBRACE	embraces	拥抱	data/vanilla/vanilla_languages/objects/language_words.txt:17700	word+0x40	PE:RVA=0xee3e90..0xee40b0
ADJ	EMBRACE	embraced	拥抱	data/vanilla/vanilla_languages/objects/language_words.txt:17706	word+0x60	PE:RVA=0xee3cf0..0xee3e8f
NOUN_SINGULAR	POOL	pool	池	data/vanilla/vanilla_languages/objects/language_words.txt:17714	word+0x20	PE:RVA=0xee3e90..0xee40b0
NOUN_PLURAL	POOL	pools	池	data/vanilla/vanilla_languages/objects/language_words.txt:17714	word+0x40	PE:RVA=0xee3e90..0xee40b0
NOUN_SINGULAR	SOCIETY	society	社群	data/vanilla/vanilla_languages/objects/language_words.txt:17723	word+0x20	PE:RVA=0xee3e90..0xee40b0
NOUN_PLURAL	SOCIETY	societies	社群	data/vanilla/vanilla_languages/objects/language_words.txt:17723	word+0x40	PE:RVA=0xee3e90..0xee40b0
NOUN_SINGULAR	CIRCLE	circle	圆周	data/vanilla/vanilla_languages/objects/language_words.txt:17729	word+0x20	PE:RVA=0xee3e90..0xee40b0
NOUN_PLURAL	CIRCLE	circles	圆周	data/vanilla/vanilla_languages/objects/language_words.txt:17729	word+0x40	PE:RVA=0xee3e90..0xee40b0
ADJ	CIRCLE	circular	圆形	data/vanilla/vanilla_languages/objects/language_words.txt:17735	word+0x60	PE:RVA=0xee3cf0..0xee3e8f
NOUN_SINGULAR	SQUARE	square	正方形	data/vanilla/vanilla_languages/objects/language_words.txt:17741	word+0x20	PE:RVA=0xee3e90..0xee40b0
NOUN_PLURAL	SQUARE	squares	正方形	data/vanilla/vanilla_languages/objects/language_words.txt:17741	word+0x40	PE:RVA=0xee3e90..0xee40b0
ADJ	SQUARE	square	正方形	data/vanilla/vanilla_languages/objects/language_words.txt:17747	word+0x60	PE:RVA=0xee3cf0..0xee3e8f
NOUN_SINGULAR	TRIANGLE	triangle	三角形	data/vanilla/vanilla_languages/objects/language_words.txt:17753	word+0x20	PE:RVA=0xee3e90..0xee40b0
NOUN_PLURAL	TRIANGLE	triangles	三角形	data/vanilla/vanilla_languages/objects/language_words.txt:17753	word+0x40	PE:RVA=0xee3e90..0xee40b0
ADJ	TRIANGLE	triangular	三角形	data/vanilla/vanilla_languages/objects/language_words.txt:17756	word+0x60	PE:RVA=0xee3cf0..0xee3e8f
NOUN_SINGULAR	CONNECT	connection	连接	data/vanilla/vanilla_languages/objects/language_words.txt:17760	word+0x20	PE:RVA=0xee3e90..0xee40b0
NOUN_PLURAL	CONNECT	connections	连接	data/vanilla/vanilla_languages/objects/language_words.txt:17760	word+0x40	PE:RVA=0xee3e90..0xee40b0
ADJ	CONNECT	connected	连接	data/vanilla/vanilla_languages/objects/language_words.txt:17763	word+0x60	PE:RVA=0xee3cf0..0xee3e8f
ADJ	MERGE	merged	合并	data/vanilla/vanilla_languages/objects/language_words.txt:17768	word+0x60	PE:RVA=0xee3cf0..0xee3e8f
NOUN_SINGULAR	CONFUSE	confusion	混乱	data/vanilla/vanilla_languages/objects/language_words.txt:17776	word+0x20	PE:RVA=0xee3e90..0xee40b0
ADJ	CONFUSE	confusing	混乱	data/vanilla/vanilla_languages/objects/language_words.txt:17779	word+0x60	PE:RVA=0xee3cf0..0xee3e8f
NOUN_SINGULAR	COMPLEX	complexity	复杂	data/vanilla/vanilla_languages/objects/language_words.txt:17785	word+0x20	PE:RVA=0xee3e90..0xee40b0
ADJ	COMPLEX	complex	复杂	data/vanilla/vanilla_languages/objects/language_words.txt:17788	word+0x60	PE:RVA=0xee3cf0..0xee3e8f
ADJ	MEANDER	meandering	曲折	data/vanilla/vanilla_languages/objects/language_words.txt:17793	word+0x60	PE:RVA=0xee3cf0..0xee3e8f
ADJ	MUDDLE	muddled	混乱	data/vanilla/vanilla_languages/objects/language_words.txt:17798	word+0x60	PE:RVA=0xee3cf0..0xee3e8f
NOUN_SINGULAR	BEWILDER	bewilderment	困惑	data/vanilla/vanilla_languages/objects/language_words.txt:17805	word+0x20	PE:RVA=0xee3e90..0xee40b0
ADJ	BEWILDER	bewildering	迷惑	data/vanilla/vanilla_languages/objects/language_words.txt:17808	word+0x60	PE:RVA=0xee3cf0..0xee3e8f
NOUN_SINGULAR	MORASS	morass	沼泽	data/vanilla/vanilla_languages/objects/language_words.txt:17813	word+0x20	PE:RVA=0xee3e90..0xee40b0
NOUN_PLURAL	MORASS	morasses	沼泽	data/vanilla/vanilla_languages/objects/language_words.txt:17813	word+0x40	PE:RVA=0xee3e90..0xee40b0
NOUN_SINGULAR	PROBLEM	problem	问题	data/vanilla/vanilla_languages/objects/language_words.txt:17820	word+0x20	PE:RVA=0xee3e90..0xee40b0
NOUN_PLURAL	PROBLEM	problems	问题	data/vanilla/vanilla_languages/objects/language_words.txt:17820	word+0x40	PE:RVA=0xee3e90..0xee40b0
ADJ	PROBLEM	problematic	成问题	data/vanilla/vanilla_languages/objects/language_words.txt:17826	word+0x60	PE:RVA=0xee3cf0..0xee3e8f
NOUN_SINGULAR	INTRICATE	intricacy	纷乱	data/vanilla/vanilla_languages/objects/language_words.txt:17830	word+0x20	PE:RVA=0xee3e90..0xee40b0
NOUN_PLURAL	INTRICATE	intricacies	纷乱	data/vanilla/vanilla_languages/objects/language_words.txt:17830	word+0x40	PE:RVA=0xee3e90..0xee40b0
ADJ	INTRICATE	intricate	复杂	data/vanilla/vanilla_languages/objects/language_words.txt:17835	word+0x60	PE:RVA=0xee3cf0..0xee3e8f
NOUN_SINGULAR	MOP	mop	拖把	data/vanilla/vanilla_languages/objects/language_words.txt:17843	word+0x20	PE:RVA=0xee3e90..0xee40b0
NOUN_PLURAL	MOP	mops	拖把	data/vanilla/vanilla_languages/objects/language_words.txt:17843	word+0x40	PE:RVA=0xee3e90..0xee40b0
NOUN_SINGULAR	POLISH	polish	光泽	data/vanilla/vanilla_languages/objects/language_words.txt:17853	word+0x20	PE:RVA=0xee3e90..0xee40b0
ADJ	POLISH	polished	光亮	data/vanilla/vanilla_languages/objects/language_words.txt:17858	word+0x60	PE:RVA=0xee3cf0..0xee3e8f
NOUN_SINGULAR	PURGE	purge	净化	data/vanilla/vanilla_languages/objects/language_words.txt:17865	word+0x20	PE:RVA=0xee3e90..0xee40b0
NOUN_PLURAL	PURGE	purges	净化	data/vanilla/vanilla_languages/objects/language_words.txt:17865	word+0x40	PE:RVA=0xee3e90..0xee40b0
ADJ	PURGE	purged	净化	data/vanilla/vanilla_languages/objects/language_words.txt:17871	word+0x60	PE:RVA=0xee3cf0..0xee3e8f
NOUN_SINGULAR	RASP	rasp	粗锉刀	data/vanilla/vanilla_languages/objects/language_words.txt:17878	word+0x20	PE:RVA=0xee3e90..0xee40b0
NOUN_PLURAL	RASP	rasps	粗锉刀	data/vanilla/vanilla_languages/objects/language_words.txt:17878	word+0x40	PE:RVA=0xee3e90..0xee40b0
NOUN_SINGULAR	BAND OBJECT	band	带子	data/vanilla/vanilla_languages/objects/language_words.txt:17893	word+0x20	PE:RVA=0xee3e90..0xee40b0
NOUN_PLURAL	BAND OBJECT	bands	带子	data/vanilla/vanilla_languages/objects/language_words.txt:17893	word+0x40	PE:RVA=0xee3e90..0xee40b0
ADJ	BAND OBJECT	banded	条纹	data/vanilla/vanilla_languages/objects/language_words.txt:17900	word+0x60	PE:RVA=0xee3cf0..0xee3e8f
NOUN_SINGULAR	BAND GROUP	band	团伙	data/vanilla/vanilla_languages/objects/language_words.txt:17906	word+0x20	PE:RVA=0xee3e90..0xee40b0
NOUN_PLURAL	BAND GROUP	bands	团伙	data/vanilla/vanilla_languages/objects/language_words.txt:17906	word+0x40	PE:RVA=0xee3e90..0xee40b0
ADJ	TALL	tall	高	data/vanilla/vanilla_languages/objects/language_words.txt:17914	word+0x60	PE:RVA=0xee3cf0..0xee3e8f
ADJ	SHORT	short	短	data/vanilla/vanilla_languages/objects/language_words.txt:17920	word+0x60	PE:RVA=0xee3cf0..0xee3e8f
ADJ	BULBOUS	bulbous	球茎	data/vanilla/vanilla_languages/objects/language_words.txt:17926	word+0x60	PE:RVA=0xee3cf0..0xee3e8f
NOUN_SINGULAR	BULB	bulb	球茎	data/vanilla/vanilla_languages/objects/language_words.txt:17932	word+0x20	PE:RVA=0xee3e90..0xee40b0
NOUN_PLURAL	BULB	bulbs	球茎	data/vanilla/vanilla_languages/objects/language_words.txt:17932	word+0x40	PE:RVA=0xee3e90..0xee40b0
NOUN_SINGULAR	ALLY	ally	同盟者	data/vanilla/vanilla_languages/objects/language_words.txt:17940	word+0x20	PE:RVA=0xee3e90..0xee40b0
NOUN_PLURAL	ALLY	allies	同盟者	data/vanilla/vanilla_languages/objects/language_words.txt:17940	word+0x40	PE:RVA=0xee3e90..0xee40b0
ADJ	ALLY	allied	联盟	data/vanilla/vanilla_languages/objects/language_words.txt:17946	word+0x60	PE:RVA=0xee3cf0..0xee3e8f
NOUN_SINGULAR	ALLIANCE	alliance	联盟	data/vanilla/vanilla_languages/objects/language_words.txt:17954	word+0x20	PE:RVA=0xee3e90..0xee40b0
NOUN_PLURAL	ALLIANCE	alliances	联盟	data/vanilla/vanilla_languages/objects/language_words.txt:17954	word+0x40	PE:RVA=0xee3e90..0xee40b0
NOUN_SINGULAR	ALLEGIANCE	allegiance	效忠	data/vanilla/vanilla_languages/objects/language_words.txt:17960	word+0x20	PE:RVA=0xee3e90..0xee40b0
NOUN_PLURAL	ALLEGIANCE	allegiances	效忠	data/vanilla/vanilla_languages/objects/language_words.txt:17960	word+0x40	PE:RVA=0xee3e90..0xee40b0
NOUN_SINGULAR	COALITION	coalition	联盟	data/vanilla/vanilla_languages/objects/language_words.txt:17966	word+0x20	PE:RVA=0xee3e90..0xee40b0
NOUN_PLURAL	COALITION	coalitions	联盟	data/vanilla/vanilla_languages/objects/language_words.txt:17966	word+0x40	PE:RVA=0xee3e90..0xee40b0
NOUN_SINGULAR	COAL	coal	煤	data/vanilla/vanilla_languages/objects/language_words.txt:17971	word+0x20	PE:RVA=0xee3e90..0xee40b0
NOUN_SINGULAR	ENJOY	enjoyment	享乐	data/vanilla/vanilla_languages/objects/language_words.txt:17978	word+0x20	PE:RVA=0xee3e90..0xee40b0
ADJ	ENJOY	enjoyable	愉悦	data/vanilla/vanilla_languages/objects/language_words.txt:17981	word+0x60	PE:RVA=0xee3cf0..0xee3e8f
ADJ	FONDLE	fondled	爱抚	data/vanilla/vanilla_languages/objects/language_words.txt:17987	word+0x60	PE:RVA=0xee3cf0..0xee3e8f
NOUN_SINGULAR	HANDLE OBJECT	handle	柄	data/vanilla/vanilla_languages/objects/language_words.txt:17994	word+0x20	PE:RVA=0xee3e90..0xee40b0
NOUN_PLURAL	HANDLE OBJECT	handles	柄	data/vanilla/vanilla_languages/objects/language_words.txt:17994	word+0x40	PE:RVA=0xee3e90..0xee40b0
NOUN_SINGULAR	IMPRISON	imprisonment	监禁	data/vanilla/vanilla_languages/objects/language_words.txt:18007	word+0x20	PE:RVA=0xee3e90..0xee40b0
ADJ	IMPRISON	imprisoned	下狱	data/vanilla/vanilla_languages/objects/language_words.txt:18010	word+0x60	PE:RVA=0xee3cf0..0xee3e8f
NOUN_SINGULAR	NOURISH	nourishment	滋养品	data/vanilla/vanilla_languages/objects/language_words.txt:18015	word+0x20	PE:RVA=0xee3e90..0xee40b0
ADJ	NOURISH	nourishing	有营养	data/vanilla/vanilla_languages/objects/language_words.txt:18018	word+0x60	PE:RVA=0xee3cf0..0xee3e8f
ADJ	SQUEEZE	squeezing	挤压	data/vanilla/vanilla_languages/objects/language_words.txt:18024	word+0x60	PE:RVA=0xee3cf0..0xee3e8f
NOUN_SINGULAR	TRAMMEL	trammel	鱼网	data/vanilla/vanilla_languages/objects/language_words.txt:18031	word+0x20	PE:RVA=0xee3e90..0xee40b0
NOUN_PLURAL	TRAMMEL	trammels	鱼网	data/vanilla/vanilla_languages/objects/language_words.txt:18031	word+0x40	PE:RVA=0xee3e90..0xee40b0
NOUN_SINGULAR	VICE	vice	恶德	data/vanilla/vanilla_languages/objects/language_words.txt:18041	word+0x20	PE:RVA=0xee3e90..0xee40b0
NOUN_SINGULAR	VISE	vise	虎钳	data/vanilla/vanilla_languages/objects/language_words.txt:18048	word+0x20	PE:RVA=0xee3e90..0xee40b0
NOUN_PLURAL	VISE	vises	虎钳	data/vanilla/vanilla_languages/objects/language_words.txt:18048	word+0x40	PE:RVA=0xee3e90..0xee40b0
NOUN_SINGULAR	DEFECT FAULT	defect	缺点	data/vanilla/vanilla_languages/objects/language_words.txt:18059	word+0x20	PE:RVA=0xee3e90..0xee40b0
NOUN_PLURAL	DEFECT FAULT	defects	缺点	data/vanilla/vanilla_languages/objects/language_words.txt:18059	word+0x40	PE:RVA=0xee3e90..0xee40b0
ADJ	DEFECT FAULT	defective	有缺陷	data/vanilla/vanilla_languages/objects/language_words.txt:18066	word+0x60	PE:RVA=0xee3cf0..0xee3e8f
NOUN_SINGULAR	PERFECT	perfection	完美	data/vanilla/vanilla_languages/objects/language_words.txt:18070	word+0x20	PE:RVA=0xee3e90..0xee40b0
ADJ	PERFECT	perfect	完美	data/vanilla/vanilla_languages/objects/language_words.txt:18073	word+0x60	PE:RVA=0xee3cf0..0xee3e8f
NOUN_SINGULAR	GEM	gem	宝石	data/vanilla/vanilla_languages/objects/language_words.txt:18080	word+0x20	PE:RVA=0xee3e90..0xee40b0
NOUN_PLURAL	GEM	gems	宝石	data/vanilla/vanilla_languages/objects/language_words.txt:18080	word+0x40	PE:RVA=0xee3e90..0xee40b0
NOUN_SINGULAR	JEWEL	jewel	珠宝	data/vanilla/vanilla_languages/objects/language_words.txt:18088	word+0x20	PE:RVA=0xee3e90..0xee40b0
NOUN_PLURAL	JEWEL	jewels	珠宝	data/vanilla/vanilla_languages/objects/language_words.txt:18088	word+0x40	PE:RVA=0xee3e90..0xee40b0
ADJ	JEWEL	bejeweled	饰宝	data/vanilla/vanilla_languages/objects/language_words.txt:18095	word+0x60	PE:RVA=0xee3cf0..0xee3e8f
NOUN_SINGULAR	CONJUNCTION	conjunction	结合	data/vanilla/vanilla_languages/objects/language_words.txt:18107	word+0x20	PE:RVA=0xee3e90..0xee40b0
NOUN_PLURAL	CONJUNCTION	conjunctions	结合	data/vanilla/vanilla_languages/objects/language_words.txt:18107	word+0x40	PE:RVA=0xee3e90..0xee40b0
NOUN_SINGULAR	BLOT	blot	污迹	data/vanilla/vanilla_languages/objects/language_words.txt:18112	word+0x20	PE:RVA=0xee3e90..0xee40b0
NOUN_PLURAL	BLOT	blots	污迹	data/vanilla/vanilla_languages/objects/language_words.txt:18112	word+0x40	PE:RVA=0xee3e90..0xee40b0
ADJ	BLOT	blotted	涂污	data/vanilla/vanilla_languages/objects/language_words.txt:18118	word+0x60	PE:RVA=0xee3cf0..0xee3e8f
ADJ	BLOW	blowing	吹	data/vanilla/vanilla_languages/objects/language_words.txt:18124	word+0x60	PE:RVA=0xee3cf0..0xee3e8f
NOUN_SINGULAR	BRUSH	brush	刷子	data/vanilla/vanilla_languages/objects/language_words.txt:18132	word+0x20	PE:RVA=0xee3e90..0xee40b0
NOUN_PLURAL	BRUSH	brushes	刷子	data/vanilla/vanilla_languages/objects/language_words.txt:18132	word+0x40	PE:RVA=0xee3e90..0xee40b0
ADJ	BRUSH	brushed	刷过	data/vanilla/vanilla_languages/objects/language_words.txt:18138	word+0x60	PE:RVA=0xee3cf0..0xee3e8f
NOUN_SINGULAR	CLARIFY	clarity	清楚	data/vanilla/vanilla_languages/objects/language_words.txt:18145	word+0x20	PE:RVA=0xee3e90..0xee40b0
NOUN_SINGULAR	ERASE	erasure	擦除	data/vanilla/vanilla_languages/objects/language_words.txt:18159	word+0x20	PE:RVA=0xee3e90..0xee40b0
ADJ	ERASE	erased	抹除	data/vanilla/vanilla_languages/objects/language_words.txt:18162	word+0x60	PE:RVA=0xee3cf0..0xee3e8f
NOUN_SINGULAR	MORSEL	morsel	食物	data/vanilla/vanilla_languages/objects/language_words.txt:18169	word+0x20	PE:RVA=0xee3e90..0xee40b0
NOUN_PLURAL	MORSEL	morsels	食物	data/vanilla/vanilla_languages/objects/language_words.txt:18169	word+0x40	PE:RVA=0xee3e90..0xee40b0
NOUN_SINGULAR	MONGREL	mongrel	杂种	data/vanilla/vanilla_languages/objects/language_words.txt:18178	word+0x20	PE:RVA=0xee3e90..0xee40b0
NOUN_PLURAL	MONGREL	mongrels	杂种	data/vanilla/vanilla_languages/objects/language_words.txt:18178	word+0x40	PE:RVA=0xee3e90..0xee40b0
NOUN_SINGULAR	TENDER	tenderness	温柔	data/vanilla/vanilla_languages/objects/language_words.txt:18186	word+0x20	PE:RVA=0xee3e90..0xee40b0
ADJ	TENDER	tender	温柔	data/vanilla/vanilla_languages/objects/language_words.txt:18189	word+0x60	PE:RVA=0xee3cf0..0xee3e8f
NOUN_SINGULAR	URGE	urge	冲动	data/vanilla/vanilla_languages/objects/language_words.txt:18195	word+0x20	PE:RVA=0xee3e90..0xee40b0
NOUN_PLURAL	URGE	urges	冲动	data/vanilla/vanilla_languages/objects/language_words.txt:18195	word+0x40	PE:RVA=0xee3e90..0xee40b0
NOUN_SINGULAR	MECHANISM	mechanism	机理	data/vanilla/vanilla_languages/objects/language_words.txt:18206	word+0x20	PE:RVA=0xee3e90..0xee40b0
NOUN_PLURAL	MECHANISM	mechanisms	机理	data/vanilla/vanilla_languages/objects/language_words.txt:18206	word+0x40	PE:RVA=0xee3e90..0xee40b0
ADJ	MECHANISM	mechanical	机械	data/vanilla/vanilla_languages/objects/language_words.txt:18210	word+0x60	PE:RVA=0xee3cf0..0xee3e8f
NOUN_SINGULAR	SMEAR	smear	污点	data/vanilla/vanilla_languages/objects/language_words.txt:18214	word+0x20	PE:RVA=0xee3e90..0xee40b0
NOUN_PLURAL	SMEAR	smears	污点	data/vanilla/vanilla_languages/objects/language_words.txt:18214	word+0x40	PE:RVA=0xee3e90..0xee40b0
ADJ	SMEAR	smeared	弄脏	data/vanilla/vanilla_languages/objects/language_words.txt:18220	word+0x60	PE:RVA=0xee3cf0..0xee3e8f
NOUN_SINGULAR	TATTOO	tattoo	纹身	data/vanilla/vanilla_languages/objects/language_words.txt:18227	word+0x20	PE:RVA=0xee3e90..0xee40b0
NOUN_PLURAL	TATTOO	tattoos	纹身	data/vanilla/vanilla_languages/objects/language_words.txt:18227	word+0x40	PE:RVA=0xee3e90..0xee40b0
ADJ	TATTOO	tattooed	纹身	data/vanilla/vanilla_languages/objects/language_words.txt:18234	word+0x60	PE:RVA=0xee3cf0..0xee3e8f
NOUN_SINGULAR	WEATHER VERB	weathering	风化	data/vanilla/vanilla_languages/objects/language_words.txt:18241	word+0x20	PE:RVA=0xee3e90..0xee40b0
ADJ	WEATHER VERB	weathered	风化	data/vanilla/vanilla_languages/objects/language_words.txt:18244	word+0x60	PE:RVA=0xee3cf0..0xee3e8f
NOUN_SINGULAR	CRUX	crux	关键	data/vanilla/vanilla_languages/objects/language_words.txt:18251	word+0x20	PE:RVA=0xee3e90..0xee40b0
NOUN_PLURAL	CRUX	cruxes	关键	data/vanilla/vanilla_languages/objects/language_words.txt:18251	word+0x40	PE:RVA=0xee3e90..0xee40b0
NOUN_SINGULAR	PEEK	peek	偷看	data/vanilla/vanilla_languages/objects/language_words.txt:18259	word+0x20	PE:RVA=0xee3e90..0xee40b0
NOUN_PLURAL	PEEK	peeks	偷看	data/vanilla/vanilla_languages/objects/language_words.txt:18259	word+0x40	PE:RVA=0xee3e90..0xee40b0
NOUN_SINGULAR	ATTIC	attic	阁楼	data/vanilla/vanilla_languages/objects/language_words.txt:18273	word+0x20	PE:RVA=0xee3e90..0xee40b0
NOUN_PLURAL	ATTIC	attics	阁楼	data/vanilla/vanilla_languages/objects/language_words.txt:18273	word+0x40	PE:RVA=0xee3e90..0xee40b0
NOUN_SINGULAR	BASEMENT	basement	地下室	data/vanilla/vanilla_languages/objects/language_words.txt:18281	word+0x20	PE:RVA=0xee3e90..0xee40b0
NOUN_PLURAL	BASEMENT	basements	地下室	data/vanilla/vanilla_languages/objects/language_words.txt:18281	word+0x40	PE:RVA=0xee3e90..0xee40b0
NOUN_SINGULAR	DEARTH	dearth	缺乏	data/vanilla/vanilla_languages/objects/language_words.txt:18289	word+0x20	PE:RVA=0xee3e90..0xee40b0
NOUN_SINGULAR	APEX	apex	顶	data/vanilla/vanilla_languages/objects/language_words.txt:18295	word+0x20	PE:RVA=0xee3e90..0xee40b0
NOUN_PLURAL	APEX	apexes	顶	data/vanilla/vanilla_languages/objects/language_words.txt:18295	word+0x40	PE:RVA=0xee3e90..0xee40b0
NOUN_SINGULAR	NADIR	nadir	天底	data/vanilla/vanilla_languages/objects/language_words.txt:18302	word+0x20	PE:RVA=0xee3e90..0xee40b0
NOUN_PLURAL	NADIR	nadirs	天底	data/vanilla/vanilla_languages/objects/language_words.txt:18302	word+0x40	PE:RVA=0xee3e90..0xee40b0
NOUN_SINGULAR	TUNNEL	tunnel	隧道	data/vanilla/vanilla_languages/objects/language_words.txt:18310	word+0x20	PE:RVA=0xee3e90..0xee40b0
NOUN_PLURAL	TUNNEL	tunnels	隧道	data/vanilla/vanilla_languages/objects/language_words.txt:18310	word+0x40	PE:RVA=0xee3e90..0xee40b0
ADJ	ENTRANCE VERB	entrancing	迷人	data/vanilla/vanilla_languages/objects/language_words.txt:18320	word+0x60	PE:RVA=0xee3cf0..0xee3e8f
NOUN_SINGULAR	DELIGHT	delight	高兴	data/vanilla/vanilla_languages/objects/language_words.txt:18326	word+0x20	PE:RVA=0xee3e90..0xee40b0
NOUN_PLURAL	DELIGHT	delights	高兴	data/vanilla/vanilla_languages/objects/language_words.txt:18326	word+0x40	PE:RVA=0xee3e90..0xee40b0
ADJ	DELIGHT	delightful	愉快	data/vanilla/vanilla_languages/objects/language_words.txt:18334	word+0x60	PE:RVA=0xee3cf0..0xee3e8f
NOUN_SINGULAR	JOY	joy	欢喜	data/vanilla/vanilla_languages/objects/language_words.txt:18339	word+0x20	PE:RVA=0xee3e90..0xee40b0
NOUN_PLURAL	JOY	joys	欢喜	data/vanilla/vanilla_languages/objects/language_words.txt:18339	word+0x40	PE:RVA=0xee3e90..0xee40b0
ADJ	JOY	joyous	快乐	data/vanilla/vanilla_languages/objects/language_words.txt:18347	word+0x60	PE:RVA=0xee3cf0..0xee3e8f
NOUN_SINGULAR	FRIGID	frigidity	寒冷	data/vanilla/vanilla_languages/objects/language_words.txt:18353	word+0x20	PE:RVA=0xee3e90..0xee40b0
ADJ	FRIGID	frigid	寒冷	data/vanilla/vanilla_languages/objects/language_words.txt:18356	word+0x60	PE:RVA=0xee3cf0..0xee3e8f
NOUN_SINGULAR	ANKLE	ankle	踝	data/vanilla/vanilla_languages/objects/language_words.txt:18362	word+0x20	PE:RVA=0xee3e90..0xee40b0
NOUN_PLURAL	ANKLE	ankles	踝	data/vanilla/vanilla_languages/objects/language_words.txt:18362	word+0x40	PE:RVA=0xee3e90..0xee40b0
NOUN_SINGULAR	ELBOW	elbow	手肘	data/vanilla/vanilla_languages/objects/language_words.txt:18371	word+0x20	PE:RVA=0xee3e90..0xee40b0
NOUN_PLURAL	ELBOW	elbows	手肘	data/vanilla/vanilla_languages/objects/language_words.txt:18371	word+0x40	PE:RVA=0xee3e90..0xee40b0
NOUN_SINGULAR	PASSION	passion	激情	data/vanilla/vanilla_languages/objects/language_words.txt:18380	word+0x20	PE:RVA=0xee3e90..0xee40b0
NOUN_PLURAL	PASSION	passions	激情	data/vanilla/vanilla_languages/objects/language_words.txt:18380	word+0x40	PE:RVA=0xee3e90..0xee40b0
ADJ	PASSION	passionate	热情	data/vanilla/vanilla_languages/objects/language_words.txt:18388	word+0x60	PE:RVA=0xee3cf0..0xee3e8f
ADJ	ARDENT	ardent	炽烈	data/vanilla/vanilla_languages/objects/language_words.txt:18393	word+0x60	PE:RVA=0xee3cf0..0xee3e8f
NOUN_SINGULAR	STREAM	stream	水流	data/vanilla/vanilla_languages/objects/language_words.txt:18399	word+0x20	PE:RVA=0xee3e90..0xee40b0
NOUN_PLURAL	STREAM	streams	水流	data/vanilla/vanilla_languages/objects/language_words.txt:18399	word+0x40	PE:RVA=0xee3e90..0xee40b0
NOUN_SINGULAR	BOWEL GUT	bowel	肠	data/vanilla/vanilla_languages/objects/language_words.txt:18407	word+0x20	PE:RVA=0xee3e90..0xee40b0
NOUN_PLURAL	BOWEL GUT	bowels	肠	data/vanilla/vanilla_languages/objects/language_words.txt:18407	word+0x40	PE:RVA=0xee3e90..0xee40b0
NOUN_SINGULAR	BOWEL INTERIOR	bowel	内部	data/vanilla/vanilla_languages/objects/language_words.txt:18416	word+0x20	PE:RVA=0xee3e90..0xee40b0
NOUN_PLURAL	BOWEL INTERIOR	bowels	内部	data/vanilla/vanilla_languages/objects/language_words.txt:18416	word+0x40	PE:RVA=0xee3e90..0xee40b0
NOUN_SINGULAR	DRILL ROUTINE	drill	训练	data/vanilla/vanilla_languages/objects/language_words.txt:18429	word+0x20	PE:RVA=0xee3e90..0xee40b0
NOUN_PLURAL	DRILL ROUTINE	drills	训练	data/vanilla/vanilla_languages/objects/language_words.txt:18429	word+0x40	PE:RVA=0xee3e90..0xee40b0
NOUN_SINGULAR	BOREDOM	boredom	厌烦	data/vanilla/vanilla_languages/objects/language_words.txt:18443	word+0x20	PE:RVA=0xee3e90..0xee40b0
ADJ	BOREDOM	boring	烦人	data/vanilla/vanilla_languages/objects/language_words.txt:18448	word+0x60	PE:RVA=0xee3cf0..0xee3e8f
NOUN_SINGULAR	FLECK	fleck	斑点	data/vanilla/vanilla_languages/objects/language_words.txt:18456	word+0x20	PE:RVA=0xee3e90..0xee40b0
NOUN_PLURAL	FLECK	flecks	斑点	data/vanilla/vanilla_languages/objects/language_words.txt:18456	word+0x40	PE:RVA=0xee3e90..0xee40b0
ADJ	FLECK	flecked	有斑点	data/vanilla/vanilla_languages/objects/language_words.txt:18463	word+0x60	PE:RVA=0xee3cf0..0xee3e8f
NOUN_SINGULAR	SPOT	spot	污点	data/vanilla/vanilla_languages/objects/language_words.txt:18468	word+0x20	PE:RVA=0xee3e90..0xee40b0
NOUN_PLURAL	SPOT	spots	污点	data/vanilla/vanilla_languages/objects/language_words.txt:18468	word+0x40	PE:RVA=0xee3e90..0xee40b0
ADJ	SPOT	spotted	有斑点	data/vanilla/vanilla_languages/objects/language_words.txt:18475	word+0x60	PE:RVA=0xee3cf0..0xee3e8f
NOUN_SINGULAR	DOT	dot	点	data/vanilla/vanilla_languages/objects/language_words.txt:18481	word+0x20	PE:RVA=0xee3e90..0xee40b0
NOUN_PLURAL	DOT	dots	点	data/vanilla/vanilla_languages/objects/language_words.txt:18481	word+0x40	PE:RVA=0xee3e90..0xee40b0
NOUN_SINGULAR	CREATE	creation	创造	data/vanilla/vanilla_languages/objects/language_words.txt:18490	word+0x20	PE:RVA=0xee3e90..0xee40b0
NOUN_PLURAL	CREATE	creations	创造	data/vanilla/vanilla_languages/objects/language_words.txt:18490	word+0x40	PE:RVA=0xee3e90..0xee40b0
ADJ	CREATE	creative	创造	data/vanilla/vanilla_languages/objects/language_words.txt:18494	word+0x60	PE:RVA=0xee3cf0..0xee3e8f
NOUN_SINGULAR	POEM	poem	诗	data/vanilla/vanilla_languages/objects/language_words.txt:18499	word+0x20	PE:RVA=0xee3e90..0xee40b0
NOUN_PLURAL	POEM	poems	诗	data/vanilla/vanilla_languages/objects/language_words.txt:18499	word+0x40	PE:RVA=0xee3e90..0xee40b0
NOUN_SINGULAR	POETRY	poetry	诗	data/vanilla/vanilla_languages/objects/language_words.txt:18507	word+0x20	PE:RVA=0xee3e90..0xee40b0
ADJ	POETRY	poetic	诗	data/vanilla/vanilla_languages/objects/language_words.txt:18510	word+0x60	PE:RVA=0xee3cf0..0xee3e8f
NOUN_SINGULAR	POET	poet	诗人	data/vanilla/vanilla_languages/objects/language_words.txt:18514	word+0x20	PE:RVA=0xee3e90..0xee40b0
NOUN_PLURAL	POET	poets	诗人	data/vanilla/vanilla_languages/objects/language_words.txt:18514	word+0x40	PE:RVA=0xee3e90..0xee40b0
NOUN_SINGULAR	SCRIBE	scribe	文书	data/vanilla/vanilla_languages/objects/language_words.txt:18522	word+0x20	PE:RVA=0xee3e90..0xee40b0
NOUN_PLURAL	SCRIBE	scribes	文书	data/vanilla/vanilla_languages/objects/language_words.txt:18522	word+0x40	PE:RVA=0xee3e90..0xee40b0
NOUN_SINGULAR	MONK	monk	修道士	data/vanilla/vanilla_languages/objects/language_words.txt:18532	word+0x20	PE:RVA=0xee3e90..0xee40b0
NOUN_PLURAL	MONK	monks	修道士	data/vanilla/vanilla_languages/objects/language_words.txt:18532	word+0x40	PE:RVA=0xee3e90..0xee40b0
NOUN_SINGULAR	HERMIT	hermit	隐士	data/vanilla/vanilla_languages/objects/language_words.txt:18540	word+0x20	PE:RVA=0xee3e90..0xee40b0
NOUN_PLURAL	HERMIT	hermits	隐士	data/vanilla/vanilla_languages/objects/language_words.txt:18540	word+0x40	PE:RVA=0xee3e90..0xee40b0
ADJ	HERMIT	hermitic	遁世	data/vanilla/vanilla_languages/objects/language_words.txt:18546	word+0x60	PE:RVA=0xee3cf0..0xee3e8f
NOUN_SINGULAR	RECLUSE	recluse	隐遁者	data/vanilla/vanilla_languages/objects/language_words.txt:18550	word+0x20	PE:RVA=0xee3e90..0xee40b0
NOUN_PLURAL	RECLUSE	recluses	隐遁者	data/vanilla/vanilla_languages/objects/language_words.txt:18550	word+0x40	PE:RVA=0xee3e90..0xee40b0
ADJ	RECLUSE	reclusive	隐遁	data/vanilla/vanilla_languages/objects/language_words.txt:18556	word+0x60	PE:RVA=0xee3cf0..0xee3e8f
NOUN_SINGULAR	NAME	name	名字	data/vanilla/vanilla_languages/objects/language_words.txt:18560	word+0x20	PE:RVA=0xee3e90..0xee40b0
NOUN_PLURAL	NAME	names	名字	data/vanilla/vanilla_languages/objects/language_words.txt:18560	word+0x40	PE:RVA=0xee3e90..0xee40b0
ADJ	NAME	named	命名	data/vanilla/vanilla_languages/objects/language_words.txt:18566	word+0x60	PE:RVA=0xee3cf0..0xee3e8f
NOUN_SINGULAR	LANGUAGE	language	语言	data/vanilla/vanilla_languages/objects/language_words.txt:18573	word+0x20	PE:RVA=0xee3e90..0xee40b0
NOUN_PLURAL	LANGUAGE	languages	语言	data/vanilla/vanilla_languages/objects/language_words.txt:18573	word+0x40	PE:RVA=0xee3e90..0xee40b0
NOUN_SINGULAR	PHRASE	phrase	惯用语	data/vanilla/vanilla_languages/objects/language_words.txt:18581	word+0x20	PE:RVA=0xee3e90..0xee40b0
NOUN_PLURAL	PHRASE	phrases	惯用语	data/vanilla/vanilla_languages/objects/language_words.txt:18581	word+0x40	PE:RVA=0xee3e90..0xee40b0
NOUN_SINGULAR	RHYME	rhyme	韵	data/vanilla/vanilla_languages/objects/language_words.txt:18592	word+0x20	PE:RVA=0xee3e90..0xee40b0
NOUN_PLURAL	RHYME	rhymes	韵	data/vanilla/vanilla_languages/objects/language_words.txt:18592	word+0x40	PE:RVA=0xee3e90..0xee40b0
ADJ	RHYME	rhyming	押韵	data/vanilla/vanilla_languages/objects/language_words.txt:18600	word+0x60	PE:RVA=0xee3cf0..0xee3e8f
NOUN_SINGULAR	RHYTHM	rhythm	节奏	data/vanilla/vanilla_languages/objects/language_words.txt:18608	word+0x20	PE:RVA=0xee3e90..0xee40b0
NOUN_PLURAL	RHYTHM	rhythms	节奏	data/vanilla/vanilla_languages/objects/language_words.txt:18608	word+0x40	PE:RVA=0xee3e90..0xee40b0
ADJ	RHYTHM	rhythmic	有韵律	data/vanilla/vanilla_languages/objects/language_words.txt:18614	word+0x60	PE:RVA=0xee3cf0..0xee3e8f
NOUN_SINGULAR	VERSE	verse	诗	data/vanilla/vanilla_languages/objects/language_words.txt:18620	word+0x20	PE:RVA=0xee3e90..0xee40b0
NOUN_PLURAL	VERSE	verses	诗	data/vanilla/vanilla_languages/objects/language_words.txt:18620	word+0x40	PE:RVA=0xee3e90..0xee40b0
NOUN_SINGULAR	CREATURE	creature	生物	data/vanilla/vanilla_languages/objects/language_words.txt:18634	word+0x20	PE:RVA=0xee3e90..0xee40b0
NOUN_PLURAL	CREATURE	creatures	生物	data/vanilla/vanilla_languages/objects/language_words.txt:18634	word+0x40	PE:RVA=0xee3e90..0xee40b0
NOUN_SINGULAR	SNAIL	snail	蜗牛	data/vanilla/vanilla_languages/objects/language_words.txt:18642	word+0x20	PE:RVA=0xee3e90..0xee40b0
NOUN_PLURAL	SNAIL	snails	蜗牛	data/vanilla/vanilla_languages/objects/language_words.txt:18642	word+0x40	PE:RVA=0xee3e90..0xee40b0
NOUN_SINGULAR	VINE	vine	藤	data/vanilla/vanilla_languages/objects/language_words.txt:18650	word+0x20	PE:RVA=0xee3e90..0xee40b0
NOUN_PLURAL	VINE	vines	藤	data/vanilla/vanilla_languages/objects/language_words.txt:18650	word+0x40	PE:RVA=0xee3e90..0xee40b0
ADJ	SQUASH	squashed	压碎	data/vanilla/vanilla_languages/objects/language_words.txt:18659	word+0x60	PE:RVA=0xee3cf0..0xee3e8f
NOUN_SINGULAR	DWELL	dweller	居民	data/vanilla/vanilla_languages/objects/language_words.txt:18671	word+0x20	PE:RVA=0xee3e90..0xee40b0
NOUN_PLURAL	DWELL	dwellers	居民	data/vanilla/vanilla_languages/objects/language_words.txt:18671	word+0x40	PE:RVA=0xee3e90..0xee40b0
NOUN_SINGULAR	HABIT	habit	习惯	data/vanilla/vanilla_languages/objects/language_words.txt:18681	word+0x20	PE:RVA=0xee3e90..0xee40b0
NOUN_PLURAL	HABIT	habits	习惯	data/vanilla/vanilla_languages/objects/language_words.txt:18681	word+0x40	PE:RVA=0xee3e90..0xee40b0
ADJ	HABIT	habitual	习惯	data/vanilla/vanilla_languages/objects/language_words.txt:18688	word+0x60	PE:RVA=0xee3cf0..0xee3e8f
NOUN_SINGULAR	SWALLOW	swallow	燕子	data/vanilla/vanilla_languages/objects/language_words.txt:18696	word+0x20	PE:RVA=0xee3e90..0xee40b0
NOUN_PLURAL	SWALLOW	swallows	燕子	data/vanilla/vanilla_languages/objects/language_words.txt:18696	word+0x40	PE:RVA=0xee3e90..0xee40b0
NOUN_SINGULAR	DISEMBOWEL	disemboweler	剖腹者	data/vanilla/vanilla_languages/objects/language_words.txt:18706	word+0x20	PE:RVA=0xee3e90..0xee40b0
NOUN_PLURAL	DISEMBOWEL	disembowelers	剖腹者	data/vanilla/vanilla_languages/objects/language_words.txt:18706	word+0x40	PE:RVA=0xee3e90..0xee40b0
ADJ	DISEMBOWEL	disemboweled	剖腹	data/vanilla/vanilla_languages/objects/language_words.txt:18709	word+0x60	PE:RVA=0xee3cf0..0xee3e8f
NOUN_SINGULAR	EVISCERATE	eviscerator	开膛者	data/vanilla/vanilla_languages/objects/language_words.txt:18714	word+0x20	PE:RVA=0xee3e90..0xee40b0
NOUN_PLURAL	EVISCERATE	eviscerators	开膛者	data/vanilla/vanilla_languages/objects/language_words.txt:18714	word+0x40	PE:RVA=0xee3e90..0xee40b0
ADJ	EVISCERATE	eviscerated	开膛	data/vanilla/vanilla_languages/objects/language_words.txt:18717	word+0x60	PE:RVA=0xee3cf0..0xee3e8f
NOUN_SINGULAR	RAPID	rapidity	迅速	data/vanilla/vanilla_languages/objects/language_words.txt:18722	word+0x20	PE:RVA=0xee3e90..0xee40b0
ADJ	RAPID	rapid	迅速	data/vanilla/vanilla_languages/objects/language_words.txt:18725	word+0x60	PE:RVA=0xee3cf0..0xee3e8f
NOUN_SINGULAR	MEDICINE	medicine	药	data/vanilla/vanilla_languages/objects/language_words.txt:18731	word+0x20	PE:RVA=0xee3e90..0xee40b0
NOUN_SINGULAR	HEAL	healer	医者	data/vanilla/vanilla_languages/objects/language_words.txt:18736	word+0x20	PE:RVA=0xee3e90..0xee40b0
NOUN_PLURAL	HEAL	healers	医者	data/vanilla/vanilla_languages/objects/language_words.txt:18736	word+0x40	PE:RVA=0xee3e90..0xee40b0
ADJ	HEAL	healing	治愈	data/vanilla/vanilla_languages/objects/language_words.txt:18742	word+0x60	PE:RVA=0xee3cf0..0xee3e8f
NOUN_SINGULAR	MARKET	market	市场	data/vanilla/vanilla_languages/objects/language_words.txt:18753	word+0x20	PE:RVA=0xee3e90..0xee40b0
NOUN_PLURAL	MARKET	markets	市场	data/vanilla/vanilla_languages/objects/language_words.txt:18753	word+0x40	PE:RVA=0xee3e90..0xee40b0
ADJ	SLOW	slow	慢	data/vanilla/vanilla_languages/objects/language_words.txt:18760	word+0x60	PE:RVA=0xee3cf0..0xee3e8f
NOUN_SINGULAR	MIRE	mire	泥沼	data/vanilla/vanilla_languages/objects/language_words.txt:18768	word+0x20	PE:RVA=0xee3e90..0xee40b0
NOUN_PLURAL	MIRE	mires	泥沼	data/vanilla/vanilla_languages/objects/language_words.txt:18768	word+0x40	PE:RVA=0xee3e90..0xee40b0
ADJ	MIRE	mired	微倒度	data/vanilla/vanilla_languages/objects/language_words.txt:18774	word+0x60	PE:RVA=0xee3cf0..0xee3e8f
NOUN_SINGULAR	ADMIRE	admirer	仰慕者	data/vanilla/vanilla_languages/objects/language_words.txt:18781	word+0x20	PE:RVA=0xee3e90..0xee40b0
NOUN_PLURAL	ADMIRE	admirers	仰慕者	data/vanilla/vanilla_languages/objects/language_words.txt:18781	word+0x40	PE:RVA=0xee3e90..0xee40b0
ADJ	ADMIRE	admired	仰慕	data/vanilla/vanilla_languages/objects/language_words.txt:18784	word+0x60	PE:RVA=0xee3cf0..0xee3e8f
NOUN_SINGULAR	DIRGE	dirge	挽歌	data/vanilla/vanilla_languages/objects/language_words.txt:18791	word+0x20	PE:RVA=0xee3e90..0xee40b0
NOUN_PLURAL	DIRGE	dirges	挽歌	data/vanilla/vanilla_languages/objects/language_words.txt:18791	word+0x40	PE:RVA=0xee3e90..0xee40b0
NOUN_SINGULAR	LAMENT	lamentation	悲叹	data/vanilla/vanilla_languages/objects/language_words.txt:18799	word+0x20	PE:RVA=0xee3e90..0xee40b0
ADJ	LAMENT	lamented	哀悼	data/vanilla/vanilla_languages/objects/language_words.txt:18802	word+0x60	PE:RVA=0xee3cf0..0xee3e8f
NOUN_SINGULAR	FUNERAL	funeral	葬礼	data/vanilla/vanilla_languages/objects/language_words.txt:18807	word+0x20	PE:RVA=0xee3e90..0xee40b0
NOUN_PLURAL	FUNERAL	funerals	葬礼	data/vanilla/vanilla_languages/objects/language_words.txt:18807	word+0x40	PE:RVA=0xee3e90..0xee40b0
NOUN_SINGULAR	QUEST	quest	探索	data/vanilla/vanilla_languages/objects/language_words.txt:18812	word+0x20	PE:RVA=0xee3e90..0xee40b0
NOUN_PLURAL	QUEST	quests	探索	data/vanilla/vanilla_languages/objects/language_words.txt:18812	word+0x40	PE:RVA=0xee3e90..0xee40b0
NOUN_SINGULAR	ADVENTURE	adventure	冒险	data/vanilla/vanilla_languages/objects/language_words.txt:18822	word+0x20	PE:RVA=0xee3e90..0xee40b0
NOUN_PLURAL	ADVENTURE	adventures	冒险	data/vanilla/vanilla_languages/objects/language_words.txt:18822	word+0x40	PE:RVA=0xee3e90..0xee40b0
ADJ	ADVENTURE	adventurous	冒险	data/vanilla/vanilla_languages/objects/language_words.txt:18826	word+0x60	PE:RVA=0xee3cf0..0xee3e8f
ADJ	MOURN	mournful	悲恸	data/vanilla/vanilla_languages/objects/language_words.txt:18831	word+0x60	PE:RVA=0xee3cf0..0xee3e8f
NOUN_SINGULAR	MORNING	morning	早晨	data/vanilla/vanilla_languages/objects/language_words.txt:18839	word+0x20	PE:RVA=0xee3e90..0xee40b0
NOUN_PLURAL	MORNING	mornings	早晨	data/vanilla/vanilla_languages/objects/language_words.txt:18839	word+0x40	PE:RVA=0xee3e90..0xee40b0
NOUN_SINGULAR	BULWARK	bulwark	壁垒	data/vanilla/vanilla_languages/objects/language_words.txt:18848	word+0x20	PE:RVA=0xee3e90..0xee40b0
NOUN_PLURAL	BULWARK	bulwarks	壁垒	data/vanilla/vanilla_languages/objects/language_words.txt:18848	word+0x40	PE:RVA=0xee3e90..0xee40b0
NOUN_SINGULAR	COSMOS	cosmos	宇宙	data/vanilla/vanilla_languages/objects/language_words.txt:18856	word+0x20	PE:RVA=0xee3e90..0xee40b0
NOUN_SINGULAR	ANGUISH	anguish	剧痛	data/vanilla/vanilla_languages/objects/language_words.txt:18862	word+0x20	PE:RVA=0xee3e90..0xee40b0
ADJ	ANGUISH	anguished	痛苦	data/vanilla/vanilla_languages/objects/language_words.txt:18867	word+0x60	PE:RVA=0xee3cf0..0xee3e8f
ADJ	TAUT	taut	拉紧	data/vanilla/vanilla_languages/objects/language_words.txt:18874	word+0x60	PE:RVA=0xee3cf0..0xee3e8f
NOUN_SINGULAR	DEIFY	deification	奉为神	data/vanilla/vanilla_languages/objects/language_words.txt:18880	word+0x20	PE:RVA=0xee3e90..0xee40b0
ADJ	DEIFY	deified	神化	data/vanilla/vanilla_languages/objects/language_words.txt:18883	word+0x60	PE:RVA=0xee3cf0..0xee3e8f
NOUN_SINGULAR	INFAMY	infamy	恶名	data/vanilla/vanilla_languages/objects/language_words.txt:18888	word+0x20	PE:RVA=0xee3e90..0xee40b0
ADJ	INFAMY	infamous	无耻	data/vanilla/vanilla_languages/objects/language_words.txt:18891	word+0x60	PE:RVA=0xee3cf0..0xee3e8f
NOUN_SINGULAR	MORTALITY	mortality	必死	data/vanilla/vanilla_languages/objects/language_words.txt:18895	word+0x20	PE:RVA=0xee3e90..0xee40b0
NOUN_SINGULAR	IMMORTALITY	immortality	不朽	data/vanilla/vanilla_languages/objects/language_words.txt:18900	word+0x20	PE:RVA=0xee3e90..0xee40b0
NOUN_SINGULAR	MORTIFY	mortification	屈辱	data/vanilla/vanilla_languages/objects/language_words.txt:18905	word+0x20	PE:RVA=0xee3e90..0xee40b0
ADJ	MORTIFY	mortified	受辱	data/vanilla/vanilla_languages/objects/language_words.txt:18908	word+0x60	PE:RVA=0xee3cf0..0xee3e8f
NOUN_SINGULAR	WORSHIPPER	worshipper	信徒	data/vanilla/vanilla_languages/objects/language_words.txt:18917	word+0x20	PE:RVA=0xee3e90..0xee40b0
NOUN_PLURAL	WORSHIPPER	worshippers	信徒	data/vanilla/vanilla_languages/objects/language_words.txt:18917	word+0x40	PE:RVA=0xee3e90..0xee40b0
ADJ	RIDDLE HOLES	riddled	穿孔	data/vanilla/vanilla_languages/objects/language_words.txt:18922	word+0x60	PE:RVA=0xee3cf0..0xee3e8f
NOUN_SINGULAR	DWELLING	dwelling	住处	data/vanilla/vanilla_languages/objects/language_words.txt:18929	word+0x20	PE:RVA=0xee3e90..0xee40b0
NOUN_PLURAL	DWELLING	dwellings	住处	data/vanilla/vanilla_languages/objects/language_words.txt:18929	word+0x40	PE:RVA=0xee3e90..0xee40b0
NOUN_SINGULAR	DISEMBOWELMENT	disembowelment	剖腹	data/vanilla/vanilla_languages/objects/language_words.txt:18937	word+0x20	PE:RVA=0xee3e90..0xee40b0
NOUN_SINGULAR	EVISCERATION	evisceration	开膛	data/vanilla/vanilla_languages/objects/language_words.txt:18942	word+0x20	PE:RVA=0xee3e90..0xee40b0
NOUN_SINGULAR	HEALING	healing	疗愈	data/vanilla/vanilla_languages/objects/language_words.txt:18947	word+0x20	PE:RVA=0xee3e90..0xee40b0
NOUN_SINGULAR	ADMIRATION	admiration	赞赏	data/vanilla/vanilla_languages/objects/language_words.txt:18952	word+0x20	PE:RVA=0xee3e90..0xee40b0
NOUN_SINGULAR	CONFLICT	conflict	战斗	data/vanilla/vanilla_languages/objects/language_words.txt:18957	word+0x20	PE:RVA=0xee3e90..0xee40b0
NOUN_PLURAL	CONFLICT	conflicts	战斗	data/vanilla/vanilla_languages/objects/language_words.txt:18957	word+0x40	PE:RVA=0xee3e90..0xee40b0
NOUN_SINGULAR	ATTACK	attack	攻击	data/vanilla/vanilla_languages/objects/language_words.txt:18965	word+0x20	PE:RVA=0xee3e90..0xee40b0
NOUN_PLURAL	ATTACK	attacks	攻击	data/vanilla/vanilla_languages/objects/language_words.txt:18965	word+0x40	PE:RVA=0xee3e90..0xee40b0
NOUN_SINGULAR	ONSLAUGHT	onslaught	突击	data/vanilla/vanilla_languages/objects/language_words.txt:18974	word+0x20	PE:RVA=0xee3e90..0xee40b0
NOUN_PLURAL	ONSLAUGHT	onslaughts	突击	data/vanilla/vanilla_languages/objects/language_words.txt:18974	word+0x40	PE:RVA=0xee3e90..0xee40b0
NOUN_SINGULAR	TREE	tree	树	data/vanilla/vanilla_languages/objects/language_words.txt:18982	word+0x20	PE:RVA=0xee3e90..0xee40b0
NOUN_PLURAL	TREE	trees	树	data/vanilla/vanilla_languages/objects/language_words.txt:18982	word+0x40	PE:RVA=0xee3e90..0xee40b0
NOUN_SINGULAR	AMBER	amber	琥珀	data/vanilla/vanilla_languages/objects/language_words.txt:18990	word+0x20	PE:RVA=0xee3e90..0xee40b0
NOUN_PLURAL	AMBER	ambers	琥珀	data/vanilla/vanilla_languages/objects/language_words.txt:18990	word+0x40	PE:RVA=0xee3e90..0xee40b0
ADJ	AMBER	amber	琥珀色	data/vanilla/vanilla_languages/objects/language_words.txt:18997	word+0x60	PE:RVA=0xee3cf0..0xee3e8f
NOUN_SINGULAR	AMETHYST	amethyst	紫水晶	data/vanilla/vanilla_languages/objects/language_words.txt:19003	word+0x20	PE:RVA=0xee3e90..0xee40b0
NOUN_PLURAL	AMETHYST	amethysts	紫水晶	data/vanilla/vanilla_languages/objects/language_words.txt:19003	word+0x40	PE:RVA=0xee3e90..0xee40b0
ADJ	AMETHYST	amethyst	紫晶	data/vanilla/vanilla_languages/objects/language_words.txt:19007	word+0x60	PE:RVA=0xee3cf0..0xee3e8f
ADJ	AQUA	aqua	水色	data/vanilla/vanilla_languages/objects/language_words.txt:19011	word+0x60	PE:RVA=0xee3cf0..0xee3e8f
NOUN_SINGULAR	AQUAMARINE	aquamarine	海蓝宝石	data/vanilla/vanilla_languages/objects/language_words.txt:19017	word+0x20	PE:RVA=0xee3e90..0xee40b0
NOUN_PLURAL	AQUAMARINE	aquamarines	海蓝宝石	data/vanilla/vanilla_languages/objects/language_words.txt:19017	word+0x40	PE:RVA=0xee3e90..0xee40b0
ADJ	AQUAMARINE	aquamarine	海蓝	data/vanilla/vanilla_languages/objects/language_words.txt:19021	word+0x60	PE:RVA=0xee3cf0..0xee3e8f
NOUN_SINGULAR	GRAY	grayness	灰色	data/vanilla/vanilla_languages/objects/language_words.txt:19025	word+0x20	PE:RVA=0xee3e90..0xee40b0
NOUN_PLURAL	GRAY	graynesses	灰色	data/vanilla/vanilla_languages/objects/language_words.txt:19025	word+0x40	PE:RVA=0xee3e90..0xee40b0
ADJ	GRAY	gray	灰色	data/vanilla/vanilla_languages/objects/language_words.txt:19026	word+0x60	PE:RVA=0xee3cf0..0xee3e8f
ADJ	AUBURN	auburn	赤褐色	data/vanilla/vanilla_languages/objects/language_words.txt:19032	word+0x60	PE:RVA=0xee3cf0..0xee3e8f
ADJ	AZURE	azure	蔚蓝	data/vanilla/vanilla_languages/objects/language_words.txt:19038	word+0x60	PE:RVA=0xee3cf0..0xee3e8f
ADJ	BEIGE	beige	淡棕色	data/vanilla/vanilla_languages/objects/language_words.txt:19044	word+0x60	PE:RVA=0xee3cf0..0xee3e8f
NOUN_SINGULAR	BRASS	brass	黄铜	data/vanilla/vanilla_languages/objects/language_words.txt:19050	word+0x20	PE:RVA=0xee3e90..0xee40b0
ADJ	BRASS	brass	黄铜色	data/vanilla/vanilla_languages/objects/language_words.txt:19054	word+0x60	PE:RVA=0xee3cf0..0xee3e8f
ADJ	BROWN	brown	褐色	data/vanilla/vanilla_languages/objects/language_words.txt:19060	word+0x60	PE:RVA=0xee3cf0..0xee3e8f
ADJ	BUFF	buff	暗黄色	data/vanilla/vanilla_languages/objects/language_words.txt:19066	word+0x60	PE:RVA=0xee3cf0..0xee3e8f
ADJ	SIENNA	sienna	赭褐	data/vanilla/vanilla_languages/objects/language_words.txt:19072	word+0x60	PE:RVA=0xee3cf0..0xee3e8f
ADJ	UMBER	umber	棕色	data/vanilla/vanilla_languages/objects/language_words.txt:19076	word+0x60	PE:RVA=0xee3cf0..0xee3e8f
ADJ	CARDINAL_COLOR	cardinal	鲜红	data/vanilla/vanilla_languages/objects/language_words.txt:19082	word+0x60	PE:RVA=0xee3cf0..0xee3e8f
ADJ	CARMINE	carmine	胭脂红	data/vanilla/vanilla_languages/objects/language_words.txt:19086	word+0x60	PE:RVA=0xee3cf0..0xee3e8f
ADJ	CERULEAN	cerulean	蔚蓝	data/vanilla/vanilla_languages/objects/language_words.txt:19092	word+0x60	PE:RVA=0xee3cf0..0xee3e8f
NOUN_SINGULAR	CHARCOAL	charcoal	木炭	data/vanilla/vanilla_languages/objects/language_words.txt:19096	word+0x20	PE:RVA=0xee3e90..0xee40b0
ADJ	CHARCOAL	charcoal	炭灰	data/vanilla/vanilla_languages/objects/language_words.txt:19101	word+0x60	PE:RVA=0xee3cf0..0xee3e8f
ADJ	CHARTREUSE	chartreuse	黄绿色	data/vanilla/vanilla_languages/objects/language_words.txt:19107	word+0x60	PE:RVA=0xee3cf0..0xee3e8f
NOUN_SINGULAR	CHESTNUT	chestnut	栗子	data/vanilla/vanilla_languages/objects/language_words.txt:19111	word+0x20	PE:RVA=0xee3e90..0xee40b0
NOUN_PLURAL	CHESTNUT	chestnuts	栗子	data/vanilla/vanilla_languages/objects/language_words.txt:19111	word+0x40	PE:RVA=0xee3e90..0xee40b0
ADJ	CHESTNUT	chestnut	栗色	data/vanilla/vanilla_languages/objects/language_words.txt:19116	word+0x60	PE:RVA=0xee3cf0..0xee3e8f
NOUN_SINGULAR	CHOCOLATE	chocolate	巧克力	data/vanilla/vanilla_languages/objects/language_words.txt:19121	word+0x20	PE:RVA=0xee3e90..0xee40b0
NOUN_PLURAL	CHOCOLATE	chocolates	巧克力	data/vanilla/vanilla_languages/objects/language_words.txt:19121	word+0x40	PE:RVA=0xee3e90..0xee40b0
ADJ	CHOCOLATE	chocolate	巧克力色	data/vanilla/vanilla_languages/objects/language_words.txt:19124	word+0x60	PE:RVA=0xee3cf0..0xee3e8f
NOUN_SINGULAR	CINNAMON	cinnamon	肉桂	data/vanilla/vanilla_languages/objects/language_words.txt:19128	word+0x20	PE:RVA=0xee3e90..0xee40b0
ADJ	CINNAMON	cinnamon	肉桂色	data/vanilla/vanilla_languages/objects/language_words.txt:19131	word+0x60	PE:RVA=0xee3cf0..0xee3e8f
NOUN_SINGULAR	COBALT	cobalt	钴	data/vanilla/vanilla_languages/objects/language_words.txt:19135	word+0x20	PE:RVA=0xee3e90..0xee40b0
ADJ	COBALT	cobalt	钴蓝	data/vanilla/vanilla_languages/objects/language_words.txt:19139	word+0x60	PE:RVA=0xee3cf0..0xee3e8f
ADJ	INDIGO	indigo	靛蓝色	data/vanilla/vanilla_languages/objects/language_words.txt:19145	word+0x60	PE:RVA=0xee3cf0..0xee3e8f
NOUN_SINGULAR	OLIVE	olive	橄榄	data/vanilla/vanilla_languages/objects/language_words.txt:19150	word+0x20	PE:RVA=0xee3e90..0xee40b0
NOUN_PLURAL	OLIVE	olives	橄榄	data/vanilla/vanilla_languages/objects/language_words.txt:19150	word+0x40	PE:RVA=0xee3e90..0xee40b0
ADJ	OLIVE	olive	黄绿色	data/vanilla/vanilla_languages/objects/language_words.txt:19156	word+0x60	PE:RVA=0xee3cf0..0xee3e8f
ADJ	PINK	pink	粉红	data/vanilla/vanilla_languages/objects/language_words.txt:19162	word+0x60	PE:RVA=0xee3cf0..0xee3e8f
ADJ	SCARLET	scarlet	绯红色	data/vanilla/vanilla_languages/objects/language_words.txt:19168	word+0x60	PE:RVA=0xee3cf0..0xee3e8f
ADJ	TAN	tan	黄褐色	data/vanilla/vanilla_languages/objects/language_words.txt:19174	word+0x60	PE:RVA=0xee3cf0..0xee3e8f
ADJ	ECRU	ecru	本色	data/vanilla/vanilla_languages/objects/language_words.txt:19180	word+0x60	PE:RVA=0xee3cf0..0xee3e8f
NOUN_SINGULAR	EMERALD	emerald	翡翠	data/vanilla/vanilla_languages/objects/language_words.txt:19186	word+0x20	PE:RVA=0xee3e90..0xee40b0
NOUN_PLURAL	EMERALD	emeralds	翡翠	data/vanilla/vanilla_languages/objects/language_words.txt:19186	word+0x40	PE:RVA=0xee3e90..0xee40b0
ADJ	EMERALD	emerald	翡翠绿	data/vanilla/vanilla_languages/objects/language_words.txt:19192	word+0x60	PE:RVA=0xee3cf0..0xee3e8f
NOUN_SINGULAR	FLAX	flax	亚麻	data/vanilla/vanilla_languages/objects/language_words.txt:19198	word+0x20	PE:RVA=0xee3e90..0xee40b0
ADJ	FLAX	flaxen	亚麻	data/vanilla/vanilla_languages/objects/language_words.txt:19203	word+0x60	PE:RVA=0xee3cf0..0xee3e8f
ADJ	FUCHSIA	fuchsia	品红	data/vanilla/vanilla_languages/objects/language_words.txt:19209	word+0x60	PE:RVA=0xee3cf0..0xee3e8f
ADJ	GOLDENROD	goldenrod	金黄	data/vanilla/vanilla_languages/objects/language_words.txt:19215	word+0x60	PE:RVA=0xee3cf0..0xee3e8f
ADJ	HELIOTROPE	heliotrope	紫红	data/vanilla/vanilla_languages/objects/language_words.txt:19219	word+0x60	PE:RVA=0xee3cf0..0xee3e8f
ADJ	LAVENDER	lavender	淡紫色	data/vanilla/vanilla_languages/objects/language_words.txt:19223	word+0x60	PE:RVA=0xee3cf0..0xee3e8f
NOUN_SINGULAR	BLUSH	blush	红晕	data/vanilla/vanilla_languages/objects/language_words.txt:19227	word+0x20	PE:RVA=0xee3e90..0xee40b0
NOUN_PLURAL	BLUSH	blushes	红晕	data/vanilla/vanilla_languages/objects/language_words.txt:19227	word+0x40	PE:RVA=0xee3e90..0xee40b0
NOUN_SINGULAR	LEMON	lemon	柠檬黄	data/vanilla/vanilla_languages/objects/language_words.txt:19237	word+0x20	PE:RVA=0xee3e90..0xee40b0
NOUN_PLURAL	LEMON	lemons	柠檬黄	data/vanilla/vanilla_languages/objects/language_words.txt:19237	word+0x40	PE:RVA=0xee3e90..0xee40b0
NOUN_SINGULAR	LILAC	lilac	淡紫	data/vanilla/vanilla_languages/objects/language_words.txt:19245	word+0x20	PE:RVA=0xee3e90..0xee40b0
NOUN_PLURAL	LILAC	lilacs	淡紫	data/vanilla/vanilla_languages/objects/language_words.txt:19245	word+0x40	PE:RVA=0xee3e90..0xee40b0
NOUN_SINGULAR	LIME	lime	黄绿	data/vanilla/vanilla_languages/objects/language_words.txt:19253	word+0x20	PE:RVA=0xee3e90..0xee40b0
NOUN_PLURAL	LIME	limes	黄绿	data/vanilla/vanilla_languages/objects/language_words.txt:19253	word+0x40	PE:RVA=0xee3e90..0xee40b0
ADJ	MAHOGANY	mahogany	红褐	data/vanilla/vanilla_languages/objects/language_words.txt:19261	word+0x60	PE:RVA=0xee3cf0..0xee3e8f
ADJ	MAROON_COLOR	maroon	褐紫红色	data/vanilla/vanilla_languages/objects/language_words.txt:19265	word+0x60	PE:RVA=0xee3cf0..0xee3e8f
ADJ	MAUVE	mauve	淡紫色	data/vanilla/vanilla_languages/objects/language_words.txt:19271	word+0x60	PE:RVA=0xee3cf0..0xee3e8f
ADJ	TAUPE	taupe	褐灰色	data/vanilla/vanilla_languages/objects/language_words.txt:19277	word+0x60	PE:RVA=0xee3cf0..0xee3e8f
ADJ	MINT	mint	薄荷绿	data/vanilla/vanilla_languages/objects/language_words.txt:19283	word+0x60	PE:RVA=0xee3cf0..0xee3e8f
NOUN_SINGULAR	MOSS	moss	苔藓	data/vanilla/vanilla_languages/objects/language_words.txt:19289	word+0x20	PE:RVA=0xee3e90..0xee40b0
NOUN_PLURAL	MOSS	mosses	苔藓	data/vanilla/vanilla_languages/objects/language_words.txt:19289	word+0x40	PE:RVA=0xee3e90..0xee40b0
ADJ	OCHRE	ochre	赭黄	data/vanilla/vanilla_languages/objects/language_words.txt:19297	word+0x60	PE:RVA=0xee3cf0..0xee3e8f
NOUN_SINGULAR	ORANGE	orange	橙色	data/vanilla/vanilla_languages/objects/language_words.txt:19303	word+0x20	PE:RVA=0xee3e90..0xee40b0
NOUN_PLURAL	ORANGE	oranges	橙色	data/vanilla/vanilla_languages/objects/language_words.txt:19303	word+0x40	PE:RVA=0xee3e90..0xee40b0
NOUN_SINGULAR	PERIWINKLE	periwinkle	长春花蓝	data/vanilla/vanilla_languages/objects/language_words.txt:19311	word+0x20	PE:RVA=0xee3e90..0xee40b0
NOUN_PLURAL	PERIWINKLE	periwinkles	长春花蓝	data/vanilla/vanilla_languages/objects/language_words.txt:19311	word+0x40	PE:RVA=0xee3e90..0xee40b0
NOUN_SINGULAR	PLUM	plum	梅紫	data/vanilla/vanilla_languages/objects/language_words.txt:19316	word+0x20	PE:RVA=0xee3e90..0xee40b0
NOUN_PLURAL	PLUM	plums	梅紫	data/vanilla/vanilla_languages/objects/language_words.txt:19316	word+0x40	PE:RVA=0xee3e90..0xee40b0
ADJ	PUCE	puce	紫褐色	data/vanilla/vanilla_languages/objects/language_words.txt:19324	word+0x60	PE:RVA=0xee3cf0..0xee3e8f
NOUN_SINGULAR	PUMPKIN	pumpkin	南瓜橙	data/vanilla/vanilla_languages/objects/language_words.txt:19330	word+0x20	PE:RVA=0xee3e90..0xee40b0
NOUN_PLURAL	PUMPKIN	pumpkins	南瓜橙	data/vanilla/vanilla_languages/objects/language_words.txt:19330	word+0x40	PE:RVA=0xee3e90..0xee40b0
ADJ	RUSSET	russet	枯叶色	data/vanilla/vanilla_languages/objects/language_words.txt:19338	word+0x60	PE:RVA=0xee3cf0..0xee3e8f
NOUN_SINGULAR	SAFFRON	saffron	藏红花黄	data/vanilla/vanilla_languages/objects/language_words.txt:19344	word+0x20	PE:RVA=0xee3e90..0xee40b0
ADJ	SAFFRON	saffron	藏红花黄	data/vanilla/vanilla_languages/objects/language_words.txt:19349	word+0x60	PE:RVA=0xee3cf0..0xee3e8f
ADJ	SEPIA	sepia	乌贼墨色	data/vanilla/vanilla_languages/objects/language_words.txt:19355	word+0x60	PE:RVA=0xee3cf0..0xee3e8f
ADJ	TEAL	teal	青绿	data/vanilla/vanilla_languages/objects/language_words.txt:19359	word+0x60	PE:RVA=0xee3cf0..0xee3e8f
NOUN_SINGULAR	TURQUOISE	turquoise	绿松石	data/vanilla/vanilla_languages/objects/language_words.txt:19365	word+0x20	PE:RVA=0xee3e90..0xee40b0
NOUN_PLURAL	TURQUOISE	turquoises	绿松石	data/vanilla/vanilla_languages/objects/language_words.txt:19365	word+0x40	PE:RVA=0xee3e90..0xee40b0
ADJ	TURQUOISE	turquoise	绿松石色	data/vanilla/vanilla_languages/objects/language_words.txt:19368	word+0x60	PE:RVA=0xee3cf0..0xee3e8f
ADJ	VERMILION	vermilion	朱红	data/vanilla/vanilla_languages/objects/language_words.txt:19372	word+0x60	PE:RVA=0xee3cf0..0xee3e8f
NOUN_SINGULAR	PATH	path	路径	data/vanilla/vanilla_languages/objects/language_words.txt:19376	word+0x20	PE:RVA=0xee3e90..0xee40b0
NOUN_PLURAL	PATH	paths	路径	data/vanilla/vanilla_languages/objects/language_words.txt:19376	word+0x40	PE:RVA=0xee3e90..0xee40b0
NOUN_SINGULAR	THREAT	threat	威胁	data/vanilla/vanilla_languages/objects/language_words.txt:19384	word+0x20	PE:RVA=0xee3e90..0xee40b0
NOUN_PLURAL	THREAT	threats	威胁	data/vanilla/vanilla_languages/objects/language_words.txt:19384	word+0x40	PE:RVA=0xee3e90..0xee40b0
NOUN_SINGULAR	WARNING	warning	警告	data/vanilla/vanilla_languages/objects/language_words.txt:19393	word+0x20	PE:RVA=0xee3e90..0xee40b0
NOUN_PLURAL	WARNING	warnings	警告	data/vanilla/vanilla_languages/objects/language_words.txt:19393	word+0x40	PE:RVA=0xee3e90..0xee40b0
NOUN_SINGULAR	FATE	fate	命运	data/vanilla/vanilla_languages/objects/language_words.txt:19403	word+0x20	PE:RVA=0xee3e90..0xee40b0
NOUN_PLURAL	FATE	fates	命运	data/vanilla/vanilla_languages/objects/language_words.txt:19403	word+0x40	PE:RVA=0xee3e90..0xee40b0
ADJ	FATE	fated	宿命	data/vanilla/vanilla_languages/objects/language_words.txt:19409	word+0x60	PE:RVA=0xee3cf0..0xee3e8f
NOUN_SINGULAR	DESTINY	destiny	命运	data/vanilla/vanilla_languages/objects/language_words.txt:19415	word+0x20	PE:RVA=0xee3e90..0xee40b0
NOUN_PLURAL	DESTINY	destinies	命运	data/vanilla/vanilla_languages/objects/language_words.txt:19415	word+0x40	PE:RVA=0xee3e90..0xee40b0
ADJ	DESTINY	destined	预定	data/vanilla/vanilla_languages/objects/language_words.txt:19418	word+0x60	PE:RVA=0xee3cf0..0xee3e8f
NOUN_SINGULAR	HORROR	horror	惊骇	data/vanilla/vanilla_languages/objects/language_words.txt:19424	word+0x20	PE:RVA=0xee3e90..0xee40b0
NOUN_PLURAL	HORROR	horrors	惊骇	data/vanilla/vanilla_languages/objects/language_words.txt:19424	word+0x40	PE:RVA=0xee3e90..0xee40b0
ADJ	LITTLE	little	小	data/vanilla/vanilla_languages/objects/language_words.txt:19432	word+0x60	PE:RVA=0xee3cf0..0xee3e8f
ADJ	EARLY	early	早	data/vanilla/vanilla_languages/objects/language_words.txt:19438	word+0x60	PE:RVA=0xee3cf0..0xee3e8f
ADJ	LATE	late	迟	data/vanilla/vanilla_languages/objects/language_words.txt:19444	word+0x60	PE:RVA=0xee3cf0..0xee3e8f
NOUN_SINGULAR	LIFE	life	生命	data/vanilla/vanilla_languages/objects/language_words.txt:19450	word+0x20	PE:RVA=0xee3e90..0xee40b0
NOUN_PLURAL	LIFE	lives	生命	data/vanilla/vanilla_languages/objects/language_words.txt:19450	word+0x40	PE:RVA=0xee3e90..0xee40b0
ADJ	LIFE	living	活	data/vanilla/vanilla_languages/objects/language_words.txt:19456	word+0x60	PE:RVA=0xee3cf0..0xee3e8f
NOUN_SINGULAR	CHEESE	cheese	乳酪	data/vanilla/vanilla_languages/objects/language_words.txt:19463	word+0x20	PE:RVA=0xee3e90..0xee40b0
NOUN_PLURAL	CHEESE	cheeses	乳酪	data/vanilla/vanilla_languages/objects/language_words.txt:19463	word+0x40	PE:RVA=0xee3e90..0xee40b0
NOUN_SINGULAR	FIGURE_OBJECT	figure	人像	data/vanilla/vanilla_languages/objects/language_words.txt:19471	word+0x20	PE:RVA=0xee3e90..0xee40b0
NOUN_PLURAL	FIGURE_OBJECT	figures	人像	data/vanilla/vanilla_languages/objects/language_words.txt:19471	word+0x40	PE:RVA=0xee3e90..0xee40b0
NOUN_SINGULAR	HOPE	hope	希望	data/vanilla/vanilla_languages/objects/language_words.txt:19479	word+0x20	PE:RVA=0xee3e90..0xee40b0
NOUN_PLURAL	HOPE	hopes	希望	data/vanilla/vanilla_languages/objects/language_words.txt:19479	word+0x40	PE:RVA=0xee3e90..0xee40b0
ADJ	HOPE	hopeful	有希望	data/vanilla/vanilla_languages/objects/language_words.txt:19485	word+0x60	PE:RVA=0xee3cf0..0xee3e8f
NOUN_SINGULAR	BODY	body	身体	data/vanilla/vanilla_languages/objects/language_words.txt:19492	word+0x20	PE:RVA=0xee3e90..0xee40b0
NOUN_PLURAL	BODY	bodies	身体	data/vanilla/vanilla_languages/objects/language_words.txt:19492	word+0x40	PE:RVA=0xee3e90..0xee40b0
NOUN_SINGULAR	WALK	walk	步行	data/vanilla/vanilla_languages/objects/language_words.txt:19500	word+0x20	PE:RVA=0xee3e90..0xee40b0
NOUN_PLURAL	WALK	walks	步行	data/vanilla/vanilla_languages/objects/language_words.txt:19500	word+0x40	PE:RVA=0xee3e90..0xee40b0
NOUN_SINGULAR	HOUR	hour	小时	data/vanilla/vanilla_languages/objects/language_words.txt:19510	word+0x20	PE:RVA=0xee3e90..0xee40b0
NOUN_PLURAL	HOUR	hours	小时	data/vanilla/vanilla_languages/objects/language_words.txt:19510	word+0x40	PE:RVA=0xee3e90..0xee40b0
NOUN_SINGULAR	MOMENT	moment	片刻	data/vanilla/vanilla_languages/objects/language_words.txt:19521	word+0x20	PE:RVA=0xee3e90..0xee40b0
NOUN_PLURAL	MOMENT	moments	片刻	data/vanilla/vanilla_languages/objects/language_words.txt:19521	word+0x40	PE:RVA=0xee3e90..0xee40b0
NOUN_SINGULAR	BEAUTY	beauty	美	data/vanilla/vanilla_languages/objects/language_words.txt:19529	word+0x20	PE:RVA=0xee3e90..0xee40b0
ADJ	BEAUTY	beautiful	美丽	data/vanilla/vanilla_languages/objects/language_words.txt:19534	word+0x60	PE:RVA=0xee3cf0..0xee3e8f
NOUN_SINGULAR	JUDGE	judge	审判者	data/vanilla/vanilla_languages/objects/language_words.txt:19538	word+0x20	PE:RVA=0xee3e90..0xee40b0
NOUN_PLURAL	JUDGE	judges	审判者	data/vanilla/vanilla_languages/objects/language_words.txt:19538	word+0x40	PE:RVA=0xee3e90..0xee40b0
NOUN_SINGULAR	WISH	wish	希望	data/vanilla/vanilla_languages/objects/language_words.txt:19548	word+0x20	PE:RVA=0xee3e90..0xee40b0
NOUN_PLURAL	WISH	wishes	希望	data/vanilla/vanilla_languages/objects/language_words.txt:19548	word+0x40	PE:RVA=0xee3e90..0xee40b0
NOUN_SINGULAR	RESPECT	respect	尊敬	data/vanilla/vanilla_languages/objects/language_words.txt:19557	word+0x20	PE:RVA=0xee3e90..0xee40b0
ADJ	RESPECT	respectful	敬重	data/vanilla/vanilla_languages/objects/language_words.txt:19562	word+0x60	PE:RVA=0xee3cf0..0xee3e8f
NOUN_SINGULAR	MARK	mark	标志	data/vanilla/vanilla_languages/objects/language_words.txt:19567	word+0x20	PE:RVA=0xee3e90..0xee40b0
NOUN_PLURAL	MARK	marks	标志	data/vanilla/vanilla_languages/objects/language_words.txt:19567	word+0x40	PE:RVA=0xee3e90..0xee40b0
NOUN_SINGULAR	HEAVY	heaviness	重	data/vanilla/vanilla_languages/objects/language_words.txt:19576	word+0x20	PE:RVA=0xee3e90..0xee40b0
ADJ	HEAVY	heavy	重	data/vanilla/vanilla_languages/objects/language_words.txt:19579	word+0x60	PE:RVA=0xee3cf0..0xee3e8f
NOUN_SINGULAR	TRIAL	trial	审判	data/vanilla/vanilla_languages/objects/language_words.txt:19585	word+0x20	PE:RVA=0xee3e90..0xee40b0
NOUN_PLURAL	TRIAL	trials	审判	data/vanilla/vanilla_languages/objects/language_words.txt:19585	word+0x40	PE:RVA=0xee3e90..0xee40b0
NOUN_SINGULAR	PRACTICE	practice	练习	data/vanilla/vanilla_languages/objects/language_words.txt:19593	word+0x20	PE:RVA=0xee3e90..0xee40b0
NOUN_SINGULAR	END	end	结束	data/vanilla/vanilla_languages/objects/language_words.txt:19602	word+0x20	PE:RVA=0xee3e90..0xee40b0
NOUN_PLURAL	END	ends	结束	data/vanilla/vanilla_languages/objects/language_words.txt:19602	word+0x40	PE:RVA=0xee3e90..0xee40b0
NOUN_SINGULAR	START	start	开端	data/vanilla/vanilla_languages/objects/language_words.txt:19613	word+0x20	PE:RVA=0xee3e90..0xee40b0
NOUN_PLURAL	START	starts	开端	data/vanilla/vanilla_languages/objects/language_words.txt:19613	word+0x40	PE:RVA=0xee3e90..0xee40b0
NOUN_SINGULAR	BEGIN	beginning	开始	data/vanilla/vanilla_languages/objects/language_words.txt:19619	word+0x20	PE:RVA=0xee3e90..0xee40b0
NOUN_PLURAL	BEGIN	beginnings	开始	data/vanilla/vanilla_languages/objects/language_words.txt:19619	word+0x40	PE:RVA=0xee3e90..0xee40b0
NOUN_SINGULAR	BIRTH	birth	诞生	data/vanilla/vanilla_languages/objects/language_words.txt:19626	word+0x20	PE:RVA=0xee3e90..0xee40b0
NOUN_PLURAL	BIRTH	births	诞生	data/vanilla/vanilla_languages/objects/language_words.txt:19626	word+0x40	PE:RVA=0xee3e90..0xee40b0
ADJ	BIRTH	born	天生	data/vanilla/vanilla_languages/objects/language_words.txt:19633	word+0x60	PE:RVA=0xee3cf0..0xee3e8f
NOUN_SINGULAR	LEARN	learning	学问	data/vanilla/vanilla_languages/objects/language_words.txt:19640	word+0x20	PE:RVA=0xee3e90..0xee40b0
ADJ	LEARN	learned	有学问	data/vanilla/vanilla_languages/objects/language_words.txt:19644	word+0x60	PE:RVA=0xee3cf0..0xee3e8f
NOUN_SINGULAR	MISCHIEF	mischief	恶作剧	data/vanilla/vanilla_languages/objects/language_words.txt:19652	word+0x20	PE:RVA=0xee3e90..0xee40b0
ADJ	MISCHIEF	mischievous	淘气	data/vanilla/vanilla_languages/objects/language_words.txt:19657	word+0x60	PE:RVA=0xee3cf0..0xee3e8f
NOUN_SINGULAR	WISDOM	wisdom	智慧	data/vanilla/vanilla_languages/objects/language_words.txt:19661	word+0x20	PE:RVA=0xee3e90..0xee40b0
ADJ	WISDOM	wise	明智	data/vanilla/vanilla_languages/objects/language_words.txt:19666	word+0x60	PE:RVA=0xee3cf0..0xee3e8f
NOUN_SINGULAR	KNOW	knower	智者	data/vanilla/vanilla_languages/objects/language_words.txt:19672	word+0x20	PE:RVA=0xee3e90..0xee40b0
NOUN_PLURAL	KNOW	knowers	智者	data/vanilla/vanilla_languages/objects/language_words.txt:19672	word+0x40	PE:RVA=0xee3e90..0xee40b0
ADJ	KNOW	knowing	博学	data/vanilla/vanilla_languages/objects/language_words.txt:19675	word+0x60	PE:RVA=0xee3cf0..0xee3e8f
NOUN_SINGULAR	KNOWLEDGE	knowledge	知识	data/vanilla/vanilla_languages/objects/language_words.txt:19683	word+0x20	PE:RVA=0xee3e90..0xee40b0
NOUN_SINGULAR	CRACK	crack	裂缝	data/vanilla/vanilla_languages/objects/language_words.txt:19690	word+0x20	PE:RVA=0xee3e90..0xee40b0
NOUN_PLURAL	CRACK	cracks	裂缝	data/vanilla/vanilla_languages/objects/language_words.txt:19690	word+0x40	PE:RVA=0xee3e90..0xee40b0
ADJ	CRACK	cracked	破碎	data/vanilla/vanilla_languages/objects/language_words.txt:19696	word+0x60	PE:RVA=0xee3cf0..0xee3e8f
ADJ	SHATTER	shattered	破碎	data/vanilla/vanilla_languages/objects/language_words.txt:19704	word+0x60	PE:RVA=0xee3cf0..0xee3e8f
NOUN_SINGULAR	LEAP	leap	跳跃	data/vanilla/vanilla_languages/objects/language_words.txt:19711	word+0x20	PE:RVA=0xee3e90..0xee40b0
NOUN_PLURAL	LEAP	leaps	跳跃	data/vanilla/vanilla_languages/objects/language_words.txt:19711	word+0x40	PE:RVA=0xee3e90..0xee40b0
NOUN_SINGULAR	JUMP	jump	跳跃	data/vanilla/vanilla_languages/objects/language_words.txt:19720	word+0x20	PE:RVA=0xee3e90..0xee40b0
NOUN_PLURAL	JUMP	jumps	跳跃	data/vanilla/vanilla_languages/objects/language_words.txt:19720	word+0x40	PE:RVA=0xee3e90..0xee40b0
NOUN_SINGULAR	DIVE	dive	潜水	data/vanilla/vanilla_languages/objects/language_words.txt:19729	word+0x20	PE:RVA=0xee3e90..0xee40b0
NOUN_PLURAL	DIVE	dives	潜水	data/vanilla/vanilla_languages/objects/language_words.txt:19729	word+0x40	PE:RVA=0xee3e90..0xee40b0
NOUN_SINGULAR	VAULT PLACE	vault	秘库	data/vanilla/vanilla_languages/objects/language_words.txt:19742	word+0x20	PE:RVA=0xee3e90..0xee40b0
NOUN_PLURAL	VAULT PLACE	vaults	秘库	data/vanilla/vanilla_languages/objects/language_words.txt:19742	word+0x40	PE:RVA=0xee3e90..0xee40b0
NOUN_SINGULAR	TREASURY	treasury	国库	data/vanilla/vanilla_languages/objects/language_words.txt:19750	word+0x20	PE:RVA=0xee3e90..0xee40b0
NOUN_PLURAL	TREASURY	treasuries	国库	data/vanilla/vanilla_languages/objects/language_words.txt:19750	word+0x40	PE:RVA=0xee3e90..0xee40b0
NOUN_SINGULAR	BETRAY	betrayal	背叛	data/vanilla/vanilla_languages/objects/language_words.txt:19755	word+0x20	PE:RVA=0xee3e90..0xee40b0
NOUN_PLURAL	BETRAY	betrayals	背叛	data/vanilla/vanilla_languages/objects/language_words.txt:19755	word+0x40	PE:RVA=0xee3e90..0xee40b0
NOUN_SINGULAR	TREASON	treason	叛国	data/vanilla/vanilla_languages/objects/language_words.txt:19761	word+0x20	PE:RVA=0xee3e90..0xee40b0
NOUN_SINGULAR	REASON	reason	理由	data/vanilla/vanilla_languages/objects/language_words.txt:19768	word+0x20	PE:RVA=0xee3e90..0xee40b0
NOUN_PLURAL	REASON	reasons	理由	data/vanilla/vanilla_languages/objects/language_words.txt:19768	word+0x40	PE:RVA=0xee3e90..0xee40b0
ADJ	SQUAT	squat	蹲着	data/vanilla/vanilla_languages/objects/language_words.txt:19776	word+0x60	PE:RVA=0xee3cf0..0xee3e8f
NOUN_SINGULAR	FESTIVAL	festival	节日	data/vanilla/vanilla_languages/objects/language_words.txt:19783	word+0x20	PE:RVA=0xee3e90..0xee40b0
NOUN_PLURAL	FESTIVAL	festivals	节日	data/vanilla/vanilla_languages/objects/language_words.txt:19783	word+0x40	PE:RVA=0xee3e90..0xee40b0
ADJ	FESTIVAL	festive	庆祝	data/vanilla/vanilla_languages/objects/language_words.txt:19786	word+0x60	PE:RVA=0xee3cf0..0xee3e8f
NOUN_SINGULAR	COMPANY	company	团体	data/vanilla/vanilla_languages/objects/language_words.txt:19791	word+0x20	PE:RVA=0xee3e90..0xee40b0
NOUN_PLURAL	COMPANY	companies	团体	data/vanilla/vanilla_languages/objects/language_words.txt:19791	word+0x40	PE:RVA=0xee3e90..0xee40b0
ADJ_FALLBACK	-	large	大	PE:RVA=0x1649d9c	-	PE:RVA=0xee3d40
NOUN_FALLBACK	-	rock	岩石	PE:inline-literal=0xee3ee6	-	PE:RVA=0xee3ee6
