# Reviewed complete UI source inventory, grouped by native menu branch.
# The first section records the Linux Objects and Justice native draws.
# The Windows sections below add whole prompt families and finite action
# combinations from the installed executable, with explicitly noted offsets.
# Legacy section source: Linux x86-64 DF 53.16, ELF BuildID
# bcc6789e6fb477b785a2b02be80b8b1b054ff88c. Read without executing the game.
# The switch at 0xd99dda dispatches tabs 0..3. Each address below is a
# graphicst::addst call (PLT 0x425170), not add_paragraph or a wrapped fragment.
# Text is reconstructed from SIMD constants plus immediate suffix stores;
# native padding spaces are normalized. These addresses are provenance only,
# never runtime hooks or screen coordinates. Chinese lives in data/runtime/ui-messages.tsv.
# Add a reviewed menu's complete branch family here, not just a screenshot's
# visible rows. The shared data build requires a full hP translation per row.
# family<TAB>documented native address/offset sequence<TAB>complete English source
# Work-order footer, Windows 53.16: three fixed native rows form one sentence.
# PE literal file offsets, in draw order, for Steam and classic respectively.
fortress.work-orders.validation	0x162a740+0x162a780+0x162a778	All work orders must be validated by the manager before they become active.
fortress.work-orders.validation	0x1625c68+0x1625c40+0x1625ca0	All work orders must be validated by the manager before they become active.
# Coffin detail, Windows 53.16: fixed label row, next-row unit formatter,
# then a separate period. These addst draws are not an add_paragraph wrap.
building.coffin.resting-place	0x140194f0f+0x140194f6f+0x140194f89+0x140194fb9	This is the resting place of {n}.
# Legends initialization, native ELF 53.16: Sorting is assembled with immediate
# stores. The age formatter 0x9d2270 emits its article/ordinal/name, followed by
# the fixed event-sort label, completed count, '/', total and completion suffix.
# The entire status is passed to one addst call; counters are not layout columns.
# Native cursor constants at 0x20cf3d0 and 0x214b660 are (1,2) and (1,4):
# both records start at the graphical frame's interior, not after two spaces.
legends.initialization	0x1ceba6b+0x1cebae7	Sorting
legends.initialization	0x1cec895+0x1cec8a4+0x1cec8d8+0x1cec8e7+0x1cec8f1+0x1cec900+0x1cec90f	{v} event sort {d}/{d} completed
# Civilization detail trade headings, Linux 53.16: prefix and native name
# are separate addst calls followed by a ':' glyph. The amount/None is a
# separate column, not part of the heading. Keep every name in the shared
# entity/place capture; these addresses document sources, not runtime logic.
world.civilization.trade	0x1439a7b+0x1439ad4+0x1439ae3	Imports from {e}:
world.civilization.trade	0x1433a9f+0x1433af8+0x1433b07	Exports to {e}:
world.civilization.trade	0x1433bbf+0x1433c04+0x1433c17	Offerings from {e}:
# Windows civilization trade values, 0x1401c4c64..0x1401c52ce:
# non-trading SKULKING (0x2d) + ITEM_THIEF (8) entities display
# Exports to {e}: Petty Annoyance (literal 0x141603c10, draw 0x1401c4d9c)
# and Offerings from {e}: Death (literal 0x1415f70e4, draw 0x1401c51cf).
# Other non-trading entities display Terror (0x141603c20, 0x1401c4ead)
# and Vengeance (0x141603908, 0x1401c522a) in the same respective fields.
# Trading entities show Imports from {e}: and Offerings from {e}: with
# None (0x1415ff764, 0x1401c4fbe / 0x1401c5284) or a numeric amount.
# All values start at the same native column (heading x + 0x23), with
# their own color; these are whole fields rather than independent words.
# Scoped translations live in data/runtime/local-overrides.tsv under
# World civilization trade status: so Death retains its native meaning.
# Agreement headers, Windows 53.16: PE literal file offsets. The native
# entity/place name and closing parenthesis complete each visible heading.
world.civilization.trade-agreements	0x1602b88	Trade Agreement (Exports to {e})
world.civilization.trade-agreements	0x1602ba8	Requests (Imports from {e})
# Adventure announcements: Windows PE literal file offsets; equipment items
# and anatomical parts are authored {s} captures, including item articles.
# Shared social/knowledge constructors, not only the adventure input handlers.
# Actor/recipient helpers and the terminal period were followed to the common
# announcement submitter; the knowledge source comes from 0x140ee0830.
adventure.announcement.social	0x140083077+0x1400830a8+0x1400830d9+0x14008310a+0x14008318c	{n} embraces {n}.
adventure.announcement.social	0x140089357+0x14008937b+0x14008938e+0x1400893c7+0x140089435	{n} has shared many tales from beyond {e}.
adventure.announcement.social	0x140089357+0x1400893a6+0x1400893c7+0x140089435	{n} has shared a few rumors.
adventure.announcement.social	0x140089357+0x1400893b4+0x1400893c7+0x140089435	{n} has shared a rumor from abroad.
adventure.announcement.social	0x1400894cb+0x1400894ea+0x140089513+0x140089541+0x1400895aa	{n} gives you {s}.
adventure.announcement.knowledge	0x14008c108+0x14008c143+0x14008c15d+0x14008c173	{n} has discovered {q}.
adventure.announcement.knowledge	0x140090fc2	{n} has discovered {q}.
adventure.announcement.knowledge	0x140091c6a+0x140091c83+0x140091c92+0x140091cbb+0x140091cd4	{n} has become a student of {n}.
adventure.announcement.reading	0x15e8948	It has no writing.
adventure.announcement.reading	0x15e8930	The pages are blank.
adventure.announcement.reading	0x15e8960	It has no pages.
adventure.announcement.equipment	0x16ad7f0+0x16ad7e0	You strap {s} to your {s}.
adventure.announcement.equipment	0x16ad810+0x16ad800	You draw {s} with your {s}.
# Windows DF 53.16 pickup constructor 0x1408039b0..0x14080533d.
# These are PE literal file offsets. "the" and the final period are fixed;
# 0x140c65450 supplies complete item/container names, with quality marks.
# The grasp branch (0x140803f31..0x14080460d) also chooses pick/pull off for
# plant growths and reads RAW body-part singular/plural names (or the complete
# "body part"/"body parts" fallback). Container branches always use pick up.
# The two container branches really differ for NPCs: 0x1408049d0..0x140804aa9
# uses "and put it in", 0x140804d11..0x140804f15 uses "and puts it in".
# Each his/her/its branch remains a whole sentence, not a fragment mapping.
adventure.announcement.pickup	0x16ae394+0x16ae270+0x16ae260+0x15edb60	You pick up the {s} and put it in your {s}.
adventure.announcement.pickup	0x16ae394+0x16ae270+0x15ed7e0+0x15edb60	You pick up the {s} with your {s}.
adventure.announcement.pickup	0x16ae394+0x15e876c+0x15ed7e0+0x15edb60	You pick the {s} with your {s}.
adventure.announcement.pickup	0x16ae380+0x15e876c+0x15ed7e0+0x15edb60	You pull off the {s} with your {s}.
adventure.announcement.pickup	0x16ae38c+0x16ae270+0x16ae280+0x16cdf18	{n} picks up the {s} and puts it in his {s}.
adventure.announcement.pickup	0x16ae38c+0x16ae270+0x16ae280+0x16cdec0	{n} picks up the {s} and puts it in her {s}.
adventure.announcement.pickup	0x16ae38c+0x16ae270+0x16ae280+0x15ed728	{n} picks up the {s} and puts it in its {s}.
adventure.announcement.pickup	0x16ae38c+0x16ae270+0x16ae260+0x16cdf18	{n} picks up the {s} and put it in his {s}.
adventure.announcement.pickup	0x16ae38c+0x16ae270+0x16ae260+0x16cdec0	{n} picks up the {s} and put it in her {s}.
adventure.announcement.pickup	0x16ae38c+0x16ae270+0x16ae260+0x15ed728	{n} picks up the {s} and put it in its {s}.
adventure.announcement.pickup	0x16ae38c+0x16ae270+0x15ed7e0+0x16cdf18	{n} picks up the {s} with his {s}.
adventure.announcement.pickup	0x16ae38c+0x16ae270+0x15ed7e0+0x16cdec0	{n} picks up the {s} with her {s}.
adventure.announcement.pickup	0x16ae38c+0x16ae270+0x15ed7e0+0x15ed728	{n} picks up the {s} with its {s}.
adventure.announcement.pickup	0x16ae38c+0x15e876c+0x15ed7e0+0x16cdf18	{n} picks the {s} with his {s}.
adventure.announcement.pickup	0x16ae38c+0x15e876c+0x15ed7e0+0x16cdec0	{n} picks the {s} with her {s}.
adventure.announcement.pickup	0x16ae38c+0x15e876c+0x15ed7e0+0x15ed728	{n} picks the {s} with its {s}.
adventure.announcement.pickup	0x16ae370+0x15e876c+0x15ed7e0+0x16cdf18	{n} pulls off the {s} with his {s}.
adventure.announcement.pickup	0x16ae370+0x15e876c+0x15ed7e0+0x16cdec0	{n} pulls off the {s} with her {s}.
adventure.announcement.pickup	0x16ae370+0x15e876c+0x15ed7e0+0x15ed728	{n} pulls off the {s} with its {s}.
adventure.announcement.posture	0x1788940	You lie on the ground.
adventure.announcement.posture	0x1788978	You stand up.
adventure.announcement.posture	0x1788b08	{n} lies on the ground.
adventure.announcement.posture	0x1788930	{n} stands up.
# BP_BUMP greeting: RAW byte offsets in the installed vanilla_creatures/objects
# creature_domestic.txt and creature_large_temperate.txt, respectively.
# [CDI:VERB:head-bump:head-bumps:bump heads] supplies the verb; the complete
# actor + verb + player-target announcement is also recorded in data/runtime/untranslated.tsv.
adventure.announcement.greeting.cat	0x45b5	{n} head-bumps you.
adventure.announcement.greeting.red-panda	0x17d8e	{n} head-bumps you.
# Adventure movement: Windows PE string file offsets. The player heading
# joins How will / you / move?; the same assembled line is in the review queue.
adventure.movement.heading	0x16b2260+0x16b2254	How will you move?
adventure.movement.heading	0x16b2d40	Visual Stealth (w/o Skill)
adventure.movement.heading	0x16b2220	Visual Stealth Factors
adventure.movement.preference	0x16b2ce0	Swimming Preference
adventure.movement.preference	0x16b2b30	When possible
adventure.movement.preference	0x16b2b20	When necessary
adventure.movement.environment	0x16b2e08	Open Area
adventure.movement.environment	0x16b2dd8	By Obstacle
adventure.movement.environment	0x16b2de8	Fog/Rain/Snow
adventure.movement.vegetation	0x16b2dc0	No Suitable Vegetation
adventure.movement.vegetation	0x16b2df8	In Vegetation
adventure.movement.vegetation	0x16b2d90	Non-Prone In Vegetation
adventure.movement.vegetation	0x16b2d70	Too Large For Vegetation
adventure.movement.profile	0x16b2c68	Vanishing Profile
adventure.movement.profile	0x16b2ca8	Minuscule Profile
adventure.movement.profile	0x16b2c98	Tiny Profile
adventure.movement.profile	0x16b2c20	Very Small Profile
adventure.movement.profile	0x16b2c10	Small Profile
adventure.movement.profile	0x16b2c58	Average Profile
adventure.movement.profile	0x16b2c38	Average Non-Prone Profile
adventure.movement.profile	0x16b2e78	Large Profile
adventure.movement.profile	0x16b2c80	Large Non-Prone Profile
adventure.movement.profile	0x16b2e88	Very Large Profile
adventure.movement.profile	0x16b2e18	Very Large Non-Prone Profile
adventure.movement.profile	0x16b2e50	Huge Profile
adventure.movement.profile	0x16b2e38	Huge Non-Prone Profile
adventure.movement.profile	0x16b2e60	Gigantic Profile
adventure.movement.profile	0x16b2da8	Gargantuan Profile
objects.artifacts	0xd9b679	There aren't any crafted artifacts here.
objects.artifacts	0xd9b723	Your workers will rarely make them on their own.
objects.artifacts	0xd9b7cf	You may also send a squad to obtain one.
objects.symbols	0xd99e77	You haven't named any position symbols yet.
objects.symbols	0xd99f2f	You can do this from the Nobles and Administrators menu.
objects.named	0xd9b547	There are no named objects here.
objects.named	0xd9b603	Citizens, especially soldiers, will rarely name items.
objects.written	0xd9ad17	There is no written content here.
objects.written	0xd9adda	Prepare writing material and assign scholars to a library.
objects.written	0xd9ae8f	Writing materials include paper and parchment sheets.
objects.written	0xd9af38	Use these to make scrolls and quires.
objects.written	0xd9aff8	Libraries are a location that can be created at a zone.
# Justice intelligence's empty branch at 0x174020f uses these two complete
# addst calls. The six-tab widget constructor begins at 0x173bea1; its dungeon
# count is assembled at 0x173c273 from one prefix and two live integers, and
# belongs to the numeric rule in data/runtime/local-overrides.tsv, not fixed empty prose.
justice.intelligence	0x1740287	There is no intelligence information yet.
justice.intelligence	0x17402d1	If a crime involves a conspiracy, an interrogation may reveal the plot.

# Windows x64 native prompt inventory, installed Dwarf Fortress.exe.
# These addresses are PE FILE OFFSETS of NUL-terminated ASCII literals,
# not code addresses or runtime hooks. Native whitespace is normalized.
# The trade-information sentence joins the adjacent native literals at
# 0x1602b18 and 0x1602b48; all other rows are single complete literals.
construction.materials	0x1638fb0	- mine rock underground
construction.materials	0x1638fd0	- mine rock or chop trees
construction.materials	0x1638ff0	- make at a workshop first
construction.materials	0x1639010	- chop down trees
world.missions	0x1601650	You can learn more about this visitor after they chat with a local.
world.missions	0x1602b18+0x1602b48	You can look at trade information once you have a broker with appraisal skill.
world.missions	0x1602c00	This land has no important leaders.
world.missions	0x1602998	Cannot raid your civilization
world.missions	0x1602c80	Cannot make request without leader
world.missions	0x1602ca8	No workers available
world.missions	0x1602cc0	Click to request workers
world.missions	0x1602ce0	Inaccessible mission location
world.missions	0x1602d00	Cannot order mission without leader
world.missions	0x1602d28	Click to explore this site (creates new mission)
world.missions	0x1602d60	Click to contact/raid this site (creates new mission)
world.missions	0x1602ec0	Need civilization military leader
world.missions	0x1602ee8	Need military leader
world.missions	0x1602e98	No requestable workers
world.missions	0x1602f78	Cannot communicate
reports.diplomacy	0x1639478	Select a report to view the full text. Right click to close.
reports.diplomacy	0x1785020	You can recenter on the locations of the announcements. You may also toggle pausing when there is a new announcement.
reports.diplomacy	0x16ae298	No recent announcements.
reports.diplomacy	0x1639710	You do not have an official capable of handling these matters.
reports.diplomacy	0x16396d0	Do you approve this request?
# Petitions, Windows 53.16: static disassembly of the complete native renderer.
# Steam VA 0x140418680..0x14041b597; classic VA 0x140416240..0x140419157.
# All 45 natural-language literals are accounted for below, including SIMD
# copies and the inline DWORD 0x796e6544 (Deny). A separately drawn period is
# shared punctuation, not a new message. Addresses below are Steam source RVAs.
# Types: agreement+0x18 = 2 residency, 3 citizenship, 4 parley, 12 location.
# Location data+0xc = 2 temple / 11 guild; data+0x1c = 1 ordinary / 2 advanced.
# Residency data[0] = 41 monster slayer, 42 performer, 43 soldier, 44 scholar,
# 75 sanctuary. A missing site selects the complete "here" alternative.
# Party entity/histfig vectors supply names via 0x140a946e0; Status uses the
# personal-name grammar, which also accepts the generated entity-title form.
# List headings append the party name before native clipping at
# 0x1404190f8..0x140419129; authored fixed-prefix aliases retain their meaning.
# Guild occupation is a single native constructor field: 0x140419d9c calls
# 0x14132e0c0 with plural=true, capitalize=false and current race as both race
# and reference race. It has RAW profession aliases and peasant+s fallback,
# but no race prefix; reuse the complete existing plural-profession grammar.
# Future handling modes are 0 reject, 1 prompt, 2 accept; citizenship and all
# five residency purposes independently use the same three complete labels.
reports.petitions	0x163a510	You do not have an official capable of handling these matters.
reports.petitions	0x163a550	There are no petitions that need your attention.
reports.petitions	0x163a5c8	A Priest for {e}
reports.petitions	0x163a5a0	A High Priest for {e}
reports.petitions	0x163a588	A Guildhall for {e}
reports.petitions	0x163a488	A Grand Guildhall for {e}
reports.petitions	0x163a4f0	Parley with {e}
reports.petitions	0x163a5b8	Citizenship of {p}
reports.petitions	0x163a500	Status of {p}
reports.petitions	0x163a4a0	Some corrupt data
reports.petitions	0x163aae8	has many worshippers in
reports.petitions	0x163ab00	has many worshippers here
reports.petitions	0x163aaa8	and now requires
reports.petitions	0x163aac0	a temple complex and high priest
reports.petitions	0x163ab60	a temple and priest
reports.petitions	0x163ab78	The location must be built and furnished,
reports.petitions	0x163ab20	with the new position appointed by you.
reports.petitions	0x163a4d0	Do you approve this request?
reports.petitions	0x163a4b8	Approve
reports.petitions	0x4197e1+0x419fef+0x41a42f+0x41a8e5+0x41b195	Deny
reports.petitions	0x163ab48	has many members in
reports.petitions	0x163a9e8	has many members here
reports.petitions	0x1628a10	a grand guildhall
reports.petitions	0x1628b50	a guildhall
reports.petitions	0x163aa00	with the hall designated for a
reports.petitions	0x132e0c0+0x16305a8	{s} guild.
reports.petitions	0x163a458	wishes to parley
reports.petitions	0x163a470	in order to avert
reports.petitions	0x163a4c0	loss of life.
reports.petitions	0x163ac78	wishes to join
reports.petitions	0x163ac40	as a citizen of
reports.petitions	0x163ac28	desires citizenship.
reports.petitions	0x163abe8	Future such petitions: prompt
reports.petitions	0x163ac08	Future such petitions: accept
reports.petitions	0x163aba8	Future such petitions: reject
reports.petitions	0x163abc8	This can also be changed in
reports.petitions	0x163ac50	Labor -> Standing orders -> Petitions.
reports.petitions	0x163acb8	wishes to reside in
reports.petitions	0x163acd0	wishes to reside here
reports.petitions	0x163ac88	for the purpose of
reports.petitions	0x163acf0	sanctuary.
reports.petitions	0x163ace8	study.
reports.petitions	0x163ad28	soldiering.
reports.petitions	0x163ad00	entertaining citizens and visitors.
reports.petitions	0x163aca0	eradicating monsters.
reports.diplomacy	0x1639a10	Make requests for next year's caravan. They'll charge more for these items.
reports.diplomacy	0x1639a60	No recommendations available
reports.diplomacy	0x1639a80	No positions available
reports.diplomacy	0x1629b38	Select a merchant group to trade with:
reports.diplomacy	0x1629b60	There are no merchants present with which to trade.
reports.diplomacy	0x1629b08	My apologies, but we're still unloading.
reports.diplomacy	0x1629b98	We'll be ready soon!
reports.diplomacy	0x16ca7f8	The merchants need a trade depot to unload their goods.
reports.diplomacy	0x16ca9d8	A trade depot is requiered for the delivery of the tribute.
# First caravan arrival, Linux x86-64 DF 53.16, same ELF BuildID as above.
# f38a93..f38af9 builds the fixed 88-byte prefix; f38b12 appends the entity name.
# f38b5a/f38bbd append the fixed prose; f38c76/f38c85 copies the RAW plural
# CRAFTSMAN profession name, or f39452..f39462 appends the craftsmen fallback.
# f38d38 appends punctuation; f38d91..f38d99 inserts [B] between paragraphs.
# f38dea/f38e65 build the two complete stocktaking sentences. No wrap fragments.
reports.caravan.first	0xf38a93+0xf38b12+0xf38b5a+0xf38bbd+0xf38c85+0xf39452+0xf38d38	Although it is a grim reminder of the winter hardships to come, the supply caravan from {e} is a welcome sight. Their eyes are alight with the anticipation of inspecting the splendid products of your industrious {s}.
reports.caravan.first	0xf38dea+0xf38e65	Take careful stock of your own stores. What these merchants offer might very well be the difference between a prosperous future and a slow and meaningless death.
world.selection	0x1747220	Click "Embark" to place your fortress. Right click to zoom out.
# Linux embark guidance: addst at 0x1f46bb9 draws the first row; the next row
# joins addst prefix/suffix around four print_interface_token calls (29/31/30/32).
# Keep the actual binding sequence as one typed slot, not a fixed wasd literal.
world.selection	0x1f46bb9	Click the map to zoom in and choose your embark location.
world.selection	0x1f46c53+0x1f46c8a+0x1f46c9c+0x1f46cae+0x1f46cc0+0x1f46d34	To recenter, press {k} or hold+drag the middle mouse button.
# Linux chooser add_paragraph calls: complete SIMD/immediate strings, with native spacing normalized.
world.selection	0x1f5436a	Embark with a group to start a settlement.
world.selection	0x1f54ade	Directly control a single individual or party.
world.selection	0x1f54920	Explore and investigate the history of the world as it stands.
world.selection	0x1f54a50	Events in other modes are incorporated here.
world.selection	0x1747390	Click on the map to embark! Right click to abort.
world.selection	0x1747738	You have selected the largest possible area.
world.selection	0x17477e0	You can play a sequence of fortresses and adventurers in the same world. Uncover locations and artifacts for the benefit of your future fortresses.
world.selection	0x1747880	Follow destiny or strike out on your own. Explore, quest, fight, and perform. Visit your own retired and ruined settlements. Serve a deity or become a creature of the night.
world.selection	0x1747970	You can play a sequence of fortresses and adventurers in the same world. Migrants from retired and abandoned fortresses may come to visit, along with any surviving adventurers.
world.selection	0x1747a30	Your citizens will build, mine, craft, trade, fight, and manage as you guide your outpost through its history. Design the shape and purpose of the fortress by issuing orders for the residents to follow.
world.files	0x1617e98	Click Publish to upload a mod to Steam Workshop.
world.files	0x16188d8	Are you sure you want to delete this active world?
world.files	0x1618910	All active/manual/autosaves there will be deleted!
world.files	0x16188b0	(no other folders will be deleted)
world.files	0x1618988	Clicking delete will instantly delete this game!
adventure.movement	0x16ad790	The webs make it impossible to stand.
adventure.movement	0x16ad7b8	You are riding and cannot lie down.
adventure.movement	0x16ad860	You can't stand up -- somebody is in the way.
adventure.movement	0x16ad890	You are too tired to stand.
adventure.movement	0x16ad8d8	You aren't wielding a ranged weapon.
adventure.movement	0x16ad988	You must move away from the river before you can travel.
adventure.movement	0x16ad9d0	You must move away from surrounding obstacles such as the site's walls and rivers before you can travel.
adventure.movement	0x16adac0	You can't travel until you emerge from underground or enter a tunnel.
adventure.movement	0x16ada40	You no longer assume a submissive posture.
adventure.movement	0x16ada70	You assume a submissive posture.
adventure.movement	0x16adfd8	You are too injured to climb.
adventure.movement	0x16adff8	You need a free grasp to climb.
adventure.movement	0x16adb10	The signs lead north.
adventure.movement	0x16adb48	The signs lead east.
adventure.movement	0x16adb60	The signs lead south.
adventure.movement	0x16adc48	The signs lead west.
adventure.movement	0x16adc28	The signs lead northeast.
adventure.movement	0x16adc80	The signs lead northwest.
adventure.movement	0x16adc60	The signs lead southeast.
adventure.movement	0x16adbe0	The signs lead southwest.
adventure.movement	0x16adb28	This is an unintelligible mess.
adventure.movement	0x16adbb8	They belong to you or a companion.
adventure.movement	0x16ade18	The vegetation is bent here.
adventure.movement	0x16ade38	The vegetation is heavily damaged here.
adventure.movement	0x16ade60	The vegetation is broken here.
adventure.movement	0x16ade80	The vegetation has been slightly perturbed here.
adventure.inventory	0x16ae150	You do not have a free grasp and your quivers and pack are full.
adventure.inventory	0x16ae1a0	You do not have a free grasp and your quiver and packs are full.
adventure.inventory	0x16ae1e8	You do not have a free grasp and your quivers are full.
adventure.inventory	0x16ae220	You do not have a free grasp and your quiver and pack are full.
adventure.inventory	0x16ae2e0	You do not have a free grasp and your quiver is full.
adventure.inventory	0x16ae338	You do not have a free grasp and your pack is full.
adventure.inventory	0x16ae318	You do not have a free grasp.
adventure.inventory	0x16b0af8	There is nothing to pick up here.
adventure.inventory	0x16b0b20	You have nothing to examine.
adventure.inventory	0x16b0cc8	You have nothing left to eat or drink.
adventure.inventory	0x16b0cf0	You have nothing to put inside a container or on a pack animal.
adventure.inventory	0x16b0d30	You have nothing left to throw.
adventure.inventory	0x16b0d50	You have nothing with which to interact.
adventure.inventory	0x16b0d80	You have nothing left to drop.
adventure.inventory	0x16b0da8	You have nothing left to remove.
adventure.inventory	0x16b0dd0	You have nothing left to wear.
adventure.inventory	0x16b3648	What do you want to place?
adventure.inventory	0x16b3668	What do you want to remove?
adventure.inventory	0x16b3688	What do you want to throw?
adventure.inventory	0x16b36a8	What do you want to eat or drink?
adventure.inventory	0x16b36e0	What do you want to wear?
adventure.inventory	0x16b3700	What do you want to drop?
adventure.inventory	0x16b3720	Where would you like to move?
adventure.inventory	0x16b3740	What do you want to do?
adventure.inventory	0x16b3758	At whom or what would you like to throw?
adventure.inventory	0x16b3788	Who or what would you like to shoot?
adventure.inventory	0x16b37c8	With what do you want to interact?
# Performance choices: Windows 53.16 PE file offsets of complete native strings.
# The letter hotkeys are drawn separately and are not part of these captions.
adventure.performance	0x16b0630	Tell a story
adventure.performance	0x16b0620	Give a sermon
adventure.performance	0x16b0730	Recite a poem
adventure.performance	0x16b0720	Perform music
adventure.performance	0x16a4654	Dance
adventure.performance	0x16b0750	Compose a poem
adventure.interaction	0x16adec8	You've found a small creature.
adventure.interaction	0x16adf38	You've found some small creatures.
adventure.interaction	0x16adf10	Your intense search turns up nothing.
adventure.interaction	0x16adf60	You've already searched this area recently.
adventure.interaction	0x16afe40	The vegetation is submerged.
adventure.interaction	0x16afe60	The steam around the vegetation stops you from setting the fire.
adventure.interaction	0x16afeb8	The vegetation is too wet.
adventure.interaction	0x16aff70	You need to be holding an axe with a sharp edge.
adventure.interaction	0x16affa8	You need to be holding an axe.
adventure.interaction	0x16affc8	You make a campfire.
adventure.interaction	0x16affe0	You cannot fell the trees here.
adventure.interaction	0x16b0018	You cannot fell trees in the arena.
adventure.interaction	0x16b0180	You cannot read.
adventure.interaction	0x16b0350	The door is operated by a remote mechanism. You cannot proceed.
adventure.interaction	0x16b04b0	The hatch is operated by a remote mechanism. You cannot proceed.
adventure.interaction	0x16b0398	You bash the door down!
adventure.interaction	0x16b03b8	You topple the statue!
adventure.interaction	0x16b0460	You break the hatch in!
adventure.interaction	0x16b0478	You pull the lever.
adventure.interaction	0x16b0490	You pick the lock!
adventure.interaction	0x16b0508	You lower the bucket.
adventure.interaction	0x16b0520	You raise the bucket.
adventure.interaction	0x16b0a28	You need a free grasp to hold the terrain.
adventure.interaction	0x16b0a60	There is no furniture, building, or vehicle to interact with here.
adventure.interaction	0x16b0ac8	You are too injured to hold the terrain.
adventure.interaction	0x16b0b40	There is nothing to hold here.
adventure.interaction	0x16b0b60	You cannot climb or mount while prone.
adventure.interaction	0x16b0950	You are surrounded by incessant cackling.
adventure.interaction	0x16b0980	The cackling fades away.
adventure.interaction	0x16b0f00	You are still surrounded by cackling.
# Windows PE offsets: greeting menu text and complete rendered keyword rows.
# The keyword rows join the native label and separately stored search tokens.
adventure.conversation.greeting	0x16b0bc8+0x16b0b98	Toward you: Neutral attitude
adventure.conversation.greeting	0x16b1e70	What will you say?
adventure.conversation.greeting	0x1672508	Greet listener
adventure.conversation.greeting	0x1673c98	Bypass greeting (new menu)
adventure.conversation.greeting	0x16724c0	Nevermind
adventure.conversation.greeting	0x16b26a0+0x16724dc+0x16724e4	Keywords: greet hello
adventure.conversation.greeting	0x16b26a0+0x1673cb4+0x1673c6c	Keywords: bypass skip
adventure.conversation.greeting	0x16b26a0+0x16724d0	Keywords: nevermind
adventure.conversation	0x16b0bd8	Click a creature to start a new conversation
# Windows PE file offsets for the conversation chooser's complete caption
# family. The named target shares the existing conversation template;
# a/b/c are native hotkeys and are not part of the caption strings.
adventure.conversation.start	0x167a678	Shout out to everybody
adventure.conversation.start	0x167a690	Assume an identity
adventure.conversation.start	0x167a6a8	Start new conversation with {n}
adventure.conversation	0x16b2280	What would you like to do?
adventure.conversation	0x16b22a0	Select memorized content or a form of prose.
adventure.conversation	0x16b22d0	Assume an appropriate identity first if you'd like to pretend.
adventure.conversation	0x16b2310	You don't believe anything relevant, unfortunately.
adventure.conversation	0x16b2348	Choose a poetic form for the composition.
adventure.conversation	0x16b2388	Choose a dance form for the choreography.
adventure.conversation	0x16b23b8	Choose a musical form for the composition.
adventure.conversation	0x16b2400	You must compose a piece first (or learn an improvisational form).
adventure.conversation	0x16b2448	You don't know anything specific about this, unfortunately.
adventure.conversation	0x16b2488	Would like to sleep or wait a while?
adventure.sleep-wait.control	0x16b23ec	Sleep
adventure.sleep-wait.control	0x16b23e4	Wait
adventure.sleep-wait.control	0x872fdc	Duration
adventure.sleep-wait.control	0x873061	in hours
adventure.sleep-wait.control	0x16b21a0	Until dawn
adventure.sleep-wait.control	0x16b21b0	Cannot see dawn.
adventure.sleep-wait.control	0x16b2168	Go ahead
adventure.sleep-wait.summary	0x16b2130	You will wait, staying awake until dawn.
adventure.sleep-wait.summary	0x16b21f0	You will sleep as necessary until dawn.
adventure.sleep-wait.summary	0x16b2178+0x16b215c+0x15e77b4	You will wait, staying awake for {u} hour.
adventure.sleep-wait.summary	0x16b2178+0x16b215c+0x15e8498+0x15e77b4	You will wait, staying awake for {u} hours.
adventure.sleep-wait.summary	0x16b21c8+0x16b215c+0x15e77b4	You will sleep as necessary for {u} hour.
adventure.sleep-wait.summary	0x16b21c8+0x16b215c+0x15e8498+0x15e77b4	You will sleep as necessary for {u} hours.
adventure.conversation	0x16b24b8	How will you respond to the request for directions?
adventure.conversation	0x16b24f0	How will you respond to the request for information?
adventure.conversation	0x16b2528	What will you say about the missing treasure?
adventure.conversation	0x16b2558	How will you respond to the request for a guide?
adventure.conversation	0x16b2590	How will you respond to the demand for tribute?
adventure.conversation	0x16b25c0	How will you respond to the offer of peace?
adventure.conversation	0x16b25f0	How will you respond to the demand to yield?
adventure.conversation	0x16b2620	How will you respond to the request to cease hostilities?
adventure.conversation	0x16b26d0	What will you say about your master?
adventure.conversation	0x16b26f8	How will you respond to the accusation?
adventure.conversation	0x16b2720	How will you respond about your profession?
adventure.conversation	0x16b2750	What will you say about your plots and scheming?
adventure.conversation	0x16b2788	What will you say about the site?
adventure.conversation	0x16b27b0	What will you say about the surrounding area?
adventure.conversation	0x16b27e0	How will you respond to the invocation?
adventure.conversation	0x16b2808	What will you say about the structure?
adventure.conversation	0x16b2830	What will you say about your family?
adventure.conversation	0x16b2858	What will you say about how you are feeling?
adventure.conversation	0x16b2888	How will you respond to the tribute cancellation?
adventure.conversation	0x16b28c0	How will you respond to the offer of tribute?
adventure.conversation	0x16b28f0	How will you respond to this flattery?
adventure.conversation	0x16b2918	How will you respond to this passive reply?
adventure.conversation	0x16b2948	How will you respond to this statement of values?
adventure.conversation	0x16b2980	How will you respond to this dismissal?
adventure.combat	0x16b2af0	Who will you attack?
adventure.combat	0x16b2b08	Who will you wrestle?
adventure.combat	0x16b2b58	Select your combat preferences.
adventure.combat	0x16b2be0	What do you want to aim for?
adventure.combat	0x16b2cf8	Quick movement and other actions decrease stealth.
adventure.combat	0x16b2f40	Multi-attack: choose another simultaneous action afterward
adventure.combat	0x16b2f80	Charge attack: move toward your opponent
adventure.combat	0x16b2ee0	No charge attack: target too far away
adventure.combat	0x16b2f08	No charge attack: target's location inaccessible
adventure.combat	0x16b3018	No charge attack: you are on a vehicle
adventure.combat	0x16b3040	No charge attack: you are in uncontrolled flight
adventure.combat	0x16b3078	No charge attack: you are climbing
adventure.combat	0x16b30a0	No charge attack: you are on a projectile
adventure.combat	0x16b30d0	No charge attack: you are on the ground
adventure.combat	0x16b30f8	No charge attack: no target
adventure.combat	0x16b3118	No charge attack: you are chained
adventure.combat	0x16b3140	No charge attack: you are mounted
adventure.combat	0x16b3168	No charge attack: target is on a projectile
adventure.combat	0x16b3198	No charge attack: target is on a vehicle
adventure.combat	0x16b31c8	No charge attack: target shares your location
adventure.combat	0x16b31f8	No charge attack: target is climbing
adventure.combat	0x16b3220	No charge attack: target is mounted
adventure.combat	0x16b3248	No charge attack: target is on the ground
adventure.combat	0x16b3278	No charge attack: target is in uncontrolled flight
adventure.combat	0x16b32b0	No charge attack: target is chained
adventure.combat	0x16b3320	Wild attack: fast strike, slow recovery, hard but unbalancing/inaccurate
adventure.combat	0x16b3370	Forced wild attack: enraged
adventure.combat	0x16b3390	Precise attack: very slow to strike, improved accuracy
adventure.combat	0x16b33c8	No precise attack: enraged
adventure.combat	0x16b33e8	Quick attack: faster to strike and recover, but not powerful
adventure.combat	0x16b3428	No quick attack: enraged
adventure.combat	0x16b3448	Heavy attack: slower to strike and recover, but hits harder
adventure.combat	0x16b3488	No heavy attack: enraged
adventure.log	0x15ec280	You have known this person your entire life.
adventure.log	0x15ec2f0	You have known each other your entire lives.
adventure.log	0x15ec360	You are beloved.
adventure.log	0x15ec378	You are held in high regard.
adventure.log	0x15ec3a0	You have heard this name suggested as a potential guide to faraway places.
adventure.log	0x15ec3f0	You worship this figure.
adventure.log	0x15ec410	You have attracted some positive interest.
adventure.log	0x15ec440	This is your lover.
adventure.log	0x15ec458	You are held in some esteem.
adventure.log	0x15ec478	You have been favorably noticed.
adventure.log	0x15ec4a0	This is your master.
adventure.log	0x15ec4b8	This is your apprentice.
adventure.log	0x15ec4d8	This is your prisoner.
adventure.log	0x15ec4f0	This is your jailor.
adventure.log	0x15ec508	This is your former apprentice.
adventure.log	0x15ec528	This is your owner.
adventure.log	0x15ec540	This is your traveling companion.
adventure.log	0x15ec568	This is your former master.
adventure.log	0x15ec5d0	This is your former spouse.
adventure.log	0x15ec5f0	This is your deceased spouse.
adventure.log	0x15ec598	You have recently encountered one of these creatures.
adventure.log	0x15ec640	You have encountered these creatures in the past but not recently.
adventure.log	0x15ec688	You have only heard tell of these creatures.
adventure.log	0x15ec6b8	This creature dwells underground.
adventure.log	0x15ecd70	You have been ordered to drive these forces out.
adventure.log	0x15ecda8	You have been ordered to clear the forces from this site.
adventure.log	0x15ece08	You have been ordered to slay this creature.
adventure.log	0x15ece50	You have been ordered to cause trouble for these forces.
adventure.log	0x15ecec8	This is common knowledge where you are from.

# Adventure blocking explanations: reconstructed at VA 0x14085a8b0..0x14085bbce.
# Each + joins actual PE FILE OFFSETS of prefix, finite action and suffix.
# The action switch at VA 0x14085a941 has seven cases; its water switch at
# VA 0x14085b97a excludes build-a-fire, and mountains apply only to travel.
# Reason selection preserves all branches, including the goods-purchase
# remedy and the alternate remedy of moving farther away from the site.
adventure.blocked.travel.bleeding	0x16b0f28+0x1674004+0x16b0df0	You can't travel until you've stopped the bleeding.
adventure.blocked.travel.breathing	0x16b0f28+0x1674004+0x16b0ec0	You can't travel because you can't breathe.
adventure.blocked.travel.thirst	0x16b0f28+0x1674004+0x16b0e98	You can't travel because you are dying of thirst.
adventure.blocked.travel.starvation	0x16b0f28+0x1674004+0x16b1038	You can't travel because you are starving to death.
adventure.blocked.travel.goods	0x16b0f28+0x1674004+0x16b0e20	You can't travel because you are carrying someone else's goods. Purchase them or put some distance between yourself and the site.
adventure.blocked.travel.drowning	0x16b0f28+0x1674004+0x16b1018	You can't travel because you are drowning.
adventure.blocked.travel.swimming	0x16b0f28+0x1674004+0x16b1088	You can't travel because you are swimming.
adventure.blocked.travel.surface	0x16b0f28+0x1674004+0x16b1060	You can't travel until you are on a stable surface.
adventure.blocked.travel.vehicle	0x16b0f28+0x1674004+0x16b0ff0	You can't travel until you stop riding this vehicle.
adventure.blocked.travel.projectile	0x16b0f28+0x1674004+0x16b0fc8	You can't travel until you stop riding this projectile.
adventure.blocked.travel.watched	0x16b0ee0+0x1674004+0x15e77b4	You feel too watched to travel.
adventure.blocked.travel.unsafe	0x16b0f38+0x1674004+0x15e77b4	You don't feel safe enough to travel.
adventure.blocked.travel.site	0x16b0c98+0x1674004+0x16b0c78	You cannot travel until you leave this site.
adventure.blocked.travel.water	0x16b0f90+0x1674004+0x15e77b4	You must move away from the water before you can travel.
adventure.blocked.travel.mountain	0x16b0f58+0x1674004+0x15e77b4	You must come down from the mountains before you can travel.
adventure.blocked.build.bleeding	0x16b0f28+0x164ede0+0x16b0df0	You can't build until you've stopped the bleeding.
adventure.blocked.build.breathing	0x16b0f28+0x164ede0+0x16b0ec0	You can't build because you can't breathe.
adventure.blocked.build.thirst	0x16b0f28+0x164ede0+0x16b0e98	You can't build because you are dying of thirst.
adventure.blocked.build.starvation	0x16b0f28+0x164ede0+0x16b1038	You can't build because you are starving to death.
adventure.blocked.build.goods	0x16b0f28+0x164ede0+0x16b0e20	You can't build because you are carrying someone else's goods. Purchase them or put some distance between yourself and the site.
adventure.blocked.build.drowning	0x16b0f28+0x164ede0+0x16b1018	You can't build because you are drowning.
adventure.blocked.build.swimming	0x16b0f28+0x164ede0+0x16b1088	You can't build because you are swimming.
adventure.blocked.build.surface	0x16b0f28+0x164ede0+0x16b1060	You can't build until you are on a stable surface.
adventure.blocked.build.vehicle	0x16b0f28+0x164ede0+0x16b0ff0	You can't build until you stop riding this vehicle.
adventure.blocked.build.projectile	0x16b0f28+0x164ede0+0x16b0fc8	You can't build until you stop riding this projectile.
adventure.blocked.build.watched	0x16b0ee0+0x164ede0+0x15e77b4	You feel too watched to build.
adventure.blocked.build.unsafe	0x16b0f38+0x164ede0+0x15e77b4	You don't feel safe enough to build.
adventure.blocked.build.site	0x16b0c98+0x164ede0+0x16b0c78	You cannot build until you leave this site.
adventure.blocked.build.water	0x16b0f90+0x164ede0+0x15e77b4	You must move away from the water before you can build.
adventure.blocked.build_a_fire.bleeding	0x16b0f28+0x16b11b8+0x16b0df0	You can't build a fire until you've stopped the bleeding.
adventure.blocked.build_a_fire.breathing	0x16b0f28+0x16b11b8+0x16b0ec0	You can't build a fire because you can't breathe.
adventure.blocked.build_a_fire.thirst	0x16b0f28+0x16b11b8+0x16b0e98	You can't build a fire because you are dying of thirst.
adventure.blocked.build_a_fire.starvation	0x16b0f28+0x16b11b8+0x16b1038	You can't build a fire because you are starving to death.
adventure.blocked.build_a_fire.goods	0x16b0f28+0x16b11b8+0x16b0e20	You can't build a fire because you are carrying someone else's goods. Purchase them or put some distance between yourself and the site.
adventure.blocked.build_a_fire.drowning	0x16b0f28+0x16b11b8+0x16b1018	You can't build a fire because you are drowning.
adventure.blocked.build_a_fire.swimming	0x16b0f28+0x16b11b8+0x16b1088	You can't build a fire because you are swimming.
adventure.blocked.build_a_fire.surface	0x16b0f28+0x16b11b8+0x16b1060	You can't build a fire until you are on a stable surface.
adventure.blocked.build_a_fire.vehicle	0x16b0f28+0x16b11b8+0x16b0ff0	You can't build a fire until you stop riding this vehicle.
adventure.blocked.build_a_fire.projectile	0x16b0f28+0x16b11b8+0x16b0fc8	You can't build a fire until you stop riding this projectile.
adventure.blocked.build_a_fire.watched	0x16b0ee0+0x16b11b8+0x15e77b4	You feel too watched to build a fire.
adventure.blocked.build_a_fire.unsafe	0x16b0f38+0x16b11b8+0x15e77b4	You don't feel safe enough to build a fire.
adventure.blocked.build_a_fire.site	0x16b0c98+0x16b11b8+0x16b0c78	You cannot build a fire until you leave this site.
adventure.blocked.fell_trees.bleeding	0x16b0f28+0x16b11a8+0x16b0df0	You can't fell trees until you've stopped the bleeding.
adventure.blocked.fell_trees.breathing	0x16b0f28+0x16b11a8+0x16b0ec0	You can't fell trees because you can't breathe.
adventure.blocked.fell_trees.thirst	0x16b0f28+0x16b11a8+0x16b0e98	You can't fell trees because you are dying of thirst.
adventure.blocked.fell_trees.starvation	0x16b0f28+0x16b11a8+0x16b1038	You can't fell trees because you are starving to death.
adventure.blocked.fell_trees.goods	0x16b0f28+0x16b11a8+0x16b0e20	You can't fell trees because you are carrying someone else's goods. Purchase them or put some distance between yourself and the site.
adventure.blocked.fell_trees.drowning	0x16b0f28+0x16b11a8+0x16b1018	You can't fell trees because you are drowning.
adventure.blocked.fell_trees.swimming	0x16b0f28+0x16b11a8+0x16b1088	You can't fell trees because you are swimming.
adventure.blocked.fell_trees.surface	0x16b0f28+0x16b11a8+0x16b1060	You can't fell trees until you are on a stable surface.
adventure.blocked.fell_trees.vehicle	0x16b0f28+0x16b11a8+0x16b0ff0	You can't fell trees until you stop riding this vehicle.
adventure.blocked.fell_trees.projectile	0x16b0f28+0x16b11a8+0x16b0fc8	You can't fell trees until you stop riding this projectile.
adventure.blocked.fell_trees.watched	0x16b0ee0+0x16b11a8+0x15e77b4	You feel too watched to fell trees.
adventure.blocked.fell_trees.unsafe	0x16b0f38+0x16b11a8+0x15e77b4	You don't feel safe enough to fell trees.
adventure.blocked.fell_trees.site	0x16b0c98+0x16b11a8+0x16b0c78	You cannot fell trees until you leave this site.
adventure.blocked.fell_trees.water	0x16b0f90+0x16b11a8+0x15e77b4	You must move away from the water before you can fell trees.
adventure.blocked.rest.bleeding	0x16b0f28+0x1650544+0x16b0df0	You can't rest until you've stopped the bleeding.
adventure.blocked.rest.breathing	0x16b0f28+0x1650544+0x16b0ec0	You can't rest because you can't breathe.
adventure.blocked.rest.thirst	0x16b0f28+0x1650544+0x16b0e98	You can't rest because you are dying of thirst.
adventure.blocked.rest.starvation	0x16b0f28+0x1650544+0x16b1038	You can't rest because you are starving to death.
adventure.blocked.rest.goods	0x16b0f28+0x1650544+0x16b0e20	You can't rest because you are carrying someone else's goods. Purchase them or put some distance between yourself and the site.
adventure.blocked.rest.drowning	0x16b0f28+0x1650544+0x16b1018	You can't rest because you are drowning.
adventure.blocked.rest.swimming	0x16b0f28+0x1650544+0x16b1088	You can't rest because you are swimming.
adventure.blocked.rest.surface	0x16b0f28+0x1650544+0x16b1060	You can't rest until you are on a stable surface.
adventure.blocked.rest.vehicle	0x16b0f28+0x1650544+0x16b0ff0	You can't rest until you stop riding this vehicle.
adventure.blocked.rest.projectile	0x16b0f28+0x1650544+0x16b0fc8	You can't rest until you stop riding this projectile.
adventure.blocked.rest.watched	0x16b0ee0+0x1650544+0x15e77b4	You feel too watched to rest.
adventure.blocked.rest.unsafe	0x16b0f38+0x1650544+0x15e77b4	You don't feel safe enough to rest.
adventure.blocked.rest.site	0x16b0c98+0x1650544+0x16b0c78	You cannot rest until you leave this site.
adventure.blocked.rest.water	0x16b0f90+0x1650544+0x15e77b4	You must move away from the water before you can rest.
adventure.blocked.compose.bleeding	0x16b0f28+0x16b11d0+0x16b0df0	You can't compose until you've stopped the bleeding.
adventure.blocked.compose.breathing	0x16b0f28+0x16b11d0+0x16b0ec0	You can't compose because you can't breathe.
adventure.blocked.compose.thirst	0x16b0f28+0x16b11d0+0x16b0e98	You can't compose because you are dying of thirst.
adventure.blocked.compose.starvation	0x16b0f28+0x16b11d0+0x16b1038	You can't compose because you are starving to death.
adventure.blocked.compose.goods	0x16b0f28+0x16b11d0+0x16b0e20	You can't compose because you are carrying someone else's goods. Purchase them or put some distance between yourself and the site.
adventure.blocked.compose.drowning	0x16b0f28+0x16b11d0+0x16b1018	You can't compose because you are drowning.
adventure.blocked.compose.swimming	0x16b0f28+0x16b11d0+0x16b1088	You can't compose because you are swimming.
adventure.blocked.compose.surface	0x16b0f28+0x16b11d0+0x16b1060	You can't compose until you are on a stable surface.
adventure.blocked.compose.vehicle	0x16b0f28+0x16b11d0+0x16b0ff0	You can't compose until you stop riding this vehicle.
adventure.blocked.compose.projectile	0x16b0f28+0x16b11d0+0x16b0fc8	You can't compose until you stop riding this projectile.
adventure.blocked.compose.watched	0x16b0ee0+0x16b11d0+0x15e77b4	You feel too watched to compose.
adventure.blocked.compose.unsafe	0x16b0f38+0x16b11d0+0x15e77b4	You don't feel safe enough to compose.
adventure.blocked.compose.site	0x16b0c98+0x16b11d0+0x16b0c78	You cannot compose until you leave this site.
adventure.blocked.compose.water	0x16b0f90+0x16b11d0+0x15e77b4	You must move away from the water before you can compose.
adventure.blocked.write.bleeding	0x16b0f28+0x16b11c8+0x16b0df0	You can't write until you've stopped the bleeding.
adventure.blocked.write.breathing	0x16b0f28+0x16b11c8+0x16b0ec0	You can't write because you can't breathe.
adventure.blocked.write.thirst	0x16b0f28+0x16b11c8+0x16b0e98	You can't write because you are dying of thirst.
adventure.blocked.write.starvation	0x16b0f28+0x16b11c8+0x16b1038	You can't write because you are starving to death.
adventure.blocked.write.goods	0x16b0f28+0x16b11c8+0x16b0e20	You can't write because you are carrying someone else's goods. Purchase them or put some distance between yourself and the site.
adventure.blocked.write.drowning	0x16b0f28+0x16b11c8+0x16b1018	You can't write because you are drowning.
adventure.blocked.write.swimming	0x16b0f28+0x16b11c8+0x16b1088	You can't write because you are swimming.
adventure.blocked.write.surface	0x16b0f28+0x16b11c8+0x16b1060	You can't write until you are on a stable surface.
adventure.blocked.write.vehicle	0x16b0f28+0x16b11c8+0x16b0ff0	You can't write until you stop riding this vehicle.
adventure.blocked.write.projectile	0x16b0f28+0x16b11c8+0x16b0fc8	You can't write until you stop riding this projectile.
adventure.blocked.write.watched	0x16b0ee0+0x16b11c8+0x15e77b4	You feel too watched to write.
adventure.blocked.write.unsafe	0x16b0f38+0x16b11c8+0x15e77b4	You don't feel safe enough to write.
adventure.blocked.write.site	0x16b0c98+0x16b11c8+0x16b0c78	You cannot write until you leave this site.
adventure.blocked.write.water	0x16b0f90+0x16b11c8+0x15e77b4	You must move away from the water before you can write.

# Additional Windows native UI families: PE file offsets, with + joining
# fixed native continuation strings in reading order. No key binding defaults.
native-ui.performance	0x15e7e00	There are not enough dancers.
native-ui.performance	0x15e7e20	There is not enough room to perform here.
native-ui.performance	0x15e7e50	You cannot perform here.
native-ui.performance	0x15e7e70	You could not find a partner.
native-ui.construction	0x1600378	Need accessible mechanisms.
native-ui.construction	0x1600a90+0x1600a70+0x1600a50	You must designate a dungeon before this restraint will be used for imprisonment.
native-ui.construction	0x1600e90+0x1600e78+0x1600e60	You must designate a tomb before this coffin will be used for burial.
native-ui.construction	0x1600ec8	Retake hatch to forbid it.
native-ui.missions	0x1603048	Click for assignments and details
native-ui.missions	0x1603070	This mission cannot be altered now.
native-ui.missions	0x16030c8+0x1603100+0x1603138	WARNING: If successful, your soldiers will join the occupation and not return. Your new holdings will be manageable from this screen.
native-ui.missions	0x1603180	No messengers available
native-ui.missions	0x1603198	No squads available
native-ui.missions	0x16031c0	Choose a proposal.
native-ui.missions	0x16031d8	Assign messengers.
native-ui.missions	0x16031f0	Assign squads.
native-ui.missions	0x1603200	Click to view all news and rumors
native-ui.missions	0x1603228	No reports available
native-ui.missions	0x16035a8	Click to rescue (creates new mission)
native-ui.missions	0x1603638	Click to recover (creates new mission)
native-ui.settings	0x1615490	No fullscreen resolutions detected.
native-ui.activities	0x161aa38	There is no specific information for this activity.
native-ui.butchery	0x161af48	No carcass available.
native-ui.butchery	0x161af60	No butchery tool available.
native-ui.butchery	0x161af80	What do you want to butcher?
native-ui.butchery	0x161afa0	Select a butchery tool.
native-ui.butchery	0x161aff0	You are not that hungry.
native-ui.butchery	0x161b010	No available item.
# Windows PE complete crafting heading. The Butcher action at 0x161b028
# is a lookup-only Adventure action alias, not a global UI/profession word.
native-ui.crafting	0x161b100	What do you want to do? Items must be in a grasp or on the ground here.
# The following offsets are bytes in the installed
# data/vanilla/vanilla_reactions/objects/reaction_other.txt, not PE addresses.
# Action NAME values are capitalized by the native menu. Requirement rows
# are the complete observed menu text for those same RAW reagent definitions;
# their Needs/consumed/not consumed literals are at PE 0x161b030/0x161afe0/0x161afd0.
raw-ui.crafting.action	0x99f	Make sharp rock
raw-ui.crafting.action	0x3c57	Carve bone
raw-ui.crafting.action	0x4790	Carve wooden helve from branch
raw-ui.crafting.action	0x48f8	Assemble stone axe
raw-ui.crafting.description	0x3c74	Make crafts from bone using a sharp weapon or tool.
raw-ui.crafting.requirements	0x99f	Needs: Blunt small rock [consumed], Blunt small rock [not consumed]
# All eight bone-carving recipes share this observed requirement row.
# Offsets below identify their NAME tags in reaction_other.txt.
raw-ui.crafting.requirements	0x3aea+0x3cdf+0x3e61+0x3fec+0x4176+0x42ff+0x448b+0x460c	Needs: Unrotten bone body part [consumed], Edged item [not consumed]
raw-ui.crafting.requirements	0x4790	Needs: Plant branch [consumed], Edged item [not consumed]
raw-ui.crafting.requirements	0x48f8	Needs: Helve [consumed], Edged small rock [consumed]
# Selection prompts use the reaction NAME and REAGENT role/restrictions.
# The tool-stone sentence was captured in data/runtime/untranslated.tsv; hammerstone is
# reconstructed with the same prompt format and its PRESERVE_REAGENT flag.
# Offsets 0x9d3/0xa11 are REAGENT bytes in reaction_other.txt; the final
# offsets are the native consumed/not consumed literals documented above.
raw-ui.crafting.selection	0x99f+0x9d3+0x161afe0	Make sharp rock: select tool stone (Blunt small rock, consumed).
raw-ui.crafting.selection	0x99f+0xa11+0x161afd0	Make sharp rock: select hammerstone (Blunt small rock, not consumed).
native-ui.identity	0x161b088	Where is your identity from?
native-ui.military	0x162af78	Click the map to add points.
native-ui.military	0x162af98	Select or create a route.
native-ui.military	0x162afc0	Select which burrows to defend.
native-ui.military	0x162aff8	Select how squads will use this space.
native-ui.military	0x162b430	Select the squads to train here.
native-ui.placement	0x162e450	Must span multiple elevations
native-ui.placement	0x162e668+0x162e688+0x162e748	Water wheels are 1x3 or 3x1. The long side should align with the water's flow.
native-ui.placement	0x162e6d0	Set the orientation below.
native-ui.placement	0x162e9b8+0x162e900	Click in the play area to paint the stockpile.
native-ui.placement	0x162e9b8+0x162ef40	Click in the play area to paint the zone.
native-ui.placement	0x162eab8	Auto-dumping is not required.
native-ui.placement	0x162ead8	Set the draw direction below.
native-ui.placement	0x162ebf8+0x162ec18	Select another rectangle to continue.
# The room feedback capitalizes the type and appends the native success suffix.
native-ui.placement	0x162ebe0+0x162ec28	Bedroom created.
native-ui.workshops	0x163c0c0	You have no appropriate ingredients.
native-ui.symbols	0x163d470	Choose a symbol for the burrow.
native-ui.symbols	0x163d508	Choose a symbol for the squad.
native-ui.symbols	0x163d528	Choose a symbol for the detail.
native-ui.military	0x163d568	Create which squad?
native-ui.military	0x163d580	Really delete this routine?
native-ui.military	0x163d678+0x163d660+0x163d6e8+0x163d6d0	Select a squad or squad member to give orders, change equipment, and assign schedules.
native-ui.military	0x163d6b0+0x163d6a4	Choose a uniform for the squad.
native-ui.justice	0x163e3c8	No interrogation reports.
native-ui.arena	0x165f720	There are no creatures available.
native-ui.inventory	0x16ad738	You have nothing left to draw or put away.
native-ui.missions	0x16ae650	You should report the task as complete.
native-ui.combat	0x16b38e8	Where will you jump?
native-ui.combat	0x16b3978	Delay warning: Ammo will be loaded/nocked before firing.
native-ui.combat	0x16b3ac0	Where will you aim?
native-ui.combat	0x16b3b60	Would you like to take an action?
native-ui.combat	0x16b3c00	You cannot jump while prone.
native-ui.combat	0x16b3c20	You cannot jump while swimming.
native-ui.combat	0x16b3c40	You are too injured to jump.
native-ui.combat	0x16b3c60	You cannot jump while in the air.
native-ui.combat	0x16b3c88	You have nothing to fire with.
native-ui.combat	0x16b3cc8	You have nothing left to fire.
native-ui.combat	0x16b3d30	There is nowhere to jump.
native-ui.combat	0x16b3d50	You cannot jump while wrestling.
native-ui.combat	0x16b3d78	You cannot speak.
native-ui.combat	0x16b3dc0	You just can't fit any more.
native-ui.waiting	0x16d0d10	You haven't been able to act for a while.

# Mixed provenance for key UI prompts: PE literal file offsets plus full VAs
# of key-display calls to 0x140c394b0 (which resolves the current binding via
# 0x1408ecb30). The trailing target period is an immediate store at the VA
# 0x14088130a; the same target prompt also appears at VA 0x1408a97aa.
# SELECT binding id=1; prepare-ammunition binding id=0x164. No binding value
# is assumed. Waiting instructions are two native draws at 0x140b0374b and
# 0x140b037a5; only their text-literal offsets are recorded in that row.
native-ui.keys.view	0x16b38a0+0x14088174f+0x16b3900	Move the cursor to view and press {k} to interact.
native-ui.keys.target	0x16b3910+0x1408812f1+0x14088130a	Click a target or move the cursor and press {k}.
native-ui.keys.prepare	0x16b3950+0x1408814d3+0x16b38c8	You can prepare in advance with {k} or from the inventory menu.
native-ui.waiting	0x16d0d40+0x16d0cc0	You can continue waiting, or save/quit from the settings menu.

# Confirmation/restriction audit: PE literal file offsets followed by full VAs
# of native draws or unit-name construction. All draws call 0x140ad9960.
# Military appointment text spans three native lines; combat target names and
# punctuation are separate draws. The yielded confirmation begins with a unit.
# Expulsion reasons are all branches of the switch at 0x14015d7c8-0x14015dc42.
native-ui.military.confirmation	0x163d3f8+0x1404414e4	Really disband?
native-ui.military.appointment	0x163d2b0+0x163d2a0+0x163d328+0x140444915+0x14044495a+0x14044499f	Cannot appoint until commander is selected
# Linux x86-64 DF 53.16 (BuildID recorded above), squad-creation restriction:
# three graphicst::addst calls at the same x, consecutive y. The middle draw
# at 0x16dc6c0 uses the live position title returned by 0x858b80. The fallback
# at 0x16dc800/0x16dc868 shares the final draw at 0x16dc707. Addresses below
# are code VAs, not screenshot coordinates or resolution-sized wrap fragments.
native-ui.military.creation	0x16dc659+0x16dc6c0+0x16dc707	You must appoint a {s} to create a squad.
native-ui.military.creation	0x16dc800+0x16dc868+0x16dc707	You must appoint somebody first to create a squad.
native-ui.trade.currency	0x161aee8+0x1402713c2	Cannot trade currency
native-ui.combat.confirmation	0x16b2ba0+0x1408789ed+0x1613f50+0x1408789c1+0x1408789ff+0x140878a22	Really start a conflict with {n}?
native-ui.combat.confirmation	0x16b2c00+0x140878a81+0x1613f50+0x140878a55+0x140878a93+0x140878ab6	Really attack {n}?
native-ui.combat.confirmation	0x140878939+0x16b2bc0+0x14087894b+0x14087896e	{n} has yielded. Attack anyway?
native-ui.expulsion	0x15fd858+0x14015d7b4	Cannot expel or send away:
native-ui.expulsion	0x15fd840+0x14015d849	Does the expelling
native-ui.expulsion	0x15fd830+0x14015d8ad	Nobility
native-ui.expulsion	0x15fd818+0x14015d911	Holds elected office
native-ui.expulsion	0x15fd7f8+0x14015d975	Spouse does the expelling
native-ui.expulsion	0x15fd7e0+0x14015d9d9	Spouse is not present
native-ui.expulsion	0x15fd7c8+0x14015da3d	Spouse is nobility
native-ui.expulsion	0x15fd7b0+0x14015daa1	Spouse is elected
native-ui.expulsion	0x15fd790+0x14015db05	Child does the expelling
native-ui.expulsion	0x15fd778+0x14015db69	Child is not present
native-ui.expulsion	0x15fd760+0x14015dbcd	Child is nobility
native-ui.expulsion	0x15fd748+0x14015dc2e	Child is elected

# Tracking headers: wrapped native text submissions at VA 0x140af5205 and
# 0x140af538e. The nine location branches share the colon append at 0x140af5375.
native-ui.tracking-header	0x16d04e8	Freshest track
native-ui.tracking-direction	0x16d04f8+0x1617634	To the west:
native-ui.tracking-direction	0x16d0508+0x1617634	To the east:
native-ui.tracking-direction	0x16d0518+0x1617634	To the north:
native-ui.tracking-direction	0x16d0ef0+0x1617634	To the south:
native-ui.tracking-direction	0x16d0f00+0x1617634	To the northwest:
native-ui.tracking-direction	0x16d0f18+0x1617634	To the northeast:
native-ui.tracking-direction	0x16d0f30+0x1617634	To the southwest:
native-ui.tracking-direction	0x16d0e80+0x1617634	To the southeast:
native-ui.tracking-direction	0x16d0e98+0x1617634	At your location:

# Full Windows PE prompt audit. Full VAs below are native draw/submission
# calls, not string-pool offsets. Selection and split room/link prompts use
# graphicst::addst (0x140ad9960); each constituent draw is retained in order.
# The last stockpile draw submits an immediate '.' (stores 0x1403b00c3 and
# 0x1403b04a6). Room branches pair the same native room-type enum, not a
# cross-product of furniture and room labels. The dormitory note is separate.
native-ui.selection.dye	0x1402164cc	Choose dye color
native-ui.selection.identity	0x14027a896	Select an identity.
native-ui.selection.bodywear	0x14045035f	Select bodywear.
native-ui.selection.headwear	0x140450395	Select headwear.
native-ui.selection.legwear	0x1404503cb	Select legwear.
native-ui.selection.handwear	0x140450401	Select handwear.
native-ui.selection.footwear	0x140450437	Select footwear.
native-ui.selection.shield	0x14045046a	Select shield.
native-ui.selection.weapon	0x14045049d	Select weapon.
native-ui.selection.material	0x140450b3c	Select material.
native-ui.selection.color	0x140450fc7	Select color.
native-ui.selection.item	0x140451397	Select item.
native-ui.selection.tone	0x14086b761	Choose your tone/tact
native-ui.stockpile.take	0x1403aff94+0x1403afff8+0x1403b00d7	Select a stockpile to take from.
native-ui.stockpile.give	0x1403aff94+0x1403b004d+0x1403b00d7	Select a stockpile to give to.
native-ui.stockpile.exchange	0x1403aff94+0x1403b00a0+0x1403b00d7	Select a stockpile to exchange with.
native-ui.stockpile.workshop.take	0x1403b033f+0x1403b039b+0x1403b03f2+0x1403b04ba	Select a stockpile or workshop to take from.
native-ui.stockpile.workshop.give	0x1403b033f+0x1403b039b+0x1403b0483+0x1403b04ba	Select a stockpile or workshop to give to.
native-ui.rectangle.tombs	0x1403ec838+0x1403ec887+0x1403ec8e3+0x1403ec9da+0x1403eca4b	Select a rectangle which contains coffins in order to form tombs.
native-ui.rectangle.studies	0x1403ec838+0x1403ec887+0x1403ec91d+0x1403ec9da+0x1403eca85	Select a rectangle which contains chairs in order to form throne rooms/studies.
native-ui.rectangle.bedrooms	0x1403ec838+0x1403ec887+0x1403ec954+0x1403ec9da+0x1403ecabc	Select a rectangle which contains beds in order to form bedrooms.
native-ui.rectangle.dining	0x1403ec838+0x1403ec887+0x1403ec98b+0x1403ec9da+0x1403ecaf3	Select a rectangle which contains tables in order to form dining halls.
native-ui.rectangle.dormitories	0x1403ecb4f+0x1403ecb9e+0x1403ecbed	Rooms with multiple beds will be made into dormitories.
# Blindness is submitted to the native announcement queue (0x1400e3c20).
# Sky descriptions append '.' at 0x140af397c, then enter the paragraph
# wrapper (0x1408e7310); the four full-VA selectors record the alternatives.
native-ui.visibility.blind	0x140833f89	You cannot see.
native-ui.visibility.night	0x140af392e+0x140af397c+0x140af3995	You cannot see the sky clearly from here, but the available sunlight indicates the night.
native-ui.visibility.dawn	0x140af3937+0x140af397c+0x140af3995	You cannot see the sky clearly from here, but the available sunlight indicates the dawn.
native-ui.visibility.day	0x140af3940+0x140af397c+0x140af3995	You cannot see the sky clearly from here, but the available sunlight indicates the day.
native-ui.visibility.sunset	0x140af3949+0x140af397c+0x140af3995	You cannot see the sky clearly from here, but the available sunlight indicates the sunset.

# Dynamic complete selection messages. Full VAs retain the actual native
# constructor/helper/append/submission path. The first building label is
# supplied by the building's display-name virtual call; placement/material
# labels use building-type helper 0x14054d320. Track and Stairs are native
# overrides in the end/corner placement branch. The trainer title has no
# trailing period and includes the complete native unit label.
native-ui.template.building-link	0x14014f44a+0x14014f48a+0x14014f4a1+0x14014f4b5+0x14014f4cf	Click a building to link to {s}.
native-ui.template.materials	0x140381ab6+0x140381b17+0x140381b32+0x140381b48+0x140381b5e	Select materials for the {s}.
native-ui.template.placement-end	0x1403e53fe+0x1403e54ba+0x1403e54cd+0x1403e54e6	Click a tile to be one end of the {s}.
native-ui.template.placement-corner	0x1403e5470+0x1403e54a7+0x1403e54ba+0x1403e54cd+0x1403e54e6	Click a tile to be a corner of the {s}.
native-ui.template.trainer	0x14036e0b9+0x14036e0e0+0x14036e0ff	Select a trainer for {n}
# Routes with an empty custom name append literal 'Route ' and the native id.
# Otherwise the user-provided route name is appended without alteration.
native-ui.template.route-number	0x14041ead6+0x14041eb13+0x14041eb1e+0x14041eb51+0x14041eb64	Choose a vehicle for Route {d}.
native-ui.template.route-custom	0x14041ead6+0x14041eb3b+0x14041eb51+0x14041eb64	Choose a vehicle for {c}.
# Travel rejection appends optional 'dark ' and the native site TYPE from
# 0x1410cbe50, not a freely captured sentence or personal/place name.
native-ui.template.travel-terrain	0x14081a5ca+0x14081a627+0x14081a638+0x14081a66a+0x14081a685+0x14081a698+0x14081a6ac	You cannot travel through the {s}.

# Windows native Adventure action caption constructors, read without running
# the game. VAs record literal constructors/appends and semantic-name helpers,
# not runtime hooks. Family 0x14083fe54..0x140842bbc covers all neighboring
# combat, movement, object, climbing, pet and path actions. Direction helper
# 0x14074f220 supplies NW/SW/West/NE/SE/East/North/South/Below/Above/Here and
# optional /Below or /Above. The movement/climbing medium branch appends
# /Air, /Water, /Lava or /Magma before its closing parenthesis.
# Path mode, climbing restriction, level count/plural and vertical direction
# are independent branches of 0x140842ab0; inventory retains each whole form.
# Jump's separate constructor 0x1408a46d0 uses the same direction helper,
# including /Below and /Above; it does not append a level count.
native-ui.adventure-context.jump	0x1408a46ec+0x1408a4724	Jump to the {s}
# Complete native RTTI/action types and both caption slots are retained in
# adventure-action-types.tsv. The renderer selects slot +0x10 for categories
# 3, 6 and 7, and slot +0x8 otherwise (0x140885553..0x140885586).
# Jump obj+0x20 == 0 omits only its prefix and emits a complete direction;
# Shoot/Throw tile use that same flag to omit their action prefix and retain
# the complete terrain description from helper 0x140e7d330.
# Jump's direction-only branch is listed by its 27 whole helper outputs below.
# Shoot creature obj+0x38 == 0 is quick; nonzero is careful. Throw creature
# uses obj+0x30. Both resolve the unit id at +0x24 and call unit-name helper
# 0x14132e430. Failed lookups emit no caption, not a fabricated fallback.
native-ui.adventure-context.shoot.unit.quick	0x1408a491a+0x1408a492f+0x1408a497b+0x1408a4999	Quickly shoot {n}
native-ui.adventure-context.shoot.unit.careful	0x1408a491a+0x1408a4936+0x1408a497b+0x1408a4999	Aim carefully and shoot {n}
native-ui.adventure-context.throw.unit.quick	0x1408a5efa+0x1408a5f0f+0x1408a5f5b+0x1408a5f79	Quickly throw at {n}
native-ui.adventure-context.throw.unit.careful	0x1408a5efa+0x1408a5f16+0x1408a5f5b+0x1408a5f79	Aim carefully and throw at {n}
native-ui.adventure-context.shoot.tile	0x1408a556b+0x1408a55bd+0x1408a55db	Shoot {s}
# Shoot target-only: 0x1408a555f+0x1408a5563+0x1408a55bd+0x1408a55db;
# complete native terrain compositor sources belong to tiles.toml.
native-ui.adventure-context.throw.tile	0x1408a64fb+0x1408a654d+0x1408a656b	Throw at {s}
# Throw target-only: 0x1408a64ef+0x1408a64f3+0x1408a654d+0x1408a656b;
# complete native terrain compositor sources belong to tiles.toml.
# Empty Attack target vector exits with Attack error. A single missing unit
# emits creature; multiple targets emit creatures. Combat id -1 exits with
# Combat error; a nonnegative missing unit emits creature. All noun fallbacks
# retain the same optional location group as successful unit-name captions.
native-ui.adventure-context.combat.error	0x14083fe24+0x14083fe35+0x14083fe3d	Attack error
native-ui.adventure-context.combat.error	0x140840054+0x14084005b+0x140840063	Combat error
native-ui.adventure-context.combat.fallback.single	0x14083fe6f+0x14083fee0+0x14083ff87+0x14083ffae+0x140840008	Attack creature
native-ui.adventure-context.combat.fallback.single	0x14083fe6f+0x14083fee0+0x14083ff87+0x14083ffee+0x14083fff9	Attack creature ({s})
native-ui.adventure-context.combat.fallback.plural	0x14083fe6f+0x14083fe73+0x14083ff96+0x14083ffae+0x140840008	Attack creatures
native-ui.adventure-context.combat.fallback.plural	0x14083fe6f+0x14083fe73+0x14083ff96+0x14083ffee+0x14083fff9	Attack creatures ({s})
native-ui.adventure-context.combat.fallback	0x1408400e2+0x140840189+0x1408401a1+0x1408401fb	Combat creature
native-ui.adventure-context.combat.fallback	0x1408400e2+0x140840189+0x1408401e1+0x1408401ec	Combat creature ({s})
# Item detail captions append the entire item name with helper 0x140c65450,
# arguments r8d=0/r9d=1, object at option+0x10. Eat/Drink chooses its verb
# from the item's virtual +0x2b0 result (nonzero = Drink). None appends a
# direction, partial body-part name or location in these seven constructors.
native-ui.adventure-context.item-detail.view	0x1408942a5+0x1408942e5+0x140894303	View {s}
native-ui.adventure-context.item-detail.drop	0x140894395+0x1408943d5+0x1408943f3	Drop {s}
native-ui.adventure-context.item-detail.throw	0x140894485+0x1408944c5+0x1408944e3	Throw {s}
native-ui.adventure-context.item-detail.wear	0x140894575+0x1408945b5+0x1408945d3	Wear {s}
native-ui.adventure-context.item-detail.remove	0x140894665+0x1408946a5+0x1408946c3	Remove {s}
native-ui.adventure-context.item-detail.put	0x140894755+0x140894795+0x1408947b3	Put or place {s}
native-ui.adventure-context.item-detail.eat	0x140894846+0x14089485d+0x1408948a8+0x1408948c6	Eat {s}
native-ui.adventure-context.item-detail.drink	0x140894846+0x140894864+0x1408948a8+0x1408948c6	Drink {s}
# Direction helper has 27 whole outputs: eight horizontal directions times
# three z branches, plus pure Below/Above/Here when x and y both coincide.
native-ui.adventure-context.direction	0x14074f269	NW
native-ui.adventure-context.direction	0x14074f269+0x14074f36f	NW/Below
native-ui.adventure-context.direction	0x14074f269+0x14074f37a	NW/Above
native-ui.adventure-context.direction	0x14074f282	SW
native-ui.adventure-context.direction	0x14074f282+0x14074f36f	SW/Below
native-ui.adventure-context.direction	0x14074f282+0x14074f37a	SW/Above
native-ui.adventure-context.direction	0x14074f299	West
native-ui.adventure-context.direction	0x14074f299+0x14074f36f	West/Below
native-ui.adventure-context.direction	0x14074f299+0x14074f37a	West/Above
native-ui.adventure-context.direction	0x14074f2bc	NE
native-ui.adventure-context.direction	0x14074f2bc+0x14074f36f	NE/Below
native-ui.adventure-context.direction	0x14074f2bc+0x14074f37a	NE/Above
native-ui.adventure-context.direction	0x14074f2d5	SE
native-ui.adventure-context.direction	0x14074f2d5+0x14074f36f	SE/Below
native-ui.adventure-context.direction	0x14074f2d5+0x14074f37a	SE/Above
native-ui.adventure-context.direction	0x14074f2ec	East
native-ui.adventure-context.direction	0x14074f2ec+0x14074f36f	East/Below
native-ui.adventure-context.direction	0x14074f2ec+0x14074f37a	East/Above
native-ui.adventure-context.direction	0x14074f301	North
native-ui.adventure-context.direction	0x14074f301+0x14074f36f	North/Below
native-ui.adventure-context.direction	0x14074f301+0x14074f37a	North/Above
native-ui.adventure-context.direction	0x14074f312	South
native-ui.adventure-context.direction	0x14074f312+0x14074f36f	South/Below
native-ui.adventure-context.direction	0x14074f312+0x14074f37a	South/Above
native-ui.adventure-context.direction	0x14074f327	Below
native-ui.adventure-context.direction	0x14074f338	Above
native-ui.adventure-context.direction	0x14074f347	Here
native-ui.adventure-context.combat	0x14083fe54+0x14083ffb6+0x14083fff9	Attack {n} ({s})
native-ui.adventure-context.combat	0x14084007a+0x1408401a9+0x1408401ec	Combat {n} ({s})
native-ui.adventure-context.interaction	0x14084024a+0x14084037f	Push {s} to {s}
native-ui.adventure-context.interaction	0x14084040a+0x14084053f	Ride {s}, push off toward {s}
native-ui.adventure-context.interaction	0x1408405ca+0x1408406ff	Guide {s} to {s}
native-ui.adventure-context.interaction	0x14084078a+0x1408408af+0x1408408cf+0x140840912	Raise {s} bucket ({s})
native-ui.adventure-context.interaction	0x14084096a+0x140840a8f+0x140840aaf+0x140840af2	Lower {s} bucket ({s})
native-ui.adventure-context.interaction	0x140840b4a+0x140840c7a+0x140840cbd	Pull {s} ({s})
native-ui.adventure-context.interaction	0x140840d1a+0x140840e4a+0x140840e8d	Break in {s} ({s})
native-ui.adventure-context.interaction	0x140840eea+0x14084100f+0x14084102f+0x140841072	Pick {s} lock ({s})
native-ui.adventure-context.interaction	0x1408410ca+0x1408411fa+0x14084123d	Bash down {s} ({s})
native-ui.adventure-context.interaction	0x14084129a+0x1408413ca+0x14084140d	Topple {s} ({s})
native-ui.adventure-context.conversation	0x1406b75cf	Start new conversation with {n}
native-ui.adventure-context.conversation	0x1406b70d1	Continue conversation with {n}
native-ui.adventure-context.conversation	0x1406b70ba	Continue shouting
native-ui.adventure-context.view	0x1406b734f	View {n}
native-ui.adventure-context.view	0x1406b734f+0x1406b737b	View yourself
native-ui.adventure-context.get	0x14089362b	Get {s}
native-ui.adventure-context.get	0x14089362b+0x1408937a3+0x1408937f6	Get {s} ({s})
native-ui.adventure-context.get	0x140893303+0x140893456	Get {s} from {n}
native-ui.adventure-context.get	0x140893303+0x140893456+0x140893527+0x14089357a	Get {s} from {n} ({s})
native-ui.adventure-context.get	0x140893bf3+0x140893d46	Get {s} from {s}
native-ui.adventure-context.get	0x140893bf3+0x140893d46+0x140893e1d+0x140893e70	Get {s} from {s} ({s})
native-ui.adventure-context.campfire	0x14083a343+0x14083a366+0x14083a3a9	Make Campfire ({s})
native-ui.adventure-context.interaction	0x140841f25+0x140841f93+0x140841fd6	Mount {n} ({s})
native-ui.adventure-context.interaction	0x140842075+0x1408420fb+0x14084213e	Dismount to {s} ({s})
native-ui.adventure-context.interaction	0x1408421d5+0x140842227+0x140842245	Release hold on {s}
native-ui.adventure-context.interaction	0x1408425d5+0x140842643+0x140842686+0x14084269b	Claim {n} ({s}) as pet
native-ui.adventure-context.interaction	0x140842735+0x1408427a3+0x1408427e6	Lead {n} ({s})
native-ui.adventure-context.interaction	0x140842885+0x1408428bf+0x1408428dd	Stop leading {n}
native-ui.adventure-context.interaction	0x140842962	Climb down
native-ui.adventure-context.interaction	0x140842962+0x1408429e8+0x140842a27+0x140842a45	Climb down from {s}
native-ui.adventure-context.interaction	0x1408422da+0x14084234c	Climb
native-ui.adventure-context.interaction	0x1408422da+0x140842358+0x140842397+0x140842404	Climb {s}
native-ui.adventure-context.movement.terrain	0x140841481+0x140841716+0x1408418c7	Move to {s} ({s})
native-ui.adventure-context.movement.unit	0x140841481+0x140841716+0x1408418c7	Move to {n} ({s})
native-ui.adventure-context.movement.terrain	0x140841488+0x140841716+0x1408418c7	Charge {s} ({s})
native-ui.adventure-context.movement.unit	0x140841488+0x140841716+0x1408418c7	Charge {n} ({s})
native-ui.adventure-context.climbing	0x14084192a+0x1408419ec+0x140841a00+0x140841a35+0x140841b77	Climb to {s} ({s} holding {s})
native-ui.adventure-context.climbing	0x14084192a+0x1408419ec+0x140841a42+0x140841b77	Climb to {s} ({s} releasing hold)
native-ui.adventure-context.holding	0x140841c2f+0x140841cfc+0x140841e87	Hold {s} ({s})
native-ui.adventure-context.holding	0x140841c2f+0x140841cfc+0x140841d25+0x140841d5d+0x140841e87	Hold {s} ({s} from {s})
native-ui.adventure-context.holding	0x140841c36+0x140841cfc+0x140841e87	Hang from {s} ({s})
native-ui.adventure-context.holding	0x140841c36+0x140841cfc+0x140841d25+0x140841d5d+0x140841e87	Hang from {s} ({s} from {s})
native-ui.adventure-context.climbing	0x1408422da+0x140842410+0x140842448+0x140842576	Climb ({s})
native-ui.adventure-context.climbing	0x1408422da+0x140842358+0x140842397+0x140842410+0x140842448+0x140842576	Climb {s} ({s})
native-ui.adventure-context.movement.terrain	0x140841481+0x140841716+0x140841805+0x1408418c7	Move to {s} ({s}/Air)
native-ui.adventure-context.movement.unit	0x140841481+0x140841716+0x140841805+0x1408418c7	Move to {n} ({s}/Air)
native-ui.adventure-context.movement.terrain	0x140841488+0x140841716+0x140841805+0x1408418c7	Charge {s} ({s}/Air)
native-ui.adventure-context.movement.unit	0x140841488+0x140841716+0x140841805+0x1408418c7	Charge {n} ({s}/Air)
native-ui.adventure-context.climbing	0x14084192a+0x1408419ec+0x140841a00+0x140841a35+0x140841ab8+0x140841b77	Climb to {s} ({s} holding {s}/Air)
native-ui.adventure-context.climbing	0x14084192a+0x1408419ec+0x140841a42+0x140841ab8+0x140841b77	Climb to {s} ({s} releasing hold/Air)
native-ui.adventure-context.holding	0x140841c2f+0x140841cfc+0x140841dcb+0x140841e87	Hold {s} ({s}/Air)
native-ui.adventure-context.holding	0x140841c2f+0x140841cfc+0x140841d25+0x140841d5d+0x140841dcb+0x140841e87	Hold {s} ({s} from {s}/Air)
native-ui.adventure-context.holding	0x140841c36+0x140841cfc+0x140841dcb+0x140841e87	Hang from {s} ({s}/Air)
native-ui.adventure-context.holding	0x140841c36+0x140841cfc+0x140841d25+0x140841d5d+0x140841dcb+0x140841e87	Hang from {s} ({s} from {s}/Air)
native-ui.adventure-context.climbing	0x1408422da+0x140842410+0x140842448+0x1408424b7+0x140842576	Climb ({s}/Air)
native-ui.adventure-context.climbing	0x1408422da+0x140842358+0x140842397+0x140842410+0x140842448+0x1408424b7+0x140842576	Climb {s} ({s}/Air)
native-ui.adventure-context.movement.terrain	0x140841481+0x140841716+0x140841839+0x1408418c7	Move to {s} ({s}/Water)
native-ui.adventure-context.movement.unit	0x140841481+0x140841716+0x140841839+0x1408418c7	Move to {n} ({s}/Water)
native-ui.adventure-context.movement.terrain	0x140841488+0x140841716+0x140841839+0x1408418c7	Charge {s} ({s}/Water)
native-ui.adventure-context.movement.unit	0x140841488+0x140841716+0x140841839+0x1408418c7	Charge {n} ({s}/Water)
native-ui.adventure-context.climbing	0x14084192a+0x1408419ec+0x140841a00+0x140841a35+0x140841aeb+0x140841b77	Climb to {s} ({s} holding {s}/Water)
native-ui.adventure-context.climbing	0x14084192a+0x1408419ec+0x140841a42+0x140841aeb+0x140841b77	Climb to {s} ({s} releasing hold/Water)
native-ui.adventure-context.holding	0x140841c2f+0x140841cfc+0x140841dfe+0x140841e87	Hold {s} ({s}/Water)
native-ui.adventure-context.holding	0x140841c2f+0x140841cfc+0x140841d25+0x140841d5d+0x140841dfe+0x140841e87	Hold {s} ({s} from {s}/Water)
native-ui.adventure-context.holding	0x140841c36+0x140841cfc+0x140841dfe+0x140841e87	Hang from {s} ({s}/Water)
native-ui.adventure-context.holding	0x140841c36+0x140841cfc+0x140841d25+0x140841d5d+0x140841dfe+0x140841e87	Hang from {s} ({s} from {s}/Water)
native-ui.adventure-context.climbing	0x1408422da+0x140842410+0x140842448+0x1408424ea+0x140842576	Climb ({s}/Water)
native-ui.adventure-context.climbing	0x1408422da+0x140842358+0x140842397+0x140842410+0x140842448+0x1408424ea+0x140842576	Climb {s} ({s}/Water)
native-ui.adventure-context.movement.terrain	0x140841481+0x140841716+0x14084186d+0x1408418a6+0x1408418c7	Move to {s} ({s}/Lava)
native-ui.adventure-context.movement.unit	0x140841481+0x140841716+0x14084186d+0x1408418a6+0x1408418c7	Move to {n} ({s}/Lava)
native-ui.adventure-context.movement.terrain	0x140841488+0x140841716+0x14084186d+0x1408418a6+0x1408418c7	Charge {s} ({s}/Lava)
native-ui.adventure-context.movement.unit	0x140841488+0x140841716+0x14084186d+0x1408418a6+0x1408418c7	Charge {n} ({s}/Lava)
native-ui.adventure-context.climbing	0x14084192a+0x1408419ec+0x140841a00+0x140841a35+0x140841b1e+0x140841b56+0x140841b77	Climb to {s} ({s} holding {s}/Lava)
native-ui.adventure-context.climbing	0x14084192a+0x1408419ec+0x140841a42+0x140841b1e+0x140841b56+0x140841b77	Climb to {s} ({s} releasing hold/Lava)
native-ui.adventure-context.holding	0x140841c2f+0x140841cfc+0x140841e31+0x140841e69+0x140841e87	Hold {s} ({s}/Lava)
native-ui.adventure-context.holding	0x140841c2f+0x140841cfc+0x140841d25+0x140841d5d+0x140841e31+0x140841e69+0x140841e87	Hold {s} ({s} from {s}/Lava)
native-ui.adventure-context.holding	0x140841c36+0x140841cfc+0x140841e31+0x140841e69+0x140841e87	Hang from {s} ({s}/Lava)
native-ui.adventure-context.holding	0x140841c36+0x140841cfc+0x140841d25+0x140841d5d+0x140841e31+0x140841e69+0x140841e87	Hang from {s} ({s} from {s}/Lava)
native-ui.adventure-context.climbing	0x1408422da+0x140842410+0x140842448+0x14084251d+0x140842555+0x140842576	Climb ({s}/Lava)
native-ui.adventure-context.climbing	0x1408422da+0x140842358+0x140842397+0x140842410+0x140842448+0x14084251d+0x140842555+0x140842576	Climb {s} ({s}/Lava)
native-ui.adventure-context.movement.terrain	0x140841481+0x140841716+0x14084186d+0x1408418b5+0x1408418c7	Move to {s} ({s}/Magma)
native-ui.adventure-context.movement.unit	0x140841481+0x140841716+0x14084186d+0x1408418b5+0x1408418c7	Move to {n} ({s}/Magma)
native-ui.adventure-context.movement.terrain	0x140841488+0x140841716+0x14084186d+0x1408418b5+0x1408418c7	Charge {s} ({s}/Magma)
native-ui.adventure-context.movement.unit	0x140841488+0x140841716+0x14084186d+0x1408418b5+0x1408418c7	Charge {n} ({s}/Magma)
native-ui.adventure-context.climbing	0x14084192a+0x1408419ec+0x140841a00+0x140841a35+0x140841b1e+0x140841b65+0x140841b77	Climb to {s} ({s} holding {s}/Magma)
native-ui.adventure-context.climbing	0x14084192a+0x1408419ec+0x140841a42+0x140841b1e+0x140841b65+0x140841b77	Climb to {s} ({s} releasing hold/Magma)
native-ui.adventure-context.holding	0x140841c2f+0x140841cfc+0x140841e31+0x140841e75+0x140841e87	Hold {s} ({s}/Magma)
native-ui.adventure-context.holding	0x140841c2f+0x140841cfc+0x140841d25+0x140841d5d+0x140841e31+0x140841e75+0x140841e87	Hold {s} ({s} from {s}/Magma)
native-ui.adventure-context.holding	0x140841c36+0x140841cfc+0x140841e31+0x140841e75+0x140841e87	Hang from {s} ({s}/Magma)
native-ui.adventure-context.holding	0x140841c36+0x140841cfc+0x140841d25+0x140841d5d+0x140841e31+0x140841e75+0x140841e87	Hang from {s} ({s} from {s}/Magma)
native-ui.adventure-context.climbing	0x1408422da+0x140842410+0x140842448+0x14084251d+0x140842564+0x140842576	Climb ({s}/Magma)
native-ui.adventure-context.climbing	0x1408422da+0x140842358+0x140842397+0x140842410+0x140842448+0x14084251d+0x140842564+0x140842576	Climb {s} ({s}/Magma)
# Medium appends are sequential: Air is followed by water/magma depth checks,
# not an else-if chain. The depth helpers 0x140247d80 and 0x1402c3a90 read
# designation bits 0..2 and opposite bit21 branches, so Water and Lava/Magma
# cannot coexist. Air accepts depth <=6; positive shallow liquid depth can
# therefore produce Air/Water, Air/Lava or Air/Magma. Lava/Magma is selected
# by designation bit15 from 0x14007dc40. Whole location omission removes both.
# Movement Air tile types are 1,32,35,42 at 0x1408417ba..0x1408417cf.
native-ui.adventure-context.movement.terrain	0x140841481+0x140841716+0x140841805+0x140841839+0x1408418c7	Move to {s} ({s}/Air/Water)
native-ui.adventure-context.movement.terrain	0x140841488+0x140841716+0x140841805+0x140841839+0x1408418c7	Charge {s} ({s}/Air/Water)
native-ui.adventure-context.movement.unit	0x140841488+0x140841716+0x140841805+0x140841839+0x1408418c7	Charge {n} ({s}/Air/Water)
native-ui.adventure-context.climbing	0x14084192a+0x1408419ec+0x140841a00+0x140841a35+0x140841ab8+0x140841aeb+0x140841b77	Climb to {s} ({s} holding {s}/Air/Water)
native-ui.adventure-context.climbing	0x14084192a+0x1408419ec+0x140841a42+0x140841ab8+0x140841aeb+0x140841b77	Climb to {s} ({s} releasing hold/Air/Water)
native-ui.adventure-context.holding	0x140841c2f+0x140841cfc+0x140841dcb+0x140841dfe+0x140841e87	Hold {s} ({s}/Air/Water)
native-ui.adventure-context.holding	0x140841c2f+0x140841cfc+0x140841d25+0x140841d5d+0x140841dcb+0x140841dfe+0x140841e87	Hold {s} ({s} from {s}/Air/Water)
native-ui.adventure-context.holding	0x140841c36+0x140841cfc+0x140841dcb+0x140841dfe+0x140841e87	Hang from {s} ({s}/Air/Water)
native-ui.adventure-context.holding	0x140841c36+0x140841cfc+0x140841d25+0x140841d5d+0x140841dcb+0x140841dfe+0x140841e87	Hang from {s} ({s} from {s}/Air/Water)
native-ui.adventure-context.climbing	0x1408422da+0x140842410+0x140842448+0x1408424b7+0x1408424ea+0x140842576	Climb ({s}/Air/Water)
native-ui.adventure-context.climbing	0x1408422da+0x140842358+0x140842397+0x140842410+0x140842448+0x1408424b7+0x1408424ea+0x140842576	Climb {s} ({s}/Air/Water)
native-ui.adventure-context.movement.terrain	0x140841481+0x140841716+0x140841805+0x14084186d+0x1408418a6+0x1408418c7	Move to {s} ({s}/Air/Lava)
native-ui.adventure-context.movement.terrain	0x140841488+0x140841716+0x140841805+0x14084186d+0x1408418a6+0x1408418c7	Charge {s} ({s}/Air/Lava)
native-ui.adventure-context.movement.unit	0x140841488+0x140841716+0x140841805+0x14084186d+0x1408418a6+0x1408418c7	Charge {n} ({s}/Air/Lava)
native-ui.adventure-context.climbing	0x14084192a+0x1408419ec+0x140841a00+0x140841a35+0x140841ab8+0x140841b1e+0x140841b56+0x140841b77	Climb to {s} ({s} holding {s}/Air/Lava)
native-ui.adventure-context.climbing	0x14084192a+0x1408419ec+0x140841a42+0x140841ab8+0x140841b1e+0x140841b56+0x140841b77	Climb to {s} ({s} releasing hold/Air/Lava)
native-ui.adventure-context.holding	0x140841c2f+0x140841cfc+0x140841dcb+0x140841e31+0x140841e69+0x140841e87	Hold {s} ({s}/Air/Lava)
native-ui.adventure-context.holding	0x140841c2f+0x140841cfc+0x140841d25+0x140841d5d+0x140841dcb+0x140841e31+0x140841e69+0x140841e87	Hold {s} ({s} from {s}/Air/Lava)
native-ui.adventure-context.holding	0x140841c36+0x140841cfc+0x140841dcb+0x140841e31+0x140841e69+0x140841e87	Hang from {s} ({s}/Air/Lava)
native-ui.adventure-context.holding	0x140841c36+0x140841cfc+0x140841d25+0x140841d5d+0x140841dcb+0x140841e31+0x140841e69+0x140841e87	Hang from {s} ({s} from {s}/Air/Lava)
native-ui.adventure-context.climbing	0x1408422da+0x140842410+0x140842448+0x1408424b7+0x14084251d+0x140842555+0x140842576	Climb ({s}/Air/Lava)
native-ui.adventure-context.climbing	0x1408422da+0x140842358+0x140842397+0x140842410+0x140842448+0x1408424b7+0x14084251d+0x140842555+0x140842576	Climb {s} ({s}/Air/Lava)
native-ui.adventure-context.movement.terrain	0x140841481+0x140841716+0x140841805+0x14084186d+0x1408418b5+0x1408418c7	Move to {s} ({s}/Air/Magma)
native-ui.adventure-context.movement.terrain	0x140841488+0x140841716+0x140841805+0x14084186d+0x1408418b5+0x1408418c7	Charge {s} ({s}/Air/Magma)
native-ui.adventure-context.movement.unit	0x140841488+0x140841716+0x140841805+0x14084186d+0x1408418b5+0x1408418c7	Charge {n} ({s}/Air/Magma)
native-ui.adventure-context.climbing	0x14084192a+0x1408419ec+0x140841a00+0x140841a35+0x140841ab8+0x140841b1e+0x140841b65+0x140841b77	Climb to {s} ({s} holding {s}/Air/Magma)
native-ui.adventure-context.climbing	0x14084192a+0x1408419ec+0x140841a42+0x140841ab8+0x140841b1e+0x140841b65+0x140841b77	Climb to {s} ({s} releasing hold/Air/Magma)
native-ui.adventure-context.holding	0x140841c2f+0x140841cfc+0x140841dcb+0x140841e31+0x140841e75+0x140841e87	Hold {s} ({s}/Air/Magma)
native-ui.adventure-context.holding	0x140841c2f+0x140841cfc+0x140841d25+0x140841d5d+0x140841dcb+0x140841e31+0x140841e75+0x140841e87	Hold {s} ({s} from {s}/Air/Magma)
native-ui.adventure-context.holding	0x140841c36+0x140841cfc+0x140841dcb+0x140841e31+0x140841e75+0x140841e87	Hang from {s} ({s}/Air/Magma)
native-ui.adventure-context.holding	0x140841c36+0x140841cfc+0x140841d25+0x140841d5d+0x140841dcb+0x140841e31+0x140841e75+0x140841e87	Hang from {s} ({s} from {s}/Air/Magma)
native-ui.adventure-context.climbing	0x1408422da+0x140842410+0x140842448+0x1408424b7+0x14084251d+0x140842564+0x140842576	Climb ({s}/Air/Magma)
native-ui.adventure-context.climbing	0x1408422da+0x140842358+0x140842397+0x140842410+0x140842448+0x1408424b7+0x14084251d+0x140842564+0x140842576	Climb {s} ({s}/Air/Magma)
native-ui.adventure-context.path	0x140842adc	Path to here
native-ui.adventure-context.path	0x140842adc+0x140842b1e+0x140842b41+0x140842b4c+0x140842b99	Path to here ({d} level up)
native-ui.adventure-context.path	0x140842adc+0x140842b1e+0x140842b41+0x140842b4c+0x140842bb5	Path to here ({d} level down)
native-ui.adventure-context.path	0x140842adc+0x140842b1e+0x140842b41+0x140842b4c+0x140842b77+0x140842b99	Path to here ({d} levels up)
native-ui.adventure-context.path	0x140842adc+0x140842b1e+0x140842b41+0x140842b4c+0x140842b77+0x140842bb5	Path to here ({d} levels down)
native-ui.adventure-context.path	0x140842adc+0x140842afb	Path to here (no climbing/jumping)
native-ui.adventure-context.path	0x140842adc+0x140842afb+0x140842b1e+0x140842b41+0x140842b4c+0x140842b99	Path to here (no climbing/jumping) ({d} level up)
native-ui.adventure-context.path	0x140842adc+0x140842afb+0x140842b1e+0x140842b41+0x140842b4c+0x140842bb5	Path to here (no climbing/jumping) ({d} level down)
native-ui.adventure-context.path	0x140842adc+0x140842afb+0x140842b1e+0x140842b41+0x140842b4c+0x140842b77+0x140842b99	Path to here (no climbing/jumping) ({d} levels up)
native-ui.adventure-context.path	0x140842adc+0x140842afb+0x140842b1e+0x140842b41+0x140842b4c+0x140842b77+0x140842bb5	Path to here (no climbing/jumping) ({d} levels down)
native-ui.adventure-context.path	0x140842acb	Go below hatch
native-ui.adventure-context.path	0x140842acb+0x140842b1e+0x140842b41+0x140842b4c+0x140842b99	Go below hatch ({d} level up)
native-ui.adventure-context.path	0x140842acb+0x140842b1e+0x140842b41+0x140842b4c+0x140842bb5	Go below hatch ({d} level down)
native-ui.adventure-context.path	0x140842acb+0x140842b1e+0x140842b41+0x140842b4c+0x140842b77+0x140842b99	Go below hatch ({d} levels up)
native-ui.adventure-context.path	0x140842acb+0x140842b1e+0x140842b41+0x140842b4c+0x140842b77+0x140842bb5	Go below hatch ({d} levels down)
native-ui.adventure-context.path	0x140842acb+0x140842afb	Go below hatch (no climbing/jumping)
native-ui.adventure-context.path	0x140842acb+0x140842afb+0x140842b1e+0x140842b41+0x140842b4c+0x140842b99	Go below hatch (no climbing/jumping) ({d} level up)
native-ui.adventure-context.path	0x140842acb+0x140842afb+0x140842b1e+0x140842b41+0x140842b4c+0x140842bb5	Go below hatch (no climbing/jumping) ({d} level down)
native-ui.adventure-context.path	0x140842acb+0x140842afb+0x140842b1e+0x140842b41+0x140842b4c+0x140842b77+0x140842b99	Go below hatch (no climbing/jumping) ({d} levels up)
native-ui.adventure-context.path	0x140842acb+0x140842afb+0x140842b1e+0x140842b41+0x140842b4c+0x140842b77+0x140842bb5	Go below hatch (no climbing/jumping) ({d} levels down)

# Native location omission is a constructor branch, not an untranslated or
# clipped direction. The families below compare their origin x coordinate
# at object+0x16 with the native 16-bit sentinel 0x8ad0 (-30000). On equality
# they skip the WHOLE conditional append. The branch/jump addresses record
# the omitted form; the matching full constructors are inventoried above.
# This includes non-parenthesized Push/Guide/Ride suffixes and Claim's middle
# parenthesis. Claim always appends " as pet" after the optional location.
native-ui.adventure-context.combat.omitted-location	0x14083fe54+0x14083ffa5+0x14083ffae+0x140840008	Attack {n}
native-ui.adventure-context.combat.omitted-location	0x14084007a+0x140840198+0x1408401a1+0x1408401fb	Combat {n}
native-ui.adventure-context.interaction.omitted-location	0x14084024a+0x14084036e+0x140840377+0x1408403bc	Push {s}
native-ui.adventure-context.interaction.omitted-location	0x14084040a+0x14084052e+0x140840537+0x14084057c	Ride {s}
native-ui.adventure-context.interaction.omitted-location	0x1408405ca+0x1408406ee+0x1408406f7+0x14084073c	Guide {s}
native-ui.adventure-context.interaction.omitted-location	0x14084078a+0x1408408af+0x1408408be+0x1408408c7+0x140840921	Raise {s} bucket
native-ui.adventure-context.interaction.omitted-location	0x14084096a+0x140840a8f+0x140840a9e+0x140840aa7+0x140840b01	Lower {s} bucket
native-ui.adventure-context.interaction.omitted-location	0x140840b4a+0x140840c69+0x140840c72+0x140840ccc	Pull {s}
native-ui.adventure-context.interaction.omitted-location	0x140840d1a+0x140840e39+0x140840e42+0x140840e9c	Break in {s}
native-ui.adventure-context.interaction.omitted-location	0x140840eea+0x14084100f+0x14084101e+0x140841027+0x140841081	Pick {s} lock
native-ui.adventure-context.interaction.omitted-location	0x1408410ca+0x1408411e9+0x1408411f2+0x14084124c	Bash down {s}
native-ui.adventure-context.interaction.omitted-location	0x14084129a+0x1408413b9+0x1408413c2+0x14084141c	Topple {s}
native-ui.adventure-context.interaction.omitted-location	0x140841f25+0x140841f82+0x140841f8b+0x140841fe6	Mount {n}
native-ui.adventure-context.interaction.omitted-location	0x140842075+0x1408420ea+0x1408420f3+0x14084214e	Dismount to {s}
native-ui.adventure-context.interaction.omitted-location	0x1408425d5+0x140842632+0x14084263b+0x140842695+0x14084269b	Claim {n} as pet
native-ui.adventure-context.interaction.omitted-location	0x140842735+0x140842792+0x14084279b+0x1408427f6	Lead {n}
# Movement, climbing and holding put medium (/Air, /Water, /Lava, /Magma)
# and holding/releasing/from details inside the same conditional parenthesis.
# They all disappear together when the location is omitted. Do not generate
# impossible captions retaining a medium or a hold clause without location.
native-ui.adventure-context.movement.terrain.omitted-location	0x140841481+0x1408416c9+0x1408416ce+0x1408418d6	Move to {s}
native-ui.adventure-context.movement.unit.omitted-location	0x140841481+0x1408416c9+0x1408416ce+0x1408418d6	Move to {n}
native-ui.adventure-context.movement.terrain.omitted-location	0x140841488+0x1408416c9+0x1408416ce+0x1408418d6	Charge {s}
native-ui.adventure-context.movement.unit.omitted-location	0x140841488+0x1408416c9+0x1408416ce+0x1408418d6	Charge {n}
native-ui.adventure-context.climbing.omitted-location	0x14084192a+0x14084199f+0x1408419a8+0x140841b87	Climb to {s}
native-ui.adventure-context.holding.omitted-location	0x140841c2f+0x140841caf+0x140841cb8+0x140841e97	Hold {s}
native-ui.adventure-context.holding.omitted-location	0x140841c36+0x140841caf+0x140841cb8+0x140841e97	Hang from {s}
# The existing bare Climb/Climb {s} entries above come from this same branch:
# 0x1408423fb loads the sentinel; 0x140842404 jumps to 0x140842585, beyond
# the entire location/medium append. The optional target is independent.

# Get and Pick/Pull use an item's resolved coordinates. In addition to an
# unknown coordinate, a coordinate equal to the player's x/y/z omits the
# location. For Pick/Pull this is 0x14089407f..0x1408940b1: both the sentinel
# branch and the final same-z branch jump to 0x14089411c. Thus a growth on
# the player's tile is "Pick potato leaf", while a neighboring growth has
# "Pick potato leaf (North)". Growth/item names remain complete captures.
# 0x140893f2a reads the item type; 0x140893f3a selects Pull for type 0x5b,
# otherwise Pick; 0x140893f7c names the item and 0x140893f96 appends it.
native-ui.adventure-context.plant-growth	0x140893f2c+0x140893f3a+0x140893f7c+0x140893f96+0x1408940b9+0x140894101+0x14089410c	Pick {s} ({s})
native-ui.adventure-context.plant-growth.omitted-location	0x140893f2c+0x140893f3a+0x140893f7c+0x140893f96+0x140894083+0x1408940b1+0x14089411c	Pick {s}
native-ui.adventure-context.plant-growth	0x140893f33+0x140893f3a+0x140893f7c+0x140893f96+0x1408940b9+0x140894101+0x14089410c	Pull {s} ({s})
native-ui.adventure-context.plant-growth.omitted-location	0x140893f33+0x140893f3a+0x140893f7c+0x140893f96+0x140894083+0x1408940b1+0x14089411c	Pull {s}
# The existing Get full/bare entries above cover these equivalent tests:
# Get {s}: 0x140893769..0x14089379b -> 0x140893806;
# Get {s} from {n}: 0x1408934ed..0x14089351f -> 0x14089358a;
# Get {s} from {s} (item): 0x140893de3..0x140893e15 -> 0x140893e80.
# A fourth constructor gets from a building: its virtual name helper at
# 0x140893a3b uses slot +0x188, then the same coordinate checks at
# 0x140893a9e..0x140893ad0 skip the location at 0x140893b3b. It shares the
# complete object capture, never the person-name grammar.
native-ui.adventure-context.get.building	0x1408938b3+0x140893a06+0x140893a3b+0x140893ad8+0x140893b20+0x140893b2b	Get {s} from {s} ({s})
native-ui.adventure-context.get.building.omitted-location	0x1408938b3+0x140893a06+0x140893a3b+0x140893aa2+0x140893ad0+0x140893b3b	Get {s} from {s}

# Campfire and felling use the origin sentinel (not the same-tile check):
# Campfire 0x14083a35e -> 0x14083a3b8; Fell 0x14083a46f -> 0x14083a4c9.
# Fell's target is the plant RAW name; 0x14083a451 falls back to "tree" when
# the tile has no usable plant. Record that fixed fallback as well so it keeps
# the terrain noun sense independently of ordinary UI uses of "tree".
native-ui.adventure-context.campfire.omitted-location	0x14083a343+0x14083a355+0x14083a35e+0x14083a3b8	Make Campfire
native-ui.adventure-context.fell	0x14083a3e3+0x14083a403+0x14083a43d+0x14083a451+0x14083a461+0x14083a477+0x14083a4af+0x14083a4ba	Fell {s} ({s})
native-ui.adventure-context.fell.omitted-location	0x14083a3e3+0x14083a403+0x14083a43d+0x14083a451+0x14083a461+0x14083a466+0x14083a46f+0x14083a4c9	Fell {s}
native-ui.adventure-context.fell.fallback	0x14083a3e3+0x14083a451+0x14083a461+0x14083a477+0x14083a4af+0x14083a4ba	Fell tree ({s})
native-ui.adventure-context.fell.fallback.omitted-location	0x14083a3e3+0x14083a451+0x14083a461+0x14083a466+0x14083a46f+0x14083a4c9	Fell tree

# Ignite deliberately has a larger conditional group. The tile description
# helper 0x14083a16b prepares a name, but 0x14083a179 skips its append AND
# the parenthesized direction when origin x is the sentinel. The known native
# forms are bare "Ignite " (trimmed for catalog lookup) or the entire target
# plus location. This does NOT establish an "Ignite {s}" variant.
native-ui.adventure-context.ignite	0x14083a119+0x14083a16b+0x14083a20d+0x14083a231+0x14083a2a0+0x14083a2ab	Ignite {s} ({s})
native-ui.adventure-context.ignite.omitted-location	0x14083a119+0x14083a170+0x14083a179+0x14083a2bb	Ignite
adventure.complete-source	0x1400a7368	You cannot perform here.
adventure.complete-source	0x1400ac1a7	You could not find a partner.
adventure.complete-source	0x1400ac1d1	There are not enough dancers.
adventure.complete-source	0x1400ac1fb	There is not enough room to perform here.
adventure.complete-source	0x1400b43bb	It has no writing.
adventure.complete-source	0x1400b4601	The pages are blank.
adventure.complete-source	0x1400b4740	It has no pages.

# Windows PE file offsets, conversation menus and every emotional intensity.
# Dynamic captions identify their native construction prefix; captures retain
# whole people, group/place names, objects and topic fields.
adventure.conversation.menu	0x1672470	Demand an item (barter screen)
adventure.conversation.menu	0x1672498	Summarize the many troubles
adventure.conversation.menu	0x1672600	Claim this site for yourself (group naming menu)
adventure.conversation.menu	0x1672660	Create a performance troupe together (group naming menu)
adventure.conversation.menu	0x16726d0	Ask favor, place request, make demand or issue order (new menu)
adventure.conversation.menu	0x1672710	Investigate or interrogate (new menu)
adventure.conversation.menu	0x1672748	State your values (new menu)
adventure.conversation.menu	0x1672780	Express your emotions (new menu)
adventure.conversation.menu	0x1672d40	Tell listener that nothing has changed
adventure.conversation.menu	0x1672d68	Bring up the journey together
adventure.conversation.menu	0x1672d90	Complain about the agreement
adventure.conversation.menu	0x1672dd8	Cancel the agreement
adventure.conversation.menu	0x1672df0	Ask listener to follow you
adventure.conversation.menu	0x1672e48	Ask listener to wait here
adventure.conversation.menu	0x1672f60	Bring up specific incident or rumor (new menu)
adventure.conversation.menu	0x1672fb8	Ask for directions (new menu)
adventure.conversation.menu	0x1672fd8	Ask about somebody (new menu)
adventure.conversation.menu	0x1673010	Express thanks for the gift
adventure.conversation.menu	0x1673038	Express horror at the gift
adventure.conversation.menu	0x1673058	Name pet (new menu)
adventure.conversation.menu	0x1673070	Gift a (large) pet or mount (new menu)
adventure.conversation.menu	0x16730c8	Offer your service
adventure.conversation.menu	0x16730e8	Inquire about any troubles
adventure.conversation.menu	0x1673188	List available services
adventure.conversation.menu	0x16731a8	Ask about available services, drinks, rooms, etc.
adventure.conversation.menu	0x1673200	Trade or settle debts
adventure.conversation.menu	0x16732c0	Ask listener to join you (new menu)
adventure.conversation.menu	0x16732f8	Exchange, give, take or show personal items
adventure.conversation.menu	0x1673338	Extend use of free room
adventure.conversation.menu	0x1673350	Confirm service order
adventure.conversation.menu	0x1673388	Request free room
adventure.conversation.menu	0x16733c0	Yell out service order
adventure.conversation.menu	0x1673450	Accuse the speaker of being a troublemaker
adventure.conversation.menu	0x1673590	Spread rumor of your abduction
adventure.conversation.menu	0x1673650	Spread rumor of the insurrection
adventure.conversation.menu	0x16736e0	Bring up your death
adventure.conversation.menu	0x1673758	Demand the listener's identity
adventure.conversation.menu	0x1673900	Brag about your past violent acts
adventure.conversation.menu	0x1673930	Raise alarm
adventure.conversation.menu	0x1673970	Welcome yourself to your new home
adventure.conversation.menu	0x1673998	Demand that the listener yield
adventure.conversation.menu	0x16739e0	Make a flattering remark
adventure.conversation.menu	0x1673a00	Ask how listener is feeling
adventure.conversation.menu	0x1673a50	Inquire about listener's profession
adventure.conversation.menu	0x1673a90	Ask about the listener's schemes and plots
adventure.conversation.menu	0x1673ad0	Ask about the listener's master or boss
adventure.conversation.menu	0x1673b00	Ask about the structure you are in
adventure.conversation.menu	0x1673ba8	Ask for a cease to hostilities
adventure.conversation.menu	0x1673bd0	Ask for permission to stay for a day
adventure.conversation.menu	0x1673c10	Ask about listener's family
adventure.conversation.menu	0x1673c38	Tell a joke
adventure.conversation.menu	0x1673c50	Try to calm the listener
adventure.conversation.menu	0x1673c78	Change the subject (new menu)
adventure.conversation.menu	0x1673cc8	Say goodbye
adventure.conversation.menu	0x1673ce0	Impatiently say goodbye
adventure.conversation.menu	0x1673d00	Invoke true name to compel service from listener
adventure.conversation.menu	0x1673d38	Accuse listener of being a night creature
adventure.conversation.menu	0x1673d80	Invoke true name to banish listener
adventure.conversation.menu	0x1673db0	Praise listener for completing the task
adventure.conversation.menu	0x1673e18	Ask listener to join you and be rescued
adventure.conversation.menu	0x1673e40	Ask what happened
adventure.conversation.menu	0x1673e60	Say that you have no family
adventure.conversation.menu	0x1673e80	Say that you don't remember
adventure.conversation.menu	0x1673ea8	Refuse to share this information
adventure.conversation.menu	0x1673ed8	Return to current topic (new menu)
adventure.conversation.menu	0x1673f18	Ask about other groups with a stake in this site
adventure.conversation.menu	0x1673f70	Ask about the position of this group's forces
adventure.conversation.menu	0x1673fa0	Ask how strong this group's hold over its lands is
adventure.conversation.menu	0x1673fe0	Ask listener why they are traveling
adventure.conversation.menu	0x1674010	Agree to the adoption
adventure.conversation.menu	0x1674028	Refuse the adoption
adventure.conversation.menu	0x1674040	Accept the position
adventure.conversation.menu	0x1674058	Refuse the position
adventure.conversation.menu	0x1674090	Ask about the surrounding area
adventure.conversation.menu	0x16740d0	Comment on natural surroundings
adventure.conversation.menu	0x16740f8	Offer encouragement
adventure.conversation.menu	0x1674118	Comment on weather
adventure.conversation.menu	0x1674130	Ask about this site's neighbors and trade partners
adventure.conversation.menu	0x1674180	Ask about the local ruler
adventure.conversation.menu	0x16741a0	Ask if anybody fled from this site
adventure.conversation.menu	0x16741e8	Refuse conversation
adventure.conversation.menu	0x1674200	Ask to be rescued
adventure.conversation.menu	0x1674218	Reply to greeting
adventure.conversation.menu	0x1674358	Offer condolences
adventure.conversation.menu	0x1674370	Tell listener to enjoy peace and remain vigilant
adventure.conversation.menu	0x16743c8	State that you weren't acquainted
adventure.conversation.menu	0x1674458	Reply to greeting (impersonation)
adventure.conversation.menu	0x16746c0	State that you enjoyed performing
adventure.conversation.menu	0x16746e8	State that preaching is your calling
adventure.conversation.menu	0x1674730	State your general fear
adventure.conversation.menu	0x1674748	State that it accords with your faith
adventure.conversation.menu	0x1674770	State that you don't care
adventure.conversation.menu	0x1674790	State your general hatred
adventure.conversation.menu	0x16747b0	State that it is for the best
adventure.conversation.menu	0x16747d8	State that it is terrific
adventure.conversation.menu	0x1674808	State that you are conflicted
adventure.conversation.menu	0x1674838	State that this is okay
adventure.conversation.menu	0x1674850	State that this is no good
adventure.conversation.menu	0x1674870	State that this is great
adventure.conversation.menu	0x1674890	State that this is good
adventure.conversation.menu	0x16748a8	Agree completely
adventure.conversation.menu	0x16748c0	State that this is fantastic
adventure.conversation.menu	0x16748e0	State that it was okay
adventure.conversation.menu	0x1674908	State that it was good
adventure.conversation.menu	0x1674930	State that it was great
adventure.conversation.menu	0x1674958	State that it was fantastic
adventure.conversation.menu	0x1674988	State that it was legendary
adventure.conversation.menu	0x16749a8	State opinion that it must be stopped with violent force
adventure.conversation.menu	0x16749f0	Ask listener to join you in a rescue
adventure.conversation.menu	0x1674a18	Ask listener to join you in an insurrection
adventure.conversation.menu	0x1674a48	Respond to join request
adventure.conversation.menu	0x1674a88	Ask listener to guide you to a location
adventure.conversation.menu	0x1674ac0	Ask listener to join you on adventures
adventure.conversation.menu	0x1674ae8	Request suggestion for course of action
adventure.conversation.menu	0x1674b10	Ask listener to join you as entertainer
adventure.conversation.menu	0x1674b38	Ask listener's course of action
adventure.conversation.menu	0x1674b60	State that you are right in all matters
adventure.conversation.menu	0x1674b90	State that they are outlaws
adventure.conversation.menu	0x1674bc8	State that you don't know anything about it
adventure.conversation.menu	0x1674c08	State opinion that it is terrifying
adventure.conversation.menu	0x1674c40	State opinion that it is terrible
adventure.conversation.menu	0x1674c70	State opinion that it is sad but not unexpected
adventure.conversation.menu	0x1674cb0	State opinion that this is the life for you
adventure.conversation.menu	0x1674ce0	State opinion that it is not your problem
adventure.conversation.menu	0x1674d10	State opinion that it was inevitable
adventure.conversation.menu	0x1674d38	Refer listener to somebody older
adventure.conversation.menu	0x1674d88	Agree to follow
adventure.conversation.menu	0x1674d98	Apologize for being otherwise occupied
adventure.conversation.menu	0x1674dc0	Comply with order
adventure.conversation.menu	0x1674de0	Deny sleep permission
adventure.conversation.menu	0x1674e08	Grant sleep permission
adventure.conversation.menu	0x1674e40	State that listener saved you from an enemy
adventure.conversation.menu	0x1674e70	State that listener protected the defenseless from outlaws
adventure.conversation.menu	0x1674eb8	Ask listener to come to your store later
adventure.conversation.menu	0x1674ee8	Initiate bartering
adventure.conversation.menu	0x1674f00	Ask listener to come to the trade depot later
adventure.conversation.menu	0x1674f30	Do business
adventure.conversation.menu	0x1674f50	Ask listener to come closer
adventure.conversation.menu	0x1674fb0	Exhort to finish current quest
adventure.conversation.menu	0x1674ff8	State that you love raunchy poems
adventure.conversation.menu	0x1675028	State your amusement
adventure.conversation.menu	0x1675040	State that you hate riddles
adventure.conversation.menu	0x1675060	State that you are embarrassed by this kind of humor
adventure.conversation.menu	0x1675098	State that you love riddles
adventure.conversation.menu	0x16750d0	State that you hate reflective poetry
adventure.conversation.menu	0x16750f8	State that this is your favorite poetry
adventure.conversation.menu	0x1675120	State that you love reflective poetry
adventure.conversation.menu	0x1675158	State that this is your favorite music
adventure.conversation.menu	0x1675188	State that this is your favorite dance
adventure.conversation.menu	0x16751b8	State that listener had a good hunt
adventure.conversation.menu	0x16751f0	State that you hate solemn poems
adventure.conversation.menu	0x1675218	State that listener's hunt saved you from an enemy
adventure.conversation.menu	0x1675250	State that you love solemn poems
adventure.conversation.menu	0x1675288	State that you hate light poems
adventure.conversation.menu	0x16752a8	State that you disapprove of ribald poems
adventure.conversation.menu	0x16752d8	State that you love light poems
adventure.conversation.menu	0x16752f8	State that you love ribald poems
adventure.conversation.menu	0x1675338	Yield
adventure.conversation.menu	0x1675340	Agree to cease hostilities
adventure.conversation.menu	0x1675368	Yield in terror
adventure.conversation.menu	0x1675388	Hawk your wares
adventure.conversation.menu	0x1675398	Prophesize
adventure.conversation.menu	0x1675408	Say something about your family
adventure.conversation.menu	0x1675428	Announce that you are hunting in your lair
adventure.conversation.menu	0x1675458	Say something about your family's ancestor
adventure.conversation.menu	0x16754a0	Reject the attempt to calm
adventure.conversation.menu	0x16754c0	Deride the attempt to calm
adventure.conversation.menu	0x16754e0	Reject the compliment
adventure.conversation.menu	0x1675510	Flatter the listener
adventure.conversation.menu	0x1675528	Deride flattery
adventure.conversation.menu	0x1675538	Acquiesce (changes your values)
adventure.conversation.menu	0x1675588	Refuse to comply with demand
adventure.conversation.menu	0x16755a8	Refuse to yield
adventure.conversation.menu	0x16755b8	Refuse to cease hostilities
adventure.conversation.menu	0x16755d8	Agree to comply with demand
adventure.conversation.menu	0x1675630	Profess total ignorance
adventure.conversation.menu	0x1675678	Tell listener to try a shopkeeper
adventure.conversation.menu	0x16756b0	Tell listener you don't work here
adventure.conversation.menu	0x16756d8	Mention services to listener
adventure.conversation.menu	0x16756f8	Tell listener both of you must be at location
adventure.conversation.menu	0x1675738	Tell listener that no services are available
adventure.conversation.menu	0x1675768	Ask listener to come to the market later
adventure.conversation.menu	0x1675798	Remind listener of pending service
adventure.conversation.menu	0x16757c0	Say something general about your emotional state or thoughts
adventure.conversation.menu	0x1675818	Ask listener to wait until you've returned home
adventure.conversation.menu	0x1675850	Grovel before your new master
adventure.conversation.menu	0x1675870	Say something about the local area
adventure.conversation.menu	0x1675898	Tell the listener that they've found you
adventure.conversation.menu	0x16758d0	Say something about this site's trade partners
adventure.conversation.menu	0x1675920	Explain your current journey
adventure.conversation.menu	0x1675940	Provide the location of specific place
adventure.conversation.menu	0x1675b68	State your incredulity
adventure.conversation.menu	0x1675b90	Announce your night creature status
adventure.conversation.menu	0x1675cf0	Fail the internal struggle, completely shaken
adventure.conversation.menu	0x1675d20	Fail the struggle against existential crisis
adventure.conversation.menu	0x1675e60	Agree to drop the argument
adventure.conversation.menu	0x1675ea0	Press the argument
adventure.conversation.menu	0x1675eb8	Reject the joke
adventure.conversation.menu	0x1675ec8	Express outrage over dismissal
adventure.conversation.menu	0x1675f08	Approve of the joke
adventure.conversation.menu	0x1675f20	Accept calming
adventure.conversation.menu	0x1675f30	State that calming was unneeded
adventure.conversation.menu	0x1675f50	Accept the compliment
adventure.conversation.menu	0x1675f78	Say something about your profession
adventure.conversation.menu	0x1675fa8	State your age emphatically
adventure.conversation.menu	0x1675fc8	Refuse the interrogation
adventure.conversation.menu	0x1675fe8	Mock the repeated failure of the interrogator
adventure.conversation.menu	0x1676020	Say something about your schemes
adventure.conversation.menu	0x1676048	State intention to flee conflict
adventure.conversation.menu	0x1676070	Say something about your master(s)
adventure.conversation.menu	0x1676098	Make terrified outburst regarding fleeing conflict
adventure.conversation.menu	0x16760e8	Respond passively
adventure.conversation.menu	0x1676100	Dismiss the listener's argument
adventure.conversation.menu	0x16769f0	Verbally struggle, greatly shaken
adventure.conversation.menu	0x1676ee0	Verbally struggle, greatly defeated
adventure.conversation.menu	0x1677bb0	Verbally struggle, shaken
adventure.conversation.menu	0x1677f68	Verbally struggle, defeated
adventure.conversation.menu	0x1676e58	State feelings, greatly expectant
adventure.conversation.menu	0x1676f08	State feelings, greatly enraptured
adventure.conversation.menu	0x1676f30	State feelings, greatly thrilled
adventure.conversation.menu	0x1677f88	State feelings, expectant
adventure.conversation.menu	0x1677fa8	State feelings, thrilled
adventure.conversation.menu	0x1678010	State feelings, enraptured
adventure.conversation.menu	0x1679088	State feelings, somewhat expectant
adventure.conversation.menu	0x1679110	State feelings, somewhat enraptured
adventure.conversation.menu	0x1679138	State feelings, somewhat thrilled
adventure.conversation.menu	0x16790b0	Dismiss minor doubts
adventure.conversation.menu	0x16790c8	Dismiss minor existential crisis
adventure.conversation.emotion	0x16759a8	Fail the struggle against great agony
adventure.conversation.emotion	0x16759d0	Fail the struggle against great anguish
adventure.conversation.emotion	0x16759f8	Fail the struggle against great sadness
adventure.conversation.emotion	0x1675a20	Fail the struggle against great terror
adventure.conversation.emotion	0x1675a48	Fail the struggle against great rage
adventure.conversation.emotion	0x1675a70	Fail the struggle against great fear
adventure.conversation.emotion	0x1675a98	Fail the struggle against great horror
adventure.conversation.emotion	0x1675ac0	Fail the struggle against great grief
adventure.conversation.emotion	0x1675af0	Fail the struggle against great shock
adventure.conversation.emotion	0x1675b40	Fail the struggle against great alarm
adventure.conversation.emotion	0x1675bc8	State feelings of great triumph
adventure.conversation.emotion	0x1675be8	State feelings of great grim satisfaction
adventure.conversation.emotion	0x1675c18	Verbally struggle against great horror
adventure.conversation.emotion	0x1675c40	Verbally struggle against great grief
adventure.conversation.emotion	0x1675c78	Verbally struggle against great shock
adventure.conversation.emotion	0x1675ca0	State feelings of great suspicion
adventure.conversation.emotion	0x1675cc8	Verbally struggle against great alarm
adventure.conversation.emotion	0x1675d50	Fail the struggle against great misery
adventure.conversation.emotion	0x1675d78	Fail the struggle against great mortification
adventure.conversation.emotion	0x1675da8	Fail the struggle against great distress
adventure.conversation.emotion	0x1675dd8	Fail the struggle against great fright
adventure.conversation.emotion	0x1675e00	Fail the struggle against great despair
adventure.conversation.emotion	0x1675e28	Fail the struggle against great dismay
adventure.conversation.emotion	0x1676120	State feelings of great embarrassment
adventure.conversation.emotion	0x1676148	State feelings of great empathy
adventure.conversation.emotion	0x1676168	State feelings of great displeasure
adventure.conversation.emotion	0x1676190	State feelings of great eagerness
adventure.conversation.emotion	0x16761b8	State feelings of great disillusionment
adventure.conversation.emotion	0x16761e0	State feelings of great dislike
adventure.conversation.emotion	0x1676200	State feelings of great disappointment
adventure.conversation.emotion	0x1676228	State feelings of great disgust
adventure.conversation.emotion	0x1676248	State feelings of great contempt
adventure.conversation.emotion	0x1676270	State feelings of great dejection
adventure.conversation.emotion	0x1676298	State feelings of great caring
adventure.conversation.emotion	0x16762b8	State feelings of great confusion
adventure.conversation.emotion	0x16762e0	State feelings of great bitterness
adventure.conversation.emotion	0x1676308	State feelings of great boredom
adventure.conversation.emotion	0x1676328	State feelings of great aversion
adventure.conversation.emotion	0x1676350	State feelings of great awe
adventure.conversation.emotion	0x1676370	State feelings of great insult
adventure.conversation.emotion	0x1676390	State feelings of great interest
adventure.conversation.emotion	0x16763b8	State feelings of great hopelessness
adventure.conversation.emotion	0x16763e0	State feelings of great humiliation
adventure.conversation.emotion	0x1676408	State feelings of great hatred
adventure.conversation.emotion	0x1676428	State feelings of great hope
adventure.conversation.emotion	0x1676448	State feelings of great grumpiness
adventure.conversation.emotion	0x1676470	State feelings of great guilt
adventure.conversation.emotion	0x1676490	State feelings of great gratitude
adventure.conversation.emotion	0x16764b8	State feelings of great grouchiness
adventure.conversation.emotion	0x16764e0	State feelings of great gloom
adventure.conversation.emotion	0x1676500	State feelings of great glumness
adventure.conversation.emotion	0x1676528	State feelings of great ferocity
adventure.conversation.emotion	0x1676550	State feelings of great frustration
adventure.conversation.emotion	0x1676578	State feelings of great emptiness
adventure.conversation.emotion	0x16765a0	State feelings of great exasperation
adventure.conversation.emotion	0x16765c8	Verbally struggle against great distress
adventure.conversation.emotion	0x16765f8	Verbally struggle against great fright
adventure.conversation.emotion	0x1676620	Verbally struggle against great despair
adventure.conversation.emotion	0x1676648	Verbally struggle against great dismay
adventure.conversation.emotion	0x1676670	Verbally struggle against great agony
adventure.conversation.emotion	0x1676698	Verbally struggle against great anguish
adventure.conversation.emotion	0x16766c0	State feelings of great vengefulness
adventure.conversation.emotion	0x16766e8	Verbally struggle against great terror
adventure.conversation.emotion	0x1676710	State feelings of great gaiety
adventure.conversation.emotion	0x1676730	State feelings of great joy
adventure.conversation.emotion	0x1676750	State feelings of great bliss
adventure.conversation.emotion	0x1676770	State feelings of great excitement
adventure.conversation.emotion	0x1676798	State feelings of great satisfaction
adventure.conversation.emotion	0x16767c0	State feelings of great love
adventure.conversation.emotion	0x16767e0	Verbally struggle against great fear
adventure.conversation.emotion	0x1676808	Verbally struggle against great sadness
adventure.conversation.emotion	0x1676830	State feelings of great arousal
adventure.conversation.emotion	0x1676850	State feelings of great astonishment
adventure.conversation.emotion	0x1676878	State feelings of great anxiety
adventure.conversation.emotion	0x1676898	State feelings of great apathy
adventure.conversation.emotion	0x16768b8	State feelings of great anger
adventure.conversation.emotion	0x16768d8	State feelings of great annoyance
adventure.conversation.emotion	0x1676900	State feelings of great amazement
adventure.conversation.emotion	0x1676928	State feelings of great ambivalence
adventure.conversation.emotion	0x1676950	State feelings of great aggravation
adventure.conversation.emotion	0x1676978	State feelings of great alienation
adventure.conversation.emotion	0x16769a0	State feelings of great admiration
adventure.conversation.emotion	0x16769c8	State feelings of great agitation
adventure.conversation.emotion	0x1676a18	State feelings of great acceptance
adventure.conversation.emotion	0x1676a40	Verbally struggle against great misery
adventure.conversation.emotion	0x1676a68	Verbally struggle against great mortification
adventure.conversation.emotion	0x1676a98	State feelings of great pleasure
adventure.conversation.emotion	0x1676ac0	State feelings of great pride
adventure.conversation.emotion	0x1676ae0	State feelings of great joviality
adventure.conversation.emotion	0x1676b08	State feelings of great jubilation
adventure.conversation.emotion	0x1676b30	State feelings of great happiness
adventure.conversation.emotion	0x1676b58	State feelings of great jolliness
adventure.conversation.emotion	0x1676b80	State feelings of great freedom
adventure.conversation.emotion	0x1676ba0	State feelings of great flee
adventure.conversation.emotion	0x1676bc0	State feelings of great exhilaration
adventure.conversation.emotion	0x1676be8	State feelings of great fondness
adventure.conversation.emotion	0x1676c10	State feelings of great elation
adventure.conversation.emotion	0x1676c30	State feelings of great enjoyment
adventure.conversation.emotion	0x1676c58	State feelings of great contentment
adventure.conversation.emotion	0x1676c80	State feelings of great delight
adventure.conversation.emotion	0x1676ca0	State feelings of great affection
adventure.conversation.emotion	0x1676cc8	State feelings of great amusement
adventure.conversation.emotion	0x1676cf0	State feelings of triumph
adventure.conversation.emotion	0x1676d10	Verbally struggle against rage
adventure.conversation.emotion	0x1676d30	Verbally struggle against horror
adventure.conversation.emotion	0x1676d58	Verbally struggle against grief
adventure.conversation.emotion	0x1676d78	Verbally struggle against alarm
adventure.conversation.emotion	0x1676d98	Verbally struggle against shock
adventure.conversation.emotion	0x1676db8	State feelings of great euphoria
adventure.conversation.emotion	0x1676de0	State feelings of suspicion
adventure.conversation.emotion	0x1676e00	State feelings of great enthusiasm
adventure.conversation.emotion	0x1676e28	Verbally struggle against great pessimism
adventure.conversation.emotion	0x1676e80	Verbally struggle against great doubt
adventure.conversation.emotion	0x1676ea8	Verbally struggle against looming existential crisis
adventure.conversation.emotion	0x1676f58	State feelings of great regret
adventure.conversation.emotion	0x1676f78	State feelings of great remorse
adventure.conversation.emotion	0x1676f98	State feelings of great rejection
adventure.conversation.emotion	0x1676fc0	State feelings of great relief
adventure.conversation.emotion	0x1676fe0	State feelings of great patience
adventure.conversation.emotion	0x1677008	State feelings of great passion
adventure.conversation.emotion	0x1677028	State feelings of great outrage
adventure.conversation.emotion	0x1677048	State feelings of great panic
adventure.conversation.emotion	0x1677068	State feelings of great nostalgia
adventure.conversation.emotion	0x1677090	State feelings of great optimism
adventure.conversation.emotion	0x16770b8	State feelings of great lust
adventure.conversation.emotion	0x16770d8	State feelings of great nervousness
adventure.conversation.emotion	0x1677100	State feelings of great loathing
adventure.conversation.emotion	0x1677128	State feelings of great loneliness
adventure.conversation.emotion	0x1677150	State feelings of great irritation
adventure.conversation.emotion	0x1677178	State feelings of great isolation
adventure.conversation.emotion	0x16771a0	State feelings of great zeal
adventure.conversation.emotion	0x16771c0	State feelings of great adoration
adventure.conversation.emotion	0x16771e8	State feelings of great worry
adventure.conversation.emotion	0x1677208	State feelings of great wrath
adventure.conversation.emotion	0x1677228	State feelings of great unhappiness
adventure.conversation.emotion	0x1677250	State feelings of great wonder
adventure.conversation.emotion	0x1677270	State feelings of great tenderness
adventure.conversation.emotion	0x1677298	State feelings of great uneasiness
adventure.conversation.emotion	0x16772c0	State feelings of great shame
adventure.conversation.emotion	0x16772e0	State feelings of great sympathy
adventure.conversation.emotion	0x1677308	State feelings of great self-pity
adventure.conversation.emotion	0x1677330	State feelings of great servility
adventure.conversation.emotion	0x1677358	State feelings of great restlessness
adventure.conversation.emotion	0x1677380	State feelings of great righteous indignation
adventure.conversation.emotion	0x16773b0	State feelings of great repentance
adventure.conversation.emotion	0x16773d8	State feelings of great resentment
adventure.conversation.emotion	0x1677400	State feelings of eagerness
adventure.conversation.emotion	0x1677420	State feelings of embarassment
adventure.conversation.emotion	0x1677440	State feelings of dislike
adventure.conversation.emotion	0x1677460	State feelings of displeasure
adventure.conversation.emotion	0x1677480	State feelings of disgust
adventure.conversation.emotion	0x16774a0	State feelings of disillusionment
adventure.conversation.emotion	0x16774c8	State feelings of dejection
adventure.conversation.emotion	0x16774e8	State feelings of disappointment
adventure.conversation.emotion	0x1677510	State feelings of confusion
adventure.conversation.emotion	0x1677530	State feelings of contempt
adventure.conversation.emotion	0x1677550	State feelings of boredom
adventure.conversation.emotion	0x1677570	State feelings of caring
adventure.conversation.emotion	0x1677590	State feelings of awe
adventure.conversation.emotion	0x16775a8	State feelings of bitterness
adventure.conversation.emotion	0x16775c8	State feelings of astonishment
adventure.conversation.emotion	0x16775e8	State feelings of aversion
adventure.conversation.emotion	0x1677608	State feelings of humiliation
adventure.conversation.emotion	0x1677628	State feelings of insult
adventure.conversation.emotion	0x1677648	State feelings of hope
adventure.conversation.emotion	0x1677660	State feelings of hopelessness
adventure.conversation.emotion	0x1677680	State feelings of guilt
adventure.conversation.emotion	0x1677698	State feelings of hatred
adventure.conversation.emotion	0x16776b8	State feelings of grouchiness
adventure.conversation.emotion	0x16776d8	State feelings of grumpiness
adventure.conversation.emotion	0x16776f8	State feelings of glumness
adventure.conversation.emotion	0x1677718	State feelings of gratitude
adventure.conversation.emotion	0x1677738	State feelings of frustration
adventure.conversation.emotion	0x1677758	State feelings of gloom
adventure.conversation.emotion	0x1677770	State feelings of exasperation
adventure.conversation.emotion	0x1677790	State feelings of ferocity
adventure.conversation.emotion	0x16777b0	State feelings of empathy
adventure.conversation.emotion	0x16777d0	State feelings of emptiness
adventure.conversation.emotion	0x16777f0	Verbally struggle against dismay
adventure.conversation.emotion	0x1677818	Verbally struggle against distress
adventure.conversation.emotion	0x1677840	Verbally struggle against anguish
adventure.conversation.emotion	0x1677868	Verbally struggle against despair
adventure.conversation.emotion	0x1677890	Verbally struggle against terror
adventure.conversation.emotion	0x16778b8	Verbally struggle against agony
adventure.conversation.emotion	0x16778d8	State feelings of joy
adventure.conversation.emotion	0x16778f0	State feelings of vengefulness
adventure.conversation.emotion	0x1677910	State feelings of excitement
adventure.conversation.emotion	0x1677930	State feelings of gaiety
adventure.conversation.emotion	0x1677950	State feelings of love
adventure.conversation.emotion	0x1677968	State feelings of bliss
adventure.conversation.emotion	0x1677980	Verbally struggle against sadness
adventure.conversation.emotion	0x16779a8	State feelings of satisfaction
adventure.conversation.emotion	0x16779c8	State feelings of grim satisfaction
adventure.conversation.emotion	0x16779f0	Verbally struggle against fear
adventure.conversation.emotion	0x1677a10	State feelings of apathy
adventure.conversation.emotion	0x1677a30	State feelings of arousal
adventure.conversation.emotion	0x1677a50	State feelings of annoyance
adventure.conversation.emotion	0x1677a70	State feelings of anxiety
adventure.conversation.emotion	0x1677a90	State feelings of ambivalence
adventure.conversation.emotion	0x1677ab0	State feelings of anger
adventure.conversation.emotion	0x1677ac8	State feelings of alienation
adventure.conversation.emotion	0x1677ae8	State feelings of amazement
adventure.conversation.emotion	0x1677b08	State feelings of agitation
adventure.conversation.emotion	0x1677b28	State feelings of aggravation
adventure.conversation.emotion	0x1677b48	State feelings of acceptance
adventure.conversation.emotion	0x1677b68	State feelings of admiration
adventure.conversation.emotion	0x1677b88	Verbally struggle against mortification
adventure.conversation.emotion	0x1677bd0	Verbally struggle against fright
adventure.conversation.emotion	0x1677bf8	Verbally struggle against misery
adventure.conversation.emotion	0x1677c20	State feelings of jubilation
adventure.conversation.emotion	0x1677c40	State feelings of pleasure
adventure.conversation.emotion	0x1677c60	State feelings of jolliness
adventure.conversation.emotion	0x1677c80	State feelings of joviality
adventure.conversation.emotion	0x1677ca0	State feelings of glee
adventure.conversation.emotion	0x1677cb8	State feelings of happiness
adventure.conversation.emotion	0x1677cd8	State feelings of fondness
adventure.conversation.emotion	0x1677cf8	State feelings of freedom
adventure.conversation.emotion	0x1677d18	State feelings of enjoyment
adventure.conversation.emotion	0x1677d38	State feelings of exhilaration
adventure.conversation.emotion	0x1677d58	State feelings of delight
adventure.conversation.emotion	0x1677d78	State feelings of elation
adventure.conversation.emotion	0x1677d98	State feelings of amusement
adventure.conversation.emotion	0x1677db8	State feelings of contentment
adventure.conversation.emotion	0x1677dd8	State feelings of adoration
adventure.conversation.emotion	0x1677df8	State feelings of affection
adventure.conversation.emotion	0x1677e18	Dismiss minor feeling of grief
adventure.conversation.emotion	0x1677e38	State minor feeling of triumph
adventure.conversation.emotion	0x1677e58	Dismiss minor feeling of shock
adventure.conversation.emotion	0x1677e78	Dismiss minor feeling of horror
adventure.conversation.emotion	0x1677e98	State minor feeling of suspicion
adventure.conversation.emotion	0x1677ec0	Dismiss minor feeling of alarm
adventure.conversation.emotion	0x1677ee0	Verbally struggle against pessimism
adventure.conversation.emotion	0x1677f08	State feelings of euphoria
adventure.conversation.emotion	0x1677f28	Verbally struggle against doubt
adventure.conversation.emotion	0x1677f48	State feelings of enthusiasm
adventure.conversation.emotion	0x1677fc8	Verbally struggle against existential crisis
adventure.conversation.emotion	0x1677ff8	State feelings of pride
adventure.conversation.emotion	0x1678030	State feelings of relief
adventure.conversation.emotion	0x1678050	State feelings of regret
adventure.conversation.emotion	0x1678070	State feelings of passion
adventure.conversation.emotion	0x1678090	State feelings of rejection
adventure.conversation.emotion	0x16780b0	State feelings of panic
adventure.conversation.emotion	0x16780c8	State feelings of patience
adventure.conversation.emotion	0x16780e8	State feelings of optimism
adventure.conversation.emotion	0x1678108	State feelings of outrage
adventure.conversation.emotion	0x1678128	State feelings of nervousness
adventure.conversation.emotion	0x1678148	State feelings of nostalgia
adventure.conversation.emotion	0x1678168	State feelings of loneliness
adventure.conversation.emotion	0x1678188	State feelings of lust
adventure.conversation.emotion	0x16781a0	State feelings of isolation
adventure.conversation.emotion	0x16781c0	State feelings of loathing
adventure.conversation.emotion	0x16781e0	State feelings of interest
adventure.conversation.emotion	0x1678200	State feelings of irritation
adventure.conversation.emotion	0x1678220	State feelings of wrath
adventure.conversation.emotion	0x1678238	State feelings of zeal
adventure.conversation.emotion	0x1678250	State feelings of wonder
adventure.conversation.emotion	0x1678270	State feelings of worry
adventure.conversation.emotion	0x1678288	State feelings of uneasiness
adventure.conversation.emotion	0x16782a8	State feelings of unhappiness
adventure.conversation.emotion	0x16782c8	State feelings of sympathy
adventure.conversation.emotion	0x16782e8	State feelings of tenderness
adventure.conversation.emotion	0x1678308	State feelings of servility
adventure.conversation.emotion	0x1678328	State feelings of shame
adventure.conversation.emotion	0x1678340	State feelings of righteous indignation
adventure.conversation.emotion	0x1678368	State feelings of self-pity
adventure.conversation.emotion	0x1678388	State feelings of resentment
adventure.conversation.emotion	0x16783a8	State feelings of restlessness
adventure.conversation.emotion	0x16783c8	State feelings of remorse
adventure.conversation.emotion	0x16783e8	State feelings of repentance
adventure.conversation.emotion	0x1678408	State minor feeling of displeasure
adventure.conversation.emotion	0x1678430	State minor feeling of eagerness
adventure.conversation.emotion	0x1678458	State minor feeling of disillusionment
adventure.conversation.emotion	0x1678480	State minor feeling of dislike
adventure.conversation.emotion	0x16784a0	State minor feeling of disappointment
adventure.conversation.emotion	0x16784c8	State minor feeling of disgust
adventure.conversation.emotion	0x16784e8	State minor feeling of contempt
adventure.conversation.emotion	0x1678508	State minor feeling of dejection
adventure.conversation.emotion	0x1678530	State minor feeling of caring
adventure.conversation.emotion	0x1678550	State minor feeling of confusion
adventure.conversation.emotion	0x1678578	State minor feeling of bitterness
adventure.conversation.emotion	0x16785a0	State minor feeling of boredom
adventure.conversation.emotion	0x16785c0	State minor feeling of aversion
adventure.conversation.emotion	0x16785e0	State minor feeling of awe
adventure.conversation.emotion	0x1678600	State minor feeling of arousal
adventure.conversation.emotion	0x1678620	State minor feeling of astonishment
adventure.conversation.emotion	0x1678648	State minor feeling of hopelessness
adventure.conversation.emotion	0x1678670	State minor feeling of humiliation
adventure.conversation.emotion	0x1678698	State minor feeling of hatred
adventure.conversation.emotion	0x16786b8	State minor feeling of hope
adventure.conversation.emotion	0x16786d8	State minor feeling of grumpiness
adventure.conversation.emotion	0x1678700	State minor feeling of guilt
adventure.conversation.emotion	0x1678720	State minor feeling of gratitude
adventure.conversation.emotion	0x1678748	State minor feeling of grouchiness
adventure.conversation.emotion	0x1678770	State minor feeling of gloom
adventure.conversation.emotion	0x1678790	State minor feeling of glumness
adventure.conversation.emotion	0x16787b0	State minor feeling of ferocity
adventure.conversation.emotion	0x16787d0	State minor feeling of frustration
adventure.conversation.emotion	0x16787f8	State minor feeling of emptiness
adventure.conversation.emotion	0x1678820	State minor feeling of exasperation
adventure.conversation.emotion	0x1678848	State minor feeling of embarrassment
adventure.conversation.emotion	0x1678870	State minor feeling of empathy
adventure.conversation.emotion	0x1678890	Dismiss minor feeling of despair
adventure.conversation.emotion	0x16788b8	Dismiss minor feeling of dismay
adventure.conversation.emotion	0x16788d8	Dismiss minor feeling of agony
adventure.conversation.emotion	0x16788f8	Dismiss minor feeling of anguish
adventure.conversation.emotion	0x1678920	State minor feeling of vengefulness
adventure.conversation.emotion	0x1678948	Dismiss minor feeling of terror
adventure.conversation.emotion	0x1678968	State minor feeling of gaiety
adventure.conversation.emotion	0x1678988	State minor feeling of joy
adventure.conversation.emotion	0x16789a8	State minor feeling of bliss
adventure.conversation.emotion	0x16789c8	State minor feeling of excitement
adventure.conversation.emotion	0x16789f0	State minor feeling of satisfaction
adventure.conversation.emotion	0x1678a18	State minor feeling of love
adventure.conversation.emotion	0x1678a38	Dismiss minor feeling of fear
adventure.conversation.emotion	0x1678a58	Dismiss minor feeling of sadness
adventure.conversation.emotion	0x1678a80	Dismiss minor feeling of rage
adventure.conversation.emotion	0x1678aa0	State minor feeling of grim satisfaction
adventure.conversation.emotion	0x1678ad0	State minor feeling of anxiety
adventure.conversation.emotion	0x1678af0	State minor feeling of apathy
adventure.conversation.emotion	0x1678b10	State minor feeling of anger
adventure.conversation.emotion	0x1678b30	State minor feeling of annoyance
adventure.conversation.emotion	0x1678b58	State minor feeling of amazement
adventure.conversation.emotion	0x1678b80	State minor feeling of ambivalence
adventure.conversation.emotion	0x1678ba8	State minor feeling of aggravation
adventure.conversation.emotion	0x1678bd0	State minor feeling of alienation
adventure.conversation.emotion	0x1678bf8	State minor feeling of admiration
adventure.conversation.emotion	0x1678c20	State minor feeling of agitation
adventure.conversation.emotion	0x1678c48	Dismiss minor feeling of being shaken
adventure.conversation.emotion	0x1678c70	State minor feeling of acceptance
adventure.conversation.emotion	0x1678c98	Dismiss minor feeling of misery
adventure.conversation.emotion	0x1678cb8	Dismiss minor feeling of mortification
adventure.conversation.emotion	0x1678ce0	Dismiss minor feeling of distress
adventure.conversation.emotion	0x1678d08	Dismiss minor feeling of fright
adventure.conversation.emotion	0x1678d28	State minor feeling of joviality
adventure.conversation.emotion	0x1678d50	State minor feeling of jubilation
adventure.conversation.emotion	0x1678d78	State minor feeling of happiness
adventure.conversation.emotion	0x1678da0	State minor feeling of jolliness
adventure.conversation.emotion	0x1678dc8	State minor feeling of freedom
adventure.conversation.emotion	0x1678de8	State minor feeling of glee
adventure.conversation.emotion	0x1678e08	State minor feeling of exhilaration
adventure.conversation.emotion	0x1678e30	State minor feeling of fondness
adventure.conversation.emotion	0x1678e50	State minor feeling of elation
adventure.conversation.emotion	0x1678e70	State minor feeling of enjoyment
adventure.conversation.emotion	0x1678e98	State minor feeling of contentment
adventure.conversation.emotion	0x1678ec0	State minor feeling of delight
adventure.conversation.emotion	0x1678ee0	State minor feeling of affection
adventure.conversation.emotion	0x1678f08	State minor feeling of amusement
adventure.conversation.emotion	0x1678f30	State minor feeling of zeal
adventure.conversation.emotion	0x1678f50	State minor feeling of adoration
adventure.conversation.emotion	0x1678f78	Acknowledge lack of horror
adventure.conversation.emotion	0x1678f98	Acknowledge lack of grief
adventure.conversation.emotion	0x1678fb8	Acknowledge lack of alarm
adventure.conversation.emotion	0x1678fd8	Acknowledge lack of shock
adventure.conversation.emotion	0x1678ff8	State minor feeling of euphoria
adventure.conversation.emotion	0x1679018	Acknowledge lack of suspicion
adventure.conversation.emotion	0x1679038	State minor feeling of enthusiasm
adventure.conversation.emotion	0x1679060	Dismiss minor feeling of pessimism
adventure.conversation.emotion	0x16790f0	Dismiss minor feeling of defeat
adventure.conversation.emotion	0x1679160	State minor feeling of pleasure
adventure.conversation.emotion	0x1679180	State minor feeling of pride
adventure.conversation.emotion	0x16791a0	State minor feeling of rejection
adventure.conversation.emotion	0x16791c8	State minor feeling of relief
adventure.conversation.emotion	0x16791e8	State minor feeling of patience
adventure.conversation.emotion	0x1679208	State minor feeling of passion
adventure.conversation.emotion	0x1679228	State minor feeling of outrage
adventure.conversation.emotion	0x1679248	State minor feeling of panic
adventure.conversation.emotion	0x1679268	State minor feeling of nostalgia
adventure.conversation.emotion	0x1679290	State minor feeling of optimism
adventure.conversation.emotion	0x16792b0	State minor feeling of lust
adventure.conversation.emotion	0x16792d0	State minor feeling of nervousness
adventure.conversation.emotion	0x16792f8	State minor feeling of loathing
adventure.conversation.emotion	0x1679318	State minor feeling of loneliness
adventure.conversation.emotion	0x1679340	State minor feeling of irritation
adventure.conversation.emotion	0x1679368	State minor feeling of isolation
adventure.conversation.emotion	0x1679390	State minor feeling of insult
adventure.conversation.emotion	0x16793b0	State minor feeling of interest
adventure.conversation.emotion	0x16793d0	State minor feeling of worry
adventure.conversation.emotion	0x16793f0	State minor feeling of wrath
adventure.conversation.emotion	0x1679410	State minor feeling of unhappiness
adventure.conversation.emotion	0x1679438	State minor feeling of wonder
adventure.conversation.emotion	0x1679458	State minor feeling of tenderness
adventure.conversation.emotion	0x1679480	State minor feeling of uneasiness
adventure.conversation.emotion	0x16794a8	State minor feeling of shame
adventure.conversation.emotion	0x16794c8	State minor feeling of sympathy
adventure.conversation.emotion	0x16794e8	State minor feeling of self-pity
adventure.conversation.emotion	0x1679510	State minor feeling of servility
adventure.conversation.emotion	0x1679538	State minor feeling of restlessness
adventure.conversation.emotion	0x1679560	State minor feeling of righteous indignation
adventure.conversation.emotion	0x1679590	State minor feeling of repentance
adventure.conversation.emotion	0x16795b8	State minor feeling of resentment
adventure.conversation.emotion	0x16795e0	State minor feeling of regret
adventure.conversation.emotion	0x1679600	State minor feeling of remorse
adventure.conversation.emotion	0x1679620	Acknowledge lack of dislike
adventure.conversation.emotion	0x1679640	Acknowledge lack of displeasure
adventure.conversation.emotion	0x1679660	Acknowledge lack of disgust
adventure.conversation.emotion	0x1679680	Acknowledge lack of disillusionment
adventure.conversation.emotion	0x16796a8	Acknowledge lack of dejection
adventure.conversation.emotion	0x16796c8	Acknowledge lack of disappointment
adventure.conversation.emotion	0x16796f0	Acknowledge lack of confusion
adventure.conversation.emotion	0x1679710	Acknowledge lack of contempt
adventure.conversation.emotion	0x1679730	Acknowledge lack of boredom
adventure.conversation.emotion	0x1679750	Acknowledge lack of caring
adventure.conversation.emotion	0x1679770	Acknowledge lack of awe
adventure.conversation.emotion	0x1679788	Acknowledge lack of bitterness
adventure.conversation.emotion	0x16797a8	Acknowledge lack of astonishment
adventure.conversation.emotion	0x16797d0	Acknowledge lack of aversion
adventure.conversation.emotion	0x16797f0	Acknowledge lack of apathy
adventure.conversation.emotion	0x1679810	Acknowledge lack of arousal
adventure.conversation.emotion	0x1679830	Acknowledge lack of hope
adventure.conversation.emotion	0x1679850	Acknowledge lack of hopelessness
adventure.conversation.emotion	0x1679878	Acknowledge lack of guilt
adventure.conversation.emotion	0x1679898	Acknowledge lack of hatred
adventure.conversation.emotion	0x16798b8	Acknowledge lack of grouchiness
adventure.conversation.emotion	0x16798d8	Acknowledge lack of grumpiness
adventure.conversation.emotion	0x16798f8	Acknowledge lack of glumness
adventure.conversation.emotion	0x1679918	Acknowledge lack of gratitude
adventure.conversation.emotion	0x1679938	Acknowledge lack of frustration
adventure.conversation.emotion	0x1679958	Acknowledge lack of gloom
adventure.conversation.emotion	0x1679978	Acknowledge lack of exasperation
adventure.conversation.emotion	0x16799a0	Acknowledge lack of ferocity
adventure.conversation.emotion	0x16799c0	Acknowledge lack of empathy
adventure.conversation.emotion	0x16799e0	Acknowledge lack of emptiness
adventure.conversation.emotion	0x1679a00	Acknowledge lack of eagerness
adventure.conversation.emotion	0x1679a20	Acknowledge lack of embarrassment
adventure.conversation.emotion	0x1679a48	Acknowledge lack of anguish
adventure.conversation.emotion	0x1679a68	Acknowledge lack of despair
adventure.conversation.emotion	0x1679a88	Acknowledge lack of terror
adventure.conversation.emotion	0x1679aa8	Acknowledge lack of agony
adventure.conversation.emotion	0x1679ac8	Acknowledge lack of joy
adventure.conversation.emotion	0x1679ae0	Acknowledge lack of vengefulness
adventure.conversation.emotion	0x1679b08	Acknowledge lack of excitement
adventure.conversation.emotion	0x1679b28	Acknowledge lack of gaiety
adventure.conversation.emotion	0x1679b48	Acknowledge lack of love
adventure.conversation.emotion	0x1679b68	Acknowledge lack of bliss
adventure.conversation.emotion	0x1679b88	Acknowledge lack of sadness
adventure.conversation.emotion	0x1679ba8	Acknowledge lack of satisfaction
adventure.conversation.emotion	0x1679bd0	Acknowledge lack of grim satisfaction
adventure.conversation.emotion	0x1679bf8	Acknowledge lack of fear
adventure.conversation.emotion	0x1679c18	Acknowledge lack of triumph
adventure.conversation.emotion	0x1679c38	Acknowledge lack of rage
adventure.conversation.emotion	0x1679c58	Acknowledge lack of annoyance
adventure.conversation.emotion	0x1679c78	Acknowledge lack of anxiety
adventure.conversation.emotion	0x1679c98	Acknowledge lack of ambivalence
adventure.conversation.emotion	0x1679cb8	Acknowledge lack of anger
adventure.conversation.emotion	0x1679cd8	Acknowledge lack of alienation
adventure.conversation.emotion	0x1679cf8	Acknowledge lack of amazement
adventure.conversation.emotion	0x1679d18	Acknowledge lack of agitation
adventure.conversation.emotion	0x1679d38	Acknowledge lack of aggravation
adventure.conversation.emotion	0x1679d58	Acknowledge lack of acceptance
adventure.conversation.emotion	0x1679d78	Acknowledge lack of admiration
adventure.conversation.emotion	0x1679d98	Acknowledge lack of mortification
adventure.conversation.emotion	0x1679dc0	Acknowledge lack of being shaken
adventure.conversation.emotion	0x1679de8	Acknowledge lack of fright
adventure.conversation.emotion	0x1679e08	Acknowledge lack of misery
adventure.conversation.emotion	0x1679e28	Acknowledge lack of dismay
adventure.conversation.emotion	0x1679e48	Acknowledge lack of distress
adventure.conversation.emotion	0x1679e68	Acknowledge lack of jolliness
adventure.conversation.emotion	0x1679e88	Acknowledge lack of joviality
adventure.conversation.emotion	0x1679ea8	Acknowledge lack of glee
adventure.conversation.emotion	0x1679ec8	Acknowledge lack of happiness
adventure.conversation.emotion	0x1679ee8	Acknowledge lack of fondness
adventure.conversation.emotion	0x1679f08	Acknowledge lack of freedom
adventure.conversation.emotion	0x1679f28	Acknowledge lack of enjoyment
adventure.conversation.emotion	0x1679f48	Acknowledge lack of exhilaration
adventure.conversation.emotion	0x1679f70	Acknowledge lack of delight
adventure.conversation.emotion	0x1679f90	Acknowledge lack of elation
adventure.conversation.emotion	0x1679fb0	Acknowledge lack of amusement
adventure.conversation.emotion	0x1679fd0	Acknowledge lack of contentment
adventure.conversation.emotion	0x1679ff0	Acknowledge lack of adoration
adventure.conversation.emotion	0x167a010	Acknowledge lack of affection
adventure.conversation.emotion	0x167a030	Acknowledge lack of wrath
adventure.conversation.emotion	0x167a050	Acknowledge lack of zeal
adventure.conversation.emotion	0x167a0d8	Acknowledge lack of pessimism
adventure.conversation.emotion	0x167a0f8	Acknowledge lack of euphoria
adventure.conversation.emotion	0x167a118	Acknowledge lack of doubt
adventure.conversation.emotion	0x167a138	Acknowledge lack of enthusiasm
adventure.conversation.emotion	0x167a158	Acknowledge lack of defeat
adventure.conversation.emotion	0x167a178	Acknowledge lack of expectancy
adventure.conversation.emotion	0x167a198	Acknowledge lack of a thrill
adventure.conversation.emotion	0x167a1b8	Acknowledge lack of existential crisis
adventure.conversation.emotion	0x167a1e0	Acknowledge lack of pride
adventure.conversation.emotion	0x167a200	Acknowledge lack of rapture
adventure.conversation.emotion	0x167a220	Acknowledge lack of jubilation
adventure.conversation.emotion	0x167a240	Acknowledge lack of pleasure
adventure.conversation.emotion	0x167a260	Acknowledge lack of passion
adventure.conversation.emotion	0x167a280	Acknowledge lack of rejection
adventure.conversation.emotion	0x167a2a0	Acknowledge lack of panic
adventure.conversation.emotion	0x167a2c0	Acknowledge lack of patience
adventure.conversation.emotion	0x167a2e0	Acknowledge lack of optimism
adventure.conversation.emotion	0x167a300	Acknowledge lack of outrage
adventure.conversation.emotion	0x167a320	Acknowledge lack of nervousness
adventure.conversation.emotion	0x167a340	Acknowledge lack of nostalgia
adventure.conversation.emotion	0x167a360	Acknowledge lack of loneliness
adventure.conversation.emotion	0x167a380	Acknowledge lack of lust
adventure.conversation.emotion	0x167a3a0	Acknowledge lack of isolation
adventure.conversation.emotion	0x167a3c0	Acknowledge lack of loathing
adventure.conversation.emotion	0x167a3e0	Acknowledge lack of interest
adventure.conversation.emotion	0x167a400	Acknowledge lack of irritation
adventure.conversation.emotion	0x167a420	Acknowledge lack of humiliation
adventure.conversation.emotion	0x167a440	Acknowledge lack of insult
adventure.conversation.emotion	0x167a460	Acknowledge lack of wonder
adventure.conversation.emotion	0x167a480	Acknowledge lack of worry
adventure.conversation.emotion	0x167a4a0	Acknowledge lack of uneasiness
adventure.conversation.emotion	0x167a4c0	Acknowledge lack of unhappiness
adventure.conversation.emotion	0x167a4e0	Acknowledge lack of sympathy
adventure.conversation.emotion	0x167a500	Acknowledge lack of tenderness
adventure.conversation.emotion	0x167a520	Acknowledge lack of servility
adventure.conversation.emotion	0x167a540	Acknowledge lack of shame
adventure.conversation.emotion	0x167a560	Acknowledge lack of righteous indignation
adventure.conversation.emotion	0x167a590	Acknowledge lack of self-pity
adventure.conversation.emotion	0x167a5b0	Acknowledge lack of resentment
adventure.conversation.emotion	0x167a5d0	Acknowledge lack of restlessness
adventure.conversation.emotion	0x167a5f8	Acknowledge lack of remorse
adventure.conversation.emotion	0x167a618	Acknowledge lack of repentance
adventure.conversation.emotion	0x167a638	Acknowledge lack of relief
adventure.conversation.emotion	0x167a658	Acknowledge lack of regret
adventure.conversation.dynamic	0x1672638	Claim this site for yourself and {e}
adventure.conversation.dynamic	0x1672e28	Ask for the whereabouts of {p}
adventure.conversation.dynamic	0x1672ea0	Summarize the hold of {e} on its territory
adventure.conversation.dynamic	0x1672ef0	Go into {e}'s relationship with {e}
adventure.conversation.dynamic	0x1672f08	Give an order based on {q}
adventure.conversation.dynamic	0x1672f48	Order listener to {q}
adventure.conversation.dynamic	0x1673008	Give {n}
adventure.conversation.dynamic	0x1673098	Request a guide to {e}
adventure.conversation.dynamic	0x16730b0	Ask for directions to {e}
adventure.conversation.dynamic	0x1673160	Ask about {s}
adventure.conversation.dynamic	0x1673238	Spread rumor of your lack of possession of {i}
adventure.conversation.dynamic	0x1673268	Spread rumor of your possession of {i}
adventure.conversation.dynamic	0x1673370	Extend room rental for {q}
adventure.conversation.dynamic	0x16733b0	Rent room for {q}
adventure.conversation.dynamic	0x16733d8	Order {i}
adventure.conversation.dynamic	0x1673408	Discuss the missing artifact {i}
adventure.conversation.dynamic	0x1673428	Summarize the conflict in which {v}
adventure.conversation.dynamic	0x1673480	Summarize your views on {q}
adventure.conversation.dynamic	0x16734c8	Describe the refugees created by the attack of {e}
adventure.conversation.dynamic	0x1673508	Summarize your views on the opposition to {e}
adventure.conversation.dynamic	0x1673550	Summarize the local disposition of the forces of {e}
adventure.conversation.dynamic	0x16735b0	Spread rumor of the abduction of {p}
adventure.conversation.dynamic	0x16735d8	Spread rumor of the reunion of {p}
adventure.conversation.dynamic	0x1673600	Spread rumor of the occupation of {e}
adventure.conversation.dynamic	0x1673628	Spread rumor of your reunion with {p}
adventure.conversation.dynamic	0x1673678	Spread rumor of the {v}
adventure.conversation.dynamic	0x1673690	Bring up the death of {p}
adventure.conversation.dynamic	0x16736a8	Spread rumor of {v}
adventure.conversation.dynamic	0x16736c0	Bring up the reunion of {p}
adventure.conversation.dynamic	0x1673710	Bring up your reunion with {p}
adventure.conversation.dynamic	0x1673748	Bring up {v}
adventure.conversation.dynamic	0x1673778	Demand that the listener drop {i}
adventure.conversation.dynamic	0x1673798	Offer peace between {e} and {e}
adventure.conversation.dynamic	0x16737b0	Demand that {e} pay homage to {e}
adventure.conversation.dynamic	0x16737c8	Cancel tribute from {e}
adventure.conversation.dynamic	0x16737f0	Offer to have {e} pay homage to {e}
adventure.conversation.dynamic	0x1673800	Agree to make peace between {e} and {e}
adventure.conversation.dynamic	0x1673820	Refuse to make peace between {e} and {e}
adventure.conversation.dynamic	0x1673848	Refuse to have {e} pay homage to {e}
adventure.conversation.dynamic	0x1673858	Agree to have {e} pay homage to {e}
adventure.conversation.dynamic	0x1673848	Refuse to have {e} accept homage from {e}
adventure.conversation.dynamic	0x1673858	Agree to have {e} accept homage from {e}
adventure.conversation.dynamic	0x1673888	Ask the listener for the location of {e}
adventure.conversation.dynamic	0x16738c0	Offer listener your position as {s}
adventure.conversation.dynamic	0x1673b30	Suggest that the listener trade {i}
adventure.conversation.dynamic	0x1673b78	Accept that the listener will not trade {i}
adventure.conversation.dynamic	0x1673dd8	Give report pertaining to service as a {s}
adventure.conversation.dynamic	0x1674078	Ask listener to adopt {n}
adventure.conversation.dynamic	0x1674230	Invite listener to become a {s}
adventure.conversation.dynamic	0x1674250	Ask to become a {s}
adventure.conversation.dynamic	0x1674268	Revoke listener's status as a {s}
adventure.conversation.dynamic	0x1674290	Refuse request to become a {s}
adventure.conversation.dynamic	0x16742b0	Accept as a {s}
adventure.conversation.dynamic	0x16742c0	Refuse invitation to become a {s}
adventure.conversation.dynamic	0x16742e0	Accept invitation to become a {s}
adventure.conversation.dynamic	0x1674300	Kick listener out of {e}
adventure.conversation.dynamic	0x1674328	Leave {e}
adventure.conversation.dynamic	0x1674408	Suggest traveling to {e} to find a relative
adventure.conversation.dynamic	0x1674408	Suggest traveling to {e} to offer condolences
adventure.conversation.dynamic	0x1674408	Suggest traveling to {e}
adventure.conversation.dynamic	0x1674428	Suggest talking to {p}
adventure.conversation.dynamic	0x167443c	State {e}'s location
adventure.conversation.dynamic	0x16744e8	Ask for {s} to made {s}
adventure.conversation.dynamic	0x1674518	Ask to be made a {s} for {e}
adventure.conversation.dynamic	0x1674538	Request duty or advice pertaining to service as a {s}
adventure.conversation.dynamic	0x1674588	Accept invitation to join {e}
adventure.conversation.dynamic	0x16745a8	Refuse invitation to join {e}
adventure.conversation.dynamic	0x16745c8	Invite listener to join {e}
adventure.conversation.dynamic	0x16745f0	Accept into {e}
adventure.conversation.dynamic	0x1674600	Refuse request to join {e}
adventure.conversation.dynamic	0x1674618	Refuse listener work as {s}
adventure.conversation.dynamic	0x1674638	Ask to join {e}
adventure.conversation.dynamic	0x1674690	Grant {p} work as {s}
adventure.conversation.dynamic	0x16746a0	Grant listener work as {s}
adventure.conversation.dynamic	0x1674f78	Charge to serve {e}
adventure.conversation.dynamic	0x1674fd8	Lay quest to retrieve {i}
adventure.conversation.dynamic	0x16753c8	Praise for returning {i}
adventure.conversation.dynamic	0x16753e8	Express astonishment at seeing {p}
adventure.conversation.dynamic	0x16755f8	Tell the listener that {p} is dead
adventure.conversation.dynamic	0x1675620	Recommend {p}
adventure.conversation.dynamic	0x1675648	Tell listener about {q}
adventure.conversation.dynamic	0x1675660	Provide directions to {e}
adventure.conversation.dynamic	0x1675900	Provide the whereabouts of {p}
adventure.conversation.dynamic	0x1675968	Provide the location of {e}
adventure.conversation.dynamic	0x1675988	Give your opinion of {p}

# Windows PE conversation prompt and storytelling file offsets.
adventure.conversation.prompt	0x16297d8	What do you want?
adventure.conversation.prompt	0x16b18c0	How will you respond to the adoption request?
adventure.conversation.prompt	0x16b18f0	How will you respond to the position offer?
adventure.conversation.prompt	0x16b1920	What will you say about the conflict?
adventure.conversation.prompt	0x16b1948	What will you say about the journey?
adventure.conversation.prompt	0x16b1970	Which pet will you gift?
adventure.conversation.prompt	0x16b1990	What do you want to know?
adventure.conversation.prompt	0x16b19b0	Where do you want to go?
adventure.conversation.prompt	0x16b19d0	About whom do you ask?
adventure.conversation.prompt	0x16b19e8	What will you say about services?
adventure.conversation.prompt	0x16b1a10	What will you say about the agreement?
adventure.conversation.prompt	0x16b1a38	What will you say about the trade?
adventure.conversation.prompt	0x16b1a60	What will you say about the request?
adventure.conversation.prompt	0x16b1a88	How will you respond?
adventure.conversation.prompt	0x16b1aa0	How will you ask?
adventure.conversation.prompt	0x16b1ab8	What will you say about the conclusion of the agreement?
adventure.conversation.prompt	0x16b1af8	What will you say about the rescue?
adventure.conversation.prompt	0x16b1b20	What will you say about the refusal to accept tribute?
adventure.conversation.prompt	0x16b1b58	What will you say about tribute agreement?
adventure.conversation.prompt	0x16b1b88	What will you say about the peace agreement?
adventure.conversation.prompt	0x16b1bb8	What will you say about the refusal to give tribute?
adventure.conversation.prompt	0x16b1bf0	What will you say about the new leadership?
adventure.conversation.prompt	0x16b1c20	What will you say about the occupation?
adventure.conversation.prompt	0x16b1c48	What will you say about the trouble?
adventure.conversation.prompt	0x16b1c70	What will you say about the beast?
adventure.conversation.prompt	0x16b1c98	What will you say about the artifact's destruction?
adventure.conversation.prompt	0x16b1cd0	What will you say about the refugees?
adventure.conversation.prompt	0x16b1cf8	How will you respond to the offer of service?
adventure.conversation.prompt	0x16b1d28	What will you say about the artifact's location?
adventure.conversation.prompt	0x16b1d60	What will you say about the tribute stoppage?
adventure.conversation.prompt	0x16b1d90	What will you say about the failed peace agreement?
adventure.conversation.prompt	0x16b1dc8	What will you say about the gang?
adventure.conversation.prompt	0x16b1df0	What will you say about the claim?
adventure.conversation.prompt	0x16b1e40	What will you say about the insurrection?
adventure.conversation.prompt	0x16b1ed0	What will you say about the failed occupation?
adventure.conversation.prompt	0x16b1f00	What will you say about the army?
adventure.conversation.prompt	0x16b1f28	What will you say about the incident?
adventure.conversation.prompt	0x16b1f50	What will you say about the abduction?
adventure.conversation.prompt	0x16b1f78	What will you say about the site reclamation?
adventure.conversation.prompt	0x16b1fa8	What will you say about the end of the insurrection?
adventure.conversation.prompt	0x16b1fe0	What will you say about the group?
adventure.conversation.prompt	0x16b2008	What will you say about the site's foundation?
adventure.conversation.prompt	0x16b10a8	Tell a story about a region
adventure.conversation.prompt	0x16b10c8	Tell a story about a civilization or organization
adventure.conversation.prompt	0x16b1110	Give a sermon inveighing against a value
adventure.conversation.prompt	0x16b1140	Give a sermon promoting a value
adventure.conversation.prompt	0x16b1160	Tell a story about a site
adventure.conversation.prompt	0x16b1180	Tell a story about a person or creature
adventure.conversation.prompt	0x16b0bc8	Toward you: Negative attitude
adventure.conversation.prompt	0x16b0bc8	Toward you: Positive attitude

# Windows value-topic builder 0x140ee0380 and menu 0x1406ab8bb: complete constructions.
adventure.conversation.values	0x167443c+0x1736750+0x15ea718+0x16407b8	State the worthlessness of law
adventure.conversation.values	0x167443c+0x1736750+0x15ea718+0x16407b8+0x1675568	State the worthlessness of law (not your values)
adventure.conversation.values	0x167443c+0x1736740+0x15ea718+0x16407b8	State the value of law
adventure.conversation.values	0x167443c+0x1736740+0x15ea718+0x16407b8+0x1675568	State the value of law (not your values)
adventure.conversation.values	0x167443c+0x166fd50+0x15ea718+0x16407b8	State nuances of law
adventure.conversation.values	0x167443c+0x166fd50+0x15ea718+0x16407b8+0x1675568	State nuances of law (not your values)
adventure.conversation.values	0x167557c+0x1736750+0x15ea718+0x16407b8	Argue the worthlessness of law
adventure.conversation.values	0x167557c+0x1736750+0x15ea718+0x16407b8+0x1675568	Argue the worthlessness of law (not your values)
adventure.conversation.values	0x167557c+0x1736740+0x15ea718+0x16407b8	Argue the value of law
adventure.conversation.values	0x167557c+0x1736740+0x15ea718+0x16407b8+0x1675568	Argue the value of law (not your values)
adventure.conversation.values	0x167557c+0x166fd50+0x15ea718+0x16407b8	Argue nuances of law
adventure.conversation.values	0x167557c+0x166fd50+0x15ea718+0x16407b8+0x1675568	Argue nuances of law (not your values)
adventure.conversation.values	0x167443c+0x1736750+0x15ea718+0x16407b0	State the worthlessness of loyalty
adventure.conversation.values	0x167443c+0x1736750+0x15ea718+0x16407b0+0x1675568	State the worthlessness of loyalty (not your values)
adventure.conversation.values	0x167443c+0x1736740+0x15ea718+0x16407b0	State the value of loyalty
adventure.conversation.values	0x167443c+0x1736740+0x15ea718+0x16407b0+0x1675568	State the value of loyalty (not your values)
adventure.conversation.values	0x167443c+0x166fd50+0x15ea718+0x16407b0	State nuances of loyalty
adventure.conversation.values	0x167443c+0x166fd50+0x15ea718+0x16407b0+0x1675568	State nuances of loyalty (not your values)
adventure.conversation.values	0x167557c+0x1736750+0x15ea718+0x16407b0	Argue the worthlessness of loyalty
adventure.conversation.values	0x167557c+0x1736750+0x15ea718+0x16407b0+0x1675568	Argue the worthlessness of loyalty (not your values)
adventure.conversation.values	0x167557c+0x1736740+0x15ea718+0x16407b0	Argue the value of loyalty
adventure.conversation.values	0x167557c+0x1736740+0x15ea718+0x16407b0+0x1675568	Argue the value of loyalty (not your values)
adventure.conversation.values	0x167557c+0x166fd50+0x15ea718+0x16407b0	Argue nuances of loyalty
adventure.conversation.values	0x167557c+0x166fd50+0x15ea718+0x16407b0+0x1675568	Argue nuances of loyalty (not your values)
adventure.conversation.values	0x167443c+0x1736750+0x15ea718+0x16407fc	State the worthlessness of family
adventure.conversation.values	0x167443c+0x1736750+0x15ea718+0x16407fc+0x1675568	State the worthlessness of family (not your values)
adventure.conversation.values	0x167443c+0x1736740+0x15ea718+0x16407fc	State the value of family
adventure.conversation.values	0x167443c+0x1736740+0x15ea718+0x16407fc+0x1675568	State the value of family (not your values)
adventure.conversation.values	0x167443c+0x166fd50+0x15ea718+0x16407fc	State nuances of family
adventure.conversation.values	0x167443c+0x166fd50+0x15ea718+0x16407fc+0x1675568	State nuances of family (not your values)
adventure.conversation.values	0x167557c+0x1736750+0x15ea718+0x16407fc	Argue the worthlessness of family
adventure.conversation.values	0x167557c+0x1736750+0x15ea718+0x16407fc+0x1675568	Argue the worthlessness of family (not your values)
adventure.conversation.values	0x167557c+0x1736740+0x15ea718+0x16407fc	Argue the value of family
adventure.conversation.values	0x167557c+0x1736740+0x15ea718+0x16407fc+0x1675568	Argue the value of family (not your values)
adventure.conversation.values	0x167557c+0x166fd50+0x15ea718+0x16407fc	Argue nuances of family
adventure.conversation.values	0x167557c+0x166fd50+0x15ea718+0x16407fc+0x1675568	Argue nuances of family (not your values)
adventure.conversation.values	0x167443c+0x1736750+0x15ea718+0x16407f0	State the worthlessness of friendship
adventure.conversation.values	0x167443c+0x1736750+0x15ea718+0x16407f0+0x1675568	State the worthlessness of friendship (not your values)
adventure.conversation.values	0x167443c+0x1736740+0x15ea718+0x16407f0	State the value of friendship
adventure.conversation.values	0x167443c+0x1736740+0x15ea718+0x16407f0+0x1675568	State the value of friendship (not your values)
adventure.conversation.values	0x167443c+0x166fd50+0x15ea718+0x16407f0	State nuances of friendship
adventure.conversation.values	0x167443c+0x166fd50+0x15ea718+0x16407f0+0x1675568	State nuances of friendship (not your values)
adventure.conversation.values	0x167557c+0x1736750+0x15ea718+0x16407f0	Argue the worthlessness of friendship
adventure.conversation.values	0x167557c+0x1736750+0x15ea718+0x16407f0+0x1675568	Argue the worthlessness of friendship (not your values)
adventure.conversation.values	0x167557c+0x1736740+0x15ea718+0x16407f0	Argue the value of friendship
adventure.conversation.values	0x167557c+0x1736740+0x15ea718+0x16407f0+0x1675568	Argue the value of friendship (not your values)
adventure.conversation.values	0x167557c+0x166fd50+0x15ea718+0x16407f0	Argue nuances of friendship
adventure.conversation.values	0x167557c+0x166fd50+0x15ea718+0x16407f0+0x1675568	Argue nuances of friendship (not your values)
adventure.conversation.values	0x167443c+0x1736750+0x15ea718+0x16407e4	State the worthlessness of power
adventure.conversation.values	0x167443c+0x1736750+0x15ea718+0x16407e4+0x1675568	State the worthlessness of power (not your values)
adventure.conversation.values	0x167443c+0x1736740+0x15ea718+0x16407e4	State the value of power
adventure.conversation.values	0x167443c+0x1736740+0x15ea718+0x16407e4+0x1675568	State the value of power (not your values)
adventure.conversation.values	0x167443c+0x166fd50+0x15ea718+0x16407e4	State nuances of power
adventure.conversation.values	0x167443c+0x166fd50+0x15ea718+0x16407e4+0x1675568	State nuances of power (not your values)
adventure.conversation.values	0x167557c+0x1736750+0x15ea718+0x16407e4	Argue the worthlessness of power
adventure.conversation.values	0x167557c+0x1736750+0x15ea718+0x16407e4+0x1675568	Argue the worthlessness of power (not your values)
adventure.conversation.values	0x167557c+0x1736740+0x15ea718+0x16407e4	Argue the value of power
adventure.conversation.values	0x167557c+0x1736740+0x15ea718+0x16407e4+0x1675568	Argue the value of power (not your values)
adventure.conversation.values	0x167557c+0x166fd50+0x15ea718+0x16407e4	Argue nuances of power
adventure.conversation.values	0x167557c+0x166fd50+0x15ea718+0x16407e4+0x1675568	Argue nuances of power (not your values)
adventure.conversation.values	0x167443c+0x1736750+0x15ea718+0x16407dc	State the worthlessness of truth
adventure.conversation.values	0x167443c+0x1736750+0x15ea718+0x16407dc+0x1675568	State the worthlessness of truth (not your values)
adventure.conversation.values	0x167443c+0x1736740+0x15ea718+0x16407dc	State the value of truth
adventure.conversation.values	0x167443c+0x1736740+0x15ea718+0x16407dc+0x1675568	State the value of truth (not your values)
adventure.conversation.values	0x167443c+0x166fd50+0x15ea718+0x16407dc	State nuances of truth
adventure.conversation.values	0x167443c+0x166fd50+0x15ea718+0x16407dc+0x1675568	State nuances of truth (not your values)
adventure.conversation.values	0x167557c+0x1736750+0x15ea718+0x16407dc	Argue the worthlessness of truth
adventure.conversation.values	0x167557c+0x1736750+0x15ea718+0x16407dc+0x1675568	Argue the worthlessness of truth (not your values)
adventure.conversation.values	0x167557c+0x1736740+0x15ea718+0x16407dc	Argue the value of truth
adventure.conversation.values	0x167557c+0x1736740+0x15ea718+0x16407dc+0x1675568	Argue the value of truth (not your values)
adventure.conversation.values	0x167557c+0x166fd50+0x15ea718+0x16407dc	Argue nuances of truth
adventure.conversation.values	0x167557c+0x166fd50+0x15ea718+0x16407dc+0x1675568	Argue nuances of truth (not your values)
adventure.conversation.values	0x167443c+0x1736750+0x15ea718+0x1640770	State the worthlessness of cunning
adventure.conversation.values	0x167443c+0x1736750+0x15ea718+0x1640770+0x1675568	State the worthlessness of cunning (not your values)
adventure.conversation.values	0x167443c+0x1736740+0x15ea718+0x1640770	State the value of cunning
adventure.conversation.values	0x167443c+0x1736740+0x15ea718+0x1640770+0x1675568	State the value of cunning (not your values)
adventure.conversation.values	0x167443c+0x166fd50+0x15ea718+0x1640770	State nuances of cunning
adventure.conversation.values	0x167443c+0x166fd50+0x15ea718+0x1640770+0x1675568	State nuances of cunning (not your values)
adventure.conversation.values	0x167557c+0x1736750+0x15ea718+0x1640770	Argue the worthlessness of cunning
adventure.conversation.values	0x167557c+0x1736750+0x15ea718+0x1640770+0x1675568	Argue the worthlessness of cunning (not your values)
adventure.conversation.values	0x167557c+0x1736740+0x15ea718+0x1640770	Argue the value of cunning
adventure.conversation.values	0x167557c+0x1736740+0x15ea718+0x1640770+0x1675568	Argue the value of cunning (not your values)
adventure.conversation.values	0x167557c+0x166fd50+0x15ea718+0x1640770	Argue nuances of cunning
adventure.conversation.values	0x167557c+0x166fd50+0x15ea718+0x1640770+0x1675568	Argue nuances of cunning (not your values)
adventure.conversation.values	0x167443c+0x1736750+0x15ea718+0x1640760	State the worthlessness of eloquence
adventure.conversation.values	0x167443c+0x1736750+0x15ea718+0x1640760+0x1675568	State the worthlessness of eloquence (not your values)
adventure.conversation.values	0x167443c+0x1736740+0x15ea718+0x1640760	State the value of eloquence
adventure.conversation.values	0x167443c+0x1736740+0x15ea718+0x1640760+0x1675568	State the value of eloquence (not your values)
adventure.conversation.values	0x167443c+0x166fd50+0x15ea718+0x1640760	State nuances of eloquence
adventure.conversation.values	0x167443c+0x166fd50+0x15ea718+0x1640760+0x1675568	State nuances of eloquence (not your values)
adventure.conversation.values	0x167557c+0x1736750+0x15ea718+0x1640760	Argue the worthlessness of eloquence
adventure.conversation.values	0x167557c+0x1736750+0x15ea718+0x1640760+0x1675568	Argue the worthlessness of eloquence (not your values)
adventure.conversation.values	0x167557c+0x1736740+0x15ea718+0x1640760	Argue the value of eloquence
adventure.conversation.values	0x167557c+0x1736740+0x15ea718+0x1640760+0x1675568	Argue the value of eloquence (not your values)
adventure.conversation.values	0x167557c+0x166fd50+0x15ea718+0x1640760	Argue nuances of eloquence
adventure.conversation.values	0x167557c+0x166fd50+0x15ea718+0x1640760+0x1675568	Argue nuances of eloquence (not your values)
adventure.conversation.values	0x167443c+0x1736750+0x15ea718+0x1640750	State the worthlessness of fairness
adventure.conversation.values	0x167443c+0x1736750+0x15ea718+0x1640750+0x1675568	State the worthlessness of fairness (not your values)
adventure.conversation.values	0x167443c+0x1736740+0x15ea718+0x1640750	State the value of fairness
adventure.conversation.values	0x167443c+0x1736740+0x15ea718+0x1640750+0x1675568	State the value of fairness (not your values)
adventure.conversation.values	0x167443c+0x166fd50+0x15ea718+0x1640750	State nuances of fairness
adventure.conversation.values	0x167443c+0x166fd50+0x15ea718+0x1640750+0x1675568	State nuances of fairness (not your values)
adventure.conversation.values	0x167557c+0x1736750+0x15ea718+0x1640750	Argue the worthlessness of fairness
adventure.conversation.values	0x167557c+0x1736750+0x15ea718+0x1640750+0x1675568	Argue the worthlessness of fairness (not your values)
adventure.conversation.values	0x167557c+0x1736740+0x15ea718+0x1640750	Argue the value of fairness
adventure.conversation.values	0x167557c+0x1736740+0x15ea718+0x1640750+0x1675568	Argue the value of fairness (not your values)
adventure.conversation.values	0x167557c+0x166fd50+0x15ea718+0x1640750	Argue nuances of fairness
adventure.conversation.values	0x167557c+0x166fd50+0x15ea718+0x1640750+0x1675568	Argue nuances of fairness (not your values)
adventure.conversation.values	0x167443c+0x1736750+0x15ea718+0x1640748	State the worthlessness of decorum
adventure.conversation.values	0x167443c+0x1736750+0x15ea718+0x1640748+0x1675568	State the worthlessness of decorum (not your values)
adventure.conversation.values	0x167443c+0x1736740+0x15ea718+0x1640748	State the value of decorum
adventure.conversation.values	0x167443c+0x1736740+0x15ea718+0x1640748+0x1675568	State the value of decorum (not your values)
adventure.conversation.values	0x167443c+0x166fd50+0x15ea718+0x1640748	State nuances of decorum
adventure.conversation.values	0x167443c+0x166fd50+0x15ea718+0x1640748+0x1675568	State nuances of decorum (not your values)
adventure.conversation.values	0x167557c+0x1736750+0x15ea718+0x1640748	Argue the worthlessness of decorum
adventure.conversation.values	0x167557c+0x1736750+0x15ea718+0x1640748+0x1675568	Argue the worthlessness of decorum (not your values)
adventure.conversation.values	0x167557c+0x1736740+0x15ea718+0x1640748	Argue the value of decorum
adventure.conversation.values	0x167557c+0x1736740+0x15ea718+0x1640748+0x1675568	Argue the value of decorum (not your values)
adventure.conversation.values	0x167557c+0x166fd50+0x15ea718+0x1640748	Argue nuances of decorum
adventure.conversation.values	0x167557c+0x166fd50+0x15ea718+0x1640748+0x1675568	Argue nuances of decorum (not your values)
adventure.conversation.values	0x167443c+0x1736750+0x15ea718+0x16407a0	State the worthlessness of tradition
adventure.conversation.values	0x167443c+0x1736750+0x15ea718+0x16407a0+0x1675568	State the worthlessness of tradition (not your values)
adventure.conversation.values	0x167443c+0x1736740+0x15ea718+0x16407a0	State the value of tradition
adventure.conversation.values	0x167443c+0x1736740+0x15ea718+0x16407a0+0x1675568	State the value of tradition (not your values)
adventure.conversation.values	0x167443c+0x166fd50+0x15ea718+0x16407a0	State nuances of tradition
adventure.conversation.values	0x167443c+0x166fd50+0x15ea718+0x16407a0+0x1675568	State nuances of tradition (not your values)
adventure.conversation.values	0x167557c+0x1736750+0x15ea718+0x16407a0	Argue the worthlessness of tradition
adventure.conversation.values	0x167557c+0x1736750+0x15ea718+0x16407a0+0x1675568	Argue the worthlessness of tradition (not your values)
adventure.conversation.values	0x167557c+0x1736740+0x15ea718+0x16407a0	Argue the value of tradition
adventure.conversation.values	0x167557c+0x1736740+0x15ea718+0x16407a0+0x1675568	Argue the value of tradition (not your values)
adventure.conversation.values	0x167557c+0x166fd50+0x15ea718+0x16407a0	Argue nuances of tradition
adventure.conversation.values	0x167557c+0x166fd50+0x15ea718+0x16407a0+0x1675568	Argue nuances of tradition (not your values)
adventure.conversation.values	0x167443c+0x1736750+0x15ea718+0x1640798	State the worthlessness of artwork
adventure.conversation.values	0x167443c+0x1736750+0x15ea718+0x1640798+0x1675568	State the worthlessness of artwork (not your values)
adventure.conversation.values	0x167443c+0x1736740+0x15ea718+0x1640798	State the value of artwork
adventure.conversation.values	0x167443c+0x1736740+0x15ea718+0x1640798+0x1675568	State the value of artwork (not your values)
adventure.conversation.values	0x167443c+0x166fd50+0x15ea718+0x1640798	State nuances of artwork
adventure.conversation.values	0x167443c+0x166fd50+0x15ea718+0x1640798+0x1675568	State nuances of artwork (not your values)
adventure.conversation.values	0x167557c+0x1736750+0x15ea718+0x1640798	Argue the worthlessness of artwork
adventure.conversation.values	0x167557c+0x1736750+0x15ea718+0x1640798+0x1675568	Argue the worthlessness of artwork (not your values)
adventure.conversation.values	0x167557c+0x1736740+0x15ea718+0x1640798	Argue the value of artwork
adventure.conversation.values	0x167557c+0x1736740+0x15ea718+0x1640798+0x1675568	Argue the value of artwork (not your values)
adventure.conversation.values	0x167557c+0x166fd50+0x15ea718+0x1640798	Argue nuances of artwork
adventure.conversation.values	0x167557c+0x166fd50+0x15ea718+0x1640798+0x1675568	Argue nuances of artwork (not your values)
adventure.conversation.values	0x167443c+0x1736750+0x15ea718+0x1640788	State the worthlessness of cooperation
adventure.conversation.values	0x167443c+0x1736750+0x15ea718+0x1640788+0x1675568	State the worthlessness of cooperation (not your values)
adventure.conversation.values	0x167443c+0x1736740+0x15ea718+0x1640788	State the value of cooperation
adventure.conversation.values	0x167443c+0x1736740+0x15ea718+0x1640788+0x1675568	State the value of cooperation (not your values)
adventure.conversation.values	0x167443c+0x166fd50+0x15ea718+0x1640788	State nuances of cooperation
adventure.conversation.values	0x167443c+0x166fd50+0x15ea718+0x1640788+0x1675568	State nuances of cooperation (not your values)
adventure.conversation.values	0x167557c+0x1736750+0x15ea718+0x1640788	Argue the worthlessness of cooperation
adventure.conversation.values	0x167557c+0x1736750+0x15ea718+0x1640788+0x1675568	Argue the worthlessness of cooperation (not your values)
adventure.conversation.values	0x167557c+0x1736740+0x15ea718+0x1640788	Argue the value of cooperation
adventure.conversation.values	0x167557c+0x1736740+0x15ea718+0x1640788+0x1675568	Argue the value of cooperation (not your values)
adventure.conversation.values	0x167557c+0x166fd50+0x15ea718+0x1640788	Argue nuances of cooperation
adventure.conversation.values	0x167557c+0x166fd50+0x15ea718+0x1640788+0x1675568	Argue nuances of cooperation (not your values)
adventure.conversation.values	0x167443c+0x1736750+0x15ea718+0x1640778	State the worthlessness of independence
adventure.conversation.values	0x167443c+0x1736750+0x15ea718+0x1640778+0x1675568	State the worthlessness of independence (not your values)
adventure.conversation.values	0x167443c+0x1736740+0x15ea718+0x1640778	State the value of independence
adventure.conversation.values	0x167443c+0x1736740+0x15ea718+0x1640778+0x1675568	State the value of independence (not your values)
adventure.conversation.values	0x167443c+0x166fd50+0x15ea718+0x1640778	State nuances of independence
adventure.conversation.values	0x167443c+0x166fd50+0x15ea718+0x1640778+0x1675568	State nuances of independence (not your values)
adventure.conversation.values	0x167557c+0x1736750+0x15ea718+0x1640778	Argue the worthlessness of independence
adventure.conversation.values	0x167557c+0x1736750+0x15ea718+0x1640778+0x1675568	Argue the worthlessness of independence (not your values)
adventure.conversation.values	0x167557c+0x1736740+0x15ea718+0x1640778	Argue the value of independence
adventure.conversation.values	0x167557c+0x1736740+0x15ea718+0x1640778+0x1675568	Argue the value of independence (not your values)
adventure.conversation.values	0x167557c+0x166fd50+0x15ea718+0x1640778	Argue nuances of independence
adventure.conversation.values	0x167557c+0x166fd50+0x15ea718+0x1640778+0x1675568	Argue nuances of independence (not your values)
adventure.conversation.values	0x167443c+0x1736750+0x15ea718+0x1640700	State the worthlessness of stoicism
adventure.conversation.values	0x167443c+0x1736750+0x15ea718+0x1640700+0x1675568	State the worthlessness of stoicism (not your values)
adventure.conversation.values	0x167443c+0x1736740+0x15ea718+0x1640700	State the value of stoicism
adventure.conversation.values	0x167443c+0x1736740+0x15ea718+0x1640700+0x1675568	State the value of stoicism (not your values)
adventure.conversation.values	0x167443c+0x166fd50+0x15ea718+0x1640700	State nuances of stoicism
adventure.conversation.values	0x167443c+0x166fd50+0x15ea718+0x1640700+0x1675568	State nuances of stoicism (not your values)
adventure.conversation.values	0x167557c+0x1736750+0x15ea718+0x1640700	Argue the worthlessness of stoicism
adventure.conversation.values	0x167557c+0x1736750+0x15ea718+0x1640700+0x1675568	Argue the worthlessness of stoicism (not your values)
adventure.conversation.values	0x167557c+0x1736740+0x15ea718+0x1640700	Argue the value of stoicism
adventure.conversation.values	0x167557c+0x1736740+0x15ea718+0x1640700+0x1675568	Argue the value of stoicism (not your values)
adventure.conversation.values	0x167557c+0x166fd50+0x15ea718+0x1640700	Argue nuances of stoicism
adventure.conversation.values	0x167557c+0x166fd50+0x15ea718+0x1640700+0x1675568	Argue nuances of stoicism (not your values)
adventure.conversation.values	0x167443c+0x1736750+0x15ea718+0x16406f0	State the worthlessness of introspection
adventure.conversation.values	0x167443c+0x1736750+0x15ea718+0x16406f0+0x1675568	State the worthlessness of introspection (not your values)
adventure.conversation.values	0x167443c+0x1736740+0x15ea718+0x16406f0	State the value of introspection
adventure.conversation.values	0x167443c+0x1736740+0x15ea718+0x16406f0+0x1675568	State the value of introspection (not your values)
adventure.conversation.values	0x167443c+0x166fd50+0x15ea718+0x16406f0	State nuances of introspection
adventure.conversation.values	0x167443c+0x166fd50+0x15ea718+0x16406f0+0x1675568	State nuances of introspection (not your values)
adventure.conversation.values	0x167557c+0x1736750+0x15ea718+0x16406f0	Argue the worthlessness of introspection
adventure.conversation.values	0x167557c+0x1736750+0x15ea718+0x16406f0+0x1675568	Argue the worthlessness of introspection (not your values)
adventure.conversation.values	0x167557c+0x1736740+0x15ea718+0x16406f0	Argue the value of introspection
adventure.conversation.values	0x167557c+0x1736740+0x15ea718+0x16406f0+0x1675568	Argue the value of introspection (not your values)
adventure.conversation.values	0x167557c+0x166fd50+0x15ea718+0x16406f0	Argue nuances of introspection
adventure.conversation.values	0x167557c+0x166fd50+0x15ea718+0x16406f0+0x1675568	Argue nuances of introspection (not your values)
adventure.conversation.values	0x167443c+0x1736750+0x15ea718+0x16406e0	State the worthlessness of self-control
adventure.conversation.values	0x167443c+0x1736750+0x15ea718+0x16406e0+0x1675568	State the worthlessness of self-control (not your values)
adventure.conversation.values	0x167443c+0x1736740+0x15ea718+0x16406e0	State the value of self-control
adventure.conversation.values	0x167443c+0x1736740+0x15ea718+0x16406e0+0x1675568	State the value of self-control (not your values)
adventure.conversation.values	0x167443c+0x166fd50+0x15ea718+0x16406e0	State nuances of self-control
adventure.conversation.values	0x167443c+0x166fd50+0x15ea718+0x16406e0+0x1675568	State nuances of self-control (not your values)
adventure.conversation.values	0x167557c+0x1736750+0x15ea718+0x16406e0	Argue the worthlessness of self-control
adventure.conversation.values	0x167557c+0x1736750+0x15ea718+0x16406e0+0x1675568	Argue the worthlessness of self-control (not your values)
adventure.conversation.values	0x167557c+0x1736740+0x15ea718+0x16406e0	Argue the value of self-control
adventure.conversation.values	0x167557c+0x1736740+0x15ea718+0x16406e0+0x1675568	Argue the value of self-control (not your values)
adventure.conversation.values	0x167557c+0x166fd50+0x15ea718+0x16406e0	Argue nuances of self-control
adventure.conversation.values	0x167557c+0x166fd50+0x15ea718+0x16406e0+0x1675568	Argue nuances of self-control (not your values)
adventure.conversation.values	0x167443c+0x1736750+0x15ea718+0x16406d0	State the worthlessness of tranquility
adventure.conversation.values	0x167443c+0x1736750+0x15ea718+0x16406d0+0x1675568	State the worthlessness of tranquility (not your values)
adventure.conversation.values	0x167443c+0x1736740+0x15ea718+0x16406d0	State the value of tranquility
adventure.conversation.values	0x167443c+0x1736740+0x15ea718+0x16406d0+0x1675568	State the value of tranquility (not your values)
adventure.conversation.values	0x167443c+0x166fd50+0x15ea718+0x16406d0	State nuances of tranquility
adventure.conversation.values	0x167443c+0x166fd50+0x15ea718+0x16406d0+0x1675568	State nuances of tranquility (not your values)
adventure.conversation.values	0x167557c+0x1736750+0x15ea718+0x16406d0	Argue the worthlessness of tranquility
adventure.conversation.values	0x167557c+0x1736750+0x15ea718+0x16406d0+0x1675568	Argue the worthlessness of tranquility (not your values)
adventure.conversation.values	0x167557c+0x1736740+0x15ea718+0x16406d0	Argue the value of tranquility
adventure.conversation.values	0x167557c+0x1736740+0x15ea718+0x16406d0+0x1675568	Argue the value of tranquility (not your values)
adventure.conversation.values	0x167557c+0x166fd50+0x15ea718+0x16406d0	Argue nuances of tranquility
adventure.conversation.values	0x167557c+0x166fd50+0x15ea718+0x16406d0+0x1675568	Argue nuances of tranquility (not your values)
adventure.conversation.values	0x167443c+0x1736750+0x15ea718+0x1640740	State the worthlessness of harmony
adventure.conversation.values	0x167443c+0x1736750+0x15ea718+0x1640740+0x1675568	State the worthlessness of harmony (not your values)
adventure.conversation.values	0x167443c+0x1736740+0x15ea718+0x1640740	State the value of harmony
adventure.conversation.values	0x167443c+0x1736740+0x15ea718+0x1640740+0x1675568	State the value of harmony (not your values)
adventure.conversation.values	0x167443c+0x166fd50+0x15ea718+0x1640740	State nuances of harmony
adventure.conversation.values	0x167443c+0x166fd50+0x15ea718+0x1640740+0x1675568	State nuances of harmony (not your values)
adventure.conversation.values	0x167557c+0x1736750+0x15ea718+0x1640740	Argue the worthlessness of harmony
adventure.conversation.values	0x167557c+0x1736750+0x15ea718+0x1640740+0x1675568	Argue the worthlessness of harmony (not your values)
adventure.conversation.values	0x167557c+0x1736740+0x15ea718+0x1640740	Argue the value of harmony
adventure.conversation.values	0x167557c+0x1736740+0x15ea718+0x1640740+0x1675568	Argue the value of harmony (not your values)
adventure.conversation.values	0x167557c+0x166fd50+0x15ea718+0x1640740	Argue nuances of harmony
adventure.conversation.values	0x167557c+0x166fd50+0x15ea718+0x1640740+0x1675568	Argue nuances of harmony (not your values)
adventure.conversation.values	0x167443c+0x1736750+0x15ea718+0x1640730	State the worthlessness of merriment
adventure.conversation.values	0x167443c+0x1736750+0x15ea718+0x1640730+0x1675568	State the worthlessness of merriment (not your values)
adventure.conversation.values	0x167443c+0x1736740+0x15ea718+0x1640730	State the value of merriment
adventure.conversation.values	0x167443c+0x1736740+0x15ea718+0x1640730+0x1675568	State the value of merriment (not your values)
adventure.conversation.values	0x167443c+0x166fd50+0x15ea718+0x1640730	State nuances of merriment
adventure.conversation.values	0x167443c+0x166fd50+0x15ea718+0x1640730+0x1675568	State nuances of merriment (not your values)
adventure.conversation.values	0x167557c+0x1736750+0x15ea718+0x1640730	Argue the worthlessness of merriment
adventure.conversation.values	0x167557c+0x1736750+0x15ea718+0x1640730+0x1675568	Argue the worthlessness of merriment (not your values)
adventure.conversation.values	0x167557c+0x1736740+0x15ea718+0x1640730	Argue the value of merriment
adventure.conversation.values	0x167557c+0x1736740+0x15ea718+0x1640730+0x1675568	Argue the value of merriment (not your values)
adventure.conversation.values	0x167557c+0x166fd50+0x15ea718+0x1640730	Argue nuances of merriment
adventure.conversation.values	0x167557c+0x166fd50+0x15ea718+0x1640730+0x1675568	Argue nuances of merriment (not your values)
adventure.conversation.values	0x167443c+0x1736750+0x15ea718+0x1640720	State the worthlessness of craftsmanship
adventure.conversation.values	0x167443c+0x1736750+0x15ea718+0x1640720+0x1675568	State the worthlessness of craftsmanship (not your values)
adventure.conversation.values	0x167443c+0x1736740+0x15ea718+0x1640720	State the value of craftsmanship
adventure.conversation.values	0x167443c+0x1736740+0x15ea718+0x1640720+0x1675568	State the value of craftsmanship (not your values)
adventure.conversation.values	0x167443c+0x166fd50+0x15ea718+0x1640720	State nuances of craftsmanship
adventure.conversation.values	0x167443c+0x166fd50+0x15ea718+0x1640720+0x1675568	State nuances of craftsmanship (not your values)
adventure.conversation.values	0x167557c+0x1736750+0x15ea718+0x1640720	Argue the worthlessness of craftsmanship
adventure.conversation.values	0x167557c+0x1736750+0x15ea718+0x1640720+0x1675568	Argue the worthlessness of craftsmanship (not your values)
adventure.conversation.values	0x167557c+0x1736740+0x15ea718+0x1640720	Argue the value of craftsmanship
adventure.conversation.values	0x167557c+0x1736740+0x15ea718+0x1640720+0x1675568	Argue the value of craftsmanship (not your values)
adventure.conversation.values	0x167557c+0x166fd50+0x15ea718+0x1640720	Argue nuances of craftsmanship
adventure.conversation.values	0x167557c+0x166fd50+0x15ea718+0x1640720+0x1675568	Argue nuances of craftsmanship (not your values)
adventure.conversation.values	0x167443c+0x1736750+0x15ea718+0x1640710	State the worthlessness of martial prowess
adventure.conversation.values	0x167443c+0x1736750+0x15ea718+0x1640710+0x1675568	State the worthlessness of martial prowess (not your values)
adventure.conversation.values	0x167443c+0x1736740+0x15ea718+0x1640710	State the value of martial prowess
adventure.conversation.values	0x167443c+0x1736740+0x15ea718+0x1640710+0x1675568	State the value of martial prowess (not your values)
adventure.conversation.values	0x167443c+0x166fd50+0x15ea718+0x1640710	State nuances of martial prowess
adventure.conversation.values	0x167443c+0x166fd50+0x15ea718+0x1640710+0x1675568	State nuances of martial prowess (not your values)
adventure.conversation.values	0x167557c+0x1736750+0x15ea718+0x1640710	Argue the worthlessness of martial prowess
adventure.conversation.values	0x167557c+0x1736750+0x15ea718+0x1640710+0x1675568	Argue the worthlessness of martial prowess (not your values)
adventure.conversation.values	0x167557c+0x1736740+0x15ea718+0x1640710	Argue the value of martial prowess
adventure.conversation.values	0x167557c+0x1736740+0x15ea718+0x1640710+0x1675568	Argue the value of martial prowess (not your values)
adventure.conversation.values	0x167557c+0x166fd50+0x15ea718+0x1640710	Argue nuances of martial prowess
adventure.conversation.values	0x167557c+0x166fd50+0x15ea718+0x1640710+0x1675568	Argue nuances of martial prowess (not your values)
adventure.conversation.values	0x167443c+0x1736750+0x15ea718+0x1640924	State the worthlessness of skill
adventure.conversation.values	0x167443c+0x1736750+0x15ea718+0x1640924+0x1675568	State the worthlessness of skill (not your values)
adventure.conversation.values	0x167443c+0x1736740+0x15ea718+0x1640924	State the value of skill
adventure.conversation.values	0x167443c+0x1736740+0x15ea718+0x1640924+0x1675568	State the value of skill (not your values)
adventure.conversation.values	0x167443c+0x166fd50+0x15ea718+0x1640924	State nuances of skill
adventure.conversation.values	0x167443c+0x166fd50+0x15ea718+0x1640924+0x1675568	State nuances of skill (not your values)
adventure.conversation.values	0x167557c+0x1736750+0x15ea718+0x1640924	Argue the worthlessness of skill
adventure.conversation.values	0x167557c+0x1736750+0x15ea718+0x1640924+0x1675568	Argue the worthlessness of skill (not your values)
adventure.conversation.values	0x167557c+0x1736740+0x15ea718+0x1640924	Argue the value of skill
adventure.conversation.values	0x167557c+0x1736740+0x15ea718+0x1640924+0x1675568	Argue the value of skill (not your values)
adventure.conversation.values	0x167557c+0x166fd50+0x15ea718+0x1640924	Argue nuances of skill
adventure.conversation.values	0x167557c+0x166fd50+0x15ea718+0x1640924+0x1675568	Argue nuances of skill (not your values)
adventure.conversation.values	0x167443c+0x1736750+0x15ea718+0x1640918	State the worthlessness of hard work
adventure.conversation.values	0x167443c+0x1736750+0x15ea718+0x1640918+0x1675568	State the worthlessness of hard work (not your values)
adventure.conversation.values	0x167443c+0x1736740+0x15ea718+0x1640918	State the value of hard work
adventure.conversation.values	0x167443c+0x1736740+0x15ea718+0x1640918+0x1675568	State the value of hard work (not your values)
adventure.conversation.values	0x167443c+0x166fd50+0x15ea718+0x1640918	State nuances of hard work
adventure.conversation.values	0x167443c+0x166fd50+0x15ea718+0x1640918+0x1675568	State nuances of hard work (not your values)
adventure.conversation.values	0x167557c+0x1736750+0x15ea718+0x1640918	Argue the worthlessness of hard work
adventure.conversation.values	0x167557c+0x1736750+0x15ea718+0x1640918+0x1675568	Argue the worthlessness of hard work (not your values)
adventure.conversation.values	0x167557c+0x1736740+0x15ea718+0x1640918	Argue the value of hard work
adventure.conversation.values	0x167557c+0x1736740+0x15ea718+0x1640918+0x1675568	Argue the value of hard work (not your values)
adventure.conversation.values	0x167557c+0x166fd50+0x15ea718+0x1640918	Argue nuances of hard work
adventure.conversation.values	0x167557c+0x166fd50+0x15ea718+0x1640918+0x1675568	Argue nuances of hard work (not your values)
adventure.conversation.values	0x167443c+0x1736750+0x15ea718+0x1640908	State the worthlessness of sacrifice
adventure.conversation.values	0x167443c+0x1736750+0x15ea718+0x1640908+0x1675568	State the worthlessness of sacrifice (not your values)
adventure.conversation.values	0x167443c+0x1736740+0x15ea718+0x1640908	State the value of sacrifice
adventure.conversation.values	0x167443c+0x1736740+0x15ea718+0x1640908+0x1675568	State the value of sacrifice (not your values)
adventure.conversation.values	0x167443c+0x166fd50+0x15ea718+0x1640908	State nuances of sacrifice
adventure.conversation.values	0x167443c+0x166fd50+0x15ea718+0x1640908+0x1675568	State nuances of sacrifice (not your values)
adventure.conversation.values	0x167557c+0x1736750+0x15ea718+0x1640908	Argue the worthlessness of sacrifice
adventure.conversation.values	0x167557c+0x1736750+0x15ea718+0x1640908+0x1675568	Argue the worthlessness of sacrifice (not your values)
adventure.conversation.values	0x167557c+0x1736740+0x15ea718+0x1640908	Argue the value of sacrifice
adventure.conversation.values	0x167557c+0x1736740+0x15ea718+0x1640908+0x1675568	Argue the value of sacrifice (not your values)
adventure.conversation.values	0x167557c+0x166fd50+0x15ea718+0x1640908	Argue nuances of sacrifice
adventure.conversation.values	0x167557c+0x166fd50+0x15ea718+0x1640908+0x1675568	Argue nuances of sacrifice (not your values)
adventure.conversation.values	0x167443c+0x1736750+0x15ea718+0x16408f8	State the worthlessness of competition
adventure.conversation.values	0x167443c+0x1736750+0x15ea718+0x16408f8+0x1675568	State the worthlessness of competition (not your values)
adventure.conversation.values	0x167443c+0x1736740+0x15ea718+0x16408f8	State the value of competition
adventure.conversation.values	0x167443c+0x1736740+0x15ea718+0x16408f8+0x1675568	State the value of competition (not your values)
adventure.conversation.values	0x167443c+0x166fd50+0x15ea718+0x16408f8	State nuances of competition
adventure.conversation.values	0x167443c+0x166fd50+0x15ea718+0x16408f8+0x1675568	State nuances of competition (not your values)
adventure.conversation.values	0x167557c+0x1736750+0x15ea718+0x16408f8	Argue the worthlessness of competition
adventure.conversation.values	0x167557c+0x1736750+0x15ea718+0x16408f8+0x1675568	Argue the worthlessness of competition (not your values)
adventure.conversation.values	0x167557c+0x1736740+0x15ea718+0x16408f8	Argue the value of competition
adventure.conversation.values	0x167557c+0x1736740+0x15ea718+0x16408f8+0x1675568	Argue the value of competition (not your values)
adventure.conversation.values	0x167557c+0x166fd50+0x15ea718+0x16408f8	Argue nuances of competition
adventure.conversation.values	0x167557c+0x166fd50+0x15ea718+0x16408f8+0x1675568	Argue nuances of competition (not your values)
adventure.conversation.values	0x167443c+0x1736750+0x15ea718+0x1640958	State the worthlessness of perseverance
adventure.conversation.values	0x167443c+0x1736750+0x15ea718+0x1640958+0x1675568	State the worthlessness of perseverance (not your values)
adventure.conversation.values	0x167443c+0x1736740+0x15ea718+0x1640958	State the value of perseverance
adventure.conversation.values	0x167443c+0x1736740+0x15ea718+0x1640958+0x1675568	State the value of perseverance (not your values)
adventure.conversation.values	0x167443c+0x166fd50+0x15ea718+0x1640958	State nuances of perseverance
adventure.conversation.values	0x167443c+0x166fd50+0x15ea718+0x1640958+0x1675568	State nuances of perseverance (not your values)
adventure.conversation.values	0x167557c+0x1736750+0x15ea718+0x1640958	Argue the worthlessness of perseverance
adventure.conversation.values	0x167557c+0x1736750+0x15ea718+0x1640958+0x1675568	Argue the worthlessness of perseverance (not your values)
adventure.conversation.values	0x167557c+0x1736740+0x15ea718+0x1640958	Argue the value of perseverance
adventure.conversation.values	0x167557c+0x1736740+0x15ea718+0x1640958+0x1675568	Argue the value of perseverance (not your values)
adventure.conversation.values	0x167557c+0x166fd50+0x15ea718+0x1640958	Argue nuances of perseverance
adventure.conversation.values	0x167557c+0x166fd50+0x15ea718+0x1640958+0x1675568	Argue nuances of perseverance (not your values)
adventure.conversation.values	0x167443c+0x1736750+0x15ea718+0x1640948	State the worthlessness of leisure time
adventure.conversation.values	0x167443c+0x1736750+0x15ea718+0x1640948+0x1675568	State the worthlessness of leisure time (not your values)
adventure.conversation.values	0x167443c+0x1736740+0x15ea718+0x1640948	State the value of leisure time
adventure.conversation.values	0x167443c+0x1736740+0x15ea718+0x1640948+0x1675568	State the value of leisure time (not your values)
adventure.conversation.values	0x167443c+0x166fd50+0x15ea718+0x1640948	State nuances of leisure time
adventure.conversation.values	0x167443c+0x166fd50+0x15ea718+0x1640948+0x1675568	State nuances of leisure time (not your values)
adventure.conversation.values	0x167557c+0x1736750+0x15ea718+0x1640948	Argue the worthlessness of leisure time
adventure.conversation.values	0x167557c+0x1736750+0x15ea718+0x1640948+0x1675568	Argue the worthlessness of leisure time (not your values)
adventure.conversation.values	0x167557c+0x1736740+0x15ea718+0x1640948	Argue the value of leisure time
adventure.conversation.values	0x167557c+0x1736740+0x15ea718+0x1640948+0x1675568	Argue the value of leisure time (not your values)
adventure.conversation.values	0x167557c+0x166fd50+0x15ea718+0x1640948	Argue nuances of leisure time
adventure.conversation.values	0x167557c+0x166fd50+0x15ea718+0x1640948+0x1675568	Argue nuances of leisure time (not your values)
adventure.conversation.values	0x167443c+0x1736750+0x15ea718+0x1640938	State the worthlessness of commerce
adventure.conversation.values	0x167443c+0x1736750+0x15ea718+0x1640938+0x1675568	State the worthlessness of commerce (not your values)
adventure.conversation.values	0x167443c+0x1736740+0x15ea718+0x1640938	State the value of commerce
adventure.conversation.values	0x167443c+0x1736740+0x15ea718+0x1640938+0x1675568	State the value of commerce (not your values)
adventure.conversation.values	0x167443c+0x166fd50+0x15ea718+0x1640938	State nuances of commerce
adventure.conversation.values	0x167443c+0x166fd50+0x15ea718+0x1640938+0x1675568	State nuances of commerce (not your values)
adventure.conversation.values	0x167557c+0x1736750+0x15ea718+0x1640938	Argue the worthlessness of commerce
adventure.conversation.values	0x167557c+0x1736750+0x15ea718+0x1640938+0x1675568	Argue the worthlessness of commerce (not your values)
adventure.conversation.values	0x167557c+0x1736740+0x15ea718+0x1640938	Argue the value of commerce
adventure.conversation.values	0x167557c+0x1736740+0x15ea718+0x1640938+0x1675568	Argue the value of commerce (not your values)
adventure.conversation.values	0x167557c+0x166fd50+0x15ea718+0x1640938	Argue nuances of commerce
adventure.conversation.values	0x167557c+0x166fd50+0x15ea718+0x1640938+0x1675568	Argue nuances of commerce (not your values)
adventure.conversation.values	0x167443c+0x1736750+0x15ea718+0x1640930	State the worthlessness of romance
adventure.conversation.values	0x167443c+0x1736750+0x15ea718+0x1640930+0x1675568	State the worthlessness of romance (not your values)
adventure.conversation.values	0x167443c+0x1736740+0x15ea718+0x1640930	State the value of romance
adventure.conversation.values	0x167443c+0x1736740+0x15ea718+0x1640930+0x1675568	State the value of romance (not your values)
adventure.conversation.values	0x167443c+0x166fd50+0x15ea718+0x1640930	State nuances of romance
adventure.conversation.values	0x167443c+0x166fd50+0x15ea718+0x1640930+0x1675568	State nuances of romance (not your values)
adventure.conversation.values	0x167557c+0x1736750+0x15ea718+0x1640930	Argue the worthlessness of romance
adventure.conversation.values	0x167557c+0x1736750+0x15ea718+0x1640930+0x1675568	Argue the worthlessness of romance (not your values)
adventure.conversation.values	0x167557c+0x1736740+0x15ea718+0x1640930	Argue the value of romance
adventure.conversation.values	0x167557c+0x1736740+0x15ea718+0x1640930+0x1675568	Argue the value of romance (not your values)
adventure.conversation.values	0x167557c+0x166fd50+0x15ea718+0x1640930	Argue nuances of romance
adventure.conversation.values	0x167557c+0x166fd50+0x15ea718+0x1640930+0x1675568	Argue nuances of romance (not your values)
adventure.conversation.values	0x167443c+0x1736750+0x15ea718+0x16408ec	State the worthlessness of nature
adventure.conversation.values	0x167443c+0x1736750+0x15ea718+0x16408ec+0x1675568	State the worthlessness of nature (not your values)
adventure.conversation.values	0x167443c+0x1736740+0x15ea718+0x16408ec	State the value of nature
adventure.conversation.values	0x167443c+0x1736740+0x15ea718+0x16408ec+0x1675568	State the value of nature (not your values)
adventure.conversation.values	0x167443c+0x166fd50+0x15ea718+0x16408ec	State nuances of nature
adventure.conversation.values	0x167443c+0x166fd50+0x15ea718+0x16408ec+0x1675568	State nuances of nature (not your values)
adventure.conversation.values	0x167557c+0x1736750+0x15ea718+0x16408ec	Argue the worthlessness of nature
adventure.conversation.values	0x167557c+0x1736750+0x15ea718+0x16408ec+0x1675568	Argue the worthlessness of nature (not your values)
adventure.conversation.values	0x167557c+0x1736740+0x15ea718+0x16408ec	Argue the value of nature
adventure.conversation.values	0x167557c+0x1736740+0x15ea718+0x16408ec+0x1675568	Argue the value of nature (not your values)
adventure.conversation.values	0x167557c+0x166fd50+0x15ea718+0x16408ec	Argue nuances of nature
adventure.conversation.values	0x167557c+0x166fd50+0x15ea718+0x16408ec+0x1675568	Argue nuances of nature (not your values)
adventure.conversation.values	0x167443c+0x1736750+0x15ea718+0x15ed2cc	State the worthlessness of peace
adventure.conversation.values	0x167443c+0x1736750+0x15ea718+0x15ed2cc+0x1675568	State the worthlessness of peace (not your values)
adventure.conversation.values	0x167443c+0x1736740+0x15ea718+0x15ed2cc	State the value of peace
adventure.conversation.values	0x167443c+0x1736740+0x15ea718+0x15ed2cc+0x1675568	State the value of peace (not your values)
adventure.conversation.values	0x167443c+0x166fd50+0x15ea718+0x15ed2cc	State nuances of peace
adventure.conversation.values	0x167443c+0x166fd50+0x15ea718+0x15ed2cc+0x1675568	State nuances of peace (not your values)
adventure.conversation.values	0x167557c+0x1736750+0x15ea718+0x15ed2cc	Argue the worthlessness of peace
adventure.conversation.values	0x167557c+0x1736750+0x15ea718+0x15ed2cc+0x1675568	Argue the worthlessness of peace (not your values)
adventure.conversation.values	0x167557c+0x1736740+0x15ea718+0x15ed2cc	Argue the value of peace
adventure.conversation.values	0x167557c+0x1736740+0x15ea718+0x15ed2cc+0x1675568	Argue the value of peace (not your values)
adventure.conversation.values	0x167557c+0x166fd50+0x15ea718+0x15ed2cc	Argue nuances of peace
adventure.conversation.values	0x167557c+0x166fd50+0x15ea718+0x15ed2cc+0x1675568	Argue nuances of peace (not your values)
adventure.conversation.values	0x167443c+0x1736750+0x15ea718+0x16408e0	State the worthlessness of knowledge
adventure.conversation.values	0x167443c+0x1736750+0x15ea718+0x16408e0+0x1675568	State the worthlessness of knowledge (not your values)
adventure.conversation.values	0x167443c+0x1736740+0x15ea718+0x16408e0	State the value of knowledge
adventure.conversation.values	0x167443c+0x1736740+0x15ea718+0x16408e0+0x1675568	State the value of knowledge (not your values)
adventure.conversation.values	0x167443c+0x166fd50+0x15ea718+0x16408e0	State nuances of knowledge
adventure.conversation.values	0x167443c+0x166fd50+0x15ea718+0x16408e0+0x1675568	State nuances of knowledge (not your values)
adventure.conversation.values	0x167557c+0x1736750+0x15ea718+0x16408e0	Argue the worthlessness of knowledge
adventure.conversation.values	0x167557c+0x1736750+0x15ea718+0x16408e0+0x1675568	Argue the worthlessness of knowledge (not your values)
adventure.conversation.values	0x167557c+0x1736740+0x15ea718+0x16408e0	Argue the value of knowledge
adventure.conversation.values	0x167557c+0x1736740+0x15ea718+0x16408e0+0x1675568	Argue the value of knowledge (not your values)
adventure.conversation.values	0x167557c+0x166fd50+0x15ea718+0x16408e0	Argue nuances of knowledge
adventure.conversation.values	0x167557c+0x166fd50+0x15ea718+0x16408e0+0x1675568	Argue nuances of knowledge (not your values)
adventure.conversation.dynamic	0x1673160	Ask about {p}
adventure.conversation.dynamic	0x1673160	Ask about {e}
adventure.conversation.dynamic	0x1673160	Ask about {n}
adventure.conversation.dynamic	0x1673dd8	Give report pertaining to service as a {s} for {e}
adventure.conversation.dynamic	0x1674538	Request duty or advice pertaining to service as a {s} for {e}
adventure.conversation.dynamic	0x1674618	Refuse listener work as {s} for {e}
adventure.conversation.dynamic	0x16746a0	Grant listener work as {s} for {e}
adventure.conversation.dynamic	0x1674518	Ask to be made a {s}
adventure.conversation.occupation	0x1674250	Ask to become a soldier
adventure.conversation.occupation	0x1674518	Ask to be made a performer for {e}
adventure.conversation.occupation	0x1674518	Ask to be made a tavern keeper for {e}
adventure.conversation.occupation	0x1674518	Ask to be made a monster slayer for {e}
adventure.conversation.occupation	0x1674518	Ask to be made a scholar for {e}
adventure.conversation.occupation	0x1674518	Ask to be made a mercenary for {e}
adventure.conversation.occupation	0x1674518	Ask to be made a doctor for {e}
adventure.conversation.occupation	0x1674518	Ask to be made a surgeon for {e}
adventure.conversation.occupation	0x1674518	Ask to be made a bone doctor for {e}
adventure.conversation.occupation	0x1674518	Ask to be made a diagnostician for {e}
adventure.conversation.occupation	0x1674518	Ask to be made a scribe for {e}

# Windows event captions, native construction 0x14069aad6..0x1406a1950.
# Bring up / Spread rumor share the event branches; offsets include known
# native prefix and event literals (not captured entity/name storage).
adventure.conversation.incident	0x1673748	Bring up {p}'s self-identification to {p}
adventure.conversation.incident	0x16736a8	Spread rumor of {p}'s self-identification to {p}
adventure.conversation.incident	0x1673748	Bring up {p}'s refusal to identify to {p}
adventure.conversation.incident	0x16736a8	Spread rumor of {p}'s refusal to identify to {p}
adventure.conversation.incident	0x1673748	Bring up {p}'s demand of submission from {p}
adventure.conversation.incident	0x16736a8	Spread rumor of {p}'s demand of submission from {p}
adventure.conversation.incident	0x1673748	Bring up {p}'s attack on {p}
adventure.conversation.incident	0x16736a8	Spread rumor of {p}'s attack on {p}
adventure.conversation.incident	0x1673748	Bring up {p}'s escalated attack on {p}
adventure.conversation.incident	0x16736a8	Spread rumor of {p}'s escalated attack on {p}
adventure.conversation.incident	0x1673748+0x15ea718	Bring up {p}'s ascension to {s} of {e}
adventure.conversation.incident	0x16736a8+0x15ea718	Spread rumor of {p}'s ascension to {s} of {e}
adventure.conversation.incident	0x1673748+0x16732a8	Bring up {p}'s presence in {e}
adventure.conversation.incident	0x16736a8+0x16732a8	Spread rumor of {p}'s presence in {e}
adventure.conversation.incident	0x1673748+0x16732a8	Bring up {e}'s presence in {e}
adventure.conversation.incident	0x16736a8+0x16732a8	Spread rumor of {e}'s presence in {e}
adventure.conversation.incident	0x1673748+0x15ecb50	Bring up {e}'s cessation of tribute to {e}
adventure.conversation.incident	0x16736a8+0x15ecb50	Spread rumor of {e}'s cessation of tribute to {e}
adventure.conversation.incident	0x1673748	Bring up {e}'s claim on {e}
adventure.conversation.incident	0x16736a8	Spread rumor of {e}'s claim on {e}
adventure.conversation.incident	0x1673748	Bring up {e}'s harassment of {e}
adventure.conversation.incident	0x16736a8	Spread rumor of {e}'s harassment of {e}
adventure.conversation.incident	0x1673748+0x15ecb98+0x15ea718	Bring up {e}'s withdrawal from {e} of {e}
adventure.conversation.incident	0x16736a8+0x15ecb98+0x15ea718	Spread rumor of {e}'s withdrawal from {e} of {e}
adventure.conversation.incident	0x1673748	Bring up {e}'s flight from {e}
adventure.conversation.incident	0x16736a8	Spread rumor of {e}'s flight from {e}
adventure.conversation.incident	0x1673748	Bring up {e}'s abandonment of {e}
adventure.conversation.incident	0x16736a8	Spread rumor of {e}'s abandonment of {e}
adventure.conversation.incident	0x1673748+0x16d8868+0x15ecbb0	Bring up the insurrection in {e} against {e}
adventure.conversation.incident	0x16736a8+0x16d8868+0x15ecbb0	Spread rumor of the insurrection in {e} against {e}
adventure.conversation.incident	0x1673748+0x15e8048	Bring up the {e} insurrection crushed by {e}
adventure.conversation.incident	0x16736a8+0x15e8048	Spread rumor of the {e} insurrection crushed by {e}
adventure.conversation.incident	0x1673748+0x15ecbb0	Bring up the failed insurrection {e} against {e}
adventure.conversation.incident	0x16736a8+0x15ecbb0	Spread rumor of the failed insurrection {e} against {e}
adventure.conversation.incident	0x1673748+0x15ea718+0x15ec1b4	Bring up the overthrow {e} of {e} in {e}
adventure.conversation.incident	0x16736a8+0x15ea718+0x15ec1b4	Spread rumor of the overthrow {e} of {e} in {e}
adventure.conversation.incident	0x1673748	Bring up {e}'s reclamation of {e}
adventure.conversation.incident	0x16736a8	Spread rumor of {e}'s reclamation of {e}
adventure.conversation.incident	0x1673748	Bring up {e}'s foundation of {e}
adventure.conversation.incident	0x16736a8	Spread rumor of {e}'s foundation of {e}
adventure.conversation.incident	0x1673748	Bring up {e}'s march to reclaim {e}
adventure.conversation.incident	0x16736a8	Spread rumor of {e}'s march to reclaim {e}
adventure.conversation.incident	0x1673748	Bring up {e}'s march to found a site in {e}
adventure.conversation.incident	0x16736a8	Spread rumor of {e}'s march to found a site in {e}
adventure.conversation.incident	0x1673748	Bring up {e}'s march toward {e}
adventure.conversation.incident	0x16736a8	Spread rumor of {e}'s march toward {e}
adventure.conversation.incident	0x1673748+0x15ecc08	Bring up the occupation of {e} by {e}
adventure.conversation.incident	0x16736a8+0x15ecc08	Spread rumor of the occupation of {e} by {e}
adventure.conversation.incident	0x1673748+0x15ec7b4+0x15ec1b4	Bring up {p}'s giving of {e} to {p} in {e}
adventure.conversation.incident	0x16736a8+0x15ec7b4+0x15ec1b4	Spread rumor of {p}'s giving of {e} to {p} in {e}
adventure.conversation.incident	0x1673748+0x15ec7b4+0x15ec1b4	Bring up {p}'s placement of {e} to {p} in {e}
adventure.conversation.incident	0x16736a8+0x15ec7b4+0x15ec1b4	Spread rumor of {p}'s placement of {e} to {p} in {e}
adventure.conversation.incident	0x1673748+0x16736f8	Bring up the destruction of {i}
adventure.conversation.incident	0x16736a8+0x16736f8	Spread rumor of the destruction of {i}
adventure.conversation.incident	0x1673748	Bring up {p}'s refusal to give {i}
adventure.conversation.incident	0x16736a8	Spread rumor of {p}'s refusal to give {i}
adventure.conversation.incident	0x1673748	Bring up {p}'s giving of {i}
adventure.conversation.incident	0x16736a8	Spread rumor of {p}'s giving of {i}
adventure.conversation.incident	0x1673748+0x15ec7b4	Bring up {p}'s giving of {i} to {p}
adventure.conversation.incident	0x16736a8+0x15ec7b4	Spread rumor of {p}'s giving of {i} to {p}
adventure.conversation.incident	0x1673748	Bring up {p}'s gaining of {i}
adventure.conversation.incident	0x16736a8	Spread rumor of {p}'s gaining of {i}
adventure.conversation.incident	0x1673748	Bring up {p}'s placement of {i}
adventure.conversation.incident	0x16736a8	Spread rumor of {p}'s placement of {i}
adventure.conversation.incident	0x1673748+0x15ec7b4	Bring up {p}'s placement of {i} to {p}
adventure.conversation.incident	0x16736a8+0x15ec7b4	Spread rumor of {p}'s placement of {i} to {p}
adventure.conversation.incident	0x1673748+0x15ecd48	Bring up {p}'s possession of {i}
adventure.conversation.incident	0x16736a8+0x15ecd48	Spread rumor of {p}'s possession of {i}
adventure.conversation.incident	0x1673748+0x15ecde8	Bring up {p}'s lack of possession of {i}
adventure.conversation.incident	0x16736a8+0x15ecde8	Spread rumor of {p}'s lack of possession of {i}
adventure.conversation.incident	0x1673748+0x16da5b8+0x15e8310	Bring up the reunion of {p} and {p}
adventure.conversation.incident	0x16736a8+0x16da5b8+0x15e8310	Spread rumor of the reunion of {p} and {p}
adventure.conversation.incident	0x1673748	Bring up {p}'s death
adventure.conversation.incident	0x16736a8	Spread rumor of {p}'s death
adventure.conversation.incident	0x1673748	Bring up your abduction
adventure.conversation.incident	0x1673748+0x16da5c8	Bring up the abduction of {p}
adventure.conversation.incident	0x1673748+0x1673298	Bring up {e}'s destruction
adventure.conversation.incident	0x16736a8+0x1673298	Spread rumor of {e}'s destruction
adventure.conversation.incident	0x1673748+0x16732a8	Bring up {i}'s presence in {e}
adventure.conversation.incident	0x16736a8+0x16732a8	Spread rumor of {i}'s presence in {e}
adventure.conversation.incident	0x1673748+0x1673220	Bring up {i}'s absence from {e}
adventure.conversation.incident	0x16736a8+0x1673220	Spread rumor of {i}'s absence from {e}
adventure.conversation.incident	0x1673748+0x15ecaf0+0x15ecb08	Bring up {e}'s acceptance of {e}'s offer of tribute
adventure.conversation.incident	0x16736a8+0x15ecaf0+0x15ecb08	Spread rumor of {e}'s acceptance of {e}'s offer of tribute
adventure.conversation.incident	0x1673748+0x15ecaf0+0x15ecad8	Bring up {e}'s acceptance of {e}'s demand for tribute
adventure.conversation.incident	0x16736a8+0x15ecaf0+0x15ecad8	Spread rumor of {e}'s acceptance of {e}'s demand for tribute
adventure.conversation.incident	0x1673748+0x15ecaf0+0x15ecb38	Bring up {e}'s acceptance of {e}'s offer of peace
adventure.conversation.incident	0x16736a8+0x15ecaf0+0x15ecb38	Spread rumor of {e}'s acceptance of {e}'s offer of peace
adventure.conversation.incident	0x1673748+0x15ecac8+0x15ecb08	Bring up {e}'s refusal of {e}'s offer of tribute
adventure.conversation.incident	0x16736a8+0x15ecac8+0x15ecb08	Spread rumor of {e}'s refusal of {e}'s offer of tribute
adventure.conversation.incident	0x1673748+0x15ecac8+0x15ecad8	Bring up {e}'s refusal of {e}'s demand for tribute
adventure.conversation.incident	0x16736a8+0x15ecac8+0x15ecad8	Spread rumor of {e}'s refusal of {e}'s demand for tribute
adventure.conversation.incident	0x1673748+0x15ecac8+0x15ecb38	Bring up {e}'s refusal of {e}'s offer of peace
adventure.conversation.incident	0x16736a8+0x15ecac8+0x15ecb38	Spread rumor of {e}'s refusal of {e}'s offer of peace
adventure.conversation.incident	0x1673748	Bring up {p}'s production order violation
adventure.conversation.incident	0x16736a8	Spread rumor of {p}'s production order violation
adventure.conversation.incident	0x1673748	Bring up {p}'s export prohibition violation
adventure.conversation.incident	0x16736a8	Spread rumor of {p}'s export prohibition violation
adventure.conversation.incident	0x1673748	Bring up {p}'s job order violation
adventure.conversation.incident	0x16736a8	Spread rumor of {p}'s job order violation
adventure.conversation.incident	0x1673748	Bring up {p}'s conspiracy to slow labor
adventure.conversation.incident	0x16736a8	Spread rumor of {p}'s conspiracy to slow labor
adventure.conversation.incident	0x1673748	Bring up {p}'s crime of murder
adventure.conversation.incident	0x16736a8	Spread rumor of {p}'s crime of murder
adventure.conversation.incident	0x1673748	Bring up {p}'s disorderly conduct
adventure.conversation.incident	0x16736a8	Spread rumor of {p}'s disorderly conduct
adventure.conversation.incident	0x1673748	Bring up {p}'s building destruction
adventure.conversation.incident	0x16736a8	Spread rumor of {p}'s building destruction
adventure.conversation.incident	0x1673748	Bring up {p}'s bribery
adventure.conversation.incident	0x16736a8	Spread rumor of {p}'s bribery
adventure.conversation.incident	0x1673748	Bring up {p}'s embezzlement
adventure.conversation.incident	0x16736a8	Spread rumor of {p}'s embezzlement
adventure.conversation.incident	0x1673748	Bring up {p}'s vandalism
adventure.conversation.incident	0x16736a8	Spread rumor of {p}'s vandalism
adventure.conversation.incident	0x1673748	Bring up {p}'s crime of theft
adventure.conversation.incident	0x16736a8	Spread rumor of {p}'s crime of theft
adventure.conversation.incident	0x1673748	Bring up {p}'s crime of robbery
adventure.conversation.incident	0x16736a8	Spread rumor of {p}'s crime of robbery
adventure.conversation.incident	0x1673748	Bring up {p}'s crime of espionage
adventure.conversation.incident	0x16736a8	Spread rumor of {p}'s crime of espionage
adventure.conversation.incident	0x1673748	Bring up {p}'s crime of treason
adventure.conversation.incident	0x16736a8	Spread rumor of {p}'s crime of treason
adventure.conversation.incident	0x1673748	Bring up {p}'s crime of blood-drinking
adventure.conversation.incident	0x16736a8	Spread rumor of {p}'s crime of blood-drinking
adventure.conversation.incident	0x1673748	Bring up {p}'s crime of attempted theft
adventure.conversation.incident	0x16736a8	Spread rumor of {p}'s crime of attempted theft
adventure.conversation.incident	0x1673748	Bring up {p}'s crime of attempted murder
adventure.conversation.incident	0x16736a8	Spread rumor of {p}'s crime of attempted murder
adventure.conversation.incident	0x1673748	Bring up {p}'s crime of kidnapping
adventure.conversation.incident	0x16736a8	Spread rumor of {p}'s crime of kidnapping
adventure.conversation.incident	0x1673748	Bring up {p}'s crime of attempted kidnapping
adventure.conversation.incident	0x16736a8	Spread rumor of {p}'s crime of attempted kidnapping

# Fortress report-summary constructor, native ELF DF 53.16 (BuildID above).
# 0x17f7df0 gets the complete unit label at 0x17f7e5c, capitalizes it,
# and appends " is " at 0x17f7eb6. The report type selects all three endings.
# Addresses document source construction only; every host uses the same hPt rules.
fortress.reports.summary	0x17f7e5c+0x17f7eb6+0x17f884f+0x17f885f	{n} is fighting!
fortress.reports.summary	0x17f7e5c+0x17f7eb6+0x17f87b7+0x17f87c7	{n} is sparring.
fortress.reports.summary	0x17f7e5c+0x17f7eb6+0x17f88e7	{n} is hunting.

# Creature status draw: native ELF 13f0d36..13f194a; shared UI-message grammar.
creature.status.mood	0x214c249	Has a horrible fell look!
creature.status.mood	0x214c263	Brooding darkly...
creature.status.mood	0x214c276	Has the aspect of one fey!
creature.status.mood	0x214c291	Peculiarly secretive...
creature.status.mood	0x214c2a9	Possessed by unknown forces!
creature.status.mood	0x214c2c6	Stricken by melancholy...
creature.status.mood	0x214c2e0	Crawling around babbling!
creature.status.mood	0x214c2fa	Running around babbling!
creature.status.mood	0x214c313	Crawling around crazed!
creature.status.mood	0x214c32b	Running around crazed!
creature.status.mood	0x214c342	In a berserk rage!
creature.status.mood	0x214c355	Staring off into space...
creature.status.mood	0x13f1192	Corrupt Strange Mood: {d}
creature.status.mood	0x214c386	Overcome by terror!
creature.status.mood	0x214c39a	In emotional shock!
creature.status.mood	0x214c3ae	Overwhelmed by horror!
creature.status.mood	0x214c3c5	Experiencing mortal fear!
creature.status.mood	0x13f165f+0x13f1760	Beside himself with grief!
creature.status.mood	0x13f165f+0x13f1787	Beside herself with grief!
creature.status.mood	0x13f165f+0x13f1736	Beside itself with grief!
creature.status.mood	0x214c3f4	Drowning in sadness!
creature.status.mood	0x214c409	Writhing in agony!
creature.status.mood	0x214c41c	Anguished!
creature.status.mood	0x214c427	Lost in despair!
creature.status.mood	0x214c438	Completely dismayed!
creature.status.mood	0x214c44d	Distressed!
creature.status.mood	0x214c459	Taken by a fright!
creature.status.mood	0x214c46c	Wallowing in misery!
creature.status.mood	0x214c481	Truly mortified!
creature.status.mood	0x214c492	Shaken to the core!
creature.status.mood	0x214c4a6	In existential crisis!
creature.status.mood	0x214c4bd	Emotionally overloaded!

# Diplomatic meeting, Linux DF 53.16 (same native image as above). The heading
# constructor uses the complete titled-unit formatter at 0xb676a0 for both
# participants, capitalizes the first word, and appends [B], not punctuation.
# Speech provenance uses ELF file offsets for the complete compiled scripts;
# [C:VAR:MEETING:ACTOR] is color and NATIVENAME fields are personal-name slots.
fortress.diplomacy.heading	0x1676720+0x16767b6+0x1676812+0x1676869+0x16768ed	{n} meets with {n}
fortress.diplomacy.dwarf.opening	0x213ca50	{p}: I am your liaison from the Mountainhomes. Let's discuss your situation.
fortress.diplomacy.dwarf.farewell	0x213c9a0	{p}: Farewell, {p}. I look forward to our meeting next year. Our fortunes rise and fall together.

# Diplomatic meeting: complete native constructor and renderer branches, not screenshot lines.
# dwarfort:VA=0x213cad0
fortress.diplomacy.script	0x213cad0	{p}: You have disrespected the trees in this area, but this is what we have come to expect from your stunted kind. Further abuse cannot be tolerated. Let this be a warning to you.
# dwarfort:VA=0x213cbb8
fortress.diplomacy.script	0x213cbb8	{p}: What a pleasant surprise! Not a single tree here weeps from the abuses meted out with such ease by your people. Joy! The dwarves have turned a page, not that we would make paper. A travesty! Perhaps it is better said that the dwarves have turned over a new leaf, and the springtime for our two races has only just begun.
# dwarfort:VA=0x213cd38
fortress.diplomacy.script	0x213cd38	{p}: Although we do not always see eye to eye (ha!), I bid you farewell. May you someday embrace nature as you embrace the rocks and mud.
# dwarfort:VA=0x213cdf8
fortress.diplomacy.script	0x213cdf8	{p}: Greetings from the woodlands. We have much to discuss.
# dwarfort:VA=0x213ce68
fortress.diplomacy.script	0x213ce68	{p}: It has been an honor, noble {p}. I bid you farewell.
# dwarfort:VA=0x213cef0
fortress.diplomacy.script	0x213cef0	{p}: Greetings, noble dwarf. There is much to discuss.
# dwarfort:VA=0x213cf60
fortress.diplomacy.script	0x213cf60	{p}: Again on behalf of the Merchants' Guild, let me bid farewell to you and your stout dwarves.
# dwarfort:VA=0x213cff8
fortress.diplomacy.script	0x213cff8	{p}: On behalf of the Merchants' Guild, let me extend greetings to your people. There is much to discuss.
# dwarfort:VA=0x21a6378
fortress.diplomacy.topic	0x21a6378	{p}: I don't know very much about the outside world. I wish I had more to tell you.
# dwarfort:VA=0x21a6400
fortress.diplomacy.topic	0x21a6400	{p}: There is much to share... (Information added to Civilizations/World Info)
# dwarfort:VA=0x21a6480
fortress.diplomacy.topic	0x21a6480	{p}: The world is the same as ever.
# dwarfort:VA=0x21a64d8
fortress.diplomacy.topic	0x21a64d8	{p}: Peace is calling out to us. How do you respond?
# dwarfort:VA=0x21a6540
fortress.diplomacy.topic	0x21a6540	{p}: It's such a pleasant place you've carved out for yourselves...
# dwarfort:VA=0x21a65b8
fortress.diplomacy.topic	0x21a65b8	{p}: Let's discuss the state of our current agreements...
# dwarfort:VA=0x21a67e8
fortress.diplomacy.topic	0x21a67e8	{p}: The Mountainhomes have some need of the same goods you have requested, sadly, so there is no export agreement to be had. We will still try to fill your needs as best we can.
# dwarfort:VA=0x21a6960
fortress.diplomacy.topic	0x21a6960	{p}: Remember, trade agreements strengthen bonds. Please consider an import agreement next year.
# dwarfort:VA=0x21a6b48
fortress.diplomacy.topic	0x21a6b48	{p}: You continue to impress! I have come empowered to elevate this land in the eyes of our realm.
# dwarfort:VA=0x21a68d0;call=0x16787e0
fortress.diplomacy.import	0x21a68d0+0x16787e0	{p}: Well then, we have finalized the import agreement. Feel free to go over the documents.
# dwarfort:VA=0x21a69f8+0x21a6a30;call=0x1677a03
fortress.diplomacy.elevation	0x21a69f8+0x21a6a30+0x1677a03	{p}: Merit deserves a reward, and I come empowered to establish this colony as an official land of our realm.
# dwarfort:VA=0x21a6aa0;call=0x1677a03
fortress.diplomacy.elevation	0x21a6aa0+0x1677a03	Can you imagine the trade wagons? Of course, there are responsibilities, and the nobility must live well.
# dwarfort:VA=0x21a6b10
fortress.diplomacy.elevation	0x21a6b10	Do you have anyone suitable to recommend for elevation?
# dwarfort:inline=0x165f334+0x165f423
fortress.diplomacy.elevation	0x165f334+0x165f423	Elevate whom?
# dwarfort:VA=0x21a5d10
fortress.diplomacy.reply	0x21a5d10	We will gladly do as you ask and strengthen our bonds of friendship.
# dwarfort:VA=0x21a5d58
fortress.diplomacy.reply	0x21a5d58	Sadly, we do not possess this object. Best of luck in your search.
# dwarfort:VA=0x21a5da0
fortress.diplomacy.reply	0x21a5da0	Give up this childish errand. We do not part with our treasures lightly.
# dwarfort:VA=0x21a5df0
fortress.diplomacy.reply	0x21a5df0	Your claim is worthless here. Trade your lives if you must.
# dwarfort:VA=0x21a5e30
fortress.diplomacy.reply	0x21a5e30	I hear the call. Let us stop this war.
# dwarfort:VA=0x21a5e58
fortress.diplomacy.reply	0x21a5e58	We will drown out the call with the screams of your dying. Begone.
# dwarfort:VA=0x21a5ea0
fortress.diplomacy.reply	0x21a5ea0	I can scarcely believe this good news! I have some recommendations.
# dwarfort:VA=0x21a5ee8
fortress.diplomacy.reply	0x21a5ee8	Flattering, but we'd rather maintain our distance from the homeland.
# dwarfort:VA=0x21a5f30
fortress.diplomacy.reply	0x21a5f30	We can abide by this. Let us work toward mutual co-existence.
# dwarfort:VA=0x21a5f70
fortress.diplomacy.reply	0x21a5f70	Our needs exceed your allowances. Relax. They're only trees.
# dwarfort:VA=0x21a5fb0
fortress.diplomacy.reply	0x21a5fb0	We can grant this request. Let's discuss the specifics, though...
# dwarfort:VA=0x21a5ff8
fortress.diplomacy.reply	0x21a5ff8	We cannot stop production just because of your quaint sensibilities.
# dwarfort:branch=0x1678541;join=0x1678183..0x1678215;NUMBER=0x424cf0
fortress.diplomacy.tree-quota	0x1678541+0x1678183+0x1678215+0x424cf0	{p}: We elves are partial in particular to the trees in the forests surrounding your lands. Although we are loath to spare a single branch to your senseless slaughter, we are willing to ask that you cap your tree-fells at {u} until we next meet. I will try to return next year as I am able.
# dwarfort:branch=0x167815a;join=0x1678183..0x1678215;NUMBER=0x424cf0
fortress.diplomacy.tree-quota	0x167815a+0x1678183+0x1678215+0x424cf0	{p}: Whatever possessed you to brave these wilds, where our animal friends are even larger than your kind than usual, we do not know. But know that this land is sacred to us, these trees more than any others. Although we are loath to spare a single branch to your senseless slaughter, we are willing to ask that you cap your tree-fells at {u} until we next meet. I will try to return next year as I am able. And beware.
# dwarfort:0x1677ab9..0x1677aff
fortress.diplomacy.tree-counteroffer	0x1677ab9+0x1677aff	{p}: We can part with at most {d} trees, butcher.
# dwarfort:0x167856f..0x16786a1;CRAFTSMAN_NAME
fortress.diplomacy.export	0x167856f+0x16786a1	{p}: Let's discuss what we are willing to offer for your {s}ship.
# dwarfort:0x1678f4a..0x167901b;item=0x12b6a70
fortress.diplomacy.export	0x1678f4a+0x167901b+0x12b6a70	{p}: Let's discuss what we are willing to offer for your {s}ship. A need for {i} is expected, and if you are able to provide some, the caravan will offer {d}%. This export agreement only applies to trades next year, not with any merchants currently present.
# dwarfort:0x1678daa..0x167901b;item=0x12b6a70
fortress.diplomacy.export	0x1678daa+0x167901b+0x12b6a70	{p}: Let's discuss what we are willing to offer for your {s}ship. A need for {i} and {i} is expected, and if you are able to provide some, the caravan will offer {d}% and {d}% respectively. This export agreement only applies to trades next year, not with any merchants currently present.
# dwarfort:0x16788a6..0x1678afb;trade-item=0x8b0af0
fortress.diplomacy.import-row	0x16788a6+0x1678afb+0x8b0af0	{s} requested, priced at {d}%
# dwarfort:0x16769cd..0x1676d79;claims=0x1676c12..0x1676c46+0x1677736+0x1677f4c..0x167807e
fortress.diplomacy.artifact-claim	0x16769cd+0x1676d79+0x1676c12+0x1676c46+0x1677736+0x1677f4c+0x167807e	{b} is an heirloom of our people.
# dwarfort:0x16769cd..0x1676d79;claims=0x1676c12..0x1676c46+0x1677736+0x1677f4c..0x167807e
fortress.diplomacy.artifact-claim	0x16769cd+0x1676d79+0x1676c12+0x1676c46+0x1677736+0x1677f4c+0x167807e	{b} is the property of our people.
# dwarfort:0x16769cd..0x1676d79;claims=0x1676c12..0x1676c46+0x1677736+0x1677f4c..0x167807e
fortress.diplomacy.artifact-claim	0x16769cd+0x1676d79+0x1676c12+0x1676c46+0x1677736+0x1677f4c+0x167807e	{b} is a sacred relic of our people.
# dwarfort:0x16769cd..0x1676d79;claims=0x1676c12..0x1676c46+0x1677736+0x1677f4c..0x167807e
fortress.diplomacy.artifact-claim	0x16769cd+0x1676d79+0x1676c12+0x1676c46+0x1677736+0x1677f4c+0x167807e	{b} is the symbol of our people
# dwarfort:0x16769cd..0x1676d79;claims=0x1676c12..0x1676c46+0x1677736+0x1677f4c..0x167807e
fortress.diplomacy.artifact-claim	0x16769cd+0x1676d79+0x1676c12+0x1676c46+0x1677736+0x1677f4c+0x167807e	{b} is the symbol of the {s}
# dwarfort:VA=0x21a6328
fortress.diplomacy.artifact-claim	0x21a6328	Pass this treasure into our possession, and we shall depart in peace.
# dwarfort:0x1676f50..0x1677506;search=0;return=0;relative-time=0x10448d0
fortress.diplomacy.artifact-quest	0x1676f50+0x1677506+0x10448d0	{b} is sought by {s}, and I aim to return it home. My epic journey began {s}.
# dwarfort:0x1676f50..0x1677506;search=0;return=1;relative-time=0x10448d0
fortress.diplomacy.artifact-quest	0x1676f50+0x1677506+0x10448d0	{b} is sought by {s}, and I aim to return it home. My epic journey began {s}. I can only rest when I've brought the prize safely to {e}.
# dwarfort:0x1676f50..0x1677506;search=0;return=2;relative-time=0x10448d0
fortress.diplomacy.artifact-quest	0x1676f50+0x1677506+0x10448d0	{b} is sought by {s}, and I aim to return it home. My epic journey began {s}. I can only rest when I've brought the prize safely to {s} in {e}.
# dwarfort:0x1676f50..0x1677506;search=1;return=0;relative-time=0x10448d0
fortress.diplomacy.artifact-quest	0x1676f50+0x1677506+0x10448d0	{b} is sought by {s}, and I aim to return it home. My epic journey began {s}. I've already searched in {e}.
# dwarfort:0x1676f50..0x1677506;search=1;return=1;relative-time=0x10448d0
fortress.diplomacy.artifact-quest	0x1676f50+0x1677506+0x10448d0	{b} is sought by {s}, and I aim to return it home. My epic journey began {s}. I've already searched in {e}. I can only rest when I've brought the prize safely to {e}.
# dwarfort:0x1676f50..0x1677506;search=1;return=2;relative-time=0x10448d0
fortress.diplomacy.artifact-quest	0x1676f50+0x1677506+0x10448d0	{b} is sought by {s}, and I aim to return it home. My epic journey began {s}. I've already searched in {e}. I can only rest when I've brought the prize safely to {s} in {e}.
# dwarfort:0x1676f50..0x1677506;search=2;return=0;relative-time=0x10448d0
fortress.diplomacy.artifact-quest	0x1676f50+0x1677506+0x10448d0	{b} is sought by {s}, and I aim to return it home. My epic journey began {s}. I've boldly searched {e} and {e}.
# dwarfort:0x1676f50..0x1677506;search=2;return=1;relative-time=0x10448d0
fortress.diplomacy.artifact-quest	0x1676f50+0x1677506+0x10448d0	{b} is sought by {s}, and I aim to return it home. My epic journey began {s}. I've boldly searched {e} and {e}. I can only rest when I've brought the prize safely to {e}.
# dwarfort:0x1676f50..0x1677506;search=2;return=2;relative-time=0x10448d0
fortress.diplomacy.artifact-quest	0x1676f50+0x1677506+0x10448d0	{b} is sought by {s}, and I aim to return it home. My epic journey began {s}. I've boldly searched {e} and {e}. I can only rest when I've brought the prize safely to {s} in {e}.
# dwarfort:0x1676f50..0x1677506;search=3;return=0;relative-time=0x10448d0
fortress.diplomacy.artifact-quest	0x1676f50+0x1677506+0x10448d0	{b} is sought by {s}, and I aim to return it home. My epic journey began {s}. I've searched nearly the whole world over.
# dwarfort:0x1676f50..0x1677506;search=3;return=1;relative-time=0x10448d0
fortress.diplomacy.artifact-quest	0x1676f50+0x1677506+0x10448d0	{b} is sought by {s}, and I aim to return it home. My epic journey began {s}. I've searched nearly the whole world over. I can only rest when I've brought the prize safely to {e}.
# dwarfort:0x1676f50..0x1677506;search=3;return=2;relative-time=0x10448d0
fortress.diplomacy.artifact-quest	0x1676f50+0x1677506+0x10448d0	{b} is sought by {s}, and I aim to return it home. My epic journey began {s}. I've searched nearly the whole world over. I can only rest when I've brought the prize safely to {s} in {e}.
# dwarfort:VA=0x21a6280
fortress.diplomacy.artifact-quest	0x21a6280	Play your role in this noble quest and become legendary!
# dwarfort:0x165efb0..0x1663827
fortress.diplomacy.controls	0x165efb0+0x1663827	Make requests for next year's caravan. They'll charge more for these items.
# dwarfort:0x165efb0..0x1663827
fortress.diplomacy.controls	0x165efb0+0x1663827	No recommendations available
# dwarfort:0x165efb0..0x1663827
fortress.diplomacy.controls	0x165efb0+0x1663827	No positions available

# Fortress revisit modal, native constructor 0x13797e0..0x137b51d.
# Heading's Dwarven branch is visible in the reported modal; body literals
# are recorded in data/extracted/announcement-native-constructor-sources.tsv.
fortress.introduction.revisit	0x137ab26	A Dwarven Outpost Revisited: You have returned.
fortress.introduction.revisit	0x137b19e+0x137b17e+0x137b15e	How have your sturdy charges fared in your absence? Have they gone on adventures or moved on to richer delving at new frontier settlements? Perhaps they are all still here, unwilling to leave the magnificent fortress you prepared for them.
fortress.introduction.revisit	0x137b11e	Deep underground, the promise of treasure and the thrill of overcoming danger have lured you back to this place. Will you strike the earth again?


# Fortress depot trade, Steam PE RVA 0x384850..0x38a5b0 and artifact helper
# 0x36a9c0..0x36b0a8. Native branch reconstruction, complete assembly and
# both editions' literal coordinates: data/extracted/fortress-trade/.
fortress.trade.dialogue	0x385be8+0x385c36+0x385c5b+0x3861b9	"Greetings from the outer lands.  Your efforts are legend there.  Let us trade!"
fortress.trade.dialogue	0x385be8+0x385c3d+0x385c5b+0x3861b9	"Greetings from the Mountainhomes.  Your efforts are legend there.  Let us trade!"
fortress.trade.dialogue	0x385be8+0x385cc9+0x3861b9	"Greetings from our mountain halls to yours.  Let us strengthen our bonds in trade."
fortress.trade.dialogue	0x385be8+0x385cd5+0x385d55+0x385d5c+0x385d82+0x385db9+0x385dd1+0x3861b9	"Greetings.  The {s}ship of the {s} is unparalleled.  Let's make a deal!"
fortress.trade.dialogue	0x385be8+0x385e03+0x385e16+0x3861b9	"Greetings.  We are enchanted by your more ethical works.  We've come to trade."
fortress.trade.dialogue	0x385be8+0x385e6f+0x3861b9	"A hairy drunkard has come hither to once more disrespect the sanctity of life, I see."
fortress.trade.dialogue	0x385be8+0x385e7c+0x3861b9	"What do you want?"
fortress.trade.dialogue	0x385be8+0x385e88+0x3861b9	"These goods are too heavy and cheap for me to consider."
fortress.trade.dialogue	0x385be8+0x385e94+0x3861b9	"I cannot take so much -- and at such cost!"
fortress.trade.dialogue	0x385be8+0x385ea0+0x3861b9	"Do not tempt me!  My beasts of burden cannot possibly haul such a load."
fortress.trade.dialogue	0x385be8+0x385eac+0x3861b9	"I wish I could take so much, but my animals..."
fortress.trade.dialogue	0x385be8+0x385eb8+0x3861b9	"I must make a profit.  There is simply not enough value here."
fortress.trade.dialogue	0x385be8+0x385ec4+0x3861b9	"I won't trade at a loss."
fortress.trade.dialogue	0x385be8+0x385ed0+0x3861b9	"Please understand the journey must be profitable.  Perhaps you'd consider tossing in a little extra?"
fortress.trade.dialogue	0x385be8+0x385f19+0x3861b9	"Your childish games have made me tired.  Perhaps next time I visit you'll take this seriously."
fortress.trade.dialogue	0x385be8+0x385f26+0x3861b9	"Leave it to the besotted dullard to miss the finer points of discourse.  I'm leaving.  Do reflect."
fortress.trade.dialogue	0x385be8+0x385f32+0x385f45+0x3861b9	"You'll need more goods to make this arrangement.  All I see here is not enough."
fortress.trade.dialogue	0x385be8+0x385f51+0x385f64+0x3861b9	"Even with your combined trade goods, such as they are, I can't fathom you ending up with the items you desire."
fortress.trade.dialogue	0x385be8+0x385f70+0x3861b9	"Ah, wonderful.  Thank you for your business."
fortress.trade.dialogue	0x385be8+0x385fb9+0x3861b9	"I will see that our leader gets this offering."
fortress.trade.dialogue	0x385be8+0x385fc6+0x3861b9	"You are too kind."
fortress.trade.dialogue	0x385be8+0x385fd2+0x3861b9	"Take what you wish.  I can't stop you."
fortress.trade.dialogue	0x385be8+0x38601d+0x386030+0x3861b9	"You wish to make an offering to our leader?  This would please us greatly.  What do you offer?"
fortress.trade.dialogue	0x385be8+0x38603c+0x3861b9	"You wish to make an offering?  We love gifts."
fortress.trade.dialogue	0x385be8+0x386087+0x38609a+0x3861b9	"[Laughs uproariously]  You had me going there.  Obviously, your copious wit is matched only by your industry!"
fortress.trade.dialogue	0x385be8+0x3860a6+0x3861b9	"[Chuckles]  How droll."
fortress.trade.dialogue	0x385be8+0x3860b2+0x3861b9	"I am a merchant, yes.  You see, I wish to trade.  Which of my goods do you desire?"
fortress.trade.dialogue	0x385be8+0x3860be+0x3860d1+0x3861b9	"Yes, and trade we will!  Simply tell me what interests you and what you're prepared to offer in exchange."
fortress.trade.dialogue	0x385be8+0x3860dd+0x3861b9	"Ah, but my goods are not free!  What do you offer in trade?"
fortress.trade.dialogue	0x385be8+0x3860e9+0x3860fc+0x3861b9	"These _are_ fine items, aren't they?  Now, what do offer for them?"
fortress.trade.dialogue	0x385be8+0x386108+0x3861b9	"For me?  At no price?  I can accept your offer, or perhaps you wish to trade."
fortress.trade.dialogue	0x385be8+0x386136+0x3861b9	"Are these gifts?  Do you wish to trade?"
fortress.trade.dialogue	0x385be8+0x38613f+0x386152+0x3861b9	"My stones, are you giving me those?  Do you wish to trade or to make an offering to our leader?"
fortress.trade.dialogue	0x385be8+0x38615b+0x38616e+0x3861b9	"You truly despise life, don't you?  I am beside myself with grief.  Perhaps we will show you how they suffered."
fortress.trade.dialogue	0x385be8+0x386177+0x38618a+0x3861b9	"Once a beautiful tree, and now?  It is a rude bauble, fit only for your kind."
fortress.trade.dialogue	0x385be8+0x386193+0x3861a6+0x3861b9	"I see your low race still revels in death.  That poor, gentle creature..."
fortress.trade.artifact	0x36ab7c+0x36ab9f+0x36abaa+0x36abc4+0x36abcf	You honor {e} with the presentation of {b}.
fortress.trade.artifact	0x36abef+0x36ac09+0x36ac14	Villains!  The seizure of {b} will not go unanswered.
fortress.trade.artifact	0x36ac4e+0x36ac57+0x36ac7d	{b} is a great treasure.  We respect that this is no mere trade.
fortress.trade.willingness	0x3863dd+0x38640c+0x386441+0x386511	{n} seems ecstatic with the trading.
fortress.trade.willingness	0x3863dd+0x38640c+0x386466+0x386511	{n} seems very happy about the trading.
fortress.trade.willingness	0x3863dd+0x38640c+0x38648c+0x386511	{n} seems pleased with the trading.
fortress.trade.willingness	0x3863dd+0x38640c+0x3864ae+0x386511	{n} seems willing to trade.
fortress.trade.willingness	0x3863dd+0x38640c+0x3864cd+0x386511	{n} seems to be rapidly losing patience.
fortress.trade.willingness	0x3863dd+0x386403+0x3864eb+0x386511	{n} is not going to take much more of this.
fortress.trade.willingness	0x3863dd+0x386403+0x3864fe+0x386511	{n} is unwilling to trade.
fortress.trade.counteroffer	0x386691+0x3866de	The following fortress goods were added for the counteroffer:
fortress.trade.controls	0x389751+0x3899f1	Mark all
fortress.trade.pane-heading	0x3870fd	Merchant from {s}
fortress.trade.pane-heading	0x388181	Your fortress of {s}
fortress.trade.controls	0x3898a1+0x389b41	Unmark all
fortress.trade.controls	0x389d41	Seize
fortress.trade.controls	0x389f4b	Accept Counteroffer
fortress.trade.controls	0x38a1f3	Offer as gift
fortress.trade.controls	0x3893c4	Trader Profit:
fortress.trade.controls	0x389469	Trader Loss:
fortress.trade.controls	0x389538	Allowed Weight:
fortress.trade.controls	0x3895b8	Excess Weight:
