edition	selector	enum	block	text_operands	field_suppliers	branch_conditions
reference	0	Conflict	0x140e2c4d1	0x140e2c4da:cstring:while in  | 0x140e2c4ef:cstring:conflict	0x140e2c4e4:call   0x14006f560 | 0x140e32063:call   0x14006fa10 | 0x140e3206d:call   0x14006f850 | 0x140e3207c:call   0x141539660	0x140e2c4d1:cmp    BYTE PTR [rbp+0xe8],0x0
reference	1	Trauma	0x140e2c4fb	0x140e2c504:cstring:after  | 0x140e2c519:cstring:experiencing trauma	0x140e2c50e:call   0x14006f560 | 0x140e32063:call   0x14006fa10 | 0x140e3206d:call   0x14006f850 | 0x140e3207c:call   0x141539660	0x140e2c4fb:cmp    BYTE PTR [rbp+0xe8],0x0
reference	2	WitnessDeath	0x140e2c525	0x140e2c52e:cstring:after  | 0x140e2c543:cstring:seeing  | 0x140e2c5a7:cstring:the  | 0x140e2c5e2:cstring:  | 0x140e2c644:cstring: die | 0x140e2c659:cstring:a  | 0x140e2c6a0:cstring: die | 0x140e2c6af:cstring:somebody | 0x140e2c6c1:cstring: die	0x140e2c538:call   0x14006f560 | 0x140e2c54d:call   0x14006fa10 | 0x140e2c55b:call   0x1400b9dc0 | 0x140e2c57f:call   0x140067dc0 | 0x140e2c594:call   0x14006f690 | 0x140e2c5b1:call   0x14006f560 | 0x140e2c5ba:call   0x14006f690 | 0x140e2c5d1:call   0x140aa3bd0 | 0x140e2c5dd:call   0x1400b9d10 | 0x140e2c5ec:call   0x14006f560 | 0x140e2c5f6:call   0x140067e30 | 0x140e2c600:call   0x140072080 | 0x140e2c62f:call   0x140b92af0 | 0x140e2c639:call   0x140067e30 | 0x140e2c660:call   0x14006f560 | 0x140e2c669:call   0x14006f690 | 0x140e2c67f:call   0x140aa3bd0 | 0x140e2c68b:call   0x1400b9d10 | 0x140e2c695:call   0x140067e30 | 0x140e2c6b6:call   0x14006f560 | 0x140e32063:call   0x14006fa10 | 0x140e3206d:call   0x14006f850 | 0x140e3207c:call   0x141539660	0x140e2c525:cmp    BYTE PTR [rbp+0xe8],0x0 | 0x140e2c563:test   rax,rax | 0x140e2c56f:cmp    edx,0xffffffff | 0x140e2c587:test   rax,rax | 0x140e2c59f:cmp    ecx,DWORD PTR [rsi+0xa4] | 0x140e2c653:cmp    DWORD PTR [rdi+0x58],0xffffffff
reference	3	UnexpectedDeath	0x140e2c886	0x140e2c88f:cstring:at  | 0x140e2c89e:cstring:the unexpected death of somebody	0x140e2c899:call   0x14006f560 | 0x140e2c8a8:call   0x14006f560 | 0x140e3206d:call   0x14006f850 | 0x140e3207c:call   0x141539660	0x140e2c886:cmp    BYTE PTR [rbp+0xe8],0x0
reference	4	Death	0x140e2c8b2	0x140e2c8bb:cstring:at  | 0x140e2c8ca:cstring:somebody's death	0x140e2c8c5:call   0x14006f560 | 0x140e2c8d4:call   0x14006f560 | 0x140e3206d:call   0x14006f850 | 0x140e3207c:call   0x141539660	0x140e2c8b2:cmp    BYTE PTR [rbp+0xe8],0x0
reference	5	Kill	0x140e2c8de	0x140e2c8e7:cstring:while  | 0x140e2c8f6:cstring:killing somebody	0x140e2c8f1:call   0x14006f560 | 0x140e2c900:call   0x14006f560 | 0x140e3206d:call   0x14006f850 | 0x140e3207c:call   0x141539660	0x140e2c8de:cmp    BYTE PTR [rbp+0xe8],0x0
reference	6	LoveSeparated	0x140e32069		0x140e3206d:call   0x14006f850 | 0x140e3207c:call   0x141539660	
reference	7	LoveReunited	0x140e2c90a	0x140e2c913:cstring:after  | 0x140e2c922:cstring:being reunited with a loved one	0x140e2c91d:call   0x14006f560 | 0x140e2c92c:call   0x14006f560 | 0x140e3206d:call   0x14006f850 | 0x140e3207c:call   0x141539660	0x140e2c90a:cmp    BYTE PTR [rbp+0xe8],0x0
reference	8	JoinConflict	0x140e2c962	0x140e2c96b:cstring:when  | 0x140e2c97a:cstring:joining an existing conflict	0x140e2c975:call   0x14006f560 | 0x140e2c984:call   0x14006f560 | 0x140e3206d:call   0x14006f850 | 0x140e3207c:call   0x141539660	0x140e2c962:cmp    BYTE PTR [rbp+0xe8],0x0
reference	9	MakeMasterwork	0x140e2ca78	0x140e2ca81:cstring:after  | 0x140e2ca90:cstring:producing a masterwork	0x140e2ca8b:call   0x14006f560 | 0x140e2ca9a:call   0x14006f560 | 0x140e3206d:call   0x14006f850 | 0x140e3207c:call   0x141539660	0x140e2ca78:cmp    BYTE PTR [rbp+0xe8],0x0
reference	10	MadeArtifact	0x140e2caa4	0x140e2caad:cstring:after  | 0x140e2cabc:cstring:creating an artifact	0x140e2cab7:call   0x14006f560 | 0x140e2cac6:call   0x14006f560 | 0x140e3206d:call   0x14006f850 | 0x140e3207c:call   0x141539660	0x140e2caa4:cmp    BYTE PTR [rbp+0xe8],0x0
reference	11	MasterSkill	0x140e2cb31	0x140e2cb3a:cstring:upon  | 0x140e2cb49:cstring:mastering 	0x140e2cb44:call   0x14006f560 | 0x140e2cb53:call   0x14006f560 | 0x140e2cb5c:call   0x14006f690 | 0x140e2cb69:call   0x140773990 | 0x140e2cb72:call   0x14052d080 | 0x140e2cb7e:call   0x1400b9d10 | 0x140e2cb88:call   0x140067e30 | 0x140e3206d:call   0x14006f850 | 0x140e3207c:call   0x141539660	0x140e2cb31:cmp    BYTE PTR [rbp+0xe8],0x0
reference	12	NewRomance	0x140e2cbea	0x140e2cbf7:cstring:as  | 0x140e2cc18:cstring:you were | 0x140e2cc52:cstring: was | 0x140e2cc6b:cstring: caught up in  | 0x140e2cc7a:cstring:a new romance	0x140e2cc01:call   0x14006f560 | 0x140e2cc22:call   0x14006f560 | 0x140e2cc2d:call   0x14006f690 | 0x140e2cc41:call   0x140aa4730 | 0x140e2cc4d:call   0x1400b9d10 | 0x140e2cc5c:call   0x14006f560 | 0x140e2cc66:call   0x140067e30 | 0x140e2cc75:call   0x14006f560 | 0x140e2cc84:call   0x14006f560 | 0x140e3206d:call   0x14006f850 | 0x140e3207c:call   0x141539660	0x140e2cbea:cmp    BYTE PTR [rbp+0xe8],0x0 | 0x140e2cc06:cmp    DWORD PTR [rip+0xa6f68b],0x1 | 0x140e2cc0f:cmp    rsi,QWORD PTR [rip+0x15b84fa]
reference	13	BecomeParent	0x140e2cdb8	0x140e2cdc1:cstring:after  | 0x140e2cdd0:cstring:becoming a parent	0x140e2cdcb:call   0x14006f560 | 0x140e2cdda:call   0x14006f560 | 0x140e3206d:call   0x14006f850 | 0x140e3207c:call   0x141539660	0x140e2cdb8:cmp    BYTE PTR [rbp+0xe8],0x0
reference	14	NearConflict	0x140e2cde4	0x140e2cde4:cstring:being near to a conflict	0x140e2cdee:call   0x14006f560 | 0x140e3206d:call   0x14006f850 | 0x140e3207c:call   0x141539660	
reference	15	CancelAgreement	0x140e2cdf8	0x140e2ce01:cstring:after  | 0x140e2ce10:cstring:an agreement was cancelled	0x140e2ce0b:call   0x14006f560 | 0x140e2ce1a:call   0x14006f560 | 0x140e3206d:call   0x14006f850 | 0x140e3207c:call   0x141539660	0x140e2cdf8:cmp    BYTE PTR [rbp+0xe8],0x0
reference	16	JoinTravel	0x140e2ce24	0x140e2ce2d:cstring:upon  | 0x140e2ce3c:cstring:joining a traveling group	0x140e2ce37:call   0x14006f560 | 0x140e2ce46:call   0x14006f560 | 0x140e3206d:call   0x14006f850 | 0x140e3207c:call   0x141539660	0x140e2ce24:cmp    BYTE PTR [rbp+0xe8],0x0
reference	17	SiteControlled	0x140e2ce50	0x140e2ce59:cstring:after  | 0x140e2ce68:cstring:a site was controlled	0x140e2ce63:call   0x14006f560 | 0x140e2ce72:call   0x14006f560 | 0x140e3206d:call   0x14006f850 | 0x140e3207c:call   0x141539660	0x140e2ce50:cmp    BYTE PTR [rbp+0xe8],0x0
reference	18	TributeCancel	0x140e2ce7c	0x140e2ce85:cstring:after  | 0x140e2ce94:cstring:a tribute cancellation	0x140e2ce8f:call   0x14006f560 | 0x140e2ce9e:call   0x14006f560 | 0x140e3206d:call   0x14006f850 | 0x140e3207c:call   0x141539660	0x140e2ce7c:cmp    BYTE PTR [rbp+0xe8],0x0
reference	19	Incident	0x140e2cea8	0x140e2ceb1:cstring:after  | 0x140e2cec0:cstring:an incident	0x140e2cebb:call   0x14006f560 | 0x140e2ceca:call   0x14006f560 | 0x140e3206d:call   0x14006f850 | 0x140e3207c:call   0x141539660	0x140e2cea8:cmp    BYTE PTR [rbp+0xe8],0x0
reference	20	HearRumor	0x140e2ced4	0x140e2cedd:cstring:after  | 0x140e2ceec:cstring:hearing a rumor	0x140e2cee7:call   0x14006f560 | 0x140e2cef6:call   0x14006f560 | 0x140e3206d:call   0x14006f850 | 0x140e3207c:call   0x141539660	0x140e2ced4:cmp    BYTE PTR [rbp+0xe8],0x0
reference	21	MilitaryRemoved	0x140e2cf58	0x140e2cf61:cstring:after  | 0x140e2cf70:cstring:being removed from a military group	0x140e2cf6b:call   0x14006f560 | 0x140e2cf7a:call   0x14006f560 | 0x140e3206d:call   0x14006f850 | 0x140e3207c:call   0x141539660	0x140e2cf58:cmp    BYTE PTR [rbp+0xe8],0x0
reference	22	StrangerWeapon	0x140e2cf84	0x140e2cf84:cstring:when a stranger advanced with a weapon	0x140e2cf8e:call   0x14006f560 | 0x140e3206d:call   0x14006f850 | 0x140e3207c:call   0x141539660	
reference	23	StrangerSneaking	0x140e2cf98	0x140e2cfa1:cstring:after  | 0x140e2cfb0:cstring:seeing a stranger sneaking around	0x140e2cfab:call   0x14006f560 | 0x140e2cfba:call   0x14006f560 | 0x140e3206d:call   0x14006f850 | 0x140e3207c:call   0x141539660	0x140e2cf98:cmp    BYTE PTR [rbp+0xe8],0x0
reference	24	SawDrinkBlood	0x140e2cfc4	0x140e2cfcd:cstring:after  | 0x140e2cfdc:cstring:witnessing a night creature drinking blood	0x140e2cfd7:call   0x14006f560 | 0x140e2cfe6:call   0x14006f560 | 0x140e3206d:call   0x14006f850 | 0x140e3207c:call   0x141539660	0x140e2cfc4:cmp    BYTE PTR [rbp+0xe8],0x0
reference	25	Complained	0x140e2cff0	0x140e2d01e:cstring:after  | 0x140e2d02d:cstring:petitioning for citizenship | 0x140e2d04a:cstring:after  | 0x140e2d059:cstring:bringing up job scarcity in a meeting | 0x140e2d076:cstring:after  | 0x140e2d085:cstring:making suggestions about work allocations | 0x140e2d0a2:cstring:after  | 0x140e2d0b1:cstring:requesting weapon production | 0x140e2d0ce:cstring:while  | 0x140e2d0dd:cstring:yelling at a priest | 0x140e2d0fa:cstring:while  | 0x140e2d109:cstring:crying on a priest | 0x140e2d126:cstring:while  | 0x140e2d135:cstring:yelling at somebody in charge | 0x140e2d152:cstring:while  | 0x140e2d161:cstring:crying on somebody in charge | 0x140e2d17e:cstring:after  | 0x140e2d18d:cstring:telling somebody about being trapped here	0x140e2d028:call   0x14006f560 | 0x140e2d037:call   0x14006f560 | 0x140e2d054:call   0x14006f560 | 0x140e2d063:call   0x14006f560 | 0x140e2d080:call   0x14006f560 | 0x140e2d08f:call   0x14006f560 | 0x140e2d0ac:call   0x14006f560 | 0x140e2d0bb:call   0x14006f560 | 0x140e2d0d8:call   0x14006f560 | 0x140e2d0e7:call   0x14006f560 | 0x140e2d104:call   0x14006f560 | 0x140e2d113:call   0x14006f560 | 0x140e2d130:call   0x14006f560 | 0x140e2d13f:call   0x14006f560 | 0x140e2d15c:call   0x14006f560 | 0x140e2d16b:call   0x14006f560 | 0x140e2d188:call   0x14006f560 | 0x140e2d197:call   0x14006f560 | 0x140e3206d:call   0x14006f850 | 0x140e3207c:call   0x141539660	0x140e2cff3:cmp    edi,0x44 | 0x140e2d015:cmp    BYTE PTR [rbp+0xe8],0x0 | 0x140e2d041:cmp    BYTE PTR [rbp+0xe8],0x0 | 0x140e2d06d:cmp    BYTE PTR [rbp+0xe8],0x0 | 0x140e2d099:cmp    BYTE PTR [rbp+0xe8],0x0 | 0x140e2d0c5:cmp    BYTE PTR [rbp+0xe8],0x0 | 0x140e2d0f1:cmp    BYTE PTR [rbp+0xe8],0x0 | 0x140e2d11d:cmp    BYTE PTR [rbp+0xe8],0x0 | 0x140e2d149:cmp    BYTE PTR [rbp+0xe8],0x0 | 0x140e2d175:cmp    BYTE PTR [rbp+0xe8],0x0
reference	26	ReceivedComplaint	0x140e2d1a1	0x140e2d1cf:cstring:while  | 0x140e2d1de:cstring:being cried on by an unhappy worshipper | 0x140e2d1fb:cstring:while  | 0x140e2d20a:cstring:being yelled at by an unhappy worshipper | 0x140e2d227:cstring:after  | 0x140e2d236:cstring:hearing somebody was being prevented from leaving | 0x140e2d253:cstring:while  | 0x140e2d262:cstring:being cried on by an unhappy citizen | 0x140e2d27f:cstring:while  | 0x140e2d28e:cstring:being yelled at by an unhappy citizen	0x140e2d1d9:call   0x14006f560 | 0x140e2d1e8:call   0x14006f560 | 0x140e2d205:call   0x14006f560 | 0x140e2d214:call   0x14006f560 | 0x140e2d231:call   0x14006f560 | 0x140e2d240:call   0x14006f560 | 0x140e2d25d:call   0x14006f560 | 0x140e2d26c:call   0x14006f560 | 0x140e2d289:call   0x14006f560 | 0x140e2d298:call   0x14006f560 | 0x140e3206d:call   0x14006f850 | 0x140e3207c:call   0x141539660	0x140e2d1bd:cmp    edi,0x1 | 0x140e2d1c6:cmp    BYTE PTR [rbp+0xe8],0x0 | 0x140e2d1f2:cmp    BYTE PTR [rbp+0xe8],0x0 | 0x140e2d21e:cmp    BYTE PTR [rbp+0xe8],0x0 | 0x140e2d24a:cmp    BYTE PTR [rbp+0xe8],0x0 | 0x140e2d276:cmp    BYTE PTR [rbp+0xe8],0x0
reference	27	AdmireBuilding	0x140e2d375	0x140e2d384:cstring:near  | 0x140e2d39e:cstring:a | 0x140e2d3c1:cstring:your | 0x140e2d419:cstring: own | 0x140e2d431:cstring:  | 0x140e2d475:cstring:completely sublime | 0x140e2d487:cstring:  | 0x140e2d4a5:cstring:tastefully arranged  | 0x140e2d4e4:cstring:wonderful | 0x140e2d4ed:cstring:splendid | 0x140e2d4f6:cstring:very fine | 0x140e2d502:cstring:fine	0x140e2d38e:call   0x14006fa10 | 0x140e2d3a8:call   0x14006f560 | 0x140e2d3cb:call   0x14006f560 | 0x140e2d3db:call   0x140068190 | 0x140e2d3e4:call   0x14006fb80 | 0x140e2d3f8:call   0x140aa4850 | 0x140e2d404:call   0x1400b9d10 | 0x140e2d40e:call   0x14006f850 | 0x140e2d423:call   0x14006fa10 | 0x140e2d43b:call   0x14006fa10 | 0x140e2d47f:call   0x14006f560 | 0x140e2d491:call   0x14006fa10 | 0x140e2d4af:call   0x14006fa10 | 0x140e2d4ce:call   0x14054d320 | 0x140e2d4da:call   0x1400b9d10 | 0x140e3206d:call   0x14006f850 | 0x140e3207c:call   0x141539660	0x140e2d375:cmp    BYTE PTR [rbp+0xe8],0x0 | 0x140e2d397:test   eax,0xfffffffd | 0x140e2d3af:cmp    DWORD PTR [rip+0xa6eee2],0x1 | 0x140e2d3b8:cmp    rsi,QWORD PTR [rip+0x15b7d51] | 0x140e2d44b:cmp    ecx,0x5 | 0x140e2d470:cmp    ecx,r14d | 0x140e2d49a:cmp    eax,r14d
reference	28	AdmireOwnBuilding	0x140e2d375	0x140e2d384:cstring:near  | 0x140e2d39e:cstring:a | 0x140e2d3c1:cstring:your | 0x140e2d419:cstring: own | 0x140e2d431:cstring:  | 0x140e2d475:cstring:completely sublime | 0x140e2d487:cstring:  | 0x140e2d4a5:cstring:tastefully arranged  | 0x140e2d4e4:cstring:wonderful | 0x140e2d4ed:cstring:splendid | 0x140e2d4f6:cstring:very fine | 0x140e2d502:cstring:fine	0x140e2d38e:call   0x14006fa10 | 0x140e2d3a8:call   0x14006f560 | 0x140e2d3cb:call   0x14006f560 | 0x140e2d3db:call   0x140068190 | 0x140e2d3e4:call   0x14006fb80 | 0x140e2d3f8:call   0x140aa4850 | 0x140e2d404:call   0x1400b9d10 | 0x140e2d40e:call   0x14006f850 | 0x140e2d423:call   0x14006fa10 | 0x140e2d43b:call   0x14006fa10 | 0x140e2d47f:call   0x14006f560 | 0x140e2d491:call   0x14006fa10 | 0x140e2d4af:call   0x14006fa10 | 0x140e2d4ce:call   0x14054d320 | 0x140e2d4da:call   0x1400b9d10 | 0x140e3206d:call   0x14006f850 | 0x140e3207c:call   0x141539660	0x140e2d375:cmp    BYTE PTR [rbp+0xe8],0x0 | 0x140e2d397:test   eax,0xfffffffd | 0x140e2d3af:cmp    DWORD PTR [rip+0xa6eee2],0x1 | 0x140e2d3b8:cmp    rsi,QWORD PTR [rip+0x15b7d51] | 0x140e2d44b:cmp    ecx,0x5 | 0x140e2d470:cmp    ecx,r14d | 0x140e2d49a:cmp    eax,r14d
reference	29	AdmireArrangedBuilding	0x140e2d375	0x140e2d384:cstring:near  | 0x140e2d39e:cstring:a | 0x140e2d3c1:cstring:your | 0x140e2d419:cstring: own | 0x140e2d431:cstring:  | 0x140e2d475:cstring:completely sublime | 0x140e2d487:cstring:  | 0x140e2d4a5:cstring:tastefully arranged  | 0x140e2d4e4:cstring:wonderful | 0x140e2d4ed:cstring:splendid | 0x140e2d4f6:cstring:very fine | 0x140e2d502:cstring:fine	0x140e2d38e:call   0x14006fa10 | 0x140e2d3a8:call   0x14006f560 | 0x140e2d3cb:call   0x14006f560 | 0x140e2d3db:call   0x140068190 | 0x140e2d3e4:call   0x14006fb80 | 0x140e2d3f8:call   0x140aa4850 | 0x140e2d404:call   0x1400b9d10 | 0x140e2d40e:call   0x14006f850 | 0x140e2d423:call   0x14006fa10 | 0x140e2d43b:call   0x14006fa10 | 0x140e2d47f:call   0x14006f560 | 0x140e2d491:call   0x14006fa10 | 0x140e2d4af:call   0x14006fa10 | 0x140e2d4ce:call   0x14054d320 | 0x140e2d4da:call   0x1400b9d10 | 0x140e3206d:call   0x14006f850 | 0x140e3207c:call   0x141539660	0x140e2d375:cmp    BYTE PTR [rbp+0xe8],0x0 | 0x140e2d397:test   eax,0xfffffffd | 0x140e2d3af:cmp    DWORD PTR [rip+0xa6eee2],0x1 | 0x140e2d3b8:cmp    rsi,QWORD PTR [rip+0x15b7d51] | 0x140e2d44b:cmp    ecx,0x5 | 0x140e2d470:cmp    ecx,r14d | 0x140e2d49a:cmp    eax,r14d
reference	30	AdmireOwnArrangedBuilding	0x140e2d375	0x140e2d384:cstring:near  | 0x140e2d39e:cstring:a | 0x140e2d3c1:cstring:your | 0x140e2d419:cstring: own | 0x140e2d431:cstring:  | 0x140e2d475:cstring:completely sublime | 0x140e2d487:cstring:  | 0x140e2d4a5:cstring:tastefully arranged  | 0x140e2d4e4:cstring:wonderful | 0x140e2d4ed:cstring:splendid | 0x140e2d4f6:cstring:very fine | 0x140e2d502:cstring:fine	0x140e2d38e:call   0x14006fa10 | 0x140e2d3a8:call   0x14006f560 | 0x140e2d3cb:call   0x14006f560 | 0x140e2d3db:call   0x140068190 | 0x140e2d3e4:call   0x14006fb80 | 0x140e2d3f8:call   0x140aa4850 | 0x140e2d404:call   0x1400b9d10 | 0x140e2d40e:call   0x14006f850 | 0x140e2d423:call   0x14006fa10 | 0x140e2d43b:call   0x14006fa10 | 0x140e2d47f:call   0x14006f560 | 0x140e2d491:call   0x14006fa10 | 0x140e2d4af:call   0x14006fa10 | 0x140e2d4ce:call   0x14054d320 | 0x140e2d4da:call   0x1400b9d10 | 0x140e3206d:call   0x14006f850 | 0x140e3207c:call   0x141539660	0x140e2d375:cmp    BYTE PTR [rbp+0xe8],0x0 | 0x140e2d397:test   eax,0xfffffffd | 0x140e2d3af:cmp    DWORD PTR [rip+0xa6eee2],0x1 | 0x140e2d3b8:cmp    rsi,QWORD PTR [rip+0x15b7d51] | 0x140e2d44b:cmp    ecx,0x5 | 0x140e2d470:cmp    ecx,r14d | 0x140e2d49a:cmp    eax,r14d
reference	31	LostPet	0x140e2d50e	0x140e2d517:cstring:after  | 0x140e2d526:cstring:losing a pet	0x140e2d521:call   0x14006f560 | 0x140e2d530:call   0x14006f560 | 0x140e3206d:call   0x14006f850 | 0x140e3207c:call   0x141539660	0x140e2d50e:cmp    BYTE PTR [rbp+0xe8],0x0
reference	32	ThrownStuff	0x140e2d53a	0x140e2d543:cstring:after  | 0x140e2d552:cstring:throwing something	0x140e2d54d:call   0x14006f560 | 0x140e2d55c:call   0x14006f560 | 0x140e3206d:call   0x14006f850 | 0x140e3207c:call   0x141539660	0x140e2d53a:cmp    BYTE PTR [rbp+0xe8],0x0
reference	33	JailReleased	0x140e2d566	0x140e2d56f:cstring:after  | 0x140e2d57e:cstring:being released from confinement	0x140e2d579:call   0x14006f560 | 0x140e2d588:call   0x14006f560 | 0x140e3206d:call   0x14006f850 | 0x140e3207c:call   0x141539660	0x140e2d566:cmp    BYTE PTR [rbp+0xe8],0x0
reference	34	Miscarriage	0x140e2d592	0x140e2d59b:cstring:after  | 0x140e2d5aa:cstring:a miscarriage	0x140e2d5a5:call   0x14006f560 | 0x140e2d5b4:call   0x14006f560 | 0x140e3206d:call   0x14006f850 | 0x140e3207c:call   0x141539660	0x140e2d592:cmp    BYTE PTR [rbp+0xe8],0x0
reference	35	SpouseMiscarriage	0x140e2d5be	0x140e2d5c7:cstring:after  | 0x140e2d5e8:cstring:your | 0x140e2d5f7:cstring: spouse's miscarriage | 0x140e2d63e:cstring: spouse's miscarriage	0x140e2d5d1:call   0x14006f560 | 0x140e2d5f2:call   0x14006f560 | 0x140e2d601:call   0x14006f560 | 0x140e2d60f:call   0x14006f690 | 0x140e2d623:call   0x140aa4850 | 0x140e2d62f:call   0x1400b9d10 | 0x140e2d639:call   0x140067e30 | 0x140e2d648:call   0x14006f560 | 0x140e3206d:call   0x14006f850 | 0x140e3207c:call   0x141539660	0x140e2d5be:cmp    BYTE PTR [rbp+0xe8],0x0 | 0x140e2d5d6:cmp    DWORD PTR [rip+0xa6ecbb],0x1 | 0x140e2d5df:cmp    rsi,QWORD PTR [rip+0x15b7b2a]
reference	36	OldClothing	0x140e2d652	0x140e2d65b:cstring:to be  | 0x140e2d66a:cstring:wearing old clothing	0x140e2d665:call   0x14006f560 | 0x140e2d674:call   0x14006f560 | 0x140e3206d:call   0x14006f850 | 0x140e3207c:call   0x141539660	0x140e2d652:cmp    BYTE PTR [rbp+0xe8],0x0
reference	37	TatteredClothing	0x140e2d67e	0x140e2d687:cstring:to be  | 0x140e2d696:cstring:wearing tattered clothing	0x140e2d691:call   0x14006f560 | 0x140e2d6a0:call   0x14006f560 | 0x140e3206d:call   0x14006f850 | 0x140e3207c:call   0x141539660	0x140e2d67e:cmp    BYTE PTR [rbp+0xe8],0x0
reference	38	RottedClothing	0x140e2d6aa	0x140e2d6b3:cstring:to have  | 0x140e2d6c2:cstring:clothes rot off of  | 0x140e2d6e3:cstring:your | 0x140e2d6f2:cstring: body | 0x140e2d739:cstring: body	0x140e2d6bd:call   0x14006f560 | 0x140e2d6cc:call   0x14006f560 | 0x140e2d6ed:call   0x14006f560 | 0x140e2d6fc:call   0x14006f560 | 0x140e2d70a:call   0x14006f690 | 0x140e2d71e:call   0x140aa4850 | 0x140e2d72a:call   0x1400b9d10 | 0x140e2d734:call   0x140067e30 | 0x140e2d743:call   0x14006f560 | 0x140e3206d:call   0x14006f850 | 0x140e3207c:call   0x141539660	0x140e2d6aa:cmp    BYTE PTR [rbp+0xe8],0x0 | 0x140e2d6d1:cmp    DWORD PTR [rip+0xa6ebc0],0x1 | 0x140e2d6da:cmp    rsi,QWORD PTR [rip+0x15b7a2f]
reference	39	GhostNightmare	0x140e2d74d	0x140e2d77a:cstring:after  | 0x140e2d789:cstring:being tormented in nightmares by a dead pet | 0x140e2d7a6:cstring:after  | 0x140e2d7b5:cstring:being tormented in nightmares by a dead spouse | 0x140e2d7d2:cstring:after  | 0x140e2d7e1:cstring:being tormented in nightmares by a dead lover | 0x140e2d7fe:cstring:after  | 0x140e2d80d:cstring:being tormented in nightmares by a dead sibling | 0x140e2d82a:cstring:after  | 0x140e2d839:cstring:being tormented in nightmares by  | 0x140e2d85a:cstring:your | 0x140e2d869:cstring: own dead mother | 0x140e2d8b0:cstring: own dead mother | 0x140e2d8cd:cstring:after  | 0x140e2d8dc:cstring:being tormented in nightmares by  | 0x140e2d8fd:cstring:your | 0x140e2d90c:cstring: own dead father | 0x140e2d953:cstring: own dead father | 0x140e2d970:cstring:after  | 0x140e2d97f:cstring:being tormented in nightmares by  | 0x140e2d9a0:cstring:your | 0x140e2d9af:cstring: own dead child | 0x140e2d9f6:cstring: own dead child | 0x140e2da13:cstring:after  | 0x140e2da22:cstring:being tormented in nightmares by a dead animal training partner | 0x140e2da3f:cstring:after  | 0x140e2da4e:cstring:being tormented in nightmares by a dead friend | 0x140e2da6b:cstring:after  | 0x140e2da7a:cstring:being tormented in nightmares by a dead and still annoying acquaintance | 0x140e2da97:cstring:after  | 0x140e2daa6:cstring:being tormented in nightmares by the dead	0x140e2d784:call   0x14006f560 | 0x140e2d793:call   0x14006f560 | 0x140e2d7b0:call   0x14006f560 | 0x140e2d7bf:call   0x14006f560 | 0x140e2d7dc:call   0x14006f560 | 0x140e2d7eb:call   0x14006f560 | 0x140e2d808:call   0x14006f560 | 0x140e2d817:call   0x14006f560 | 0x140e2d834:call   0x14006f560 | 0x140e2d843:call   0x14006f560 | 0x140e2d864:call   0x14006f560 | 0x140e2d873:call   0x14006f560 | 0x140e2d881:call   0x14006f690 | 0x140e2d895:call   0x140aa4850 | 0x140e2d8a1:call   0x1400b9d10 | 0x140e2d8ab:call   0x140067e30 | 0x140e2d8ba:call   0x14006f560 | 0x140e2d8d7:call   0x14006f560 | 0x140e2d8e6:call   0x14006f560 | 0x140e2d907:call   0x14006f560 | 0x140e2d916:call   0x14006f560 | 0x140e2d924:call   0x14006f690 | 0x140e2d938:call   0x140aa4850 | 0x140e2d944:call   0x1400b9d10 | 0x140e2d94e:call   0x140067e30 | 0x140e2d95d:call   0x14006f560 | 0x140e2d97a:call   0x14006f560 | 0x140e2d989:call   0x14006f560 | 0x140e2d9aa:call   0x14006f560 | 0x140e2d9b9:call   0x14006f560 | 0x140e2d9c7:call   0x14006f690 | 0x140e2d9db:call   0x140aa4850 | 0x140e2d9e7:call   0x1400b9d10 | 0x140e2d9f1:call   0x140067e30 | 0x140e2da00:call   0x14006f560 | 0x140e2da1d:call   0x14006f560 | 0x140e2da2c:call   0x14006f560 | 0x140e2da49:call   0x14006f560 | 0x140e2da58:call   0x14006f560 | 0x140e2da75:call   0x14006f560 | 0x140e2da84:call   0x14006f560 | 0x140e2daa1:call   0x14006f560 | 0x140e2dab0:call   0x14006f560 | 0x140e3206d:call   0x14006f850 | 0x140e3207c:call   0x141539660	0x140e2d74f:cmp    edi,0x32 | 0x140e2d771:cmp    BYTE PTR [rbp+0xe8],0x0 | 0x140e2d79d:cmp    BYTE PTR [rbp+0xe8],0x0 | 0x140e2d7c9:cmp    BYTE PTR [rbp+0xe8],0x0 | 0x140e2d7f5:cmp    BYTE PTR [rbp+0xe8],0x0 | 0x140e2d821:cmp    BYTE PTR [rbp+0xe8],0x0 | 0x140e2d848:cmp    DWORD PTR [rip+0xa6ea49],0x1 | 0x140e2d851:cmp    rsi,QWORD PTR [rip+0x15b78b8] | 0x140e2d8c4:cmp    BYTE PTR [rbp+0xe8],0x0 | 0x140e2d8eb:cmp    DWORD PTR [rip+0xa6e9a6],0x1 | 0x140e2d8f4:cmp    rsi,QWORD PTR [rip+0x15b7815] | 0x140e2d967:cmp    BYTE PTR [rbp+0xe8],0x0 | 0x140e2d98e:cmp    DWORD PTR [rip+0xa6e903],0x1 | 0x140e2d997:cmp    rsi,QWORD PTR [rip+0x15b7772] | 0x140e2da0a:cmp    BYTE PTR [rbp+0xe8],0x0 | 0x140e2da36:cmp    BYTE PTR [rbp+0xe8],0x0 | 0x140e2da62:cmp    BYTE PTR [rbp+0xe8],0x0 | 0x140e2da8e:cmp    BYTE PTR [rbp+0xe8],0x0
reference	40	GhostHaunt	0x140e2daba	0x140e2dadd:cstring:tortured | 0x140e2dae6:cstring:possessed | 0x140e2daef:cstring:tormented | 0x140e2daf8:cstring:haunted | 0x140e2db35:cstring:after  | 0x140e2db44:cstring:being  | 0x140e2db5f:cstring: by a dead pet | 0x140e2db74:cstring:after  | 0x140e2db83:cstring:being  | 0x140e2db9e:cstring: by a dead spouse | 0x140e2dbb3:cstring:after  | 0x140e2dbc2:cstring:being  | 0x140e2dbdd:cstring: by a dead lover | 0x140e2dbf2:cstring:after  | 0x140e2dc01:cstring:being  | 0x140e2dc1c:cstring: by a dead sibling | 0x140e2dc31:cstring:after  | 0x140e2dc40:cstring:being  | 0x140e2dc5b:cstring: by  | 0x140e2dc7c:cstring:your | 0x140e2dc8b:cstring: own dead mother | 0x140e2dcca:cstring: own dead mother | 0x140e2dcdf:cstring:after  | 0x140e2dcee:cstring:being  | 0x140e2dd09:cstring: by  | 0x140e2dd2a:cstring:your | 0x140e2dd39:cstring: own dead father | 0x140e2dd78:cstring: own dead father | 0x140e2dd8d:cstring:after  | 0x140e2dd9c:cstring:being  | 0x140e2ddb7:cstring: by  | 0x140e2ddd8:cstring:your | 0x140e2dde7:cstring: own dead child | 0x140e2de26:cstring: own dead child | 0x140e2de3b:cstring:after  | 0x140e2de4a:cstring:being  | 0x140e2de65:cstring: by a dead animal training partner | 0x140e2de7a:cstring:after  | 0x140e2de89:cstring:being  | 0x140e2dea4:cstring: by a dead friend | 0x140e2deb6:cstring:after  | 0x140e2dec5:cstring:being  | 0x140e2dee0:cstring: by a dead and still annoying acquaintance | 0x140e2def2:cstring:after  | 0x140e2df01:cstring:being  | 0x140e2df1c:cstring: by the dead	0x140e2dabe:call   0x14006f690 | 0x140e2db03:call   0x14006f580 | 0x140e2db3f:call   0x14006f560 | 0x140e2db4e:call   0x14006f560 | 0x140e2db5a:call   0x1400b9d10 | 0x140e2db7e:call   0x14006f560 | 0x140e2db8d:call   0x14006f560 | 0x140e2db99:call   0x1400b9d10 | 0x140e2dbbd:call   0x14006f560 | 0x140e2dbcc:call   0x14006f560 | 0x140e2dbd8:call   0x1400b9d10 | 0x140e2dbfc:call   0x14006f560 | 0x140e2dc0b:call   0x14006f560 | 0x140e2dc17:call   0x1400b9d10 | 0x140e2dc3b:call   0x14006f560 | 0x140e2dc4a:call   0x14006f560 | 0x140e2dc56:call   0x1400b9d10 | 0x140e2dc65:call   0x14006f560 | 0x140e2dc86:call   0x14006f560 | 0x140e2dc9b:call   0x14006f690 | 0x140e2dcaf:call   0x140aa4850 | 0x140e2dcbb:call   0x1400b9d10 | 0x140e2dcc5:call   0x140067e30 | 0x140e2dce9:call   0x14006f560 | 0x140e2dcf8:call   0x14006f560 | 0x140e2dd04:call   0x1400b9d10 | 0x140e2dd13:call   0x14006f560 | 0x140e2dd34:call   0x14006f560 | 0x140e2dd49:call   0x14006f690 | 0x140e2dd5d:call   0x140aa4850 | 0x140e2dd69:call   0x1400b9d10 | 0x140e2dd73:call   0x140067e30 | 0x140e2dd97:call   0x14006f560 | 0x140e2dda6:call   0x14006f560 | 0x140e2ddb2:call   0x1400b9d10 | 0x140e2ddc1:call   0x14006f560 | 0x140e2dde2:call   0x14006f560 | 0x140e2ddf7:call   0x14006f690 | 0x140e2de0b:call   0x140aa4850 | 0x140e2de17:call   0x1400b9d10 | 0x140e2de21:call   0x140067e30 | 0x140e2de45:call   0x14006f560 | 0x140e2de54:call   0x14006f560 | 0x140e2de60:call   0x1400b9d10 | 0x140e2de84:call   0x14006f560 | 0x140e2de93:call   0x14006f560 | 0x140e2de9f:call   0x1400b9d10 | 0x140e2dec0:call   0x14006f560 | 0x140e2decf:call   0x14006f560 | 0x140e2dedb:call   0x1400b9d10 | 0x140e2defc:call   0x14006f560 | 0x140e2df0b:call   0x14006f560 | 0x140e2df17:call   0x1400b9d10 | 0x140e2df26:call   0x14006f560 | 0x140e2df30:call   0x140067e30 | 0x140e3206d:call   0x14006f850 | 0x140e3207c:call   0x141539660	0x140e2daca:test   ecx,ecx | 0x140e2dad8:cmp    ecx,0x1 | 0x140e2db0a:cmp    edi,0x32 | 0x140e2db2c:cmp    BYTE PTR [rbp+0xe8],0x0 | 0x140e2db6b:cmp    BYTE PTR [rbp+0xe8],0x0 | 0x140e2dbaa:cmp    BYTE PTR [rbp+0xe8],0x0 | 0x140e2dbe9:cmp    BYTE PTR [rbp+0xe8],0x0 | 0x140e2dc28:cmp    BYTE PTR [rbp+0xe8],0x0 | 0x140e2dc6a:cmp    DWORD PTR [rip+0xa6e627],0x1 | 0x140e2dc73:cmp    rsi,QWORD PTR [rip+0x15b7496] | 0x140e2dcd6:cmp    BYTE PTR [rbp+0xe8],0x0 | 0x140e2dd18:cmp    DWORD PTR [rip+0xa6e579],0x1 | 0x140e2dd21:cmp    rsi,QWORD PTR [rip+0x15b73e8] | 0x140e2dd84:cmp    BYTE PTR [rbp+0xe8],0x0 | 0x140e2ddc6:cmp    DWORD PTR [rip+0xa6e4cb],0x1 | 0x140e2ddcf:cmp    rsi,QWORD PTR [rip+0x15b733a] | 0x140e2de32:cmp    BYTE PTR [rbp+0xe8],0x0 | 0x140e2de71:cmp    BYTE PTR [rbp+0xe8],0x0 | 0x140e2dead:cmp    BYTE PTR [rbp+0xe8],0x0 | 0x140e2dee9:cmp    BYTE PTR [rbp+0xe8],0x0
reference	41	Spar	0x140e2df92	0x140e2df9b:cstring:after  | 0x140e2dfaa:cstring:a sparring session	0x140e2dfa5:call   0x14006f560 | 0x140e2dfb4:call   0x14006f560 | 0x140e3206d:call   0x14006f850 | 0x140e3207c:call   0x141539660	0x140e2df92:cmp    BYTE PTR [rbp+0xe8],0x0
reference	42	UnableComplain	0x140e2dfbe	0x140e2dfec:cstring:after  | 0x140e2dffb:cstring:being unable to petition for citizenship | 0x140e2e018:cstring:after  | 0x140e2e027:cstring:being unable to find somebody to complain to about job scarcity | 0x140e2e044:cstring:after  | 0x140e2e053:cstring:being unable to make suggestions about work allocations | 0x140e2e070:cstring:after  | 0x140e2e07f:cstring:being unable to request weapon production | 0x140e2e09c:cstring:after  | 0x140e2e0ab:cstring:being unable to find a priest to complain to | 0x140e2e0c8:cstring:after  | 0x140e2e0d7:cstring:being unable to find a priest to cry on | 0x140e2e0f4:cstring:after  | 0x140e2e103:cstring:being unable to find somebody in charge to yell at | 0x140e2e120:cstring:after  | 0x140e2e12f:cstring:being unable to find somebody in charge to cry on	0x140e2dff6:call   0x14006f560 | 0x140e2e005:call   0x14006f560 | 0x140e2e022:call   0x14006f560 | 0x140e2e031:call   0x14006f560 | 0x140e2e04e:call   0x14006f560 | 0x140e2e05d:call   0x14006f560 | 0x140e2e07a:call   0x14006f560 | 0x140e2e089:call   0x14006f560 | 0x140e2e0a6:call   0x14006f560 | 0x140e2e0b5:call   0x14006f560 | 0x140e2e0d2:call   0x14006f560 | 0x140e2e0e1:call   0x14006f560 | 0x140e2e0fe:call   0x14006f560 | 0x140e2e10d:call   0x14006f560 | 0x140e2e12a:call   0x14006f560 | 0x140e2e139:call   0x14006f560 | 0x140e3206d:call   0x14006f850 | 0x140e3207c:call   0x141539660	0x140e2dfc1:cmp    edi,0x44 | 0x140e2dfe3:cmp    BYTE PTR [rbp+0xe8],0x0 | 0x140e2e00f:cmp    BYTE PTR [rbp+0xe8],0x0 | 0x140e2e03b:cmp    BYTE PTR [rbp+0xe8],0x0 | 0x140e2e067:cmp    BYTE PTR [rbp+0xe8],0x0 | 0x140e2e093:cmp    BYTE PTR [rbp+0xe8],0x0 | 0x140e2e0bf:cmp    BYTE PTR [rbp+0xe8],0x0 | 0x140e2e0eb:cmp    BYTE PTR [rbp+0xe8],0x0 | 0x140e2e117:cmp    BYTE PTR [rbp+0xe8],0x0
reference	43	LongPatrol	0x140e2e143	0x140e2e14c:cstring:during  | 0x140e2e15b:cstring:long patrol duty	0x140e2e156:call   0x14006f560 | 0x140e2e165:call   0x14006f560 | 0x140e3206d:call   0x14006f850 | 0x140e3207c:call   0x141539660	0x140e2e143:cmp    BYTE PTR [rbp+0xe8],0x0
reference	44	SunNausea	0x140e2e16f	0x140e2e178:cstring:after  | 0x140e2e187:cstring:being nauseated by the sun	0x140e2e182:call   0x14006f560 | 0x140e2e191:call   0x14006f560 | 0x140e3206d:call   0x14006f850 | 0x140e3207c:call   0x141539660	0x140e2e16f:cmp    BYTE PTR [rbp+0xe8],0x0
reference	45	SunIrritated	0x140e2e19b	0x140e2e1a4:cstring:at  | 0x140e2e1b3:cstring:being out in the sunshine again	0x140e2e1ae:call   0x14006f560 | 0x140e2e1bd:call   0x14006f560 | 0x140e3206d:call   0x14006f850 | 0x140e3207c:call   0x141539660	0x140e2e19b:cmp    BYTE PTR [rbp+0xe8],0x0
reference	46	Drowsy	0x140e2e1c7	0x140e2e1d1:cstring:when  | 0x140e2e1da:cstring:being  | 0x140e2e1e6:cstring:drowsy	0x140e2e1e1:call   0x14006f560 | 0x140e2e1f0:call   0x14006f560 | 0x140e3206d:call   0x14006f850 | 0x140e3207c:call   0x141539660	0x140e2e1ca:cmp    BYTE PTR [rbp+0xe8],0x0
reference	47	VeryDrowsy	0x140e2e1fa	0x140e2e204:cstring:when  | 0x140e2e20d:cstring:being  | 0x140e2e219:cstring:utterly sleep-deprived	0x140e2e214:call   0x14006f560 | 0x140e2e223:call   0x14006f560 | 0x140e3206d:call   0x14006f850 | 0x140e3207c:call   0x141539660	0x140e2e1fd:cmp    BYTE PTR [rbp+0xe8],0x0
reference	48	Thirsty	0x140e2e22d	0x140e2e237:cstring:when  | 0x140e2e240:cstring:being  | 0x140e2e24c:cstring:thirsty	0x140e2e247:call   0x14006f560 | 0x140e2e256:call   0x14006f560 | 0x140e3206d:call   0x14006f850 | 0x140e3207c:call   0x141539660	0x140e2e230:cmp    BYTE PTR [rbp+0xe8],0x0
reference	49	Dehydrated	0x140e2e260	0x140e2e26a:cstring:when  | 0x140e2e273:cstring:being  | 0x140e2e27f:cstring:dehydrated	0x140e2e27a:call   0x14006f560 | 0x140e2e289:call   0x14006f560 | 0x140e3206d:call   0x14006f850 | 0x140e3207c:call   0x141539660	0x140e2e263:cmp    BYTE PTR [rbp+0xe8],0x0
reference	50	Hungry	0x140e2e293	0x140e2e29d:cstring:when  | 0x140e2e2a6:cstring:being  | 0x140e2e2b2:cstring:hungry	0x140e2e2ad:call   0x14006f560 | 0x140e2e2bc:call   0x14006f560 | 0x140e3206d:call   0x14006f850 | 0x140e3207c:call   0x141539660	0x140e2e296:cmp    BYTE PTR [rbp+0xe8],0x0
reference	51	Starving	0x140e2e2c6	0x140e2e2d0:cstring:when  | 0x140e2e2d9:cstring:being  | 0x140e2e2e5:cstring:starving	0x140e2e2e0:call   0x14006f560 | 0x140e2e2ef:call   0x14006f560 | 0x140e3206d:call   0x14006f850 | 0x140e3207c:call   0x141539660	0x140e2e2c9:cmp    BYTE PTR [rbp+0xe8],0x0
reference	52	MajorInjuries	0x140e2e34d	0x140e2e356:cstring:after  | 0x140e2e365:cstring:suffering a major injury	0x140e2e360:call   0x14006f560 | 0x140e2e36f:call   0x14006f560 | 0x140e3206d:call   0x14006f850 | 0x140e3207c:call   0x141539660	0x140e2e34d:cmp    BYTE PTR [rbp+0xe8],0x0
reference	53	MinorInjuries	0x140e2e379	0x140e2e382:cstring:after  | 0x140e2e391:cstring:suffering a minor injury	0x140e2e38c:call   0x14006f560 | 0x140e2e39b:call   0x14006f560 | 0x140e3206d:call   0x14006f850 | 0x140e3207c:call   0x141539660	0x140e2e379:cmp    BYTE PTR [rbp+0xe8],0x0
reference	54	SleepNoise	0x140e2e3a5	0x140e2e3c7:cstring:after  | 0x140e2e3d6:cstring:loud noises made it impossible to sleep | 0x140e2e3f3:cstring:after  | 0x140e2e402:cstring:being disturbed during sleep by loud noises | 0x140e2e41f:cstring:after  | 0x140e2e42e:cstring:sleeping uneasily due to noise	0x140e2e3d1:call   0x14006f560 | 0x140e2e3e0:call   0x14006f560 | 0x140e2e3fd:call   0x14006f560 | 0x140e2e40c:call   0x14006f560 | 0x140e2e429:call   0x14006f560 | 0x140e2e438:call   0x14006f560 | 0x140e3206d:call   0x14006f850 | 0x140e3207c:call   0x141539660	0x140e2e3b5:cmp    ecx,0x1 | 0x140e2e3be:cmp    BYTE PTR [rbp+0xe8],0x0 | 0x140e2e3ea:cmp    BYTE PTR [rbp+0xe8],0x0 | 0x140e2e416:cmp    BYTE PTR [rbp+0xe8],0x0
reference	55	Rest	0x140e2e442	0x140e2e44b:cstring:after  | 0x140e2e45a:cstring:being able to rest and recuperate	0x140e2e455:call   0x14006f560 | 0x140e2e464:call   0x14006f560 | 0x140e3206d:call   0x14006f850 | 0x140e3207c:call   0x141539660	0x140e2e442:cmp    BYTE PTR [rbp+0xe8],0x0
reference	56	FreakishWeather	0x140e2e46e	0x140e2e478:cstring:when  | 0x140e2e481:cstring:being  | 0x140e2e48d:cstring:caught in freakish weather	0x140e2e488:call   0x14006f560 | 0x140e2e497:call   0x14006f560 | 0x140e3206d:call   0x14006f850 | 0x140e3207c:call   0x141539660	0x140e2e471:cmp    BYTE PTR [rbp+0xe8],0x0
reference	57	Rain	0x140e2e4a1	0x140e2e4ab:cstring:when  | 0x140e2e4b4:cstring:being  | 0x140e2e4c0:cstring:caught in the rain	0x140e2e4bb:call   0x14006f560 | 0x140e2e4ca:call   0x14006f560 | 0x140e3206d:call   0x14006f850 | 0x140e3207c:call   0x141539660	0x140e2e4a4:cmp    BYTE PTR [rbp+0xe8],0x0
reference	58	SnowStorm	0x140e2e4d4	0x140e2e4de:cstring:when  | 0x140e2e4e7:cstring:being  | 0x140e2e4f3:cstring:caught in a snow storm	0x140e2e4ee:call   0x14006f560 | 0x140e2e4fd:call   0x14006f560 | 0x140e3206d:call   0x14006f850 | 0x140e3207c:call   0x141539660	0x140e2e4d7:cmp    BYTE PTR [rbp+0xe8],0x0
reference	59	Miasma	0x140e2e507	0x140e2e510:cstring:after  | 0x140e2e51f:cstring:retching on a miasma	0x140e2e51a:call   0x14006f560 | 0x140e2e529:call   0x14006f560 | 0x140e3206d:call   0x14006f850 | 0x140e3207c:call   0x141539660	0x140e2e507:cmp    BYTE PTR [rbp+0xe8],0x0
reference	60	Smoke	0x140e2e533	0x140e2e53c:cstring:after  | 0x140e2e54b:cstring:choking on smoke underground	0x140e2e546:call   0x14006f560 | 0x140e2e555:call   0x14006f560 | 0x140e3206d:call   0x14006f850 | 0x140e3207c:call   0x141539660	0x140e2e533:cmp    BYTE PTR [rbp+0xe8],0x0
reference	61	Waterfall	0x140e2e55f	0x140e2e55f:cstring:being near to a waterfall	0x140e2e569:call   0x14006f560 | 0x140e3206d:call   0x14006f850 | 0x140e3207c:call   0x141539660	
reference	62	Dust	0x140e2e573	0x140e2e57c:cstring:after  | 0x140e2e58b:cstring:choking on dust underground	0x140e2e586:call   0x14006f560 | 0x140e2e595:call   0x14006f560 | 0x140e3206d:call   0x14006f850 | 0x140e3207c:call   0x141539660	0x140e2e573:cmp    BYTE PTR [rbp+0xe8],0x0
reference	63	Demands	0x140e2e59f	0x140e2e5a8:cstring:considering  | 0x140e2e5b7:cstring:the state of demands	0x140e2e5b2:call   0x14006f560 | 0x140e2e5c1:call   0x14006f560 | 0x140e3206d:call   0x14006f850 | 0x140e3207c:call   0x141539660	0x140e2e59f:cmp    BYTE PTR [rbp+0xe8],0x0
reference	64	ImproperPunishment	0x140e2e5cb	0x140e2e5cb:cstring:that a criminal could not be properly punished	0x140e2e5d5:call   0x14006f560 | 0x140e3206d:call   0x14006f850 | 0x140e3207c:call   0x141539660	
reference	65	PunishmentReduced	0x140e2e5df	0x140e2e5e9:cstring:to have  | 0x140e2e5f2:cstring:having | 0x140e2e610:cstring:your | 0x140e2e625:cstring: punishment reduced | 0x140e2e66a:cstring: punishment reduced	0x140e2e5f9:call   0x14006f560 | 0x140e2e61a:call   0x14006f560 | 0x140e2e635:call   0x14006f690 | 0x140e2e649:call   0x140aa4850 | 0x140e2e655:call   0x1400b9d10 | 0x140e2e65f:call   0x140067e30 | 0x140e32063:call   0x14006fa10 | 0x140e3206d:call   0x14006f850 | 0x140e3207c:call   0x141539660	0x140e2e5e2:cmp    BYTE PTR [rbp+0xe8],0x0 | 0x140e2e5fe:cmp    DWORD PTR [rip+0xa6dc93],0x1 | 0x140e2e607:cmp    rsi,QWORD PTR [rip+0x15b6b02]
reference	66	Elected	0x140e2e676	0x140e2e680:cstring:to be  | 0x140e2e689:cstring:being  | 0x140e2e69b:cstring:elected	0x140e2e690:call   0x14006f560 | 0x140e32063:call   0x14006fa10 | 0x140e3206d:call   0x14006f850 | 0x140e3207c:call   0x141539660	0x140e2e679:cmp    BYTE PTR [rbp+0xe8],0x0
reference	67	Reelected	0x140e2e6a7	0x140e2e6b1:cstring:to be  | 0x140e2e6ba:cstring:being  | 0x140e2e6cc:cstring:re-elected	0x140e2e6c1:call   0x14006f560 | 0x140e32063:call   0x14006fa10 | 0x140e3206d:call   0x14006f850 | 0x140e3207c:call   0x141539660	0x140e2e6aa:cmp    BYTE PTR [rbp+0xe8],0x0
reference	68	RequestApproved	0x140e2ea2a	0x140e2ea2a:cstring:having a request approved	0x140e2ea34:call   0x14006f560 | 0x140e3206d:call   0x14006f850 | 0x140e3207c:call   0x141539660	
reference	69	RequestIgnored	0x140e2ea3e	0x140e2ea3e:cstring:having a request ignored	0x140e2ea48:call   0x14006f560 | 0x140e3206d:call   0x14006f850 | 0x140e3207c:call   0x141539660	
reference	70	NoPunishment	0x140e2ea52	0x140e2ea52:cstring:that nobody could be punished for a failure	0x140e2ea5c:call   0x14006f560 | 0x140e3206d:call   0x14006f850 | 0x140e3207c:call   0x141539660	
reference	71	PunishmentDelayed	0x140e2ea66	0x140e2ea70:cstring:to have  | 0x140e2ea79:cstring:having  | 0x140e2ea97:cstring:your | 0x140e2eaa6:cstring: punishment delayed | 0x140e2eaed:cstring: punishment delayed	0x140e2ea80:call   0x14006f560 | 0x140e2eaa1:call   0x14006f560 | 0x140e2eab0:call   0x14006f560 | 0x140e2eabe:call   0x14006f690 | 0x140e2ead2:call   0x140aa4850 | 0x140e2eade:call   0x1400b9d10 | 0x140e2eae8:call   0x140067e30 | 0x140e2eaf7:call   0x14006f560 | 0x140e3206d:call   0x14006f850 | 0x140e3207c:call   0x141539660	0x140e2ea69:cmp    BYTE PTR [rbp+0xe8],0x0 | 0x140e2ea85:cmp    DWORD PTR [rip+0xa6d80c],0x1 | 0x140e2ea8e:cmp    rsi,QWORD PTR [rip+0x15b667b]
reference	72	DelayedPunishment	0x140e2eb01	0x140e2eb0a:cstring:after  | 0x140e2eb19:cstring:the delayed punishment of a criminal	0x140e2eb14:call   0x14006f560 | 0x140e2eb23:call   0x14006f560 | 0x140e3206d:call   0x14006f850 | 0x140e3207c:call   0x141539660	0x140e2eb01:cmp    BYTE PTR [rbp+0xe8],0x0
reference	73	ScarceCageChain	0x140e2eb2d	0x140e2eb36:cstring:considering  | 0x140e2eb45:cstring:the scarcity of cages and chains	0x140e2eb40:call   0x14006f560 | 0x140e2eb4f:call   0x14006f560 | 0x140e3206d:call   0x14006f850 | 0x140e3207c:call   0x141539660	0x140e2eb2d:cmp    BYTE PTR [rbp+0xe8],0x0
reference	74	MandateIgnored	0x140e2eb59	0x140e2eb59:cstring:having a mandate ignored	0x140e2eb63:call   0x14006f560 | 0x140e3206d:call   0x14006f850 | 0x140e3207c:call   0x141539660	
reference	75	MandateDeadlineMissed	0x140e2eb6d	0x140e2eb6d:cstring:having a mandate deadline missed	0x140e2eb77:call   0x14006f560 | 0x140e3206d:call   0x14006f850 | 0x140e3207c:call   0x141539660	
reference	76	LackWork	0x140e2eb81	0x140e2eb8a:cstring:after  | 0x140e2eb99:cstring:the lack of work last season	0x140e2eb94:call   0x14006f560 | 0x140e2eba3:call   0x14006f560 | 0x140e3206d:call   0x14006f850 | 0x140e3207c:call   0x141539660	0x140e2eb81:cmp    BYTE PTR [rbp+0xe8],0x0
reference	77	SmashedBuilding	0x140e2ebad	0x140e2ebb6:cstring:after  | 0x140e2ebc5:cstring:smashing up a building	0x140e2ebc0:call   0x14006f560 | 0x140e2ebcf:call   0x14006f560 | 0x140e3206d:call   0x14006f850 | 0x140e3207c:call   0x141539660	0x140e2ebad:cmp    BYTE PTR [rbp+0xe8],0x0
reference	78	ToppledStuff	0x140e2ebd9	0x140e2ebe2:cstring:after  | 0x140e2ebf1:cstring:toppling something over	0x140e2ebec:call   0x14006f560 | 0x140e2ebfb:call   0x14006f560 | 0x140e3206d:call   0x14006f850 | 0x140e3207c:call   0x141539660	0x140e2ebd9:cmp    BYTE PTR [rbp+0xe8],0x0
reference	79	NoblePromotion	0x140e2ec05	0x140e2ec0e:cstring:after  | 0x140e2ec1d:cstring:receiving a higher rank of nobility	0x140e2ec18:call   0x14006f560 | 0x140e2ec27:call   0x14006f560 | 0x140e3206d:call   0x14006f850 | 0x140e3207c:call   0x141539660	0x140e2ec05:cmp    BYTE PTR [rbp+0xe8],0x0
reference	80	BecomeNoble	0x140e2ec31	0x140e2ec3a:cstring:after  | 0x140e2ec49:cstring:entering the nobility	0x140e2ec44:call   0x14006f560 | 0x140e2ec53:call   0x14006f560 | 0x140e3206d:call   0x14006f850 | 0x140e3207c:call   0x141539660	0x140e2ec31:cmp    BYTE PTR [rbp+0xe8],0x0
reference	81	Cavein	0x140e2ec5d	0x140e2ec66:cstring:after  | 0x140e2ec75:cstring:being knocked out during a cave-in	0x140e2ec70:call   0x14006f560 | 0x140e2ec7f:call   0x14006f560 | 0x140e3206d:call   0x14006f850 | 0x140e3207c:call   0x141539660	0x140e2ec5d:cmp    BYTE PTR [rbp+0xe8],0x0
reference	82	MandateDeadlineMet	0x140e2ec89	0x140e2ec93:cstring:to have  | 0x140e2ec9c:cstring:having  | 0x140e2eca8:cstring:a mandate deadline met	0x140e2eca3:call   0x14006f560 | 0x140e2ecb2:call   0x14006f560 | 0x140e3206d:call   0x14006f850 | 0x140e3207c:call   0x141539660	0x140e2ec8c:cmp    BYTE PTR [rbp+0xe8],0x0
reference	83	Uncovered	0x140e2ecbc	0x140e2ecc6:cstring:when  | 0x140e2eccf:cstring:being  | 0x140e2ecdb:cstring:uncovered	0x140e2ecd6:call   0x14006f560 | 0x140e2ece5:call   0x14006f560 | 0x140e3206d:call   0x14006f850 | 0x140e3207c:call   0x141539660	0x140e2ecbf:cmp    BYTE PTR [rbp+0xe8],0x0
reference	84	NoShirt	0x140e2ecef	0x140e2ecf9:cstring:to have  | 0x140e2ed02:cstring:having  | 0x140e2ed0e:cstring:no shirt	0x140e2ed09:call   0x14006f560 | 0x140e2ed18:call   0x14006f560 | 0x140e3206d:call   0x14006f850 | 0x140e3207c:call   0x141539660	0x140e2ecf2:cmp    BYTE PTR [rbp+0xe8],0x0
reference	85	NoShoes	0x140e2ed22	0x140e2ed2c:cstring:to have  | 0x140e2ed35:cstring:having  | 0x140e2ed41:cstring:no shoes	0x140e2ed3c:call   0x14006f560 | 0x140e2ed4b:call   0x14006f560 | 0x140e3206d:call   0x14006f850 | 0x140e3207c:call   0x141539660	0x140e2ed25:cmp    BYTE PTR [rbp+0xe8],0x0
reference	86	EatPet	0x140e2ed55	0x140e2ed5e:cstring:after  | 0x140e2ed6d:cstring:being forced to eat a treasured pet to survive	0x140e2ed68:call   0x14006f560 | 0x140e2ed77:call   0x14006f560 | 0x140e3206d:call   0x14006f850 | 0x140e3207c:call   0x141539660	0x140e2ed55:cmp    BYTE PTR [rbp+0xe8],0x0
reference	87	EatLikedCreature	0x140e2ed81	0x140e2ed8a:cstring:after  | 0x140e2ed99:cstring:being forced to eat a beloved creature to survive	0x140e2ed94:call   0x14006f560 | 0x140e2eda3:call   0x14006f560 | 0x140e3206d:call   0x14006f850 | 0x140e3207c:call   0x141539660	0x140e2ed81:cmp    BYTE PTR [rbp+0xe8],0x0
reference	88	EatVermin	0x140e2edad	0x140e2edb6:cstring:after  | 0x140e2edc5:cstring:being forced to eat vermin to survive	0x140e2edc0:call   0x14006f560 | 0x140e2edcf:call   0x14006f560 | 0x140e3206d:call   0x14006f850 | 0x140e3207c:call   0x141539660	0x140e2edad:cmp    BYTE PTR [rbp+0xe8],0x0
reference	89	FistFight	0x140e2edd9	0x140e2ede2:cstring:after  | 0x140e2edf7:cstring:starting a fist fight	0x140e2edec:call   0x14006f560 | 0x140e32063:call   0x14006fa10 | 0x140e3206d:call   0x14006f850 | 0x140e3207c:call   0x141539660	0x140e2edd9:cmp    BYTE PTR [rbp+0xe8],0x0
reference	90	GaveBeating	0x140e2ee03	0x140e2ee0c:cstring:after  | 0x140e2ee21:cstring:punishing somebody with a beating	0x140e2ee16:call   0x14006f560 | 0x140e32063:call   0x14006fa10 | 0x140e3206d:call   0x14006f850 | 0x140e3207c:call   0x141539660	0x140e2ee03:cmp    BYTE PTR [rbp+0xe8],0x0
reference	91	GotBeaten	0x140e2ee2d	0x140e2ee36:cstring:after  | 0x140e2ee4b:cstring:being beaten	0x140e2ee40:call   0x14006f560 | 0x140e32063:call   0x14006fa10 | 0x140e3206d:call   0x14006f850 | 0x140e3207c:call   0x141539660	0x140e2ee2d:cmp    BYTE PTR [rbp+0xe8],0x0
reference	92	GaveHammering	0x140e2ee57	0x140e2ee60:cstring:after  | 0x140e2ee75:cstring:beating somebody with a hammer	0x140e2ee6a:call   0x14006f560 | 0x140e32063:call   0x14006fa10 | 0x140e3206d:call   0x14006f850 | 0x140e3207c:call   0x141539660	0x140e2ee57:cmp    BYTE PTR [rbp+0xe8],0x0
reference	93	GotHammered	0x140e2ee81	0x140e2ee8a:cstring:after  | 0x140e2ee9f:cstring:being beaten with a hammer	0x140e2ee94:call   0x14006f560 | 0x140e32063:call   0x14006fa10 | 0x140e3206d:call   0x14006f850 | 0x140e3207c:call   0x141539660	0x140e2ee81:cmp    BYTE PTR [rbp+0xe8],0x0
reference	94	NoHammer	0x140e2eeab	0x140e2eeb4:cstring:after  | 0x140e2eec3:cstring:being unable to find a hammer	0x140e2eebe:call   0x14006f560 | 0x140e2eecd:call   0x14006f560 | 0x140e3206d:call   0x14006f850 | 0x140e3207c:call   0x141539660	0x140e2eeab:cmp    BYTE PTR [rbp+0xe8],0x0
reference	95	SameFood	0x140e2eed7	0x140e2eed7:cstring:eating the same old food	0x140e2eee1:call   0x14006f560 | 0x140e3206d:call   0x14006f850 | 0x140e3207c:call   0x141539660	
reference	96	AteRotten	0x140e2eeeb	0x140e2eef4:cstring:after  | 0x140e2ef03:cstring:eating rotten food	0x140e2eefe:call   0x14006f560 | 0x140e2ef0d:call   0x14006f560 | 0x140e3206d:call   0x14006f850 | 0x140e3207c:call   0x141539660	0x140e2eeeb:cmp    BYTE PTR [rbp+0xe8],0x0
reference	97	GoodMeal	0x140e2f008	0x140e2f011:cstring:after  | 0x140e2f020:cstring:eating  | 0x140e2f052:cstring:a legendary meal | 0x140e2f066:cstring:a truly decadent dish | 0x140e2f07a:cstring:a wonderful dish | 0x140e2f08e:cstring:a fine dish | 0x140e2f0a2:cstring:a pretty decent meal	0x140e2f01b:call   0x14006f560 | 0x140e2f02a:call   0x14006f560 | 0x140e2f05c:call   0x14006f560 | 0x140e2f070:call   0x14006f560 | 0x140e2f084:call   0x14006f560 | 0x140e2f098:call   0x14006f560 | 0x140e2f0ac:call   0x14006f560 | 0x140e3206d:call   0x14006f850 | 0x140e3207c:call   0x141539660	0x140e2f008:cmp    BYTE PTR [rbp+0xe8],0x0 | 0x140e2f049:cmp    ecx,0x1
reference	98	GoodDrink	0x140e2f0b6	0x140e2f0bf:cstring:after  | 0x140e2f0ce:cstring:having  | 0x140e2f0fa:cstring:a drink | 0x140e2f10e:cstring:a pretty decent drink | 0x140e2f122:cstring:a fine drink | 0x140e2f136:cstring:a wonderful drink | 0x140e2f14a:cstring:a truly decadent drink | 0x140e2f15e:cstring:a legendary drink	0x140e2f0c9:call   0x14006f560 | 0x140e2f0d8:call   0x14006f560 | 0x140e2f104:call   0x14006f560 | 0x140e2f118:call   0x14006f560 | 0x140e2f12c:call   0x14006f560 | 0x140e2f140:call   0x14006f560 | 0x140e2f154:call   0x14006f560 | 0x140e2f168:call   0x14006f560 | 0x140e3206d:call   0x14006f850 | 0x140e3207c:call   0x141539660	0x140e2f0b6:cmp    BYTE PTR [rbp+0xe8],0x0 | 0x140e2f0e4:cmp    eax,0x5
reference	99	MoreChests	0x140e2f172	0x140e2f172:cstring:not having enough chests	0x140e2f17c:call   0x14006f560 | 0x140e3206d:call   0x14006f850 | 0x140e3207c:call   0x141539660	
reference	100	MoreCabinets	0x140e2f186	0x140e2f186:cstring:not having enough cabinets	0x140e2f190:call   0x14006f560 | 0x140e3206d:call   0x14006f850 | 0x140e3207c:call   0x141539660	
reference	101	MoreWeaponRacks	0x140e2f19a	0x140e2f1a0:cstring:not having enough weapon racks	0x140e32063:call   0x14006fa10 | 0x140e3206d:call   0x14006f850 | 0x140e3207c:call   0x141539660	
reference	102	MoreArmorStands	0x140e2f1ac	0x140e2f1ac:cstring:not having enough armor stands	0x140e2f1b6:call   0x14006f560 | 0x140e3206d:call   0x14006f850 | 0x140e3207c:call   0x141539660	
reference	103	RoomPretension	0x140e2f1c0	0x140e2f1c9:cstring:by  | 0x140e2f1d8:cstring:a lesser's pretentious  | 0x140e2f1fa:cstring:burial | 0x140e2f203:cstring:dining | 0x140e2f20c:cstring:sleeping | 0x140e2f215:cstring:office | 0x140e2f22a:cstring: arrangements	0x140e2f1d3:call   0x14006f560 | 0x140e2f1e2:call   0x14006f560 | 0x140e2f21f:call   0x14006f560 | 0x140e32063:call   0x14006fa10 | 0x140e3206d:call   0x14006f850 | 0x140e3207c:call   0x141539660	0x140e2f1c0:cmp    BYTE PTR [rbp+0xe8],0x0 | 0x140e2f1e7:test   edi,edi | 0x140e2f1f5:cmp    edi,0x1
reference	104	LackTables	0x140e2f236	0x140e2f23f:cstring:at  | 0x140e2f254:cstring:the lack of dining tables	0x140e2f249:call   0x14006f560 | 0x140e32063:call   0x14006fa10 | 0x140e3206d:call   0x14006f850 | 0x140e3207c:call   0x141539660	0x140e2f236:cmp    BYTE PTR [rbp+0xe8],0x0
reference	105	CrowdedTables	0x140e2f260	0x140e2f266:cstring:eating at a crowded table	0x140e32063:call   0x14006fa10 | 0x140e3206d:call   0x14006f850 | 0x140e3207c:call   0x141539660	
reference	106	DiningQuality	0x140e2f272	0x140e2f272:cstring:dining in  | 0x140e2f2a2:cstring:a legendary dining room | 0x140e2f2b6:cstring:a fantastic dining room | 0x140e2f2ca:cstring:a great dining room | 0x140e2f2de:cstring:a very good dining room | 0x140e2f2f2:cstring:a good dining room | 0x140e2f306:cstring:a horribly substandard dining room | 0x140e2f31a:cstring:a horrible dining room | 0x140e2f32e:cstring:an awful dining room | 0x140e2f342:cstring:a very poor dining room | 0x140e2f356:cstring:a poor dining room	0x140e2f27c:call   0x14006f560 | 0x140e2f2ac:call   0x14006f560 | 0x140e2f2c0:call   0x14006f560 | 0x140e2f2d4:call   0x14006f560 | 0x140e2f2e8:call   0x14006f560 | 0x140e2f2fc:call   0x14006f560 | 0x140e2f310:call   0x14006f560 | 0x140e2f324:call   0x14006f560 | 0x140e2f338:call   0x14006f560 | 0x140e2f34c:call   0x14006f560 | 0x140e2f360:call   0x14006f560 | 0x140e3206d:call   0x14006f850 | 0x140e3207c:call   0x141539660	0x140e2f28a:cmp    eax,0xa
reference	107	NoDining	0x140e2f36a	0x140e2f370:cstring:eating without a proper dining room	0x140e32063:call   0x14006fa10 | 0x140e3206d:call   0x14006f850 | 0x140e3207c:call   0x141539660	
reference	108	LackChairs	0x140e2f37c	0x140e2f385:cstring:at  | 0x140e2f394:cstring:the lack of chairs	0x140e2f38f:call   0x14006f560 | 0x140e2f39e:call   0x14006f560 | 0x140e3206d:call   0x14006f850 | 0x140e3207c:call   0x141539660	0x140e2f37c:cmp    BYTE PTR [rbp+0xe8],0x0
reference	109	TrainingBond	0x140e2f3a8	0x140e2f3b1:cstring:after  | 0x140e2f3c0:cstring:forming a bond with an animal training partner	0x140e2f3bb:call   0x14006f560 | 0x140e2f3ca:call   0x14006f560 | 0x140e3206d:call   0x14006f850 | 0x140e3207c:call   0x141539660	0x140e2f3a8:cmp    BYTE PTR [rbp+0xe8],0x0
reference	110	Rescued	0x140e2f3d4	0x140e2f3dd:cstring:after  | 0x140e2f3ec:cstring:being rescued	0x140e2f3e7:call   0x14006f560 | 0x140e2f3f6:call   0x14006f560 | 0x140e3206d:call   0x14006f850 | 0x140e3207c:call   0x141539660	0x140e2f3d4:cmp    BYTE PTR [rbp+0xe8],0x0
reference	111	RescuedOther	0x140e2f400	0x140e2f409:cstring:after  | 0x140e2f418:cstring:bringing somebody to rest in bed	0x140e2f413:call   0x14006f560 | 0x140e2f422:call   0x14006f560 | 0x140e3206d:call   0x14006f850 | 0x140e3207c:call   0x141539660	0x140e2f400:cmp    BYTE PTR [rbp+0xe8],0x0
reference	112	SatisfiedAtWork	0x140e2f42c	0x140e2f45d:cstring:after  | 0x140e2f46c:cstring:felling a tree | 0x140e2f489:cstring:after  | 0x140e2f498:cstring:slaughtering an animal | 0x140e2f4b5:cstring:after  | 0x140e2f4c4:cstring:caging a creature | 0x140e2f4e1:cstring:after  | 0x140e2f4f0:cstring:chaining up a creature | 0x140e2f50d:cstring:after  | 0x140e2f51c:cstring:gelding a creature | 0x140e2f539:cstring:after  | 0x140e2f548:cstring:putting a piece on display | 0x140e2f565:cstring:at  | 0x140e2f574:cstring:work	0x140e2f467:call   0x14006f560 | 0x140e2f476:call   0x14006f560 | 0x140e2f493:call   0x14006f560 | 0x140e2f4a2:call   0x14006f560 | 0x140e2f4bf:call   0x14006f560 | 0x140e2f4ce:call   0x14006f560 | 0x140e2f4eb:call   0x14006f560 | 0x140e2f4fa:call   0x14006f560 | 0x140e2f517:call   0x14006f560 | 0x140e2f526:call   0x14006f560 | 0x140e2f543:call   0x14006f560 | 0x140e2f552:call   0x14006f560 | 0x140e2f56f:call   0x14006f560 | 0x140e2f57e:call   0x14006f560 | 0x140e3206d:call   0x14006f850 | 0x140e3207c:call   0x141539660	0x140e2f42f:cmp    edi,0xe3 | 0x140e2f454:cmp    BYTE PTR [rbp+0xe8],0x0 | 0x140e2f480:cmp    BYTE PTR [rbp+0xe8],0x0 | 0x140e2f4ac:cmp    BYTE PTR [rbp+0xe8],0x0 | 0x140e2f4d8:cmp    BYTE PTR [rbp+0xe8],0x0 | 0x140e2f504:cmp    BYTE PTR [rbp+0xe8],0x0 | 0x140e2f530:cmp    BYTE PTR [rbp+0xe8],0x0 | 0x140e2f55c:cmp    BYTE PTR [rbp+0xe8],0x0
reference	113	TaxedLostProperty	0x140e2f588	0x140e2f591:cstring:after  | 0x140e2f5a6:cstring:losing property to the tax collector's escorts	0x140e2f59b:call   0x14006f560 | 0x140e32063:call   0x14006fa10 | 0x140e3206d:call   0x14006f850 | 0x140e3207c:call   0x141539660	0x140e2f588:cmp    BYTE PTR [rbp+0xe8],0x0
reference	114	Taxed	0x140e2f5b2	0x140e2f5bb:cstring:after  | 0x140e2f5ca:cstring:being taxed	0x140e2f5c5:call   0x14006f560 | 0x140e2f5d4:call   0x14006f560 | 0x140e3206d:call   0x14006f850 | 0x140e3207c:call   0x141539660	0x140e2f5b2:cmp    BYTE PTR [rbp+0xe8],0x0
reference	115	LackProtection	0x140e2f5de	0x140e2f5de:cstring:not having adequate protection	0x140e2f5e8:call   0x14006f560 | 0x140e3206d:call   0x14006f850 | 0x140e3207c:call   0x141539660	
reference	116	TaxRoomUnreachable	0x140e2f5f2	0x140e2f5fb:cstring:after  | 0x140e2f60a:cstring:being unable to reach a room for tax collection	0x140e2f605:call   0x14006f560 | 0x140e2f614:call   0x14006f560 | 0x140e3206d:call   0x14006f850 | 0x140e3207c:call   0x141539660	0x140e2f5f2:cmp    BYTE PTR [rbp+0xe8],0x0
reference	117	TaxRoomMisinformed	0x140e2f61e	0x140e2f627:cstring:after  | 0x140e2f636:cstring:being misinformed about a room for tax collection	0x140e2f631:call   0x14006f560 | 0x140e2f640:call   0x14006f560 | 0x140e3206d:call   0x14006f850 | 0x140e3207c:call   0x141539660	0x140e2f61e:cmp    BYTE PTR [rbp+0xe8],0x0
reference	118	PleasedNoble	0x140e2f64a	0x140e2f64a:cstring:having pleased a noble	0x140e2f654:call   0x14006f560 | 0x140e3206d:call   0x14006f850 | 0x140e3207c:call   0x141539660	
reference	119	TaxCollectionSmooth	0x140e2f65e	0x140e2f667:cstring:that  | 0x140e2f676:cstring:the tax collection went smoothly	0x140e2f671:call   0x14006f560 | 0x140e2f680:call   0x14006f560 | 0x140e3206d:call   0x14006f850 | 0x140e3207c:call   0x141539660	0x140e2f65e:cmp    BYTE PTR [rbp+0xe8],0x0
reference	120	DisappointedNoble	0x140e2f68a	0x140e2f68a:cstring:having disappointed a noble	0x140e2f694:call   0x14006f560 | 0x140e3206d:call   0x14006f850 | 0x140e3207c:call   0x141539660	
reference	121	TaxCollectionRough	0x140e2f69e	0x140e2f6a7:cstring:that  | 0x140e2f6b6:cstring:the tax collection didn't go smoothly	0x140e2f6b1:call   0x14006f560 | 0x140e2f6c0:call   0x14006f560 | 0x140e3206d:call   0x14006f850 | 0x140e3207c:call   0x141539660	0x140e2f69e:cmp    BYTE PTR [rbp+0xe8],0x0
reference	122	MadeFriend	0x140e2f6f6	0x140e2f6ff:cstring:after  | 0x140e2f70e:cstring:making a friend	0x140e2f709:call   0x14006f560 | 0x140e2f718:call   0x14006f560 | 0x140e3206d:call   0x14006f850 | 0x140e3207c:call   0x141539660	0x140e2f6f6:cmp    BYTE PTR [rbp+0xe8],0x0
reference	123	FormedGrudge	0x140e2f722	0x140e2f72b:cstring:after  | 0x140e2f73a:cstring:forming a grudge	0x140e2f735:call   0x14006f560 | 0x140e2f744:call   0x14006f560 | 0x140e3206d:call   0x14006f850 | 0x140e3207c:call   0x141539660	0x140e2f722:cmp    BYTE PTR [rbp+0xe8],0x0
reference	124	AnnoyedVermin	0x140e2f74e	0x140e2f757:cstring:after  | 0x140e2f766:cstring:being accosted by 	0x140e2f761:call   0x14006f560 | 0x140e2f770:call   0x14006f560 | 0x140e2f779:call   0x14006f690 | 0x140e2f78f:call   0x140aa3bd0 | 0x140e2f79b:call   0x1400b9d10 | 0x140e2f7a5:call   0x140067e30 | 0x140e3206d:call   0x14006f850 | 0x140e3207c:call   0x141539660	0x140e2f74e:cmp    BYTE PTR [rbp+0xe8],0x0
reference	125	NearVermin	0x140e2f7af	0x140e2f7b8:cstring:after  | 0x140e2f7c7:cstring:being near 	0x140e2f7c2:call   0x14006f560 | 0x140e2f7d1:call   0x14006f560 | 0x140e2f7da:call   0x14006f690 | 0x140e2f7f0:call   0x140aa3bd0 | 0x140e2f7fc:call   0x1400b9d10 | 0x140e2f806:call   0x140067e30 | 0x140e3206d:call   0x14006f850 | 0x140e3207c:call   0x141539660	0x140e2f7af:cmp    BYTE PTR [rbp+0xe8],0x0
reference	126	PesteredVermin	0x140e2f810	0x140e2f819:cstring:after  | 0x140e2f828:cstring:being pestered by 	0x140e2f823:call   0x14006f560 | 0x140e2f832:call   0x14006f560 | 0x140e2f83b:call   0x14006f690 | 0x140e2f851:call   0x140aa3bd0 | 0x140e2f85d:call   0x1400b9d10 | 0x140e2f867:call   0x140067e30 | 0x140e3206d:call   0x14006f850 | 0x140e3207c:call   0x141539660	0x140e2f810:cmp    BYTE PTR [rbp+0xe8],0x0
reference	127	AcquiredItem	0x140e2f871	0x140e2f87a:cstring:after  | 0x140e2f889:cstring:a satisfying acquisition	0x140e2f884:call   0x14006f560 | 0x140e2f893:call   0x14006f560 | 0x140e3206d:call   0x14006f850 | 0x140e3207c:call   0x141539660	0x140e2f871:cmp    BYTE PTR [rbp+0xe8],0x0
reference	128	AdoptedPet	0x140e2f91f	0x140e2f928:cstring:after  | 0x140e2f937:cstring:adopting a new pet	0x140e2f932:call   0x14006f560 | 0x140e2f941:call   0x14006f560 | 0x140e3206d:call   0x14006f850 | 0x140e3207c:call   0x141539660	0x140e2f91f:cmp    BYTE PTR [rbp+0xe8],0x0
reference	129	Jailed	0x140e2f94b	0x140e2f954:cstring:after  | 0x140e2f963:cstring:being confined	0x140e2f95e:call   0x14006f560 | 0x140e2f96d:call   0x14006f560 | 0x140e3206d:call   0x14006f850 | 0x140e3207c:call   0x141539660	0x140e2f94b:cmp    BYTE PTR [rbp+0xe8],0x0
reference	130	Bath	0x140e2f977	0x140e2f980:cstring:after  | 0x140e2f98f:cstring:a bath	0x140e2f98a:call   0x14006f560 | 0x140e2f999:call   0x14006f560 | 0x140e3206d:call   0x14006f850 | 0x140e3207c:call   0x141539660	0x140e2f977:cmp    BYTE PTR [rbp+0xe8],0x0
reference	131	SoapyBath	0x140e2f9a3	0x140e2f9ac:cstring:after  | 0x140e2f9bb:cstring:a soapy bath	0x140e2f9b6:call   0x14006f560 | 0x140e2f9c5:call   0x14006f560 | 0x140e3206d:call   0x14006f850 | 0x140e3207c:call   0x141539660	0x140e2f9a3:cmp    BYTE PTR [rbp+0xe8],0x0
reference	132	SparringAccident	0x140e2f9cf	0x140e2f9d8:cstring:after  | 0x140e2f9e7:cstring:killing somebody by accident while sparring	0x140e2f9e2:call   0x14006f560 | 0x140e2f9f1:call   0x14006f560 | 0x140e3206d:call   0x14006f850 | 0x140e3207c:call   0x141539660	0x140e2f9cf:cmp    BYTE PTR [rbp+0xe8],0x0
reference	133	Attacked	0x140e2f9fb	0x140e2fa04:cstring:after  | 0x140e2fa13:cstring:being attacked	0x140e2fa0e:call   0x14006f560 | 0x140e2fa1d:call   0x14006f560 | 0x140e3206d:call   0x14006f850 | 0x140e3207c:call   0x141539660	0x140e2f9fb:cmp    BYTE PTR [rbp+0xe8],0x0
reference	134	AttackedByDead	0x140e2fa27	0x140e2fa35:cstring:after  | 0x140e2fa44:cstring:being attacked by the dead | 0x140e2fa61:cstring:after  | 0x140e2fa70:cstring:being attacked by  | 0x140e2fa91:cstring:your | 0x140e2fad5:cstring: own dead 	0x140e2fa3f:call   0x14006f560 | 0x140e2fa4e:call   0x14006f560 | 0x140e2fa6b:call   0x14006f560 | 0x140e2fa7a:call   0x14006f560 | 0x140e2fa9b:call   0x14006f560 | 0x140e2faa6:call   0x14006f690 | 0x140e2faba:call   0x140aa4850 | 0x140e2fac6:call   0x1400b9d10 | 0x140e2fad0:call   0x140067e30 | 0x140e2fadf:call   0x14006f560 | 0x140e2fae8:call   0x14006f690 | 0x140e2fafb:call   0x14075a580 | 0x140e2fb07:call   0x1400b9d10 | 0x140e2fb11:call   0x140067e30 | 0x140e3206d:call   0x14006f850 | 0x140e3207c:call   0x141539660	0x140e2fa27:cmp    edi,0xffffffff | 0x140e2fa2c:cmp    BYTE PTR [rbp+0xe8],0x0 | 0x140e2fa58:cmp    BYTE PTR [rbp+0xe8],0x0 | 0x140e2fa7f:cmp    DWORD PTR [rip+0xa6c812],0x1 | 0x140e2fa88:cmp    rsi,QWORD PTR [rip+0x15b5681]
reference	135	SameBooze	0x140e2fb1b	0x140e2fb1b:cstring:drinking the same old booze	0x140e2fb25:call   0x14006f560 | 0x140e3206d:call   0x14006f850 | 0x140e3207c:call   0x141539660	
reference	136	DrinkBlood	0x140e2fb2f	0x140e2fb39:cstring:while  | 0x140e2fb42:cstring:being  | 0x140e2fb4e:cstring:forced to drink bloody water	0x140e2fb49:call   0x14006f560 | 0x140e2fb58:call   0x14006f560 | 0x140e3206d:call   0x14006f850 | 0x140e3207c:call   0x141539660	0x140e2fb32:cmp    BYTE PTR [rbp+0xe8],0x0
reference	137	DrinkSlime	0x140e2fb62	0x140e2fb6c:cstring:while  | 0x140e2fb75:cstring:being  | 0x140e2fb81:cstring:forced to drink slime	0x140e2fb7c:call   0x14006f560 | 0x140e2fb8b:call   0x14006f560 | 0x140e3206d:call   0x14006f850 | 0x140e3207c:call   0x141539660	0x140e2fb65:cmp    BYTE PTR [rbp+0xe8],0x0
reference	138	DrinkVomit	0x140e2fb95	0x140e2fb9f:cstring:while  | 0x140e2fba8:cstring:being  | 0x140e2fbb4:cstring:forced to drink vomit	0x140e2fbaf:call   0x14006f560 | 0x140e2fbbe:call   0x14006f560 | 0x140e3206d:call   0x14006f850 | 0x140e3207c:call   0x141539660	0x140e2fb98:cmp    BYTE PTR [rbp+0xe8],0x0
reference	139	DrinkGoo	0x140e2fbc8	0x140e2fbd2:cstring:while  | 0x140e2fbdb:cstring:being  | 0x140e2fbe7:cstring:forced to drink gooey water	0x140e2fbe2:call   0x14006f560 | 0x140e2fbf1:call   0x14006f560 | 0x140e3206d:call   0x14006f850 | 0x140e3207c:call   0x141539660	0x140e2fbcb:cmp    BYTE PTR [rbp+0xe8],0x0
reference	140	DrinkIchor	0x140e2fbfb	0x140e2fc05:cstring:while  | 0x140e2fc0e:cstring:being  | 0x140e2fc1a:cstring:forced to drink ichorous water	0x140e2fc15:call   0x14006f560 | 0x140e2fc24:call   0x14006f560 | 0x140e3206d:call   0x14006f850 | 0x140e3207c:call   0x141539660	0x140e2fbfe:cmp    BYTE PTR [rbp+0xe8],0x0
reference	141	DrinkPus	0x140e2fc2e	0x140e2fc38:cstring:while  | 0x140e2fc41:cstring:being  | 0x140e2fc4d:cstring:forced to drink purulent water	0x140e2fc48:call   0x14006f560 | 0x140e2fc57:call   0x14006f560 | 0x140e3206d:call   0x14006f850 | 0x140e3207c:call   0x141539660	0x140e2fc31:cmp    BYTE PTR [rbp+0xe8],0x0
reference	142	NastyWater	0x140e2fc61	0x140e2fc61:cstring:drinking nasty water	0x140e2fc6b:call   0x14006f560 | 0x140e3206d:call   0x14006f850 | 0x140e3207c:call   0x141539660	
reference	143	DrankSpoiled	0x140e2fc75	0x140e2fc7e:cstring:after  | 0x140e2fc8d:cstring:drinking something spoiled	0x140e2fc88:call   0x14006f560 | 0x140e2fc97:call   0x14006f560 | 0x140e3206d:call   0x14006f850 | 0x140e3207c:call   0x141539660	0x140e2fc75:cmp    BYTE PTR [rbp+0xe8],0x0
reference	144	LackWell	0x140e2fccd	0x140e2fcd6:cstring:after  | 0x140e2fce5:cstring:drinking water without a well	0x140e2fce0:call   0x14006f560 | 0x140e2fcef:call   0x14006f560 | 0x140e3206d:call   0x14006f850 | 0x140e3207c:call   0x141539660	0x140e2fccd:cmp    BYTE PTR [rbp+0xe8],0x0
reference	145	NearCaged	0x140e2fcf9	0x140e2fd02:cstring:after  | 0x140e2fd11:cstring:being near to a  | 0x140e2fd4b:cstring: in a cage	0x140e2fd0c:call   0x14006f560 | 0x140e2fd1b:call   0x14006f560 | 0x140e2fd24:call   0x14006f690 | 0x140e2fd3a:call   0x140aa3bd0 | 0x140e2fd46:call   0x1400b9d10 | 0x140e2fd55:call   0x14006f560 | 0x140e2fd5f:call   0x140067e30 | 0x140e3206d:call   0x14006f850 | 0x140e3207c:call   0x141539660	0x140e2fcf9:cmp    BYTE PTR [rbp+0xe8],0x0
reference	146	NearCagedHated	0x140e2fd69	0x140e2fd72:cstring:after  | 0x140e2fd81:cstring:being near to a  | 0x140e2fdbb:cstring: in a cage	0x140e2fd7c:call   0x14006f560 | 0x140e2fd8b:call   0x14006f560 | 0x140e2fd94:call   0x14006f690 | 0x140e2fdaa:call   0x140aa3bd0 | 0x140e2fdb6:call   0x1400b9d10 | 0x140e2fdc5:call   0x14006f560 | 0x140e2fdcf:call   0x140067e30 | 0x140e3206d:call   0x14006f850 | 0x140e3207c:call   0x141539660	0x140e2fd69:cmp    BYTE PTR [rbp+0xe8],0x0
reference	147	LackBedroom	0x140e2fdd9	0x140e2fde2:cstring:after  | 0x140e2fdf1:cstring:sleeping without a proper room	0x140e2fdec:call   0x14006f560 | 0x140e2fdfb:call   0x14006f560 | 0x140e3206d:call   0x14006f850 | 0x140e3207c:call   0x141539660	0x140e2fdd9:cmp    BYTE PTR [rbp+0xe8],0x0
reference	148	BedroomQuality	0x140e2fe05	0x140e2fe0e:cstring:after  | 0x140e2fe1d:cstring:sleeping in  | 0x140e2fe4d:cstring:a bedroom like a personal palace | 0x140e2fe61:cstring:a fantastic bedroom | 0x140e2fe75:cstring:a great bedroom | 0x140e2fe89:cstring:a very good bedroom | 0x140e2fe9d:cstring:a good bedroom | 0x140e2feb1:cstring:a horribly substandard bedroom | 0x140e2fec5:cstring:a horrible bedroom | 0x140e2fed9:cstring:an awful bedroom | 0x140e2feed:cstring:a very poor bedroom | 0x140e2ff01:cstring:a poor bedroom	0x140e2fe18:call   0x14006f560 | 0x140e2fe27:call   0x14006f560 | 0x140e2fe57:call   0x14006f560 | 0x140e2fe6b:call   0x14006f560 | 0x140e2fe7f:call   0x14006f560 | 0x140e2fe93:call   0x14006f560 | 0x140e2fea7:call   0x14006f560 | 0x140e2febb:call   0x14006f560 | 0x140e2fecf:call   0x14006f560 | 0x140e2fee3:call   0x14006f560 | 0x140e2fef7:call   0x14006f560 | 0x140e2ff0b:call   0x14006f560 | 0x140e3206d:call   0x14006f850 | 0x140e3207c:call   0x141539660	0x140e2fe05:cmp    BYTE PTR [rbp+0xe8],0x0 | 0x140e2fe35:cmp    eax,0xa
reference	149	SleptFloor	0x140e2ff15	0x140e2ff1e:cstring:after  | 0x140e2ff2d:cstring:sleeping on the floor	0x140e2ff28:call   0x14006f560 | 0x140e2ff37:call   0x14006f560 | 0x140e3206d:call   0x14006f850 | 0x140e3207c:call   0x141539660	0x140e2ff15:cmp    BYTE PTR [rbp+0xe8],0x0
reference	150	SleptMud	0x140e2ff41	0x140e2ff4a:cstring:after  | 0x140e2ff59:cstring:sleeping in the mud	0x140e2ff54:call   0x14006f560 | 0x140e2ff63:call   0x14006f560 | 0x140e3206d:call   0x14006f850 | 0x140e3207c:call   0x141539660	0x140e2ff41:cmp    BYTE PTR [rbp+0xe8],0x0
reference	151	SleptGrass	0x140e2ff6d	0x140e2ff76:cstring:after  | 0x140e2ff85:cstring:sleeping in the grass	0x140e2ff80:call   0x14006f560 | 0x140e2ff8f:call   0x14006f560 | 0x140e3206d:call   0x14006f850 | 0x140e3207c:call   0x141539660	0x140e2ff6d:cmp    BYTE PTR [rbp+0xe8],0x0
reference	152	SleptRoughFloor	0x140e2ff99	0x140e2ffa2:cstring:after  | 0x140e2ffb1:cstring:sleeping on a rough cave floor	0x140e2ffac:call   0x14006f560 | 0x140e2ffbb:call   0x14006f560 | 0x140e3206d:call   0x14006f850 | 0x140e3207c:call   0x141539660	0x140e2ff99:cmp    BYTE PTR [rbp+0xe8],0x0
reference	153	SleptRocks	0x140e2ffc5	0x140e2ffce:cstring:after  | 0x140e2ffdd:cstring:sleeping on rocks	0x140e2ffd8:call   0x14006f560 | 0x140e2ffe7:call   0x14006f560 | 0x140e3206d:call   0x14006f850 | 0x140e3207c:call   0x141539660	0x140e2ffc5:cmp    BYTE PTR [rbp+0xe8],0x0
reference	154	SleptIce	0x140e2fff1	0x140e2fffa:cstring:after  | 0x140e30009:cstring:sleeping on ice	0x140e30004:call   0x14006f560 | 0x140e30013:call   0x14006f560 | 0x140e3206d:call   0x14006f850 | 0x140e3207c:call   0x141539660	0x140e2fff1:cmp    BYTE PTR [rbp+0xe8],0x0
reference	155	SleptDirt	0x140e3001d	0x140e30026:cstring:after  | 0x140e30035:cstring:sleeping in the dirt	0x140e30030:call   0x14006f560 | 0x140e3003f:call   0x14006f560 | 0x140e3206d:call   0x14006f850 | 0x140e3207c:call   0x141539660	0x140e3001d:cmp    BYTE PTR [rbp+0xe8],0x0
reference	156	SleptDriftwood	0x140e30049	0x140e30052:cstring:after  | 0x140e30061:cstring:sleeping on a pile of driftwood	0x140e3005c:call   0x14006f560 | 0x140e3006b:call   0x14006f560 | 0x140e3206d:call   0x14006f850 | 0x140e3207c:call   0x141539660	0x140e30049:cmp    BYTE PTR [rbp+0xe8],0x0
reference	157	ArtDefacement	0x140e30075	0x140e3007e:cstring:after  | 0x140e3008d:cstring:suffering the travesty of art defacement	0x140e30088:call   0x14006f560 | 0x140e30097:call   0x14006f560 | 0x140e3206d:call   0x14006f850 | 0x140e3207c:call   0x141539660	0x140e30075:cmp    BYTE PTR [rbp+0xe8],0x0
reference	158	Evicted	0x140e300a1	0x140e300aa:cstring:after  | 0x140e300b9:cstring:being evicted	0x140e300b4:call   0x14006f560 | 0x140e300c3:call   0x14006f560 | 0x140e3206d:call   0x14006f850 | 0x140e3207c:call   0x141539660	0x140e300a1:cmp    BYTE PTR [rbp+0xe8],0x0
reference	159	GaveBirth	0x140e307d8	0x140e307e1:cstring:after  | 0x140e307f0:cstring:giving birth to 	0x140e307eb:call   0x14006f560 | 0x140e307fa:call   0x14006f560 | 0x140e30825:call   0x1406dd860 | 0x140e30831:call   0x1400b9d10 | 0x140e3206d:call   0x14006f850 | 0x140e3207c:call   0x141539660	0x140e307d8:cmp    BYTE PTR [rbp+0xe8],0x0
reference	160	SpouseGaveBirth	0x140e3083b	0x140e3085b:cstring:after  | 0x140e3086a:cstring:becoming a parent | 0x140e30888:cstring: of  | 0x140e308b4:cstring:after  | 0x140e308cf:cstring:gaining siblings | 0x140e308e0:cstring:gaining a sibling | 0x140e308fa:cstring:while  | 0x140e30909:cstring:getting married	0x140e30825:call   0x1406dd860 | 0x140e30831:call   0x1400b9d10 | 0x140e30865:call   0x14006f560 | 0x140e30874:call   0x14006f560 | 0x140e30892:call   0x14006f560 | 0x140e308be:call   0x14006f560 | 0x140e308d6:call   0x14006f560 | 0x140e308e7:call   0x14006f560 | 0x140e30904:call   0x14006f560 | 0x140e30913:call   0x14006f560 | 0x140e3206d:call   0x14006f850 | 0x140e3207c:call   0x141539660	0x140e30849:cmp    edi,0x1 | 0x140e30852:cmp    BYTE PTR [rbp+0xe8],0x0 | 0x140e3087f:cmp    edi,0x1 | 0x140e308ab:cmp    BYTE PTR [rbp+0xe8],0x0 | 0x140e308c6:cmp    DWORD PTR [rbp+0xe0],0x1 | 0x140e308f1:cmp    BYTE PTR [rbp+0xe8],0x0
reference	161	ReceivedWater	0x140e3091d	0x140e30926:cstring:after  | 0x140e30935:cstring:receiving water	0x140e30930:call   0x14006f560 | 0x140e3093f:call   0x14006f560 | 0x140e3206d:call   0x14006f850 | 0x140e3207c:call   0x141539660	0x140e3091d:cmp    BYTE PTR [rbp+0xe8],0x0
reference	162	GaveWater	0x140e30949	0x140e30952:cstring:after  | 0x140e30961:cstring:giving somebody water	0x140e3095c:call   0x14006f560 | 0x140e3096b:call   0x14006f560 | 0x140e3206d:call   0x14006f850 | 0x140e3207c:call   0x141539660	0x140e30949:cmp    BYTE PTR [rbp+0xe8],0x0
reference	163	ReceivedFood	0x140e30975	0x140e3097e:cstring:after  | 0x140e3098d:cstring:receiving food	0x140e30988:call   0x14006f560 | 0x140e30997:call   0x14006f560 | 0x140e3206d:call   0x14006f850 | 0x140e3207c:call   0x141539660	0x140e30975:cmp    BYTE PTR [rbp+0xe8],0x0
reference	164	GaveFood	0x140e309a1	0x140e309aa:cstring:after  | 0x140e309b9:cstring:giving somebody food	0x140e309b4:call   0x14006f560 | 0x140e309c3:call   0x14006f560 | 0x140e3206d:call   0x14006f850 | 0x140e3207c:call   0x141539660	0x140e309a1:cmp    BYTE PTR [rbp+0xe8],0x0
reference	165	Talked	0x140e30e4c	0x140e30e70:cstring:visiting with a pet | 0x140e30e84:cstring:talking with the spouse | 0x140e30e98:cstring:talking with a lover | 0x140e30eac:cstring:talking with a sibling | 0x140e30ec0:cstring:talking with mother | 0x140e30ed4:cstring:talking with father | 0x140e30ee8:cstring:talking with a child | 0x140e30efc:cstring:visiting with an animal training partner | 0x140e30f10:cstring:talking with a friend | 0x140e30f24:cstring:talking with an acquaintance | 0x140e30f42:cstring:when  | 0x140e30f4b:cstring:being  | 0x140e30f57:cstring:forced to talk to somebody annoying | 0x140e30f6b:cstring:talking with somebody	0x140e30e7a:call   0x14006f560 | 0x140e30e8e:call   0x14006f560 | 0x140e30ea2:call   0x14006f560 | 0x140e30eb6:call   0x14006f560 | 0x140e30eca:call   0x14006f560 | 0x140e30ede:call   0x14006f560 | 0x140e30ef2:call   0x14006f560 | 0x140e30f06:call   0x14006f560 | 0x140e30f1a:call   0x14006f560 | 0x140e30f2e:call   0x14006f560 | 0x140e30f52:call   0x14006f560 | 0x140e30f61:call   0x14006f560 | 0x140e30f75:call   0x14006f560 | 0x140e3206d:call   0x14006f850 | 0x140e3207c:call   0x141539660	0x140e30e4e:cmp    edi,0x32 | 0x140e30f3b:cmp    BYTE PTR [rbp+0xe8],0x0
reference	166	OfficeQuality	0x140e30f7f	0x140e30f88:cstring:after  | 0x140e30f97:cstring:conducting a meeting in  | 0x140e30fc7:cstring:a setting worthy of legends | 0x140e30fdb:cstring:a fantastic setting | 0x140e30fef:cstring:a great setting | 0x140e31003:cstring:a very good setting | 0x140e31017:cstring:a good setting | 0x140e3102b:cstring:a horribly substandard setting | 0x140e3103f:cstring:a horrible setting | 0x140e31053:cstring:an awful setting | 0x140e31067:cstring:a very poor setting | 0x140e3107b:cstring:a poor setting	0x140e30f92:call   0x14006f560 | 0x140e30fa1:call   0x14006f560 | 0x140e30fd1:call   0x14006f560 | 0x140e30fe5:call   0x14006f560 | 0x140e30ff9:call   0x14006f560 | 0x140e3100d:call   0x14006f560 | 0x140e31021:call   0x14006f560 | 0x140e31035:call   0x14006f560 | 0x140e31049:call   0x14006f560 | 0x140e3105d:call   0x14006f560 | 0x140e31071:call   0x14006f560 | 0x140e31085:call   0x14006f560 | 0x140e3206d:call   0x14006f850 | 0x140e3207c:call   0x141539660	0x140e30f7f:cmp    BYTE PTR [rbp+0xe8],0x0 | 0x140e30faf:cmp    eax,0xa
reference	167	MeetingInBedroom	0x140e3108f	0x140e3108f:cstring:having to conduct an official meeting in a bedroom	0x140e31099:call   0x14006f560 | 0x140e3206d:call   0x14006f850 | 0x140e3207c:call   0x141539660	
reference	168	MeetingInDiningRoom	0x140e310a3	0x140e310a3:cstring:having to conduct an official meeting in a dining room	0x140e310ad:call   0x14006f560 | 0x140e3206d:call   0x14006f850 | 0x140e3207c:call   0x141539660	
reference	169	NoRooms	0x140e310b7	0x140e310b7:cstring:not having any rooms	0x140e310c1:call   0x14006f560 | 0x140e3206d:call   0x14006f850 | 0x140e3207c:call   0x141539660	
reference	170	TombQuality	0x140e310cb	0x140e310cb:cstring:having  | 0x140e310fb:cstring:a legendary | 0x140e3110a:cstring: tomb after gaining another year | 0x140e3111e:cstring:a fantastic | 0x140e3112d:cstring: tomb after gaining another year | 0x140e31141:cstring:a great | 0x140e31150:cstring: tomb after gaining another year | 0x140e31164:cstring:a very good | 0x140e31173:cstring: tomb after gaining another year | 0x140e31187:cstring:a good | 0x140e31196:cstring: tomb after gaining another year | 0x140e311aa:cstring:a poor | 0x140e311b9:cstring: tomb after gaining another year | 0x140e311cd:cstring:a very poor | 0x140e311dc:cstring: tomb after gaining another year | 0x140e311f0:cstring:an awful | 0x140e311ff:cstring: tomb after gaining another year | 0x140e31213:cstring:a horrible | 0x140e31222:cstring: tomb after gaining another year | 0x140e31236:cstring:a horribly substandard | 0x140e31245:cstring: tomb after gaining another year	0x140e310d5:call   0x14006f560 | 0x140e31105:call   0x14006f560 | 0x140e31114:call   0x14006f560 | 0x140e31128:call   0x14006f560 | 0x140e31137:call   0x14006f560 | 0x140e3114b:call   0x14006f560 | 0x140e3115a:call   0x14006f560 | 0x140e3116e:call   0x14006f560 | 0x140e3117d:call   0x14006f560 | 0x140e31191:call   0x14006f560 | 0x140e311a0:call   0x14006f560 | 0x140e311b4:call   0x14006f560 | 0x140e311c3:call   0x14006f560 | 0x140e311d7:call   0x14006f560 | 0x140e311e6:call   0x14006f560 | 0x140e311fa:call   0x14006f560 | 0x140e31209:call   0x14006f560 | 0x140e3121d:call   0x14006f560 | 0x140e3122c:call   0x14006f560 | 0x140e31240:call   0x14006f560 | 0x140e3124f:call   0x14006f560 | 0x140e3206d:call   0x14006f850 | 0x140e3207c:call   0x141539660	0x140e310e3:cmp    eax,0xa
reference	171	TombLack	0x140e31259	0x140e31262:cstring:about  | 0x140e31271:cstring:not having a tomb after gaining another year	0x140e3126c:call   0x14006f560 | 0x140e3127b:call   0x14006f560 | 0x140e3206d:call   0x14006f850 | 0x140e3207c:call   0x141539660	0x140e31259:cmp    BYTE PTR [rbp+0xe8],0x0
reference	172	TalkToNoble	0x140e31285	0x140e31285:cstring:after talking to a pillar of society	0x140e3128f:call   0x14006f560 | 0x140e3206d:call   0x14006f850 | 0x140e3207c:call   0x141539660	
reference	173	InteractPet	0x140e31299	0x140e312a2:cstring:after  | 0x140e312b1:cstring:interacting with a pet	0x140e312ac:call   0x14006f560 | 0x140e312bb:call   0x14006f560 | 0x140e3206d:call   0x14006f850 | 0x140e3207c:call   0x141539660	0x140e31299:cmp    BYTE PTR [rbp+0xe8],0x0
reference	174	ConvictionCorpse	0x140e313e0	0x140e313e9:cstring:after  | 0x140e313f8:cstring:a long-dead corpse was convicted of a crime	0x140e313f3:call   0x14006f560 | 0x140e31402:call   0x14006f560 | 0x140e3206d:call   0x14006f850 | 0x140e3207c:call   0x141539660	0x140e313e0:cmp    BYTE PTR [rbp+0xe8],0x0
reference	175	ConvictionAnimal	0x140e3140c	0x140e31415:cstring:after  | 0x140e31424:cstring:an animal was convicted of a crime	0x140e3141f:call   0x14006f560 | 0x140e3142e:call   0x14006f560 | 0x140e3206d:call   0x14006f850 | 0x140e3207c:call   0x141539660	0x140e3140c:cmp    BYTE PTR [rbp+0xe8],0x0
reference	176	ConvictionVictim	0x140e31438	0x140e31441:cstring:after  | 0x140e31450:cstring:the bizarre conviction against all reason of the victim of a crime	0x140e3144b:call   0x14006f560 | 0x140e3145a:call   0x14006f560 | 0x140e3206d:call   0x14006f850 | 0x140e3207c:call   0x141539660	0x140e31438:cmp    BYTE PTR [rbp+0xe8],0x0
reference	177	ConvictionJusticeSelf	0x140e31464	0x140e3146d:cstring:upon  | 0x140e3147c:cstring:receiving justice through a criminal's conviction	0x140e31477:call   0x14006f560 | 0x140e31486:call   0x14006f560 | 0x140e3206d:call   0x14006f850 | 0x140e3207c:call   0x141539660	0x140e31464:cmp    BYTE PTR [rbp+0xe8],0x0
reference	178	ConvictionJusticeFamily	0x140e31490	0x140e31490:cstring:when a family member received justice through a criminal's conviction	0x140e3149a:call   0x14006f560 | 0x140e3206d:call   0x14006f850 | 0x140e3207c:call   0x141539660	
reference	179	Decay	0x140e314a4	0x140e314d1:cstring:after  | 0x140e314e0:cstring:being forced to endure the decay of a pet | 0x140e314fd:cstring:after  | 0x140e3150c:cstring:being forced to endure the decay of a spouse | 0x140e31529:cstring:after  | 0x140e31538:cstring:being forced to endure the decay of a lover | 0x140e31555:cstring:after  | 0x140e31564:cstring:being forced to endure the decay of a sibling | 0x140e31581:cstring:after  | 0x140e31590:cstring:being forced to endure the decay of a mother | 0x140e315ad:cstring:after  | 0x140e315bc:cstring:being forced to endure the decay of a father | 0x140e315d9:cstring:after  | 0x140e315e8:cstring:being forced to endure the decay of a child | 0x140e31605:cstring:after  | 0x140e31614:cstring:being forced to endure the decay of an animal training partner | 0x140e31631:cstring:after  | 0x140e31640:cstring:being forced to endure the decay of a friend | 0x140e3165d:cstring:after  | 0x140e3166c:cstring:being forced to endure the decay of an annoying acquaintance | 0x140e31689:cstring:after  | 0x140e31698:cstring:being forced to endure the decay of an acquaintance	0x140e314db:call   0x14006f560 | 0x140e314ea:call   0x14006f560 | 0x140e31507:call   0x14006f560 | 0x140e31516:call   0x14006f560 | 0x140e31533:call   0x14006f560 | 0x140e31542:call   0x14006f560 | 0x140e3155f:call   0x14006f560 | 0x140e3156e:call   0x14006f560 | 0x140e3158b:call   0x14006f560 | 0x140e3159a:call   0x14006f560 | 0x140e315b7:call   0x14006f560 | 0x140e315c6:call   0x14006f560 | 0x140e315e3:call   0x14006f560 | 0x140e315f2:call   0x14006f560 | 0x140e3160f:call   0x14006f560 | 0x140e3161e:call   0x14006f560 | 0x140e3163b:call   0x14006f560 | 0x140e3164a:call   0x14006f560 | 0x140e31667:call   0x14006f560 | 0x140e31676:call   0x14006f560 | 0x140e31693:call   0x14006f560 | 0x140e316a2:call   0x14006f560 | 0x140e3206d:call   0x14006f850 | 0x140e3207c:call   0x141539660	0x140e314a6:cmp    edi,0x32 | 0x140e314c8:cmp    BYTE PTR [rbp+0xe8],0x0 | 0x140e314f4:cmp    BYTE PTR [rbp+0xe8],0x0 | 0x140e31520:cmp    BYTE PTR [rbp+0xe8],0x0 | 0x140e3154c:cmp    BYTE PTR [rbp+0xe8],0x0 | 0x140e31578:cmp    BYTE PTR [rbp+0xe8],0x0 | 0x140e315a4:cmp    BYTE PTR [rbp+0xe8],0x0 | 0x140e315d0:cmp    BYTE PTR [rbp+0xe8],0x0 | 0x140e315fc:cmp    BYTE PTR [rbp+0xe8],0x0 | 0x140e31628:cmp    BYTE PTR [rbp+0xe8],0x0 | 0x140e31654:cmp    BYTE PTR [rbp+0xe8],0x0 | 0x140e31680:cmp    BYTE PTR [rbp+0xe8],0x0
reference	180	NeedsUnfulfilled	0x140e316ac	0x140e316cb:cstring:after  | 0x140e316da:cstring:being away from people for too long | 0x140e316f7:cstring:after  | 0x140e31706:cstring:being kept from alcohol for too long | 0x140e31723:cstring:after  | 0x140e31732:cstring:being unable to pray | 0x140e3174c:cstring: to  | 0x140e3178e:cstring: for too long | 0x140e317ab:cstring:after  | 0x140e317ba:cstring:being unoccupied for too long | 0x140e317d7:cstring:after  | 0x140e317e6:cstring:being unable to admire art for so long | 0x140e31803:cstring:after  | 0x140e31812:cstring:doing nothing creative for so long | 0x140e3182f:cstring:after  | 0x140e3183e:cstring:leading an unexciting life for so long | 0x140e3185b:cstring:after  | 0x140e3186a:cstring:not learning anything for so long | 0x140e31887:cstring:after  | 0x140e31896:cstring:being away from family for too long | 0x140e318b3:cstring:after  | 0x140e318c2:cstring:being away from friends for too long | 0x140e318df:cstring:after  | 0x140e318ee:cstring:being unable to hear eloquent speech for so long | 0x140e3190b:cstring:after  | 0x140e3191a:cstring:being away from traditions for too long | 0x140e31937:cstring:after  | 0x140e31946:cstring:a lack of introspection for too long | 0x140e31963:cstring:after  | 0x140e31972:cstring:being unable to make merry for so long | 0x140e3198f:cstring:after  | 0x140e3199e:cstring:being unable to practice a craft for too long | 0x140e319bb:cstring:after  | 0x140e319ca:cstring:being unable to practice a martial art for too long | 0x140e319e7:cstring:after  | 0x140e319f6:cstring:being unable to practice a skill for too long | 0x140e31a13:cstring:after  | 0x140e31a22:cstring:being unable to take it easy for so long | 0x140e31a3f:cstring:after  | 0x140e31a4e:cstring:being unable to make romance for so long | 0x140e31a6b:cstring:after  | 0x140e31a7a:cstring:being away from animals for so long | 0x140e31a97:cstring:after  | 0x140e31aa6:cstring:being away from great beasts for so long | 0x140e31ac3:cstring:after  | 0x140e31ad2:cstring:being unable to acquire something for too long | 0x140e31aef:cstring:after  | 0x140e31afe:cstring:a lack of decent meals for too long | 0x140e31b1b:cstring:after  | 0x140e31b2a:cstring:being unable to fight for too long | 0x140e31b47:cstring:after  | 0x140e31b56:cstring:a lack of trouble-making for too long | 0x140e31b73:cstring:after  | 0x140e31b82:cstring:being unable to argue for too long | 0x140e31b9f:cstring:after  | 0x140e31bae:cstring:being unable to be extravagant for so long | 0x140e31bcb:cstring:after  | 0x140e31bda:cstring:being unable to wander for too long | 0x140e31bf7:cstring:after  | 0x140e31c06:cstring:being unable to help anybody for too long | 0x140e31c23:cstring:after  | 0x140e31c32:cstring:a lack of abstract thinking for too long	0x140e316d5:call   0x14006f560 | 0x140e316e4:call   0x14006f560 | 0x140e31701:call   0x14006f560 | 0x140e31710:call   0x14006f560 | 0x140e3172d:call   0x14006f560 | 0x140e3173c:call   0x14006f560 | 0x140e31756:call   0x14006f560 | 0x140e31760:call   0x140072080 | 0x140e31789:call   0x140b92f10 | 0x140e31798:call   0x14006f560 | 0x140e317b5:call   0x14006f560 | 0x140e317c4:call   0x14006f560 | 0x140e317e1:call   0x14006f560 | 0x140e317f0:call   0x14006f560 | 0x140e3180d:call   0x14006f560 | 0x140e3181c:call   0x14006f560 | 0x140e31839:call   0x14006f560 | 0x140e31848:call   0x14006f560 | 0x140e31865:call   0x14006f560 | 0x140e31874:call   0x14006f560 | 0x140e31891:call   0x14006f560 | 0x140e318a0:call   0x14006f560 | 0x140e318bd:call   0x14006f560 | 0x140e318cc:call   0x14006f560 | 0x140e318e9:call   0x14006f560 | 0x140e318f8:call   0x14006f560 | 0x140e31915:call   0x14006f560 | 0x140e31924:call   0x14006f560 | 0x140e31941:call   0x14006f560 | 0x140e31950:call   0x14006f560 | 0x140e3196d:call   0x14006f560 | 0x140e3197c:call   0x14006f560 | 0x140e31999:call   0x14006f560 | 0x140e319a8:call   0x14006f560 | 0x140e319c5:call   0x14006f560 | 0x140e319d4:call   0x14006f560 | 0x140e319f1:call   0x14006f560 | 0x140e31a00:call   0x14006f560 | 0x140e31a1d:call   0x14006f560 | 0x140e31a2c:call   0x14006f560 | 0x140e31a49:call   0x14006f560 | 0x140e31a58:call   0x14006f560 | 0x140e31a75:call   0x14006f560 | 0x140e31a84:call   0x14006f560 | 0x140e31aa1:call   0x14006f560 | 0x140e31ab0:call   0x14006f560 | 0x140e31acd:call   0x14006f560 | 0x140e31adc:call   0x14006f560 | 0x140e31af9:call   0x14006f560 | 0x140e31b08:call   0x14006f560 | 0x140e31b25:call   0x14006f560 | 0x140e31b34:call   0x14006f560 | 0x140e31b51:call   0x14006f560 | 0x140e31b60:call   0x14006f560 | 0x140e31b7d:call   0x14006f560 | 0x140e31b8c:call   0x14006f560 | 0x140e31ba9:call   0x14006f560 | 0x140e31bb8:call   0x14006f560 | 0x140e31bd5:call   0x14006f560 | 0x140e31be4:call   0x14006f560 | 0x140e31c01:call   0x14006f560 | 0x140e31c10:call   0x14006f560 | 0x140e31c2d:call   0x14006f560 | 0x140e31c3c:call   0x14006f560 | 0x140e3206d:call   0x14006f850 | 0x140e3207c:call   0x141539660	0x140e316ac:cmp    edi,0x1d | 0x140e316c2:cmp    BYTE PTR [rbp+0xe8],0x0 | 0x140e316ee:cmp    BYTE PTR [rbp+0xe8],0x0 | 0x140e3171a:cmp    BYTE PTR [rbp+0xe8],0x0 | 0x140e31747:cmp    edi,0xffffffff | 0x140e317a2:cmp    BYTE PTR [rbp+0xe8],0x0 | 0x140e317ce:cmp    BYTE PTR [rbp+0xe8],0x0 | 0x140e317fa:cmp    BYTE PTR [rbp+0xe8],0x0 | 0x140e31826:cmp    BYTE PTR [rbp+0xe8],0x0 | 0x140e31852:cmp    BYTE PTR [rbp+0xe8],0x0 | 0x140e3187e:cmp    BYTE PTR [rbp+0xe8],0x0 | 0x140e318aa:cmp    BYTE PTR [rbp+0xe8],0x0 | 0x140e318d6:cmp    BYTE PTR [rbp+0xe8],0x0 | 0x140e31902:cmp    BYTE PTR [rbp+0xe8],0x0 | 0x140e3192e:cmp    BYTE PTR [rbp+0xe8],0x0 | 0x140e3195a:cmp    BYTE PTR [rbp+0xe8],0x0 | 0x140e31986:cmp    BYTE PTR [rbp+0xe8],0x0 | 0x140e319b2:cmp    BYTE PTR [rbp+0xe8],0x0 | 0x140e319de:cmp    BYTE PTR [rbp+0xe8],0x0 | 0x140e31a0a:cmp    BYTE PTR [rbp+0xe8],0x0 | 0x140e31a36:cmp    BYTE PTR [rbp+0xe8],0x0 | 0x140e31a62:cmp    BYTE PTR [rbp+0xe8],0x0 | 0x140e31a8e:cmp    BYTE PTR [rbp+0xe8],0x0 | 0x140e31aba:cmp    BYTE PTR [rbp+0xe8],0x0 | 0x140e31ae6:cmp    BYTE PTR [rbp+0xe8],0x0 | 0x140e31b12:cmp    BYTE PTR [rbp+0xe8],0x0 | 0x140e31b3e:cmp    BYTE PTR [rbp+0xe8],0x0 | 0x140e31b6a:cmp    BYTE PTR [rbp+0xe8],0x0 | 0x140e31b96:cmp    BYTE PTR [rbp+0xe8],0x0 | 0x140e31bc2:cmp    BYTE PTR [rbp+0xe8],0x0 | 0x140e31bee:cmp    BYTE PTR [rbp+0xe8],0x0 | 0x140e31c1a:cmp    BYTE PTR [rbp+0xe8],0x0
reference	181	Prayer	0x140e31da4	0x140e31dad:cstring:after  | 0x140e31dbc:cstring:communing with 	0x140e31db7:call   0x14006f560 | 0x140e31dc6:call   0x14006f560 | 0x140e31dd0:call   0x140072080 | 0x140e31df9:call   0x140b92f10 | 0x140e3206d:call   0x14006f850 | 0x140e3207c:call   0x141539660	0x140e31da4:cmp    BYTE PTR [rbp+0xe8],0x0
reference	182	DrinkWithoutCup	0x140e2fca1	0x140e2fcaa:cstring:after  | 0x140e2fcb9:cstring:having a drink without using a goblet, cup or mug	0x140e2fcb4:call   0x14006f560 | 0x140e2fcc3:call   0x14006f560 | 0x140e3206d:call   0x14006f850 | 0x140e3207c:call   0x141539660	0x140e2fca1:cmp    BYTE PTR [rbp+0xe8],0x0
reference	183	ResearchBreakthrough	0x140e305cc	0x140e305d5:cstring:after  | 0x140e305e4:cstring:making a breakthrough concerning 	0x140e305df:call   0x14006f560 | 0x140e305ee:call   0x14006f560 | 0x140e305f7:call   0x14006f690 | 0x140e30601:call   0x1400723d0 | 0x140e30625:call   0x140ee0830 | 0x140e30631:call   0x1400b9d10 | 0x140e3063b:call   0x140072370 | 0x140e30645:call   0x140067e30 | 0x140e3206d:call   0x14006f850 | 0x140e3207c:call   0x141539660	0x140e305cc:cmp    BYTE PTR [rbp+0xe8],0x0
reference	184	ResearchStalled	0x140e3064f	0x140e30658:cstring:after  | 0x140e30667:cstring:being unable to advance the study of 	0x140e30662:call   0x14006f560 | 0x140e30671:call   0x14006f560 | 0x140e3067a:call   0x14006f690 | 0x140e30684:call   0x1400723d0 | 0x140e306a8:call   0x140ef8fb0 | 0x140e306b4:call   0x1400b9d10 | 0x140e306be:call   0x140072370 | 0x140e306c8:call   0x140067e30 | 0x140e3206d:call   0x14006f850 | 0x140e3207c:call   0x141539660	0x140e3064f:cmp    BYTE PTR [rbp+0xe8],0x0
reference	185	PonderTopic	0x140e30755	0x140e3075e:cstring:after  | 0x140e3076d:cstring:pondering 	0x140e30768:call   0x14006f560 | 0x140e30777:call   0x14006f560 | 0x140e30780:call   0x14006f690 | 0x140e3078a:call   0x1400723d0 | 0x140e307ae:call   0x140ef8fb0 | 0x140e307ba:call   0x1400b9d10 | 0x140e307c4:call   0x140072370 | 0x140e307ce:call   0x140067e30 | 0x140e3206d:call   0x14006f850 | 0x140e3207c:call   0x141539660	0x140e30755:cmp    BYTE PTR [rbp+0xe8],0x0
reference	186	DiscussTopic	0x140e306d2	0x140e306db:cstring:after  | 0x140e306ea:cstring:discussing 	0x140e306e5:call   0x14006f560 | 0x140e306f4:call   0x14006f560 | 0x140e306fd:call   0x14006f690 | 0x140e30707:call   0x1400723d0 | 0x140e3072b:call   0x140ef8fb0 | 0x140e30737:call   0x1400b9d10 | 0x140e30741:call   0x140072370 | 0x140e3074b:call   0x140067e30 | 0x140e3206d:call   0x14006f850 | 0x140e3207c:call   0x141539660	0x140e306d2:cmp    BYTE PTR [rbp+0xe8],0x0
reference	187	Syndrome	0x140e2e2f9	0x140e2e31f:cstring:due to 	0x140e2e308:call   0x14006ee50 | 0x140e2e329:call   0x14006f560 | 0x140e2e338:call   0x14006f220 | 0x140e2e343:call   0x1400b9d10 | 0x140e3206d:call   0x14006f850 | 0x140e3207c:call   0x141539660	0x140e2e2f9:test   edi,edi | 0x140e2e30d:cmp    rdi,rax | 0x140e2e316:cmp    BYTE PTR [rbp+0xe8],0x0
reference	188	Perform	0x140e2c98e	0x140e2c997:cstring:while  | 0x140e2c9db:cstring:giving a sermon | 0x140e2c9ef:cstring:performing	0x140e2c9a1:call   0x14006f560 | 0x140e2c9af:call   0x140072570 | 0x140e2c9e5:call   0x14006f560 | 0x140e2c9f9:call   0x14006f560 | 0x140e3206d:call   0x14006f850 | 0x140e3207c:call   0x141539660	0x140e2c98e:cmp    BYTE PTR [rbp+0xe8],0x0 | 0x140e2c9b4:test   rax,rax | 0x140e2c9c0:test   rcx,rcx | 0x140e2c9d6:cmp    ecx,0x1
reference	189	WatchPerform	0x140e2ca03	0x140e2ca0c:cstring:after  | 0x140e2ca50:cstring:attending a sermon | 0x140e2ca64:cstring:watching a performance	0x140e2ca16:call   0x14006f560 | 0x140e2ca24:call   0x140072570 | 0x140e2ca5a:call   0x14006f560 | 0x140e2ca6e:call   0x14006f560 | 0x140e3206d:call   0x14006f850 | 0x140e3207c:call   0x141539660	0x140e2ca03:cmp    BYTE PTR [rbp+0xe8],0x0 | 0x140e2ca29:test   rax,rax | 0x140e2ca35:test   rcx,rcx | 0x140e2ca4b:cmp    ecx,0x1
reference	190	RemoveTroupe	0x140e2cf2c	0x140e2cf35:cstring:after  | 0x140e2cf44:cstring:being removed from a performance troupe	0x140e2cf3f:call   0x14006f560 | 0x140e2cf4e:call   0x14006f560 | 0x140e3206d:call   0x14006f850 | 0x140e3207c:call   0x141539660	0x140e2cf2c:cmp    BYTE PTR [rbp+0xe8],0x0
reference	191	LearnTopic	0x140e301b1	0x140e301ba:cstring:after  | 0x140e301c9:cstring:learning about 	0x140e301c4:call   0x14006f560 | 0x140e301d3:call   0x14006f560 | 0x140e301dc:call   0x14006f690 | 0x140e301e6:call   0x1400723d0 | 0x140e3020a:call   0x140ee0830 | 0x140e30216:call   0x1400b9d10 | 0x140e30220:call   0x140072370 | 0x140e3022a:call   0x140067e30 | 0x140e3206d:call   0x14006f850 | 0x140e3207c:call   0x141539660	0x140e301b1:cmp    BYTE PTR [rbp+0xe8],0x0
reference	192	LearnSkill	0x140e30234	0x140e3023d:cstring:after  | 0x140e3024c:cstring:learning about 	0x140e30247:call   0x14006f560 | 0x140e30256:call   0x14006f560 | 0x140e3025f:call   0x14006f690 | 0x140e3026c:call   0x140773990 | 0x140e30275:call   0x14052d080 | 0x140e30281:call   0x1400b9d10 | 0x140e3028b:call   0x140067e30 | 0x140e3206d:call   0x14006f850 | 0x140e3207c:call   0x141539660	0x140e30234:cmp    BYTE PTR [rbp+0xe8],0x0
reference	193	LearnBook	0x140e30340	0x140e302f4:cstring:an untitled composition | 0x140e30363:cstring:after  | 0x140e30372:cstring:learning 	0x140e302d1:call   0x14006f560 | 0x140e302da:call   0x14006f520 | 0x140e302ea:call   0x1400b9d10 | 0x140e302fb:call   0x14006f560 | 0x140e30349:call   0x140072570 | 0x140e3036d:call   0x14006f560 | 0x140e3206d:call   0x14006f850 | 0x140e3207c:call   0x141539660	0x140e302e2:test   al,al | 0x140e30351:test   rax,rax | 0x140e3035a:cmp    BYTE PTR [rbp+0xe8],0x0
reference	194	LearnInteraction	0x140e3037e	0x140e30399:cstring:after  | 0x140e303a8:cstring:learning  | 0x140e303e4:cstring:powerful knowledge	0x140e30388:call   0x14006f220 | 0x140e303a3:call   0x14006f560 | 0x140e303b2:call   0x14006f560 | 0x140e303bb:call   0x14006ee50 | 0x140e303cb:call   0x14006f220 | 0x140e303da:call   0x1400b9d10 | 0x140e303ee:call   0x14006f560 | 0x140e3206d:call   0x14006f850 | 0x140e3207c:call   0x141539660	0x140e30390:cmp    BYTE PTR [rbp+0xe8],0x0 | 0x140e303c0:test   rax,rax
reference	195	LearnPoetry	0x140e303f8	0x140e3041b:cstring:after  | 0x140e3042a:cstring:learning 	0x140e30401:call   0x140072570 | 0x140e30425:call   0x14006f560 | 0x140e30434:call   0x14006f560 | 0x140e3043d:call   0x14006f690 | 0x140e30451:call   0x140a946e0 | 0x140e3045d:call   0x1400b9d10 | 0x140e30467:call   0x140067e30 | 0x140e3206d:call   0x14006f850 | 0x140e3207c:call   0x141539660	0x140e30409:test   rax,rax | 0x140e30412:cmp    BYTE PTR [rbp+0xe8],0x0
reference	196	LearnMusic	0x140e30471	0x140e30494:cstring:after  | 0x140e304a3:cstring:learning 	0x140e3047a:call   0x140072570 | 0x140e3049e:call   0x14006f560 | 0x140e304ad:call   0x14006f560 | 0x140e304b6:call   0x14006f690 | 0x140e304ca:call   0x140a946e0 | 0x140e304d6:call   0x1400b9d10 | 0x140e304e0:call   0x140067e30 | 0x140e3206d:call   0x14006f850 | 0x140e3207c:call   0x141539660	0x140e30482:test   rax,rax | 0x140e3048b:cmp    BYTE PTR [rbp+0xe8],0x0
reference	197	LearnDance	0x140e304ea	0x140e3050d:cstring:after  | 0x140e3051c:cstring:learning 	0x140e304f3:call   0x140072570 | 0x140e30517:call   0x14006f560 | 0x140e30526:call   0x14006f560 | 0x140e3052f:call   0x14006f690 | 0x140e30543:call   0x140a946e0 | 0x140e3054f:call   0x1400b9d10 | 0x140e30559:call   0x140067e30 | 0x140e3206d:call   0x14006f850 | 0x140e3207c:call   0x141539660	0x140e304fb:test   rax,rax | 0x140e30504:cmp    BYTE PTR [rbp+0xe8],0x0
reference	198	TeachTopic	0x140e300cd	0x140e300d6:cstring:after  | 0x140e300e5:cstring:teaching 	0x140e300e0:call   0x14006f560 | 0x140e300ef:call   0x14006f560 | 0x140e300f8:call   0x14006f690 | 0x140e30102:call   0x1400723d0 | 0x140e30126:call   0x140ee0830 | 0x140e30132:call   0x1400b9d10 | 0x140e3013c:call   0x140072370 | 0x140e30146:call   0x140067e30 | 0x140e3206d:call   0x14006f850 | 0x140e3207c:call   0x141539660	0x140e300cd:cmp    BYTE PTR [rbp+0xe8],0x0
reference	199	TeachSkill	0x140e30150	0x140e30159:cstring:after  | 0x140e30168:cstring:teaching 	0x140e30163:call   0x14006f560 | 0x140e30172:call   0x14006f560 | 0x140e3017b:call   0x14006f690 | 0x140e30188:call   0x140773990 | 0x140e30191:call   0x14052d080 | 0x140e3019d:call   0x1400b9d10 | 0x140e301a7:call   0x140067e30 | 0x140e3206d:call   0x14006f850 | 0x140e3207c:call   0x141539660	0x140e30150:cmp    BYTE PTR [rbp+0xe8],0x0
reference	200	ReadBook	0x140e30305	0x140e302f4:cstring:an untitled composition | 0x140e30328:cstring:after  | 0x140e30337:cstring:reading 	0x140e302d1:call   0x14006f560 | 0x140e302da:call   0x14006f520 | 0x140e302ea:call   0x1400b9d10 | 0x140e302fb:call   0x14006f560 | 0x140e3030e:call   0x140072570 | 0x140e30332:call   0x14006f560 | 0x140e3206d:call   0x14006f850 | 0x140e3207c:call   0x141539660	0x140e302e2:test   al,al | 0x140e30316:test   rax,rax | 0x140e3031f:cmp    BYTE PTR [rbp+0xe8],0x0
reference	201	WriteBook	0x140e30295	0x140e302b8:cstring:after  | 0x140e302c7:cstring:writing  | 0x140e302f4:cstring:an untitled composition	0x140e3029e:call   0x140072570 | 0x140e302c2:call   0x14006f560 | 0x140e302d1:call   0x14006f560 | 0x140e302da:call   0x14006f520 | 0x140e302ea:call   0x1400b9d10 | 0x140e302fb:call   0x14006f560 | 0x140e3206d:call   0x14006f850 | 0x140e3207c:call   0x141539660	0x140e302a6:test   rax,rax | 0x140e302af:cmp    BYTE PTR [rbp+0xe8],0x0 | 0x140e302e2:test   al,al
reference	202	BecomeResident	0x140e2e797	0x140e2e7a0:cstring:after  | 0x140e2e7af:cstring:being granted residency	0x140e2e7aa:call   0x14006f560 | 0x140e32063:call   0x14006fa10 | 0x140e3206d:call   0x14006f850 | 0x140e3207c:call   0x141539660	0x140e2e797:cmp    BYTE PTR [rbp+0xe8],0x0
reference	203	BecomeCitizen	0x140e2e7bb	0x140e2e7c4:cstring:after  | 0x140e2e7d3:cstring:being granted citizenship	0x140e2e7ce:call   0x14006f560 | 0x140e2e7dd:call   0x14006f560 | 0x140e3206d:call   0x14006f850 | 0x140e3207c:call   0x141539660	0x140e2e7bb:cmp    BYTE PTR [rbp+0xe8],0x0
reference	204	DenyResident	0x140e2e7e7	0x140e2e7f0:cstring:after  | 0x140e2e7ff:cstring:being denied residency	0x140e2e7fa:call   0x14006f560 | 0x140e2e809:call   0x14006f560 | 0x140e3206d:call   0x14006f850 | 0x140e3207c:call   0x141539660	0x140e2e7e7:cmp    BYTE PTR [rbp+0xe8],0x0
reference	205	DenyCitizen	0x140e2e9fe	0x140e2ea07:cstring:after  | 0x140e2ea16:cstring:being denied citizenship	0x140e2ea11:call   0x14006f560 | 0x140e2ea20:call   0x14006f560 | 0x140e3206d:call   0x14006f850 | 0x140e3207c:call   0x141539660	0x140e2e9fe:cmp    BYTE PTR [rbp+0xe8],0x0
reference	206	LeaveTroupe	0x140e2cf00	0x140e2cf09:cstring:after  | 0x140e2cf18:cstring:leaving a performance troupe	0x140e2cf13:call   0x14006f560 | 0x140e2cf22:call   0x14006f560 | 0x140e3206d:call   0x14006f850 | 0x140e3207c:call   0x141539660	0x140e2cf00:cmp    BYTE PTR [rbp+0xe8],0x0
reference	207	MakeBelieve	0x140e2cd0a	0x140e2cd13:cstring:after  | 0x140e2cd22:cstring:playing make believe	0x140e2cd1d:call   0x14006f560 | 0x140e2cd2c:call   0x14006f560 | 0x140e3206d:call   0x14006f850 | 0x140e3207c:call   0x141539660	0x140e2cd0a:cmp    BYTE PTR [rbp+0xe8],0x0
reference	208	PlayToy	0x140e2cd36	0x140e2cd3f:cstring:after  | 0x140e2cd4e:cstring:playing with  | 0x140e2cd72:cstring:a  | 0x140e2cda4:cstring:a toy	0x140e2cd49:call   0x14006f560 | 0x140e2cd58:call   0x14006f560 | 0x140e2cd68:call   0x14006ee50 | 0x140e2cd7c:call   0x14006f560 | 0x140e2cd8b:call   0x14006f220 | 0x140e2cd9a:call   0x1400b9d10 | 0x140e2cdae:call   0x14006f560 | 0x140e3206d:call   0x14006f850 | 0x140e3207c:call   0x141539660	0x140e2cd36:cmp    BYTE PTR [rbp+0xe8],0x0 | 0x140e2cd5d:test   edi,edi | 0x140e2cd6d:cmp    rdi,rax
reference	209	DreamAbout	0x140e32069		0x140e3206d:call   0x14006f850 | 0x140e3207c:call   0x141539660	
reference	210	Dream	0x140e32069		0x140e3206d:call   0x14006f850 | 0x140e3207c:call   0x141539660	
reference	211	Nightmare	0x140e32069		0x140e3206d:call   0x14006f850 | 0x140e3207c:call   0x141539660	
reference	212	Argument	0x140e2f6ca	0x140e2f6d3:cstring:after  | 0x140e2f6e2:cstring:getting into an argument	0x140e2f6dd:call   0x14006f560 | 0x140e2f6ec:call   0x14006f560 | 0x140e3206d:call   0x14006f850 | 0x140e3207c:call   0x141539660	0x140e2f6ca:cmp    BYTE PTR [rbp+0xe8],0x0
reference	213	CombatDrills	0x140e2df3a	0x140e2df43:cstring:after  | 0x140e2df52:cstring:combat drills	0x140e2df4d:call   0x14006f560 | 0x140e2df5c:call   0x14006f560 | 0x140e3206d:call   0x14006f850 | 0x140e3207c:call   0x141539660	0x140e2df3a:cmp    BYTE PTR [rbp+0xe8],0x0
reference	214	ArcheryPractice	0x140e2df66	0x140e2df6f:cstring:after  | 0x140e2df7e:cstring:practicing at the archery target	0x140e2df79:call   0x14006f560 | 0x140e2df88:call   0x14006f560 | 0x140e3206d:call   0x14006f850 | 0x140e3207c:call   0x141539660	0x140e2df66:cmp    BYTE PTR [rbp+0xe8],0x0
reference	215	ImproveSkill	0x140e2cad0	0x140e2cad9:cstring:upon  | 0x140e2cae8:cstring:improving 	0x140e2cae3:call   0x14006f560 | 0x140e2caf2:call   0x14006f560 | 0x140e2cafb:call   0x14006f690 | 0x140e2cb08:call   0x140773990 | 0x140e2cb11:call   0x14052d080 | 0x140e2cb1d:call   0x1400b9d10 | 0x140e2cb27:call   0x140067e30 | 0x140e3206d:call   0x14006f850 | 0x140e3207c:call   0x141539660	0x140e2cad0:cmp    BYTE PTR [rbp+0xe8],0x0
reference	216	WearItem	0x140e2ef17	0x140e2ef20:cstring:after  | 0x140e2ef2f:cstring:putting on a | 0x140e2ef5f:cstring: truly splendid | 0x140e2ef6b:cstring: item | 0x140e2ef7f:cstring:n exceptional | 0x140e2ef8b:cstring: item | 0x140e2ef9f:cstring: superior | 0x140e2efae:cstring: item | 0x140e2efc2:cstring: finely-crafted | 0x140e2efd1:cstring: item | 0x140e2efe5:cstring: well-crafted | 0x140e2eff4:cstring: item	0x140e2ef2a:call   0x14006f560 | 0x140e2ef39:call   0x14006f560 | 0x140e2ef66:call   0x14006f560 | 0x140e2ef75:call   0x14006f560 | 0x140e2ef86:call   0x14006f560 | 0x140e2ef95:call   0x14006f560 | 0x140e2efa9:call   0x14006f560 | 0x140e2efb8:call   0x14006f560 | 0x140e2efcc:call   0x14006f560 | 0x140e2efdb:call   0x14006f560 | 0x140e2efef:call   0x14006f560 | 0x140e2effe:call   0x14006f560 | 0x140e3206d:call   0x14006f850 | 0x140e3207c:call   0x141539660	0x140e2ef17:cmp    BYTE PTR [rbp+0xe8],0x0 | 0x140e2ef57:cmp    ecx,0x1
reference	217	RealizeValue	0x140e2cc8e	0x140e2cc97:cstring:after  | 0x140e2cca6:cstring:realizing 	0x140e2cca1:call   0x14006f560 | 0x140e2ccb0:call   0x14006f560 | 0x140e2ccb9:call   0x140072480 | 0x140e2cccf:call   0x14006f690 | 0x140e2cce0:call   0x140ee0380 | 0x140e2ccec:call   0x1400b9d10 | 0x140e2ccf6:call   0x140067e30 | 0x140e2cd00:call   0x140072370 | 0x140e3206d:call   0x14006f850 | 0x140e3207c:call   0x141539660	0x140e2cc8e:cmp    BYTE PTR [rbp+0xe8],0x0
reference	218	OpinionStoryteller	0x140e32069		0x140e3206d:call   0x14006f850 | 0x140e3207c:call   0x141539660	
reference	219	OpinionRecitation	0x140e32069		0x140e3206d:call   0x14006f850 | 0x140e3207c:call   0x141539660	
reference	220	OpinionInstrumentSimulation	0x140e32069		0x140e3206d:call   0x14006f850 | 0x140e3207c:call   0x141539660	
reference	221	OpinionInstrumentPlayer	0x140e32069		0x140e3206d:call   0x14006f850 | 0x140e3207c:call   0x141539660	
reference	222	OpinionSinger	0x140e32069		0x140e3206d:call   0x14006f850 | 0x140e3207c:call   0x141539660	
reference	223	OpinionChanter	0x140e32069		0x140e3206d:call   0x14006f850 | 0x140e3207c:call   0x141539660	
reference	224	OpinionDancer	0x140e32069		0x140e3206d:call   0x14006f850 | 0x140e3207c:call   0x141539660	
reference	225	OpinionStory	0x140e32069		0x140e3206d:call   0x14006f850 | 0x140e3207c:call   0x141539660	
reference	226	OpinionPoetry	0x140e32069		0x140e3206d:call   0x14006f850 | 0x140e3207c:call   0x141539660	
reference	227	OpinionMusic	0x140e32069		0x140e3206d:call   0x14006f850 | 0x140e3207c:call   0x141539660	
reference	228	OpinionDance	0x140e32069		0x140e3206d:call   0x14006f850 | 0x140e3207c:call   0x141539660	
reference	229	Defeated	0x140e31e03	0x140e31e0c:cstring:after  | 0x140e31e21:cstring:defeating somebody	0x140e31e16:call   0x14006f560 | 0x140e32063:call   0x14006fa10 | 0x140e3206d:call   0x14006f850 | 0x140e3207c:call   0x141539660	0x140e31e03:cmp    BYTE PTR [rbp+0xe8],0x0
reference	230	FavoritePossession	0x140e32069		0x140e3206d:call   0x14006f850 | 0x140e3207c:call   0x141539660	
reference	231	PreserveBody	0x140e32069		0x140e3206d:call   0x14006f850 | 0x140e3207c:call   0x141539660	
reference	232	Murdered	0x140e31e2d	0x140e31e36:cstring:after  | 0x140e31e4b:cstring:murdering somebody	0x140e31e40:call   0x14006f560 | 0x140e32063:call   0x14006fa10 | 0x140e3206d:call   0x14006f850 | 0x140e3207c:call   0x141539660	0x140e31e2d:cmp    BYTE PTR [rbp+0xe8],0x0
reference	233	HistEventCollection	0x140e31e81	0x140e31e8a:cstring:during 	0x140e31e94:call   0x14006f560 | 0x140e31ea2:call   0x14013cc50 | 0x140e31eb7:call   0x14006f690 | 0x140e31ecb:call   r8 | 0x140e31ed5:call   0x1400b9d10 | 0x140e31edf:call   0x140067e30 | 0x140e3206d:call   0x14006f850 | 0x140e3207c:call   0x141539660	0x140e31e81:cmp    BYTE PTR [rbp+0xe8],0x0 | 0x140e31eaa:test   rax,rax
reference	234	ViewOwnDisplay	0x140e2d2a2	0x140e2d2ab:cstring:after  | 0x140e2d2c0:cstring:viewing  | 0x140e2d340:cstring:a piece | 0x140e2d34f:cstring: on display | 0x140e2d356:cstring: in a personal museum	0x140e2d2b5:call   0x14006f560 | 0x140e2d2ca:call   0x14006fa10 | 0x140e2d2d8:call   0x1400726e0 | 0x140e2d2e9:call   0x14006f690 | 0x140e2d2f7:call   0x140cb1720 | 0x140e2d30f:call   0x140a94030 | 0x140e2d323:call   0x140c65450 | 0x140e2d32f:call   0x1400b9d10 | 0x140e2d339:call   0x140067e30 | 0x140e2d34a:call   0x14006f560 | 0x140e2d36b:call   0x14006f560 | 0x140e3206d:call   0x14006f850 | 0x140e3207c:call   0x141539660	0x140e2d2a2:cmp    BYTE PTR [rbp+0xe8],0x0 | 0x140e2d2e0:test   rax,rax | 0x140e2d2fc:test   rax,rax | 0x140e2d301:cmp    BYTE PTR [rax+0x7a],0x0 | 0x140e2d35d:cmp    r15d,0xea
reference	235	ViewDisplay	0x140e2d2a2	0x140e2d2ab:cstring:after  | 0x140e2d2c0:cstring:viewing  | 0x140e2d340:cstring:a piece | 0x140e2d34f:cstring: on display | 0x140e2d356:cstring: in a personal museum	0x140e2d2b5:call   0x14006f560 | 0x140e2d2ca:call   0x14006fa10 | 0x140e2d2d8:call   0x1400726e0 | 0x140e2d2e9:call   0x14006f690 | 0x140e2d2f7:call   0x140cb1720 | 0x140e2d30f:call   0x140a94030 | 0x140e2d323:call   0x140c65450 | 0x140e2d32f:call   0x1400b9d10 | 0x140e2d339:call   0x140067e30 | 0x140e2d34a:call   0x14006f560 | 0x140e2d36b:call   0x14006f560 | 0x140e3206d:call   0x14006f850 | 0x140e3207c:call   0x141539660	0x140e2d2a2:cmp    BYTE PTR [rbp+0xe8],0x0 | 0x140e2d2e0:test   rax,rax | 0x140e2d2fc:test   rax,rax | 0x140e2d301:cmp    BYTE PTR [rax+0x7a],0x0 | 0x140e2d35d:cmp    r15d,0xea
reference	236	AcquireArtifact	0x140e2f8de	0x140e2f8e7:cstring:after  | 0x140e2f8f6:cstring:acquiring 	0x140e2f8f1:call   0x14006f560 | 0x140e2f900:call   0x14006f560 | 0x140e2f915:call   0x140b94400 | 0x140e3206d:call   0x14006f850 | 0x140e3207c:call   0x141539660	0x140e2f8de:cmp    BYTE PTR [rbp+0xe8],0x0
reference	237	DenySanctuary	0x140e312c5	0x140e312ce:cstring:after  | 0x140e312dd:cstring:a child was turned away from sanctuary	0x140e312d8:call   0x14006f560 | 0x140e312e7:call   0x14006f560 | 0x140e3206d:call   0x14006f850 | 0x140e3207c:call   0x141539660	0x140e312c5:cmp    BYTE PTR [rbp+0xe8],0x0
reference	238	CaughtSneaking	0x140e2c936	0x140e2c93f:cstring:after  | 0x140e2c94e:cstring:being caught sneaking	0x140e2c949:call   0x14006f560 | 0x140e2c958:call   0x14006f560 | 0x140e3206d:call   0x14006f850 | 0x140e3207c:call   0x141539660	0x140e2c936:cmp    BYTE PTR [rbp+0xe8],0x0
reference	239	GaveArtifact	0x140e2f89d	0x140e2f8a6:cstring:after  | 0x140e2f8ca:cstring: was given away	0x140e2f8b0:call   0x14006f560 | 0x140e2f8c5:call   0x140b94400 | 0x140e2f8d4:call   0x14006f560 | 0x140e3206d:call   0x14006f850 | 0x140e3207c:call   0x141539660	0x140e2f89d:cmp    BYTE PTR [rbp+0xe8],0x0
reference	240	SawDeadBody	0x140e2c6cd	0x140e2c6d6:cstring:after  | 0x140e2c6eb:cstring:seeing  | 0x140e2c74f:cstring:the  | 0x140e2c78a:cstring:  | 0x140e2c7e2:cstring: dead body | 0x140e2c7ff:cstring:a  | 0x140e2c836:cstring:'s | 0x140e2c84f:cstring: dead body | 0x140e2c866:cstring:somebody's | 0x140e2c872:cstring: dead body	0x140e2c6e0:call   0x14006f560 | 0x140e2c6f5:call   0x14006fa10 | 0x140e2c703:call   0x1400b9dc0 | 0x140e2c727:call   0x140067dc0 | 0x140e2c73c:call   0x14006f690 | 0x140e2c759:call   0x14006f560 | 0x140e2c762:call   0x14006f690 | 0x140e2c779:call   0x140aa3bd0 | 0x140e2c785:call   0x1400b9d10 | 0x140e2c794:call   0x14006f560 | 0x140e2c79e:call   0x140067e30 | 0x140e2c7a8:call   0x140072080 | 0x140e2c7d3:call   0x140b92af0 | 0x140e2c7dd:call   0x140067e30 | 0x140e2c7ec:call   0x14006f560 | 0x140e2c806:call   0x14006f560 | 0x140e2c80f:call   0x14006f690 | 0x140e2c825:call   0x140aa3bd0 | 0x140e2c831:call   0x1400b9d10 | 0x140e2c840:call   0x14006f560 | 0x140e2c84a:call   0x140067e30 | 0x140e2c859:call   0x14006f560 | 0x140e2c86d:call   0x14006f560 | 0x140e2c87c:call   0x14006f560 | 0x140e3206d:call   0x14006f850 | 0x140e3207c:call   0x141539660	0x140e2c6cd:cmp    BYTE PTR [rbp+0xe8],0x0 | 0x140e2c70b:test   rax,rax | 0x140e2c717:cmp    edx,0xffffffff | 0x140e2c72f:test   rax,rax | 0x140e2c747:cmp    ecx,DWORD PTR [rsi+0xa4] | 0x140e2c7f9:cmp    DWORD PTR [rdi+0x58],0xffffffff
reference	241	Expelled	0x140e312f1	0x140e312fa:cstring:after  | 0x140e31309:cstring:being expelled	0x140e31304:call   0x14006f560 | 0x140e31313:call   0x14006f560 | 0x140e3206d:call   0x14006f850 | 0x140e3207c:call   0x141539660	0x140e312f1:cmp    BYTE PTR [rbp+0xe8],0x0
reference	242	RelativeExpelled	0x140e3131d	0x140e31326:cstring:after  | 0x140e31347:cstring:your | 0x140e3138b:cstring:  | 0x140e313c2:cstring: was expelled	0x140e31330:call   0x14006f560 | 0x140e31351:call   0x14006f560 | 0x140e3135c:call   0x14006f690 | 0x140e31370:call   0x140aa4850 | 0x140e3137c:call   0x1400b9d10 | 0x140e31386:call   0x140067e30 | 0x140e31395:call   0x14006f560 | 0x140e3139e:call   0x14006f690 | 0x140e313b1:call   0x14075a580 | 0x140e313bd:call   0x1400b9d10 | 0x140e313cc:call   0x14006f560 | 0x140e313d6:call   0x140067e30 | 0x140e3206d:call   0x14006f850 | 0x140e3207c:call   0x141539660	0x140e3131d:cmp    BYTE PTR [rbp+0xe8],0x0 | 0x140e31335:cmp    DWORD PTR [rip+0xa6af5c],0x1 | 0x140e3133e:cmp    rsi,QWORD PTR [rip+0x15b3dcb]
reference	243	PromisedVampireImmortality	0x140e31ee9	0x140e31ef2:cstring:after  | 0x140e31f07:cstring:preying on the blood of civilized creatures	0x140e31efc:call   0x14006f560 | 0x140e32063:call   0x14006fa10 | 0x140e3206d:call   0x14006f850 | 0x140e3207c:call   0x141539660	0x140e31ee9:cmp    BYTE PTR [rbp+0xe8],0x0
reference	244	PromisedNecroImmortality	0x140e31f17	0x140e31f1d:cstring:being unnaturally ageless	0x140e32063:call   0x14006fa10 | 0x140e3206d:call   0x14006f850 | 0x140e3207c:call   0x141539660	
reference	245	SiteLecture	0x140e31f2d	0x140e31f36:cstring:after  | 0x140e31f4b:cstring:a scholarly lecture in 	0x140e31f40:call   0x14006f560 | 0x140e31f55:call   0x14006fa10 | 0x140e31f6a:call   0x140b93930 | 0x140e3206d:call   0x14006f850 | 0x140e3207c:call   0x141539660	0x140e31f2d:cmp    BYTE PTR [rbp+0xe8],0x0
reference	246	SitePerformance	0x140e31f74	0x140e31f7d:cstring:after  | 0x140e31f92:cstring:a performance in 	0x140e31f55:call   0x14006fa10 | 0x140e31f6a:call   0x140b93930 | 0x140e31f87:call   0x14006f560 | 0x140e3206d:call   0x14006f850 | 0x140e3207c:call   0x141539660	0x140e31f74:cmp    BYTE PTR [rbp+0xe8],0x0
reference	247	AcceptedBribe	0x140e31f9b	0x140e31fa4:cstring:after  | 0x140e31fb9:cstring:accepting bribes in exchange for leniency	0x140e31fae:call   0x14006f560 | 0x140e32063:call   0x14006fa10 | 0x140e3206d:call   0x14006f850 | 0x140e3207c:call   0x141539660	0x140e31f9b:cmp    BYTE PTR [rbp+0xe8],0x0
reference	248	EmbezzledFunds	0x140e31fc5	0x140e31fce:cstring:after  | 0x140e31fe3:cstring:embezzling funds	0x140e31fd8:call   0x14006f560 | 0x140e32063:call   0x14006fa10 | 0x140e3206d:call   0x14006f850 | 0x140e3207c:call   0x141539660	0x140e31fc5:cmp    BYTE PTR [rbp+0xe8],0x0
reference	249	CutOfCorruptFunds	0x140e31fec	0x140e31ff5:cstring:after  | 0x140e3200a:cstring:receiving a cut of corruptly-obtained funds	0x140e31fff:call   0x14006f560 | 0x140e32063:call   0x14006fa10 | 0x140e3206d:call   0x14006f850 | 0x140e3207c:call   0x141539660	0x140e31fec:cmp    BYTE PTR [rbp+0xe8],0x0
reference	250	Abducted	0x140e31e57	0x140e31e60:cstring:after  | 0x140e31e75:cstring:abducting somebody	0x140e31e6a:call   0x14006f560 | 0x140e32063:call   0x14006fa10 | 0x140e3206d:call   0x14006f850 | 0x140e3207c:call   0x141539660	0x140e31e57:cmp    BYTE PTR [rbp+0xe8],0x0
reference	251	FromAfar	0x140e32013	0x140e3201f:cstring:from afar | 0x140e3202d:cstring:being far away	0x140e32026:call   0x14006f560 | 0x140e32034:call   0x14006f560 | 0x140e3206d:call   0x14006f850 | 0x140e3207c:call   0x141539660	0x140e32016:cmp    BYTE PTR [rbp+0xe8],0x0
reference	252	AcceptedTemplePetition	0x140e2e71f	0x140e2e728:cstring:after  | 0x140e2e73d:cstring:the acceptance of a petition for a temple for 	0x140e2e700:call   0x14006fa10 | 0x140e2e715:call   0x140b92900 | 0x140e2e732:call   0x14006f560 | 0x140e3206d:call   0x14006f850 | 0x140e3207c:call   0x141539660	0x140e2e71f:cmp    BYTE PTR [rbp+0xe8],0x0
reference	253	EstablishedTemple	0x140e2e6d8	0x140e2e6e1:cstring:after  | 0x140e2e6f6:cstring:the establishment of a temple for 	0x140e2e6eb:call   0x14006f560 | 0x140e2e700:call   0x14006fa10 | 0x140e2e715:call   0x140b92900 | 0x140e3206d:call   0x14006f850 | 0x140e3207c:call   0x141539660	0x140e2e6d8:cmp    BYTE PTR [rbp+0xe8],0x0
reference	254	RejectedTemplePetition	0x140e2e813	0x140e2e81c:cstring:after  | 0x140e2e82b:cstring:the rejection of a petition for a temple for 	0x140e2e715:call   0x140b92900 | 0x140e2e826:call   0x14006f560 | 0x140e2e835:call   0x14006f560 | 0x140e3206d:call   0x14006f850 | 0x140e3207c:call   0x141539660	0x140e2e813:cmp    BYTE PTR [rbp+0xe8],0x0
reference	255	IgnoredTemplePetition	0x140e2e83f	0x140e2e84b:cstring:after  | 0x140e2e857:cstring:a petition for a temple for  | 0x140e2e87b:cstring: was ignored | 0x140e2e88f:cstring:a petition for a temple for  | 0x140e2e8b0:cstring: being ignored	0x140e2e852:call   0x14006f560 | 0x140e2e861:call   0x14006f560 | 0x140e2e876:call   0x140b92900 | 0x140e2e885:call   0x14006f560 | 0x140e2e896:call   0x14006f560 | 0x140e2e8ab:call   0x140b92900 | 0x140e2e8ba:call   0x14006f560 | 0x140e3206d:call   0x14006f850 | 0x140e3207c:call   0x141539660	0x140e2e842:cmp    BYTE PTR [rbp+0xe8],0x0
reference	256	AbandonedTemplePetition	0x140e2e8c4	0x140e2e8d0:cstring:after  | 0x140e2e8dc:cstring:an agreement to construct a temple for  | 0x140e2e900:cstring: was abandoned | 0x140e2e914:cstring:an agreement to construct a temple for  | 0x140e2e935:cstring: being abandoned	0x140e2e8d7:call   0x14006f560 | 0x140e2e8e6:call   0x14006f560 | 0x140e2e8fb:call   0x140b92900 | 0x140e2e90a:call   0x14006f560 | 0x140e2e91b:call   0x14006f560 | 0x140e2e930:call   0x140b92900 | 0x140e2e93f:call   0x14006f560 | 0x140e3206d:call   0x14006f850 | 0x140e3207c:call   0x141539660	0x140e2e8c7:cmp    BYTE PTR [rbp+0xe8],0x0
reference	257	DeferredToSuperior	0x140e32069		0x140e3206d:call   0x14006f850 | 0x140e3207c:call   0x141539660	
reference	258	AcceptedGuildhallPetition	0x140e2e76d	0x140e2e776:cstring:after  | 0x140e2e78b:cstring:the acceptance of a petition for a guildhall for 	0x140e2e700:call   0x14006fa10 | 0x140e2e715:call   0x140b92900 | 0x140e2e780:call   0x14006f560 | 0x140e3206d:call   0x14006f850 | 0x140e3207c:call   0x141539660	0x140e2e76d:cmp    BYTE PTR [rbp+0xe8],0x0
reference	259	EstablishedGuildhallRecognition	0x140e2e746	0x140e2e74f:cstring:after  | 0x140e2e764:cstring:the establishment of a guildhall for 	0x140e2e700:call   0x14006fa10 | 0x140e2e715:call   0x140b92900 | 0x140e2e759:call   0x14006f560 | 0x140e3206d:call   0x14006f850 | 0x140e3207c:call   0x141539660	0x140e2e746:cmp    BYTE PTR [rbp+0xe8],0x0
reference	260	RejectedGuildhallPetition	0x140e2e949	0x140e2e952:cstring:after  | 0x140e2e961:cstring:the rejection of a petition for a guildhall for 	0x140e2e715:call   0x140b92900 | 0x140e2e95c:call   0x14006f560 | 0x140e2e96b:call   0x14006f560 | 0x140e3206d:call   0x14006f850 | 0x140e3207c:call   0x141539660	0x140e2e949:cmp    BYTE PTR [rbp+0xe8],0x0
reference	261	IgnoredGuildhallPetition	0x140e2e975	0x140e2e87b:cstring: was ignored | 0x140e2e8b0:cstring: being ignored | 0x140e2e981:cstring:after  | 0x140e2e98d:cstring:a petition for a guildhall for  | 0x140e2e999:cstring:a petition for a guildhall for 	0x140e2e861:call   0x14006f560 | 0x140e2e876:call   0x140b92900 | 0x140e2e885:call   0x14006f560 | 0x140e2e896:call   0x14006f560 | 0x140e2e8ab:call   0x140b92900 | 0x140e2e8ba:call   0x14006f560 | 0x140e2e988:call   0x14006f560 | 0x140e3206d:call   0x14006f850 | 0x140e3207c:call   0x141539660	0x140e2e978:cmp    BYTE PTR [rbp+0xe8],0x0
reference	262	AbandonedGuildhallAgreement	0x140e2e9a5	0x140e2e900:cstring: was abandoned | 0x140e2e9b1:cstring:after  | 0x140e2e9bd:cstring:an agreement to construct a guildhall for  | 0x140e2e9c9:cstring:an agreement to construct a guildhall for  | 0x140e2e9ea:cstring: being abandoned	0x140e2e8e6:call   0x14006f560 | 0x140e2e8fb:call   0x140b92900 | 0x140e2e90a:call   0x14006f560 | 0x140e2e9b8:call   0x14006f560 | 0x140e2e9d0:call   0x14006f560 | 0x140e2e9e5:call   0x140b92900 | 0x140e2e9f4:call   0x14006f560 | 0x140e3206d:call   0x14006f850 | 0x140e3207c:call   0x141539660	0x140e2e9a8:cmp    BYTE PTR [rbp+0xe8],0x0
reference	263	InfiltrationMission	0x140e3203b	0x140e32044:cstring:during  | 0x140e32053:cstring:an infiltration mission	0x140e3204e:call   0x14006f560 | 0x140e32063:call   0x14006fa10 | 0x140e3206d:call   0x14006f850 | 0x140e3207c:call   0x141539660	0x140e3203b:cmp    BYTE PTR [rbp+0xe8],0x0
reference	264	BreakUp	0x140e2cb92	0x140e2cb9b:cstring:after  | 0x140e2cbaa:cstring:a break up	0x140e2cba5:call   0x14006f560 | 0x140e2cbb4:call   0x14006f560 | 0x140e3206d:call   0x14006f850 | 0x140e3207c:call   0x141539660	0x140e2cb92:cmp    BYTE PTR [rbp+0xe8],0x0
reference	265	Divorce	0x140e2cbbe	0x140e2cbc7:cstring:after  | 0x140e2cbd6:cstring:getting divorced	0x140e2cbd1:call   0x14006f560 | 0x140e2cbe0:call   0x14006f560 | 0x140e3206d:call   0x14006f850 | 0x140e3207c:call   0x141539660	0x140e2cbbe:cmp    BYTE PTR [rbp+0xe8],0x0
reference	266	ActivePreacherPerformance	0x140e32069		0x140e3206d:call   0x14006f850 | 0x140e3207c:call   0x141539660	
reference	267	ActiveSermonWorship	0x140e32069		0x140e3206d:call   0x14006f850 | 0x140e3207c:call   0x141539660	
reference	268	ActiveSermonSphere	0x140e32069		0x140e3206d:call   0x14006f850 | 0x140e3207c:call   0x141539660	
reference	269	ActiveSermonPromoteValue	0x140e32069		0x140e3206d:call   0x14006f850 | 0x140e3207c:call   0x141539660	
reference	270	ActiveSermonRefuseValue	0x140e32069		0x140e3206d:call   0x14006f850 | 0x140e3207c:call   0x141539660	
reference	271	IntellectualDiscussion	0x140e309cd	0x140e309e8:cstring:having an intellectual discussion with the spouse | 0x140e309fc:cstring:having an intellectual discussion with a lover | 0x140e30a10:cstring:having an intellectual discussion with a sibling | 0x140e30a24:cstring:having an intellectual discussion with mother | 0x140e30a38:cstring:having an intellectual discussion with father | 0x140e30a4c:cstring:having an intellectual discussion with a child | 0x140e30a60:cstring:having an intellectual discussion with a friend | 0x140e30a74:cstring:having an intellectual discussion with an acquaintance | 0x140e30a88:cstring:having an intellectual discussion with somebody	0x140e309f2:call   0x14006f560 | 0x140e30a06:call   0x14006f560 | 0x140e30a1a:call   0x14006f560 | 0x140e30a2e:call   0x14006f560 | 0x140e30a42:call   0x14006f560 | 0x140e30a56:call   0x14006f560 | 0x140e30a6a:call   0x14006f560 | 0x140e30a7e:call   0x14006f560 | 0x140e30a92:call   0x14006f560 | 0x140e3206d:call   0x14006f850 | 0x140e3207c:call   0x141539660	0x140e309cf:cmp    edi,0x10
reference	272	SharePersonalInsight	0x140e30a9c	0x140e30ab7:cstring:sharing a personal insight with the spouse | 0x140e30acb:cstring:sharing a personal insight with a lover | 0x140e30adf:cstring:sharing a personal insight with a sibling | 0x140e30af3:cstring:sharing a personal insight with mother | 0x140e30b07:cstring:sharing a personal insight with father | 0x140e30b1b:cstring:sharing a personal insight with a child | 0x140e30b2f:cstring:sharing a personal insight with a friend | 0x140e30b43:cstring:sharing a personal insight with an acquaintance | 0x140e30b57:cstring:sharing a personal insight with somebody	0x140e30ac1:call   0x14006f560 | 0x140e30ad5:call   0x14006f560 | 0x140e30ae9:call   0x14006f560 | 0x140e30afd:call   0x14006f560 | 0x140e30b11:call   0x14006f560 | 0x140e30b25:call   0x14006f560 | 0x140e30b39:call   0x14006f560 | 0x140e30b4d:call   0x14006f560 | 0x140e30b61:call   0x14006f560 | 0x140e3206d:call   0x14006f850 | 0x140e3207c:call   0x141539660	0x140e30a9e:cmp    edi,0x10
reference	273	ShareOthersPersonalInsight	0x140e30b6b	0x140e30b86:cstring:sharing one of the spouse's personal insight | 0x140e30b9a:cstring:sharing a lover's personal insight | 0x140e30bae:cstring:sharing a sibling's personal insight | 0x140e30bc2:cstring:sharing one of mother's personal insight | 0x140e30bd6:cstring:sharing one of father's personal insight | 0x140e30bea:cstring:sharing a child's personal insight | 0x140e30bfe:cstring:sharing a friend's personal insight | 0x140e30c12:cstring:sharing an acquaintance's personal insight | 0x140e30c26:cstring:sharing somebody's personal insight	0x140e30b90:call   0x14006f560 | 0x140e30ba4:call   0x14006f560 | 0x140e30bb8:call   0x14006f560 | 0x140e30bcc:call   0x14006f560 | 0x140e30be0:call   0x14006f560 | 0x140e30bf4:call   0x14006f560 | 0x140e30c08:call   0x14006f560 | 0x140e30c1c:call   0x14006f560 | 0x140e30c30:call   0x14006f560 | 0x140e3206d:call   0x14006f850 | 0x140e3207c:call   0x141539660	0x140e30b6d:cmp    edi,0x10
reference	274	DiscussProblems	0x140e30c3a	0x140e30c3a:cstring:discussing  | 0x140e30c5b:cstring:your | 0x140e30c9f:cstring: problems with  | 0x140e30cc9:cstring:the spouse | 0x140e30cdd:cstring:a lover | 0x140e30cf1:cstring:a sibling | 0x140e30d05:cstring:mother | 0x140e30d19:cstring:father | 0x140e30d2d:cstring:a child | 0x140e30d41:cstring:a friend | 0x140e30d55:cstring:an acquaintance | 0x140e30d69:cstring:somebody	0x140e30c44:call   0x14006f560 | 0x140e30c65:call   0x14006f560 | 0x140e30c70:call   0x14006f690 | 0x140e30c84:call   0x140aa4850 | 0x140e30c90:call   0x1400b9d10 | 0x140e30c9a:call   0x140067e30 | 0x140e30ca9:call   0x14006f560 | 0x140e30cd3:call   0x14006f560 | 0x140e30ce7:call   0x14006f560 | 0x140e30cfb:call   0x14006f560 | 0x140e30d0f:call   0x14006f560 | 0x140e30d23:call   0x14006f560 | 0x140e30d37:call   0x14006f560 | 0x140e30d4b:call   0x14006f560 | 0x140e30d5f:call   0x14006f560 | 0x140e30d73:call   0x14006f560 | 0x140e3206d:call   0x14006f850 | 0x140e3207c:call   0x141539660	0x140e30c49:cmp    DWORD PTR [rip+0xa6b648],0x1 | 0x140e30c52:cmp    rsi,QWORD PTR [rip+0x15b44b7] | 0x140e30cb0:cmp    edi,0x10
reference	275	DiscussOthersProblems	0x140e30d7d	0x140e30d98:cstring:discussing the spouse's problems | 0x140e30dac:cstring:discussing a lover's problems | 0x140e30dc0:cstring:discussing a sibling's problems | 0x140e30dd4:cstring:discussing mother's problems | 0x140e30de8:cstring:discussing father's problems | 0x140e30dfc:cstring:discussing a child's problems | 0x140e30e10:cstring:discussing a friend's problems | 0x140e30e24:cstring:discussing an acquaintance's problems | 0x140e30e38:cstring:discussing somebody's problems	0x140e30da2:call   0x14006f560 | 0x140e30db6:call   0x14006f560 | 0x140e30dca:call   0x14006f560 | 0x140e30dde:call   0x14006f560 | 0x140e30df2:call   0x14006f560 | 0x140e30e06:call   0x14006f560 | 0x140e30e1a:call   0x14006f560 | 0x140e30e2e:call   0x14006f560 | 0x140e30e42:call   0x14006f560 | 0x140e3206d:call   0x14006f850 | 0x140e3207c:call   0x141539660	0x140e30d7f:cmp    edi,0x10
reference	276	PerformedRiteDedicatedTemple	0x140e31c46	0x140e31c4f:cstring:after  | 0x140e31c5e:cstring:performing the rites of  | 0x140e31c82:cstring: in a dedicated temple	0x140e31c59:call   0x14006f560 | 0x140e31c68:call   0x14006f560 | 0x140e31c7d:call   0x140b92900 | 0x140e31c8c:call   0x14006f560 | 0x140e3206d:call   0x14006f850 | 0x140e3207c:call   0x141539660	0x140e31c46:cmp    BYTE PTR [rbp+0xe8],0x0
reference	277	PerformedRiteImproperlyDedicatedTemple	0x140e31c96	0x140e31c9f:cstring:after  | 0x140e31cae:cstring:incompletely performing the rites of  | 0x140e31cd2:cstring: in an improperly dedicated temple	0x140e31ca9:call   0x14006f560 | 0x140e31cb8:call   0x14006f560 | 0x140e31ccd:call   0x140b92900 | 0x140e31cdc:call   0x14006f560 | 0x140e3206d:call   0x14006f850 | 0x140e3207c:call   0x141539660	0x140e31c96:cmp    BYTE PTR [rbp+0xe8],0x0
reference	278	PerformedRiteUndedicatedTemple	0x140e31ce6	0x140e31cef:cstring:after  | 0x140e31cfe:cstring:incompletely performing the rites of  | 0x140e31d22:cstring: in an undedicated temple	0x140e31cf9:call   0x14006f560 | 0x140e31d08:call   0x14006f560 | 0x140e31d1d:call   0x140b92900 | 0x140e31d2c:call   0x14006f560 | 0x140e3206d:call   0x14006f850 | 0x140e3207c:call   0x141539660	0x140e31ce6:cmp    BYTE PTR [rbp+0xe8],0x0
reference	279	PrayedDedicatedTemple	0x140e31d36	0x140e31d3f:cstring:after  | 0x140e31d4e:cstring:communing with  | 0x140e31d90:cstring: in a dedicated temple	0x140e31d49:call   0x14006f560 | 0x140e31d58:call   0x14006f560 | 0x140e31d62:call   0x140072080 | 0x140e31d8b:call   0x140b92f10 | 0x140e31d9a:call   0x14006f560 | 0x140e3206d:call   0x14006f850 | 0x140e3207c:call   0x141539660	0x140e31d36:cmp    BYTE PTR [rbp+0xe8],0x0
reference	280	DefendedSiteAgainstInvaders	0x140e30563	0x140e3056c:cstring:after  | 0x140e3057b:cstring:the forces of  | 0x140e3059f:cstring: were defeated at 	0x140e30576:call   0x14006f560 | 0x140e30585:call   0x14006f560 | 0x140e3059a:call   0x140b92900 | 0x140e305a9:call   0x14006f560 | 0x140e305c2:call   0x140b93930 | 0x140e3206d:call   0x14006f850 | 0x140e3207c:call   0x141539660	0x140e30563:cmp    BYTE PTR [rbp+0xe8],0x0
classic	0	Conflict	0x140e27441	0x140e2744a:cstring:while in  | 0x140e2745f:cstring:conflict	0x140e27454:call   0x14006f4f0 | 0x140e2cfd3:call   0x14006f9a0 | 0x140e2cfdd:call   0x14006f7e0 | 0x140e2cfec:call   0x1415345d0	0x140e27441:cmp    BYTE PTR [rbp+0xe8],0x0
classic	1	Trauma	0x140e2746b	0x140e27474:cstring:after  | 0x140e27489:cstring:experiencing trauma	0x140e2747e:call   0x14006f4f0 | 0x140e2cfd3:call   0x14006f9a0 | 0x140e2cfdd:call   0x14006f7e0 | 0x140e2cfec:call   0x1415345d0	0x140e2746b:cmp    BYTE PTR [rbp+0xe8],0x0
classic	2	WitnessDeath	0x140e27495	0x140e2749e:cstring:after  | 0x140e274b3:cstring:seeing  | 0x140e27517:cstring:the  | 0x140e27552:cstring:  | 0x140e275b4:cstring: die | 0x140e275c9:cstring:a  | 0x140e27610:cstring: die | 0x140e2761f:cstring:somebody | 0x140e27631:cstring: die	0x140e274a8:call   0x14006f4f0 | 0x140e274bd:call   0x14006f9a0 | 0x140e274cb:call   0x1400b9d50 | 0x140e274ef:call   0x140067d50 | 0x140e27504:call   0x14006f620 | 0x140e27521:call   0x14006f4f0 | 0x140e2752a:call   0x14006f620 | 0x140e27541:call   0x140aa0c50 | 0x140e2754d:call   0x1400b9ca0 | 0x140e2755c:call   0x14006f4f0 | 0x140e27566:call   0x140067dc0 | 0x140e27570:call   0x140072010 | 0x140e2759f:call   0x140b8fb30 | 0x140e275a9:call   0x140067dc0 | 0x140e275d0:call   0x14006f4f0 | 0x140e275d9:call   0x14006f620 | 0x140e275ef:call   0x140aa0c50 | 0x140e275fb:call   0x1400b9ca0 | 0x140e27605:call   0x140067dc0 | 0x140e27626:call   0x14006f4f0 | 0x140e2cfd3:call   0x14006f9a0 | 0x140e2cfdd:call   0x14006f7e0 | 0x140e2cfec:call   0x1415345d0	0x140e27495:cmp    BYTE PTR [rbp+0xe8],0x0 | 0x140e274d3:test   rax,rax | 0x140e274df:cmp    edx,0xffffffff | 0x140e274f7:test   rax,rax | 0x140e2750f:cmp    ecx,DWORD PTR [rsi+0xa4] | 0x140e275c3:cmp    DWORD PTR [rdi+0x58],0xffffffff
classic	3	UnexpectedDeath	0x140e277f6	0x140e277ff:cstring:at  | 0x140e2780e:cstring:the unexpected death of somebody	0x140e27809:call   0x14006f4f0 | 0x140e27818:call   0x14006f4f0 | 0x140e2cfdd:call   0x14006f7e0 | 0x140e2cfec:call   0x1415345d0	0x140e277f6:cmp    BYTE PTR [rbp+0xe8],0x0
classic	4	Death	0x140e27822	0x140e2782b:cstring:at  | 0x140e2783a:cstring:somebody's death	0x140e27835:call   0x14006f4f0 | 0x140e27844:call   0x14006f4f0 | 0x140e2cfdd:call   0x14006f7e0 | 0x140e2cfec:call   0x1415345d0	0x140e27822:cmp    BYTE PTR [rbp+0xe8],0x0
classic	5	Kill	0x140e2784e	0x140e27857:cstring:while  | 0x140e27866:cstring:killing somebody	0x140e27861:call   0x14006f4f0 | 0x140e27870:call   0x14006f4f0 | 0x140e2cfdd:call   0x14006f7e0 | 0x140e2cfec:call   0x1415345d0	0x140e2784e:cmp    BYTE PTR [rbp+0xe8],0x0
classic	6	LoveSeparated	0x140e2cfd9		0x140e2cfdd:call   0x14006f7e0 | 0x140e2cfec:call   0x1415345d0	
classic	7	LoveReunited	0x140e2787a	0x140e27883:cstring:after  | 0x140e27892:cstring:being reunited with a loved one	0x140e2788d:call   0x14006f4f0 | 0x140e2789c:call   0x14006f4f0 | 0x140e2cfdd:call   0x14006f7e0 | 0x140e2cfec:call   0x1415345d0	0x140e2787a:cmp    BYTE PTR [rbp+0xe8],0x0
classic	8	JoinConflict	0x140e278d2	0x140e278db:cstring:when  | 0x140e278ea:cstring:joining an existing conflict	0x140e278e5:call   0x14006f4f0 | 0x140e278f4:call   0x14006f4f0 | 0x140e2cfdd:call   0x14006f7e0 | 0x140e2cfec:call   0x1415345d0	0x140e278d2:cmp    BYTE PTR [rbp+0xe8],0x0
classic	9	MakeMasterwork	0x140e279e8	0x140e279f1:cstring:after  | 0x140e27a00:cstring:producing a masterwork	0x140e279fb:call   0x14006f4f0 | 0x140e27a0a:call   0x14006f4f0 | 0x140e2cfdd:call   0x14006f7e0 | 0x140e2cfec:call   0x1415345d0	0x140e279e8:cmp    BYTE PTR [rbp+0xe8],0x0
classic	10	MadeArtifact	0x140e27a14	0x140e27a1d:cstring:after  | 0x140e27a2c:cstring:creating an artifact	0x140e27a27:call   0x14006f4f0 | 0x140e27a36:call   0x14006f4f0 | 0x140e2cfdd:call   0x14006f7e0 | 0x140e2cfec:call   0x1415345d0	0x140e27a14:cmp    BYTE PTR [rbp+0xe8],0x0
classic	11	MasterSkill	0x140e27aa1	0x140e27aaa:cstring:upon  | 0x140e27ab9:cstring:mastering 	0x140e27ab4:call   0x14006f4f0 | 0x140e27ac3:call   0x14006f4f0 | 0x140e27acc:call   0x14006f620 | 0x140e27ad9:call   0x1407713b0 | 0x140e27ae2:call   0x14052aaa0 | 0x140e27aee:call   0x1400b9ca0 | 0x140e27af8:call   0x140067dc0 | 0x140e2cfdd:call   0x14006f7e0 | 0x140e2cfec:call   0x1415345d0	0x140e27aa1:cmp    BYTE PTR [rbp+0xe8],0x0
classic	12	NewRomance	0x140e27b5a	0x140e27b67:cstring:as  | 0x140e27b88:cstring:you were | 0x140e27bc2:cstring: was | 0x140e27bdb:cstring: caught up in  | 0x140e27bea:cstring:a new romance	0x140e27b71:call   0x14006f4f0 | 0x140e27b92:call   0x14006f4f0 | 0x140e27b9d:call   0x14006f620 | 0x140e27bb1:call   0x140aa17b0 | 0x140e27bbd:call   0x1400b9ca0 | 0x140e27bcc:call   0x14006f4f0 | 0x140e27bd6:call   0x140067dc0 | 0x140e27be5:call   0x14006f4f0 | 0x140e27bf4:call   0x14006f4f0 | 0x140e2cfdd:call   0x14006f7e0 | 0x140e2cfec:call   0x1415345d0	0x140e27b5a:cmp    BYTE PTR [rbp+0xe8],0x0 | 0x140e27b76:cmp    DWORD PTR [rip+0xa6e6eb],0x1 | 0x140e27b7f:cmp    rsi,QWORD PTR [rip+0x15b747a]
classic	13	BecomeParent	0x140e27d28	0x140e27d31:cstring:after  | 0x140e27d40:cstring:becoming a parent	0x140e27d3b:call   0x14006f4f0 | 0x140e27d4a:call   0x14006f4f0 | 0x140e2cfdd:call   0x14006f7e0 | 0x140e2cfec:call   0x1415345d0	0x140e27d28:cmp    BYTE PTR [rbp+0xe8],0x0
classic	14	NearConflict	0x140e27d54	0x140e27d54:cstring:being near to a conflict	0x140e27d5e:call   0x14006f4f0 | 0x140e2cfdd:call   0x14006f7e0 | 0x140e2cfec:call   0x1415345d0	
classic	15	CancelAgreement	0x140e27d68	0x140e27d71:cstring:after  | 0x140e27d80:cstring:an agreement was cancelled	0x140e27d7b:call   0x14006f4f0 | 0x140e27d8a:call   0x14006f4f0 | 0x140e2cfdd:call   0x14006f7e0 | 0x140e2cfec:call   0x1415345d0	0x140e27d68:cmp    BYTE PTR [rbp+0xe8],0x0
classic	16	JoinTravel	0x140e27d94	0x140e27d9d:cstring:upon  | 0x140e27dac:cstring:joining a traveling group	0x140e27da7:call   0x14006f4f0 | 0x140e27db6:call   0x14006f4f0 | 0x140e2cfdd:call   0x14006f7e0 | 0x140e2cfec:call   0x1415345d0	0x140e27d94:cmp    BYTE PTR [rbp+0xe8],0x0
classic	17	SiteControlled	0x140e27dc0	0x140e27dc9:cstring:after  | 0x140e27dd8:cstring:a site was controlled	0x140e27dd3:call   0x14006f4f0 | 0x140e27de2:call   0x14006f4f0 | 0x140e2cfdd:call   0x14006f7e0 | 0x140e2cfec:call   0x1415345d0	0x140e27dc0:cmp    BYTE PTR [rbp+0xe8],0x0
classic	18	TributeCancel	0x140e27dec	0x140e27df5:cstring:after  | 0x140e27e04:cstring:a tribute cancellation	0x140e27dff:call   0x14006f4f0 | 0x140e27e0e:call   0x14006f4f0 | 0x140e2cfdd:call   0x14006f7e0 | 0x140e2cfec:call   0x1415345d0	0x140e27dec:cmp    BYTE PTR [rbp+0xe8],0x0
classic	19	Incident	0x140e27e18	0x140e27e21:cstring:after  | 0x140e27e30:cstring:an incident	0x140e27e2b:call   0x14006f4f0 | 0x140e27e3a:call   0x14006f4f0 | 0x140e2cfdd:call   0x14006f7e0 | 0x140e2cfec:call   0x1415345d0	0x140e27e18:cmp    BYTE PTR [rbp+0xe8],0x0
classic	20	HearRumor	0x140e27e44	0x140e27e4d:cstring:after  | 0x140e27e5c:cstring:hearing a rumor	0x140e27e57:call   0x14006f4f0 | 0x140e27e66:call   0x14006f4f0 | 0x140e2cfdd:call   0x14006f7e0 | 0x140e2cfec:call   0x1415345d0	0x140e27e44:cmp    BYTE PTR [rbp+0xe8],0x0
classic	21	MilitaryRemoved	0x140e27ec8	0x140e27ed1:cstring:after  | 0x140e27ee0:cstring:being removed from a military group	0x140e27edb:call   0x14006f4f0 | 0x140e27eea:call   0x14006f4f0 | 0x140e2cfdd:call   0x14006f7e0 | 0x140e2cfec:call   0x1415345d0	0x140e27ec8:cmp    BYTE PTR [rbp+0xe8],0x0
classic	22	StrangerWeapon	0x140e27ef4	0x140e27ef4:cstring:when a stranger advanced with a weapon	0x140e27efe:call   0x14006f4f0 | 0x140e2cfdd:call   0x14006f7e0 | 0x140e2cfec:call   0x1415345d0	
classic	23	StrangerSneaking	0x140e27f08	0x140e27f11:cstring:after  | 0x140e27f20:cstring:seeing a stranger sneaking around	0x140e27f1b:call   0x14006f4f0 | 0x140e27f2a:call   0x14006f4f0 | 0x140e2cfdd:call   0x14006f7e0 | 0x140e2cfec:call   0x1415345d0	0x140e27f08:cmp    BYTE PTR [rbp+0xe8],0x0
classic	24	SawDrinkBlood	0x140e27f34	0x140e27f3d:cstring:after  | 0x140e27f4c:cstring:witnessing a night creature drinking blood	0x140e27f47:call   0x14006f4f0 | 0x140e27f56:call   0x14006f4f0 | 0x140e2cfdd:call   0x14006f7e0 | 0x140e2cfec:call   0x1415345d0	0x140e27f34:cmp    BYTE PTR [rbp+0xe8],0x0
classic	25	Complained	0x140e27f60	0x140e27f8e:cstring:after  | 0x140e27f9d:cstring:petitioning for citizenship | 0x140e27fba:cstring:after  | 0x140e27fc9:cstring:bringing up job scarcity in a meeting | 0x140e27fe6:cstring:after  | 0x140e27ff5:cstring:making suggestions about work allocations | 0x140e28012:cstring:after  | 0x140e28021:cstring:requesting weapon production | 0x140e2803e:cstring:while  | 0x140e2804d:cstring:yelling at a priest | 0x140e2806a:cstring:while  | 0x140e28079:cstring:crying on a priest | 0x140e28096:cstring:while  | 0x140e280a5:cstring:yelling at somebody in charge | 0x140e280c2:cstring:while  | 0x140e280d1:cstring:crying on somebody in charge | 0x140e280ee:cstring:after  | 0x140e280fd:cstring:telling somebody about being trapped here	0x140e27f98:call   0x14006f4f0 | 0x140e27fa7:call   0x14006f4f0 | 0x140e27fc4:call   0x14006f4f0 | 0x140e27fd3:call   0x14006f4f0 | 0x140e27ff0:call   0x14006f4f0 | 0x140e27fff:call   0x14006f4f0 | 0x140e2801c:call   0x14006f4f0 | 0x140e2802b:call   0x14006f4f0 | 0x140e28048:call   0x14006f4f0 | 0x140e28057:call   0x14006f4f0 | 0x140e28074:call   0x14006f4f0 | 0x140e28083:call   0x14006f4f0 | 0x140e280a0:call   0x14006f4f0 | 0x140e280af:call   0x14006f4f0 | 0x140e280cc:call   0x14006f4f0 | 0x140e280db:call   0x14006f4f0 | 0x140e280f8:call   0x14006f4f0 | 0x140e28107:call   0x14006f4f0 | 0x140e2cfdd:call   0x14006f7e0 | 0x140e2cfec:call   0x1415345d0	0x140e27f63:cmp    edi,0x44 | 0x140e27f85:cmp    BYTE PTR [rbp+0xe8],0x0 | 0x140e27fb1:cmp    BYTE PTR [rbp+0xe8],0x0 | 0x140e27fdd:cmp    BYTE PTR [rbp+0xe8],0x0 | 0x140e28009:cmp    BYTE PTR [rbp+0xe8],0x0 | 0x140e28035:cmp    BYTE PTR [rbp+0xe8],0x0 | 0x140e28061:cmp    BYTE PTR [rbp+0xe8],0x0 | 0x140e2808d:cmp    BYTE PTR [rbp+0xe8],0x0 | 0x140e280b9:cmp    BYTE PTR [rbp+0xe8],0x0 | 0x140e280e5:cmp    BYTE PTR [rbp+0xe8],0x0
classic	26	ReceivedComplaint	0x140e28111	0x140e2813f:cstring:while  | 0x140e2814e:cstring:being cried on by an unhappy worshipper | 0x140e2816b:cstring:while  | 0x140e2817a:cstring:being yelled at by an unhappy worshipper | 0x140e28197:cstring:after  | 0x140e281a6:cstring:hearing somebody was being prevented from leaving | 0x140e281c3:cstring:while  | 0x140e281d2:cstring:being cried on by an unhappy citizen | 0x140e281ef:cstring:while  | 0x140e281fe:cstring:being yelled at by an unhappy citizen	0x140e28149:call   0x14006f4f0 | 0x140e28158:call   0x14006f4f0 | 0x140e28175:call   0x14006f4f0 | 0x140e28184:call   0x14006f4f0 | 0x140e281a1:call   0x14006f4f0 | 0x140e281b0:call   0x14006f4f0 | 0x140e281cd:call   0x14006f4f0 | 0x140e281dc:call   0x14006f4f0 | 0x140e281f9:call   0x14006f4f0 | 0x140e28208:call   0x14006f4f0 | 0x140e2cfdd:call   0x14006f7e0 | 0x140e2cfec:call   0x1415345d0	0x140e2812d:cmp    edi,0x1 | 0x140e28136:cmp    BYTE PTR [rbp+0xe8],0x0 | 0x140e28162:cmp    BYTE PTR [rbp+0xe8],0x0 | 0x140e2818e:cmp    BYTE PTR [rbp+0xe8],0x0 | 0x140e281ba:cmp    BYTE PTR [rbp+0xe8],0x0 | 0x140e281e6:cmp    BYTE PTR [rbp+0xe8],0x0
classic	27	AdmireBuilding	0x140e282e5	0x140e282f4:cstring:near  | 0x140e2830e:cstring:a | 0x140e28331:cstring:your | 0x140e28389:cstring: own | 0x140e283a1:cstring:  | 0x140e283e5:cstring:completely sublime | 0x140e283f7:cstring:  | 0x140e28415:cstring:tastefully arranged  | 0x140e28454:cstring:wonderful | 0x140e2845d:cstring:splendid | 0x140e28466:cstring:very fine | 0x140e28472:cstring:fine	0x140e282fe:call   0x14006f9a0 | 0x140e28318:call   0x14006f4f0 | 0x140e2833b:call   0x14006f4f0 | 0x140e2834b:call   0x140068120 | 0x140e28354:call   0x14006fb10 | 0x140e28368:call   0x140aa18d0 | 0x140e28374:call   0x1400b9ca0 | 0x140e2837e:call   0x14006f7e0 | 0x140e28393:call   0x14006f9a0 | 0x140e283ab:call   0x14006f9a0 | 0x140e283ef:call   0x14006f4f0 | 0x140e28401:call   0x14006f9a0 | 0x140e2841f:call   0x14006f9a0 | 0x140e2843e:call   0x14054ad40 | 0x140e2844a:call   0x1400b9ca0 | 0x140e2cfdd:call   0x14006f7e0 | 0x140e2cfec:call   0x1415345d0	0x140e282e5:cmp    BYTE PTR [rbp+0xe8],0x0 | 0x140e28307:test   eax,0xfffffffd | 0x140e2831f:cmp    DWORD PTR [rip+0xa6df42],0x1 | 0x140e28328:cmp    rsi,QWORD PTR [rip+0x15b6cd1] | 0x140e283bb:cmp    ecx,0x5 | 0x140e283e0:cmp    ecx,r14d | 0x140e2840a:cmp    eax,r14d
classic	28	AdmireOwnBuilding	0x140e282e5	0x140e282f4:cstring:near  | 0x140e2830e:cstring:a | 0x140e28331:cstring:your | 0x140e28389:cstring: own | 0x140e283a1:cstring:  | 0x140e283e5:cstring:completely sublime | 0x140e283f7:cstring:  | 0x140e28415:cstring:tastefully arranged  | 0x140e28454:cstring:wonderful | 0x140e2845d:cstring:splendid | 0x140e28466:cstring:very fine | 0x140e28472:cstring:fine	0x140e282fe:call   0x14006f9a0 | 0x140e28318:call   0x14006f4f0 | 0x140e2833b:call   0x14006f4f0 | 0x140e2834b:call   0x140068120 | 0x140e28354:call   0x14006fb10 | 0x140e28368:call   0x140aa18d0 | 0x140e28374:call   0x1400b9ca0 | 0x140e2837e:call   0x14006f7e0 | 0x140e28393:call   0x14006f9a0 | 0x140e283ab:call   0x14006f9a0 | 0x140e283ef:call   0x14006f4f0 | 0x140e28401:call   0x14006f9a0 | 0x140e2841f:call   0x14006f9a0 | 0x140e2843e:call   0x14054ad40 | 0x140e2844a:call   0x1400b9ca0 | 0x140e2cfdd:call   0x14006f7e0 | 0x140e2cfec:call   0x1415345d0	0x140e282e5:cmp    BYTE PTR [rbp+0xe8],0x0 | 0x140e28307:test   eax,0xfffffffd | 0x140e2831f:cmp    DWORD PTR [rip+0xa6df42],0x1 | 0x140e28328:cmp    rsi,QWORD PTR [rip+0x15b6cd1] | 0x140e283bb:cmp    ecx,0x5 | 0x140e283e0:cmp    ecx,r14d | 0x140e2840a:cmp    eax,r14d
classic	29	AdmireArrangedBuilding	0x140e282e5	0x140e282f4:cstring:near  | 0x140e2830e:cstring:a | 0x140e28331:cstring:your | 0x140e28389:cstring: own | 0x140e283a1:cstring:  | 0x140e283e5:cstring:completely sublime | 0x140e283f7:cstring:  | 0x140e28415:cstring:tastefully arranged  | 0x140e28454:cstring:wonderful | 0x140e2845d:cstring:splendid | 0x140e28466:cstring:very fine | 0x140e28472:cstring:fine	0x140e282fe:call   0x14006f9a0 | 0x140e28318:call   0x14006f4f0 | 0x140e2833b:call   0x14006f4f0 | 0x140e2834b:call   0x140068120 | 0x140e28354:call   0x14006fb10 | 0x140e28368:call   0x140aa18d0 | 0x140e28374:call   0x1400b9ca0 | 0x140e2837e:call   0x14006f7e0 | 0x140e28393:call   0x14006f9a0 | 0x140e283ab:call   0x14006f9a0 | 0x140e283ef:call   0x14006f4f0 | 0x140e28401:call   0x14006f9a0 | 0x140e2841f:call   0x14006f9a0 | 0x140e2843e:call   0x14054ad40 | 0x140e2844a:call   0x1400b9ca0 | 0x140e2cfdd:call   0x14006f7e0 | 0x140e2cfec:call   0x1415345d0	0x140e282e5:cmp    BYTE PTR [rbp+0xe8],0x0 | 0x140e28307:test   eax,0xfffffffd | 0x140e2831f:cmp    DWORD PTR [rip+0xa6df42],0x1 | 0x140e28328:cmp    rsi,QWORD PTR [rip+0x15b6cd1] | 0x140e283bb:cmp    ecx,0x5 | 0x140e283e0:cmp    ecx,r14d | 0x140e2840a:cmp    eax,r14d
classic	30	AdmireOwnArrangedBuilding	0x140e282e5	0x140e282f4:cstring:near  | 0x140e2830e:cstring:a | 0x140e28331:cstring:your | 0x140e28389:cstring: own | 0x140e283a1:cstring:  | 0x140e283e5:cstring:completely sublime | 0x140e283f7:cstring:  | 0x140e28415:cstring:tastefully arranged  | 0x140e28454:cstring:wonderful | 0x140e2845d:cstring:splendid | 0x140e28466:cstring:very fine | 0x140e28472:cstring:fine	0x140e282fe:call   0x14006f9a0 | 0x140e28318:call   0x14006f4f0 | 0x140e2833b:call   0x14006f4f0 | 0x140e2834b:call   0x140068120 | 0x140e28354:call   0x14006fb10 | 0x140e28368:call   0x140aa18d0 | 0x140e28374:call   0x1400b9ca0 | 0x140e2837e:call   0x14006f7e0 | 0x140e28393:call   0x14006f9a0 | 0x140e283ab:call   0x14006f9a0 | 0x140e283ef:call   0x14006f4f0 | 0x140e28401:call   0x14006f9a0 | 0x140e2841f:call   0x14006f9a0 | 0x140e2843e:call   0x14054ad40 | 0x140e2844a:call   0x1400b9ca0 | 0x140e2cfdd:call   0x14006f7e0 | 0x140e2cfec:call   0x1415345d0	0x140e282e5:cmp    BYTE PTR [rbp+0xe8],0x0 | 0x140e28307:test   eax,0xfffffffd | 0x140e2831f:cmp    DWORD PTR [rip+0xa6df42],0x1 | 0x140e28328:cmp    rsi,QWORD PTR [rip+0x15b6cd1] | 0x140e283bb:cmp    ecx,0x5 | 0x140e283e0:cmp    ecx,r14d | 0x140e2840a:cmp    eax,r14d
classic	31	LostPet	0x140e2847e	0x140e28487:cstring:after  | 0x140e28496:cstring:losing a pet	0x140e28491:call   0x14006f4f0 | 0x140e284a0:call   0x14006f4f0 | 0x140e2cfdd:call   0x14006f7e0 | 0x140e2cfec:call   0x1415345d0	0x140e2847e:cmp    BYTE PTR [rbp+0xe8],0x0
classic	32	ThrownStuff	0x140e284aa	0x140e284b3:cstring:after  | 0x140e284c2:cstring:throwing something	0x140e284bd:call   0x14006f4f0 | 0x140e284cc:call   0x14006f4f0 | 0x140e2cfdd:call   0x14006f7e0 | 0x140e2cfec:call   0x1415345d0	0x140e284aa:cmp    BYTE PTR [rbp+0xe8],0x0
classic	33	JailReleased	0x140e284d6	0x140e284df:cstring:after  | 0x140e284ee:cstring:being released from confinement	0x140e284e9:call   0x14006f4f0 | 0x140e284f8:call   0x14006f4f0 | 0x140e2cfdd:call   0x14006f7e0 | 0x140e2cfec:call   0x1415345d0	0x140e284d6:cmp    BYTE PTR [rbp+0xe8],0x0
classic	34	Miscarriage	0x140e28502	0x140e2850b:cstring:after  | 0x140e2851a:cstring:a miscarriage	0x140e28515:call   0x14006f4f0 | 0x140e28524:call   0x14006f4f0 | 0x140e2cfdd:call   0x14006f7e0 | 0x140e2cfec:call   0x1415345d0	0x140e28502:cmp    BYTE PTR [rbp+0xe8],0x0
classic	35	SpouseMiscarriage	0x140e2852e	0x140e28537:cstring:after  | 0x140e28558:cstring:your | 0x140e28567:cstring: spouse's miscarriage | 0x140e285ae:cstring: spouse's miscarriage	0x140e28541:call   0x14006f4f0 | 0x140e28562:call   0x14006f4f0 | 0x140e28571:call   0x14006f4f0 | 0x140e2857f:call   0x14006f620 | 0x140e28593:call   0x140aa18d0 | 0x140e2859f:call   0x1400b9ca0 | 0x140e285a9:call   0x140067dc0 | 0x140e285b8:call   0x14006f4f0 | 0x140e2cfdd:call   0x14006f7e0 | 0x140e2cfec:call   0x1415345d0	0x140e2852e:cmp    BYTE PTR [rbp+0xe8],0x0 | 0x140e28546:cmp    DWORD PTR [rip+0xa6dd1b],0x1 | 0x140e2854f:cmp    rsi,QWORD PTR [rip+0x15b6aaa]
classic	36	OldClothing	0x140e285c2	0x140e285cb:cstring:to be  | 0x140e285da:cstring:wearing old clothing	0x140e285d5:call   0x14006f4f0 | 0x140e285e4:call   0x14006f4f0 | 0x140e2cfdd:call   0x14006f7e0 | 0x140e2cfec:call   0x1415345d0	0x140e285c2:cmp    BYTE PTR [rbp+0xe8],0x0
classic	37	TatteredClothing	0x140e285ee	0x140e285f7:cstring:to be  | 0x140e28606:cstring:wearing tattered clothing	0x140e28601:call   0x14006f4f0 | 0x140e28610:call   0x14006f4f0 | 0x140e2cfdd:call   0x14006f7e0 | 0x140e2cfec:call   0x1415345d0	0x140e285ee:cmp    BYTE PTR [rbp+0xe8],0x0
classic	38	RottedClothing	0x140e2861a	0x140e28623:cstring:to have  | 0x140e28632:cstring:clothes rot off of  | 0x140e28653:cstring:your | 0x140e28662:cstring: body | 0x140e286a9:cstring: body	0x140e2862d:call   0x14006f4f0 | 0x140e2863c:call   0x14006f4f0 | 0x140e2865d:call   0x14006f4f0 | 0x140e2866c:call   0x14006f4f0 | 0x140e2867a:call   0x14006f620 | 0x140e2868e:call   0x140aa18d0 | 0x140e2869a:call   0x1400b9ca0 | 0x140e286a4:call   0x140067dc0 | 0x140e286b3:call   0x14006f4f0 | 0x140e2cfdd:call   0x14006f7e0 | 0x140e2cfec:call   0x1415345d0	0x140e2861a:cmp    BYTE PTR [rbp+0xe8],0x0 | 0x140e28641:cmp    DWORD PTR [rip+0xa6dc20],0x1 | 0x140e2864a:cmp    rsi,QWORD PTR [rip+0x15b69af]
classic	39	GhostNightmare	0x140e286bd	0x140e286ea:cstring:after  | 0x140e286f9:cstring:being tormented in nightmares by a dead pet | 0x140e28716:cstring:after  | 0x140e28725:cstring:being tormented in nightmares by a dead spouse | 0x140e28742:cstring:after  | 0x140e28751:cstring:being tormented in nightmares by a dead lover | 0x140e2876e:cstring:after  | 0x140e2877d:cstring:being tormented in nightmares by a dead sibling | 0x140e2879a:cstring:after  | 0x140e287a9:cstring:being tormented in nightmares by  | 0x140e287ca:cstring:your | 0x140e287d9:cstring: own dead mother | 0x140e28820:cstring: own dead mother | 0x140e2883d:cstring:after  | 0x140e2884c:cstring:being tormented in nightmares by  | 0x140e2886d:cstring:your | 0x140e2887c:cstring: own dead father | 0x140e288c3:cstring: own dead father | 0x140e288e0:cstring:after  | 0x140e288ef:cstring:being tormented in nightmares by  | 0x140e28910:cstring:your | 0x140e2891f:cstring: own dead child | 0x140e28966:cstring: own dead child | 0x140e28983:cstring:after  | 0x140e28992:cstring:being tormented in nightmares by a dead animal training partner | 0x140e289af:cstring:after  | 0x140e289be:cstring:being tormented in nightmares by a dead friend | 0x140e289db:cstring:after  | 0x140e289ea:cstring:being tormented in nightmares by a dead and still annoying acquaintance | 0x140e28a07:cstring:after  | 0x140e28a16:cstring:being tormented in nightmares by the dead	0x140e286f4:call   0x14006f4f0 | 0x140e28703:call   0x14006f4f0 | 0x140e28720:call   0x14006f4f0 | 0x140e2872f:call   0x14006f4f0 | 0x140e2874c:call   0x14006f4f0 | 0x140e2875b:call   0x14006f4f0 | 0x140e28778:call   0x14006f4f0 | 0x140e28787:call   0x14006f4f0 | 0x140e287a4:call   0x14006f4f0 | 0x140e287b3:call   0x14006f4f0 | 0x140e287d4:call   0x14006f4f0 | 0x140e287e3:call   0x14006f4f0 | 0x140e287f1:call   0x14006f620 | 0x140e28805:call   0x140aa18d0 | 0x140e28811:call   0x1400b9ca0 | 0x140e2881b:call   0x140067dc0 | 0x140e2882a:call   0x14006f4f0 | 0x140e28847:call   0x14006f4f0 | 0x140e28856:call   0x14006f4f0 | 0x140e28877:call   0x14006f4f0 | 0x140e28886:call   0x14006f4f0 | 0x140e28894:call   0x14006f620 | 0x140e288a8:call   0x140aa18d0 | 0x140e288b4:call   0x1400b9ca0 | 0x140e288be:call   0x140067dc0 | 0x140e288cd:call   0x14006f4f0 | 0x140e288ea:call   0x14006f4f0 | 0x140e288f9:call   0x14006f4f0 | 0x140e2891a:call   0x14006f4f0 | 0x140e28929:call   0x14006f4f0 | 0x140e28937:call   0x14006f620 | 0x140e2894b:call   0x140aa18d0 | 0x140e28957:call   0x1400b9ca0 | 0x140e28961:call   0x140067dc0 | 0x140e28970:call   0x14006f4f0 | 0x140e2898d:call   0x14006f4f0 | 0x140e2899c:call   0x14006f4f0 | 0x140e289b9:call   0x14006f4f0 | 0x140e289c8:call   0x14006f4f0 | 0x140e289e5:call   0x14006f4f0 | 0x140e289f4:call   0x14006f4f0 | 0x140e28a11:call   0x14006f4f0 | 0x140e28a20:call   0x14006f4f0 | 0x140e2cfdd:call   0x14006f7e0 | 0x140e2cfec:call   0x1415345d0	0x140e286bf:cmp    edi,0x32 | 0x140e286e1:cmp    BYTE PTR [rbp+0xe8],0x0 | 0x140e2870d:cmp    BYTE PTR [rbp+0xe8],0x0 | 0x140e28739:cmp    BYTE PTR [rbp+0xe8],0x0 | 0x140e28765:cmp    BYTE PTR [rbp+0xe8],0x0 | 0x140e28791:cmp    BYTE PTR [rbp+0xe8],0x0 | 0x140e287b8:cmp    DWORD PTR [rip+0xa6daa9],0x1 | 0x140e287c1:cmp    rsi,QWORD PTR [rip+0x15b6838] | 0x140e28834:cmp    BYTE PTR [rbp+0xe8],0x0 | 0x140e2885b:cmp    DWORD PTR [rip+0xa6da06],0x1 | 0x140e28864:cmp    rsi,QWORD PTR [rip+0x15b6795] | 0x140e288d7:cmp    BYTE PTR [rbp+0xe8],0x0 | 0x140e288fe:cmp    DWORD PTR [rip+0xa6d963],0x1 | 0x140e28907:cmp    rsi,QWORD PTR [rip+0x15b66f2] | 0x140e2897a:cmp    BYTE PTR [rbp+0xe8],0x0 | 0x140e289a6:cmp    BYTE PTR [rbp+0xe8],0x0 | 0x140e289d2:cmp    BYTE PTR [rbp+0xe8],0x0 | 0x140e289fe:cmp    BYTE PTR [rbp+0xe8],0x0
classic	40	GhostHaunt	0x140e28a2a	0x140e28a4d:cstring:tortured | 0x140e28a56:cstring:possessed | 0x140e28a5f:cstring:tormented | 0x140e28a68:cstring:haunted | 0x140e28aa5:cstring:after  | 0x140e28ab4:cstring:being  | 0x140e28acf:cstring: by a dead pet | 0x140e28ae4:cstring:after  | 0x140e28af3:cstring:being  | 0x140e28b0e:cstring: by a dead spouse | 0x140e28b23:cstring:after  | 0x140e28b32:cstring:being  | 0x140e28b4d:cstring: by a dead lover | 0x140e28b62:cstring:after  | 0x140e28b71:cstring:being  | 0x140e28b8c:cstring: by a dead sibling | 0x140e28ba1:cstring:after  | 0x140e28bb0:cstring:being  | 0x140e28bcb:cstring: by  | 0x140e28bec:cstring:your | 0x140e28bfb:cstring: own dead mother | 0x140e28c3a:cstring: own dead mother | 0x140e28c4f:cstring:after  | 0x140e28c5e:cstring:being  | 0x140e28c79:cstring: by  | 0x140e28c9a:cstring:your | 0x140e28ca9:cstring: own dead father | 0x140e28ce8:cstring: own dead father | 0x140e28cfd:cstring:after  | 0x140e28d0c:cstring:being  | 0x140e28d27:cstring: by  | 0x140e28d48:cstring:your | 0x140e28d57:cstring: own dead child | 0x140e28d96:cstring: own dead child | 0x140e28dab:cstring:after  | 0x140e28dba:cstring:being  | 0x140e28dd5:cstring: by a dead animal training partner | 0x140e28dea:cstring:after  | 0x140e28df9:cstring:being  | 0x140e28e14:cstring: by a dead friend | 0x140e28e26:cstring:after  | 0x140e28e35:cstring:being  | 0x140e28e50:cstring: by a dead and still annoying acquaintance | 0x140e28e62:cstring:after  | 0x140e28e71:cstring:being  | 0x140e28e8c:cstring: by the dead	0x140e28a2e:call   0x14006f620 | 0x140e28a73:call   0x14006f510 | 0x140e28aaf:call   0x14006f4f0 | 0x140e28abe:call   0x14006f4f0 | 0x140e28aca:call   0x1400b9ca0 | 0x140e28aee:call   0x14006f4f0 | 0x140e28afd:call   0x14006f4f0 | 0x140e28b09:call   0x1400b9ca0 | 0x140e28b2d:call   0x14006f4f0 | 0x140e28b3c:call   0x14006f4f0 | 0x140e28b48:call   0x1400b9ca0 | 0x140e28b6c:call   0x14006f4f0 | 0x140e28b7b:call   0x14006f4f0 | 0x140e28b87:call   0x1400b9ca0 | 0x140e28bab:call   0x14006f4f0 | 0x140e28bba:call   0x14006f4f0 | 0x140e28bc6:call   0x1400b9ca0 | 0x140e28bd5:call   0x14006f4f0 | 0x140e28bf6:call   0x14006f4f0 | 0x140e28c0b:call   0x14006f620 | 0x140e28c1f:call   0x140aa18d0 | 0x140e28c2b:call   0x1400b9ca0 | 0x140e28c35:call   0x140067dc0 | 0x140e28c59:call   0x14006f4f0 | 0x140e28c68:call   0x14006f4f0 | 0x140e28c74:call   0x1400b9ca0 | 0x140e28c83:call   0x14006f4f0 | 0x140e28ca4:call   0x14006f4f0 | 0x140e28cb9:call   0x14006f620 | 0x140e28ccd:call   0x140aa18d0 | 0x140e28cd9:call   0x1400b9ca0 | 0x140e28ce3:call   0x140067dc0 | 0x140e28d07:call   0x14006f4f0 | 0x140e28d16:call   0x14006f4f0 | 0x140e28d22:call   0x1400b9ca0 | 0x140e28d31:call   0x14006f4f0 | 0x140e28d52:call   0x14006f4f0 | 0x140e28d67:call   0x14006f620 | 0x140e28d7b:call   0x140aa18d0 | 0x140e28d87:call   0x1400b9ca0 | 0x140e28d91:call   0x140067dc0 | 0x140e28db5:call   0x14006f4f0 | 0x140e28dc4:call   0x14006f4f0 | 0x140e28dd0:call   0x1400b9ca0 | 0x140e28df4:call   0x14006f4f0 | 0x140e28e03:call   0x14006f4f0 | 0x140e28e0f:call   0x1400b9ca0 | 0x140e28e30:call   0x14006f4f0 | 0x140e28e3f:call   0x14006f4f0 | 0x140e28e4b:call   0x1400b9ca0 | 0x140e28e6c:call   0x14006f4f0 | 0x140e28e7b:call   0x14006f4f0 | 0x140e28e87:call   0x1400b9ca0 | 0x140e28e96:call   0x14006f4f0 | 0x140e28ea0:call   0x140067dc0 | 0x140e2cfdd:call   0x14006f7e0 | 0x140e2cfec:call   0x1415345d0	0x140e28a3a:test   ecx,ecx | 0x140e28a48:cmp    ecx,0x1 | 0x140e28a7a:cmp    edi,0x32 | 0x140e28a9c:cmp    BYTE PTR [rbp+0xe8],0x0 | 0x140e28adb:cmp    BYTE PTR [rbp+0xe8],0x0 | 0x140e28b1a:cmp    BYTE PTR [rbp+0xe8],0x0 | 0x140e28b59:cmp    BYTE PTR [rbp+0xe8],0x0 | 0x140e28b98:cmp    BYTE PTR [rbp+0xe8],0x0 | 0x140e28bda:cmp    DWORD PTR [rip+0xa6d687],0x1 | 0x140e28be3:cmp    rsi,QWORD PTR [rip+0x15b6416] | 0x140e28c46:cmp    BYTE PTR [rbp+0xe8],0x0 | 0x140e28c88:cmp    DWORD PTR [rip+0xa6d5d9],0x1 | 0x140e28c91:cmp    rsi,QWORD PTR [rip+0x15b6368] | 0x140e28cf4:cmp    BYTE PTR [rbp+0xe8],0x0 | 0x140e28d36:cmp    DWORD PTR [rip+0xa6d52b],0x1 | 0x140e28d3f:cmp    rsi,QWORD PTR [rip+0x15b62ba] | 0x140e28da2:cmp    BYTE PTR [rbp+0xe8],0x0 | 0x140e28de1:cmp    BYTE PTR [rbp+0xe8],0x0 | 0x140e28e1d:cmp    BYTE PTR [rbp+0xe8],0x0 | 0x140e28e59:cmp    BYTE PTR [rbp+0xe8],0x0
classic	41	Spar	0x140e28f02	0x140e28f0b:cstring:after  | 0x140e28f1a:cstring:a sparring session	0x140e28f15:call   0x14006f4f0 | 0x140e28f24:call   0x14006f4f0 | 0x140e2cfdd:call   0x14006f7e0 | 0x140e2cfec:call   0x1415345d0	0x140e28f02:cmp    BYTE PTR [rbp+0xe8],0x0
classic	42	UnableComplain	0x140e28f2e	0x140e28f5c:cstring:after  | 0x140e28f6b:cstring:being unable to petition for citizenship | 0x140e28f88:cstring:after  | 0x140e28f97:cstring:being unable to find somebody to complain to about job scarcity | 0x140e28fb4:cstring:after  | 0x140e28fc3:cstring:being unable to make suggestions about work allocations | 0x140e28fe0:cstring:after  | 0x140e28fef:cstring:being unable to request weapon production | 0x140e2900c:cstring:after  | 0x140e2901b:cstring:being unable to find a priest to complain to | 0x140e29038:cstring:after  | 0x140e29047:cstring:being unable to find a priest to cry on | 0x140e29064:cstring:after  | 0x140e29073:cstring:being unable to find somebody in charge to yell at | 0x140e29090:cstring:after  | 0x140e2909f:cstring:being unable to find somebody in charge to cry on	0x140e28f66:call   0x14006f4f0 | 0x140e28f75:call   0x14006f4f0 | 0x140e28f92:call   0x14006f4f0 | 0x140e28fa1:call   0x14006f4f0 | 0x140e28fbe:call   0x14006f4f0 | 0x140e28fcd:call   0x14006f4f0 | 0x140e28fea:call   0x14006f4f0 | 0x140e28ff9:call   0x14006f4f0 | 0x140e29016:call   0x14006f4f0 | 0x140e29025:call   0x14006f4f0 | 0x140e29042:call   0x14006f4f0 | 0x140e29051:call   0x14006f4f0 | 0x140e2906e:call   0x14006f4f0 | 0x140e2907d:call   0x14006f4f0 | 0x140e2909a:call   0x14006f4f0 | 0x140e290a9:call   0x14006f4f0 | 0x140e2cfdd:call   0x14006f7e0 | 0x140e2cfec:call   0x1415345d0	0x140e28f31:cmp    edi,0x44 | 0x140e28f53:cmp    BYTE PTR [rbp+0xe8],0x0 | 0x140e28f7f:cmp    BYTE PTR [rbp+0xe8],0x0 | 0x140e28fab:cmp    BYTE PTR [rbp+0xe8],0x0 | 0x140e28fd7:cmp    BYTE PTR [rbp+0xe8],0x0 | 0x140e29003:cmp    BYTE PTR [rbp+0xe8],0x0 | 0x140e2902f:cmp    BYTE PTR [rbp+0xe8],0x0 | 0x140e2905b:cmp    BYTE PTR [rbp+0xe8],0x0 | 0x140e29087:cmp    BYTE PTR [rbp+0xe8],0x0
classic	43	LongPatrol	0x140e290b3	0x140e290bc:cstring:during  | 0x140e290cb:cstring:long patrol duty	0x140e290c6:call   0x14006f4f0 | 0x140e290d5:call   0x14006f4f0 | 0x140e2cfdd:call   0x14006f7e0 | 0x140e2cfec:call   0x1415345d0	0x140e290b3:cmp    BYTE PTR [rbp+0xe8],0x0
classic	44	SunNausea	0x140e290df	0x140e290e8:cstring:after  | 0x140e290f7:cstring:being nauseated by the sun	0x140e290f2:call   0x14006f4f0 | 0x140e29101:call   0x14006f4f0 | 0x140e2cfdd:call   0x14006f7e0 | 0x140e2cfec:call   0x1415345d0	0x140e290df:cmp    BYTE PTR [rbp+0xe8],0x0
classic	45	SunIrritated	0x140e2910b	0x140e29114:cstring:at  | 0x140e29123:cstring:being out in the sunshine again	0x140e2911e:call   0x14006f4f0 | 0x140e2912d:call   0x14006f4f0 | 0x140e2cfdd:call   0x14006f7e0 | 0x140e2cfec:call   0x1415345d0	0x140e2910b:cmp    BYTE PTR [rbp+0xe8],0x0
classic	46	Drowsy	0x140e29137	0x140e29141:cstring:when  | 0x140e2914a:cstring:being  | 0x140e29156:cstring:drowsy	0x140e29151:call   0x14006f4f0 | 0x140e29160:call   0x14006f4f0 | 0x140e2cfdd:call   0x14006f7e0 | 0x140e2cfec:call   0x1415345d0	0x140e2913a:cmp    BYTE PTR [rbp+0xe8],0x0
classic	47	VeryDrowsy	0x140e2916a	0x140e29174:cstring:when  | 0x140e2917d:cstring:being  | 0x140e29189:cstring:utterly sleep-deprived	0x140e29184:call   0x14006f4f0 | 0x140e29193:call   0x14006f4f0 | 0x140e2cfdd:call   0x14006f7e0 | 0x140e2cfec:call   0x1415345d0	0x140e2916d:cmp    BYTE PTR [rbp+0xe8],0x0
classic	48	Thirsty	0x140e2919d	0x140e291a7:cstring:when  | 0x140e291b0:cstring:being  | 0x140e291bc:cstring:thirsty	0x140e291b7:call   0x14006f4f0 | 0x140e291c6:call   0x14006f4f0 | 0x140e2cfdd:call   0x14006f7e0 | 0x140e2cfec:call   0x1415345d0	0x140e291a0:cmp    BYTE PTR [rbp+0xe8],0x0
classic	49	Dehydrated	0x140e291d0	0x140e291da:cstring:when  | 0x140e291e3:cstring:being  | 0x140e291ef:cstring:dehydrated	0x140e291ea:call   0x14006f4f0 | 0x140e291f9:call   0x14006f4f0 | 0x140e2cfdd:call   0x14006f7e0 | 0x140e2cfec:call   0x1415345d0	0x140e291d3:cmp    BYTE PTR [rbp+0xe8],0x0
classic	50	Hungry	0x140e29203	0x140e2920d:cstring:when  | 0x140e29216:cstring:being  | 0x140e29222:cstring:hungry	0x140e2921d:call   0x14006f4f0 | 0x140e2922c:call   0x14006f4f0 | 0x140e2cfdd:call   0x14006f7e0 | 0x140e2cfec:call   0x1415345d0	0x140e29206:cmp    BYTE PTR [rbp+0xe8],0x0
classic	51	Starving	0x140e29236	0x140e29240:cstring:when  | 0x140e29249:cstring:being  | 0x140e29255:cstring:starving	0x140e29250:call   0x14006f4f0 | 0x140e2925f:call   0x14006f4f0 | 0x140e2cfdd:call   0x14006f7e0 | 0x140e2cfec:call   0x1415345d0	0x140e29239:cmp    BYTE PTR [rbp+0xe8],0x0
classic	52	MajorInjuries	0x140e292bd	0x140e292c6:cstring:after  | 0x140e292d5:cstring:suffering a major injury	0x140e292d0:call   0x14006f4f0 | 0x140e292df:call   0x14006f4f0 | 0x140e2cfdd:call   0x14006f7e0 | 0x140e2cfec:call   0x1415345d0	0x140e292bd:cmp    BYTE PTR [rbp+0xe8],0x0
classic	53	MinorInjuries	0x140e292e9	0x140e292f2:cstring:after  | 0x140e29301:cstring:suffering a minor injury	0x140e292fc:call   0x14006f4f0 | 0x140e2930b:call   0x14006f4f0 | 0x140e2cfdd:call   0x14006f7e0 | 0x140e2cfec:call   0x1415345d0	0x140e292e9:cmp    BYTE PTR [rbp+0xe8],0x0
classic	54	SleepNoise	0x140e29315	0x140e29337:cstring:after  | 0x140e29346:cstring:loud noises made it impossible to sleep | 0x140e29363:cstring:after  | 0x140e29372:cstring:being disturbed during sleep by loud noises | 0x140e2938f:cstring:after  | 0x140e2939e:cstring:sleeping uneasily due to noise	0x140e29341:call   0x14006f4f0 | 0x140e29350:call   0x14006f4f0 | 0x140e2936d:call   0x14006f4f0 | 0x140e2937c:call   0x14006f4f0 | 0x140e29399:call   0x14006f4f0 | 0x140e293a8:call   0x14006f4f0 | 0x140e2cfdd:call   0x14006f7e0 | 0x140e2cfec:call   0x1415345d0	0x140e29325:cmp    ecx,0x1 | 0x140e2932e:cmp    BYTE PTR [rbp+0xe8],0x0 | 0x140e2935a:cmp    BYTE PTR [rbp+0xe8],0x0 | 0x140e29386:cmp    BYTE PTR [rbp+0xe8],0x0
classic	55	Rest	0x140e293b2	0x140e293bb:cstring:after  | 0x140e293ca:cstring:being able to rest and recuperate	0x140e293c5:call   0x14006f4f0 | 0x140e293d4:call   0x14006f4f0 | 0x140e2cfdd:call   0x14006f7e0 | 0x140e2cfec:call   0x1415345d0	0x140e293b2:cmp    BYTE PTR [rbp+0xe8],0x0
classic	56	FreakishWeather	0x140e293de	0x140e293e8:cstring:when  | 0x140e293f1:cstring:being  | 0x140e293fd:cstring:caught in freakish weather	0x140e293f8:call   0x14006f4f0 | 0x140e29407:call   0x14006f4f0 | 0x140e2cfdd:call   0x14006f7e0 | 0x140e2cfec:call   0x1415345d0	0x140e293e1:cmp    BYTE PTR [rbp+0xe8],0x0
classic	57	Rain	0x140e29411	0x140e2941b:cstring:when  | 0x140e29424:cstring:being  | 0x140e29430:cstring:caught in the rain	0x140e2942b:call   0x14006f4f0 | 0x140e2943a:call   0x14006f4f0 | 0x140e2cfdd:call   0x14006f7e0 | 0x140e2cfec:call   0x1415345d0	0x140e29414:cmp    BYTE PTR [rbp+0xe8],0x0
classic	58	SnowStorm	0x140e29444	0x140e2944e:cstring:when  | 0x140e29457:cstring:being  | 0x140e29463:cstring:caught in a snow storm	0x140e2945e:call   0x14006f4f0 | 0x140e2946d:call   0x14006f4f0 | 0x140e2cfdd:call   0x14006f7e0 | 0x140e2cfec:call   0x1415345d0	0x140e29447:cmp    BYTE PTR [rbp+0xe8],0x0
classic	59	Miasma	0x140e29477	0x140e29480:cstring:after  | 0x140e2948f:cstring:retching on a miasma	0x140e2948a:call   0x14006f4f0 | 0x140e29499:call   0x14006f4f0 | 0x140e2cfdd:call   0x14006f7e0 | 0x140e2cfec:call   0x1415345d0	0x140e29477:cmp    BYTE PTR [rbp+0xe8],0x0
classic	60	Smoke	0x140e294a3	0x140e294ac:cstring:after  | 0x140e294bb:cstring:choking on smoke underground	0x140e294b6:call   0x14006f4f0 | 0x140e294c5:call   0x14006f4f0 | 0x140e2cfdd:call   0x14006f7e0 | 0x140e2cfec:call   0x1415345d0	0x140e294a3:cmp    BYTE PTR [rbp+0xe8],0x0
classic	61	Waterfall	0x140e294cf	0x140e294cf:cstring:being near to a waterfall	0x140e294d9:call   0x14006f4f0 | 0x140e2cfdd:call   0x14006f7e0 | 0x140e2cfec:call   0x1415345d0	
classic	62	Dust	0x140e294e3	0x140e294ec:cstring:after  | 0x140e294fb:cstring:choking on dust underground	0x140e294f6:call   0x14006f4f0 | 0x140e29505:call   0x14006f4f0 | 0x140e2cfdd:call   0x14006f7e0 | 0x140e2cfec:call   0x1415345d0	0x140e294e3:cmp    BYTE PTR [rbp+0xe8],0x0
classic	63	Demands	0x140e2950f	0x140e29518:cstring:considering  | 0x140e29527:cstring:the state of demands	0x140e29522:call   0x14006f4f0 | 0x140e29531:call   0x14006f4f0 | 0x140e2cfdd:call   0x14006f7e0 | 0x140e2cfec:call   0x1415345d0	0x140e2950f:cmp    BYTE PTR [rbp+0xe8],0x0
classic	64	ImproperPunishment	0x140e2953b	0x140e2953b:cstring:that a criminal could not be properly punished	0x140e29545:call   0x14006f4f0 | 0x140e2cfdd:call   0x14006f7e0 | 0x140e2cfec:call   0x1415345d0	
classic	65	PunishmentReduced	0x140e2954f	0x140e29559:cstring:to have  | 0x140e29562:cstring:having | 0x140e29580:cstring:your | 0x140e29595:cstring: punishment reduced | 0x140e295da:cstring: punishment reduced	0x140e29569:call   0x14006f4f0 | 0x140e2958a:call   0x14006f4f0 | 0x140e295a5:call   0x14006f620 | 0x140e295b9:call   0x140aa18d0 | 0x140e295c5:call   0x1400b9ca0 | 0x140e295cf:call   0x140067dc0 | 0x140e2cfd3:call   0x14006f9a0 | 0x140e2cfdd:call   0x14006f7e0 | 0x140e2cfec:call   0x1415345d0	0x140e29552:cmp    BYTE PTR [rbp+0xe8],0x0 | 0x140e2956e:cmp    DWORD PTR [rip+0xa6ccf3],0x1 | 0x140e29577:cmp    rsi,QWORD PTR [rip+0x15b5a82]
classic	66	Elected	0x140e295e6	0x140e295f0:cstring:to be  | 0x140e295f9:cstring:being  | 0x140e2960b:cstring:elected	0x140e29600:call   0x14006f4f0 | 0x140e2cfd3:call   0x14006f9a0 | 0x140e2cfdd:call   0x14006f7e0 | 0x140e2cfec:call   0x1415345d0	0x140e295e9:cmp    BYTE PTR [rbp+0xe8],0x0
classic	67	Reelected	0x140e29617	0x140e29621:cstring:to be  | 0x140e2962a:cstring:being  | 0x140e2963c:cstring:re-elected	0x140e29631:call   0x14006f4f0 | 0x140e2cfd3:call   0x14006f9a0 | 0x140e2cfdd:call   0x14006f7e0 | 0x140e2cfec:call   0x1415345d0	0x140e2961a:cmp    BYTE PTR [rbp+0xe8],0x0
classic	68	RequestApproved	0x140e2999a	0x140e2999a:cstring:having a request approved	0x140e299a4:call   0x14006f4f0 | 0x140e2cfdd:call   0x14006f7e0 | 0x140e2cfec:call   0x1415345d0	
classic	69	RequestIgnored	0x140e299ae	0x140e299ae:cstring:having a request ignored	0x140e299b8:call   0x14006f4f0 | 0x140e2cfdd:call   0x14006f7e0 | 0x140e2cfec:call   0x1415345d0	
classic	70	NoPunishment	0x140e299c2	0x140e299c2:cstring:that nobody could be punished for a failure	0x140e299cc:call   0x14006f4f0 | 0x140e2cfdd:call   0x14006f7e0 | 0x140e2cfec:call   0x1415345d0	
classic	71	PunishmentDelayed	0x140e299d6	0x140e299e0:cstring:to have  | 0x140e299e9:cstring:having  | 0x140e29a07:cstring:your | 0x140e29a16:cstring: punishment delayed | 0x140e29a5d:cstring: punishment delayed	0x140e299f0:call   0x14006f4f0 | 0x140e29a11:call   0x14006f4f0 | 0x140e29a20:call   0x14006f4f0 | 0x140e29a2e:call   0x14006f620 | 0x140e29a42:call   0x140aa18d0 | 0x140e29a4e:call   0x1400b9ca0 | 0x140e29a58:call   0x140067dc0 | 0x140e29a67:call   0x14006f4f0 | 0x140e2cfdd:call   0x14006f7e0 | 0x140e2cfec:call   0x1415345d0	0x140e299d9:cmp    BYTE PTR [rbp+0xe8],0x0 | 0x140e299f5:cmp    DWORD PTR [rip+0xa6c86c],0x1 | 0x140e299fe:cmp    rsi,QWORD PTR [rip+0x15b55fb]
classic	72	DelayedPunishment	0x140e29a71	0x140e29a7a:cstring:after  | 0x140e29a89:cstring:the delayed punishment of a criminal	0x140e29a84:call   0x14006f4f0 | 0x140e29a93:call   0x14006f4f0 | 0x140e2cfdd:call   0x14006f7e0 | 0x140e2cfec:call   0x1415345d0	0x140e29a71:cmp    BYTE PTR [rbp+0xe8],0x0
classic	73	ScarceCageChain	0x140e29a9d	0x140e29aa6:cstring:considering  | 0x140e29ab5:cstring:the scarcity of cages and chains	0x140e29ab0:call   0x14006f4f0 | 0x140e29abf:call   0x14006f4f0 | 0x140e2cfdd:call   0x14006f7e0 | 0x140e2cfec:call   0x1415345d0	0x140e29a9d:cmp    BYTE PTR [rbp+0xe8],0x0
classic	74	MandateIgnored	0x140e29ac9	0x140e29ac9:cstring:having a mandate ignored	0x140e29ad3:call   0x14006f4f0 | 0x140e2cfdd:call   0x14006f7e0 | 0x140e2cfec:call   0x1415345d0	
classic	75	MandateDeadlineMissed	0x140e29add	0x140e29add:cstring:having a mandate deadline missed	0x140e29ae7:call   0x14006f4f0 | 0x140e2cfdd:call   0x14006f7e0 | 0x140e2cfec:call   0x1415345d0	
classic	76	LackWork	0x140e29af1	0x140e29afa:cstring:after  | 0x140e29b09:cstring:the lack of work last season	0x140e29b04:call   0x14006f4f0 | 0x140e29b13:call   0x14006f4f0 | 0x140e2cfdd:call   0x14006f7e0 | 0x140e2cfec:call   0x1415345d0	0x140e29af1:cmp    BYTE PTR [rbp+0xe8],0x0
classic	77	SmashedBuilding	0x140e29b1d	0x140e29b26:cstring:after  | 0x140e29b35:cstring:smashing up a building	0x140e29b30:call   0x14006f4f0 | 0x140e29b3f:call   0x14006f4f0 | 0x140e2cfdd:call   0x14006f7e0 | 0x140e2cfec:call   0x1415345d0	0x140e29b1d:cmp    BYTE PTR [rbp+0xe8],0x0
classic	78	ToppledStuff	0x140e29b49	0x140e29b52:cstring:after  | 0x140e29b61:cstring:toppling something over	0x140e29b5c:call   0x14006f4f0 | 0x140e29b6b:call   0x14006f4f0 | 0x140e2cfdd:call   0x14006f7e0 | 0x140e2cfec:call   0x1415345d0	0x140e29b49:cmp    BYTE PTR [rbp+0xe8],0x0
classic	79	NoblePromotion	0x140e29b75	0x140e29b7e:cstring:after  | 0x140e29b8d:cstring:receiving a higher rank of nobility	0x140e29b88:call   0x14006f4f0 | 0x140e29b97:call   0x14006f4f0 | 0x140e2cfdd:call   0x14006f7e0 | 0x140e2cfec:call   0x1415345d0	0x140e29b75:cmp    BYTE PTR [rbp+0xe8],0x0
classic	80	BecomeNoble	0x140e29ba1	0x140e29baa:cstring:after  | 0x140e29bb9:cstring:entering the nobility	0x140e29bb4:call   0x14006f4f0 | 0x140e29bc3:call   0x14006f4f0 | 0x140e2cfdd:call   0x14006f7e0 | 0x140e2cfec:call   0x1415345d0	0x140e29ba1:cmp    BYTE PTR [rbp+0xe8],0x0
classic	81	Cavein	0x140e29bcd	0x140e29bd6:cstring:after  | 0x140e29be5:cstring:being knocked out during a cave-in	0x140e29be0:call   0x14006f4f0 | 0x140e29bef:call   0x14006f4f0 | 0x140e2cfdd:call   0x14006f7e0 | 0x140e2cfec:call   0x1415345d0	0x140e29bcd:cmp    BYTE PTR [rbp+0xe8],0x0
classic	82	MandateDeadlineMet	0x140e29bf9	0x140e29c03:cstring:to have  | 0x140e29c0c:cstring:having  | 0x140e29c18:cstring:a mandate deadline met	0x140e29c13:call   0x14006f4f0 | 0x140e29c22:call   0x14006f4f0 | 0x140e2cfdd:call   0x14006f7e0 | 0x140e2cfec:call   0x1415345d0	0x140e29bfc:cmp    BYTE PTR [rbp+0xe8],0x0
classic	83	Uncovered	0x140e29c2c	0x140e29c36:cstring:when  | 0x140e29c3f:cstring:being  | 0x140e29c4b:cstring:uncovered	0x140e29c46:call   0x14006f4f0 | 0x140e29c55:call   0x14006f4f0 | 0x140e2cfdd:call   0x14006f7e0 | 0x140e2cfec:call   0x1415345d0	0x140e29c2f:cmp    BYTE PTR [rbp+0xe8],0x0
classic	84	NoShirt	0x140e29c5f	0x140e29c69:cstring:to have  | 0x140e29c72:cstring:having  | 0x140e29c7e:cstring:no shirt	0x140e29c79:call   0x14006f4f0 | 0x140e29c88:call   0x14006f4f0 | 0x140e2cfdd:call   0x14006f7e0 | 0x140e2cfec:call   0x1415345d0	0x140e29c62:cmp    BYTE PTR [rbp+0xe8],0x0
classic	85	NoShoes	0x140e29c92	0x140e29c9c:cstring:to have  | 0x140e29ca5:cstring:having  | 0x140e29cb1:cstring:no shoes	0x140e29cac:call   0x14006f4f0 | 0x140e29cbb:call   0x14006f4f0 | 0x140e2cfdd:call   0x14006f7e0 | 0x140e2cfec:call   0x1415345d0	0x140e29c95:cmp    BYTE PTR [rbp+0xe8],0x0
classic	86	EatPet	0x140e29cc5	0x140e29cce:cstring:after  | 0x140e29cdd:cstring:being forced to eat a treasured pet to survive	0x140e29cd8:call   0x14006f4f0 | 0x140e29ce7:call   0x14006f4f0 | 0x140e2cfdd:call   0x14006f7e0 | 0x140e2cfec:call   0x1415345d0	0x140e29cc5:cmp    BYTE PTR [rbp+0xe8],0x0
classic	87	EatLikedCreature	0x140e29cf1	0x140e29cfa:cstring:after  | 0x140e29d09:cstring:being forced to eat a beloved creature to survive	0x140e29d04:call   0x14006f4f0 | 0x140e29d13:call   0x14006f4f0 | 0x140e2cfdd:call   0x14006f7e0 | 0x140e2cfec:call   0x1415345d0	0x140e29cf1:cmp    BYTE PTR [rbp+0xe8],0x0
classic	88	EatVermin	0x140e29d1d	0x140e29d26:cstring:after  | 0x140e29d35:cstring:being forced to eat vermin to survive	0x140e29d30:call   0x14006f4f0 | 0x140e29d3f:call   0x14006f4f0 | 0x140e2cfdd:call   0x14006f7e0 | 0x140e2cfec:call   0x1415345d0	0x140e29d1d:cmp    BYTE PTR [rbp+0xe8],0x0
classic	89	FistFight	0x140e29d49	0x140e29d52:cstring:after  | 0x140e29d67:cstring:starting a fist fight	0x140e29d5c:call   0x14006f4f0 | 0x140e2cfd3:call   0x14006f9a0 | 0x140e2cfdd:call   0x14006f7e0 | 0x140e2cfec:call   0x1415345d0	0x140e29d49:cmp    BYTE PTR [rbp+0xe8],0x0
classic	90	GaveBeating	0x140e29d73	0x140e29d7c:cstring:after  | 0x140e29d91:cstring:punishing somebody with a beating	0x140e29d86:call   0x14006f4f0 | 0x140e2cfd3:call   0x14006f9a0 | 0x140e2cfdd:call   0x14006f7e0 | 0x140e2cfec:call   0x1415345d0	0x140e29d73:cmp    BYTE PTR [rbp+0xe8],0x0
classic	91	GotBeaten	0x140e29d9d	0x140e29da6:cstring:after  | 0x140e29dbb:cstring:being beaten	0x140e29db0:call   0x14006f4f0 | 0x140e2cfd3:call   0x14006f9a0 | 0x140e2cfdd:call   0x14006f7e0 | 0x140e2cfec:call   0x1415345d0	0x140e29d9d:cmp    BYTE PTR [rbp+0xe8],0x0
classic	92	GaveHammering	0x140e29dc7	0x140e29dd0:cstring:after  | 0x140e29de5:cstring:beating somebody with a hammer	0x140e29dda:call   0x14006f4f0 | 0x140e2cfd3:call   0x14006f9a0 | 0x140e2cfdd:call   0x14006f7e0 | 0x140e2cfec:call   0x1415345d0	0x140e29dc7:cmp    BYTE PTR [rbp+0xe8],0x0
classic	93	GotHammered	0x140e29df1	0x140e29dfa:cstring:after  | 0x140e29e0f:cstring:being beaten with a hammer	0x140e29e04:call   0x14006f4f0 | 0x140e2cfd3:call   0x14006f9a0 | 0x140e2cfdd:call   0x14006f7e0 | 0x140e2cfec:call   0x1415345d0	0x140e29df1:cmp    BYTE PTR [rbp+0xe8],0x0
classic	94	NoHammer	0x140e29e1b	0x140e29e24:cstring:after  | 0x140e29e33:cstring:being unable to find a hammer	0x140e29e2e:call   0x14006f4f0 | 0x140e29e3d:call   0x14006f4f0 | 0x140e2cfdd:call   0x14006f7e0 | 0x140e2cfec:call   0x1415345d0	0x140e29e1b:cmp    BYTE PTR [rbp+0xe8],0x0
classic	95	SameFood	0x140e29e47	0x140e29e47:cstring:eating the same old food	0x140e29e51:call   0x14006f4f0 | 0x140e2cfdd:call   0x14006f7e0 | 0x140e2cfec:call   0x1415345d0	
classic	96	AteRotten	0x140e29e5b	0x140e29e64:cstring:after  | 0x140e29e73:cstring:eating rotten food	0x140e29e6e:call   0x14006f4f0 | 0x140e29e7d:call   0x14006f4f0 | 0x140e2cfdd:call   0x14006f7e0 | 0x140e2cfec:call   0x1415345d0	0x140e29e5b:cmp    BYTE PTR [rbp+0xe8],0x0
classic	97	GoodMeal	0x140e29f78	0x140e29f81:cstring:after  | 0x140e29f90:cstring:eating  | 0x140e29fc2:cstring:a legendary meal | 0x140e29fd6:cstring:a truly decadent dish | 0x140e29fea:cstring:a wonderful dish | 0x140e29ffe:cstring:a fine dish | 0x140e2a012:cstring:a pretty decent meal	0x140e29f8b:call   0x14006f4f0 | 0x140e29f9a:call   0x14006f4f0 | 0x140e29fcc:call   0x14006f4f0 | 0x140e29fe0:call   0x14006f4f0 | 0x140e29ff4:call   0x14006f4f0 | 0x140e2a008:call   0x14006f4f0 | 0x140e2a01c:call   0x14006f4f0 | 0x140e2cfdd:call   0x14006f7e0 | 0x140e2cfec:call   0x1415345d0	0x140e29f78:cmp    BYTE PTR [rbp+0xe8],0x0 | 0x140e29fb9:cmp    ecx,0x1
classic	98	GoodDrink	0x140e2a026	0x140e2a02f:cstring:after  | 0x140e2a03e:cstring:having  | 0x140e2a06a:cstring:a drink | 0x140e2a07e:cstring:a pretty decent drink | 0x140e2a092:cstring:a fine drink | 0x140e2a0a6:cstring:a wonderful drink | 0x140e2a0ba:cstring:a truly decadent drink | 0x140e2a0ce:cstring:a legendary drink	0x140e2a039:call   0x14006f4f0 | 0x140e2a048:call   0x14006f4f0 | 0x140e2a074:call   0x14006f4f0 | 0x140e2a088:call   0x14006f4f0 | 0x140e2a09c:call   0x14006f4f0 | 0x140e2a0b0:call   0x14006f4f0 | 0x140e2a0c4:call   0x14006f4f0 | 0x140e2a0d8:call   0x14006f4f0 | 0x140e2cfdd:call   0x14006f7e0 | 0x140e2cfec:call   0x1415345d0	0x140e2a026:cmp    BYTE PTR [rbp+0xe8],0x0 | 0x140e2a054:cmp    eax,0x5
classic	99	MoreChests	0x140e2a0e2	0x140e2a0e2:cstring:not having enough chests	0x140e2a0ec:call   0x14006f4f0 | 0x140e2cfdd:call   0x14006f7e0 | 0x140e2cfec:call   0x1415345d0	
classic	100	MoreCabinets	0x140e2a0f6	0x140e2a0f6:cstring:not having enough cabinets	0x140e2a100:call   0x14006f4f0 | 0x140e2cfdd:call   0x14006f7e0 | 0x140e2cfec:call   0x1415345d0	
classic	101	MoreWeaponRacks	0x140e2a10a	0x140e2a110:cstring:not having enough weapon racks	0x140e2cfd3:call   0x14006f9a0 | 0x140e2cfdd:call   0x14006f7e0 | 0x140e2cfec:call   0x1415345d0	
classic	102	MoreArmorStands	0x140e2a11c	0x140e2a11c:cstring:not having enough armor stands	0x140e2a126:call   0x14006f4f0 | 0x140e2cfdd:call   0x14006f7e0 | 0x140e2cfec:call   0x1415345d0	
classic	103	RoomPretension	0x140e2a130	0x140e2a139:cstring:by  | 0x140e2a148:cstring:a lesser's pretentious  | 0x140e2a16a:cstring:burial | 0x140e2a173:cstring:dining | 0x140e2a17c:cstring:sleeping | 0x140e2a185:cstring:office | 0x140e2a19a:cstring: arrangements	0x140e2a143:call   0x14006f4f0 | 0x140e2a152:call   0x14006f4f0 | 0x140e2a18f:call   0x14006f4f0 | 0x140e2cfd3:call   0x14006f9a0 | 0x140e2cfdd:call   0x14006f7e0 | 0x140e2cfec:call   0x1415345d0	0x140e2a130:cmp    BYTE PTR [rbp+0xe8],0x0 | 0x140e2a157:test   edi,edi | 0x140e2a165:cmp    edi,0x1
classic	104	LackTables	0x140e2a1a6	0x140e2a1af:cstring:at  | 0x140e2a1c4:cstring:the lack of dining tables	0x140e2a1b9:call   0x14006f4f0 | 0x140e2cfd3:call   0x14006f9a0 | 0x140e2cfdd:call   0x14006f7e0 | 0x140e2cfec:call   0x1415345d0	0x140e2a1a6:cmp    BYTE PTR [rbp+0xe8],0x0
classic	105	CrowdedTables	0x140e2a1d0	0x140e2a1d6:cstring:eating at a crowded table	0x140e2cfd3:call   0x14006f9a0 | 0x140e2cfdd:call   0x14006f7e0 | 0x140e2cfec:call   0x1415345d0	
classic	106	DiningQuality	0x140e2a1e2	0x140e2a1e2:cstring:dining in  | 0x140e2a212:cstring:a legendary dining room | 0x140e2a226:cstring:a fantastic dining room | 0x140e2a23a:cstring:a great dining room | 0x140e2a24e:cstring:a very good dining room | 0x140e2a262:cstring:a good dining room | 0x140e2a276:cstring:a horribly substandard dining room | 0x140e2a28a:cstring:a horrible dining room | 0x140e2a29e:cstring:an awful dining room | 0x140e2a2b2:cstring:a very poor dining room | 0x140e2a2c6:cstring:a poor dining room	0x140e2a1ec:call   0x14006f4f0 | 0x140e2a21c:call   0x14006f4f0 | 0x140e2a230:call   0x14006f4f0 | 0x140e2a244:call   0x14006f4f0 | 0x140e2a258:call   0x14006f4f0 | 0x140e2a26c:call   0x14006f4f0 | 0x140e2a280:call   0x14006f4f0 | 0x140e2a294:call   0x14006f4f0 | 0x140e2a2a8:call   0x14006f4f0 | 0x140e2a2bc:call   0x14006f4f0 | 0x140e2a2d0:call   0x14006f4f0 | 0x140e2cfdd:call   0x14006f7e0 | 0x140e2cfec:call   0x1415345d0	0x140e2a1fa:cmp    eax,0xa
classic	107	NoDining	0x140e2a2da	0x140e2a2e0:cstring:eating without a proper dining room	0x140e2cfd3:call   0x14006f9a0 | 0x140e2cfdd:call   0x14006f7e0 | 0x140e2cfec:call   0x1415345d0	
classic	108	LackChairs	0x140e2a2ec	0x140e2a2f5:cstring:at  | 0x140e2a304:cstring:the lack of chairs	0x140e2a2ff:call   0x14006f4f0 | 0x140e2a30e:call   0x14006f4f0 | 0x140e2cfdd:call   0x14006f7e0 | 0x140e2cfec:call   0x1415345d0	0x140e2a2ec:cmp    BYTE PTR [rbp+0xe8],0x0
classic	109	TrainingBond	0x140e2a318	0x140e2a321:cstring:after  | 0x140e2a330:cstring:forming a bond with an animal training partner	0x140e2a32b:call   0x14006f4f0 | 0x140e2a33a:call   0x14006f4f0 | 0x140e2cfdd:call   0x14006f7e0 | 0x140e2cfec:call   0x1415345d0	0x140e2a318:cmp    BYTE PTR [rbp+0xe8],0x0
classic	110	Rescued	0x140e2a344	0x140e2a34d:cstring:after  | 0x140e2a35c:cstring:being rescued	0x140e2a357:call   0x14006f4f0 | 0x140e2a366:call   0x14006f4f0 | 0x140e2cfdd:call   0x14006f7e0 | 0x140e2cfec:call   0x1415345d0	0x140e2a344:cmp    BYTE PTR [rbp+0xe8],0x0
classic	111	RescuedOther	0x140e2a370	0x140e2a379:cstring:after  | 0x140e2a388:cstring:bringing somebody to rest in bed	0x140e2a383:call   0x14006f4f0 | 0x140e2a392:call   0x14006f4f0 | 0x140e2cfdd:call   0x14006f7e0 | 0x140e2cfec:call   0x1415345d0	0x140e2a370:cmp    BYTE PTR [rbp+0xe8],0x0
classic	112	SatisfiedAtWork	0x140e2a39c	0x140e2a3cd:cstring:after  | 0x140e2a3dc:cstring:felling a tree | 0x140e2a3f9:cstring:after  | 0x140e2a408:cstring:slaughtering an animal | 0x140e2a425:cstring:after  | 0x140e2a434:cstring:caging a creature | 0x140e2a451:cstring:after  | 0x140e2a460:cstring:chaining up a creature | 0x140e2a47d:cstring:after  | 0x140e2a48c:cstring:gelding a creature | 0x140e2a4a9:cstring:after  | 0x140e2a4b8:cstring:putting a piece on display | 0x140e2a4d5:cstring:at  | 0x140e2a4e4:cstring:work	0x140e2a3d7:call   0x14006f4f0 | 0x140e2a3e6:call   0x14006f4f0 | 0x140e2a403:call   0x14006f4f0 | 0x140e2a412:call   0x14006f4f0 | 0x140e2a42f:call   0x14006f4f0 | 0x140e2a43e:call   0x14006f4f0 | 0x140e2a45b:call   0x14006f4f0 | 0x140e2a46a:call   0x14006f4f0 | 0x140e2a487:call   0x14006f4f0 | 0x140e2a496:call   0x14006f4f0 | 0x140e2a4b3:call   0x14006f4f0 | 0x140e2a4c2:call   0x14006f4f0 | 0x140e2a4df:call   0x14006f4f0 | 0x140e2a4ee:call   0x14006f4f0 | 0x140e2cfdd:call   0x14006f7e0 | 0x140e2cfec:call   0x1415345d0	0x140e2a39f:cmp    edi,0xe3 | 0x140e2a3c4:cmp    BYTE PTR [rbp+0xe8],0x0 | 0x140e2a3f0:cmp    BYTE PTR [rbp+0xe8],0x0 | 0x140e2a41c:cmp    BYTE PTR [rbp+0xe8],0x0 | 0x140e2a448:cmp    BYTE PTR [rbp+0xe8],0x0 | 0x140e2a474:cmp    BYTE PTR [rbp+0xe8],0x0 | 0x140e2a4a0:cmp    BYTE PTR [rbp+0xe8],0x0 | 0x140e2a4cc:cmp    BYTE PTR [rbp+0xe8],0x0
classic	113	TaxedLostProperty	0x140e2a4f8	0x140e2a501:cstring:after  | 0x140e2a516:cstring:losing property to the tax collector's escorts	0x140e2a50b:call   0x14006f4f0 | 0x140e2cfd3:call   0x14006f9a0 | 0x140e2cfdd:call   0x14006f7e0 | 0x140e2cfec:call   0x1415345d0	0x140e2a4f8:cmp    BYTE PTR [rbp+0xe8],0x0
classic	114	Taxed	0x140e2a522	0x140e2a52b:cstring:after  | 0x140e2a53a:cstring:being taxed	0x140e2a535:call   0x14006f4f0 | 0x140e2a544:call   0x14006f4f0 | 0x140e2cfdd:call   0x14006f7e0 | 0x140e2cfec:call   0x1415345d0	0x140e2a522:cmp    BYTE PTR [rbp+0xe8],0x0
classic	115	LackProtection	0x140e2a54e	0x140e2a54e:cstring:not having adequate protection	0x140e2a558:call   0x14006f4f0 | 0x140e2cfdd:call   0x14006f7e0 | 0x140e2cfec:call   0x1415345d0	
classic	116	TaxRoomUnreachable	0x140e2a562	0x140e2a56b:cstring:after  | 0x140e2a57a:cstring:being unable to reach a room for tax collection	0x140e2a575:call   0x14006f4f0 | 0x140e2a584:call   0x14006f4f0 | 0x140e2cfdd:call   0x14006f7e0 | 0x140e2cfec:call   0x1415345d0	0x140e2a562:cmp    BYTE PTR [rbp+0xe8],0x0
classic	117	TaxRoomMisinformed	0x140e2a58e	0x140e2a597:cstring:after  | 0x140e2a5a6:cstring:being misinformed about a room for tax collection	0x140e2a5a1:call   0x14006f4f0 | 0x140e2a5b0:call   0x14006f4f0 | 0x140e2cfdd:call   0x14006f7e0 | 0x140e2cfec:call   0x1415345d0	0x140e2a58e:cmp    BYTE PTR [rbp+0xe8],0x0
classic	118	PleasedNoble	0x140e2a5ba	0x140e2a5ba:cstring:having pleased a noble	0x140e2a5c4:call   0x14006f4f0 | 0x140e2cfdd:call   0x14006f7e0 | 0x140e2cfec:call   0x1415345d0	
classic	119	TaxCollectionSmooth	0x140e2a5ce	0x140e2a5d7:cstring:that  | 0x140e2a5e6:cstring:the tax collection went smoothly	0x140e2a5e1:call   0x14006f4f0 | 0x140e2a5f0:call   0x14006f4f0 | 0x140e2cfdd:call   0x14006f7e0 | 0x140e2cfec:call   0x1415345d0	0x140e2a5ce:cmp    BYTE PTR [rbp+0xe8],0x0
classic	120	DisappointedNoble	0x140e2a5fa	0x140e2a5fa:cstring:having disappointed a noble	0x140e2a604:call   0x14006f4f0 | 0x140e2cfdd:call   0x14006f7e0 | 0x140e2cfec:call   0x1415345d0	
classic	121	TaxCollectionRough	0x140e2a60e	0x140e2a617:cstring:that  | 0x140e2a626:cstring:the tax collection didn't go smoothly	0x140e2a621:call   0x14006f4f0 | 0x140e2a630:call   0x14006f4f0 | 0x140e2cfdd:call   0x14006f7e0 | 0x140e2cfec:call   0x1415345d0	0x140e2a60e:cmp    BYTE PTR [rbp+0xe8],0x0
classic	122	MadeFriend	0x140e2a666	0x140e2a66f:cstring:after  | 0x140e2a67e:cstring:making a friend	0x140e2a679:call   0x14006f4f0 | 0x140e2a688:call   0x14006f4f0 | 0x140e2cfdd:call   0x14006f7e0 | 0x140e2cfec:call   0x1415345d0	0x140e2a666:cmp    BYTE PTR [rbp+0xe8],0x0
classic	123	FormedGrudge	0x140e2a692	0x140e2a69b:cstring:after  | 0x140e2a6aa:cstring:forming a grudge	0x140e2a6a5:call   0x14006f4f0 | 0x140e2a6b4:call   0x14006f4f0 | 0x140e2cfdd:call   0x14006f7e0 | 0x140e2cfec:call   0x1415345d0	0x140e2a692:cmp    BYTE PTR [rbp+0xe8],0x0
classic	124	AnnoyedVermin	0x140e2a6be	0x140e2a6c7:cstring:after  | 0x140e2a6d6:cstring:being accosted by 	0x140e2a6d1:call   0x14006f4f0 | 0x140e2a6e0:call   0x14006f4f0 | 0x140e2a6e9:call   0x14006f620 | 0x140e2a6ff:call   0x140aa0c50 | 0x140e2a70b:call   0x1400b9ca0 | 0x140e2a715:call   0x140067dc0 | 0x140e2cfdd:call   0x14006f7e0 | 0x140e2cfec:call   0x1415345d0	0x140e2a6be:cmp    BYTE PTR [rbp+0xe8],0x0
classic	125	NearVermin	0x140e2a71f	0x140e2a728:cstring:after  | 0x140e2a737:cstring:being near 	0x140e2a732:call   0x14006f4f0 | 0x140e2a741:call   0x14006f4f0 | 0x140e2a74a:call   0x14006f620 | 0x140e2a760:call   0x140aa0c50 | 0x140e2a76c:call   0x1400b9ca0 | 0x140e2a776:call   0x140067dc0 | 0x140e2cfdd:call   0x14006f7e0 | 0x140e2cfec:call   0x1415345d0	0x140e2a71f:cmp    BYTE PTR [rbp+0xe8],0x0
classic	126	PesteredVermin	0x140e2a780	0x140e2a789:cstring:after  | 0x140e2a798:cstring:being pestered by 	0x140e2a793:call   0x14006f4f0 | 0x140e2a7a2:call   0x14006f4f0 | 0x140e2a7ab:call   0x14006f620 | 0x140e2a7c1:call   0x140aa0c50 | 0x140e2a7cd:call   0x1400b9ca0 | 0x140e2a7d7:call   0x140067dc0 | 0x140e2cfdd:call   0x14006f7e0 | 0x140e2cfec:call   0x1415345d0	0x140e2a780:cmp    BYTE PTR [rbp+0xe8],0x0
classic	127	AcquiredItem	0x140e2a7e1	0x140e2a7ea:cstring:after  | 0x140e2a7f9:cstring:a satisfying acquisition	0x140e2a7f4:call   0x14006f4f0 | 0x140e2a803:call   0x14006f4f0 | 0x140e2cfdd:call   0x14006f7e0 | 0x140e2cfec:call   0x1415345d0	0x140e2a7e1:cmp    BYTE PTR [rbp+0xe8],0x0
classic	128	AdoptedPet	0x140e2a88f	0x140e2a898:cstring:after  | 0x140e2a8a7:cstring:adopting a new pet	0x140e2a8a2:call   0x14006f4f0 | 0x140e2a8b1:call   0x14006f4f0 | 0x140e2cfdd:call   0x14006f7e0 | 0x140e2cfec:call   0x1415345d0	0x140e2a88f:cmp    BYTE PTR [rbp+0xe8],0x0
classic	129	Jailed	0x140e2a8bb	0x140e2a8c4:cstring:after  | 0x140e2a8d3:cstring:being confined	0x140e2a8ce:call   0x14006f4f0 | 0x140e2a8dd:call   0x14006f4f0 | 0x140e2cfdd:call   0x14006f7e0 | 0x140e2cfec:call   0x1415345d0	0x140e2a8bb:cmp    BYTE PTR [rbp+0xe8],0x0
classic	130	Bath	0x140e2a8e7	0x140e2a8f0:cstring:after  | 0x140e2a8ff:cstring:a bath	0x140e2a8fa:call   0x14006f4f0 | 0x140e2a909:call   0x14006f4f0 | 0x140e2cfdd:call   0x14006f7e0 | 0x140e2cfec:call   0x1415345d0	0x140e2a8e7:cmp    BYTE PTR [rbp+0xe8],0x0
classic	131	SoapyBath	0x140e2a913	0x140e2a91c:cstring:after  | 0x140e2a92b:cstring:a soapy bath	0x140e2a926:call   0x14006f4f0 | 0x140e2a935:call   0x14006f4f0 | 0x140e2cfdd:call   0x14006f7e0 | 0x140e2cfec:call   0x1415345d0	0x140e2a913:cmp    BYTE PTR [rbp+0xe8],0x0
classic	132	SparringAccident	0x140e2a93f	0x140e2a948:cstring:after  | 0x140e2a957:cstring:killing somebody by accident while sparring	0x140e2a952:call   0x14006f4f0 | 0x140e2a961:call   0x14006f4f0 | 0x140e2cfdd:call   0x14006f7e0 | 0x140e2cfec:call   0x1415345d0	0x140e2a93f:cmp    BYTE PTR [rbp+0xe8],0x0
classic	133	Attacked	0x140e2a96b	0x140e2a974:cstring:after  | 0x140e2a983:cstring:being attacked	0x140e2a97e:call   0x14006f4f0 | 0x140e2a98d:call   0x14006f4f0 | 0x140e2cfdd:call   0x14006f7e0 | 0x140e2cfec:call   0x1415345d0	0x140e2a96b:cmp    BYTE PTR [rbp+0xe8],0x0
classic	134	AttackedByDead	0x140e2a997	0x140e2a9a5:cstring:after  | 0x140e2a9b4:cstring:being attacked by the dead | 0x140e2a9d1:cstring:after  | 0x140e2a9e0:cstring:being attacked by  | 0x140e2aa01:cstring:your | 0x140e2aa45:cstring: own dead 	0x140e2a9af:call   0x14006f4f0 | 0x140e2a9be:call   0x14006f4f0 | 0x140e2a9db:call   0x14006f4f0 | 0x140e2a9ea:call   0x14006f4f0 | 0x140e2aa0b:call   0x14006f4f0 | 0x140e2aa16:call   0x14006f620 | 0x140e2aa2a:call   0x140aa18d0 | 0x140e2aa36:call   0x1400b9ca0 | 0x140e2aa40:call   0x140067dc0 | 0x140e2aa4f:call   0x14006f4f0 | 0x140e2aa58:call   0x14006f620 | 0x140e2aa6b:call   0x140757fa0 | 0x140e2aa77:call   0x1400b9ca0 | 0x140e2aa81:call   0x140067dc0 | 0x140e2cfdd:call   0x14006f7e0 | 0x140e2cfec:call   0x1415345d0	0x140e2a997:cmp    edi,0xffffffff | 0x140e2a99c:cmp    BYTE PTR [rbp+0xe8],0x0 | 0x140e2a9c8:cmp    BYTE PTR [rbp+0xe8],0x0 | 0x140e2a9ef:cmp    DWORD PTR [rip+0xa6b872],0x1 | 0x140e2a9f8:cmp    rsi,QWORD PTR [rip+0x15b4601]
classic	135	SameBooze	0x140e2aa8b	0x140e2aa8b:cstring:drinking the same old booze	0x140e2aa95:call   0x14006f4f0 | 0x140e2cfdd:call   0x14006f7e0 | 0x140e2cfec:call   0x1415345d0	
classic	136	DrinkBlood	0x140e2aa9f	0x140e2aaa9:cstring:while  | 0x140e2aab2:cstring:being  | 0x140e2aabe:cstring:forced to drink bloody water	0x140e2aab9:call   0x14006f4f0 | 0x140e2aac8:call   0x14006f4f0 | 0x140e2cfdd:call   0x14006f7e0 | 0x140e2cfec:call   0x1415345d0	0x140e2aaa2:cmp    BYTE PTR [rbp+0xe8],0x0
classic	137	DrinkSlime	0x140e2aad2	0x140e2aadc:cstring:while  | 0x140e2aae5:cstring:being  | 0x140e2aaf1:cstring:forced to drink slime	0x140e2aaec:call   0x14006f4f0 | 0x140e2aafb:call   0x14006f4f0 | 0x140e2cfdd:call   0x14006f7e0 | 0x140e2cfec:call   0x1415345d0	0x140e2aad5:cmp    BYTE PTR [rbp+0xe8],0x0
classic	138	DrinkVomit	0x140e2ab05	0x140e2ab0f:cstring:while  | 0x140e2ab18:cstring:being  | 0x140e2ab24:cstring:forced to drink vomit	0x140e2ab1f:call   0x14006f4f0 | 0x140e2ab2e:call   0x14006f4f0 | 0x140e2cfdd:call   0x14006f7e0 | 0x140e2cfec:call   0x1415345d0	0x140e2ab08:cmp    BYTE PTR [rbp+0xe8],0x0
classic	139	DrinkGoo	0x140e2ab38	0x140e2ab42:cstring:while  | 0x140e2ab4b:cstring:being  | 0x140e2ab57:cstring:forced to drink gooey water	0x140e2ab52:call   0x14006f4f0 | 0x140e2ab61:call   0x14006f4f0 | 0x140e2cfdd:call   0x14006f7e0 | 0x140e2cfec:call   0x1415345d0	0x140e2ab3b:cmp    BYTE PTR [rbp+0xe8],0x0
classic	140	DrinkIchor	0x140e2ab6b	0x140e2ab75:cstring:while  | 0x140e2ab7e:cstring:being  | 0x140e2ab8a:cstring:forced to drink ichorous water	0x140e2ab85:call   0x14006f4f0 | 0x140e2ab94:call   0x14006f4f0 | 0x140e2cfdd:call   0x14006f7e0 | 0x140e2cfec:call   0x1415345d0	0x140e2ab6e:cmp    BYTE PTR [rbp+0xe8],0x0
classic	141	DrinkPus	0x140e2ab9e	0x140e2aba8:cstring:while  | 0x140e2abb1:cstring:being  | 0x140e2abbd:cstring:forced to drink purulent water	0x140e2abb8:call   0x14006f4f0 | 0x140e2abc7:call   0x14006f4f0 | 0x140e2cfdd:call   0x14006f7e0 | 0x140e2cfec:call   0x1415345d0	0x140e2aba1:cmp    BYTE PTR [rbp+0xe8],0x0
classic	142	NastyWater	0x140e2abd1	0x140e2abd1:cstring:drinking nasty water	0x140e2abdb:call   0x14006f4f0 | 0x140e2cfdd:call   0x14006f7e0 | 0x140e2cfec:call   0x1415345d0	
classic	143	DrankSpoiled	0x140e2abe5	0x140e2abee:cstring:after  | 0x140e2abfd:cstring:drinking something spoiled	0x140e2abf8:call   0x14006f4f0 | 0x140e2ac07:call   0x14006f4f0 | 0x140e2cfdd:call   0x14006f7e0 | 0x140e2cfec:call   0x1415345d0	0x140e2abe5:cmp    BYTE PTR [rbp+0xe8],0x0
classic	144	LackWell	0x140e2ac3d	0x140e2ac46:cstring:after  | 0x140e2ac55:cstring:drinking water without a well	0x140e2ac50:call   0x14006f4f0 | 0x140e2ac5f:call   0x14006f4f0 | 0x140e2cfdd:call   0x14006f7e0 | 0x140e2cfec:call   0x1415345d0	0x140e2ac3d:cmp    BYTE PTR [rbp+0xe8],0x0
classic	145	NearCaged	0x140e2ac69	0x140e2ac72:cstring:after  | 0x140e2ac81:cstring:being near to a  | 0x140e2acbb:cstring: in a cage	0x140e2ac7c:call   0x14006f4f0 | 0x140e2ac8b:call   0x14006f4f0 | 0x140e2ac94:call   0x14006f620 | 0x140e2acaa:call   0x140aa0c50 | 0x140e2acb6:call   0x1400b9ca0 | 0x140e2acc5:call   0x14006f4f0 | 0x140e2accf:call   0x140067dc0 | 0x140e2cfdd:call   0x14006f7e0 | 0x140e2cfec:call   0x1415345d0	0x140e2ac69:cmp    BYTE PTR [rbp+0xe8],0x0
classic	146	NearCagedHated	0x140e2acd9	0x140e2ace2:cstring:after  | 0x140e2acf1:cstring:being near to a  | 0x140e2ad2b:cstring: in a cage	0x140e2acec:call   0x14006f4f0 | 0x140e2acfb:call   0x14006f4f0 | 0x140e2ad04:call   0x14006f620 | 0x140e2ad1a:call   0x140aa0c50 | 0x140e2ad26:call   0x1400b9ca0 | 0x140e2ad35:call   0x14006f4f0 | 0x140e2ad3f:call   0x140067dc0 | 0x140e2cfdd:call   0x14006f7e0 | 0x140e2cfec:call   0x1415345d0	0x140e2acd9:cmp    BYTE PTR [rbp+0xe8],0x0
classic	147	LackBedroom	0x140e2ad49	0x140e2ad52:cstring:after  | 0x140e2ad61:cstring:sleeping without a proper room	0x140e2ad5c:call   0x14006f4f0 | 0x140e2ad6b:call   0x14006f4f0 | 0x140e2cfdd:call   0x14006f7e0 | 0x140e2cfec:call   0x1415345d0	0x140e2ad49:cmp    BYTE PTR [rbp+0xe8],0x0
classic	148	BedroomQuality	0x140e2ad75	0x140e2ad7e:cstring:after  | 0x140e2ad8d:cstring:sleeping in  | 0x140e2adbd:cstring:a bedroom like a personal palace | 0x140e2add1:cstring:a fantastic bedroom | 0x140e2ade5:cstring:a great bedroom | 0x140e2adf9:cstring:a very good bedroom | 0x140e2ae0d:cstring:a good bedroom | 0x140e2ae21:cstring:a horribly substandard bedroom | 0x140e2ae35:cstring:a horrible bedroom | 0x140e2ae49:cstring:an awful bedroom | 0x140e2ae5d:cstring:a very poor bedroom | 0x140e2ae71:cstring:a poor bedroom	0x140e2ad88:call   0x14006f4f0 | 0x140e2ad97:call   0x14006f4f0 | 0x140e2adc7:call   0x14006f4f0 | 0x140e2addb:call   0x14006f4f0 | 0x140e2adef:call   0x14006f4f0 | 0x140e2ae03:call   0x14006f4f0 | 0x140e2ae17:call   0x14006f4f0 | 0x140e2ae2b:call   0x14006f4f0 | 0x140e2ae3f:call   0x14006f4f0 | 0x140e2ae53:call   0x14006f4f0 | 0x140e2ae67:call   0x14006f4f0 | 0x140e2ae7b:call   0x14006f4f0 | 0x140e2cfdd:call   0x14006f7e0 | 0x140e2cfec:call   0x1415345d0	0x140e2ad75:cmp    BYTE PTR [rbp+0xe8],0x0 | 0x140e2ada5:cmp    eax,0xa
classic	149	SleptFloor	0x140e2ae85	0x140e2ae8e:cstring:after  | 0x140e2ae9d:cstring:sleeping on the floor	0x140e2ae98:call   0x14006f4f0 | 0x140e2aea7:call   0x14006f4f0 | 0x140e2cfdd:call   0x14006f7e0 | 0x140e2cfec:call   0x1415345d0	0x140e2ae85:cmp    BYTE PTR [rbp+0xe8],0x0
classic	150	SleptMud	0x140e2aeb1	0x140e2aeba:cstring:after  | 0x140e2aec9:cstring:sleeping in the mud	0x140e2aec4:call   0x14006f4f0 | 0x140e2aed3:call   0x14006f4f0 | 0x140e2cfdd:call   0x14006f7e0 | 0x140e2cfec:call   0x1415345d0	0x140e2aeb1:cmp    BYTE PTR [rbp+0xe8],0x0
classic	151	SleptGrass	0x140e2aedd	0x140e2aee6:cstring:after  | 0x140e2aef5:cstring:sleeping in the grass	0x140e2aef0:call   0x14006f4f0 | 0x140e2aeff:call   0x14006f4f0 | 0x140e2cfdd:call   0x14006f7e0 | 0x140e2cfec:call   0x1415345d0	0x140e2aedd:cmp    BYTE PTR [rbp+0xe8],0x0
classic	152	SleptRoughFloor	0x140e2af09	0x140e2af12:cstring:after  | 0x140e2af21:cstring:sleeping on a rough cave floor	0x140e2af1c:call   0x14006f4f0 | 0x140e2af2b:call   0x14006f4f0 | 0x140e2cfdd:call   0x14006f7e0 | 0x140e2cfec:call   0x1415345d0	0x140e2af09:cmp    BYTE PTR [rbp+0xe8],0x0
classic	153	SleptRocks	0x140e2af35	0x140e2af3e:cstring:after  | 0x140e2af4d:cstring:sleeping on rocks	0x140e2af48:call   0x14006f4f0 | 0x140e2af57:call   0x14006f4f0 | 0x140e2cfdd:call   0x14006f7e0 | 0x140e2cfec:call   0x1415345d0	0x140e2af35:cmp    BYTE PTR [rbp+0xe8],0x0
classic	154	SleptIce	0x140e2af61	0x140e2af6a:cstring:after  | 0x140e2af79:cstring:sleeping on ice	0x140e2af74:call   0x14006f4f0 | 0x140e2af83:call   0x14006f4f0 | 0x140e2cfdd:call   0x14006f7e0 | 0x140e2cfec:call   0x1415345d0	0x140e2af61:cmp    BYTE PTR [rbp+0xe8],0x0
classic	155	SleptDirt	0x140e2af8d	0x140e2af96:cstring:after  | 0x140e2afa5:cstring:sleeping in the dirt	0x140e2afa0:call   0x14006f4f0 | 0x140e2afaf:call   0x14006f4f0 | 0x140e2cfdd:call   0x14006f7e0 | 0x140e2cfec:call   0x1415345d0	0x140e2af8d:cmp    BYTE PTR [rbp+0xe8],0x0
classic	156	SleptDriftwood	0x140e2afb9	0x140e2afc2:cstring:after  | 0x140e2afd1:cstring:sleeping on a pile of driftwood	0x140e2afcc:call   0x14006f4f0 | 0x140e2afdb:call   0x14006f4f0 | 0x140e2cfdd:call   0x14006f7e0 | 0x140e2cfec:call   0x1415345d0	0x140e2afb9:cmp    BYTE PTR [rbp+0xe8],0x0
classic	157	ArtDefacement	0x140e2afe5	0x140e2afee:cstring:after  | 0x140e2affd:cstring:suffering the travesty of art defacement	0x140e2aff8:call   0x14006f4f0 | 0x140e2b007:call   0x14006f4f0 | 0x140e2cfdd:call   0x14006f7e0 | 0x140e2cfec:call   0x1415345d0	0x140e2afe5:cmp    BYTE PTR [rbp+0xe8],0x0
classic	158	Evicted	0x140e2b011	0x140e2b01a:cstring:after  | 0x140e2b029:cstring:being evicted	0x140e2b024:call   0x14006f4f0 | 0x140e2b033:call   0x14006f4f0 | 0x140e2cfdd:call   0x14006f7e0 | 0x140e2cfec:call   0x1415345d0	0x140e2b011:cmp    BYTE PTR [rbp+0xe8],0x0
classic	159	GaveBirth	0x140e2b748	0x140e2b751:cstring:after  | 0x140e2b760:cstring:giving birth to 	0x140e2b75b:call   0x14006f4f0 | 0x140e2b76a:call   0x14006f4f0 | 0x140e2b795:call   0x1406db280 | 0x140e2b7a1:call   0x1400b9ca0 | 0x140e2cfdd:call   0x14006f7e0 | 0x140e2cfec:call   0x1415345d0	0x140e2b748:cmp    BYTE PTR [rbp+0xe8],0x0
classic	160	SpouseGaveBirth	0x140e2b7ab	0x140e2b7cb:cstring:after  | 0x140e2b7da:cstring:becoming a parent | 0x140e2b7f8:cstring: of  | 0x140e2b824:cstring:after  | 0x140e2b83f:cstring:gaining siblings | 0x140e2b850:cstring:gaining a sibling | 0x140e2b86a:cstring:while  | 0x140e2b879:cstring:getting married	0x140e2b795:call   0x1406db280 | 0x140e2b7a1:call   0x1400b9ca0 | 0x140e2b7d5:call   0x14006f4f0 | 0x140e2b7e4:call   0x14006f4f0 | 0x140e2b802:call   0x14006f4f0 | 0x140e2b82e:call   0x14006f4f0 | 0x140e2b846:call   0x14006f4f0 | 0x140e2b857:call   0x14006f4f0 | 0x140e2b874:call   0x14006f4f0 | 0x140e2b883:call   0x14006f4f0 | 0x140e2cfdd:call   0x14006f7e0 | 0x140e2cfec:call   0x1415345d0	0x140e2b7b9:cmp    edi,0x1 | 0x140e2b7c2:cmp    BYTE PTR [rbp+0xe8],0x0 | 0x140e2b7ef:cmp    edi,0x1 | 0x140e2b81b:cmp    BYTE PTR [rbp+0xe8],0x0 | 0x140e2b836:cmp    DWORD PTR [rbp+0xe0],0x1 | 0x140e2b861:cmp    BYTE PTR [rbp+0xe8],0x0
classic	161	ReceivedWater	0x140e2b88d	0x140e2b896:cstring:after  | 0x140e2b8a5:cstring:receiving water	0x140e2b8a0:call   0x14006f4f0 | 0x140e2b8af:call   0x14006f4f0 | 0x140e2cfdd:call   0x14006f7e0 | 0x140e2cfec:call   0x1415345d0	0x140e2b88d:cmp    BYTE PTR [rbp+0xe8],0x0
classic	162	GaveWater	0x140e2b8b9	0x140e2b8c2:cstring:after  | 0x140e2b8d1:cstring:giving somebody water	0x140e2b8cc:call   0x14006f4f0 | 0x140e2b8db:call   0x14006f4f0 | 0x140e2cfdd:call   0x14006f7e0 | 0x140e2cfec:call   0x1415345d0	0x140e2b8b9:cmp    BYTE PTR [rbp+0xe8],0x0
classic	163	ReceivedFood	0x140e2b8e5	0x140e2b8ee:cstring:after  | 0x140e2b8fd:cstring:receiving food	0x140e2b8f8:call   0x14006f4f0 | 0x140e2b907:call   0x14006f4f0 | 0x140e2cfdd:call   0x14006f7e0 | 0x140e2cfec:call   0x1415345d0	0x140e2b8e5:cmp    BYTE PTR [rbp+0xe8],0x0
classic	164	GaveFood	0x140e2b911	0x140e2b91a:cstring:after  | 0x140e2b929:cstring:giving somebody food	0x140e2b924:call   0x14006f4f0 | 0x140e2b933:call   0x14006f4f0 | 0x140e2cfdd:call   0x14006f7e0 | 0x140e2cfec:call   0x1415345d0	0x140e2b911:cmp    BYTE PTR [rbp+0xe8],0x0
classic	165	Talked	0x140e2bdbc	0x140e2bde0:cstring:visiting with a pet | 0x140e2bdf4:cstring:talking with the spouse | 0x140e2be08:cstring:talking with a lover | 0x140e2be1c:cstring:talking with a sibling | 0x140e2be30:cstring:talking with mother | 0x140e2be44:cstring:talking with father | 0x140e2be58:cstring:talking with a child | 0x140e2be6c:cstring:visiting with an animal training partner | 0x140e2be80:cstring:talking with a friend | 0x140e2be94:cstring:talking with an acquaintance | 0x140e2beb2:cstring:when  | 0x140e2bebb:cstring:being  | 0x140e2bec7:cstring:forced to talk to somebody annoying | 0x140e2bedb:cstring:talking with somebody	0x140e2bdea:call   0x14006f4f0 | 0x140e2bdfe:call   0x14006f4f0 | 0x140e2be12:call   0x14006f4f0 | 0x140e2be26:call   0x14006f4f0 | 0x140e2be3a:call   0x14006f4f0 | 0x140e2be4e:call   0x14006f4f0 | 0x140e2be62:call   0x14006f4f0 | 0x140e2be76:call   0x14006f4f0 | 0x140e2be8a:call   0x14006f4f0 | 0x140e2be9e:call   0x14006f4f0 | 0x140e2bec2:call   0x14006f4f0 | 0x140e2bed1:call   0x14006f4f0 | 0x140e2bee5:call   0x14006f4f0 | 0x140e2cfdd:call   0x14006f7e0 | 0x140e2cfec:call   0x1415345d0	0x140e2bdbe:cmp    edi,0x32 | 0x140e2beab:cmp    BYTE PTR [rbp+0xe8],0x0
classic	166	OfficeQuality	0x140e2beef	0x140e2bef8:cstring:after  | 0x140e2bf07:cstring:conducting a meeting in  | 0x140e2bf37:cstring:a setting worthy of legends | 0x140e2bf4b:cstring:a fantastic setting | 0x140e2bf5f:cstring:a great setting | 0x140e2bf73:cstring:a very good setting | 0x140e2bf87:cstring:a good setting | 0x140e2bf9b:cstring:a horribly substandard setting | 0x140e2bfaf:cstring:a horrible setting | 0x140e2bfc3:cstring:an awful setting | 0x140e2bfd7:cstring:a very poor setting | 0x140e2bfeb:cstring:a poor setting	0x140e2bf02:call   0x14006f4f0 | 0x140e2bf11:call   0x14006f4f0 | 0x140e2bf41:call   0x14006f4f0 | 0x140e2bf55:call   0x14006f4f0 | 0x140e2bf69:call   0x14006f4f0 | 0x140e2bf7d:call   0x14006f4f0 | 0x140e2bf91:call   0x14006f4f0 | 0x140e2bfa5:call   0x14006f4f0 | 0x140e2bfb9:call   0x14006f4f0 | 0x140e2bfcd:call   0x14006f4f0 | 0x140e2bfe1:call   0x14006f4f0 | 0x140e2bff5:call   0x14006f4f0 | 0x140e2cfdd:call   0x14006f7e0 | 0x140e2cfec:call   0x1415345d0	0x140e2beef:cmp    BYTE PTR [rbp+0xe8],0x0 | 0x140e2bf1f:cmp    eax,0xa
classic	167	MeetingInBedroom	0x140e2bfff	0x140e2bfff:cstring:having to conduct an official meeting in a bedroom	0x140e2c009:call   0x14006f4f0 | 0x140e2cfdd:call   0x14006f7e0 | 0x140e2cfec:call   0x1415345d0	
classic	168	MeetingInDiningRoom	0x140e2c013	0x140e2c013:cstring:having to conduct an official meeting in a dining room	0x140e2c01d:call   0x14006f4f0 | 0x140e2cfdd:call   0x14006f7e0 | 0x140e2cfec:call   0x1415345d0	
classic	169	NoRooms	0x140e2c027	0x140e2c027:cstring:not having any rooms	0x140e2c031:call   0x14006f4f0 | 0x140e2cfdd:call   0x14006f7e0 | 0x140e2cfec:call   0x1415345d0	
classic	170	TombQuality	0x140e2c03b	0x140e2c03b:cstring:having  | 0x140e2c06b:cstring:a legendary | 0x140e2c07a:cstring: tomb after gaining another year | 0x140e2c08e:cstring:a fantastic | 0x140e2c09d:cstring: tomb after gaining another year | 0x140e2c0b1:cstring:a great | 0x140e2c0c0:cstring: tomb after gaining another year | 0x140e2c0d4:cstring:a very good | 0x140e2c0e3:cstring: tomb after gaining another year | 0x140e2c0f7:cstring:a good | 0x140e2c106:cstring: tomb after gaining another year | 0x140e2c11a:cstring:a poor | 0x140e2c129:cstring: tomb after gaining another year | 0x140e2c13d:cstring:a very poor | 0x140e2c14c:cstring: tomb after gaining another year | 0x140e2c160:cstring:an awful | 0x140e2c16f:cstring: tomb after gaining another year | 0x140e2c183:cstring:a horrible | 0x140e2c192:cstring: tomb after gaining another year | 0x140e2c1a6:cstring:a horribly substandard | 0x140e2c1b5:cstring: tomb after gaining another year	0x140e2c045:call   0x14006f4f0 | 0x140e2c075:call   0x14006f4f0 | 0x140e2c084:call   0x14006f4f0 | 0x140e2c098:call   0x14006f4f0 | 0x140e2c0a7:call   0x14006f4f0 | 0x140e2c0bb:call   0x14006f4f0 | 0x140e2c0ca:call   0x14006f4f0 | 0x140e2c0de:call   0x14006f4f0 | 0x140e2c0ed:call   0x14006f4f0 | 0x140e2c101:call   0x14006f4f0 | 0x140e2c110:call   0x14006f4f0 | 0x140e2c124:call   0x14006f4f0 | 0x140e2c133:call   0x14006f4f0 | 0x140e2c147:call   0x14006f4f0 | 0x140e2c156:call   0x14006f4f0 | 0x140e2c16a:call   0x14006f4f0 | 0x140e2c179:call   0x14006f4f0 | 0x140e2c18d:call   0x14006f4f0 | 0x140e2c19c:call   0x14006f4f0 | 0x140e2c1b0:call   0x14006f4f0 | 0x140e2c1bf:call   0x14006f4f0 | 0x140e2cfdd:call   0x14006f7e0 | 0x140e2cfec:call   0x1415345d0	0x140e2c053:cmp    eax,0xa
classic	171	TombLack	0x140e2c1c9	0x140e2c1d2:cstring:about  | 0x140e2c1e1:cstring:not having a tomb after gaining another year	0x140e2c1dc:call   0x14006f4f0 | 0x140e2c1eb:call   0x14006f4f0 | 0x140e2cfdd:call   0x14006f7e0 | 0x140e2cfec:call   0x1415345d0	0x140e2c1c9:cmp    BYTE PTR [rbp+0xe8],0x0
classic	172	TalkToNoble	0x140e2c1f5	0x140e2c1f5:cstring:after talking to a pillar of society	0x140e2c1ff:call   0x14006f4f0 | 0x140e2cfdd:call   0x14006f7e0 | 0x140e2cfec:call   0x1415345d0	
classic	173	InteractPet	0x140e2c209	0x140e2c212:cstring:after  | 0x140e2c221:cstring:interacting with a pet	0x140e2c21c:call   0x14006f4f0 | 0x140e2c22b:call   0x14006f4f0 | 0x140e2cfdd:call   0x14006f7e0 | 0x140e2cfec:call   0x1415345d0	0x140e2c209:cmp    BYTE PTR [rbp+0xe8],0x0
classic	174	ConvictionCorpse	0x140e2c350	0x140e2c359:cstring:after  | 0x140e2c368:cstring:a long-dead corpse was convicted of a crime	0x140e2c363:call   0x14006f4f0 | 0x140e2c372:call   0x14006f4f0 | 0x140e2cfdd:call   0x14006f7e0 | 0x140e2cfec:call   0x1415345d0	0x140e2c350:cmp    BYTE PTR [rbp+0xe8],0x0
classic	175	ConvictionAnimal	0x140e2c37c	0x140e2c385:cstring:after  | 0x140e2c394:cstring:an animal was convicted of a crime	0x140e2c38f:call   0x14006f4f0 | 0x140e2c39e:call   0x14006f4f0 | 0x140e2cfdd:call   0x14006f7e0 | 0x140e2cfec:call   0x1415345d0	0x140e2c37c:cmp    BYTE PTR [rbp+0xe8],0x0
classic	176	ConvictionVictim	0x140e2c3a8	0x140e2c3b1:cstring:after  | 0x140e2c3c0:cstring:the bizarre conviction against all reason of the victim of a crime	0x140e2c3bb:call   0x14006f4f0 | 0x140e2c3ca:call   0x14006f4f0 | 0x140e2cfdd:call   0x14006f7e0 | 0x140e2cfec:call   0x1415345d0	0x140e2c3a8:cmp    BYTE PTR [rbp+0xe8],0x0
classic	177	ConvictionJusticeSelf	0x140e2c3d4	0x140e2c3dd:cstring:upon  | 0x140e2c3ec:cstring:receiving justice through a criminal's conviction	0x140e2c3e7:call   0x14006f4f0 | 0x140e2c3f6:call   0x14006f4f0 | 0x140e2cfdd:call   0x14006f7e0 | 0x140e2cfec:call   0x1415345d0	0x140e2c3d4:cmp    BYTE PTR [rbp+0xe8],0x0
classic	178	ConvictionJusticeFamily	0x140e2c400	0x140e2c400:cstring:when a family member received justice through a criminal's conviction	0x140e2c40a:call   0x14006f4f0 | 0x140e2cfdd:call   0x14006f7e0 | 0x140e2cfec:call   0x1415345d0	
classic	179	Decay	0x140e2c414	0x140e2c441:cstring:after  | 0x140e2c450:cstring:being forced to endure the decay of a pet | 0x140e2c46d:cstring:after  | 0x140e2c47c:cstring:being forced to endure the decay of a spouse | 0x140e2c499:cstring:after  | 0x140e2c4a8:cstring:being forced to endure the decay of a lover | 0x140e2c4c5:cstring:after  | 0x140e2c4d4:cstring:being forced to endure the decay of a sibling | 0x140e2c4f1:cstring:after  | 0x140e2c500:cstring:being forced to endure the decay of a mother | 0x140e2c51d:cstring:after  | 0x140e2c52c:cstring:being forced to endure the decay of a father | 0x140e2c549:cstring:after  | 0x140e2c558:cstring:being forced to endure the decay of a child | 0x140e2c575:cstring:after  | 0x140e2c584:cstring:being forced to endure the decay of an animal training partner | 0x140e2c5a1:cstring:after  | 0x140e2c5b0:cstring:being forced to endure the decay of a friend | 0x140e2c5cd:cstring:after  | 0x140e2c5dc:cstring:being forced to endure the decay of an annoying acquaintance | 0x140e2c5f9:cstring:after  | 0x140e2c608:cstring:being forced to endure the decay of an acquaintance	0x140e2c44b:call   0x14006f4f0 | 0x140e2c45a:call   0x14006f4f0 | 0x140e2c477:call   0x14006f4f0 | 0x140e2c486:call   0x14006f4f0 | 0x140e2c4a3:call   0x14006f4f0 | 0x140e2c4b2:call   0x14006f4f0 | 0x140e2c4cf:call   0x14006f4f0 | 0x140e2c4de:call   0x14006f4f0 | 0x140e2c4fb:call   0x14006f4f0 | 0x140e2c50a:call   0x14006f4f0 | 0x140e2c527:call   0x14006f4f0 | 0x140e2c536:call   0x14006f4f0 | 0x140e2c553:call   0x14006f4f0 | 0x140e2c562:call   0x14006f4f0 | 0x140e2c57f:call   0x14006f4f0 | 0x140e2c58e:call   0x14006f4f0 | 0x140e2c5ab:call   0x14006f4f0 | 0x140e2c5ba:call   0x14006f4f0 | 0x140e2c5d7:call   0x14006f4f0 | 0x140e2c5e6:call   0x14006f4f0 | 0x140e2c603:call   0x14006f4f0 | 0x140e2c612:call   0x14006f4f0 | 0x140e2cfdd:call   0x14006f7e0 | 0x140e2cfec:call   0x1415345d0	0x140e2c416:cmp    edi,0x32 | 0x140e2c438:cmp    BYTE PTR [rbp+0xe8],0x0 | 0x140e2c464:cmp    BYTE PTR [rbp+0xe8],0x0 | 0x140e2c490:cmp    BYTE PTR [rbp+0xe8],0x0 | 0x140e2c4bc:cmp    BYTE PTR [rbp+0xe8],0x0 | 0x140e2c4e8:cmp    BYTE PTR [rbp+0xe8],0x0 | 0x140e2c514:cmp    BYTE PTR [rbp+0xe8],0x0 | 0x140e2c540:cmp    BYTE PTR [rbp+0xe8],0x0 | 0x140e2c56c:cmp    BYTE PTR [rbp+0xe8],0x0 | 0x140e2c598:cmp    BYTE PTR [rbp+0xe8],0x0 | 0x140e2c5c4:cmp    BYTE PTR [rbp+0xe8],0x0 | 0x140e2c5f0:cmp    BYTE PTR [rbp+0xe8],0x0
classic	180	NeedsUnfulfilled	0x140e2c61c	0x140e2c63b:cstring:after  | 0x140e2c64a:cstring:being away from people for too long | 0x140e2c667:cstring:after  | 0x140e2c676:cstring:being kept from alcohol for too long | 0x140e2c693:cstring:after  | 0x140e2c6a2:cstring:being unable to pray | 0x140e2c6bc:cstring: to  | 0x140e2c6fe:cstring: for too long | 0x140e2c71b:cstring:after  | 0x140e2c72a:cstring:being unoccupied for too long | 0x140e2c747:cstring:after  | 0x140e2c756:cstring:being unable to admire art for so long | 0x140e2c773:cstring:after  | 0x140e2c782:cstring:doing nothing creative for so long | 0x140e2c79f:cstring:after  | 0x140e2c7ae:cstring:leading an unexciting life for so long | 0x140e2c7cb:cstring:after  | 0x140e2c7da:cstring:not learning anything for so long | 0x140e2c7f7:cstring:after  | 0x140e2c806:cstring:being away from family for too long | 0x140e2c823:cstring:after  | 0x140e2c832:cstring:being away from friends for too long | 0x140e2c84f:cstring:after  | 0x140e2c85e:cstring:being unable to hear eloquent speech for so long | 0x140e2c87b:cstring:after  | 0x140e2c88a:cstring:being away from traditions for too long | 0x140e2c8a7:cstring:after  | 0x140e2c8b6:cstring:a lack of introspection for too long | 0x140e2c8d3:cstring:after  | 0x140e2c8e2:cstring:being unable to make merry for so long | 0x140e2c8ff:cstring:after  | 0x140e2c90e:cstring:being unable to practice a craft for too long | 0x140e2c92b:cstring:after  | 0x140e2c93a:cstring:being unable to practice a martial art for too long | 0x140e2c957:cstring:after  | 0x140e2c966:cstring:being unable to practice a skill for too long | 0x140e2c983:cstring:after  | 0x140e2c992:cstring:being unable to take it easy for so long | 0x140e2c9af:cstring:after  | 0x140e2c9be:cstring:being unable to make romance for so long | 0x140e2c9db:cstring:after  | 0x140e2c9ea:cstring:being away from animals for so long | 0x140e2ca07:cstring:after  | 0x140e2ca16:cstring:being away from great beasts for so long | 0x140e2ca33:cstring:after  | 0x140e2ca42:cstring:being unable to acquire something for too long | 0x140e2ca5f:cstring:after  | 0x140e2ca6e:cstring:a lack of decent meals for too long | 0x140e2ca8b:cstring:after  | 0x140e2ca9a:cstring:being unable to fight for too long | 0x140e2cab7:cstring:after  | 0x140e2cac6:cstring:a lack of trouble-making for too long | 0x140e2cae3:cstring:after  | 0x140e2caf2:cstring:being unable to argue for too long | 0x140e2cb0f:cstring:after  | 0x140e2cb1e:cstring:being unable to be extravagant for so long | 0x140e2cb3b:cstring:after  | 0x140e2cb4a:cstring:being unable to wander for too long | 0x140e2cb67:cstring:after  | 0x140e2cb76:cstring:being unable to help anybody for too long | 0x140e2cb93:cstring:after  | 0x140e2cba2:cstring:a lack of abstract thinking for too long	0x140e2c645:call   0x14006f4f0 | 0x140e2c654:call   0x14006f4f0 | 0x140e2c671:call   0x14006f4f0 | 0x140e2c680:call   0x14006f4f0 | 0x140e2c69d:call   0x14006f4f0 | 0x140e2c6ac:call   0x14006f4f0 | 0x140e2c6c6:call   0x14006f4f0 | 0x140e2c6d0:call   0x140072010 | 0x140e2c6f9:call   0x140b8ff50 | 0x140e2c708:call   0x14006f4f0 | 0x140e2c725:call   0x14006f4f0 | 0x140e2c734:call   0x14006f4f0 | 0x140e2c751:call   0x14006f4f0 | 0x140e2c760:call   0x14006f4f0 | 0x140e2c77d:call   0x14006f4f0 | 0x140e2c78c:call   0x14006f4f0 | 0x140e2c7a9:call   0x14006f4f0 | 0x140e2c7b8:call   0x14006f4f0 | 0x140e2c7d5:call   0x14006f4f0 | 0x140e2c7e4:call   0x14006f4f0 | 0x140e2c801:call   0x14006f4f0 | 0x140e2c810:call   0x14006f4f0 | 0x140e2c82d:call   0x14006f4f0 | 0x140e2c83c:call   0x14006f4f0 | 0x140e2c859:call   0x14006f4f0 | 0x140e2c868:call   0x14006f4f0 | 0x140e2c885:call   0x14006f4f0 | 0x140e2c894:call   0x14006f4f0 | 0x140e2c8b1:call   0x14006f4f0 | 0x140e2c8c0:call   0x14006f4f0 | 0x140e2c8dd:call   0x14006f4f0 | 0x140e2c8ec:call   0x14006f4f0 | 0x140e2c909:call   0x14006f4f0 | 0x140e2c918:call   0x14006f4f0 | 0x140e2c935:call   0x14006f4f0 | 0x140e2c944:call   0x14006f4f0 | 0x140e2c961:call   0x14006f4f0 | 0x140e2c970:call   0x14006f4f0 | 0x140e2c98d:call   0x14006f4f0 | 0x140e2c99c:call   0x14006f4f0 | 0x140e2c9b9:call   0x14006f4f0 | 0x140e2c9c8:call   0x14006f4f0 | 0x140e2c9e5:call   0x14006f4f0 | 0x140e2c9f4:call   0x14006f4f0 | 0x140e2ca11:call   0x14006f4f0 | 0x140e2ca20:call   0x14006f4f0 | 0x140e2ca3d:call   0x14006f4f0 | 0x140e2ca4c:call   0x14006f4f0 | 0x140e2ca69:call   0x14006f4f0 | 0x140e2ca78:call   0x14006f4f0 | 0x140e2ca95:call   0x14006f4f0 | 0x140e2caa4:call   0x14006f4f0 | 0x140e2cac1:call   0x14006f4f0 | 0x140e2cad0:call   0x14006f4f0 | 0x140e2caed:call   0x14006f4f0 | 0x140e2cafc:call   0x14006f4f0 | 0x140e2cb19:call   0x14006f4f0 | 0x140e2cb28:call   0x14006f4f0 | 0x140e2cb45:call   0x14006f4f0 | 0x140e2cb54:call   0x14006f4f0 | 0x140e2cb71:call   0x14006f4f0 | 0x140e2cb80:call   0x14006f4f0 | 0x140e2cb9d:call   0x14006f4f0 | 0x140e2cbac:call   0x14006f4f0 | 0x140e2cfdd:call   0x14006f7e0 | 0x140e2cfec:call   0x1415345d0	0x140e2c61c:cmp    edi,0x1d | 0x140e2c632:cmp    BYTE PTR [rbp+0xe8],0x0 | 0x140e2c65e:cmp    BYTE PTR [rbp+0xe8],0x0 | 0x140e2c68a:cmp    BYTE PTR [rbp+0xe8],0x0 | 0x140e2c6b7:cmp    edi,0xffffffff | 0x140e2c712:cmp    BYTE PTR [rbp+0xe8],0x0 | 0x140e2c73e:cmp    BYTE PTR [rbp+0xe8],0x0 | 0x140e2c76a:cmp    BYTE PTR [rbp+0xe8],0x0 | 0x140e2c796:cmp    BYTE PTR [rbp+0xe8],0x0 | 0x140e2c7c2:cmp    BYTE PTR [rbp+0xe8],0x0 | 0x140e2c7ee:cmp    BYTE PTR [rbp+0xe8],0x0 | 0x140e2c81a:cmp    BYTE PTR [rbp+0xe8],0x0 | 0x140e2c846:cmp    BYTE PTR [rbp+0xe8],0x0 | 0x140e2c872:cmp    BYTE PTR [rbp+0xe8],0x0 | 0x140e2c89e:cmp    BYTE PTR [rbp+0xe8],0x0 | 0x140e2c8ca:cmp    BYTE PTR [rbp+0xe8],0x0 | 0x140e2c8f6:cmp    BYTE PTR [rbp+0xe8],0x0 | 0x140e2c922:cmp    BYTE PTR [rbp+0xe8],0x0 | 0x140e2c94e:cmp    BYTE PTR [rbp+0xe8],0x0 | 0x140e2c97a:cmp    BYTE PTR [rbp+0xe8],0x0 | 0x140e2c9a6:cmp    BYTE PTR [rbp+0xe8],0x0 | 0x140e2c9d2:cmp    BYTE PTR [rbp+0xe8],0x0 | 0x140e2c9fe:cmp    BYTE PTR [rbp+0xe8],0x0 | 0x140e2ca2a:cmp    BYTE PTR [rbp+0xe8],0x0 | 0x140e2ca56:cmp    BYTE PTR [rbp+0xe8],0x0 | 0x140e2ca82:cmp    BYTE PTR [rbp+0xe8],0x0 | 0x140e2caae:cmp    BYTE PTR [rbp+0xe8],0x0 | 0x140e2cada:cmp    BYTE PTR [rbp+0xe8],0x0 | 0x140e2cb06:cmp    BYTE PTR [rbp+0xe8],0x0 | 0x140e2cb32:cmp    BYTE PTR [rbp+0xe8],0x0 | 0x140e2cb5e:cmp    BYTE PTR [rbp+0xe8],0x0 | 0x140e2cb8a:cmp    BYTE PTR [rbp+0xe8],0x0
classic	181	Prayer	0x140e2cd14	0x140e2cd1d:cstring:after  | 0x140e2cd2c:cstring:communing with 	0x140e2cd27:call   0x14006f4f0 | 0x140e2cd36:call   0x14006f4f0 | 0x140e2cd40:call   0x140072010 | 0x140e2cd69:call   0x140b8ff50 | 0x140e2cfdd:call   0x14006f7e0 | 0x140e2cfec:call   0x1415345d0	0x140e2cd14:cmp    BYTE PTR [rbp+0xe8],0x0
classic	182	DrinkWithoutCup	0x140e2ac11	0x140e2ac1a:cstring:after  | 0x140e2ac29:cstring:having a drink without using a goblet, cup or mug	0x140e2ac24:call   0x14006f4f0 | 0x140e2ac33:call   0x14006f4f0 | 0x140e2cfdd:call   0x14006f7e0 | 0x140e2cfec:call   0x1415345d0	0x140e2ac11:cmp    BYTE PTR [rbp+0xe8],0x0
classic	183	ResearchBreakthrough	0x140e2b53c	0x140e2b545:cstring:after  | 0x140e2b554:cstring:making a breakthrough concerning 	0x140e2b54f:call   0x14006f4f0 | 0x140e2b55e:call   0x14006f4f0 | 0x140e2b567:call   0x14006f620 | 0x140e2b571:call   0x140072360 | 0x140e2b595:call   0x140edb7a0 | 0x140e2b5a1:call   0x1400b9ca0 | 0x140e2b5ab:call   0x140072300 | 0x140e2b5b5:call   0x140067dc0 | 0x140e2cfdd:call   0x14006f7e0 | 0x140e2cfec:call   0x1415345d0	0x140e2b53c:cmp    BYTE PTR [rbp+0xe8],0x0
classic	184	ResearchStalled	0x140e2b5bf	0x140e2b5c8:cstring:after  | 0x140e2b5d7:cstring:being unable to advance the study of 	0x140e2b5d2:call   0x14006f4f0 | 0x140e2b5e1:call   0x14006f4f0 | 0x140e2b5ea:call   0x14006f620 | 0x140e2b5f4:call   0x140072360 | 0x140e2b618:call   0x140ef3f20 | 0x140e2b624:call   0x1400b9ca0 | 0x140e2b62e:call   0x140072300 | 0x140e2b638:call   0x140067dc0 | 0x140e2cfdd:call   0x14006f7e0 | 0x140e2cfec:call   0x1415345d0	0x140e2b5bf:cmp    BYTE PTR [rbp+0xe8],0x0
classic	185	PonderTopic	0x140e2b6c5	0x140e2b6ce:cstring:after  | 0x140e2b6dd:cstring:pondering 	0x140e2b6d8:call   0x14006f4f0 | 0x140e2b6e7:call   0x14006f4f0 | 0x140e2b6f0:call   0x14006f620 | 0x140e2b6fa:call   0x140072360 | 0x140e2b71e:call   0x140ef3f20 | 0x140e2b72a:call   0x1400b9ca0 | 0x140e2b734:call   0x140072300 | 0x140e2b73e:call   0x140067dc0 | 0x140e2cfdd:call   0x14006f7e0 | 0x140e2cfec:call   0x1415345d0	0x140e2b6c5:cmp    BYTE PTR [rbp+0xe8],0x0
classic	186	DiscussTopic	0x140e2b642	0x140e2b64b:cstring:after  | 0x140e2b65a:cstring:discussing 	0x140e2b655:call   0x14006f4f0 | 0x140e2b664:call   0x14006f4f0 | 0x140e2b66d:call   0x14006f620 | 0x140e2b677:call   0x140072360 | 0x140e2b69b:call   0x140ef3f20 | 0x140e2b6a7:call   0x1400b9ca0 | 0x140e2b6b1:call   0x140072300 | 0x140e2b6bb:call   0x140067dc0 | 0x140e2cfdd:call   0x14006f7e0 | 0x140e2cfec:call   0x1415345d0	0x140e2b642:cmp    BYTE PTR [rbp+0xe8],0x0
classic	187	Syndrome	0x140e29269	0x140e2928f:cstring:due to 	0x140e29278:call   0x14006ede0 | 0x140e29299:call   0x14006f4f0 | 0x140e292a8:call   0x14006f1b0 | 0x140e292b3:call   0x1400b9ca0 | 0x140e2cfdd:call   0x14006f7e0 | 0x140e2cfec:call   0x1415345d0	0x140e29269:test   edi,edi | 0x140e2927d:cmp    rdi,rax | 0x140e29286:cmp    BYTE PTR [rbp+0xe8],0x0
classic	188	Perform	0x140e278fe	0x140e27907:cstring:while  | 0x140e2794b:cstring:giving a sermon | 0x140e2795f:cstring:performing	0x140e27911:call   0x14006f4f0 | 0x140e2791f:call   0x140072500 | 0x140e27955:call   0x14006f4f0 | 0x140e27969:call   0x14006f4f0 | 0x140e2cfdd:call   0x14006f7e0 | 0x140e2cfec:call   0x1415345d0	0x140e278fe:cmp    BYTE PTR [rbp+0xe8],0x0 | 0x140e27924:test   rax,rax | 0x140e27930:test   rcx,rcx | 0x140e27946:cmp    ecx,0x1
classic	189	WatchPerform	0x140e27973	0x140e2797c:cstring:after  | 0x140e279c0:cstring:attending a sermon | 0x140e279d4:cstring:watching a performance	0x140e27986:call   0x14006f4f0 | 0x140e27994:call   0x140072500 | 0x140e279ca:call   0x14006f4f0 | 0x140e279de:call   0x14006f4f0 | 0x140e2cfdd:call   0x14006f7e0 | 0x140e2cfec:call   0x1415345d0	0x140e27973:cmp    BYTE PTR [rbp+0xe8],0x0 | 0x140e27999:test   rax,rax | 0x140e279a5:test   rcx,rcx | 0x140e279bb:cmp    ecx,0x1
classic	190	RemoveTroupe	0x140e27e9c	0x140e27ea5:cstring:after  | 0x140e27eb4:cstring:being removed from a performance troupe	0x140e27eaf:call   0x14006f4f0 | 0x140e27ebe:call   0x14006f4f0 | 0x140e2cfdd:call   0x14006f7e0 | 0x140e2cfec:call   0x1415345d0	0x140e27e9c:cmp    BYTE PTR [rbp+0xe8],0x0
classic	191	LearnTopic	0x140e2b121	0x140e2b12a:cstring:after  | 0x140e2b139:cstring:learning about 	0x140e2b134:call   0x14006f4f0 | 0x140e2b143:call   0x14006f4f0 | 0x140e2b14c:call   0x14006f620 | 0x140e2b156:call   0x140072360 | 0x140e2b17a:call   0x140edb7a0 | 0x140e2b186:call   0x1400b9ca0 | 0x140e2b190:call   0x140072300 | 0x140e2b19a:call   0x140067dc0 | 0x140e2cfdd:call   0x14006f7e0 | 0x140e2cfec:call   0x1415345d0	0x140e2b121:cmp    BYTE PTR [rbp+0xe8],0x0
classic	192	LearnSkill	0x140e2b1a4	0x140e2b1ad:cstring:after  | 0x140e2b1bc:cstring:learning about 	0x140e2b1b7:call   0x14006f4f0 | 0x140e2b1c6:call   0x14006f4f0 | 0x140e2b1cf:call   0x14006f620 | 0x140e2b1dc:call   0x1407713b0 | 0x140e2b1e5:call   0x14052aaa0 | 0x140e2b1f1:call   0x1400b9ca0 | 0x140e2b1fb:call   0x140067dc0 | 0x140e2cfdd:call   0x14006f7e0 | 0x140e2cfec:call   0x1415345d0	0x140e2b1a4:cmp    BYTE PTR [rbp+0xe8],0x0
classic	193	LearnBook	0x140e2b2b0	0x140e2b264:cstring:an untitled composition | 0x140e2b2d3:cstring:after  | 0x140e2b2e2:cstring:learning 	0x140e2b241:call   0x14006f4f0 | 0x140e2b24a:call   0x14006f4b0 | 0x140e2b25a:call   0x1400b9ca0 | 0x140e2b26b:call   0x14006f4f0 | 0x140e2b2b9:call   0x140072500 | 0x140e2b2dd:call   0x14006f4f0 | 0x140e2cfdd:call   0x14006f7e0 | 0x140e2cfec:call   0x1415345d0	0x140e2b252:test   al,al | 0x140e2b2c1:test   rax,rax | 0x140e2b2ca:cmp    BYTE PTR [rbp+0xe8],0x0
classic	194	LearnInteraction	0x140e2b2ee	0x140e2b309:cstring:after  | 0x140e2b318:cstring:learning  | 0x140e2b354:cstring:powerful knowledge	0x140e2b2f8:call   0x14006f1b0 | 0x140e2b313:call   0x14006f4f0 | 0x140e2b322:call   0x14006f4f0 | 0x140e2b32b:call   0x14006ede0 | 0x140e2b33b:call   0x14006f1b0 | 0x140e2b34a:call   0x1400b9ca0 | 0x140e2b35e:call   0x14006f4f0 | 0x140e2cfdd:call   0x14006f7e0 | 0x140e2cfec:call   0x1415345d0	0x140e2b300:cmp    BYTE PTR [rbp+0xe8],0x0 | 0x140e2b330:test   rax,rax
classic	195	LearnPoetry	0x140e2b368	0x140e2b38b:cstring:after  | 0x140e2b39a:cstring:learning 	0x140e2b371:call   0x140072500 | 0x140e2b395:call   0x14006f4f0 | 0x140e2b3a4:call   0x14006f4f0 | 0x140e2b3ad:call   0x14006f620 | 0x140e2b3c1:call   0x140a91760 | 0x140e2b3cd:call   0x1400b9ca0 | 0x140e2b3d7:call   0x140067dc0 | 0x140e2cfdd:call   0x14006f7e0 | 0x140e2cfec:call   0x1415345d0	0x140e2b379:test   rax,rax | 0x140e2b382:cmp    BYTE PTR [rbp+0xe8],0x0
classic	196	LearnMusic	0x140e2b3e1	0x140e2b404:cstring:after  | 0x140e2b413:cstring:learning 	0x140e2b3ea:call   0x140072500 | 0x140e2b40e:call   0x14006f4f0 | 0x140e2b41d:call   0x14006f4f0 | 0x140e2b426:call   0x14006f620 | 0x140e2b43a:call   0x140a91760 | 0x140e2b446:call   0x1400b9ca0 | 0x140e2b450:call   0x140067dc0 | 0x140e2cfdd:call   0x14006f7e0 | 0x140e2cfec:call   0x1415345d0	0x140e2b3f2:test   rax,rax | 0x140e2b3fb:cmp    BYTE PTR [rbp+0xe8],0x0
classic	197	LearnDance	0x140e2b45a	0x140e2b47d:cstring:after  | 0x140e2b48c:cstring:learning 	0x140e2b463:call   0x140072500 | 0x140e2b487:call   0x14006f4f0 | 0x140e2b496:call   0x14006f4f0 | 0x140e2b49f:call   0x14006f620 | 0x140e2b4b3:call   0x140a91760 | 0x140e2b4bf:call   0x1400b9ca0 | 0x140e2b4c9:call   0x140067dc0 | 0x140e2cfdd:call   0x14006f7e0 | 0x140e2cfec:call   0x1415345d0	0x140e2b46b:test   rax,rax | 0x140e2b474:cmp    BYTE PTR [rbp+0xe8],0x0
classic	198	TeachTopic	0x140e2b03d	0x140e2b046:cstring:after  | 0x140e2b055:cstring:teaching 	0x140e2b050:call   0x14006f4f0 | 0x140e2b05f:call   0x14006f4f0 | 0x140e2b068:call   0x14006f620 | 0x140e2b072:call   0x140072360 | 0x140e2b096:call   0x140edb7a0 | 0x140e2b0a2:call   0x1400b9ca0 | 0x140e2b0ac:call   0x140072300 | 0x140e2b0b6:call   0x140067dc0 | 0x140e2cfdd:call   0x14006f7e0 | 0x140e2cfec:call   0x1415345d0	0x140e2b03d:cmp    BYTE PTR [rbp+0xe8],0x0
classic	199	TeachSkill	0x140e2b0c0	0x140e2b0c9:cstring:after  | 0x140e2b0d8:cstring:teaching 	0x140e2b0d3:call   0x14006f4f0 | 0x140e2b0e2:call   0x14006f4f0 | 0x140e2b0eb:call   0x14006f620 | 0x140e2b0f8:call   0x1407713b0 | 0x140e2b101:call   0x14052aaa0 | 0x140e2b10d:call   0x1400b9ca0 | 0x140e2b117:call   0x140067dc0 | 0x140e2cfdd:call   0x14006f7e0 | 0x140e2cfec:call   0x1415345d0	0x140e2b0c0:cmp    BYTE PTR [rbp+0xe8],0x0
classic	200	ReadBook	0x140e2b275	0x140e2b264:cstring:an untitled composition | 0x140e2b298:cstring:after  | 0x140e2b2a7:cstring:reading 	0x140e2b241:call   0x14006f4f0 | 0x140e2b24a:call   0x14006f4b0 | 0x140e2b25a:call   0x1400b9ca0 | 0x140e2b26b:call   0x14006f4f0 | 0x140e2b27e:call   0x140072500 | 0x140e2b2a2:call   0x14006f4f0 | 0x140e2cfdd:call   0x14006f7e0 | 0x140e2cfec:call   0x1415345d0	0x140e2b252:test   al,al | 0x140e2b286:test   rax,rax | 0x140e2b28f:cmp    BYTE PTR [rbp+0xe8],0x0
classic	201	WriteBook	0x140e2b205	0x140e2b228:cstring:after  | 0x140e2b237:cstring:writing  | 0x140e2b264:cstring:an untitled composition	0x140e2b20e:call   0x140072500 | 0x140e2b232:call   0x14006f4f0 | 0x140e2b241:call   0x14006f4f0 | 0x140e2b24a:call   0x14006f4b0 | 0x140e2b25a:call   0x1400b9ca0 | 0x140e2b26b:call   0x14006f4f0 | 0x140e2cfdd:call   0x14006f7e0 | 0x140e2cfec:call   0x1415345d0	0x140e2b216:test   rax,rax | 0x140e2b21f:cmp    BYTE PTR [rbp+0xe8],0x0 | 0x140e2b252:test   al,al
classic	202	BecomeResident	0x140e29707	0x140e29710:cstring:after  | 0x140e2971f:cstring:being granted residency	0x140e2971a:call   0x14006f4f0 | 0x140e2cfd3:call   0x14006f9a0 | 0x140e2cfdd:call   0x14006f7e0 | 0x140e2cfec:call   0x1415345d0	0x140e29707:cmp    BYTE PTR [rbp+0xe8],0x0
classic	203	BecomeCitizen	0x140e2972b	0x140e29734:cstring:after  | 0x140e29743:cstring:being granted citizenship	0x140e2973e:call   0x14006f4f0 | 0x140e2974d:call   0x14006f4f0 | 0x140e2cfdd:call   0x14006f7e0 | 0x140e2cfec:call   0x1415345d0	0x140e2972b:cmp    BYTE PTR [rbp+0xe8],0x0
classic	204	DenyResident	0x140e29757	0x140e29760:cstring:after  | 0x140e2976f:cstring:being denied residency	0x140e2976a:call   0x14006f4f0 | 0x140e29779:call   0x14006f4f0 | 0x140e2cfdd:call   0x14006f7e0 | 0x140e2cfec:call   0x1415345d0	0x140e29757:cmp    BYTE PTR [rbp+0xe8],0x0
classic	205	DenyCitizen	0x140e2996e	0x140e29977:cstring:after  | 0x140e29986:cstring:being denied citizenship	0x140e29981:call   0x14006f4f0 | 0x140e29990:call   0x14006f4f0 | 0x140e2cfdd:call   0x14006f7e0 | 0x140e2cfec:call   0x1415345d0	0x140e2996e:cmp    BYTE PTR [rbp+0xe8],0x0
classic	206	LeaveTroupe	0x140e27e70	0x140e27e79:cstring:after  | 0x140e27e88:cstring:leaving a performance troupe	0x140e27e83:call   0x14006f4f0 | 0x140e27e92:call   0x14006f4f0 | 0x140e2cfdd:call   0x14006f7e0 | 0x140e2cfec:call   0x1415345d0	0x140e27e70:cmp    BYTE PTR [rbp+0xe8],0x0
classic	207	MakeBelieve	0x140e27c7a	0x140e27c83:cstring:after  | 0x140e27c92:cstring:playing make believe	0x140e27c8d:call   0x14006f4f0 | 0x140e27c9c:call   0x14006f4f0 | 0x140e2cfdd:call   0x14006f7e0 | 0x140e2cfec:call   0x1415345d0	0x140e27c7a:cmp    BYTE PTR [rbp+0xe8],0x0
classic	208	PlayToy	0x140e27ca6	0x140e27caf:cstring:after  | 0x140e27cbe:cstring:playing with  | 0x140e27ce2:cstring:a  | 0x140e27d14:cstring:a toy	0x140e27cb9:call   0x14006f4f0 | 0x140e27cc8:call   0x14006f4f0 | 0x140e27cd8:call   0x14006ede0 | 0x140e27cec:call   0x14006f4f0 | 0x140e27cfb:call   0x14006f1b0 | 0x140e27d0a:call   0x1400b9ca0 | 0x140e27d1e:call   0x14006f4f0 | 0x140e2cfdd:call   0x14006f7e0 | 0x140e2cfec:call   0x1415345d0	0x140e27ca6:cmp    BYTE PTR [rbp+0xe8],0x0 | 0x140e27ccd:test   edi,edi | 0x140e27cdd:cmp    rdi,rax
classic	209	DreamAbout	0x140e2cfd9		0x140e2cfdd:call   0x14006f7e0 | 0x140e2cfec:call   0x1415345d0	
classic	210	Dream	0x140e2cfd9		0x140e2cfdd:call   0x14006f7e0 | 0x140e2cfec:call   0x1415345d0	
classic	211	Nightmare	0x140e2cfd9		0x140e2cfdd:call   0x14006f7e0 | 0x140e2cfec:call   0x1415345d0	
classic	212	Argument	0x140e2a63a	0x140e2a643:cstring:after  | 0x140e2a652:cstring:getting into an argument	0x140e2a64d:call   0x14006f4f0 | 0x140e2a65c:call   0x14006f4f0 | 0x140e2cfdd:call   0x14006f7e0 | 0x140e2cfec:call   0x1415345d0	0x140e2a63a:cmp    BYTE PTR [rbp+0xe8],0x0
classic	213	CombatDrills	0x140e28eaa	0x140e28eb3:cstring:after  | 0x140e28ec2:cstring:combat drills	0x140e28ebd:call   0x14006f4f0 | 0x140e28ecc:call   0x14006f4f0 | 0x140e2cfdd:call   0x14006f7e0 | 0x140e2cfec:call   0x1415345d0	0x140e28eaa:cmp    BYTE PTR [rbp+0xe8],0x0
classic	214	ArcheryPractice	0x140e28ed6	0x140e28edf:cstring:after  | 0x140e28eee:cstring:practicing at the archery target	0x140e28ee9:call   0x14006f4f0 | 0x140e28ef8:call   0x14006f4f0 | 0x140e2cfdd:call   0x14006f7e0 | 0x140e2cfec:call   0x1415345d0	0x140e28ed6:cmp    BYTE PTR [rbp+0xe8],0x0
classic	215	ImproveSkill	0x140e27a40	0x140e27a49:cstring:upon  | 0x140e27a58:cstring:improving 	0x140e27a53:call   0x14006f4f0 | 0x140e27a62:call   0x14006f4f0 | 0x140e27a6b:call   0x14006f620 | 0x140e27a78:call   0x1407713b0 | 0x140e27a81:call   0x14052aaa0 | 0x140e27a8d:call   0x1400b9ca0 | 0x140e27a97:call   0x140067dc0 | 0x140e2cfdd:call   0x14006f7e0 | 0x140e2cfec:call   0x1415345d0	0x140e27a40:cmp    BYTE PTR [rbp+0xe8],0x0
classic	216	WearItem	0x140e29e87	0x140e29e90:cstring:after  | 0x140e29e9f:cstring:putting on a | 0x140e29ecf:cstring: truly splendid | 0x140e29edb:cstring: item | 0x140e29eef:cstring:n exceptional | 0x140e29efb:cstring: item | 0x140e29f0f:cstring: superior | 0x140e29f1e:cstring: item | 0x140e29f32:cstring: finely-crafted | 0x140e29f41:cstring: item | 0x140e29f55:cstring: well-crafted | 0x140e29f64:cstring: item	0x140e29e9a:call   0x14006f4f0 | 0x140e29ea9:call   0x14006f4f0 | 0x140e29ed6:call   0x14006f4f0 | 0x140e29ee5:call   0x14006f4f0 | 0x140e29ef6:call   0x14006f4f0 | 0x140e29f05:call   0x14006f4f0 | 0x140e29f19:call   0x14006f4f0 | 0x140e29f28:call   0x14006f4f0 | 0x140e29f3c:call   0x14006f4f0 | 0x140e29f4b:call   0x14006f4f0 | 0x140e29f5f:call   0x14006f4f0 | 0x140e29f6e:call   0x14006f4f0 | 0x140e2cfdd:call   0x14006f7e0 | 0x140e2cfec:call   0x1415345d0	0x140e29e87:cmp    BYTE PTR [rbp+0xe8],0x0 | 0x140e29ec7:cmp    ecx,0x1
classic	217	RealizeValue	0x140e27bfe	0x140e27c07:cstring:after  | 0x140e27c16:cstring:realizing 	0x140e27c11:call   0x14006f4f0 | 0x140e27c20:call   0x14006f4f0 | 0x140e27c29:call   0x140072410 | 0x140e27c3f:call   0x14006f620 | 0x140e27c50:call   0x140edb2f0 | 0x140e27c5c:call   0x1400b9ca0 | 0x140e27c66:call   0x140067dc0 | 0x140e27c70:call   0x140072300 | 0x140e2cfdd:call   0x14006f7e0 | 0x140e2cfec:call   0x1415345d0	0x140e27bfe:cmp    BYTE PTR [rbp+0xe8],0x0
classic	218	OpinionStoryteller	0x140e2cfd9		0x140e2cfdd:call   0x14006f7e0 | 0x140e2cfec:call   0x1415345d0	
classic	219	OpinionRecitation	0x140e2cfd9		0x140e2cfdd:call   0x14006f7e0 | 0x140e2cfec:call   0x1415345d0	
classic	220	OpinionInstrumentSimulation	0x140e2cfd9		0x140e2cfdd:call   0x14006f7e0 | 0x140e2cfec:call   0x1415345d0	
classic	221	OpinionInstrumentPlayer	0x140e2cfd9		0x140e2cfdd:call   0x14006f7e0 | 0x140e2cfec:call   0x1415345d0	
classic	222	OpinionSinger	0x140e2cfd9		0x140e2cfdd:call   0x14006f7e0 | 0x140e2cfec:call   0x1415345d0	
classic	223	OpinionChanter	0x140e2cfd9		0x140e2cfdd:call   0x14006f7e0 | 0x140e2cfec:call   0x1415345d0	
classic	224	OpinionDancer	0x140e2cfd9		0x140e2cfdd:call   0x14006f7e0 | 0x140e2cfec:call   0x1415345d0	
classic	225	OpinionStory	0x140e2cfd9		0x140e2cfdd:call   0x14006f7e0 | 0x140e2cfec:call   0x1415345d0	
classic	226	OpinionPoetry	0x140e2cfd9		0x140e2cfdd:call   0x14006f7e0 | 0x140e2cfec:call   0x1415345d0	
classic	227	OpinionMusic	0x140e2cfd9		0x140e2cfdd:call   0x14006f7e0 | 0x140e2cfec:call   0x1415345d0	
classic	228	OpinionDance	0x140e2cfd9		0x140e2cfdd:call   0x14006f7e0 | 0x140e2cfec:call   0x1415345d0	
classic	229	Defeated	0x140e2cd73	0x140e2cd7c:cstring:after  | 0x140e2cd91:cstring:defeating somebody	0x140e2cd86:call   0x14006f4f0 | 0x140e2cfd3:call   0x14006f9a0 | 0x140e2cfdd:call   0x14006f7e0 | 0x140e2cfec:call   0x1415345d0	0x140e2cd73:cmp    BYTE PTR [rbp+0xe8],0x0
classic	230	FavoritePossession	0x140e2cfd9		0x140e2cfdd:call   0x14006f7e0 | 0x140e2cfec:call   0x1415345d0	
classic	231	PreserveBody	0x140e2cfd9		0x140e2cfdd:call   0x14006f7e0 | 0x140e2cfec:call   0x1415345d0	
classic	232	Murdered	0x140e2cd9d	0x140e2cda6:cstring:after  | 0x140e2cdbb:cstring:murdering somebody	0x140e2cdb0:call   0x14006f4f0 | 0x140e2cfd3:call   0x14006f9a0 | 0x140e2cfdd:call   0x14006f7e0 | 0x140e2cfec:call   0x1415345d0	0x140e2cd9d:cmp    BYTE PTR [rbp+0xe8],0x0
classic	233	HistEventCollection	0x140e2cdf1	0x140e2cdfa:cstring:during 	0x140e2ce04:call   0x14006f4f0 | 0x140e2ce12:call   0x14013cbe0 | 0x140e2ce27:call   0x14006f620 | 0x140e2ce3b:call   r8 | 0x140e2ce45:call   0x1400b9ca0 | 0x140e2ce4f:call   0x140067dc0 | 0x140e2cfdd:call   0x14006f7e0 | 0x140e2cfec:call   0x1415345d0	0x140e2cdf1:cmp    BYTE PTR [rbp+0xe8],0x0 | 0x140e2ce1a:test   rax,rax
classic	234	ViewOwnDisplay	0x140e28212	0x140e2821b:cstring:after  | 0x140e28230:cstring:viewing  | 0x140e282b0:cstring:a piece | 0x140e282bf:cstring: on display | 0x140e282c6:cstring: in a personal museum	0x140e28225:call   0x14006f4f0 | 0x140e2823a:call   0x14006f9a0 | 0x140e28248:call   0x140072670 | 0x140e28259:call   0x14006f620 | 0x140e28267:call   0x140cae760 | 0x140e2827f:call   0x140a910b0 | 0x140e28293:call   0x140c62490 | 0x140e2829f:call   0x1400b9ca0 | 0x140e282a9:call   0x140067dc0 | 0x140e282ba:call   0x14006f4f0 | 0x140e282db:call   0x14006f4f0 | 0x140e2cfdd:call   0x14006f7e0 | 0x140e2cfec:call   0x1415345d0	0x140e28212:cmp    BYTE PTR [rbp+0xe8],0x0 | 0x140e28250:test   rax,rax | 0x140e2826c:test   rax,rax | 0x140e28271:cmp    BYTE PTR [rax+0x7a],0x0 | 0x140e282cd:cmp    r15d,0xea
classic	235	ViewDisplay	0x140e28212	0x140e2821b:cstring:after  | 0x140e28230:cstring:viewing  | 0x140e282b0:cstring:a piece | 0x140e282bf:cstring: on display | 0x140e282c6:cstring: in a personal museum	0x140e28225:call   0x14006f4f0 | 0x140e2823a:call   0x14006f9a0 | 0x140e28248:call   0x140072670 | 0x140e28259:call   0x14006f620 | 0x140e28267:call   0x140cae760 | 0x140e2827f:call   0x140a910b0 | 0x140e28293:call   0x140c62490 | 0x140e2829f:call   0x1400b9ca0 | 0x140e282a9:call   0x140067dc0 | 0x140e282ba:call   0x14006f4f0 | 0x140e282db:call   0x14006f4f0 | 0x140e2cfdd:call   0x14006f7e0 | 0x140e2cfec:call   0x1415345d0	0x140e28212:cmp    BYTE PTR [rbp+0xe8],0x0 | 0x140e28250:test   rax,rax | 0x140e2826c:test   rax,rax | 0x140e28271:cmp    BYTE PTR [rax+0x7a],0x0 | 0x140e282cd:cmp    r15d,0xea
classic	236	AcquireArtifact	0x140e2a84e	0x140e2a857:cstring:after  | 0x140e2a866:cstring:acquiring 	0x140e2a861:call   0x14006f4f0 | 0x140e2a870:call   0x14006f4f0 | 0x140e2a885:call   0x140b91440 | 0x140e2cfdd:call   0x14006f7e0 | 0x140e2cfec:call   0x1415345d0	0x140e2a84e:cmp    BYTE PTR [rbp+0xe8],0x0
classic	237	DenySanctuary	0x140e2c235	0x140e2c23e:cstring:after  | 0x140e2c24d:cstring:a child was turned away from sanctuary	0x140e2c248:call   0x14006f4f0 | 0x140e2c257:call   0x14006f4f0 | 0x140e2cfdd:call   0x14006f7e0 | 0x140e2cfec:call   0x1415345d0	0x140e2c235:cmp    BYTE PTR [rbp+0xe8],0x0
classic	238	CaughtSneaking	0x140e278a6	0x140e278af:cstring:after  | 0x140e278be:cstring:being caught sneaking	0x140e278b9:call   0x14006f4f0 | 0x140e278c8:call   0x14006f4f0 | 0x140e2cfdd:call   0x14006f7e0 | 0x140e2cfec:call   0x1415345d0	0x140e278a6:cmp    BYTE PTR [rbp+0xe8],0x0
classic	239	GaveArtifact	0x140e2a80d	0x140e2a816:cstring:after  | 0x140e2a83a:cstring: was given away	0x140e2a820:call   0x14006f4f0 | 0x140e2a835:call   0x140b91440 | 0x140e2a844:call   0x14006f4f0 | 0x140e2cfdd:call   0x14006f7e0 | 0x140e2cfec:call   0x1415345d0	0x140e2a80d:cmp    BYTE PTR [rbp+0xe8],0x0
classic	240	SawDeadBody	0x140e2763d	0x140e27646:cstring:after  | 0x140e2765b:cstring:seeing  | 0x140e276bf:cstring:the  | 0x140e276fa:cstring:  | 0x140e27752:cstring: dead body | 0x140e2776f:cstring:a  | 0x140e277a6:cstring:'s | 0x140e277bf:cstring: dead body | 0x140e277d6:cstring:somebody's | 0x140e277e2:cstring: dead body	0x140e27650:call   0x14006f4f0 | 0x140e27665:call   0x14006f9a0 | 0x140e27673:call   0x1400b9d50 | 0x140e27697:call   0x140067d50 | 0x140e276ac:call   0x14006f620 | 0x140e276c9:call   0x14006f4f0 | 0x140e276d2:call   0x14006f620 | 0x140e276e9:call   0x140aa0c50 | 0x140e276f5:call   0x1400b9ca0 | 0x140e27704:call   0x14006f4f0 | 0x140e2770e:call   0x140067dc0 | 0x140e27718:call   0x140072010 | 0x140e27743:call   0x140b8fb30 | 0x140e2774d:call   0x140067dc0 | 0x140e2775c:call   0x14006f4f0 | 0x140e27776:call   0x14006f4f0 | 0x140e2777f:call   0x14006f620 | 0x140e27795:call   0x140aa0c50 | 0x140e277a1:call   0x1400b9ca0 | 0x140e277b0:call   0x14006f4f0 | 0x140e277ba:call   0x140067dc0 | 0x140e277c9:call   0x14006f4f0 | 0x140e277dd:call   0x14006f4f0 | 0x140e277ec:call   0x14006f4f0 | 0x140e2cfdd:call   0x14006f7e0 | 0x140e2cfec:call   0x1415345d0	0x140e2763d:cmp    BYTE PTR [rbp+0xe8],0x0 | 0x140e2767b:test   rax,rax | 0x140e27687:cmp    edx,0xffffffff | 0x140e2769f:test   rax,rax | 0x140e276b7:cmp    ecx,DWORD PTR [rsi+0xa4] | 0x140e27769:cmp    DWORD PTR [rdi+0x58],0xffffffff
classic	241	Expelled	0x140e2c261	0x140e2c26a:cstring:after  | 0x140e2c279:cstring:being expelled	0x140e2c274:call   0x14006f4f0 | 0x140e2c283:call   0x14006f4f0 | 0x140e2cfdd:call   0x14006f7e0 | 0x140e2cfec:call   0x1415345d0	0x140e2c261:cmp    BYTE PTR [rbp+0xe8],0x0
classic	242	RelativeExpelled	0x140e2c28d	0x140e2c296:cstring:after  | 0x140e2c2b7:cstring:your | 0x140e2c2fb:cstring:  | 0x140e2c332:cstring: was expelled	0x140e2c2a0:call   0x14006f4f0 | 0x140e2c2c1:call   0x14006f4f0 | 0x140e2c2cc:call   0x14006f620 | 0x140e2c2e0:call   0x140aa18d0 | 0x140e2c2ec:call   0x1400b9ca0 | 0x140e2c2f6:call   0x140067dc0 | 0x140e2c305:call   0x14006f4f0 | 0x140e2c30e:call   0x14006f620 | 0x140e2c321:call   0x140757fa0 | 0x140e2c32d:call   0x1400b9ca0 | 0x140e2c33c:call   0x14006f4f0 | 0x140e2c346:call   0x140067dc0 | 0x140e2cfdd:call   0x14006f7e0 | 0x140e2cfec:call   0x1415345d0	0x140e2c28d:cmp    BYTE PTR [rbp+0xe8],0x0 | 0x140e2c2a5:cmp    DWORD PTR [rip+0xa69fbc],0x1 | 0x140e2c2ae:cmp    rsi,QWORD PTR [rip+0x15b2d4b]
classic	243	PromisedVampireImmortality	0x140e2ce59	0x140e2ce62:cstring:after  | 0x140e2ce77:cstring:preying on the blood of civilized creatures	0x140e2ce6c:call   0x14006f4f0 | 0x140e2cfd3:call   0x14006f9a0 | 0x140e2cfdd:call   0x14006f7e0 | 0x140e2cfec:call   0x1415345d0	0x140e2ce59:cmp    BYTE PTR [rbp+0xe8],0x0
classic	244	PromisedNecroImmortality	0x140e2ce87	0x140e2ce8d:cstring:being unnaturally ageless	0x140e2cfd3:call   0x14006f9a0 | 0x140e2cfdd:call   0x14006f7e0 | 0x140e2cfec:call   0x1415345d0	
classic	245	SiteLecture	0x140e2ce9d	0x140e2cea6:cstring:after  | 0x140e2cebb:cstring:a scholarly lecture in 	0x140e2ceb0:call   0x14006f4f0 | 0x140e2cec5:call   0x14006f9a0 | 0x140e2ceda:call   0x140b90970 | 0x140e2cfdd:call   0x14006f7e0 | 0x140e2cfec:call   0x1415345d0	0x140e2ce9d:cmp    BYTE PTR [rbp+0xe8],0x0
classic	246	SitePerformance	0x140e2cee4	0x140e2ceed:cstring:after  | 0x140e2cf02:cstring:a performance in 	0x140e2cec5:call   0x14006f9a0 | 0x140e2ceda:call   0x140b90970 | 0x140e2cef7:call   0x14006f4f0 | 0x140e2cfdd:call   0x14006f7e0 | 0x140e2cfec:call   0x1415345d0	0x140e2cee4:cmp    BYTE PTR [rbp+0xe8],0x0
classic	247	AcceptedBribe	0x140e2cf0b	0x140e2cf14:cstring:after  | 0x140e2cf29:cstring:accepting bribes in exchange for leniency	0x140e2cf1e:call   0x14006f4f0 | 0x140e2cfd3:call   0x14006f9a0 | 0x140e2cfdd:call   0x14006f7e0 | 0x140e2cfec:call   0x1415345d0	0x140e2cf0b:cmp    BYTE PTR [rbp+0xe8],0x0
classic	248	EmbezzledFunds	0x140e2cf35	0x140e2cf3e:cstring:after  | 0x140e2cf53:cstring:embezzling funds	0x140e2cf48:call   0x14006f4f0 | 0x140e2cfd3:call   0x14006f9a0 | 0x140e2cfdd:call   0x14006f7e0 | 0x140e2cfec:call   0x1415345d0	0x140e2cf35:cmp    BYTE PTR [rbp+0xe8],0x0
classic	249	CutOfCorruptFunds	0x140e2cf5c	0x140e2cf65:cstring:after  | 0x140e2cf7a:cstring:receiving a cut of corruptly-obtained funds	0x140e2cf6f:call   0x14006f4f0 | 0x140e2cfd3:call   0x14006f9a0 | 0x140e2cfdd:call   0x14006f7e0 | 0x140e2cfec:call   0x1415345d0	0x140e2cf5c:cmp    BYTE PTR [rbp+0xe8],0x0
classic	250	Abducted	0x140e2cdc7	0x140e2cdd0:cstring:after  | 0x140e2cde5:cstring:abducting somebody	0x140e2cdda:call   0x14006f4f0 | 0x140e2cfd3:call   0x14006f9a0 | 0x140e2cfdd:call   0x14006f7e0 | 0x140e2cfec:call   0x1415345d0	0x140e2cdc7:cmp    BYTE PTR [rbp+0xe8],0x0
classic	251	FromAfar	0x140e2cf83	0x140e2cf8f:cstring:from afar | 0x140e2cf9d:cstring:being far away	0x140e2cf96:call   0x14006f4f0 | 0x140e2cfa4:call   0x14006f4f0 | 0x140e2cfdd:call   0x14006f7e0 | 0x140e2cfec:call   0x1415345d0	0x140e2cf86:cmp    BYTE PTR [rbp+0xe8],0x0
classic	252	AcceptedTemplePetition	0x140e2968f	0x140e29698:cstring:after  | 0x140e296ad:cstring:the acceptance of a petition for a temple for 	0x140e29670:call   0x14006f9a0 | 0x140e29685:call   0x140b8f940 | 0x140e296a2:call   0x14006f4f0 | 0x140e2cfdd:call   0x14006f7e0 | 0x140e2cfec:call   0x1415345d0	0x140e2968f:cmp    BYTE PTR [rbp+0xe8],0x0
classic	253	EstablishedTemple	0x140e29648	0x140e29651:cstring:after  | 0x140e29666:cstring:the establishment of a temple for 	0x140e2965b:call   0x14006f4f0 | 0x140e29670:call   0x14006f9a0 | 0x140e29685:call   0x140b8f940 | 0x140e2cfdd:call   0x14006f7e0 | 0x140e2cfec:call   0x1415345d0	0x140e29648:cmp    BYTE PTR [rbp+0xe8],0x0
classic	254	RejectedTemplePetition	0x140e29783	0x140e2978c:cstring:after  | 0x140e2979b:cstring:the rejection of a petition for a temple for 	0x140e29685:call   0x140b8f940 | 0x140e29796:call   0x14006f4f0 | 0x140e297a5:call   0x14006f4f0 | 0x140e2cfdd:call   0x14006f7e0 | 0x140e2cfec:call   0x1415345d0	0x140e29783:cmp    BYTE PTR [rbp+0xe8],0x0
classic	255	IgnoredTemplePetition	0x140e297af	0x140e297bb:cstring:after  | 0x140e297c7:cstring:a petition for a temple for  | 0x140e297eb:cstring: was ignored | 0x140e297ff:cstring:a petition for a temple for  | 0x140e29820:cstring: being ignored	0x140e297c2:call   0x14006f4f0 | 0x140e297d1:call   0x14006f4f0 | 0x140e297e6:call   0x140b8f940 | 0x140e297f5:call   0x14006f4f0 | 0x140e29806:call   0x14006f4f0 | 0x140e2981b:call   0x140b8f940 | 0x140e2982a:call   0x14006f4f0 | 0x140e2cfdd:call   0x14006f7e0 | 0x140e2cfec:call   0x1415345d0	0x140e297b2:cmp    BYTE PTR [rbp+0xe8],0x0
classic	256	AbandonedTemplePetition	0x140e29834	0x140e29840:cstring:after  | 0x140e2984c:cstring:an agreement to construct a temple for  | 0x140e29870:cstring: was abandoned | 0x140e29884:cstring:an agreement to construct a temple for  | 0x140e298a5:cstring: being abandoned	0x140e29847:call   0x14006f4f0 | 0x140e29856:call   0x14006f4f0 | 0x140e2986b:call   0x140b8f940 | 0x140e2987a:call   0x14006f4f0 | 0x140e2988b:call   0x14006f4f0 | 0x140e298a0:call   0x140b8f940 | 0x140e298af:call   0x14006f4f0 | 0x140e2cfdd:call   0x14006f7e0 | 0x140e2cfec:call   0x1415345d0	0x140e29837:cmp    BYTE PTR [rbp+0xe8],0x0
classic	257	DeferredToSuperior	0x140e2cfd9		0x140e2cfdd:call   0x14006f7e0 | 0x140e2cfec:call   0x1415345d0	
classic	258	AcceptedGuildhallPetition	0x140e296dd	0x140e296e6:cstring:after  | 0x140e296fb:cstring:the acceptance of a petition for a guildhall for 	0x140e29670:call   0x14006f9a0 | 0x140e29685:call   0x140b8f940 | 0x140e296f0:call   0x14006f4f0 | 0x140e2cfdd:call   0x14006f7e0 | 0x140e2cfec:call   0x1415345d0	0x140e296dd:cmp    BYTE PTR [rbp+0xe8],0x0
classic	259	EstablishedGuildhallRecognition	0x140e296b6	0x140e296bf:cstring:after  | 0x140e296d4:cstring:the establishment of a guildhall for 	0x140e29670:call   0x14006f9a0 | 0x140e29685:call   0x140b8f940 | 0x140e296c9:call   0x14006f4f0 | 0x140e2cfdd:call   0x14006f7e0 | 0x140e2cfec:call   0x1415345d0	0x140e296b6:cmp    BYTE PTR [rbp+0xe8],0x0
classic	260	RejectedGuildhallPetition	0x140e298b9	0x140e298c2:cstring:after  | 0x140e298d1:cstring:the rejection of a petition for a guildhall for 	0x140e29685:call   0x140b8f940 | 0x140e298cc:call   0x14006f4f0 | 0x140e298db:call   0x14006f4f0 | 0x140e2cfdd:call   0x14006f7e0 | 0x140e2cfec:call   0x1415345d0	0x140e298b9:cmp    BYTE PTR [rbp+0xe8],0x0
classic	261	IgnoredGuildhallPetition	0x140e298e5	0x140e297eb:cstring: was ignored | 0x140e29820:cstring: being ignored | 0x140e298f1:cstring:after  | 0x140e298fd:cstring:a petition for a guildhall for  | 0x140e29909:cstring:a petition for a guildhall for 	0x140e297d1:call   0x14006f4f0 | 0x140e297e6:call   0x140b8f940 | 0x140e297f5:call   0x14006f4f0 | 0x140e29806:call   0x14006f4f0 | 0x140e2981b:call   0x140b8f940 | 0x140e2982a:call   0x14006f4f0 | 0x140e298f8:call   0x14006f4f0 | 0x140e2cfdd:call   0x14006f7e0 | 0x140e2cfec:call   0x1415345d0	0x140e298e8:cmp    BYTE PTR [rbp+0xe8],0x0
classic	262	AbandonedGuildhallAgreement	0x140e29915	0x140e29870:cstring: was abandoned | 0x140e29921:cstring:after  | 0x140e2992d:cstring:an agreement to construct a guildhall for  | 0x140e29939:cstring:an agreement to construct a guildhall for  | 0x140e2995a:cstring: being abandoned	0x140e29856:call   0x14006f4f0 | 0x140e2986b:call   0x140b8f940 | 0x140e2987a:call   0x14006f4f0 | 0x140e29928:call   0x14006f4f0 | 0x140e29940:call   0x14006f4f0 | 0x140e29955:call   0x140b8f940 | 0x140e29964:call   0x14006f4f0 | 0x140e2cfdd:call   0x14006f7e0 | 0x140e2cfec:call   0x1415345d0	0x140e29918:cmp    BYTE PTR [rbp+0xe8],0x0
classic	263	InfiltrationMission	0x140e2cfab	0x140e2cfb4:cstring:during  | 0x140e2cfc3:cstring:an infiltration mission	0x140e2cfbe:call   0x14006f4f0 | 0x140e2cfd3:call   0x14006f9a0 | 0x140e2cfdd:call   0x14006f7e0 | 0x140e2cfec:call   0x1415345d0	0x140e2cfab:cmp    BYTE PTR [rbp+0xe8],0x0
classic	264	BreakUp	0x140e27b02	0x140e27b0b:cstring:after  | 0x140e27b1a:cstring:a break up	0x140e27b15:call   0x14006f4f0 | 0x140e27b24:call   0x14006f4f0 | 0x140e2cfdd:call   0x14006f7e0 | 0x140e2cfec:call   0x1415345d0	0x140e27b02:cmp    BYTE PTR [rbp+0xe8],0x0
classic	265	Divorce	0x140e27b2e	0x140e27b37:cstring:after  | 0x140e27b46:cstring:getting divorced	0x140e27b41:call   0x14006f4f0 | 0x140e27b50:call   0x14006f4f0 | 0x140e2cfdd:call   0x14006f7e0 | 0x140e2cfec:call   0x1415345d0	0x140e27b2e:cmp    BYTE PTR [rbp+0xe8],0x0
classic	266	ActivePreacherPerformance	0x140e2cfd9		0x140e2cfdd:call   0x14006f7e0 | 0x140e2cfec:call   0x1415345d0	
classic	267	ActiveSermonWorship	0x140e2cfd9		0x140e2cfdd:call   0x14006f7e0 | 0x140e2cfec:call   0x1415345d0	
classic	268	ActiveSermonSphere	0x140e2cfd9		0x140e2cfdd:call   0x14006f7e0 | 0x140e2cfec:call   0x1415345d0	
classic	269	ActiveSermonPromoteValue	0x140e2cfd9		0x140e2cfdd:call   0x14006f7e0 | 0x140e2cfec:call   0x1415345d0	
classic	270	ActiveSermonRefuseValue	0x140e2cfd9		0x140e2cfdd:call   0x14006f7e0 | 0x140e2cfec:call   0x1415345d0	
classic	271	IntellectualDiscussion	0x140e2b93d	0x140e2b958:cstring:having an intellectual discussion with the spouse | 0x140e2b96c:cstring:having an intellectual discussion with a lover | 0x140e2b980:cstring:having an intellectual discussion with a sibling | 0x140e2b994:cstring:having an intellectual discussion with mother | 0x140e2b9a8:cstring:having an intellectual discussion with father | 0x140e2b9bc:cstring:having an intellectual discussion with a child | 0x140e2b9d0:cstring:having an intellectual discussion with a friend | 0x140e2b9e4:cstring:having an intellectual discussion with an acquaintance | 0x140e2b9f8:cstring:having an intellectual discussion with somebody	0x140e2b962:call   0x14006f4f0 | 0x140e2b976:call   0x14006f4f0 | 0x140e2b98a:call   0x14006f4f0 | 0x140e2b99e:call   0x14006f4f0 | 0x140e2b9b2:call   0x14006f4f0 | 0x140e2b9c6:call   0x14006f4f0 | 0x140e2b9da:call   0x14006f4f0 | 0x140e2b9ee:call   0x14006f4f0 | 0x140e2ba02:call   0x14006f4f0 | 0x140e2cfdd:call   0x14006f7e0 | 0x140e2cfec:call   0x1415345d0	0x140e2b93f:cmp    edi,0x10
classic	272	SharePersonalInsight	0x140e2ba0c	0x140e2ba27:cstring:sharing a personal insight with the spouse | 0x140e2ba3b:cstring:sharing a personal insight with a lover | 0x140e2ba4f:cstring:sharing a personal insight with a sibling | 0x140e2ba63:cstring:sharing a personal insight with mother | 0x140e2ba77:cstring:sharing a personal insight with father | 0x140e2ba8b:cstring:sharing a personal insight with a child | 0x140e2ba9f:cstring:sharing a personal insight with a friend | 0x140e2bab3:cstring:sharing a personal insight with an acquaintance | 0x140e2bac7:cstring:sharing a personal insight with somebody	0x140e2ba31:call   0x14006f4f0 | 0x140e2ba45:call   0x14006f4f0 | 0x140e2ba59:call   0x14006f4f0 | 0x140e2ba6d:call   0x14006f4f0 | 0x140e2ba81:call   0x14006f4f0 | 0x140e2ba95:call   0x14006f4f0 | 0x140e2baa9:call   0x14006f4f0 | 0x140e2babd:call   0x14006f4f0 | 0x140e2bad1:call   0x14006f4f0 | 0x140e2cfdd:call   0x14006f7e0 | 0x140e2cfec:call   0x1415345d0	0x140e2ba0e:cmp    edi,0x10
classic	273	ShareOthersPersonalInsight	0x140e2badb	0x140e2baf6:cstring:sharing one of the spouse's personal insight | 0x140e2bb0a:cstring:sharing a lover's personal insight | 0x140e2bb1e:cstring:sharing a sibling's personal insight | 0x140e2bb32:cstring:sharing one of mother's personal insight | 0x140e2bb46:cstring:sharing one of father's personal insight | 0x140e2bb5a:cstring:sharing a child's personal insight | 0x140e2bb6e:cstring:sharing a friend's personal insight | 0x140e2bb82:cstring:sharing an acquaintance's personal insight | 0x140e2bb96:cstring:sharing somebody's personal insight	0x140e2bb00:call   0x14006f4f0 | 0x140e2bb14:call   0x14006f4f0 | 0x140e2bb28:call   0x14006f4f0 | 0x140e2bb3c:call   0x14006f4f0 | 0x140e2bb50:call   0x14006f4f0 | 0x140e2bb64:call   0x14006f4f0 | 0x140e2bb78:call   0x14006f4f0 | 0x140e2bb8c:call   0x14006f4f0 | 0x140e2bba0:call   0x14006f4f0 | 0x140e2cfdd:call   0x14006f7e0 | 0x140e2cfec:call   0x1415345d0	0x140e2badd:cmp    edi,0x10
classic	274	DiscussProblems	0x140e2bbaa	0x140e2bbaa:cstring:discussing  | 0x140e2bbcb:cstring:your | 0x140e2bc0f:cstring: problems with  | 0x140e2bc39:cstring:the spouse | 0x140e2bc4d:cstring:a lover | 0x140e2bc61:cstring:a sibling | 0x140e2bc75:cstring:mother | 0x140e2bc89:cstring:father | 0x140e2bc9d:cstring:a child | 0x140e2bcb1:cstring:a friend | 0x140e2bcc5:cstring:an acquaintance | 0x140e2bcd9:cstring:somebody	0x140e2bbb4:call   0x14006f4f0 | 0x140e2bbd5:call   0x14006f4f0 | 0x140e2bbe0:call   0x14006f620 | 0x140e2bbf4:call   0x140aa18d0 | 0x140e2bc00:call   0x1400b9ca0 | 0x140e2bc0a:call   0x140067dc0 | 0x140e2bc19:call   0x14006f4f0 | 0x140e2bc43:call   0x14006f4f0 | 0x140e2bc57:call   0x14006f4f0 | 0x140e2bc6b:call   0x14006f4f0 | 0x140e2bc7f:call   0x14006f4f0 | 0x140e2bc93:call   0x14006f4f0 | 0x140e2bca7:call   0x14006f4f0 | 0x140e2bcbb:call   0x14006f4f0 | 0x140e2bccf:call   0x14006f4f0 | 0x140e2bce3:call   0x14006f4f0 | 0x140e2cfdd:call   0x14006f7e0 | 0x140e2cfec:call   0x1415345d0	0x140e2bbb9:cmp    DWORD PTR [rip+0xa6a6a8],0x1 | 0x140e2bbc2:cmp    rsi,QWORD PTR [rip+0x15b3437] | 0x140e2bc20:cmp    edi,0x10
classic	275	DiscussOthersProblems	0x140e2bced	0x140e2bd08:cstring:discussing the spouse's problems | 0x140e2bd1c:cstring:discussing a lover's problems | 0x140e2bd30:cstring:discussing a sibling's problems | 0x140e2bd44:cstring:discussing mother's problems | 0x140e2bd58:cstring:discussing father's problems | 0x140e2bd6c:cstring:discussing a child's problems | 0x140e2bd80:cstring:discussing a friend's problems | 0x140e2bd94:cstring:discussing an acquaintance's problems | 0x140e2bda8:cstring:discussing somebody's problems	0x140e2bd12:call   0x14006f4f0 | 0x140e2bd26:call   0x14006f4f0 | 0x140e2bd3a:call   0x14006f4f0 | 0x140e2bd4e:call   0x14006f4f0 | 0x140e2bd62:call   0x14006f4f0 | 0x140e2bd76:call   0x14006f4f0 | 0x140e2bd8a:call   0x14006f4f0 | 0x140e2bd9e:call   0x14006f4f0 | 0x140e2bdb2:call   0x14006f4f0 | 0x140e2cfdd:call   0x14006f7e0 | 0x140e2cfec:call   0x1415345d0	0x140e2bcef:cmp    edi,0x10
classic	276	PerformedRiteDedicatedTemple	0x140e2cbb6	0x140e2cbbf:cstring:after  | 0x140e2cbce:cstring:performing the rites of  | 0x140e2cbf2:cstring: in a dedicated temple	0x140e2cbc9:call   0x14006f4f0 | 0x140e2cbd8:call   0x14006f4f0 | 0x140e2cbed:call   0x140b8f940 | 0x140e2cbfc:call   0x14006f4f0 | 0x140e2cfdd:call   0x14006f7e0 | 0x140e2cfec:call   0x1415345d0	0x140e2cbb6:cmp    BYTE PTR [rbp+0xe8],0x0
classic	277	PerformedRiteImproperlyDedicatedTemple	0x140e2cc06	0x140e2cc0f:cstring:after  | 0x140e2cc1e:cstring:incompletely performing the rites of  | 0x140e2cc42:cstring: in an improperly dedicated temple	0x140e2cc19:call   0x14006f4f0 | 0x140e2cc28:call   0x14006f4f0 | 0x140e2cc3d:call   0x140b8f940 | 0x140e2cc4c:call   0x14006f4f0 | 0x140e2cfdd:call   0x14006f7e0 | 0x140e2cfec:call   0x1415345d0	0x140e2cc06:cmp    BYTE PTR [rbp+0xe8],0x0
classic	278	PerformedRiteUndedicatedTemple	0x140e2cc56	0x140e2cc5f:cstring:after  | 0x140e2cc6e:cstring:incompletely performing the rites of  | 0x140e2cc92:cstring: in an undedicated temple	0x140e2cc69:call   0x14006f4f0 | 0x140e2cc78:call   0x14006f4f0 | 0x140e2cc8d:call   0x140b8f940 | 0x140e2cc9c:call   0x14006f4f0 | 0x140e2cfdd:call   0x14006f7e0 | 0x140e2cfec:call   0x1415345d0	0x140e2cc56:cmp    BYTE PTR [rbp+0xe8],0x0
classic	279	PrayedDedicatedTemple	0x140e2cca6	0x140e2ccaf:cstring:after  | 0x140e2ccbe:cstring:communing with  | 0x140e2cd00:cstring: in a dedicated temple	0x140e2ccb9:call   0x14006f4f0 | 0x140e2ccc8:call   0x14006f4f0 | 0x140e2ccd2:call   0x140072010 | 0x140e2ccfb:call   0x140b8ff50 | 0x140e2cd0a:call   0x14006f4f0 | 0x140e2cfdd:call   0x14006f7e0 | 0x140e2cfec:call   0x1415345d0	0x140e2cca6:cmp    BYTE PTR [rbp+0xe8],0x0
classic	280	DefendedSiteAgainstInvaders	0x140e2b4d3	0x140e2b4dc:cstring:after  | 0x140e2b4eb:cstring:the forces of  | 0x140e2b50f:cstring: were defeated at 	0x140e2b4e6:call   0x14006f4f0 | 0x140e2b4f5:call   0x14006f4f0 | 0x140e2b50a:call   0x140b8f940 | 0x140e2b519:call   0x14006f4f0 | 0x140e2b532:call   0x140b90970 | 0x140e2cfdd:call   0x14006f7e0 | 0x140e2cfec:call   0x1415345d0	0x140e2b4d3:cmp    BYTE PTR [rbp+0xe8],0x0
