plugin	scope	overlay_id	source_class	widget_type	view_id_expr	role	caption_expr	options_expr	key_expr	key_back_expr	key_sep_expr	initial_option_expr	state_update_sources	conditions_expr	action_expr	viewscreens_expr	default_pos_expr	overlay_frame_expr	widget_frame_expr	metadata_sources	literal_texts	source_path	source_lines	label_below_expr	option_gap_expr	label_width_expr	reachable_from_overlay
buildingplan	popup-gui-or-helper		QualityAndMaterialsPage	Label		companion-label-or-symbol	'Current filter:'											{t=0, l=0}	{l=0, t=0}		'Current filter:'	D:/program/steam/steamapps/common/DFHack/hack/lua/plugins/buildingplan/filterselection.lua	68-71				buildingplan.planner -> FilterSelectionScreen (planneroverlay.lua:set_filter; filterselection.lua:545-617)
buildingplan	popup-gui-or-helper		QualityAndMaterialsPage	CycleHotkeyLabel	'mat_sort'	state-choice	'Sort by:'	{\n                        {label='available', value=mat_sort_by_quantity},\n                        {label='name', value=mat_sort_by_name},\n                    }	'CUSTOM_SHIFT_R'		': ' [CycleHotkeyLabel default]				on_change=function() self.dirty = true end			{t=0, l=0}	{l=0, t=3, w=21}		'Sort by:' ; 'available' ; 'name'	D:/program/steam/steamapps/common/DFHack/hack/lua/plugins/buildingplan/filterselection.lua	78-88				buildingplan.planner -> FilterSelectionScreen (planneroverlay.lua:set_filter; filterselection.lua:545-617)
buildingplan	popup-gui-or-helper		QualityAndMaterialsPage	ToggleHotkeyLabel	'hide_zero'	state-choice	'Hide unavailable:'	{{label='On',value=true,pen=COLOR_GREEN},{label='Off',value=false}} [inherited gui/widgets/labels/toggle_hotkey_label.lua:10-12]	'CUSTOM_SHIFT_H'		': ' [CycleHotkeyLabel default]	hide_unavailable			on_change=function(val)\n                        hide_unavailable = val\n                        self.dirty = true\n                    end			{t=0, l=0}	{l=0, t=4, w=24}		'Hide unavailable:' ; 'On' ; 'Off'	D:/program/steam/steamapps/common/DFHack/hack/lua/plugins/buildingplan/filterselection.lua	89-99				buildingplan.planner -> FilterSelectionScreen (planneroverlay.lua:set_filter; filterselection.lua:545-617)
buildingplan	popup-gui-or-helper		QualityAndMaterialsPage	Label		companion-label-or-symbol	'Type'											{t=0, l=0}	{l=1, b=0}		'Type'	D:/program/steam/steamapps/common/DFHack/hack/lua/plugins/buildingplan/filterselection.lua	106-110				buildingplan.planner -> FilterSelectionScreen (planneroverlay.lua:set_filter; filterselection.lua:545-617)
buildingplan	popup-gui-or-helper		QualityAndMaterialsPage	Label		companion-label-or-symbol	'Material'											{t=0, l=0}	{l=TYPE_COL_WIDTH, b=0}		'Material'	D:/program/steam/steamapps/common/DFHack/hack/lua/plugins/buildingplan/filterselection.lua	111-115				buildingplan.planner -> FilterSelectionScreen (planneroverlay.lua:set_filter; filterselection.lua:545-617)
buildingplan	popup-gui-or-helper		QualityAndMaterialsPage	CycleHotkeyLabel	'decorated'	state-choice	'Decorated only:'	{\n                        {label='No', value=false},\n                        {label='Yes', value=true},\n                    }	'CUSTOM_SHIFT_D'		': ' [CycleHotkeyLabel default]		313: subviews.decorated:setOption(quality.decorated ~= 0)	enabled=enable_item_quality	on_change=self:callback('set_decorated')			{t=0, l=0}	{l=0, t=1, w=23}		'Decorated only:' ; 'No' ; 'Yes'	D:/program/steam/steamapps/common/DFHack/hack/lua/plugins/buildingplan/filterselection.lua	149-160				buildingplan.planner -> FilterSelectionScreen (planneroverlay.lua:set_filter; filterselection.lua:545-617)
buildingplan	popup-gui-or-helper		QualityAndMaterialsPage	CycleHotkeyLabel	'min_quality'	state-choice	'Min quality:'	{\n                        {label='Ordinary', value=0},\n                        {label='Well Crafted', value=1},\n                        {label='Finely Crafted', value=2},\n                        {label='Superior', value=3},\n                        {label='Exceptional', value=4},\n                        {label='Masterful', value=5},\n                        {label='Artifact', value=6},\n                    }	'CUSTOM_SHIFT_X'	'CUSTOM_SHIFT_Z'	': ' [CycleHotkeyLabel default]		314: subviews.min_quality:setOption(quality.min_quality) ; 424: subviews.min_quality:setOption(idx) ; 438: subviews.min_quality:setOption(idx)	enabled=enable_item_quality	on_change=function(val) self:set_min_quality(val+1) end			{t=0, l=0}	{l=0, t=3, w=18}		'Min quality:' ; 'Ordinary' ; 'Well Crafted' ; 'Finely Crafted' ; 'Superior' ; 'Exceptional' ; 'Masterful' ; 'Artifact'	D:/program/steam/steamapps/common/DFHack/hack/lua/plugins/buildingplan/filterselection.lua	161-179	true			buildingplan.planner -> FilterSelectionScreen (planneroverlay.lua:set_filter; filterselection.lua:545-617)
buildingplan	popup-gui-or-helper		QualityAndMaterialsPage	CycleHotkeyLabel	'max_quality'	state-choice	'Max quality:'	{\n                        {label='Ordinary', value=0},\n                        {label='Well Crafted', value=1},\n                        {label='Finely Crafted', value=2},\n                        {label='Superior', value=3},\n                        {label='Exceptional', value=4},\n                        {label='Masterful', value=5},\n                        {label='Artifact', value=6},\n                    }	'CUSTOM_SHIFT_W'	'CUSTOM_SHIFT_Q'	': ' [CycleHotkeyLabel default]		315: subviews.max_quality:setOption(quality.max_quality) ; 426: subviews.max_quality:setOption(idx) ; 436: subviews.max_quality:setOption(idx)	enabled=enable_item_quality	on_change=function(val) self:set_max_quality(val+1) end			{t=0, l=0}	{r=1, t=3, w=18}		'Max quality:' ; 'Ordinary' ; 'Well Crafted' ; 'Finely Crafted' ; 'Superior' ; 'Exceptional' ; 'Masterful' ; 'Artifact'	D:/program/steam/steamapps/common/DFHack/hack/lua/plugins/buildingplan/filterselection.lua	180-198	true			buildingplan.planner -> FilterSelectionScreen (planneroverlay.lua:set_filter; filterselection.lua:545-617)
buildingplan	popup-gui-or-helper		QualityAndMaterialsPage	HotkeyLabel		companion-label-or-symbol	'Toggle'		'SELECT'									{t=0, l=0}	{l=0, t=0}		'Toggle'	D:/program/steam/steamapps/common/DFHack/hack/lua/plugins/buildingplan/filterselection.lua	219-224				buildingplan.planner -> FilterSelectionScreen (planneroverlay.lua:set_filter; filterselection.lua:545-617)
buildingplan	popup-gui-or-helper		QualityAndMaterialsPage	HotkeyLabel		companion-label-or-symbol	'Done'		'LEAVESCREEN'									{t=0, l=0}	{l=0, t=2}		'Done'	D:/program/steam/steamapps/common/DFHack/hack/lua/plugins/buildingplan/filterselection.lua	225-230				buildingplan.planner -> FilterSelectionScreen (planneroverlay.lua:set_filter; filterselection.lua:545-617)
buildingplan	popup-gui-or-helper		QualityAndMaterialsPage	HotkeyLabel		conditional-action-or-state	'Invert selection'		'CUSTOM_SHIFT_I'						on_activate=self:callback('invert_materials')			{t=0, l=0}	{l=30, t=0}		'Invert selection'	D:/program/steam/steamapps/common/DFHack/hack/lua/plugins/buildingplan/filterselection.lua	231-237				buildingplan.planner -> FilterSelectionScreen (planneroverlay.lua:set_filter; filterselection.lua:545-617)
buildingplan	popup-gui-or-helper		QualityAndMaterialsPage	HotkeyLabel		conditional-action-or-state	'Delete filter'		'CUSTOM_CTRL_D'						on_activate=self:callback('clear_filter')			{t=0, l=0}	{l=30, t=2}		'Delete filter'	D:/program/steam/steamapps/common/DFHack/hack/lua/plugins/buildingplan/filterselection.lua	238-244				buildingplan.planner -> FilterSelectionScreen (planneroverlay.lua:set_filter; filterselection.lua:545-617)
buildingplan	popup-gui-or-helper		GlobalSettingsPage	ToggleHotkeyLabel	'blocks'	state-choice	'Blocks'	{{label='On',value=true,pen=COLOR_GREEN},{label='Off',value=false}} [inherited gui/widgets/labels/toggle_hotkey_label.lua:10-12]	'CUSTOM_B'		': ' [CycleHotkeyLabel default]		529: subviews.blocks:setOption(settings.blocks)		on_change=self:callback('update_setting', 'blocks')			{t=0, l=0}	{l=0}		'Blocks' ; 'On' ; 'Off'	D:/program/steam/steamapps/common/DFHack/hack/lua/plugins/buildingplan/filterselection.lua	472-479			8	buildingplan.planner -> FilterSelectionScreen (planneroverlay.lua:set_filter; filterselection.lua:545-617)
buildingplan	popup-gui-or-helper		GlobalSettingsPage	ToggleHotkeyLabel	'logs'	state-choice	'Logs'	{{label='On',value=true,pen=COLOR_GREEN},{label='Off',value=false}} [inherited gui/widgets/labels/toggle_hotkey_label.lua:10-12]	'CUSTOM_L'		': ' [CycleHotkeyLabel default]		530: subviews.logs:setOption(settings.logs)		on_change=self:callback('update_setting', 'logs')			{t=0, l=0}	{l=0}		'Logs' ; 'On' ; 'Off'	D:/program/steam/steamapps/common/DFHack/hack/lua/plugins/buildingplan/filterselection.lua	480-487			8	buildingplan.planner -> FilterSelectionScreen (planneroverlay.lua:set_filter; filterselection.lua:545-617)
buildingplan	popup-gui-or-helper		GlobalSettingsPage	ToggleHotkeyLabel	'boulders'	state-choice	'Boulders'	{{label='On',value=true,pen=COLOR_GREEN},{label='Off',value=false}} [inherited gui/widgets/labels/toggle_hotkey_label.lua:10-12]	'CUSTOM_O'		': ' [CycleHotkeyLabel default]		531: subviews.boulders:setOption(settings.boulders)		on_change=self:callback('update_setting', 'boulders')			{t=0, l=0}	{l=0}		'Boulders' ; 'On' ; 'Off'	D:/program/steam/steamapps/common/DFHack/hack/lua/plugins/buildingplan/filterselection.lua	488-495			8	buildingplan.planner -> FilterSelectionScreen (planneroverlay.lua:set_filter; filterselection.lua:545-617)
buildingplan	popup-gui-or-helper		GlobalSettingsPage	ToggleHotkeyLabel	'bars'	state-choice	'Bars'	{{label='On',value=true,pen=COLOR_GREEN},{label='Off',value=false}} [inherited gui/widgets/labels/toggle_hotkey_label.lua:10-12]	'CUSTOM_R'		': ' [CycleHotkeyLabel default]		532: subviews.bars:setOption(settings.bars)		on_change=self:callback('update_setting', 'bars')			{t=0, l=0}	{l=0}		'Bars' ; 'On' ; 'Off'	D:/program/steam/steamapps/common/DFHack/hack/lua/plugins/buildingplan/filterselection.lua	496-503			8	buildingplan.planner -> FilterSelectionScreen (planneroverlay.lua:set_filter; filterselection.lua:545-617)
buildingplan	popup-gui-or-helper		GlobalSettingsPage	ToggleHotkeyLabel	'reconstruct'	state-choice	'Multi-rebuild'	{{label='On',value=true,pen=COLOR_GREEN},{label='Off',value=false}} [inherited gui/widgets/labels/toggle_hotkey_label.lua:10-12]	'CUSTOM_M'		': ' [CycleHotkeyLabel default]		533: subviews.reconstruct:setOption(settings.reconstruct)		on_change=self:callback('update_setting', 'reconstruct')			{t=0, l=0}	{l=0}		'Multi-rebuild' ; 'On' ; 'Off'	D:/program/steam/steamapps/common/DFHack/hack/lua/plugins/buildingplan/filterselection.lua	507-513				buildingplan.planner -> FilterSelectionScreen (planneroverlay.lua:set_filter; filterselection.lua:545-617)
buildingplan	popup-gui-or-helper		GlobalSettingsPage	Label		companion-label-or-symbol	{\n                '  Plan constructions on tiles with existing', NEWLINE,\n                '  constructed floors/ramps when using box select.'\n            }											{t=0, l=0}			'  Plan constructions on tiles with existing' ; '  constructed floors/ramps when using box select.'	D:/program/steam/steamapps/common/DFHack/hack/lua/plugins/buildingplan/filterselection.lua	514-520				buildingplan.planner -> FilterSelectionScreen (planneroverlay.lua:set_filter; filterselection.lua:545-617)
buildingplan	popup-gui-or-helper		InspectorLine	Label		conditional-action-or-state	{{text=self:callback('get_desc_string')}}												{t=0, l=0}		'get_desc_string'	D:/program/steam/steamapps/common/DFHack/hack/lua/plugins/buildingplan/inspectoroverlay.lua	28-31				buildingplan.inspector (inspectoroverlay.lua:79-84)
buildingplan	popup-gui-or-helper		InspectorLine	Label		conditional-action-or-state	{{text=self:callback('get_status_line')}}												{t=1, l=2}		'get_status_line'	D:/program/steam/steamapps/common/DFHack/hack/lua/plugins/buildingplan/inspectoroverlay.lua	32-35				buildingplan.inspector (inspectoroverlay.lua:79-84)
buildingplan	registered-overlay	buildingplan.inspector	InspectorOverlay	Label		companion-label-or-symbol	'Waiting for items:'									'dwarfmode/ViewSheets/BUILDING'	{x=-41,y=14}	{w=30, h=15}	{t=0, l=0}	D:\program\steam\steamapps\common\DFHack\hack\lua\plugins\buildingplan\inspectoroverlay.lua:65	'Waiting for items:'	D:/program/steam/steamapps/common/DFHack/hack/lua/plugins/buildingplan/inspectoroverlay.lua	77-80				buildingplan.inspector
buildingplan	registered-overlay	buildingplan.inspector	InspectorOverlay	HotkeyLabel		conditional-action-or-state	'adjust filters'		'CUSTOM_CTRL_F'					visible=false		'dwarfmode/ViewSheets/BUILDING'	{x=-41,y=14}	{w=30, h=15}	{t=11, l=0}	D:\program\steam\steamapps\common\DFHack\hack\lua\plugins\buildingplan\inspectoroverlay.lua:65	'adjust filters'	D:/program/steam/steamapps/common/DFHack/hack/lua/plugins/buildingplan/inspectoroverlay.lua	85-90				buildingplan.inspector
buildingplan	registered-overlay	buildingplan.inspector	InspectorOverlay	HotkeyLabel		conditional-action-or-state	'make top priority'		'CUSTOM_CTRL_T'						on_activate=self:callback('make_top_priority')	'dwarfmode/ViewSheets/BUILDING'	{x=-41,y=14}	{w=30, h=15}	{t=12, l=0}	D:\program\steam\steamapps\common\DFHack\hack\lua\plugins\buildingplan\inspectoroverlay.lua:65	'make top priority'	D:/program/steam/steamapps/common/DFHack/hack/lua/plugins/buildingplan/inspectoroverlay.lua	91-96				buildingplan.inspector
buildingplan	popup-gui-or-helper		ItemSelection	Label		conditional-action-or-state	{\n                        self.desc, plural, NEWLINE,\n                        ('Select up to %d item%s ('):format(self.quantity, plural),\n                        {text=function() return self.num_selected end},\n                        ' selected)',\n                    }											{w=56, h=24, l=4, t=7}	{t=0, l=0, r=16}		'Select up to %d item%s (' ; ' selected)'	D:/program/steam/steamapps/common/DFHack/hack/lua/plugins/buildingplan/itemselection.lua	103-111				buildingplan.planner;buildingplan.mechanisms -> ItemSelectionScreen (itemselection.lua:416+)
buildingplan	popup-gui-or-helper		ItemSelection	Label		conditional-action-or-state	widgets.makeButtonLabelText{\n                        chars={\n                            '               ',\n                            '   Autoselect  ',\n                            '               ',\n                        },\n                        pens=BUILD_TEXT_PEN,\n                        pens_hover=BUILD_TEXT_HPEN,\n                    }							visible=function() return self.num_selected < self.quantity end	on_click=self:callback('submit')			{w=56, h=24, l=4, t=7}	{r=0, w=15, t=0, h=3}		'               ' ; '   Autoselect  ' ; '               '	D:/program/steam/steamapps/common/DFHack/hack/lua/plugins/buildingplan/itemselection.lua	112-125				buildingplan.planner;buildingplan.mechanisms -> ItemSelectionScreen (itemselection.lua:416+)
buildingplan	popup-gui-or-helper		ItemSelection	Label		conditional-action-or-state	widgets.makeButtonLabelText{\n                        chars={\n                            '               ',\n                            '    Continue   ',\n                            '               ',\n                        },\n                        pens=BUILD_TEXT_PEN,\n                        pens_hover=BUILD_TEXT_HPEN,\n                    }							visible=function() return self.num_selected >= self.quantity end	on_click=self:callback('submit')			{w=56, h=24, l=4, t=7}	{r=0, w=15, t=0, h=3}		'               ' ; '    Continue   ' ; '               '	D:/program/steam/steamapps/common/DFHack/hack/lua/plugins/buildingplan/itemselection.lua	126-139				buildingplan.planner;buildingplan.mechanisms -> ItemSelectionScreen (itemselection.lua:416+)
buildingplan	popup-gui-or-helper		ItemSelection	CycleHotkeyLabel		state-choice	'Sort by:'	{\n                        {label='Recently used', value=sort_by_recency},\n                        {label='Amount', value=sort_by_quantity},\n                        {label='Value', value=sort_by_value},\n                        {label='Name', value=sort_by_name},\n                    }	'CUSTOM_SHIFT_R'		': ' [CycleHotkeyLabel default]				on_change=self:callback('on_sort')			{w=56, h=24, l=4, t=7}	{l=1, t=2}		'Sort by:' ; 'Recently used' ; 'Amount' ; 'Value' ; 'Name'	D:/program/steam/steamapps/common/DFHack/hack/lua/plugins/buildingplan/itemselection.lua	155-166				buildingplan.planner;buildingplan.mechanisms -> ItemSelectionScreen (itemselection.lua:416+)
buildingplan	popup-gui-or-helper		ItemSelection	HotkeyLabel		conditional-action-or-state	'Use one'		'KEYBOARD_CURSOR_RIGHT_FAST'		'----: '				on_activate=function() self:increment_group(self.subviews.flist.list:getSelected()) end			{w=56, h=24, l=4, t=7}	{l=0, h=1, t=0}		'Use one'	D:/program/steam/steamapps/common/DFHack/hack/lua/plugins/buildingplan/itemselection.lua	186-193				buildingplan.planner;buildingplan.mechanisms -> ItemSelectionScreen (itemselection.lua:416+)
buildingplan	popup-gui-or-helper		ItemSelection	Label		companion-label-or-symbol	'Right'											{w=56, h=24, l=4, t=7}	{l=6, w=5, t=0}		'Right'	D:/program/steam/steamapps/common/DFHack/hack/lua/plugins/buildingplan/itemselection.lua	194-198				buildingplan.planner;buildingplan.mechanisms -> ItemSelectionScreen (itemselection.lua:416+)
buildingplan	popup-gui-or-helper		ItemSelection	HotkeyLabel		conditional-action-or-state	'Use one fewer'		'KEYBOARD_CURSOR_LEFT_FAST'		'---: '				on_activate=function() self:decrement_group(self.subviews.flist.list:getSelected()) end			{w=56, h=24, l=4, t=7}	{l=1, h=1, t=1}		'Use one fewer'	D:/program/steam/steamapps/common/DFHack/hack/lua/plugins/buildingplan/itemselection.lua	199-206				buildingplan.planner;buildingplan.mechanisms -> ItemSelectionScreen (itemselection.lua:416+)
buildingplan	popup-gui-or-helper		ItemSelection	Label		companion-label-or-symbol	'Left'											{w=56, h=24, l=4, t=7}	{l=7, w=4, t=1}		'Left'	D:/program/steam/steamapps/common/DFHack/hack/lua/plugins/buildingplan/itemselection.lua	207-211				buildingplan.planner;buildingplan.mechanisms -> ItemSelectionScreen (itemselection.lua:416+)
buildingplan	popup-gui-or-helper		ItemSelection	HotkeyLabel		conditional-action-or-state	'Use all/none'		'SELECT'						on_activate=function() self:toggle_group(self.subviews.flist.list:getSelected()) end			{w=56, h=24, l=4, t=7}	{l=6, t=2, h=2}		'Use all/none'	D:/program/steam/steamapps/common/DFHack/hack/lua/plugins/buildingplan/itemselection.lua	212-218				buildingplan.planner;buildingplan.mechanisms -> ItemSelectionScreen (itemselection.lua:416+)
buildingplan	popup-gui-or-helper		ItemSelection	HotkeyLabel		conditional-action-or-state	'Go back'		'LEAVESCREEN'						on_activate=self:callback('on_cancel')			{w=56, h=24, l=4, t=7}	{r=5, t=0}		'Go back'	D:/program/steam/steamapps/common/DFHack/hack/lua/plugins/buildingplan/itemselection.lua	219-225				buildingplan.planner;buildingplan.mechanisms -> ItemSelectionScreen (itemselection.lua:416+)
buildingplan	popup-gui-or-helper		ItemSelection	HotkeyLabel		conditional-action-or-state	'Continue'		'CUSTOM_SHIFT_C'						on_activate=self:callback('submit')			{w=56, h=24, l=4, t=7}	{r=4, t=2}		'Continue'	D:/program/steam/steamapps/common/DFHack/hack/lua/plugins/buildingplan/itemselection.lua	226-232				buildingplan.planner;buildingplan.mechanisms -> ItemSelectionScreen (itemselection.lua:416+)
buildingplan	registered-overlay	buildingplan.mechanisms	MechanismOverlay	Label		companion-label-or-symbol	'Mechanism safety:'									'dwarfmode/ViewSheets/BUILDING/LinkingLever'	{x=5,y=5}	{w=57, h=13}	{t=0, l=1}	D:\program\steam\steamapps\common\DFHack\hack\lua\plugins\buildingplan\mechanisms.lua:15	'Mechanism safety:'	D:/program/steam/steamapps/common/DFHack/hack/lua/plugins/buildingplan/mechanisms.lua	38-41				buildingplan.mechanisms
buildingplan	registered-overlay	buildingplan.mechanisms	MechanismOverlay	CycleHotkeyLabel	'safety_lever'	state-choice	get_label	{\n                        {label='Any', value=0},\n                        {label='Magma', value=2, pen=COLOR_RED},\n                        {label='Fire', value=1, pen=COLOR_LIGHTRED},\n                    }	'CUSTOM_G'		': ' [CycleHotkeyLabel default]	0			on_change=self:callback('choose_mechanism', 'lever', true)	'dwarfmode/ViewSheets/BUILDING/LinkingLever'	{x=5,y=5}	{w=57, h=13}	{t=0, l=20, w=15}	D:\program\steam\steamapps\common\DFHack\hack\lua\plugins\buildingplan\mechanisms.lua:15	'Any' ; 'Magma' ; 'Fire'	D:/program/steam/steamapps/common/DFHack/hack/lua/plugins/buildingplan/mechanisms.lua	42-54				buildingplan.mechanisms
buildingplan	registered-overlay	buildingplan.mechanisms	MechanismOverlay	CycleHotkeyLabel	'safety_target'	state-choice	'Target:'	{\n                        {label='Any', value=0},\n                        {label='Magma', value=2, pen=COLOR_RED},\n                        {label='Fire', value=1, pen=COLOR_LIGHTRED},\n                    }	'CUSTOM_SHIFT_G'		': ' [CycleHotkeyLabel default]	0			on_change=self:callback('choose_mechanism', 'target', true)	'dwarfmode/ViewSheets/BUILDING/LinkingLever'	{x=5,y=5}	{w=57, h=13}	{t=0, l=38, w=16}	D:\program\steam\steamapps\common\DFHack\hack\lua\plugins\buildingplan\mechanisms.lua:15	'Target:' ; 'Any' ; 'Magma' ; 'Fire'	D:/program/steam/steamapps/common/DFHack/hack/lua/plugins/buildingplan/mechanisms.lua	55-67				buildingplan.mechanisms
buildingplan	registered-overlay	buildingplan.mechanisms	MechanismOverlay	HotkeyLabel		conditional-action-or-state	function()\n                return itemselection.get_item_description(view_sheets.linking_lever_mech_lever_id,\n                    nil,\n                    self.subviews.safety_lever:getOptionLabel())\n            end		'CUSTOM_M'					enabled=function() return view_sheets.linking_lever_mech_lever_id ~= -1 end	on_activate=self:callback('choose_mechanism', 'lever', false)	'dwarfmode/ViewSheets/BUILDING/LinkingLever'	{x=5,y=5}	{w=57, h=13}	{t=7, l=8, w=49, h=2}	D:\program\steam\steamapps\common\DFHack\hack\lua\plugins\buildingplan\mechanisms.lua:15		D:/program/steam/steamapps/common/DFHack/hack/lua/plugins/buildingplan/mechanisms.lua	70-81				buildingplan.mechanisms
buildingplan	registered-overlay	buildingplan.mechanisms	MechanismOverlay	HotkeyLabel		conditional-action-or-state	function()\n                return itemselection.get_item_description(view_sheets.linking_lever_mech_target_id,\n                    nil,\n                    self.subviews.safety_target:getOptionLabel())\n            end		'CUSTOM_SHIFT_M'					enabled=function() return view_sheets.linking_lever_mech_target_id ~= -1 end	on_activate=self:callback('choose_mechanism', 'target', false)	'dwarfmode/ViewSheets/BUILDING/LinkingLever'	{x=5,y=5}	{w=57, h=13}	{t=10, l=8, w=49, h=2}	D:\program\steam\steamapps\common\DFHack\hack\lua\plugins\buildingplan\mechanisms.lua:15		D:/program/steam/steamapps/common/DFHack/hack/lua/plugins/buildingplan/mechanisms.lua	82-93				buildingplan.mechanisms
buildingplan	popup-gui-or-helper		ItemLine	Label	'item_symbol'	conditional-action-or-state	string.char(16)							visible=self.is_selected_fn					{t=0, l=0}			D:/program/steam/steamapps/common/DFHack/hack/lua/plugins/buildingplan/planneroverlay.lua	359-366				buildingplan.planner (planneroverlay.lua:735-747)
buildingplan	popup-gui-or-helper		ItemLine	Label	'item_desc'	conditional-action-or-state	{\n                {text=self:callback('get_item_line_text'),\n                 pen=function() return gui.invert_color(COLOR_WHITE, self.is_selected_fn()) end},\n            }												{t=0, l=2}		'get_item_line_text'	D:/program/steam/steamapps/common/DFHack/hack/lua/plugins/buildingplan/planneroverlay.lua	367-374				buildingplan.planner (planneroverlay.lua:735-747)
buildingplan	popup-gui-or-helper		ItemLine	Label	'item_filter'	conditional-action-or-state	{\n                {text=self:callback('get_filter_text'),\n                 width=item_filter_chars+2,\n                 rjustify=true,\n                 pen=function() return\n                         self:is_impossible() and COLOR_RED or\n                         gui.invert_color(COLOR_LIGHTCYAN, self.is_selected_fn()) end},\n            }								on_click=function() self.on_filter(self.idx) end				{t=0, l=28}		'get_filter_text'	D:/program/steam/steamapps/common/DFHack/hack/lua/plugins/buildingplan/planneroverlay.lua	375-388				buildingplan.planner (planneroverlay.lua:735-747)
buildingplan	popup-gui-or-helper		ItemLine	Label		conditional-action-or-state	'[clear]'							visible=self:callback('has_filter')	on_click=function() self.on_clear_filter(self.idx) end				{t=0, l=47}		'[clear]'	D:/program/steam/steamapps/common/DFHack/hack/lua/plugins/buildingplan/planneroverlay.lua	389-396				buildingplan.planner (planneroverlay.lua:735-747)
buildingplan	popup-gui-or-helper		ItemLine	Label		conditional-action-or-state	{\n                {gap=2, text=function() return self.note end,\n                 pen=function() return self.note_pen end},\n            }												{t=1, l=2}			D:/program/steam/steamapps/common/DFHack/hack/lua/plugins/buildingplan/planneroverlay.lua	397-403				buildingplan.planner (planneroverlay.lua:735-747)
buildingplan	popup-gui-or-helper		QuickFilter	Label		conditional-action-or-state	string.char(16)							visible=self.is_selected_fn					{ t = 0, l = 0 }			D:/program/steam/steamapps/common/DFHack/hack/lua/plugins/buildingplan/planneroverlay.lua	536-542				buildingplan.planner (planneroverlay.lua:996-1023)
buildingplan	popup-gui-or-helper		QuickFilter	Label		companion-label-or-symbol	label												{ t = 0, l = 2 }			D:/program/steam/steamapps/common/DFHack/hack/lua/plugins/buildingplan/planneroverlay.lua	543-543				buildingplan.planner (planneroverlay.lua:996-1023)
buildingplan	popup-gui-or-helper		QuickFilter	Label		conditional-action-or-state	{ { text = self:callback('get_label_text'), pen = function() return COLOR_CYAN end } }							visible=function() return self.renaming == false end	"on_click=self:callback(""on_click"")"				{ t = 0, l = 5, w = item_filter_chars + 2 }		'get_label_text'	D:/program/steam/steamapps/common/DFHack/hack/lua/plugins/buildingplan/planneroverlay.lua	544-549				buildingplan.planner (planneroverlay.lua:996-1023)
buildingplan	popup-gui-or-helper		QuickFilter	Label		conditional-action-or-state	"""[x]"""							"visible=self:callback(""slot_used"")"	"on_click=self:callback(""clear"")"				{ t = 0, r = 0, w = 3 }		"""[x]"""	D:/program/steam/steamapps/common/DFHack/hack/lua/plugins/buildingplan/planneroverlay.lua	557-563				buildingplan.planner (planneroverlay.lua:996-1023)
buildingplan	registered-overlay	buildingplan.planner	PlannerOverlay	Label		conditional-action-or-state	{\n                    {text=' show Planner ', pen=pens.MINI_TEXT_PEN, hpen=pens.MINI_TEXT_HPEN},\n                    {text='['..string.char(31)..']', pen=pens.MINI_BUTT_PEN, hpen=pens.MINI_BUTT_HPEN},\n                }							visible=self:callback('is_minimized')	on_click=self:callback('toggle_minimized')	'dwarfmode/Building/Placement'	{x=5,y=9}	{w=56, h=32}	{t=0, r=3, h=1}	D:\program\steam\steamapps\common\DFHack\hack\lua\plugins\buildingplan\planneroverlay.lua:627	' show Planner ' ; '[' ; ']'	D:/program/steam/steamapps/common/DFHack/hack/lua/plugins/buildingplan/planneroverlay.lua	652-660				buildingplan.planner
buildingplan	registered-overlay	buildingplan.planner	PlannerOverlay	Label		conditional-action-or-state	{\n                    {text=' hide Planner ', pen=pens.MINI_TEXT_PEN, hpen=pens.MINI_TEXT_HPEN},\n                    {text='['..string.char(30)..']', pen=pens.MINI_BUTT_PEN, hpen=pens.MINI_BUTT_HPEN},\n                }							visible=self:callback('is_not_minimized')	on_click=self:callback('toggle_minimized')	'dwarfmode/Building/Placement'	{x=5,y=9}	{w=56, h=32}	{t=0, r=3, h=1}	D:\program\steam\steamapps\common\DFHack\hack\lua\plugins\buildingplan\planneroverlay.lua:627	' hide Planner ' ; '[' ; ']'	D:/program/steam/steamapps/common/DFHack/hack/lua/plugins/buildingplan/planneroverlay.lua	661-669				buildingplan.planner
buildingplan	registered-overlay	buildingplan.planner	PlannerOverlay	HelpButton		companion-label-or-symbol										'dwarfmode/Building/Placement'	{x=5,y=9}	{w=56, h=32}	{t=0, r=0}	D:\program\steam\steamapps\common\DFHack\hack\lua\plugins\buildingplan\planneroverlay.lua:627		D:/program/steam/steamapps/common/DFHack/hack/lua/plugins/buildingplan/planneroverlay.lua	670-673				buildingplan.planner
buildingplan	registered-overlay-embedded-helper	buildingplan.planner	WeaponSpiketrapPanel	CycleHotkeyLabel	'weapons_hotkey'	state-choice	'Number of weapons:'	self.options	'CUSTOM_T'	'CUSTOM_SHIFT_T'	': ' [CycleHotkeyLabel default]	weapon_quantity	722: self.subviews.weapons_hotkey:setOption(val)		on_change=function(val)\n                    weapon_quantity = val\n                end	'dwarfmode/Building/Placement'	{x=5,y=9}	{w=56, h=32}	{b=5, l=1, w=28}	D:\program\steam\steamapps\common\DFHack\hack\lua\plugins\buildingplan\planneroverlay.lua:627	'Number of weapons:'	D:/program/steam/steamapps/common/DFHack/hack/lua/plugins/buildingplan/planneroverlay.lua	702-713				buildingplan.planner
buildingplan	registered-overlay	buildingplan.planner	PlannerOverlay	Label		conditional-action-or-state	'No items required.'							visible=function() return #get_cur_filters() == 0 end		'dwarfmode/Building/Placement'	{x=5,y=9}	{w=56, h=32}	{}	D:\program\steam\steamapps\common\DFHack\hack\lua\plugins\buildingplan\planneroverlay.lua:627	'No items required.'	D:/program/steam/steamapps/common/DFHack/hack/lua/plugins/buildingplan/planneroverlay.lua	729-734				buildingplan.planner
buildingplan	registered-overlay	buildingplan.planner	PlannerOverlay	CycleHotkeyLabel	'hollow'	state-choice	'Hollow area:'	{\n                {label='No', value=false},\n                {label='Yes', value=true, pen=COLOR_GREEN},\n            }	'CUSTOM_H'		': ' [CycleHotkeyLabel default]		1280: self.subviews.hollow:setOption(false)	visible=is_construction		'dwarfmode/Building/Placement'	{x=5,y=9}	{w=56, h=32}	{b=5, l=1, w=21}	D:\program\steam\steamapps\common\DFHack\hack\lua\plugins\buildingplan\planneroverlay.lua:627	'Hollow area:' ; 'No' ; 'Yes'	D:/program/steam/steamapps/common/DFHack/hack/lua/plugins/buildingplan/planneroverlay.lua	751-761				buildingplan.planner
buildingplan	registered-overlay	buildingplan.planner	PlannerOverlay	CycleHotkeyLabel	'stairs_top_subtype'	state-choice	'Top stair type:   '	{\n                {label='Auto', value='auto'},\n                {label='UpDown', value=df.construction_type.UpDownStair},\n                {label='Down', value=df.construction_type.DownStair},\n            }	'CUSTOM_R'		': ' [CycleHotkeyLabel default]			visible=is_multi_level_stairs		'dwarfmode/Building/Placement'	{x=5,y=9}	{w=56, h=32}	{b=8, l=1, w=30}	D:\program\steam\steamapps\common\DFHack\hack\lua\plugins\buildingplan\planneroverlay.lua:627	'Top stair type:   ' ; 'Auto' ; 'auto' ; 'UpDown' ; 'Down'	D:/program/steam/steamapps/common/DFHack/hack/lua/plugins/buildingplan/planneroverlay.lua	762-773				buildingplan.planner
buildingplan	registered-overlay	buildingplan.planner	PlannerOverlay	CycleHotkeyLabel	'stairs_bottom_subtype'	state-choice	'Bottom Stair Type:'	{\n                {label='Auto', value='auto'},\n                {label='UpDown', value=df.construction_type.UpDownStair},\n                {label='Up', value=df.construction_type.UpStair},\n            }	'CUSTOM_B'		': ' [CycleHotkeyLabel default]			visible=is_multi_level_stairs		'dwarfmode/Building/Placement'	{x=5,y=9}	{w=56, h=32}	{b=7, l=1, w=30}	D:\program\steam\steamapps\common\DFHack\hack\lua\plugins\buildingplan\planneroverlay.lua:627	'Bottom Stair Type:' ; 'Auto' ; 'auto' ; 'UpDown' ; 'Up'	D:/program/steam/steamapps/common/DFHack/hack/lua/plugins/buildingplan/planneroverlay.lua	774-785				buildingplan.planner
buildingplan	registered-overlay	buildingplan.planner	PlannerOverlay	CycleHotkeyLabel	'stairs_only_subtype'	state-choice	'Single level stair:'	{\n                {label='Up', value=df.construction_type.UpStair},\n                {label='UpDown', value=df.construction_type.UpDownStair},\n                {label='Down', value=df.construction_type.DownStair},\n            }	'CUSTOM_R'		': ' [CycleHotkeyLabel default]			visible=is_single_level_stairs		'dwarfmode/Building/Placement'	{x=5,y=9}	{w=56, h=32}	{b=8, l=1, w=30}	D:\program\steam\steamapps\common\DFHack\hack\lua\plugins\buildingplan\planneroverlay.lua:627	'Single level stair:' ; 'Up' ; 'UpDown' ; 'Down'	D:/program/steam/steamapps/common/DFHack/hack/lua/plugins/buildingplan/planneroverlay.lua	786-797				buildingplan.planner
buildingplan	registered-overlay	buildingplan.planner	PlannerOverlay	ToggleHotkeyLabel	'engraved'	state-choice	'Engraved only:'	{{label='On',value=true,pen=COLOR_GREEN},{label='Off',value=false}} [inherited gui/widgets/labels/toggle_hotkey_label.lua:10-12]	'CUSTOM_T'		': ' [CycleHotkeyLabel default]		1379: self.subviews.engraved:setOption(buildingplan.getSpecials(\n            uibs.building_type, uibs.building_subtype, uibs.custom_type).engraved or false)	visible=is_slab	on_change=function(val)\n                buildingplan.setSpecial(uibs.building_type, uibs.building_subtype, uibs.custom_type, 'engraved', val)\n            end	'dwarfmode/Building/Placement'	{x=5,y=9}	{w=56, h=32}	{b=5, l=1, w=22}	D:\program\steam\steamapps\common\DFHack\hack\lua\plugins\buildingplan\planneroverlay.lua:627	'Engraved only:' ; 'On' ; 'Off'	D:/program/steam/steamapps/common/DFHack/hack/lua/plugins/buildingplan/planneroverlay.lua	801-810				buildingplan.planner
buildingplan	registered-overlay	buildingplan.planner	PlannerOverlay	ToggleHotkeyLabel	'empty'	state-choice	'Empty only:'	{{label='On',value=true,pen=COLOR_GREEN},{label='Off',value=false}} [inherited gui/widgets/labels/toggle_hotkey_label.lua:10-12]	'CUSTOM_T'		': ' [CycleHotkeyLabel default]		1381: self.subviews.empty:setOption(buildingplan.getSpecials(\n            uibs.building_type, uibs.building_subtype, uibs.custom_type).empty or false)	visible=is_cage	on_change=function(val)\n                buildingplan.setSpecial(uibs.building_type, uibs.building_subtype, uibs.custom_type, 'empty', val)\n            end	'dwarfmode/Building/Placement'	{x=5,y=9}	{w=56, h=32}	{b=5, l=1, w=22}	D:\program\steam\steamapps\common\DFHack\hack\lua\plugins\buildingplan\planneroverlay.lua:627	'Empty only:' ; 'On' ; 'Off'	D:/program/steam/steamapps/common/DFHack/hack/lua/plugins/buildingplan/planneroverlay.lua	811-820				buildingplan.planner
buildingplan	registered-overlay	buildingplan.planner	PlannerOverlay	ToggleHotkeyLabel	'do_now'	state-choice	'Do now:'	{{label='On',value=true,pen=COLOR_GREEN},{label='Off',value=false}} [inherited gui/widgets/labels/toggle_hotkey_label.lua:10-12]	'CUSTOM_N'		': ' [CycleHotkeyLabel default]	self.state.do_now or false			on_change=function(val)\n                self.state.do_now = val\n                config:write()\n            end	'dwarfmode/Building/Placement'	{x=5,y=9}	{w=56, h=32}	{b=3, l=24, w=25}	D:\program\steam\steamapps\common\DFHack\hack\lua\plugins\buildingplan\planneroverlay.lua:627	'Do now:' ; 'On' ; 'Off'	D:/program/steam/steamapps/common/DFHack/hack/lua/plugins/buildingplan/planneroverlay.lua	821-833				buildingplan.planner
buildingplan	registered-overlay	buildingplan.planner	PlannerOverlay	HotkeyLabel		conditional-action-or-state	'Queue order'		'CUSTOM_CTRL_Q'					visible=function()\n                        local item = self.subviews['item'..tostring(self.selected)]\n                        return item and item.available and item.quantity and (item.available < item.quantity)\n                    end	on_activate=function() self:queue_order(self.selected) end	'dwarfmode/Building/Placement'	{x=5,y=9}	{w=56, h=32}	{b=3, l=1, w=22}	D:\program\steam\steamapps\common\DFHack\hack\lua\plugins\buildingplan\planneroverlay.lua:627	'Queue order'	D:/program/steam/steamapps/common/DFHack/hack/lua/plugins/buildingplan/planneroverlay.lua	837-846				buildingplan.planner
buildingplan	registered-overlay	buildingplan.planner	PlannerOverlay	HotkeyLabel		conditional-action-or-state	function()\n                        return buildingplan.hasFilter(uibs.building_type, uibs.building_subtype, uibs.custom_type, self.selected - 1)\n                        and 'Edit filter' or 'Set filter'\n                     end		'CUSTOM_F'						on_activate=function() self:set_filter(self.selected) end	'dwarfmode/Building/Placement'	{x=5,y=9}	{w=56, h=32}	{b=2, l=1, w=22}	D:\program\steam\steamapps\common\DFHack\hack\lua\plugins\buildingplan\planneroverlay.lua:627	'Edit filter' ; 'Set filter'	D:/program/steam/steamapps/common/DFHack/hack/lua/plugins/buildingplan/planneroverlay.lua	847-855				buildingplan.planner
buildingplan	registered-overlay	buildingplan.planner	PlannerOverlay	HotkeyLabel		conditional-action-or-state	'Delete filter'		'CUSTOM_CTRL_D'					enabled=function()\n                        return buildingplan.hasFilter(uibs.building_type, uibs.building_subtype, uibs.custom_type, self.selected - 1)\n                    end	on_activate=function() self:clear_filter(self.selected) end	'dwarfmode/Building/Placement'	{x=5,y=9}	{w=56, h=32}	{b=1, l=1, w=22}	D:\program\steam\steamapps\common\DFHack\hack\lua\plugins\buildingplan\planneroverlay.lua:627	'Delete filter'	D:/program/steam/steamapps/common/DFHack/hack/lua/plugins/buildingplan/planneroverlay.lua	856-864				buildingplan.planner
buildingplan	registered-overlay	buildingplan.planner	PlannerOverlay	CycleHotkeyLabel	'show_favorites'	state-choice	""""""	{\n                        { label='Show favorites', value = false },\n                        { label='Hide favorites', value = true },\n                    }	'CUSTOM_CTRL_F'		': ' [CycleHotkeyLabel default]	false			on_change=function(new,_) self:show_hide_favorites(new) end	'dwarfmode/Building/Placement'	{x=5,y=9}	{w=56, h=32}	{b=0, l=1, w=22}	D:\program\steam\steamapps\common\DFHack\hack\lua\plugins\buildingplan\planneroverlay.lua:627	""""" ; 'Show favorites' ; 'Hide favorites'"	D:/program/steam/steamapps/common/DFHack/hack/lua/plugins/buildingplan/planneroverlay.lua	865-877		0		buildingplan.planner
buildingplan	registered-overlay	buildingplan.planner	PlannerOverlay	CycleHotkeyLabel	'choose'	state-choice	'Choose items:'	{\n                        {label='With filters', value=0},\n                        {\n                            label=function()\n                                local automaterial = itemselection.get_automaterial_selection(uibs.building_type)\n                                return ('Last used (%s)'):format(automaterial or 'pick manually')\n                            end,\n                            value=2,\n                        },\n                        {label='Manually', value=1},\n                    }	'CUSTOM_Z'		': ' [CycleHotkeyLabel default]	0	1383: self.subviews.choose:setOption(buildingplan.getChooseItems(\n            uibs.building_type, uibs.building_subtype, uibs.custom_type))		on_change=function(choose)\n                        buildingplan.setChooseItems(uibs.building_type, uibs.building_subtype, uibs.custom_type, choose)\n                    end	'dwarfmode/Building/Placement'	{x=5,y=9}	{w=56, h=32}	{b=0, l=24}	D:\program\steam\steamapps\common\DFHack\hack\lua\plugins\buildingplan\planneroverlay.lua:627	'Choose items:' ; 'With filters' ; 'Last used (%s)' ; 'pick manually' ; 'Manually'	D:/program/steam/steamapps/common/DFHack/hack/lua/plugins/buildingplan/planneroverlay.lua	878-899	true			buildingplan.planner
buildingplan	registered-overlay	buildingplan.planner	PlannerOverlay	CycleHotkeyLabel	'safety'	state-choice	'Building safety:'	{\n                        {label='Any', value=0},\n                        {label='Magma', value=2, pen=COLOR_RED},\n                        {label='Fire', value=1, pen=COLOR_LIGHTRED},\n                    }	'CUSTOM_G'		': ' [CycleHotkeyLabel default]	0	1385: self.subviews.safety:setOption(buildingplan.getHeatSafetyFilter(\n            uibs.building_type, uibs.building_subtype, uibs.custom_type))		on_change=function(heat)\n                        buildingplan.setHeatSafetyFilter(uibs.building_type, uibs.building_subtype, uibs.custom_type, heat)\n                    end	'dwarfmode/Building/Placement'	{x=5,y=9}	{w=56, h=32}	{b=2, l=24, w=25}	D:\program\steam\steamapps\common\DFHack\hack\lua\plugins\buildingplan\planneroverlay.lua:627	'Building safety:' ; 'Any' ; 'Magma' ; 'Fire'	D:/program/steam/steamapps/common/DFHack/hack/lua/plugins/buildingplan/planneroverlay.lua	900-914				buildingplan.planner
buildingplan	registered-overlay	buildingplan.planner	PlannerOverlay	Label		conditional-action-or-state	'OK to build'							visible=function() return #uibs.errors == 0 end		'dwarfmode/Building/Placement'	{x=5,y=9}	{w=56, h=32}	{t=0, l=1, r=0}	D:\program\steam\steamapps\common\DFHack\hack\lua\plugins\buildingplan\planneroverlay.lua:627	'OK to build'	D:/program/steam/steamapps/common/DFHack/hack/lua/plugins/buildingplan/planneroverlay.lua	940-945				buildingplan.planner
buildingplan	registered-overlay	buildingplan.planner	PlannerOverlay	HotkeyLabel		conditional-action-or-state	': Prev/'		'CUSTOM_SHIFT_Q'		'\0'				on_activate=function() self.selected = ((self.selected - 2) % #get_cur_filters()) + 1 end	'dwarfmode/Building/Placement'	{x=5,y=9}	{w=56, h=32}	{t=0, l=1, w=9}	D:\program\steam\steamapps\common\DFHack\hack\lua\plugins\buildingplan\planneroverlay.lua:627	': Prev/'	D:/program/steam/steamapps/common/DFHack/hack/lua/plugins/buildingplan/planneroverlay.lua	952-958				buildingplan.planner
buildingplan	registered-overlay	buildingplan.planner	PlannerOverlay	HotkeyLabel		conditional-action-or-state			'CUSTOM_Q'						on_activate=function() self.selected = (self.selected % #get_cur_filters()) + 1 end	'dwarfmode/Building/Placement'	{x=5,y=9}	{w=56, h=32}	{t=0, l=2, w=1}	D:\program\steam\steamapps\common\DFHack\hack\lua\plugins\buildingplan\planneroverlay.lua:627		D:/program/steam/steamapps/common/DFHack/hack/lua/plugins/buildingplan/planneroverlay.lua	959-963				buildingplan.planner
buildingplan	registered-overlay	buildingplan.planner	PlannerOverlay	Label		conditional-action-or-state	'next item'								on_click=function() self.selected = (self.selected % #get_cur_filters()) + 1 end	'dwarfmode/Building/Placement'	{x=5,y=9}	{w=56, h=32}	{t=0,l=10}	D:\program\steam\steamapps\common\DFHack\hack\lua\plugins\buildingplan\planneroverlay.lua:627	'next item'	D:/program/steam/steamapps/common/DFHack/hack/lua/plugins/buildingplan/planneroverlay.lua	964-968				buildingplan.planner
buildingplan	registered-overlay	buildingplan.planner	PlannerOverlay	CycleHotkeyLabel	'slot_select'	state-choice	'next/previous slot'	"utils.tabulate(function(i) return {label="""", value=tostring(i)} end, 0, 9)"	'CUSTOM_X'	'CUSTOM_SHIFT_X'	': ' [CycleHotkeyLabel default]	'1'			on_change=function(val) self.selected_favorite = val end	'dwarfmode/Building/Placement'	{x=5,y=9}	{w=56, h=32}	{b=2, l=2}	D:\program\steam\steamapps\common\DFHack\hack\lua\plugins\buildingplan\planneroverlay.lua:627	"'next/previous slot' ; """""	D:/program/steam/steamapps/common/DFHack/hack/lua/plugins/buildingplan/planneroverlay.lua	1024-1034				buildingplan.planner
buildingplan	registered-overlay	buildingplan.planner	PlannerOverlay	HotkeyLabel		conditional-action-or-state	"""set/apply selected"""		'CUSTOM_Y'						on_activate=function () self:save_restore_filter(self.selected_favorite) end	'dwarfmode/Building/Placement'	{x=5,y=9}	{w=56, h=32}	{b=2, l=28}	D:\program\steam\steamapps\common\DFHack\hack\lua\plugins\buildingplan\planneroverlay.lua:627	"""set/apply selected"""	D:/program/steam/steamapps/common/DFHack/hack/lua/plugins/buildingplan/planneroverlay.lua	1035-1040				buildingplan.planner
buildingplan	registered-overlay	buildingplan.planner	PlannerOverlay	TooltipLabel		conditional-action-or-state	"""Shift+click to edit the label of a favorite"""							show_tooltip=true		'dwarfmode/Building/Placement'	{x=5,y=9}	{w=56, h=32}	{b=0, l=2}	D:\program\steam\steamapps\common\DFHack\hack\lua\plugins\buildingplan\planneroverlay.lua:627	"""Shift+click to edit the label of a favorite"""	D:/program/steam/steamapps/common/DFHack/hack/lua/plugins/buildingplan/planneroverlay.lua	1041-1045				buildingplan.planner
buildingplan	registered-overlay	buildingplan.mechanism_unlink	MechLinkOverlay	CycleHotkeyLabel	"""unlink_mode"""	state-choice	"""Unlink mode"""	"{\n                {value=0, label=""Don't auto free"", pen=COLOR_DARKGRAY},\n                {value=1, label=""Free local mechanism"", pen=COLOR_GREEN},\n                {value=2, label=""Free target mechanism"", pen=COLOR_GREEN},\n                {value=3, label=""Free local and target"", pen=COLOR_GREEN},\n            }"	"""CUSTOM_M"""		': ' [CycleHotkeyLabel default]					{}	{x=-41, y=-4}	{w=56, h=27}	{b=1, l=0, w=36}	D:\program\steam\steamapps\common\DFHack\hack\lua\plugins\buildingplan\unlink_mechanisms.lua:184	"""Unlink mode"" ; ""Don't auto free"" ; ""Free local mechanism"" ; ""Free target mechanism"" ; ""Free local and target"""	D:/program/steam/steamapps/common/DFHack/hack/lua/plugins/buildingplan/unlink_mechanisms.lua	203-216				buildingplan.mechanism_unlink
buildingplan	registered-overlay	buildingplan.mechanism_unlink	MechLinkOverlay	HotkeyLabel	"""unlink_all"""	conditional-action-or-state	"""Unlink all"""		"""CUSTOM_SHIFT_U"""					enabled=function() return next(self.links) end	"on_activate=self:callback(""ask_unlink_all"")"	{}	{x=-41, y=-4}	{w=56, h=27}	{b=1, r=3}	D:\program\steam\steamapps\common\DFHack\hack\lua\plugins\buildingplan\unlink_mechanisms.lua:184	"""Unlink all"""	D:/program/steam/steamapps/common/DFHack/hack/lua/plugins/buildingplan/unlink_mechanisms.lua	217-226				buildingplan.mechanism_unlink
buildingplan	registered-overlay	buildingplan.mechanism_unlink	MechLinkOverlay	TextButton	"""unlink_""..n"	conditional-action-or-state	"""Unlink"""							visible=false	on_activate=function() self:activate_button(n) end	{}	{x=-41, y=-4}	{w=56, h=27}	{t=0, r=8, w=8, h=1}	D:\program\steam\steamapps\common\DFHack\hack\lua\plugins\buildingplan\unlink_mechanisms.lua:184	"""Unlink"""	D:/program/steam/steamapps/common/DFHack/hack/lua/plugins/buildingplan/unlink_mechanisms.lua	285-292				buildingplan.mechanism_unlink
buildingplan	registered-overlay	buildingplan.mechanism_unlink	MechLinkOverlay	TextButton	"""pull_""..n"	conditional-action-or-state	""""""							visible=false	on_activate=function() self:activate_pull(n) end	{}	{x=-41, y=-4}	{w=56, h=27}	{t=0, r=17, w=11, h=1}	D:\program\steam\steamapps\common\DFHack\hack\lua\plugins\buildingplan\unlink_mechanisms.lua:184	""""""	D:/program/steam/steamapps/common/DFHack/hack/lua/plugins/buildingplan/unlink_mechanisms.lua	346-353				buildingplan.mechanism_unlink
buildingplan	registered-overlay	buildingplan.mechanism_free	MechItemOverlay	HotkeyLabel	"""free_all"""	conditional-action-or-state	"""Free all"""		"""CUSTOM_SHIFT_F"""						"on_activate=self:callback(""ask_free_all"")"	{}	{x=-41, y=-4}	{w=56, h=27}	{b=1, r=3}	D:\program\steam\steamapps\common\DFHack\hack\lua\plugins\buildingplan\unlink_mechanisms.lua:510	"""Free all"""	D:/program/steam/steamapps/common/DFHack/hack/lua/plugins/buildingplan/unlink_mechanisms.lua	529-537				buildingplan.mechanism_free
buildingplan	registered-overlay	buildingplan.mechanism_free	MechItemOverlay	TextButton	"""free_""..n"	conditional-action-or-state	"""Free"""							visible=false	on_activate=function() self:activate_button(n) end	{}	{x=-41, y=-4}	{w=56, h=27}	{t=0, r=21, w=6, h=1}	D:\program\steam\steamapps\common\DFHack\hack\lua\plugins\buildingplan\unlink_mechanisms.lua:510	"""Free"""	D:/program/steam/steamapps/common/DFHack/hack/lua/plugins/buildingplan/unlink_mechanisms.lua	554-561				buildingplan.mechanism_free
burrow	registered-overlay	burrow.designation	BurrowDesignationOverlay	CycleHotkeyLabel	'fill'	state-choice	'Flood fill on double click:'	{\n                        {label='Off', value='off', pen=COLOR_RED},\n                        {label='2D fill enabled', value='2d', pen=COLOR_GREEN},\n                        {label='3D fill enabled', value='3d', pen=COLOR_LIGHTGREEN},\n                    }	'CUSTOM_CTRL_F'		': ' [CycleHotkeyLabel default]					'dwarfmode/Burrow/Paint'	{x=6,y=9}	{w=53, h=1}	{t=0, l=1, r=1}	D:\program\steam\steamapps\common\DFHack\hack\lua\plugins\burrow.lua:54	'Flood fill on double click:' ; 'Off' ; 'off' ; '2D fill enabled' ; '2d' ; '3D fill enabled' ; '3d'	D:/program/steam/steamapps/common/DFHack/hack/lua/plugins/burrow.lua	67-77				burrow.designation
dig	popup-gui-or-helper		WarmDampDigConfig	Label		companion-label-or-symbol	{\n                    'Mark newly designated', NEWLINE,\n                    'tiles for:'\n                }											{w=26, h=18, b=7}			'Mark newly designated' ; 'tiles for:'	D:/program/steam/steamapps/common/DFHack/hack/lua/plugins/dig.lua	41-46				dig.warmdamptoolbar (dig.lua:122-143,259-262)
dig	popup-gui-or-helper		WarmDampDigConfig	ToggleHotkeyLabel	'damp'	state-choice	'Damp dig:'	{{label='On',value=true,pen=COLOR_GREEN},{label='Off',value=false}} [inherited gui/widgets/labels/toggle_hotkey_label.lua:10-12]	'CUSTOM_CTRL_D'		': ' [CycleHotkeyLabel default]	false	96: self.subviews.damp:setOption(getDampPaintEnabled())		on_change=setDampPaintEnabled			{w=26, h=18, b=7}			'Damp dig:' ; 'On' ; 'Off'	D:/program/steam/steamapps/common/DFHack/hack/lua/plugins/dig.lua	47-53				dig.warmdamptoolbar (dig.lua:122-143,259-262)
dig	popup-gui-or-helper		WarmDampDigConfig	ToggleHotkeyLabel	'warm'	state-choice	'Warm dig:'	{{label='On',value=true,pen=COLOR_GREEN},{label='Off',value=false}} [inherited gui/widgets/labels/toggle_hotkey_label.lua:10-12]	'CUSTOM_CTRL_W'		': ' [CycleHotkeyLabel default]	false	97: self.subviews.warm:setOption(getWarmPaintEnabled())		on_change=setWarmPaintEnabled			{w=26, h=18, b=7}			'Warm dig:' ; 'On' ; 'Off'	D:/program/steam/steamapps/common/DFHack/hack/lua/plugins/dig.lua	54-60				dig.warmdamptoolbar (dig.lua:122-143,259-262)
dig	popup-gui-or-helper		WarmDampDigConfig	Label		conditional-action-or-state	{\n                    'Mark/unmark ',\n                    {text=function() return self.dcount end, pen=COLOR_YELLOW},\n                    {text=function() return (' tile%s'):format(self.dcount == 1 and '' or 's') end},\n                    NEWLINE,\n                    'currently designated on', NEWLINE,\n                    'this level for:'\n                }											{w=26, h=18, b=7}			'Mark/unmark ' ; ' tile%s' ; '' ; 's' ; 'currently designated on' ; 'this level for:'	D:/program/steam/steamapps/common/DFHack/hack/lua/plugins/dig.lua	67-76				dig.warmdamptoolbar (dig.lua:122-143,259-262)
dig	popup-gui-or-helper		WarmDampDigConfig	HotkeyLabel		conditional-action-or-state	'Damp dig'		'CUSTOM_CTRL_N'						on_activate=toggleCurLevelDampDig			{w=26, h=18, b=7}			'Damp dig'	D:/program/steam/steamapps/common/DFHack/hack/lua/plugins/dig.lua	77-81				dig.warmdamptoolbar (dig.lua:122-143,259-262)
dig	popup-gui-or-helper		WarmDampDigConfig	HotkeyLabel		conditional-action-or-state	'Warm dig'		'CUSTOM_CTRL_M'						on_activate=toggleCurLevelWarmDig			{w=26, h=18, b=7}			'Warm dig'	D:/program/steam/steamapps/common/DFHack/hack/lua/plugins/dig.lua	82-86				dig.warmdamptoolbar (dig.lua:122-143,259-262)
dig	popup-gui-or-helper		WarmDampDigConfig	HelpButton		companion-label-or-symbol												{w=26, h=18, b=7}				D:/program/steam/steamapps/common/DFHack/hack/lua/plugins/dig.lua	91-91				dig.warmdamptoolbar (dig.lua:122-143,259-262)
dig	registered-overlay	dig.warmdamptoolbar	WarmDampToolbarOverlay	Label		companion-label-or-symbol	{\n                        'Mark for uninterrupted', NEWLINE,\n                        'digging through damp', NEWLINE,\n                        'or warm tiles.', NEWLINE,\n                        NEWLINE,\n                        {text='Hotkey: ', pen=COLOR_GRAY}, {key='CUSTOM_CTRL_D'},\n                    }									{\n        'dwarfmode/Designate/DIG_DIG',\n        'dwarfmode/Designate/DIG_REMOVE_STAIRS_RAMPS',\n        'dwarfmode/Designate/DIG_STAIR_UP',\n        'dwarfmode/Designate/DIG_STAIR_UPDOWN',\n        'dwarfmode/Designate/DIG_STAIR_DOWN',\n        'dwarfmode/Designate/DIG_RAMP',\n        'dwarfmode/Designate/DIG_CHANNEL',\n        'dwarfmode/Designate/DIG_FROM_MARKER',\n        'dwarfmode/Designate/DIG_TO_MARKER',\n    }	{x=BASELINE_OFFSET, y=-4}	{w=26, h=11}		D:\program\steam\steamapps\common\DFHack\hack\lua\plugins\dig.lua:146	'Mark for uninterrupted' ; 'digging through damp' ; 'or warm tiles.' ; 'Hotkey: ' ; 'CUSTOM_CTRL_D'	D:/program/steam/steamapps/common/DFHack/hack/lua/plugins/dig.lua	179-187				dig.warmdamptoolbar
dig	registered-overlay	dig.warmdamptoolbar	WarmDampToolbarOverlay	Label		conditional-action-or-state	widgets.makeButtonLabelText{\n                        chars=button_chars,\n                        pens=COLOR_GRAY,\n                        tileset=toolbar_textures,\n                        tileset_offset=1,\n                        tileset_stride=8,\n                    }							visible=function() return not getWarmPaintEnabled() and not getDampPaintEnabled() end	on_click=launch_warm_damp_dig_config	{\n        'dwarfmode/Designate/DIG_DIG',\n        'dwarfmode/Designate/DIG_REMOVE_STAIRS_RAMPS',\n        'dwarfmode/Designate/DIG_STAIR_UP',\n        'dwarfmode/Designate/DIG_STAIR_UPDOWN',\n        'dwarfmode/Designate/DIG_STAIR_DOWN',\n        'dwarfmode/Designate/DIG_RAMP',\n        'dwarfmode/Designate/DIG_CHANNEL',\n        'dwarfmode/Designate/DIG_FROM_MARKER',\n        'dwarfmode/Designate/DIG_TO_MARKER',\n    }	{x=BASELINE_OFFSET, y=-4}	{w=26, h=11}		D:\program\steam\steamapps\common\DFHack\hack\lua\plugins\dig.lua:146		D:/program/steam/steamapps/common/DFHack/hack/lua/plugins/dig.lua	194-204				dig.warmdamptoolbar
dig	registered-overlay	dig.warmdamptoolbar	WarmDampToolbarOverlay	Label		conditional-action-or-state	widgets.makeButtonLabelText{\n                        chars=button_chars,\n                        pens={\n                            {COLOR_WHITE, COLOR_WHITE, COLOR_WHITE, COLOR_WHITE},\n                            {COLOR_WHITE, COLOR_RED,   COLOR_GRAY,  COLOR_WHITE},\n                            {COLOR_WHITE, COLOR_WHITE, COLOR_WHITE, COLOR_WHITE},\n                        },\n                        tileset=toolbar_textures,\n                        tileset_offset=25,\n                        tileset_stride=8,\n                    }							visible=function() return getWarmPaintEnabled() and not getDampPaintEnabled() end	on_click=launch_warm_damp_dig_config	{\n        'dwarfmode/Designate/DIG_DIG',\n        'dwarfmode/Designate/DIG_REMOVE_STAIRS_RAMPS',\n        'dwarfmode/Designate/DIG_STAIR_UP',\n        'dwarfmode/Designate/DIG_STAIR_UPDOWN',\n        'dwarfmode/Designate/DIG_STAIR_DOWN',\n        'dwarfmode/Designate/DIG_RAMP',\n        'dwarfmode/Designate/DIG_CHANNEL',\n        'dwarfmode/Designate/DIG_FROM_MARKER',\n        'dwarfmode/Designate/DIG_TO_MARKER',\n    }	{x=BASELINE_OFFSET, y=-4}	{w=26, h=11}		D:\program\steam\steamapps\common\DFHack\hack\lua\plugins\dig.lua:146		D:/program/steam/steamapps/common/DFHack/hack/lua/plugins/dig.lua	205-219				dig.warmdamptoolbar
dig	registered-overlay	dig.warmdamptoolbar	WarmDampToolbarOverlay	Label		conditional-action-or-state	widgets.makeButtonLabelText{\n                        chars=button_chars,\n                        pens={\n                            {COLOR_WHITE, COLOR_WHITE, COLOR_WHITE, COLOR_WHITE},\n                            {COLOR_WHITE, COLOR_GRAY,  COLOR_BLUE,  COLOR_WHITE},\n                            {COLOR_WHITE, COLOR_WHITE, COLOR_WHITE, COLOR_WHITE},\n                        },\n                        tileset=toolbar_textures,\n                        tileset_offset=5,\n                        tileset_stride=8,\n                    }							visible=function() return not getWarmPaintEnabled() and getDampPaintEnabled() end	on_click=launch_warm_damp_dig_config	{\n        'dwarfmode/Designate/DIG_DIG',\n        'dwarfmode/Designate/DIG_REMOVE_STAIRS_RAMPS',\n        'dwarfmode/Designate/DIG_STAIR_UP',\n        'dwarfmode/Designate/DIG_STAIR_UPDOWN',\n        'dwarfmode/Designate/DIG_STAIR_DOWN',\n        'dwarfmode/Designate/DIG_RAMP',\n        'dwarfmode/Designate/DIG_CHANNEL',\n        'dwarfmode/Designate/DIG_FROM_MARKER',\n        'dwarfmode/Designate/DIG_TO_MARKER',\n    }	{x=BASELINE_OFFSET, y=-4}	{w=26, h=11}		D:\program\steam\steamapps\common\DFHack\hack\lua\plugins\dig.lua:146		D:/program/steam/steamapps/common/DFHack/hack/lua/plugins/dig.lua	220-234				dig.warmdamptoolbar
dig	registered-overlay	dig.warmdamptoolbar	WarmDampToolbarOverlay	Label		conditional-action-or-state	widgets.makeButtonLabelText{\n                        chars=button_chars,\n                        pens={\n                            {COLOR_WHITE, COLOR_WHITE, COLOR_WHITE, COLOR_WHITE},\n                            {COLOR_WHITE, COLOR_RED,   COLOR_BLUE,  COLOR_WHITE},\n                            {COLOR_WHITE, COLOR_WHITE, COLOR_WHITE, COLOR_WHITE},\n                        },\n                        tileset=toolbar_textures,\n                        tileset_offset=29,\n                        tileset_stride=8,\n                    }							visible=function() return getWarmPaintEnabled() and getDampPaintEnabled() end	on_click=launch_warm_damp_dig_config	{\n        'dwarfmode/Designate/DIG_DIG',\n        'dwarfmode/Designate/DIG_REMOVE_STAIRS_RAMPS',\n        'dwarfmode/Designate/DIG_STAIR_UP',\n        'dwarfmode/Designate/DIG_STAIR_UPDOWN',\n        'dwarfmode/Designate/DIG_STAIR_DOWN',\n        'dwarfmode/Designate/DIG_RAMP',\n        'dwarfmode/Designate/DIG_CHANNEL',\n        'dwarfmode/Designate/DIG_FROM_MARKER',\n        'dwarfmode/Designate/DIG_TO_MARKER',\n    }	{x=BASELINE_OFFSET, y=-4}	{w=26, h=11}		D:\program\steam\steamapps\common\DFHack\hack\lua\plugins\dig.lua:146		D:/program/steam/steamapps/common/DFHack/hack/lua/plugins/dig.lua	235-249				dig.warmdamptoolbar
hotkeys	registered-overlay	hotkeys.adventuremenu;hotkeys.embarkmenu;hotkeys.legendsmenu;hotkeys.menu;hotkeys.newadventuremenu	HotspotMenuWidget	Label		conditional-action-or-state	widgets.makeButtonLabelText{\n                chars={\n                    {VERT_BAR, 'D', 'F', VERT_BAR},\n                    {VERT_BAR, 'H', 'a', VERT_BAR},\n                    {VERT_BAR, 'c', 'k', VERT_BAR},\n                },\n                tileset=logo_textures,\n                tileset_offset=1,\n                tileset_stride=8,\n                tileset_hover=logo_textures,\n                tileset_hover_offset=5,\n                tileset_hover_stride=8,\n            }								on_click=function() dfhack.run_command{'hotkeys', 'menu', self.name} end	{\n        'setupadventure',\n    }	{x=-2, y=10}	{w=4, h=3}		D:\program\steam\steamapps\common\DFHack\hack\lua\plugins\hotkeys.lua:104;D:\program\steam\steamapps\common\DFHack\hack\lua\plugins\hotkeys.lua:118;D:\program\steam\steamapps\common\DFHack\hack\lua\plugins\hotkeys.lua:26;D:\program\steam\steamapps\common\DFHack\hack\lua\plugins\hotkeys.lua:63;D:\program\steam\steamapps\common\DFHack\hack\lua\plugins\hotkeys.lua:84;D:\program\steam\steamapps\common\DFHack\hack\lua\plugins\hotkeys.lua:95	'D' ; 'F' ; 'H' ; 'a' ; 'c' ; 'k'	D:/program/steam/steamapps/common/DFHack/hack/lua/plugins/hotkeys.lua	35-50				hotkeys.adventuremenu;hotkeys.embarkmenu;hotkeys.legendsmenu;hotkeys.menu;hotkeys.newadventuremenu
hotkeys	popup-gui-or-helper		Menu	HotkeyLabel		conditional-action-or-state	'Quickstart guide'		'STRING_A063'						on_activate=function()\n                        self:onSubmit(nil, {command='quickstart-guide'})\n                    end				quickstart_frame		'Quickstart guide'	D:/program/steam/steamapps/common/DFHack/hack/lua/plugins/hotkeys.lua	258-265				
logistics	registered-overlay	logistics.autoretrain	AutoretrainOverlay	ToggleHotkeyLabel	'toggle'	state-choice	'Autoretrain livestock:'	{{label='On',value=true,pen=COLOR_GREEN},{label='Off',value=false}} [inherited gui/widgets/labels/toggle_hotkey_label.lua:10-12]	'CUSTOM_CTRL_A'		': ' [CycleHotkeyLabel default]		316: self.subviews.toggle:setOption(logistics_getFeature('autoretrain'))		on_change=function(val)\n                    logistics_setFeature(val, 'autoretrain')\n                    if (val) then refresh_list() end\n                end	'dwarfmode/Info/CREATURES/PET'	{x=51, y=-4}	{w=36, h=5}		D:\program\steam\steamapps\common\DFHack\hack\lua\plugins\logistics.lua:275	'Autoretrain livestock:' ; 'On' ; 'Off'	D:/program/steam/steamapps/common/DFHack/hack/lua/plugins/logistics.lua	298-306				logistics.autoretrain
logistics	registered-overlay	logistics.autoretrain	AutoretrainOverlay	HelpButton		companion-label-or-symbol										'dwarfmode/Info/CREATURES/PET'	{x=51, y=-4}	{w=36, h=5}		D:\program\steam\steamapps\common\DFHack\hack\lua\plugins\logistics.lua:275		D:/program/steam/steamapps/common/DFHack/hack/lua/plugins/logistics.lua	311-311				logistics.autoretrain
orders	registered-overlay	orders.importexport	OrdersOverlay	HotkeyLabel		conditional-action-or-state	'import'		'CUSTOM_CTRL_I'						on_activate=do_import	'dwarfmode/Info/WORK_ORDERS/Default'	{x=41,y=-6}	{w=43, h=4}	{t=0, l=0}	D:\program\steam\steamapps\common\DFHack\hack\lua\plugins\orders.lua:75	'import'	D:/program/steam/steamapps/common/DFHack/hack/lua/plugins/orders.lua	93-99				orders.importexport
orders	registered-overlay	orders.importexport	OrdersOverlay	HotkeyLabel		conditional-action-or-state	'export'		'CUSTOM_CTRL_E'						on_activate=do_export	'dwarfmode/Info/WORK_ORDERS/Default'	{x=41,y=-6}	{w=43, h=4}	{t=1, l=0}	D:\program\steam\steamapps\common\DFHack\hack\lua\plugins\orders.lua:75	'export'	D:/program/steam/steamapps/common/DFHack/hack/lua/plugins/orders.lua	100-106				orders.importexport
orders	registered-overlay	orders.importexport	OrdersOverlay	HotkeyLabel		conditional-action-or-state	'recheck conditions'		'CUSTOM_CTRL_K'						on_activate=do_recheck	'dwarfmode/Info/WORK_ORDERS/Default'	{x=41,y=-6}	{w=43, h=4}	{t=0, l=15}	D:\program\steam\steamapps\common\DFHack\hack\lua\plugins\orders.lua:75	'recheck conditions'	D:/program/steam/steamapps/common/DFHack/hack/lua/plugins/orders.lua	107-113				orders.importexport
orders	registered-overlay	orders.importexport	OrdersOverlay	HotkeyLabel		conditional-action-or-state	'sort'		'CUSTOM_CTRL_O'						on_activate=do_sort	'dwarfmode/Info/WORK_ORDERS/Default'	{x=41,y=-6}	{w=43, h=4}	{t=1, l=15}	D:\program\steam\steamapps\common\DFHack\hack\lua\plugins\orders.lua:75	'sort'	D:/program/steam/steamapps/common/DFHack/hack/lua/plugins/orders.lua	114-120				orders.importexport
orders	registered-overlay	orders.importexport	OrdersOverlay	HotkeyLabel		conditional-action-or-state	'clear'		'CUSTOM_CTRL_C'						on_activate=do_clear	'dwarfmode/Info/WORK_ORDERS/Default'	{x=41,y=-6}	{w=43, h=4}	{t=1, l=28}	D:\program\steam\steamapps\common\DFHack\hack\lua\plugins\orders.lua:75	'clear'	D:/program/steam/steamapps/common/DFHack/hack/lua/plugins/orders.lua	121-127				orders.importexport
orders	registered-overlay	orders.importexport	OrdersOverlay	Label		conditional-action-or-state	'['							visible=function() return self.minimized end		'dwarfmode/Info/WORK_ORDERS/Default'	{x=41,y=-6}	{w=43, h=4}	{t=0, l=0, w=1, h=1}	D:\program\steam\steamapps\common\DFHack\hack\lua\plugins\orders.lua:75	'['	D:/program/steam/steamapps/common/DFHack/hack/lua/plugins/orders.lua	134-139				orders.importexport
orders	registered-overlay	orders.importexport	OrdersOverlay	Label		conditional-action-or-state	{{text=function() return self.minimized and string.char(31) or string.char(30) end}}								on_click=function() self.minimized = not self.minimized end	'dwarfmode/Info/WORK_ORDERS/Default'	{x=41,y=-6}	{w=43, h=4}	{t=0, l=1, w=1, h=1}	D:\program\steam\steamapps\common\DFHack\hack\lua\plugins\orders.lua:75		D:/program/steam/steamapps/common/DFHack/hack/lua/plugins/orders.lua	140-146				orders.importexport
orders	registered-overlay	orders.importexport	OrdersOverlay	Label		conditional-action-or-state	']'							visible=function() return self.minimized end		'dwarfmode/Info/WORK_ORDERS/Default'	{x=41,y=-6}	{w=43, h=4}	{t=0, r=0, w=1, h=1}	D:\program\steam\steamapps\common\DFHack\hack\lua\plugins\orders.lua:75	']'	D:/program/steam/steamapps/common/DFHack/hack/lua/plugins/orders.lua	147-152				orders.importexport
orders	registered-overlay	orders.importexport	OrdersOverlay	HelpButton		conditional-action-or-state								visible=function() return not self.minimized end		'dwarfmode/Info/WORK_ORDERS/Default'	{x=41,y=-6}	{w=43, h=4}		D:\program\steam\steamapps\common\DFHack\hack\lua\plugins\orders.lua:75		D:/program/steam/steamapps/common/DFHack/hack/lua/plugins/orders.lua	159-162				orders.importexport
orders	registered-overlay	orders.recheck	RecheckOverlay	TextButton	'button'	conditional-action-or-state	're-check conditions'		'CUSTOM_CTRL_A'					enabled=can_recheck	on_activate=set_current_inactive	focusString	{x=6,y=8}	{w=1 + 6 + 2 + 19 + 1, h=3}		D:\program\steam\steamapps\common\DFHack\hack\lua\plugins\orders.lua:206	're-check conditions'	D:/program/steam/steamapps/common/DFHack/hack/lua/plugins/orders.lua	234-241				orders.recheck
orders	registered-overlay	orders.skillrestrictions	SkillRestrictionOverlay	CycleHotkeyLabel	'min_skill'	state-choice	'Min skill:'	SKILL_OPTIONS	'CUSTOM_SHIFT_V'	'CUSTOM_SHIFT_C'	': ' [CycleHotkeyLabel default]	SKILL_OPTIONS[1].value	365: self.subviews.min_skill:setOption(val) ; 380: self.subviews.min_skill:setOption(idx, true) ; 394: self.subviews.min_skill:setOption(#SKILL_OPTIONS) ; 397: self.subviews.min_skill:setOption(min_idx)		on_change=function(val)\n                local bld = dfhack.gui.getSelectedBuilding(true)\n                if self.subviews.max_skill:getOptionValue() < val then\n                    self.subviews.max_skill:setOption(val)\n                    set_skill_level('max_level', MAX_SKILL_RATINGS[val], bld)\n                end\n                set_skill_level('min_level', MIN_SKILL_RATINGS[val], bld)\n            end	{\n        'dwarfmode/ViewSheets/BUILDING/Furnace',\n        'dwarfmode/ViewSheets/BUILDING/Workshop',\n    }	{x=-40, y=16}	{w=57, h=7}	{l=1, t=0, w=16}	D:\program\steam\steamapps\common\DFHack\hack\lua\plugins\orders.lua:265	'Min skill:'	D:/program/steam/steamapps/common/DFHack/hack/lua/plugins/orders.lua	335-352	true			orders.skillrestrictions
orders	registered-overlay	orders.skillrestrictions	SkillRestrictionOverlay	CycleHotkeyLabel	'max_skill'	state-choice	'Max skill:'	SKILL_OPTIONS	'CUSTOM_SHIFT_R'	'CUSTOM_SHIFT_E'	': ' [CycleHotkeyLabel default]	SKILL_OPTIONS[#SKILL_OPTIONS].value	347: self.subviews.max_skill:setOption(val) ; 381: self.subviews.max_skill:setOption(idx, true) ; 398: self.subviews.max_skill:setOption(min_idx) ; 401: self.subviews.max_skill:setOption(max_idx)		on_change=function(val)\n                local bld = dfhack.gui.getSelectedBuilding(true)\n                if self.subviews.min_skill:getOptionValue() > val then\n                    self.subviews.min_skill:setOption(val)\n                    set_skill_level('min_level', MIN_SKILL_RATINGS[val], bld)\n                end\n                set_skill_level('max_level', MAX_SKILL_RATINGS[val], bld)\n            end	{\n        'dwarfmode/ViewSheets/BUILDING/Furnace',\n        'dwarfmode/ViewSheets/BUILDING/Workshop',\n    }	{x=-40, y=16}	{w=57, h=7}	{r=1, t=0, w=16}	D:\program\steam\steamapps\common\DFHack\hack\lua\plugins\orders.lua:265	'Max skill:'	D:/program/steam/steamapps/common/DFHack/hack/lua/plugins/orders.lua	353-370	true			orders.skillrestrictions
orders	registered-overlay	orders.skillrestrictions	SkillRestrictionOverlay	HelpButton		companion-label-or-symbol										{\n        'dwarfmode/ViewSheets/BUILDING/Furnace',\n        'dwarfmode/ViewSheets/BUILDING/Workshop',\n    }	{x=-40, y=16}	{w=57, h=7}		D:\program\steam\steamapps\common\DFHack\hack\lua\plugins\orders.lua:265		D:/program/steam/steamapps/common/DFHack/hack/lua/plugins/orders.lua	387-387				orders.skillrestrictions
orders	registered-overlay	orders.laborrestrictions	LaborRestrictionsOverlay	Label		companion-label-or-symbol	'Permitted General Work Order Labors'									{\n        'dwarfmode/ViewSheets/BUILDING/Furnace/Kiln/Workers',\n        'dwarfmode/ViewSheets/BUILDING/Furnace/MagmaKiln/Workers',\n        'dwarfmode/ViewSheets/BUILDING/Workshop/Ashery/Workers',\n        'dwarfmode/ViewSheets/BUILDING/Workshop/Butchers/Workers',\n        'dwarfmode/ViewSheets/BUILDING/Workshop/Carpenters/Workers',\n        'dwarfmode/ViewSheets/BUILDING/Workshop/Craftsdwarfs/Workers',\n        'dwarfmode/ViewSheets/BUILDING/Workshop/Custom/SCREW_PRESS/Workers',\n        'dwarfmode/ViewSheets/BUILDING/Workshop/Farmers/Workers',\n        'dwarfmode/ViewSheets/BUILDING/Workshop/Fishery/Workers',\n        'dwarfmode/ViewSheets/BUILDING/Workshop/Jewelers/Workers',\n        'dwarfmode/ViewSheets/BUILDING/Workshop/MagmaForge/Workers',\n        'dwarfmode/ViewSheets/BUILDING/Workshop/Masons/Workers',\n        'dwarfmode/ViewSheets/BUILDING/Workshop/MetalsmithsForge/Workers',\n        'dwarfmode/ViewSheets/BUILDING/Workshop/Millstone/Workers',\n        'dwarfmode/ViewSheets/BUILDING/Workshop/Quern/Workers',\n        'dwarfmode/ViewSheets/BUILDING/Workshop/Still/Workers',\n    }	{x=-40, y=24}	{w=57, h=15}	{t=0, l=0}	D:\program\steam\steamapps\common\DFHack\hack\lua\plugins\orders.lua:430	'Permitted General Work Order Labors'	D:/program/steam/steamapps/common/DFHack/hack/lua/plugins/orders.lua	549-552				orders.laborrestrictions
orders	registered-overlay	orders.laborrestrictions	LaborRestrictionsOverlay	HotkeyLabel		conditional-action-or-state	'Toggle all'		'CUSTOM_CTRL_A'						on_activate=function()\n                    local bld = dfhack.gui.getSelectedBuilding(true)\n                    if not bld then return end\n                    local choices = list:getChoices()\n                    local target = not is_labor_blocked(choices[1].labor, bld)\n                    for _, choice in ipairs(choices) do\n                        set_labor(bld, choice.labor, target)\n                    end\n                end	{\n        'dwarfmode/ViewSheets/BUILDING/Furnace/Kiln/Workers',\n        'dwarfmode/ViewSheets/BUILDING/Furnace/MagmaKiln/Workers',\n        'dwarfmode/ViewSheets/BUILDING/Workshop/Ashery/Workers',\n        'dwarfmode/ViewSheets/BUILDING/Workshop/Butchers/Workers',\n        'dwarfmode/ViewSheets/BUILDING/Workshop/Carpenters/Workers',\n        'dwarfmode/ViewSheets/BUILDING/Workshop/Craftsdwarfs/Workers',\n        'dwarfmode/ViewSheets/BUILDING/Workshop/Custom/SCREW_PRESS/Workers',\n        'dwarfmode/ViewSheets/BUILDING/Workshop/Farmers/Workers',\n        'dwarfmode/ViewSheets/BUILDING/Workshop/Fishery/Workers',\n        'dwarfmode/ViewSheets/BUILDING/Workshop/Jewelers/Workers',\n        'dwarfmode/ViewSheets/BUILDING/Workshop/MagmaForge/Workers',\n        'dwarfmode/ViewSheets/BUILDING/Workshop/Masons/Workers',\n        'dwarfmode/ViewSheets/BUILDING/Workshop/MetalsmithsForge/Workers',\n        'dwarfmode/ViewSheets/BUILDING/Workshop/Millstone/Workers',\n        'dwarfmode/ViewSheets/BUILDING/Workshop/Quern/Workers',\n        'dwarfmode/ViewSheets/BUILDING/Workshop/Still/Workers',\n    }	{x=-40, y=24}	{w=57, h=15}	{l=30, t=2}	D:\program\steam\steamapps\common\DFHack\hack\lua\plugins\orders.lua:430	'Toggle all'	D:/program/steam/steamapps/common/DFHack/hack/lua/plugins/orders.lua	554-568				orders.laborrestrictions
orders	registered-overlay	orders.laborrestrictions	LaborRestrictionsOverlay	HotkeyLabel		conditional-action-or-state	'Toggle selected'		'SELECT'						on_activate=function() toggle_labor(list:getSelected()) end	{\n        'dwarfmode/ViewSheets/BUILDING/Furnace/Kiln/Workers',\n        'dwarfmode/ViewSheets/BUILDING/Furnace/MagmaKiln/Workers',\n        'dwarfmode/ViewSheets/BUILDING/Workshop/Ashery/Workers',\n        'dwarfmode/ViewSheets/BUILDING/Workshop/Butchers/Workers',\n        'dwarfmode/ViewSheets/BUILDING/Workshop/Carpenters/Workers',\n        'dwarfmode/ViewSheets/BUILDING/Workshop/Craftsdwarfs/Workers',\n        'dwarfmode/ViewSheets/BUILDING/Workshop/Custom/SCREW_PRESS/Workers',\n        'dwarfmode/ViewSheets/BUILDING/Workshop/Farmers/Workers',\n        'dwarfmode/ViewSheets/BUILDING/Workshop/Fishery/Workers',\n        'dwarfmode/ViewSheets/BUILDING/Workshop/Jewelers/Workers',\n        'dwarfmode/ViewSheets/BUILDING/Workshop/MagmaForge/Workers',\n        'dwarfmode/ViewSheets/BUILDING/Workshop/Masons/Workers',\n        'dwarfmode/ViewSheets/BUILDING/Workshop/MetalsmithsForge/Workers',\n        'dwarfmode/ViewSheets/BUILDING/Workshop/Millstone/Workers',\n        'dwarfmode/ViewSheets/BUILDING/Workshop/Quern/Workers',\n        'dwarfmode/ViewSheets/BUILDING/Workshop/Still/Workers',\n    }	{x=-40, y=24}	{w=57, h=15}	{l=30, t=4}	D:\program\steam\steamapps\common\DFHack\hack\lua\plugins\orders.lua:430	'Toggle selected'	D:/program/steam/steamapps/common/DFHack/hack/lua/plugins/orders.lua	569-575				orders.laborrestrictions
orders	registered-overlay	orders.laborrestrictions	LaborRestrictionsOverlay	Label		companion-label-or-symbol	'(or double click)'									{\n        'dwarfmode/ViewSheets/BUILDING/Furnace/Kiln/Workers',\n        'dwarfmode/ViewSheets/BUILDING/Furnace/MagmaKiln/Workers',\n        'dwarfmode/ViewSheets/BUILDING/Workshop/Ashery/Workers',\n        'dwarfmode/ViewSheets/BUILDING/Workshop/Butchers/Workers',\n        'dwarfmode/ViewSheets/BUILDING/Workshop/Carpenters/Workers',\n        'dwarfmode/ViewSheets/BUILDING/Workshop/Craftsdwarfs/Workers',\n        'dwarfmode/ViewSheets/BUILDING/Workshop/Custom/SCREW_PRESS/Workers',\n        'dwarfmode/ViewSheets/BUILDING/Workshop/Farmers/Workers',\n        'dwarfmode/ViewSheets/BUILDING/Workshop/Fishery/Workers',\n        'dwarfmode/ViewSheets/BUILDING/Workshop/Jewelers/Workers',\n        'dwarfmode/ViewSheets/BUILDING/Workshop/MagmaForge/Workers',\n        'dwarfmode/ViewSheets/BUILDING/Workshop/Masons/Workers',\n        'dwarfmode/ViewSheets/BUILDING/Workshop/MetalsmithsForge/Workers',\n        'dwarfmode/ViewSheets/BUILDING/Workshop/Millstone/Workers',\n        'dwarfmode/ViewSheets/BUILDING/Workshop/Quern/Workers',\n        'dwarfmode/ViewSheets/BUILDING/Workshop/Still/Workers',\n    }	{x=-40, y=24}	{w=57, h=15}	{l=37, t=5}	D:\program\steam\steamapps\common\DFHack\hack\lua\plugins\orders.lua:430	'(or double click)'	D:/program/steam/steamapps/common/DFHack/hack/lua/plugins/orders.lua	576-579				orders.laborrestrictions
orders	registered-overlay	orders.laborrestrictions	LaborRestrictionsOverlay	HelpButton		companion-label-or-symbol										{\n        'dwarfmode/ViewSheets/BUILDING/Furnace/Kiln/Workers',\n        'dwarfmode/ViewSheets/BUILDING/Furnace/MagmaKiln/Workers',\n        'dwarfmode/ViewSheets/BUILDING/Workshop/Ashery/Workers',\n        'dwarfmode/ViewSheets/BUILDING/Workshop/Butchers/Workers',\n        'dwarfmode/ViewSheets/BUILDING/Workshop/Carpenters/Workers',\n        'dwarfmode/ViewSheets/BUILDING/Workshop/Craftsdwarfs/Workers',\n        'dwarfmode/ViewSheets/BUILDING/Workshop/Custom/SCREW_PRESS/Workers',\n        'dwarfmode/ViewSheets/BUILDING/Workshop/Farmers/Workers',\n        'dwarfmode/ViewSheets/BUILDING/Workshop/Fishery/Workers',\n        'dwarfmode/ViewSheets/BUILDING/Workshop/Jewelers/Workers',\n        'dwarfmode/ViewSheets/BUILDING/Workshop/MagmaForge/Workers',\n        'dwarfmode/ViewSheets/BUILDING/Workshop/Masons/Workers',\n        'dwarfmode/ViewSheets/BUILDING/Workshop/MetalsmithsForge/Workers',\n        'dwarfmode/ViewSheets/BUILDING/Workshop/Millstone/Workers',\n        'dwarfmode/ViewSheets/BUILDING/Workshop/Quern/Workers',\n        'dwarfmode/ViewSheets/BUILDING/Workshop/Still/Workers',\n    }	{x=-40, y=24}	{w=57, h=15}		D:\program\steam\steamapps\common\DFHack\hack\lua\plugins\orders.lua:430		D:/program/steam/steamapps/common/DFHack/hack/lua/plugins/orders.lua	630-630				orders.laborrestrictions
orders	registered-overlay	orders.search	OrdersSearchOverlay	HotkeyLabel		conditional-action-or-state	'prev'		'CUSTOM_ALT_P'					enabled=function() return #self.matched_indices > 0 end	on_activate=self:callback('cycle_match', -1)	'dwarfmode/Info/WORK_ORDERS/Default'	{x=85, y=-6}	{w=26, h=4}	{t=1, l=0}	D:\program\steam\steamapps\common\DFHack\hack\lua\plugins\orders.lua:817	'prev'	D:/program/steam/steamapps/common/DFHack/hack/lua/plugins/orders.lua	843-850				orders.search
orders	registered-overlay	orders.search	OrdersSearchOverlay	HotkeyLabel		conditional-action-or-state	'next'		'CUSTOM_ALT_N'					enabled=function() return #self.matched_indices > 0 end	on_activate=self:callback('cycle_match', 1)	'dwarfmode/Info/WORK_ORDERS/Default'	{x=85, y=-6}	{w=26, h=4}	{t=1, l=12}	D:\program\steam\steamapps\common\DFHack\hack\lua\plugins\orders.lua:817	'next'	D:/program/steam/steamapps/common/DFHack/hack/lua/plugins/orders.lua	851-858				orders.search
orders	registered-overlay	orders.search	OrdersSearchOverlay	Label		conditional-action-or-state	'['							visible=function() return self.minimized end		'dwarfmode/Info/WORK_ORDERS/Default'	{x=85, y=-6}	{w=26, h=4}	{t=0, l=0, w=1, h=1}	D:\program\steam\steamapps\common\DFHack\hack\lua\plugins\orders.lua:817	'['	D:/program/steam/steamapps/common/DFHack/hack/lua/plugins/orders.lua	865-870				orders.search
orders	registered-overlay	orders.search	OrdersSearchOverlay	Label		conditional-action-or-state	{{text=function() return self.minimized and string.char(31) or string.char(30) end}}								on_click=function() self.minimized = not self.minimized end	'dwarfmode/Info/WORK_ORDERS/Default'	{x=85, y=-6}	{w=26, h=4}	{t=0, l=1, w=1, h=1}	D:\program\steam\steamapps\common\DFHack\hack\lua\plugins\orders.lua:817		D:/program/steam/steamapps/common/DFHack/hack/lua/plugins/orders.lua	871-877				orders.search
orders	registered-overlay	orders.search	OrdersSearchOverlay	Label		conditional-action-or-state	']'							visible=function() return self.minimized end		'dwarfmode/Info/WORK_ORDERS/Default'	{x=85, y=-6}	{w=26, h=4}	{t=0, r=0, w=1, h=1}	D:\program\steam\steamapps\common\DFHack\hack\lua\plugins\orders.lua:817	']'	D:/program/steam/steamapps/common/DFHack/hack/lua/plugins/orders.lua	878-883				orders.search
overlay	registered-overlay	overlay.title_version	TitleVersionOverlay	Label		companion-label-or-symbol	text									'title/Default'	{x=11, y=1}	{w=35, h=5}	{t=0, l=0}	D:\program\steam\steamapps\common\DFHack\hack\lua\plugins\overlay.lua:604;D:\program\steam\steamapps\common\DFHack\hack\lua\plugins\overlay.lua:635		D:/program/steam/steamapps/common/DFHack/hack/lua/plugins/overlay.lua	663-667				overlay.title_version
overlay	registered-overlay	overlay.title_version	TitleVersionOverlay	HotkeyLabel		conditional-action-or-state	'Quickstart guide'		'STRING_A063'						on_activate=function() dfhack.run_script('quickstart-guide') end	'title/Default'	{x=11, y=1}	{w=35, h=5}	{l=0}	D:\program\steam\steamapps\common\DFHack\hack\lua\plugins\overlay.lua:604;D:\program\steam\steamapps\common\DFHack\hack\lua\plugins\overlay.lua:635	'Quickstart guide'	D:/program/steam/steamapps/common/DFHack/hack/lua/plugins/overlay.lua	668-674				overlay.title_version
overlay	registered-overlay	overlay.title_version	TitleVersionOverlay	HotkeyLabel		conditional-action-or-state	'Control panel'		'STRING_A047'						on_activate=function() dfhack.run_script('gui/control-panel') end	'title/Default'	{x=11, y=1}	{w=35, h=5}	{l=0}	D:\program\steam\steamapps\common\DFHack\hack\lua\plugins\overlay.lua:604;D:\program\steam\steamapps\common\DFHack\hack\lua\plugins\overlay.lua:635	'Control panel'	D:/program/steam/steamapps/common/DFHack/hack/lua/plugins/overlay.lua	675-681				overlay.title_version
preserve-rooms	registered-overlay	preserve-rooms.reserved	ReservedWidget	CycleHotkeyLabel	'role'	state-choice	'Autoassign to holder of role:'	{{label='None', value={''}, pen=COLOR_YELLOW}}	'CUSTOM_SHIFT_S'		': ' [CycleHotkeyLabel default]		182: self.subviews.role:setOption(idx, true) ; 295: self.subviews.role:setOption(1)		on_change=function(group_codes)\n                                self.subviews.list:setSelected(self.code_to_idx[group_codes[1]] or 1)\n                                preserve_rooms_assignToRole(group_codes, -1)\n                            end	{\n        'dwarfmode/Zone/Some/Bedroom',\n        'dwarfmode/Zone/Some/DiningHall',\n        'dwarfmode/Zone/Some/Office',\n        'dwarfmode/Zone/Some/Tomb',\n    }	{x=37, y=6}	{w=44, h=15}	{t=1, l=1, r=1, h=2}	D:\program\steam\steamapps\common\DFHack\hack\lua\plugins\preserve-rooms.lua:100	'Autoassign to holder of role:' ; 'None' ; ''	D:/program/steam/steamapps/common/DFHack/hack/lua/plugins/preserve-rooms.lua	149-161	true			preserve-rooms.reserved
preserve-rooms	registered-overlay	preserve-rooms.reserved	ReservedWidget	Label		companion-label-or-symbol	{\n                                'Reserved for traveling unit:', NEWLINE,\n                                {gap=1, text=preserve_rooms_getReservationName, pen=COLOR_YELLOW},\n                            }									{\n        'dwarfmode/Zone/Some/Bedroom',\n        'dwarfmode/Zone/Some/DiningHall',\n        'dwarfmode/Zone/Some/Office',\n        'dwarfmode/Zone/Some/Tomb',\n    }	{x=37, y=6}	{w=44, h=15}	{t=0, l=0}	D:\program\steam\steamapps\common\DFHack\hack\lua\plugins\preserve-rooms.lua:100	'Reserved for traveling unit:'	D:/program/steam/steamapps/common/DFHack/hack/lua/plugins/preserve-rooms.lua	196-202				preserve-rooms.reserved
preserve-rooms	registered-overlay	preserve-rooms.reserved	ReservedWidget	HotkeyLabel		conditional-action-or-state	'Clear reservation'		'CUSTOM_SHIFT_R'						on_activate=preserve_rooms_clearReservation	{\n        'dwarfmode/Zone/Some/Bedroom',\n        'dwarfmode/Zone/Some/DiningHall',\n        'dwarfmode/Zone/Some/Office',\n        'dwarfmode/Zone/Some/Tomb',\n    }	{x=37, y=6}	{w=44, h=15}	{t=2, l=0}	D:\program\steam\steamapps\common\DFHack\hack\lua\plugins\preserve-rooms.lua:100	'Clear reservation'	D:/program/steam/steamapps/common/DFHack/hack/lua/plugins/preserve-rooms.lua	203-208				preserve-rooms.reserved
preserve-rooms	registered-overlay	preserve-rooms.reserved	ReservedWidget	HelpButton		conditional-action-or-state								visible=function()\n                        return preserve_rooms_isReserved() or preserve_rooms_getFeature('track-roles')\n                    end		{\n        'dwarfmode/Zone/Some/Bedroom',\n        'dwarfmode/Zone/Some/DiningHall',\n        'dwarfmode/Zone/Some/Office',\n        'dwarfmode/Zone/Some/Tomb',\n    }	{x=37, y=6}	{w=44, h=15}		D:\program\steam\steamapps\common\DFHack\hack\lua\plugins\preserve-rooms.lua:100		D:/program/steam/steamapps/common/DFHack/hack/lua/plugins/preserve-rooms.lua	211-216				preserve-rooms.reserved
sort	registered-overlay	sort.deathcause_button	DeathCauseOverlay	TextButton		conditional-action-or-state	'Show death cause'		'CUSTOM_D'						on_activate=function()\n                local unit = get_selected_unit()\n                if not unit then\n                    dialogs.showMessage('Death Cause', 'No unit selected.')\n                    return\n                end\n                local cause = deathcause.getDeathCause(unit)\n                dialogs.showMessage('Death Cause', dfhack.df2console(cause))\n            end	'dwarfmode/Info/CREATURES/DECEASED'	{x=50, y=-7}	{w=21, h=1}	{t=0, l=0}	D:\program\steam\steamapps\common\DFHack\hack\lua\plugins\sort\deathcause_button.lua:8	'Show death cause'	D:/program/steam/steamapps/common/DFHack/hack/lua/plugins/sort/deathcause_button.lua	61-74				sort.deathcause_button
sort	registered-overlay	sort.elevate_barony_preferences	PreferenceOverlay	Label	'annotations'	companion-label-or-symbol	''									'dwarfmode/Diplomacy/ElevateLandHolder'	{x=-34, y=9}	{w=29, h=1}	{t=0, l=0}	D:\program\steam\steamapps\common\DFHack\hack\lua\plugins\sort\diplomacy.lua:113	''	D:/program/steam/steamapps/common/DFHack/hack/lua/plugins/sort/diplomacy.lua	123-128				sort.elevate_barony_preferences
sort	registered-overlay	sort.info	InfoOverlay	CycleHotkeyLabel	'subset'	state-choice	'Show:'	{\n                        {label='All', value='all', pen=COLOR_GREEN},\n                        {label='Military', value='military', pen=COLOR_YELLOW},\n                        {label='Civilians', value='civilian', pen=COLOR_CYAN},\n                        {label='Burrowed', value='burrow', pen=COLOR_MAGENTA},\n                    }	'CUSTOM_SHIFT_F'		': ' [CycleHotkeyLabel default]		273: self.subviews.subset:setOption('all')		on_change=function(value)\n                        local squad = self.subviews.squad\n                        local burrow = self.subviews.burrow\n                        squad.visible = false\n                        burrow.visible = false\n                        if value == 'military' then\n                            squad.options = get_squad_options()\n                            squad:setOption('all')\n                            squad.visible = true\n                        elseif value == 'burrow' then\n                            burrow.options = get_burrow_options()\n                            burrow:setOption('all')\n                            burrow.visible = true\n                        end\n                        self:do_search(self.subviews.search.text, true)\n                    end	{\n        'dwarfmode/Info/JOBS',\n        'dwarfmode/Info/ARTIFACTS/ARTIFACTS',\n        'dwarfmode/Info/ARTIFACTS/SYMBOLS',\n        'dwarfmode/Info/ARTIFACTS/NAMED_OBJECTS',\n        'dwarfmode/Info/ARTIFACTS/WRITTEN_CONTENT',\n    }	{x=64, y=8}	{w=40, h=6}	{l=1, t=0, r=1}	D:\program\steam\steamapps\common\DFHack\hack\lua\plugins\sort\info.lua:113;D:\program\steam\steamapps\common\DFHack\hack\lua\plugins\sort\sortoverlay.lua:23	'Show:' ; 'All' ; 'all' ; 'Military' ; 'military' ; 'Civilians' ; 'civilian' ; 'Burrowed' ; 'burrow'	D:/program/steam/steamapps/common/DFHack/hack/lua/plugins/sort/info.lua	195-222				sort.info
sort	registered-overlay	sort.info	InfoOverlay	CycleHotkeyLabel	'squad'	state-choice	'Squad:'	{\n                        {label='Any', value='all', pen=COLOR_GREEN},\n                    }	'CUSTOM_SHIFT_S'		': ' [CycleHotkeyLabel default]			visible=false	on_change=function() self:do_search(self.subviews.search.text, true) end	{\n        'dwarfmode/Info/JOBS',\n        'dwarfmode/Info/ARTIFACTS/ARTIFACTS',\n        'dwarfmode/Info/ARTIFACTS/SYMBOLS',\n        'dwarfmode/Info/ARTIFACTS/NAMED_OBJECTS',\n        'dwarfmode/Info/ARTIFACTS/WRITTEN_CONTENT',\n    }	{x=64, y=8}	{w=40, h=6}	{l=1, t=0, r=1}	D:\program\steam\steamapps\common\DFHack\hack\lua\plugins\sort\info.lua:113;D:\program\steam\steamapps\common\DFHack\hack\lua\plugins\sort\sortoverlay.lua:23	'Squad:' ; 'Any' ; 'all'	D:/program/steam/steamapps/common/DFHack/hack/lua/plugins/sort/info.lua	233-243				sort.info
sort	registered-overlay	sort.info	InfoOverlay	CycleHotkeyLabel	'burrow'	state-choice	'Burrow:'	{\n                        {label='Any', value='all', pen=COLOR_GREEN},\n                    }	'CUSTOM_SHIFT_B'		': ' [CycleHotkeyLabel default]			visible=false	on_change=function() self:do_search(self.subviews.search.text, true) end	{\n        'dwarfmode/Info/JOBS',\n        'dwarfmode/Info/ARTIFACTS/ARTIFACTS',\n        'dwarfmode/Info/ARTIFACTS/SYMBOLS',\n        'dwarfmode/Info/ARTIFACTS/NAMED_OBJECTS',\n        'dwarfmode/Info/ARTIFACTS/WRITTEN_CONTENT',\n    }	{x=64, y=8}	{w=40, h=6}	{l=1, t=0, r=1}	D:\program\steam\steamapps\common\DFHack\hack\lua\plugins\sort\info.lua:113;D:\program\steam\steamapps\common\DFHack\hack\lua\plugins\sort\sortoverlay.lua:23	'Burrow:' ; 'Any' ; 'all'	D:/program/steam/steamapps/common/DFHack/hack/lua/plugins/sort/info.lua	244-254				sort.info
sort	registered-overlay	sort.workanimals	WorkAnimalOverlay	Label	'annotations'	companion-label-or-symbol	''									'dwarfmode/Info/CREATURES/AssignWorkAnimal'	{x=79, y=11}	{w=29, h=1}	{t=0, l=0}	D:\program\steam\steamapps\common\DFHack\hack\lua\plugins\sort\info.lua:435	''	D:/program/steam/steamapps/common/DFHack/hack/lua/plugins/sort/info.lua	446-450				sort.workanimals
sort	registered-overlay	sort.workanimals_filter	WorkAnimalFilterOverlay	CycleHotkeyLabel	'subset'	state-choice	'  Show:'	{\n                {label='All', value='all', pen=COLOR_GREEN},\n                {label='Military', value='military', pen=COLOR_YELLOW},\n                {label='Civilians', value='civilian', pen=COLOR_CYAN},\n                {label='Burrowed', value='burrow', pen=COLOR_MAGENTA},\n            }	'CUSTOM_SHIFT_F'		': ' [CycleHotkeyLabel default]		273: self.subviews.subset:setOption('all')		on_change=function(value)\n                local squad = self.subviews.squad\n                local burrow = self.subviews.burrow\n                squad.enabled = false\n                burrow.enabled = false\n                if value == 'military' then\n                    squad.options = get_squad_options()\n                    squad.enabled = true\n                else\n                    squad:setOption('all')\n                end\n                if value == 'burrow' then\n                    burrow.options = get_burrow_options()\n                    burrow.enabled = true\n                else\n                    burrow:setOption('all')\n                end\n                poke_list()\n            end	'dwarfmode/Info/CREATURES/AssignWorkAnimal'	{x=49, y=-6}	{w=35, h=5}	{l=0, t=0, r=0}	D:\program\steam\steamapps\common\DFHack\hack\lua\plugins\sort\info.lua:522	'  Show:' ; 'All' ; 'all' ; 'Military' ; 'military' ; 'Civilians' ; 'civilian' ; 'Burrowed' ; 'burrow'	D:/program/steam/steamapps/common/DFHack/hack/lua/plugins/sort/info.lua	542-572				sort.workanimals_filter
sort	registered-overlay	sort.workanimals_filter	WorkAnimalFilterOverlay	CycleHotkeyLabel	'squad'	state-choice	' Squad:'	{\n                {label='Any', value='all', pen=COLOR_GREEN},\n            }	'CUSTOM_SHIFT_S'		': ' [CycleHotkeyLabel default]			enabled=false	on_change=poke_list	'dwarfmode/Info/CREATURES/AssignWorkAnimal'	{x=49, y=-6}	{w=35, h=5}	{l=0, t=1, r=0}	D:\program\steam\steamapps\common\DFHack\hack\lua\plugins\sort\info.lua:522	' Squad:' ; 'Any' ; 'all'	D:/program/steam/steamapps/common/DFHack/hack/lua/plugins/sort/info.lua	573-583				sort.workanimals_filter
sort	registered-overlay	sort.workanimals_filter	WorkAnimalFilterOverlay	CycleHotkeyLabel	'burrow'	state-choice	'Burrow:'	{\n                {label='Any', value='all', pen=COLOR_GREEN},\n            }	'CUSTOM_SHIFT_B'		': ' [CycleHotkeyLabel default]			enabled=false	on_change=poke_list	'dwarfmode/Info/CREATURES/AssignWorkAnimal'	{x=49, y=-6}	{w=35, h=5}	{l=0, t=2, r=0}	D:\program\steam\steamapps\common\DFHack\hack\lua\plugins\sort\info.lua:522	'Burrow:' ; 'Any' ; 'all'	D:/program/steam/steamapps/common/DFHack/hack/lua/plugins/sort/info.lua	584-594				sort.workanimals_filter
sort	registered-overlay	sort.conviction;sort.interrogation	JusticeOverlay	CycleHotkeyLabel	'subset'	state-choice	'Show:'	{\n                    {label='All', value='all', pen=COLOR_GREEN},\n                    {label='Risky visitors', value='risky', pen=COLOR_RED},\n                    {label='Other visitors', value='visitors', pen=COLOR_LIGHTRED},\n                    {label='Residents', value='residents', pen=COLOR_YELLOW},\n                    {label='Citizens', value='citizens', pen=COLOR_CYAN},\n                    {label='Animals', value='animals', pen=COLOR_BLUE},\n                    {label='Deceased or missing', value='deceased', pen=COLOR_LIGHTMAGENTA},\n                    {label='Others', value='others', pen=COLOR_GRAY},\n                }	'CUSTOM_SHIFT_F'		': ' [CycleHotkeyLabel default]		273: self.subviews.subset:setOption('all')		on_change=curry(poke_list, self.which)	'dwarfmode/Info/JUSTICE/Convicting'	{x=1, y=-6}	{w=30, h=3}	{l=0}	D:\program\steam\steamapps\common\DFHack\hack\lua\plugins\sort\info.lua:627;D:\program\steam\steamapps\common\DFHack\hack\lua\plugins\sort\info.lua:681;D:\program\steam\steamapps\common\DFHack\hack\lua\plugins\sort\info.lua:718	'Show:' ; 'All' ; 'all' ; 'Risky visitors' ; 'risky' ; 'Other visitors' ; 'visitors' ; 'Residents' ; 'residents' ; 'Citizens' ; 'citizens' ; 'Animals' ; 'animals' ; 'Deceased or missing' ; 'deceased' ; 'Others' ; 'others'	D:/program/steam/steamapps/common/DFHack/hack/lua/plugins/sort/info.lua	638-654				sort.conviction;sort.interrogation
sort	registered-overlay	sort.interrogation	InterrogationOverlay	ToggleHotkeyLabel	'include_interviewed'	state-choice	'Interviewed:'	{\n                {label='Include', value=true, pen=COLOR_GREEN},\n                {label='Exclude', value=false, pen=COLOR_LIGHTRED},\n            }	'CUSTOM_SHIFT_I'		': ' [CycleHotkeyLabel default]				on_change=curry(poke_list, self.which)	'dwarfmode/Info/JUSTICE/Interrogating'	{x=1, y=-5}	{w=30, h=4}	{l=0}	D:\program\steam\steamapps\common\DFHack\hack\lua\plugins\sort\info.lua:627;D:\program\steam\steamapps\common\DFHack\hack\lua\plugins\sort\info.lua:681	'Interviewed:' ; 'Include' ; 'Exclude'	D:/program/steam/steamapps/common/DFHack/hack/lua/plugins/sort/info.lua	697-707				sort.interrogation
sort	registered-overlay	sort.location_selector	LocationSelectorOverlay	ToggleHotkeyLabel	'hide_established'	state-choice	"""Hide established:"""	{{label='On',value=true,pen=COLOR_GREEN},{label='Off',value=false}} [inherited gui/widgets/labels/toggle_hotkey_label.lua:10-12]	'CUSTOM_SHIFT_E'		': ' [CycleHotkeyLabel default]	false	119: self.subviews.hide_established:setOption(false, false)		on_change=function() self:do_search(self.subviews.search.text, true) end	'dwarfmode/LocationSelector'	{x=48, y=6}	{w=26, h=3}	{l=1, t=0, r=1}	D:\program\steam\steamapps\common\DFHack\hack\lua\plugins\sort\locationselector.lua:13;D:\program\steam\steamapps\common\DFHack\hack\lua\plugins\sort\sortoverlay.lua:23	"""Hide established:"" ; 'On' ; 'Off'"	D:/program/steam/steamapps/common/DFHack/hack/lua/plugins/sort/locationselector.lua	80-87				sort.location_selector
sort	registered-overlay	sort.slab	SlabOverlay	ToggleHotkeyLabel	'only_needs_slab'	state-choice	"""Show only citizens who need a slab:"""	{{label='On',value=true,pen=COLOR_GREEN},{label='Off',value=false}} [inherited gui/widgets/labels/toggle_hotkey_label.lua:10-12]	'CUSTOM_SHIFT_E'		': ' [CycleHotkeyLabel default]	false	87: self.subviews.only_needs_slab:setOption(false, false)		on_change=function() self:do_search(self.subviews.search.text, true) end	'dwarfmode/ViewSheets/BUILDING/Workshop'	{x=-40, y=12}	{w=57, h=3}	{l=1, t=0, r=1}	D:\program\steam\steamapps\common\DFHack\hack\lua\plugins\sort\slab.lua:14;D:\program\steam\steamapps\common\DFHack\hack\lua\plugins\sort\sortoverlay.lua:23	"""Show only citizens who need a slab:"" ; 'On' ; 'Off'"	D:/program/steam/steamapps/common/DFHack/hack/lua/plugins/sort/slab.lua	42-49				sort.slab
sort	unregistered-overlay-template		BurrowAssignmentOverlay	CycleHotkeyLabel	'subset'	state-choice	'Show:'	{\n                        {label='All', value='all', pen=COLOR_GREEN},\n                        {label='Military', value='military', pen=COLOR_YELLOW},\n                        {label='Civilians', value='civilian', pen=COLOR_CYAN},\n                        {label='Burrowed', value='burrow', pen=COLOR_MAGENTA},\n                    }	'CUSTOM_SHIFT_F'		': ' [CycleHotkeyLabel default]		244: self.subviews.subset:setOption('all')		on_change=function(value)\n                        local squad = self.subviews.squad\n                        local burrow = self.subviews.burrow\n                        squad.visible = false\n                        burrow.visible = false\n                        if value == 'military' then\n                            squad.options = info.get_squad_options()\n                            squad:setOption('all')\n                            squad.visible = true\n                        elseif value == 'burrow' then\n                            burrow.options = info.get_burrow_options()\n                            burrow:setOption('all')\n                            burrow.visible = true\n                        end\n                        self:do_search(self.subviews.search.text, true)\n                    end	'dwarfmode/UnitSelector'	{x=62, y=6}	{w=DEFAULT_OVERLAY_WIDTH, h=5}	{l=1, t=0, r=1}		'Show:' ; 'All' ; 'all' ; 'Military' ; 'military' ; 'Civilians' ; 'civilian' ; 'Burrowed' ; 'burrow'	D:/program/steam/steamapps/common/DFHack/hack/lua/plugins/sort/unitselector.lua	153-180				
sort	unregistered-overlay-template		BurrowAssignmentOverlay	CycleHotkeyLabel	'squad'	state-choice	'Squad:'	{\n                        {label='Any', value='all', pen=COLOR_GREEN},\n                    }	'CUSTOM_SHIFT_S'		': ' [CycleHotkeyLabel default]			visible=false	on_change=function() self:do_search(self.subviews.search.text, true) end	'dwarfmode/UnitSelector'	{x=62, y=6}	{w=DEFAULT_OVERLAY_WIDTH, h=5}	{l=1, t=0, r=1}		'Squad:' ; 'Any' ; 'all'	D:/program/steam/steamapps/common/DFHack/hack/lua/plugins/sort/unitselector.lua	192-202				
sort	unregistered-overlay-template		BurrowAssignmentOverlay	CycleHotkeyLabel	'burrow'	state-choice	'Burrow:'	{\n                        {label='Any', value='all', pen=COLOR_GREEN},\n                    }	'CUSTOM_SHIFT_B'		': ' [CycleHotkeyLabel default]			visible=false	on_change=function() self:do_search(self.subviews.search.text, true) end	'dwarfmode/UnitSelector'	{x=62, y=6}	{w=DEFAULT_OVERLAY_WIDTH, h=5}	{l=1, t=0, r=1}		'Burrow:' ; 'Any' ; 'all'	D:/program/steam/steamapps/common/DFHack/hack/lua/plugins/sort/unitselector.lua	203-213				
sort	unregistered-overlay-template		BurrowAssignmentOverlay	HotkeyLabel		conditional-action-or-state	'Select all/none'		'CUSTOM_CTRL_N'						on_activate=toggle_all	'dwarfmode/UnitSelector'	{x=62, y=6}	{w=DEFAULT_OVERLAY_WIDTH, h=5}	{l=1, t=0, r=1}		'Select all/none'	D:/program/steam/steamapps/common/DFHack/hack/lua/plugins/sort/unitselector.lua	220-225				
sort	popup-gui-or-helper		SortButton	Label		conditional-action-or-state	{\n                {width=1, tile=curry(sort_button_get_tile, self, 1)},\n                {width=1, tile=curry(sort_button_get_tile, self, 2)},\n                {width=1, tile=curry(sort_button_get_tile, self, 3)},\n                {width=1, tile=curry(sort_button_get_tile, self, 4)},\n            }								on_click=function()\n                if not self.selected then\n                    self.selected = true\n                else\n                    self.ascending = not self.ascending\n                end\n                self.on_click()\n            end							D:/program/steam/steamapps/common/DFHack/hack/lua/plugins/sort.lua	619-634				sort.squad_annotation (sort.lua:759-763)
sort	registered-overlay	sort.squad_annotation	SquadAnnotationOverlay	Label	'label'	companion-label-or-symbol										'dwarfmode/UnitSelector/SQUAD_FILL_POSITION'	{x=15, y=5}	{w=82, h=35}	{t=2, l=0, r=0, b=0}	D:\program\steam\steamapps\common\DFHack\hack\lua\plugins\sort.lua:645		D:/program/steam/steamapps/common/DFHack/hack/lua/plugins/sort.lua	764-769				sort.squad_annotation
sort	registered-overlay	sort.squad_annotation	SquadAnnotationOverlay	CycleHotkeyLabel	'sort'	state-choice	'Show:'	sort_options	'CUSTOM_SHIFT_S'		': ' [CycleHotkeyLabel default]	'sort_any_melee'	935: self.subviews.sort:setOption(sort_id)		on_change=self:callback('sync_widgets', 'sort')	'dwarfmode/UnitSelector/SQUAD_FILL_POSITION'	{x=15, y=5}	{w=82, h=35}	{t=1, r=1, w=31}	D:\program\steam\steamapps\common\DFHack\hack\lua\plugins\sort.lua:645	'Show:'	D:/program/steam/steamapps/common/DFHack/hack/lua/plugins/sort.lua	777-785				sort.squad_annotation
sort	registered-overlay	sort.squad_annotation	SquadAnnotationOverlay	CycleHotkeyLabel	'sort_any_melee'	state-choice		make_options('melee effect.', 'sort_any_melee')			': ' [CycleHotkeyLabel default]	'sort_any_melee'			on_change=self:callback('sync_widgets', 'sort_any_melee')	'dwarfmode/UnitSelector/SQUAD_FILL_POSITION'	{x=15, y=5}	{w=82, h=35}	{t=1, l=0, w=13}	D:\program\steam\steamapps\common\DFHack\hack\lua\plugins\sort.lua:645	'melee effect.'	D:/program/steam/steamapps/common/DFHack/hack/lua/plugins/sort.lua	802-809		0		sort.squad_annotation
sort	registered-overlay	sort.squad_annotation	SquadAnnotationOverlay	CycleHotkeyLabel	'sort_any_ranged'	state-choice		make_options('ranged effect.', 'sort_any_ranged')			': ' [CycleHotkeyLabel default]				on_change=self:callback('sync_widgets', 'sort_any_ranged')	'dwarfmode/UnitSelector/SQUAD_FILL_POSITION'	{x=15, y=5}	{w=82, h=35}	{t=1, r=0, w=14}	D:\program\steam\steamapps\common\DFHack\hack\lua\plugins\sort.lua:645	'ranged effect.'	D:/program/steam/steamapps/common/DFHack/hack/lua/plugins/sort.lua	810-816		0		sort.squad_annotation
sort	registered-overlay	sort.squad_annotation	SquadAnnotationOverlay	CycleHotkeyLabel	'sort_teacher'	state-choice		make_options('teacher', 'sort_teacher')			': ' [CycleHotkeyLabel default]				on_change=self:callback('sync_widgets', 'sort_teacher')	'dwarfmode/UnitSelector/SQUAD_FILL_POSITION'	{x=15, y=5}	{w=82, h=35}	{t=3, l=0, w=7}	D:\program\steam\steamapps\common\DFHack\hack\lua\plugins\sort.lua:645	'teacher'	D:/program/steam/steamapps/common/DFHack/hack/lua/plugins/sort.lua	817-823		0		sort.squad_annotation
sort	registered-overlay	sort.squad_annotation	SquadAnnotationOverlay	CycleHotkeyLabel	'sort_stress'	state-choice		make_options('stress', 'sort_stress')			': ' [CycleHotkeyLabel default]				on_change=self:callback('sync_widgets', 'sort_stress')	'dwarfmode/UnitSelector/SQUAD_FILL_POSITION'	{x=15, y=5}	{w=82, h=35}	{t=3, l=10, w=6}	D:\program\steam\steamapps\common\DFHack\hack\lua\plugins\sort.lua:645	'stress'	D:/program/steam/steamapps/common/DFHack/hack/lua/plugins/sort.lua	824-830		0		sort.squad_annotation
sort	registered-overlay	sort.squad_annotation	SquadAnnotationOverlay	CycleHotkeyLabel	'sort_arrival'	state-choice		make_options('arrival order', 'sort_arrival')			': ' [CycleHotkeyLabel default]				on_change=self:callback('sync_widgets', 'sort_arrival')	'dwarfmode/UnitSelector/SQUAD_FILL_POSITION'	{x=15, y=5}	{w=82, h=35}	{t=3, r=0, w=13}	D:\program\steam\steamapps\common\DFHack\hack\lua\plugins\sort.lua:645	'arrival order'	D:/program/steam/steamapps/common/DFHack/hack/lua/plugins/sort.lua	831-837		0		sort.squad_annotation
sort	registered-overlay	sort.squad_annotation	SquadAnnotationOverlay	CycleHotkeyLabel	'sort_tactics'	state-choice		make_options('tactics', 'sort_tactics')			': ' [CycleHotkeyLabel default]				on_change=self:callback('sync_widgets', 'sort_tactics')	'dwarfmode/UnitSelector/SQUAD_FILL_POSITION'	{x=15, y=5}	{w=82, h=35}	{t=5, l=0, w=7}	D:\program\steam\steamapps\common\DFHack\hack\lua\plugins\sort.lua:645	'tactics'	D:/program/steam/steamapps/common/DFHack/hack/lua/plugins/sort.lua	838-844		0		sort.squad_annotation
sort	registered-overlay	sort.squad_annotation	SquadAnnotationOverlay	CycleHotkeyLabel	'sort_ambusher'	state-choice		make_options('ambusher', 'sort_ambusher')			': ' [CycleHotkeyLabel default]				on_change=self:callback('sync_widgets', 'sort_ambusher')	'dwarfmode/UnitSelector/SQUAD_FILL_POSITION'	{x=15, y=5}	{w=82, h=35}	{t=5, l=9, w=8}	D:\program\steam\steamapps\common\DFHack\hack\lua\plugins\sort.lua:645	'ambusher'	D:/program/steam/steamapps/common/DFHack/hack/lua/plugins/sort.lua	845-851		0		sort.squad_annotation
sort	registered-overlay	sort.squad_annotation	SquadAnnotationOverlay	CycleHotkeyLabel	'sort_need'	state-choice		make_options('train. need', 'sort_need')			': ' [CycleHotkeyLabel default]				on_change=self:callback('sync_widgets', 'sort_need')	'dwarfmode/UnitSelector/SQUAD_FILL_POSITION'	{x=15, y=5}	{w=82, h=35}	{t=5, r=0, w=11}	D:\program\steam\steamapps\common\DFHack\hack\lua\plugins\sort.lua:645	'train. need'	D:/program/steam/steamapps/common/DFHack/hack/lua/plugins/sort.lua	852-858		0		sort.squad_annotation
sort	registered-overlay	sort.squad_annotation	SquadAnnotationOverlay	CycleHotkeyLabel	'sort_pick'	state-choice		make_options('pick', 'sort_pick')			': ' [CycleHotkeyLabel default]				on_change=self:callback('sync_widgets', 'sort_pick')	'dwarfmode/UnitSelector/SQUAD_FILL_POSITION'	{x=15, y=5}	{w=82, h=35}	{t=7, l=0, w=4}	D:\program\steam\steamapps\common\DFHack\hack\lua\plugins\sort.lua:645	'pick'	D:/program/steam/steamapps/common/DFHack/hack/lua/plugins/sort.lua	859-865		0		sort.squad_annotation
sort	registered-overlay	sort.squad_annotation	SquadAnnotationOverlay	CycleHotkeyLabel	'sort_axe'	state-choice		make_options('axe', 'sort_axe')			': ' [CycleHotkeyLabel default]				on_change=self:callback('sync_widgets', 'sort_axe')	'dwarfmode/UnitSelector/SQUAD_FILL_POSITION'	{x=15, y=5}	{w=82, h=35}	{t=7, l=8, w=3}	D:\program\steam\steamapps\common\DFHack\hack\lua\plugins\sort.lua:645	'axe'	D:/program/steam/steamapps/common/DFHack/hack/lua/plugins/sort.lua	866-872		0		sort.squad_annotation
sort	registered-overlay	sort.squad_annotation	SquadAnnotationOverlay	CycleHotkeyLabel	'sort_sword'	state-choice		make_options('sword', 'sort_sword')			': ' [CycleHotkeyLabel default]				on_change=self:callback('sync_widgets', 'sort_sword')	'dwarfmode/UnitSelector/SQUAD_FILL_POSITION'	{x=15, y=5}	{w=82, h=35}	{t=7, l=16, w=5}	D:\program\steam\steamapps\common\DFHack\hack\lua\plugins\sort.lua:645	'sword'	D:/program/steam/steamapps/common/DFHack/hack/lua/plugins/sort.lua	873-879		0		sort.squad_annotation
sort	registered-overlay	sort.squad_annotation	SquadAnnotationOverlay	CycleHotkeyLabel	'sort_mace'	state-choice		make_options('mace', 'sort_mace')			': ' [CycleHotkeyLabel default]				on_change=self:callback('sync_widgets', 'sort_mace')	'dwarfmode/UnitSelector/SQUAD_FILL_POSITION'	{x=15, y=5}	{w=82, h=35}	{t=7, r=0, w=4}	D:\program\steam\steamapps\common\DFHack\hack\lua\plugins\sort.lua:645	'mace'	D:/program/steam/steamapps/common/DFHack/hack/lua/plugins/sort.lua	880-886		0		sort.squad_annotation
sort	registered-overlay	sort.squad_annotation	SquadAnnotationOverlay	CycleHotkeyLabel	'sort_hammer'	state-choice		make_options('hammer', 'sort_hammer')			': ' [CycleHotkeyLabel default]				on_change=self:callback('sync_widgets', 'sort_hammer')	'dwarfmode/UnitSelector/SQUAD_FILL_POSITION'	{x=15, y=5}	{w=82, h=35}	{t=9, l=0, w=6}	D:\program\steam\steamapps\common\DFHack\hack\lua\plugins\sort.lua:645	'hammer'	D:/program/steam/steamapps/common/DFHack/hack/lua/plugins/sort.lua	887-893		0		sort.squad_annotation
sort	registered-overlay	sort.squad_annotation	SquadAnnotationOverlay	CycleHotkeyLabel	'sort_spear'	state-choice		make_options('spear', 'sort_spear')			': ' [CycleHotkeyLabel default]				on_change=self:callback('sync_widgets', 'sort_spear')	'dwarfmode/UnitSelector/SQUAD_FILL_POSITION'	{x=15, y=5}	{w=82, h=35}	{t=9, l=12, w=5}	D:\program\steam\steamapps\common\DFHack\hack\lua\plugins\sort.lua:645	'spear'	D:/program/steam/steamapps/common/DFHack/hack/lua/plugins/sort.lua	894-900		0		sort.squad_annotation
sort	registered-overlay	sort.squad_annotation	SquadAnnotationOverlay	CycleHotkeyLabel	'sort_crossbow'	state-choice		make_options('crossbow', 'sort_crossbow')			': ' [CycleHotkeyLabel default]				on_change=self:callback('sync_widgets', 'sort_crossbow')	'dwarfmode/UnitSelector/SQUAD_FILL_POSITION'	{x=15, y=5}	{w=82, h=35}	{t=9, r=0, w=8}	D:\program\steam\steamapps\common\DFHack\hack\lua\plugins\sort.lua:645	'crossbow'	D:/program/steam/steamapps/common/DFHack/hack/lua/plugins/sort.lua	901-907		0		sort.squad_annotation
sort	registered-overlay	sort.squad_annotation	SquadAnnotationOverlay	CycleHotkeyLabel	'sort_melee_combat_potential'	state-choice		make_options('melee poten.', 'sort_melee_combat_potential')			': ' [CycleHotkeyLabel default]				on_change=self:callback('sync_widgets', 'sort_melee_combat_potential')	'dwarfmode/UnitSelector/SQUAD_FILL_POSITION'	{x=15, y=5}	{w=82, h=35}	{t=11, l=0, w=12}	D:\program\steam\steamapps\common\DFHack\hack\lua\plugins\sort.lua:645	'melee poten.'	D:/program/steam/steamapps/common/DFHack/hack/lua/plugins/sort.lua	908-914		0		sort.squad_annotation
sort	registered-overlay	sort.squad_annotation	SquadAnnotationOverlay	CycleHotkeyLabel	'sort_ranged_combat_potential'	state-choice		make_options('ranged poten.', 'sort_ranged_combat_potential')			': ' [CycleHotkeyLabel default]				on_change=self:callback('sync_widgets', 'sort_ranged_combat_potential')	'dwarfmode/UnitSelector/SQUAD_FILL_POSITION'	{x=15, y=5}	{w=82, h=35}	{t=11, r=0, w=13}	D:\program\steam\steamapps\common\DFHack\hack\lua\plugins\sort.lua:645	'ranged poten.'	D:/program/steam/steamapps/common/DFHack/hack/lua/plugins/sort.lua	915-921		0		sort.squad_annotation
sort	registered-overlay	sort.squad_filter	SquadFilterOverlay	HotkeyLabel	'toggle_all'	conditional-action-or-state	'Toggle all'		'CUSTOM_SHIFT_A'						on_activate=function()\n                    local target = self.subviews.military:getOptionValue() == 'exclude' and 'include' or 'exclude'\n                    self.subviews.military:setOption(target)\n                    self.subviews.officials:setOption(target)\n                    self.subviews.nobles:setOption(target)\n                    self.subviews.infant:setOption(target)\n                    self.subviews.unstable:setOption(target)\n                    self.subviews.maimed:setOption(target)\n                    self.subviews.labor_conflict:setOption(target)\n                    poke_list()\n                end	'dwarfmode/UnitSelector/SQUAD_FILL_POSITION'	{x=64, y=-5}	{w=NARROW_WIDTH, h=6}	{t=0, l=0}	D:\program\steam\steamapps\common\DFHack\hack\lua\plugins\sort.lua:1019	'Toggle all'	D:/program/steam/steamapps/common/DFHack/hack/lua/plugins/sort.lua	1035-1051				sort.squad_filter
sort	registered-overlay	sort.squad_filter	SquadFilterOverlay	CycleHotkeyLabel	'military'	state-choice	'Other squads:'	{\n                    {label='Include', value='include', pen=COLOR_GREEN},\n                    {label='Only', value='only', pen=COLOR_YELLOW},\n                    {label='Exclude', value='exclude', pen=COLOR_LIGHTRED},\n                }	'CUSTOM_SHIFT_Q'		': ' [CycleHotkeyLabel default]	'include'	1042: self.subviews.military:setOption(target)		on_change=poke_list	'dwarfmode/UnitSelector/SQUAD_FILL_POSITION'	{x=64, y=-5}	{w=NARROW_WIDTH, h=6}	{t=1, l=0}	D:\program\steam\steamapps\common\DFHack\hack\lua\plugins\sort.lua:1019	'Other squads:' ; 'Include' ; 'include' ; 'Only' ; 'only' ; 'Exclude' ; 'exclude'	D:/program/steam/steamapps/common/DFHack/hack/lua/plugins/sort.lua	1052-1064				sort.squad_filter
sort	registered-overlay	sort.squad_filter	SquadFilterOverlay	CycleHotkeyLabel	'officials'	state-choice	'   Officials:'	{\n                    {label='Include', value='include', pen=COLOR_GREEN},\n                    {label='Only', value='only', pen=COLOR_YELLOW},\n                    {label='Exclude', value='exclude', pen=COLOR_LIGHTRED},\n                }	'CUSTOM_SHIFT_O'		': ' [CycleHotkeyLabel default]	'include'	1043: self.subviews.officials:setOption(target)		on_change=poke_list	'dwarfmode/UnitSelector/SQUAD_FILL_POSITION'	{x=64, y=-5}	{w=NARROW_WIDTH, h=6}	{t=2, l=0}	D:\program\steam\steamapps\common\DFHack\hack\lua\plugins\sort.lua:1019	'   Officials:' ; 'Include' ; 'include' ; 'Only' ; 'only' ; 'Exclude' ; 'exclude'	D:/program/steam/steamapps/common/DFHack/hack/lua/plugins/sort.lua	1065-1077				sort.squad_filter
sort	registered-overlay	sort.squad_filter	SquadFilterOverlay	CycleHotkeyLabel	'nobles'	state-choice	'    Nobility:'	{\n                    {label='Include', value='include', pen=COLOR_GREEN},\n                    {label='Only', value='only', pen=COLOR_YELLOW},\n                    {label='Exclude', value='exclude', pen=COLOR_LIGHTRED},\n                }	'CUSTOM_SHIFT_N'		': ' [CycleHotkeyLabel default]	'include'	1044: self.subviews.nobles:setOption(target)		on_change=poke_list	'dwarfmode/UnitSelector/SQUAD_FILL_POSITION'	{x=64, y=-5}	{w=NARROW_WIDTH, h=6}	{t=3, l=0}	D:\program\steam\steamapps\common\DFHack\hack\lua\plugins\sort.lua:1019	'    Nobility:' ; 'Include' ; 'include' ; 'Only' ; 'only' ; 'Exclude' ; 'exclude'	D:/program/steam/steamapps/common/DFHack/hack/lua/plugins/sort.lua	1078-1090				sort.squad_filter
sort	registered-overlay	sort.squad_filter	SquadFilterOverlay	CycleHotkeyLabel	'labor_conflict'	state-choice	'   Uniformed:'	{\n                    {label='Include', value='include', pen=COLOR_GREEN},\n                    {label='Only', value='only', pen=COLOR_YELLOW},\n                    {label='Exclude', value='exclude', pen=COLOR_LIGHTRED},\n                }	'CUSTOM_SHIFT_U'		': ' [CycleHotkeyLabel default]	'include'	1048: self.subviews.labor_conflict:setOption(target)		on_change=poke_list	'dwarfmode/UnitSelector/SQUAD_FILL_POSITION'	{x=64, y=-5}	{w=NARROW_WIDTH, h=6}	{t=0, l=0}	D:\program\steam\steamapps\common\DFHack\hack\lua\plugins\sort.lua:1019	'   Uniformed:' ; 'Include' ; 'include' ; 'Only' ; 'only' ; 'Exclude' ; 'exclude'	D:/program/steam/steamapps/common/DFHack/hack/lua/plugins/sort.lua	1099-1111				sort.squad_filter
sort	registered-overlay	sort.squad_filter	SquadFilterOverlay	CycleHotkeyLabel	'infant'	state-choice	'With infants:'	{\n                    {label='Include', value='include', pen=COLOR_GREEN},\n                    {label='Only', value='only', pen=COLOR_YELLOW},\n                    {label='Exclude', value='exclude', pen=COLOR_LIGHTRED},\n                }	'CUSTOM_SHIFT_M'		': ' [CycleHotkeyLabel default]	'include'	1045: self.subviews.infant:setOption(target)		on_change=poke_list	'dwarfmode/UnitSelector/SQUAD_FILL_POSITION'	{x=64, y=-5}	{w=NARROW_WIDTH, h=6}	{t=1, l=0}	D:\program\steam\steamapps\common\DFHack\hack\lua\plugins\sort.lua:1019	'With infants:' ; 'Include' ; 'include' ; 'Only' ; 'only' ; 'Exclude' ; 'exclude'	D:/program/steam/steamapps/common/DFHack/hack/lua/plugins/sort.lua	1112-1124				sort.squad_filter
sort	registered-overlay	sort.squad_filter	SquadFilterOverlay	CycleHotkeyLabel	'unstable'	state-choice	'Hates combat:'	{\n                    {label='Include', value='include', pen=COLOR_GREEN},\n                    {label='Only', value='only', pen=COLOR_YELLOW},\n                    {label='Exclude', value='exclude', pen=COLOR_LIGHTRED},\n                }	'CUSTOM_SHIFT_D'		': ' [CycleHotkeyLabel default]	'include'	1046: self.subviews.unstable:setOption(target)		on_change=poke_list	'dwarfmode/UnitSelector/SQUAD_FILL_POSITION'	{x=64, y=-5}	{w=NARROW_WIDTH, h=6}	{t=2, l=0}	D:\program\steam\steamapps\common\DFHack\hack\lua\plugins\sort.lua:1019	'Hates combat:' ; 'Include' ; 'include' ; 'Only' ; 'only' ; 'Exclude' ; 'exclude'	D:/program/steam/steamapps/common/DFHack/hack/lua/plugins/sort.lua	1125-1137				sort.squad_filter
sort	registered-overlay	sort.squad_filter	SquadFilterOverlay	CycleHotkeyLabel	'maimed'	state-choice	'      Maimed:'	{\n                    {label='Include', value='include', pen=COLOR_GREEN},\n                    {label='Only', value='only', pen=COLOR_YELLOW},\n                    {label='Exclude', value='exclude', pen=COLOR_LIGHTRED},\n                }	'CUSTOM_SHIFT_I'		': ' [CycleHotkeyLabel default]	'include'	1047: self.subviews.maimed:setOption(target)		on_change=poke_list	'dwarfmode/UnitSelector/SQUAD_FILL_POSITION'	{x=64, y=-5}	{w=NARROW_WIDTH, h=6}	{t=3, l=0}	D:\program\steam\steamapps\common\DFHack\hack\lua\plugins\sort.lua:1019	'      Maimed:' ; 'Include' ; 'include' ; 'Only' ; 'only' ; 'Exclude' ; 'exclude'	D:/program/steam/steamapps/common/DFHack/hack/lua/plugins/sort.lua	1138-1150				sort.squad_filter
sort	registered-overlay	sort.squad_filter	SquadFilterOverlay	Label	'shifter'	conditional-action-or-state	get_shifter_text(TO_THE_RIGHT)							visible=true	on_click=function()\n                    if self.subviews.right_panel.visible then\n                        self.subviews.left_panel.visible = true\n                        self.subviews.right_panel.visible = false\n                        self.subviews.shifter:setText(get_shifter_text(TO_THE_RIGHT))\n                    else\n                        self.subviews.left_panel.visible = false\n                        self.subviews.right_panel.visible = true\n                        self.subviews.shifter:setText(get_shifter_text(TO_THE_LEFT))\n                    end\n                    self:updateLayout()\n                end	'dwarfmode/UnitSelector/SQUAD_FILL_POSITION'	{x=64, y=-5}	{w=NARROW_WIDTH, h=6}	{r=0, w=1}	D:\program\steam\steamapps\common\DFHack\hack\lua\plugins\sort.lua:1019		D:/program/steam/steamapps/common/DFHack/hack/lua/plugins/sort.lua	1159-1176				sort.squad_filter
sort	registered-overlay	sort.squad_filter	SquadFilterOverlay	HelpButton		companion-label-or-symbol										'dwarfmode/UnitSelector/SQUAD_FILL_POSITION'	{x=64, y=-5}	{w=NARROW_WIDTH, h=6}		D:\program\steam\steamapps\common\DFHack\hack\lua\plugins\sort.lua:1019		D:/program/steam/steamapps/common/DFHack/hack/lua/plugins/sort.lua	1189-1191				sort.squad_filter
spectate	popup-gui-or-helper		MouseTooltip	Label		companion-label-or-symbol													{t=0}			D:/program/steam/steamapps/common/DFHack/hack/lua/plugins/spectate.lua	586-589				
spectate	registered-overlay	spectate.followpanel	FollowPanelOverlay	Label		conditional-action-or-state	(' %s '):format(string.char(27))								on_click=spectate_followPrev	'dwarfmode/Default'	{x=6,y=-5}	{w=29, h=1}	{l=0, t=0, w=3}	D:\program\steam\steamapps\common\DFHack\hack\lua\plugins\spectate.lua:633	' %s '	D:/program/steam/steamapps/common/DFHack/hack/lua/plugins/spectate.lua	644-648				spectate.followpanel
spectate	registered-overlay	spectate.followpanel	FollowPanelOverlay	Label		conditional-action-or-state	(' %s '):format(string.char(26))								on_click=spectate_followNext	'dwarfmode/Default'	{x=6,y=-5}	{w=29, h=1}	{l=5, t=0, w=3}	D:\program\steam\steamapps\common\DFHack\hack\lua\plugins\spectate.lua:633	' %s '	D:/program/steam/steamapps/common/DFHack/hack/lua/plugins/spectate.lua	649-653				spectate.followpanel
spectate	registered-overlay	spectate.followpanel	FollowPanelOverlay	Label		conditional-action-or-state	{\n                ' spectate:',\n                {text=function() return isEnabled() and ' on ' or 'off ' end,\n                 pen=function() return isEnabled() and COLOR_GREEN or COLOR_LIGHTRED end},\n            }								on_click=function() dfhack.run_command(isEnabled() and 'disable' or 'enable', 'spectate') end	'dwarfmode/Default'	{x=6,y=-5}	{w=29, h=1}	{l=10, t=0, w=14}	D:\program\steam\steamapps\common\DFHack\hack\lua\plugins\spectate.lua:633	' spectate:' ; ' on ' ; 'off '	D:/program/steam/steamapps/common/DFHack/hack/lua/plugins/spectate.lua	654-662				spectate.followpanel
spectate	registered-overlay	spectate.followpanel	FollowPanelOverlay	ConfigureButton		conditional-action-or-state									on_click=function() dfhack.run_script('gui/spectate') end	'dwarfmode/Default'	{x=6,y=-5}	{w=29, h=1}	{l=26, t=0}	D:\program\steam\steamapps\common\DFHack\hack\lua\plugins\spectate.lua:633		D:/program/steam/steamapps/common/DFHack/hack/lua/plugins/spectate.lua	663-666				spectate.followpanel
stockflow	registered-overlay	stockflow.stockflow	StockflowOverlay	HotkeyLabel		conditional-action-or-state	function()\n                        local sp = selected_stockpile()\n                        local name = sp and stockpile_settings(sp) or 'No job selected'\n                        return 'Order: '..name\n                    end		'CUSTOM_J'						on_activate=function()\n                        local sp = selected_stockpile()\n                        if sp then select_order(sp) end\n                    end	'dwarfmode/Stockpile/Some/Default'	{x=5, y=-7}	{w=55, h=4}	{t=0, l=0, r=0}	D:\program\steam\steamapps\common\DFHack\hack\lua\plugins\stockflow.lua:1232	'No job selected' ; 'Order: '	D:/program/steam/steamapps/common/DFHack/hack/lua/plugins/stockflow.lua	1250-1262				stockflow.stockflow
stockflow	registered-overlay	stockflow.stockflow	StockflowOverlay	HotkeyLabel		conditional-action-or-state	function()\n                        local sp = selected_stockpile()\n                        if not sp then return 'Trigger: Never' end\n                        local _, trigger = stockpile_settings(sp)\n                        if #trigger == 0 then trigger = 'Never' end\n                        return 'Trigger: '..trigger\n                    end		'CUSTOM_SHIFT_J'						on_activate=function()\n                        local sp = selected_stockpile()\n                        if sp then toggle_trigger(sp) end\n                    end	'dwarfmode/Stockpile/Some/Default'	{x=5, y=-7}	{w=55, h=4}	{t=1, l=0, r=0}	D:\program\steam\steamapps\common\DFHack\hack\lua\plugins\stockflow.lua:1232	'Trigger: Never' ; 'Never' ; 'Trigger: '	D:/program/steam/steamapps/common/DFHack/hack/lua/plugins/stockflow.lua	1263-1277				stockflow.stockflow
stockpiles	popup-gui-or-helper		ConfigModal	ToggleHotkeyLabel	'melt_masterworks'	state-choice	'Melt masterworks'	{{label='On',value=true,pen=COLOR_GREEN},{label='Off',value=false}} [inherited gui/widgets/labels/toggle_hotkey_label.lua:10-12]	'CUSTOM_M'		': ' [CycleHotkeyLabel default]	cur_setting							{l=0, t=0}		'Melt masterworks' ; 'On' ; 'Off'	D:/program/steam/steamapps/common/DFHack/hack/lua/plugins/stockpiles.lua	337-343				stockpiles.overlay ConfigureButton (stockpiles.lua:551-554)
stockpiles	popup-gui-or-helper		MinimizeButton	Label	'unhovered_label'	conditional-action-or-state	{'[', {text=get_action_symbol}, ']'}							visible=is_not_hovered	on_click=function()\n                self.on_click()\n                self:updateLayout()\n            end				{t=0, w=3, h=1}		'[' ; ']'	D:/program/steam/steamapps/common/DFHack/hack/lua/plugins/stockpiles.lua	392-403				stockpiles.overlay (stockpiles.lua:544-550)
stockpiles	popup-gui-or-helper		MinimizeButton	Label	'hovered_label'	conditional-action-or-state	hovered_text							visible=is_hovered	on_click=function()\n                self.on_click()\n                self:updateLayout()\n            end				{t=0, h=1}			D:/program/steam/steamapps/common/DFHack/hack/lua/plugins/stockpiles.lua	403-415				stockpiles.overlay (stockpiles.lua:544-550)
stockpiles	registered-overlay	stockpiles.overlay	StockpilesOverlay	HotkeyLabel		conditional-action-or-state	'import'		'CUSTOM_CTRL_I'						on_activate=do_stockpile_import	'dwarfmode/Stockpile/Some/Default'	{x=5, y=43}	{w=49, h=6}	{t=0, l=0}	D:\program\steam\steamapps\common\DFHack\hack\lua\plugins\stockpiles.lua:445	'import'	D:/program/steam/steamapps/common/DFHack/hack/lua/plugins/stockpiles.lua	467-473				stockpiles.overlay
stockpiles	registered-overlay	stockpiles.overlay	StockpilesOverlay	HotkeyLabel		conditional-action-or-state	'export'		'CUSTOM_CTRL_E'						on_activate=do_stockpile_export	'dwarfmode/Stockpile/Some/Default'	{x=5, y=43}	{w=49, h=6}	{t=0, l=16}	D:\program\steam\steamapps\common\DFHack\hack\lua\plugins\stockpiles.lua:445	'export'	D:/program/steam/steamapps/common/DFHack/hack/lua/plugins/stockpiles.lua	473-479				stockpiles.overlay
stockpiles	registered-overlay	stockpiles.overlay	StockpilesOverlay	Label		companion-label-or-symbol	{'Auto-designate stockpile items/animals for:'}									'dwarfmode/Stockpile/Some/Default'	{x=5, y=43}	{w=49, h=6}	{t=0, l=0, h=1}	D:\program\steam\steamapps\common\DFHack\hack\lua\plugins\stockpiles.lua:445	'Auto-designate stockpile items/animals for:'	D:/program/steam/steamapps/common/DFHack/hack/lua/plugins/stockpiles.lua	483-488				stockpiles.overlay
stockpiles	registered-overlay	stockpiles.overlay	StockpilesOverlay	ToggleHotkeyLabel	'melt'	state-choice		{{label='Melting', value=true, pen=COLOR_RED},\n                                {label='Melting', value=false}}	'CUSTOM_CTRL_M'		': ' [CycleHotkeyLabel default]	false	572: self.subviews.melt:setOption(config.melt == 1)		on_change=self:callback('toggleLogisticsFeature', 'melt')	'dwarfmode/Stockpile/Some/Default'	{x=5, y=43}	{w=49, h=6}	{t=1, l=0}	D:\program\steam\steamapps\common\DFHack\hack\lua\plugins\stockpiles.lua:445	'Melting' ; 'Melting'	D:/program/steam/steamapps/common/DFHack/hack/lua/plugins/stockpiles.lua	488-498		-1		stockpiles.overlay
stockpiles	registered-overlay	stockpiles.overlay	StockpilesOverlay	ToggleHotkeyLabel	'trade'	state-choice		{{label='Trading', value=true, pen=COLOR_YELLOW},\n                                {label='Trading', value=false}}	'CUSTOM_CTRL_T'		': ' [CycleHotkeyLabel default]	false	573: self.subviews.trade:setOption(config.trade == 1)		on_change=self:callback('toggleLogisticsFeature', 'trade')	'dwarfmode/Stockpile/Some/Default'	{x=5, y=43}	{w=49, h=6}	{t=1, l=16}	D:\program\steam\steamapps\common\DFHack\hack\lua\plugins\stockpiles.lua:445	'Trading' ; 'Trading'	D:/program/steam/steamapps/common/DFHack/hack/lua/plugins/stockpiles.lua	498-508		-1		stockpiles.overlay
stockpiles	registered-overlay	stockpiles.overlay	StockpilesOverlay	ToggleHotkeyLabel	'dump'	state-choice		{{label='Dumping', value=true, pen=COLOR_LIGHTMAGENTA},\n                                {label='Dumping', value=false}}	'CUSTOM_CTRL_U'		': ' [CycleHotkeyLabel default]	false	574: self.subviews.dump:setOption(config.dump == 1)		on_change=self:callback('toggleLogisticsFeature', 'dump')	'dwarfmode/Stockpile/Some/Default'	{x=5, y=43}	{w=49, h=6}	{t=2, l=0}	D:\program\steam\steamapps\common\DFHack\hack\lua\plugins\stockpiles.lua:445	'Dumping' ; 'Dumping'	D:/program/steam/steamapps/common/DFHack/hack/lua/plugins/stockpiles.lua	508-518		-1		stockpiles.overlay
stockpiles	registered-overlay	stockpiles.overlay	StockpilesOverlay	ToggleHotkeyLabel	'train'	state-choice		{{label='Training', value=true, pen=COLOR_LIGHTBLUE},\n                                {label='Training', value=false}}	'CUSTOM_CTRL_A'		': ' [CycleHotkeyLabel default]	false	576: self.subviews.train:setOption(config.train == 1)		on_change=self:callback('toggleLogisticsFeature', 'train')	'dwarfmode/Stockpile/Some/Default'	{x=5, y=43}	{w=49, h=6}	{t=1, l=32}	D:\program\steam\steamapps\common\DFHack\hack\lua\plugins\stockpiles.lua:445	'Training' ; 'Training'	D:/program/steam/steamapps/common/DFHack/hack/lua/plugins/stockpiles.lua	518-528		-1		stockpiles.overlay
stockpiles	registered-overlay	stockpiles.overlay	StockpilesOverlay	CycleHotkeyLabel	'forbid'	state-choice		{{label='Forbid', value=0},\n                                {label='Forbid', value=1, pen=COLOR_LIGHTRED},\n                                {label='Claim', value=2, pen=COLOR_LIGHTBLUE}}	'CUSTOM_CTRL_F'		': ' [CycleHotkeyLabel default]	0	575: self.subviews.forbid:setOption(config.forbid)		on_change=self:callback('toggleLogisticsFeature', 'forbid')	'dwarfmode/Stockpile/Some/Default'	{x=5, y=43}	{w=49, h=6}	{t=2, l=16, w=16}	D:\program\steam\steamapps\common\DFHack\hack\lua\plugins\stockpiles.lua:445	'Forbid' ; 'Forbid' ; 'Claim'	D:/program/steam/steamapps/common/DFHack/hack/lua/plugins/stockpiles.lua	528-538		-1		stockpiles.overlay
stockpiles	registered-overlay	stockpiles.overlay	StockpilesOverlay	ConfigureButton		conditional-action-or-state								visible=is_expanded	on_click=function() ConfigModal{on_close=self:callback('on_custom_config')}:show() end	'dwarfmode/Stockpile/Some/Default'	{x=5, y=43}	{w=49, h=6}	{t=0, r=5}	D:\program\steam\steamapps\common\DFHack\hack\lua\plugins\stockpiles.lua:445		D:/program/steam/steamapps/common/DFHack/hack/lua/plugins/stockpiles.lua	551-555				stockpiles.overlay
stockpiles	registered-overlay	stockpiles.overlay	StockpilesOverlay	HelpButton		conditional-action-or-state								visible=is_expanded		'dwarfmode/Stockpile/Some/Default'	{x=5, y=43}	{w=49, h=6}		D:\program\steam\steamapps\common\DFHack\hack\lua\plugins\stockpiles.lua:445		D:/program/steam/steamapps/common/DFHack/hack/lua/plugins/stockpiles.lua	556-559				stockpiles.overlay
stockpiles	registered-overlay	stockpiles.hauling	HaulingOverlay	HotkeyLabel		conditional-action-or-state	'import'		'CUSTOM_CTRL_I'						on_activate=do_route_import	'dwarfmode/HaulingStopConditions'	{x=5, y=40}	{w=49, h=3}	{t=0, l=0}	D:\program\steam\steamapps\common\DFHack\hack\lua\plugins\stockpiles.lua:621	'import'	D:/program/steam/steamapps/common/DFHack/hack/lua/plugins/stockpiles.lua	637-643				stockpiles.hauling
stockpiles	registered-overlay	stockpiles.hauling	HaulingOverlay	HotkeyLabel		conditional-action-or-state	'export'		'CUSTOM_CTRL_E'						on_activate=do_route_export	'dwarfmode/HaulingStopConditions'	{x=5, y=40}	{w=49, h=3}	{t=0, l=16}	D:\program\steam\steamapps\common\DFHack\hack\lua\plugins\stockpiles.lua:621	'export'	D:/program/steam/steamapps/common/DFHack/hack/lua/plugins/stockpiles.lua	643-649				stockpiles.hauling
stocks	registered-overlay	stocks.overlay	StocksOverlay	HotkeyLabel		conditional-action-or-state	function()\n                return all_collapsed() and 'expand all' or 'collapse all'\n            end		'CUSTOM_CTRL_X'						on_activate=toggle_all	'dwarfmode/Stocks'	{x=-3,y=-20}	{w=27, h=7}	{t=0, l=0}	D:\program\steam\steamapps\common\DFHack\hack\lua\plugins\stocks.lua:71	'expand all' ; 'collapse all'	D:/program/steam/steamapps/common/DFHack/hack/lua/plugins/stocks.lua	83-90				stocks.overlay
stocks	registered-overlay	stocks.overlay	StocksOverlay	HotkeyLabel		conditional-action-or-state	'expand all'		'CUSTOM_CTRL_Z'						on_activate=expand_all	'dwarfmode/Stocks'	{x=-3,y=-20}	{w=27, h=7}	{t=1, l=0}	D:\program\steam\steamapps\common\DFHack\hack\lua\plugins\stocks.lua:71	'expand all'	D:/program/steam/steamapps/common/DFHack/hack/lua/plugins/stocks.lua	91-96				stocks.overlay
stocks	registered-overlay	stocks.overlay	StocksOverlay	HotkeyLabel		conditional-action-or-state	'remove empties'		'CUSTOM_CTRL_E'						on_activate=remove_empty	'dwarfmode/Stocks'	{x=-3,y=-20}	{w=27, h=7}	{t=2, l=0}	D:\program\steam\steamapps\common\DFHack\hack\lua\plugins\stocks.lua:71	'remove empties'	D:/program/steam/steamapps/common/DFHack/hack/lua/plugins/stocks.lua	97-102				stocks.overlay
stocks	registered-overlay	stocks.overlay	StocksOverlay	Label		companion-label-or-symbol	'Shift+Scroll'									'dwarfmode/Stocks'	{x=-3,y=-20}	{w=27, h=7}	{b=0, l=0}	D:\program\steam\steamapps\common\DFHack\hack\lua\plugins\stocks.lua:71	'Shift+Scroll'	D:/program/steam/steamapps/common/DFHack/hack/lua/plugins/stocks.lua	103-107				stocks.overlay
stocks	registered-overlay	stocks.overlay	StocksOverlay	Label		companion-label-or-symbol	': fast scroll'									'dwarfmode/Stocks'	{x=-3,y=-20}	{w=27, h=7}	{b=0, l=12}	D:\program\steam\steamapps\common\DFHack\hack\lua\plugins\stocks.lua:71	': fast scroll'	D:/program/steam/steamapps/common/DFHack/hack/lua/plugins/stocks.lua	108-111				stocks.overlay
suspendmanager	registered-overlay	suspendmanager.status	StatusOverlay	Label		conditional-action-or-state	{\n                {text=self:callback('get_status_string')}\n            }									'dwarfmode/ViewSheets/BUILDING'	{x=-39,y=16}	{w=59, h=3}	{t=0, l=0}	D:\program\steam\steamapps\common\DFHack\hack\lua\plugins\suspendmanager.lua:71	'get_status_string'	D:/program/steam/steamapps/common/DFHack/hack/lua/plugins/suspendmanager.lua	83-88				suspendmanager.status
suspendmanager	registered-overlay	suspendmanager.toggle	ToggleOverlay	ToggleHotkeyLabel	"""enable_toggle"""	state-choice	"""Suspendmanager is"""	"{{value=true, label=""Enabled""},\n                     {value=false, label=""Disabled""}}"	"""CUSTOM_CTRL_M"""		': ' [CycleHotkeyLabel default]	isEnabled()	147: self.subviews.enable_toggle:setOption(isEnabled(), false)		"on_change=function(val) dfhack.run_command{val and ""enable"" or ""disable"", ""suspendmanager""} end"	'dwarfmode/ViewSheets/BUILDING'	{x=-57,y=23}	{w=40, h=1}	{t=0, l=0, w=34}	D:\program\steam\steamapps\common\DFHack\hack\lua\plugins\suspendmanager.lua:112	"""Suspendmanager is"" ; ""Enabled"" ; ""Disabled"""	D:/program/steam/steamapps/common/DFHack/hack/lua/plugins/suspendmanager.lua	123-132				suspendmanager.toggle
zone	popup-gui-or-helper		AssignAnimal	CycleHotkeyLabel	'sort'	state-choice	'Sort by:'	{\n                {label='status'..CH_DN, value=sort_by_status_desc},\n                {label='status'..CH_UP, value=sort_by_status_asc},\n                {label='dist'..CH_DN, value=sort_by_dist_desc},\n                {label='dist'..CH_UP, value=sort_by_dist_asc},\n                {label='disposition'..CH_DN, value=sort_by_disposition_desc},\n                {label='disposition'..CH_UP, value=sort_by_disposition_asc},\n                {label='gender'..CH_DN, value=sort_by_gender_desc},\n                {label='gender'..CH_UP, value=sort_by_gender_asc},\n                {label='name'..CH_DN, value=sort_by_name_desc},\n                {label='name'..CH_UP, value=sort_by_name_asc},\n                {label='race'..CH_DN, value=sort_by_race_desc},\n                {label='race'..CH_UP, value=sort_by_race_asc},\n            }	'CUSTOM_SHIFT_S'		': ' [CycleHotkeyLabel default]	sort_by_status_desc			on_change=self:callback('refresh_list', 'sort')			{w=6+SLIDER_WIDTH*2, h=47}	{l=0, t=0, w=26}		'Sort by:' ; 'status' ; 'status' ; 'dist' ; 'dist' ; 'disposition' ; 'disposition' ; 'gender' ; 'gender' ; 'name' ; 'name' ; 'race' ; 'race'	D:/program/steam/steamapps/common/DFHack/hack/lua/plugins/zone.lua	172-193				zone.pasturepond;zone.cagechain -> AssignAnimalScreen (zone.lua:1028-1041,1178-1191)
zone	popup-gui-or-helper		AssignAnimal	CycleHotkeyLabel	'min_status'	state-choice	'Min status:'	status_options	'CUSTOM_SHIFT_X'	'CUSTOM_SHIFT_Z'	': ' [CycleHotkeyLabel default]	1	230: self.subviews.min_status:setOption(val) ; 244: self.subviews.min_status:setOption(idx, true)		on_change=function(val)\n                        if self.subviews.max_status:getOptionValue() < val then\n                            self.subviews.max_status:setOption(val)\n                        end\n                        self:refresh_list()\n                    end			{w=6+SLIDER_WIDTH*2, h=47}	{l=0, t=0, w=SLIDER_LABEL_WIDTH}		'Min status:'	D:/program/steam/steamapps/common/DFHack/hack/lua/plugins/zone.lua	203-218	true			zone.pasturepond;zone.cagechain -> AssignAnimalScreen (zone.lua:1028-1041,1178-1191)
zone	popup-gui-or-helper		AssignAnimal	CycleHotkeyLabel	'max_status'	state-choice	'Max status:'	status_options	'CUSTOM_SHIFT_W'	'CUSTOM_SHIFT_Q'	': ' [CycleHotkeyLabel default]	#self.status_revmap	214: self.subviews.max_status:setOption(val) ; 245: self.subviews.max_status:setOption(idx, true)		on_change=function(val)\n                        if self.subviews.min_status:getOptionValue() > val then\n                            self.subviews.min_status:setOption(val)\n                        end\n                        self:refresh_list()\n                    end			{w=6+SLIDER_WIDTH*2, h=47}	{r=1, t=0, w=SLIDER_LABEL_WIDTH}		'Max status:'	D:/program/steam/steamapps/common/DFHack/hack/lua/plugins/zone.lua	219-234	true			zone.pasturepond;zone.cagechain -> AssignAnimalScreen (zone.lua:1028-1041,1178-1191)
zone	popup-gui-or-helper		AssignAnimal	CycleHotkeyLabel	'min_disposition'	state-choice	'Min disposition:'	disposition_options	'CUSTOM_SHIFT_V'	'CUSTOM_SHIFT_C'	': ' [CycleHotkeyLabel default]	self.initial_min_disposition	279: self.subviews.min_disposition:setOption(val) ; 293: self.subviews.min_disposition:setOption(idx, true)		on_change=function(val)\n                        if self.subviews.max_disposition:getOptionValue() < val then\n                            self.subviews.max_disposition:setOption(val)\n                        end\n                        self:refresh_list()\n                    end			{w=6+SLIDER_WIDTH*2, h=47}	{l=0, t=0, w=SLIDER_LABEL_WIDTH}		'Min disposition:'	D:/program/steam/steamapps/common/DFHack/hack/lua/plugins/zone.lua	252-267	true			zone.pasturepond;zone.cagechain -> AssignAnimalScreen (zone.lua:1028-1041,1178-1191)
zone	popup-gui-or-helper		AssignAnimal	CycleHotkeyLabel	'max_disposition'	state-choice	'Max disposition:'	disposition_options	'CUSTOM_SHIFT_R'	'CUSTOM_SHIFT_E'	': ' [CycleHotkeyLabel default]	DISPOSITION.HOSTILE.value	263: self.subviews.max_disposition:setOption(val) ; 294: self.subviews.max_disposition:setOption(idx, true)		on_change=function(val)\n                        if self.subviews.min_disposition:getOptionValue() > val then\n                            self.subviews.min_disposition:setOption(val)\n                        end\n                        self:refresh_list()\n                    end			{w=6+SLIDER_WIDTH*2, h=47}	{r=1, t=0, w=SLIDER_LABEL_WIDTH}		'Max disposition:'	D:/program/steam/steamapps/common/DFHack/hack/lua/plugins/zone.lua	268-283	true			zone.pasturepond;zone.cagechain -> AssignAnimalScreen (zone.lua:1028-1041,1178-1191)
zone	popup-gui-or-helper		AssignAnimal	CycleHotkeyLabel	'egg'	state-choice	'Egg layers:'	{\n                        {label='Include', value='include', pen=COLOR_GREEN},\n                        {label='Only', value='only', pen=COLOR_YELLOW},\n                        {label='Exclude', value='exclude', pen=COLOR_RED},\n                    }	'CUSTOM_SHIFT_N'	'CUSTOM_SHIFT_B'	': ' [CycleHotkeyLabel default]	'include'			on_change=function() self:refresh_list() end			{w=6+SLIDER_WIDTH*2, h=47}	{l=0, t=0, w=23}		'Egg layers:' ; 'Include' ; 'include' ; 'Only' ; 'only' ; 'Exclude' ; 'exclude'	D:/program/steam/steamapps/common/DFHack/hack/lua/plugins/zone.lua	301-314				zone.pasturepond;zone.cagechain -> AssignAnimalScreen (zone.lua:1028-1041,1178-1191)
zone	popup-gui-or-helper		AssignAnimal	CycleHotkeyLabel	'graze'	state-choice	'Grazers:'	{\n                        {label='Include', value='include', pen=COLOR_GREEN},\n                        {label='Only', value='only', pen=COLOR_YELLOW},\n                        {label='Exclude', value='exclude', pen=COLOR_RED},\n                    }	'CUSTOM_SHIFT_Y'	'CUSTOM_SHIFT_T'	': ' [CycleHotkeyLabel default]	'include'			on_change=function() self:refresh_list() end			{w=6+SLIDER_WIDTH*2, h=47}	{l=0, t=2, w=20}		'Grazers:' ; 'Include' ; 'include' ; 'Only' ; 'only' ; 'Exclude' ; 'exclude'	D:/program/steam/steamapps/common/DFHack/hack/lua/plugins/zone.lua	315-328				zone.pasturepond;zone.cagechain -> AssignAnimalScreen (zone.lua:1028-1041,1178-1191)
zone	popup-gui-or-helper		AssignAnimal	CycleHotkeyLabel	'juvenile'	state-choice	'Juveniles:'	{\n                        {label='Include', value='include', pen=COLOR_GREEN},\n                        {label='Only', value='only', pen=COLOR_YELLOW},\n                        {label='Exclude', value='exclude', pen=COLOR_RED},\n                    }	'CUSTOM_SHIFT_I'	'CUSTOM_SHIFT_U'	': ' [CycleHotkeyLabel default]	'include'			on_change=function() self:refresh_list() end			{w=6+SLIDER_WIDTH*2, h=47}	{l=0, t=4, w=22}		'Juveniles:' ; 'Include' ; 'include' ; 'Only' ; 'only' ; 'Exclude' ; 'exclude'	D:/program/steam/steamapps/common/DFHack/hack/lua/plugins/zone.lua	329-342				zone.pasturepond;zone.cagechain -> AssignAnimalScreen (zone.lua:1028-1041,1178-1191)
zone	popup-gui-or-helper		AssignAnimal	CycleHotkeyLabel	'sort_status'	state-choice		{\n                        {label='status', value=sort_noop},\n                        {label='status'..CH_DN, value=sort_by_status_desc},\n                        {label='status'..CH_UP, value=sort_by_status_asc},\n                    }			': ' [CycleHotkeyLabel default]	sort_by_status_desc			on_change=self:callback('refresh_list', 'sort_status')			{w=6+SLIDER_WIDTH*2, h=47}	{t=0, l=0, w=7}		'status' ; 'status' ; 'status'	D:/program/steam/steamapps/common/DFHack/hack/lua/plugins/zone.lua	349-360		0		zone.pasturepond;zone.cagechain -> AssignAnimalScreen (zone.lua:1028-1041,1178-1191)
zone	popup-gui-or-helper		AssignAnimal	CycleHotkeyLabel	'sort_dist'	state-choice		{\n                        {label='dist', value=sort_noop},\n                        {label='dist'..CH_DN, value=sort_by_dist_desc},\n                        {label='dist'..CH_UP, value=sort_by_dist_asc},\n                    }			': ' [CycleHotkeyLabel default]				on_change=self:callback('refresh_list', 'sort_dist')			{w=6+SLIDER_WIDTH*2, h=47}	{t=0, l=STATUS_COL_WIDTH+2, w=5}		'dist' ; 'dist' ; 'dist'	D:/program/steam/steamapps/common/DFHack/hack/lua/plugins/zone.lua	361-371		0		zone.pasturepond;zone.cagechain -> AssignAnimalScreen (zone.lua:1028-1041,1178-1191)
zone	popup-gui-or-helper		AssignAnimal	CycleHotkeyLabel	'sort_disposition'	state-choice		{\n                        {label='disposition', value=sort_noop},\n                        {label='disposition'..CH_DN, value=sort_by_disposition_desc},\n                        {label='disposition'..CH_UP, value=sort_by_disposition_asc},\n                    }			': ' [CycleHotkeyLabel default]				on_change=self:callback('refresh_list', 'sort_disposition')			{w=6+SLIDER_WIDTH*2, h=47}	{t=0, l=STATUS_COL_WIDTH+2+DIST_COL_WIDTH+2, w=12}		'disposition' ; 'disposition' ; 'disposition'	D:/program/steam/steamapps/common/DFHack/hack/lua/plugins/zone.lua	372-382		0		zone.pasturepond;zone.cagechain -> AssignAnimalScreen (zone.lua:1028-1041,1178-1191)
zone	popup-gui-or-helper		AssignAnimal	CycleHotkeyLabel	'sort_gender'	state-choice		{\n                        {label='gender', value=sort_noop},\n                        {label='gender'..CH_DN, value=sort_by_gender_desc},\n                        {label='gender'..CH_UP, value=sort_by_gender_asc},\n                    }			': ' [CycleHotkeyLabel default]				on_change=self:callback('refresh_list', 'sort_gender')			{w=6+SLIDER_WIDTH*2, h=47}	{t=0, l=STATUS_COL_WIDTH+2+DIST_COL_WIDTH+2+DISPOSITION_COL_WIDTH+2, w=7}		'gender' ; 'gender' ; 'gender'	D:/program/steam/steamapps/common/DFHack/hack/lua/plugins/zone.lua	383-393		0		zone.pasturepond;zone.cagechain -> AssignAnimalScreen (zone.lua:1028-1041,1178-1191)
zone	popup-gui-or-helper		AssignAnimal	CycleHotkeyLabel	'sort_name'	state-choice		{\n                        {label='name', value=sort_noop},\n                        {label='name'..CH_DN, value=sort_by_name_desc},\n                        {label='name'..CH_UP, value=sort_by_name_asc},\n                    }			': ' [CycleHotkeyLabel default]				on_change=self:callback('refresh_list', 'sort_name')			{w=6+SLIDER_WIDTH*2, h=47}	{t=0, l=STATUS_COL_WIDTH+2+DIST_COL_WIDTH+2+DISPOSITION_COL_WIDTH+2+GENDER_COL_WIDTH+2, w=5}		'name' ; 'name' ; 'name'	D:/program/steam/steamapps/common/DFHack/hack/lua/plugins/zone.lua	394-404		0		zone.pasturepond;zone.cagechain -> AssignAnimalScreen (zone.lua:1028-1041,1178-1191)
zone	popup-gui-or-helper		AssignAnimal	CycleHotkeyLabel	'sort_race'	state-choice		{\n                        {label='race', value=sort_noop},\n                        {label='race'..CH_DN, value=sort_by_race_desc},\n                        {label='race'..CH_UP, value=sort_by_race_asc},\n                    }			': ' [CycleHotkeyLabel default]				on_change=self:callback('refresh_list', 'sort_race')			{w=6+SLIDER_WIDTH*2, h=47}	{t=0, l=STATUS_COL_WIDTH+2+DIST_COL_WIDTH+2+DISPOSITION_COL_WIDTH+2+GENDER_COL_WIDTH+2+7, w=5}		'race' ; 'race' ; 'race'	D:/program/steam/steamapps/common/DFHack/hack/lua/plugins/zone.lua	405-415		0		zone.pasturepond;zone.cagechain -> AssignAnimalScreen (zone.lua:1028-1041,1178-1191)
zone	popup-gui-or-helper		AssignAnimal	HotkeyLabel		conditional-action-or-state	'Assign all/none'		'CUSTOM_CTRL_N'					visible=self.get_multi_select	on_activate=self:callback('toggle_visible')			{w=6+SLIDER_WIDTH*2, h=47}	{l=0, b=2+(can_assign_pets and 0 or 1)}		'Assign all/none'	D:/program/steam/steamapps/common/DFHack/hack/lua/plugins/zone.lua	425-432				zone.pasturepond;zone.cagechain -> AssignAnimalScreen (zone.lua:1028-1041,1178-1191)
zone	popup-gui-or-helper		AssignAnimal	Label		conditional-action-or-state	{\n                {text=self:callback('get_num_assigned_here'), pen=COLOR_YELLOW},\n                ' creature(s) assigned here.'\n            }											{w=6+SLIDER_WIDTH*2, h=47}	{l=30, b=2+(can_assign_pets and 0 or 1)}		'get_num_assigned_here' ; ' creature(s) assigned here.'	D:/program/steam/steamapps/common/DFHack/hack/lua/plugins/zone.lua	433-439				zone.pasturepond;zone.cagechain -> AssignAnimalScreen (zone.lua:1028-1041,1178-1191)
zone	registered-overlay	zone.pasturepond	PasturePondOverlay	TextButton		conditional-action-or-state	'DFHack assign'		'CUSTOM_CTRL_T'						on_activate=function() view = view and view:raise() or show_pasture_pond_screen() end	{'dwarfmode/Zone/Some/Pen', 'dwarfmode/Zone/Some/Pond'}	{x=7,y=13}	{w=31, h=4}	{t=0, l=0, w=23, h=1}	D:\program\steam\steamapps\common\DFHack\hack\lua\plugins\zone.lua:939	'DFHack assign'	D:/program/steam/steamapps/common/DFHack/hack/lua/plugins/zone.lua	1047-1052				zone.pasturepond
zone	registered-overlay	zone.pasturepond	PasturePondOverlay	TextButton		conditional-action-or-state	'DFHack autobutcher'		'CUSTOM_CTRL_B'						on_activate=function() dfhack.run_script('gui/autobutcher') end	{'dwarfmode/Zone/Some/Pen', 'dwarfmode/Zone/Some/Pond'}	{x=7,y=13}	{w=31, h=4}	{b=0, l=0, w=28, h=1}	D:\program\steam\steamapps\common\DFHack\hack\lua\plugins\zone.lua:939	'DFHack autobutcher'	D:/program/steam/steamapps/common/DFHack/hack/lua/plugins/zone.lua	1053-1058				zone.pasturepond
zone	registered-overlay	zone.cagechain	CageChainOverlay	TextButton		conditional-action-or-state	'DFHack assign'		'CUSTOM_CTRL_T'					visible=is_valid_building	on_activate=function() view = view and view:raise() or show_cage_chain_screen() end	{'dwarfmode/ViewSheets/BUILDING/Cage', 'dwarfmode/ViewSheets/BUILDING/Chain'}	{x=-64,y=34}	{w=23, h=1}	{t=0, l=0, r=0, h=1}	D:\program\steam\steamapps\common\DFHack\hack\lua\plugins\zone.lua:1067	'DFHack assign'	D:/program/steam/steamapps/common/DFHack/hack/lua/plugins/zone.lua	1198-1204				zone.cagechain
zone	registered-overlay	zone.retirelocation	RetireLocationOverlay	HotkeyLabel		conditional-action-or-state	'Retire location'		'CUSTOM_CTRL_D'						on_activate=self:callback('confirm_retire')	'dwarfmode/LocationDetails'	{x=-39,y=6}	{w=25, h=3}	{t=0, l=0}	D:\program\steam\steamapps\common\DFHack\hack\lua\plugins\zone.lua:1221	'Retire location'	D:/program/steam/steamapps/common/DFHack/hack/lua/plugins/zone.lua	1236-1241				zone.retirelocation
zone	registered-overlay	zone.animal_actions	AnimalActionsWidget	ToggleHotkeyLabel	'butcher_animal'	state-choice	'Butcher    '	{\n                        {label='No', value=false, pen=COLOR_WHITE},\n                        {label='Yes', value=true, pen=COLOR_YELLOW},\n                    }	'CUSTOM_CTRL_B'		': ' [CycleHotkeyLabel default]		1428: self.subviews.butcher_animal:setOption(dfhack.units.isMarkedForSlaughter(unit))	enabled=is_not_pet	on_change=self:callback('set_slaughter_flag')	'dwarfmode/ViewSheets/UNIT/Overview'	{x=-41,y=37}	{w=25, h=8}	{t=0,l=0}	D:\program\steam\steamapps\common\DFHack\hack\lua\plugins\zone.lua:1359	'Butcher    ' ; 'No' ; 'Yes'	D:/program/steam/steamapps/common/DFHack/hack/lua/plugins/zone.lua	1454-1465				zone.animal_actions
zone	registered-overlay	zone.animal_actions	AnimalActionsWidget	ToggleHotkeyLabel	'geld_animal'	state-choice	'Geld       '	{\n                        {label='No', value=false, pen=COLOR_WHITE},\n                        {label='Yes', value=true, pen=COLOR_YELLOW},\n                    }	'CUSTOM_CTRL_G'		': ' [CycleHotkeyLabel default]		1429: self.subviews.geld_animal:setOption(dfhack.units.isMarkedForGelding(unit))	enabled=is_geldable	on_change=self:callback('set_geld_flag')	'dwarfmode/ViewSheets/UNIT/Overview'	{x=-41,y=37}	{w=25, h=8}	{t=1,l=0}	D:\program\steam\steamapps\common\DFHack\hack\lua\plugins\zone.lua:1359	'Geld       ' ; 'No' ; 'Yes'	D:/program/steam/steamapps/common/DFHack/hack/lua/plugins/zone.lua	1466-1477				zone.animal_actions
zone	registered-overlay	zone.animal_actions	AnimalActionsWidget	ToggleHotkeyLabel	'adopt_animal'	state-choice	'Adopt      '	{\n                        {label='No', value=false, pen=COLOR_WHITE},\n                        {label='Yes', value=true, pen=COLOR_YELLOW},\n                    }	'CUSTOM_CTRL_A'		': ' [CycleHotkeyLabel default]		1430: self.subviews.adopt_animal:setOption(dfhack.units.isAvailableForAdoption(unit))	enabled=is_avail_adoption	on_change=self:callback('set_adoption_flag')	'dwarfmode/ViewSheets/UNIT/Overview'	{x=-41,y=37}	{w=25, h=8}	{t=2,l=0}	D:\program\steam\steamapps\common\DFHack\hack\lua\plugins\zone.lua:1359	'Adopt      ' ; 'No' ; 'Yes'	D:/program/steam/steamapps/common/DFHack/hack/lua/plugins/zone.lua	1478-1489				zone.animal_actions
zone	registered-overlay	zone.animal_actions	AnimalActionsWidget	ToggleHotkeyLabel	'tame_animal'	state-choice	'Has Trainer'	{\n                        {label='No', value=false, pen=COLOR_WHITE},\n                        {label='Yes', value=true, pen=COLOR_YELLOW},\n                    }	'CUSTOM_CTRL_T'		': ' [CycleHotkeyLabel default]		1431: self.subviews.tame_animal:setOption(dfhack.units.isMarkedForTraining(unit))	enabled=is_tamable	on_change=self:callback('set_tame')	'dwarfmode/ViewSheets/UNIT/Overview'	{x=-41,y=37}	{w=25, h=8}	{t=3,l=0}	D:\program\steam\steamapps\common\DFHack\hack\lua\plugins\zone.lua:1359	'Has Trainer' ; 'No' ; 'Yes'	D:/program/steam/steamapps/common/DFHack/hack/lua/plugins/zone.lua	1490-1501				zone.animal_actions
