image	raw_root	file	line	object_kind	object_id	caste_selection	native_field	description
reference	vanilla	vanilla_creatures/objects/creature_amphibians.txt	6	CREATURE	TOAD		caste+0x220	A squat amphibian with leathery skin, found in relatively dry areas.
reference	vanilla	vanilla_creatures/objects/creature_amphibians.txt	88	CREATURE	TOAD_MAN	ALL	caste+0x220	A dark green man with the distinct head of a toad.
reference	vanilla	vanilla_creatures/objects/creature_amphibians.txt	106	CREATURE	GIANT_TOAD	ALL	caste+0x220	A huge monster in the shape of a toad.
reference	vanilla	vanilla_creatures/objects/creature_annelids.txt	6	CREATURE	WORM		caste+0x220	A tiny burrowing creature, found in moist soil.  It is legless, long and thin.
reference	vanilla	vanilla_creatures/objects/creature_annelids.txt	61	CREATURE	WORM_MAN		caste+0x220	A worm-like creature with the torso of a man.
reference	vanilla	vanilla_creatures/objects/creature_birds.txt	6	CREATURE	BIRD_BLUEJAY		caste+0x220	A small blue-crested bird living in temperate woodlands, known for its harsh chirps.
reference	vanilla	vanilla_creatures/objects/creature_birds.txt	130	CREATURE	BLUEJAY_MAN	ALL	caste+0x220	A person with the head and wings of a bluejay.
reference	vanilla	vanilla_creatures/objects/creature_birds.txt	149	CREATURE	GIANT_BLUEJAY	ALL	caste+0x220	A huge monster in the form of a bluejay.
reference	vanilla	vanilla_creatures/objects/creature_birds.txt	166	CREATURE	BIRD_CARDINAL		caste+0x220	A small bright red bird with a distinctive crest, found in temperate forests.
reference	vanilla	vanilla_creatures/objects/creature_birds.txt	289	CREATURE	CARDINAL_MAN	ALL	caste+0x220	A person with the head and wings of a cardinal.
reference	vanilla	vanilla_creatures/objects/creature_birds.txt	308	CREATURE	GIANT_CARDINAL	ALL	caste+0x220	A huge monster in the form of a cardinal.
reference	vanilla	vanilla_creatures/objects/creature_birds.txt	325	CREATURE	BIRD_GRACKLE		caste+0x220	A small gregarious bird, blue and black with yellow eyes, found in temperate pastures.
reference	vanilla	vanilla_creatures/objects/creature_birds.txt	445	CREATURE	GRACKLE_MAN	ALL	caste+0x220	A person with the head and wings of a grackle.
reference	vanilla	vanilla_creatures/objects/creature_birds.txt	464	CREATURE	GIANT_GRACKLE	ALL	caste+0x220	A huge monster in the form of a grackle.
reference	vanilla	vanilla_creatures/objects/creature_birds.txt	481	CREATURE	BIRD_ORIOLE		caste+0x220	A small yellow and black bird.  They feed in the canopy of the forest.
reference	vanilla	vanilla_creatures/objects/creature_birds.txt	600	CREATURE	ORIOLE_MAN	ALL	caste+0x220	A person with the head and wings of an oriole.
reference	vanilla	vanilla_creatures/objects/creature_birds.txt	619	CREATURE	GIANT_ORIOLE	ALL	caste+0x220	A huge monster in the form of an oriole.
reference	vanilla	vanilla_creatures/objects/creature_birds.txt	636	CREATURE	BIRD_RW_BLACKBIRD		caste+0x220	A small black bird with bright red markings under the wings.  They live in the marshland.
reference	vanilla	vanilla_creatures/objects/creature_birds.txt	756	CREATURE	RW_BLACKBIRD_MAN	ALL	caste+0x220	A person with the head and wings of a red-winged blackbird.
reference	vanilla	vanilla_creatures/objects/creature_birds.txt	775	CREATURE	GIANT_RW_BLACKBIRD	ALL	caste+0x220	A huge monster in the form of a red-winged blackbird.
reference	vanilla	vanilla_creatures/objects/creature_birds.txt	802	CREATURE	BIRD_PENGUIN		caste+0x220	A small flightless bird that lives on arctic shorelines.
reference	vanilla	vanilla_creatures/objects/creature_birds.txt	897	CREATURE	BIRD_PENGUIN_LITTLE		caste+0x220	A small flightless bird, blue in color, that lives on arctic shorelines.
reference	vanilla	vanilla_creatures/objects/creature_birds.txt	993	CREATURE	BIRD_PENGUIN_EMPEROR		caste+0x220	A small flightless bird, it is the largest of the natural penguins.  It is known for its treks through leagues of glacial ice.
reference	vanilla	vanilla_creatures/objects/creature_birds.txt	1111	CREATURE	PENGUIN MAN	ALL	caste+0x220	A humanoid with the head, feet, and feathers of a penguin.
reference	vanilla	vanilla_creatures/objects/creature_birds.txt	1129	CREATURE	BIRD_PENGUIN_GIANT		caste+0x220	A huge monster, shaped like a penguin.
reference	vanilla	vanilla_creatures/objects/creature_birds.txt	1153	CREATURE	BIRD_FALCON_PEREGRINE		caste+0x220	A small bird of prey that is capable of great speed.  They dive on unsuspecting vermin.
reference	vanilla	vanilla_creatures/objects/creature_birds.txt	1294	CREATURE	PEREGRINE FALCON MAN	ALL	caste+0x220	A person with the head and wings of a peregrine falcon.
reference	vanilla	vanilla_creatures/objects/creature_birds.txt	1312	CREATURE	GIANT PEREGRINE FALCON	ALL	caste+0x220	A large bird monster that is the same shape as a peregrine falcon.
reference	vanilla	vanilla_creatures/objects/creature_birds.txt	1338	CREATURE	BIRD_KIWI		caste+0x220	A small, brown, flightless bird.  It eats insects and grubs and is known for its keen sense of smell.
reference	vanilla	vanilla_creatures/objects/creature_birds.txt	1450	CREATURE	KIWI MAN	ALL	caste+0x220	A person with the head and feathers of a kiwi.
reference	vanilla	vanilla_creatures/objects/creature_birds.txt	1467	CREATURE	BIRD_KIWI_GIANT		caste+0x220	A large monster with a long nose and brown feathers.
reference	vanilla	vanilla_creatures/objects/creature_birds.txt	1496	CREATURE	BIRD_OSTRICH		caste+0x220	A large flightless bird that runs through the savanna.  It has a long neck and legs.
reference	vanilla	vanilla_creatures/objects/creature_birds.txt	1633	CREATURE	OSTRICH MAN	ALL	caste+0x220	This is a medium-sized creature with legs and arms, but the long neck and head of an ostrich.
reference	vanilla	vanilla_creatures/objects/creature_birds.txt	1650	CREATURE	BIRD_OSTRICH_GIANT		caste+0x220	A huge bird monster with extremely long legs and neck.
reference	vanilla	vanilla_creatures/objects/creature_birds_new.txt	12	CREATURE	BIRD_CROW		caste+0x220	A small black bird that feeds on carrion.  It is social, very intelligent and knows how to use tools.
reference	vanilla	vanilla_creatures/objects/creature_birds_new.txt	136	CREATURE	CROW_MAN	ALL	caste+0x220	A small person with the head and wings of a crow.
reference	vanilla	vanilla_creatures/objects/creature_birds_new.txt	155	CREATURE	GIANT_CROW	ALL	caste+0x220	A large bird-like monster, even more deadly when found in groups.
reference	vanilla	vanilla_creatures/objects/creature_birds_new.txt	178	CREATURE	BIRD_RAVEN		caste+0x220	A small, foreboding black bird that feeds on carrion.  It is social, very intelligent, and knows how to use tools.
reference	vanilla	vanilla_creatures/objects/creature_birds_new.txt	305	CREATURE	RAVEN_MAN	ALL	caste+0x220	A person with the head and wings of a raven.
reference	vanilla	vanilla_creatures/objects/creature_birds_new.txt	324	CREATURE	GIANT_RAVEN	ALL	caste+0x220	A large bird-like monster, even more deadly when found in groups.
reference	vanilla	vanilla_creatures/objects/creature_birds_new.txt	346	CREATURE	BIRD_CASSOWARY		caste+0x220	A small, flightless, brightly-colored bird.
reference	vanilla	vanilla_creatures/objects/creature_birds_new.txt	459	CREATURE	CASSOWARY_MAN	ALL	caste+0x220	A brightly-colored person with the head of a cassowary.
reference	vanilla	vanilla_creatures/objects/creature_birds_new.txt	478	CREATURE	GIANT_CASSOWARY	ALL	caste+0x220	A huge monster in the shape of a cassowary.
reference	vanilla	vanilla_creatures/objects/creature_birds_new.txt	494	CREATURE	BIRD_KEA		caste+0x220	A small, green, intelligent mountain parrot.
reference	vanilla	vanilla_creatures/objects/creature_birds_new.txt	622	CREATURE	KEA_MAN	ALL	caste+0x220	A green person with the head of a kea.
reference	vanilla	vanilla_creatures/objects/creature_birds_new.txt	641	CREATURE	GIANT_KEA	ALL	caste+0x220	A monster many times the size of an ordinary kea.
reference	vanilla	vanilla_creatures/objects/creature_birds_new.txt	664	CREATURE	BIRD_OWL_SNOWY		caste+0x220	A small white bird that hunts in the coldest reaches of the world.
reference	vanilla	vanilla_creatures/objects/creature_birds_new.txt	789	CREATURE	SNOWY_OWL_MAN	ALL	caste+0x220	A person with the wings and head of a snowy owl.
reference	vanilla	vanilla_creatures/objects/creature_birds_new.txt	808	CREATURE	GIANT_SNOWY_OWL	ALL	caste+0x220	A large bird monster in the shape of a snowy owl.
reference	vanilla	vanilla_creatures/objects/creature_birds_new.txt	830	CREATURE	SPARROW		caste+0x220	A tiny brown bird that can be found in most temperate regions.
reference	vanilla	vanilla_creatures/objects/creature_birds_new.txt	956	CREATURE	SPARROW_MAN	ALL	caste+0x220	A person with the head and wings of a sparrow.
reference	vanilla	vanilla_creatures/objects/creature_birds_new.txt	975	CREATURE	GIANT_SPARROW	ALL	caste+0x220	A large bird-like monster in the shape of a sparrow.
reference	vanilla	vanilla_creatures/objects/creature_birds_new.txt	998	CREATURE	BIRD_STORK_WHITE		caste+0x220	A small bird with long legs and bill, and a extremely long wingspan.
reference	vanilla	vanilla_creatures/objects/creature_birds_new.txt	1105	CREATURE	WHITE_STORK_MAN	ALL	caste+0x220	A person with the head and wings of a stork, also standing on long legs.
reference	vanilla	vanilla_creatures/objects/creature_birds_new.txt	1124	CREATURE	GIANT_WHITE_STORK	ALL	caste+0x220	A large monster in the form of a stork.
reference	vanilla	vanilla_creatures/objects/creature_birds_new.txt	1148	CREATURE	BIRD_LOON		caste+0x220	A small water bird found in remote lakes.  It is known for its haunting call.
reference	vanilla	vanilla_creatures/objects/creature_birds_new.txt	1255	CREATURE	LOON_MAN	ALL	caste+0x220	A person with the head and wings of a loon.
reference	vanilla	vanilla_creatures/objects/creature_birds_new.txt	1274	CREATURE	GIANT_LOON	ALL	caste+0x220	A large monster in the shape of a loon.
reference	vanilla	vanilla_creatures/objects/creature_birds_new.txt	1296	CREATURE	BIRD_OWL_BARN		caste+0x220	A small, nocturnal bird of prey found in woodland regions.  Its hunger for rodents drives it to take residence in buildings.
reference	vanilla	vanilla_creatures/objects/creature_birds_new.txt	1424	CREATURE	BARN_OWL_MAN	ALL	caste+0x220	A person with the arms and wings of a barn owl.
reference	vanilla	vanilla_creatures/objects/creature_birds_new.txt	1443	CREATURE	GIANT_BARN_OWL	ALL	caste+0x220	A large monster in the form of a barn owl.
reference	vanilla	vanilla_creatures/objects/creature_birds_new.txt	1464	CREATURE	BIRD_PARAKEET		caste+0x220	A tiny parrot found in flocks of many hundreds.  Exceptional birds can be taught to speak.
reference	vanilla	vanilla_creatures/objects/creature_birds_new.txt	1587	CREATURE	PARAKEET_MAN	ALL	caste+0x220	A person with the head and wings of a parakeet.
reference	vanilla	vanilla_creatures/objects/creature_birds_new.txt	1606	CREATURE	GIANT_PARAKEET	ALL	caste+0x220	A large monster in the shape of a parakeet.
reference	vanilla	vanilla_creatures/objects/creature_birds_new.txt	1628	CREATURE	BIRD_KAKAPO		caste+0x220	A small flightless green parrot.  It is nocturnal and counts itself among the longest-lived birds.
reference	vanilla	vanilla_creatures/objects/creature_birds_new.txt	1736	CREATURE	KAKAPO_MAN	ALL	caste+0x220	A person with the head and wings of a kakapo.
reference	vanilla	vanilla_creatures/objects/creature_birds_new.txt	1755	CREATURE	GIANT_KAKAPO	ALL	caste+0x220	A large monster the shape of a kakapo.
reference	vanilla	vanilla_creatures/objects/creature_birds_new.txt	1777	CREATURE	BIRD_PARROT_GREY		caste+0x220	The most intelligent of birds.  It can be found in the rainforest.
reference	vanilla	vanilla_creatures/objects/creature_birds_new.txt	1884	CREATURE	GREY_PARROT_MAN	ALL	caste+0x220	A person with the head and wings of a grey parrot.
reference	vanilla	vanilla_creatures/objects/creature_birds_new.txt	1903	CREATURE	GIANT_GREY_PARROT	ALL	caste+0x220	A huge monster in the shape of a grey parrot.
reference	vanilla	vanilla_creatures/objects/creature_birds_new.txt	1925	CREATURE	BIRD_PUFFIN		caste+0x220	A tiny diving bird found living on seaside cliffs in the colder climates.
reference	vanilla	vanilla_creatures/objects/creature_birds_new.txt	2029	CREATURE	PUFFIN_MAN	ALL	caste+0x220	A feathered person with the head of a puffin.
reference	vanilla	vanilla_creatures/objects/creature_birds_new.txt	2048	CREATURE	GIANT_PUFFIN	ALL	caste+0x220	A large monster in the form of a puffin.
reference	vanilla	vanilla_creatures/objects/creature_birds_new.txt	2068	CREATURE	BIRD_SWAN		caste+0x220	A small aquatic bird, prized for its beauty.
reference	vanilla	vanilla_creatures/objects/creature_birds_new.txt	2174	CREATURE	SWAN_MAN	ALL	caste+0x220	A person with the head and wings of a swan.
reference	vanilla	vanilla_creatures/objects/creature_birds_new.txt	2193	CREATURE	GIANT_SWAN	ALL	caste+0x220	A large monster in the form of a swan.
reference	vanilla	vanilla_creatures/objects/creature_birds_new.txt	2213	CREATURE	BIRD_LORIKEET		caste+0x220	A tiny, brightly-colored tree parrot.  It uses its tongue to feed on plants.
reference	vanilla	vanilla_creatures/objects/creature_birds_new.txt	2334	CREATURE	LORIKEET_MAN	ALL	caste+0x220	A colorful person with the head and wings of a lorikeet.
reference	vanilla	vanilla_creatures/objects/creature_birds_new.txt	2353	CREATURE	GIANT_LORIKEET	ALL	caste+0x220	A large monster in the shape of a lorikeet.
reference	vanilla	vanilla_creatures/objects/creature_birds_new.txt	2375	CREATURE	BIRD_WREN		caste+0x220	A tiny brown bird given to singing complex songs.
reference	vanilla	vanilla_creatures/objects/creature_birds_new.txt	2499	CREATURE	WREN_MAN	ALL	caste+0x220	A person with the head and wings of a wren.
reference	vanilla	vanilla_creatures/objects/creature_birds_new.txt	2518	CREATURE	GIANT_WREN	ALL	caste+0x220	A huge monster in the form of a wren.
reference	vanilla	vanilla_creatures/objects/creature_birds_new.txt	2539	CREATURE	BIRD_OSPREY		caste+0x220	A small bird of prey with black markings on its eyes.  It hunts near bodies of water.
reference	vanilla	vanilla_creatures/objects/creature_birds_new.txt	2666	CREATURE	OSPREY_MAN	ALL	caste+0x220	A person with the head and wings of an osprey.
reference	vanilla	vanilla_creatures/objects/creature_birds_new.txt	2685	CREATURE	GIANT_OSPREY	ALL	caste+0x220	A large monster in the form of an osprey.
reference	vanilla	vanilla_creatures/objects/creature_birds_new.txt	2705	CREATURE	BIRD_EMU		caste+0x220	A large flightless bird.  It is very curious and has been known to follow other creatures.
reference	vanilla	vanilla_creatures/objects/creature_birds_new.txt	2821	CREATURE	EMU_MAN	ALL	caste+0x220	A feathered person with the head of an emu.
reference	vanilla	vanilla_creatures/objects/creature_birds_new.txt	2840	CREATURE	GIANT_EMU	ALL	caste+0x220	A huge monster in the form of an emu.
reference	vanilla	vanilla_creatures/objects/creature_birds_new.txt	2860	CREATURE	BIRD_COCKATIEL		caste+0x220	A tiny crested parrot.  They are prized as domestic companions.
reference	vanilla	vanilla_creatures/objects/creature_birds_new.txt	2980	CREATURE	COCKATIEL_MAN	ALL	caste+0x220	A crested person with the head and wings of a cockatiel.
reference	vanilla	vanilla_creatures/objects/creature_birds_new.txt	2999	CREATURE	GIANT_COCKATIEL	ALL	caste+0x220	A large monster in the form of a cockatiel.
reference	vanilla	vanilla_creatures/objects/creature_birds_new.txt	3018	CREATURE	BIRD_LOVEBIRD_PEACH-FACED		caste+0x220	A tiny, brightly colored parrot.  They are clever and learn many tricks.
reference	vanilla	vanilla_creatures/objects/creature_birds_new.txt	3140	CREATURE	PEACH-FACED_LOVEBIRD_MAN	ALL	caste+0x220	A colorful person with the head and wings of a peach-faced lovebird.
reference	vanilla	vanilla_creatures/objects/creature_birds_new.txt	3159	CREATURE	GIANT_PEACH-FACED_LOVEBIRD	ALL	caste+0x220	A huge monster taking the shape of a peach-faced lovebird.
reference	vanilla	vanilla_creatures/objects/creature_birds_new.txt	3180	CREATURE	BIRD_MAGPIE		caste+0x220	A tiny black and white bird.  It is one of the most intelligent of the natural creatures.
reference	vanilla	vanilla_creatures/objects/creature_birds_new.txt	3302	CREATURE	MAGPIE_MAN	ALL	caste+0x220	A person with the head and wings of a magpie.
reference	vanilla	vanilla_creatures/objects/creature_birds_new.txt	3321	CREATURE	GIANT_MAGPIE	ALL	caste+0x220	A huge monster in the shape of a magpie.
reference	vanilla	vanilla_creatures/objects/creature_birds_new.txt	3341	CREATURE	BIRD_KESTREL		caste+0x220	A tiny bird of prey.  It hovers above the ground and swoops down to snatch rodents and mice.
reference	vanilla	vanilla_creatures/objects/creature_birds_new.txt	3469	CREATURE	KESTREL_MAN	ALL	caste+0x220	A person with the head and wings of a kestrel.
reference	vanilla	vanilla_creatures/objects/creature_birds_new.txt	3488	CREATURE	GIANT_KESTREL	ALL	caste+0x220	A huge monster in the shape of a kestrel.
reference	vanilla	vanilla_creatures/objects/creature_birds_new.txt	3507	CREATURE	BIRD_ALBATROSS		caste+0x220	A small sea bird with great wings.  It soars through the sky and dives for food on the surface of the water.
reference	vanilla	vanilla_creatures/objects/creature_birds_new.txt	3613	CREATURE	ALBATROSS_MAN	ALL	caste+0x220	A person with the head and wings of an albatross.
reference	vanilla	vanilla_creatures/objects/creature_birds_new.txt	3632	CREATURE	GIANT_ALBATROSS	ALL	caste+0x220	A huge monster in the shape of an albatross.
reference	vanilla	vanilla_creatures/objects/creature_birds_new.txt	3653	CREATURE	BIRD_OWL_GREAT_HORNED		caste+0x220	A small, nocturnal bird of prey with large eyes and protruding feathers.
reference	vanilla	vanilla_creatures/objects/creature_birds_new.txt	3783	CREATURE	GREAT_HORNED_OWL_MAN	ALL	caste+0x220	A feathered person with the head and wings of a great horned owl.
reference	vanilla	vanilla_creatures/objects/creature_birds_new.txt	3802	CREATURE	GIANT_GREAT_HORNED_OWL	ALL	caste+0x220	A huge monster in the shape of a great horned owl.
reference	vanilla	vanilla_creatures/objects/creature_birds_new.txt	3823	CREATURE	BIRD_EAGLE		caste+0x220	A small bird of prey.
reference	vanilla	vanilla_creatures/objects/creature_birds_new.txt	3951	CREATURE	EAGLE_MAN	ALL	caste+0x220	A feathered person with the head and wings of an eagle.
reference	vanilla	vanilla_creatures/objects/creature_birds_new.txt	3970	CREATURE	GIANT_EAGLE	ALL	caste+0x220	A huge monster in the form of an eagle.
reference	vanilla	vanilla_creatures/objects/creature_birds_new.txt	3990	CREATURE	BIRD_HORNBILL		caste+0x220	A tiny bird with a large, brightly-colored bill.
reference	vanilla	vanilla_creatures/objects/creature_birds_new.txt	4110	CREATURE	HORNBILL_MAN	ALL	caste+0x220	A feathered person with a brightly-colored bill.
reference	vanilla	vanilla_creatures/objects/creature_birds_new.txt	4129	CREATURE	GIANT_HORNBILL	ALL	caste+0x220	A huge monster in the shape of a hornbill.
reference	vanilla	vanilla_creatures/objects/creature_birds_new.txt	4149	CREATURE	BIRD_LOVEBIRD_MASKED		caste+0x220	A tiny, colorful bird.  It can be trained to be a pleasant companion.
reference	vanilla	vanilla_creatures/objects/creature_birds_new.txt	4268	CREATURE	MASKED_LOVEBIRD_MAN	ALL	caste+0x220	A colorful person with the head and wings of a masked lovebird.
reference	vanilla	vanilla_creatures/objects/creature_birds_new.txt	4287	CREATURE	GIANT_MASKED_LOVEBIRD	ALL	caste+0x220	A huge monster in the form of a masked lovebird.
reference	vanilla	vanilla_creatures/objects/creature_birds_new.txt	4306	CREATURE	BIRD_BUSHTIT		caste+0x220	A tiny brown bird found in open woodlands.
reference	vanilla	vanilla_creatures/objects/creature_birds_new.txt	4426	CREATURE	BUSHTIT_MAN	ALL	caste+0x220	A person with the head and wings of a bushtit.
reference	vanilla	vanilla_creatures/objects/creature_birds_new.txt	4445	CREATURE	GIANT_BUSHTIT	ALL	caste+0x220	A huge monster in the form of a bushtit.
reference	vanilla	vanilla_creatures/objects/creature_bug_slug_new.txt	10	CREATURE	DAMSELFLY		caste+0x220	A tiny, colorful, long-bodied insect.
reference	vanilla	vanilla_creatures/objects/creature_bug_slug_new.txt	79	CREATURE	DAMSELFLY_MAN	ALL	caste+0x220	A person with the wings and head of a damselfly.
reference	vanilla	vanilla_creatures/objects/creature_bug_slug_new.txt	97	CREATURE	GIANT_DAMSELFLY	ALL	caste+0x220	A large monster in the shape of a damselfly.
reference	vanilla	vanilla_creatures/objects/creature_bug_slug_new.txt	118	CREATURE	MOTH		caste+0x220	A tiny nocturnal insect.  It flies toward flames in the night.
reference	vanilla	vanilla_creatures/objects/creature_bug_slug_new.txt	187	CREATURE	MOTH_MAN	ALL	caste+0x220	A person with the head and wings of a moth.
reference	vanilla	vanilla_creatures/objects/creature_bug_slug_new.txt	205	CREATURE	GIANT_MOTH	ALL	caste+0x220	A large monster in the form of a moth.
reference	vanilla	vanilla_creatures/objects/creature_bug_slug_new.txt	225	CREATURE	GRASSHOPPER		caste+0x220	A tiny insect which uses its powerful legs to leap and make noise.
reference	vanilla	vanilla_creatures/objects/creature_bug_slug_new.txt	291	CREATURE	GRASSHOPPER_MAN	ALL	caste+0x220	A person with the head and legs of a grasshopper.
reference	vanilla	vanilla_creatures/objects/creature_bug_slug_new.txt	309	CREATURE	GIANT_GRASSHOPPER	ALL	caste+0x220	A huge creature in the shape of a grasshopper.
reference	vanilla	vanilla_creatures/objects/creature_bug_slug_new.txt	328	CREATURE	BARK_SCORPION		caste+0x220	A tiny yellow bug.  It has pincers and a stinging tail which can prove fatal.
reference	vanilla	vanilla_creatures/objects/creature_bug_slug_new.txt	440	CREATURE	BARK_SCORPION_MAN	ALL	caste+0x220	A person with the head, pincers and tail of a bark scorpion.
reference	vanilla	vanilla_creatures/objects/creature_bug_slug_new.txt	475	CREATURE	GIANT_BARK_SCORPION	ALL	caste+0x220	A huge monster in the form of a bark scorpion.
reference	vanilla	vanilla_creatures/objects/creature_bug_slug_new.txt	493	CREATURE	MANTIS		caste+0x220	A tiny green insect.  It has long, distinctive forelimbs that it uses to catch its prey.
reference	vanilla	vanilla_creatures/objects/creature_bug_slug_new.txt	566	CREATURE	MANTIS_MAN	ALL	caste+0x220	A green person with the head and arms of a mantis.
reference	vanilla	vanilla_creatures/objects/creature_bug_slug_new.txt	584	CREATURE	GIANT_MANTIS	ALL	caste+0x220	A large monster in the shape of a mantis.
reference	vanilla	vanilla_creatures/objects/creature_bug_slug_new.txt	605	CREATURE	TICK		caste+0x220	A tiny, blood-sucking bug found in wooded areas.
reference	vanilla	vanilla_creatures/objects/creature_bug_slug_new.txt	675	CREATURE	TICK_MAN	ALL	caste+0x220	A person with the head and legs of a tick.
reference	vanilla	vanilla_creatures/objects/creature_bug_slug_new.txt	693	CREATURE	GIANT_TICK	ALL	caste+0x220	A large monster taking the shape of a tick.
reference	vanilla	vanilla_creatures/objects/creature_bug_slug_new.txt	713	CREATURE	LOUSE		caste+0x220	A tiny parasitic insect.  It feeds on skin and blood.
reference	vanilla	vanilla_creatures/objects/creature_bug_slug_new.txt	782	CREATURE	LOUSE_MAN	ALL	caste+0x220	A person with the head and legs of a louse.
reference	vanilla	vanilla_creatures/objects/creature_bug_slug_new.txt	800	CREATURE	GIANT_LOUSE	ALL	caste+0x220	A huge monster in the shape of a louse.
reference	vanilla	vanilla_creatures/objects/creature_bug_slug_new.txt	819	CREATURE	THRIPS		caste+0x220	A tiny pest insect.  It feeds on both crops and other bugs.
reference	vanilla	vanilla_creatures/objects/creature_bug_slug_new.txt	890	CREATURE	THRIPS_MAN	ALL	caste+0x220	A person with the head and wings of a thrips.
reference	vanilla	vanilla_creatures/objects/creature_bug_slug_new.txt	908	CREATURE	GIANT_THRIPS	ALL	caste+0x220	A huge monster in the form of a thrips.
reference	vanilla	vanilla_creatures/objects/creature_bug_slug_new.txt	926	CREATURE	SLUG		caste+0x220	A tiny land mollusk.  It can be found under rotten logs and in gardens.
reference	vanilla	vanilla_creatures/objects/creature_bug_slug_new.txt	979	CREATURE	SLUG_MAN		caste+0x220	A great slug with the torso of a man.  It pulls itself across the ground with its hands for greater speed.
reference	vanilla	vanilla_creatures/objects/creature_bug_slug_new.txt	997	CREATURE	GIANT_SLUG	ALL	caste+0x220	A huge monster in the form of a slug.
reference	vanilla	vanilla_creatures/objects/creature_bug_slug_new.txt	1013	CREATURE	MOSQUITO		caste+0x220	A tiny pest insect.  It uses its long nose to suck blood from its host.
reference	vanilla	vanilla_creatures/objects/creature_bug_slug_new.txt	1088	CREATURE	MOSQUITO_MAN	ALL	caste+0x220	A person with the head and wings of a mosquito.
reference	vanilla	vanilla_creatures/objects/creature_bug_slug_new.txt	1106	CREATURE	GIANT_MOSQUITO	ALL	caste+0x220	A huge monster in the shape of a mosquito.
reference	vanilla	vanilla_creatures/objects/creature_bug_slug_new.txt	1127	CREATURE	SPIDER_JUMPING		caste+0x220	A tiny black bug that lacks a web but can leap short distances.
reference	vanilla	vanilla_creatures/objects/creature_bug_slug_new.txt	1195	CREATURE	JUMPING_SPIDER_MAN	ALL	caste+0x220	A person with the head and arms of a jumping spider.
reference	vanilla	vanilla_creatures/objects/creature_bug_slug_new.txt	1214	CREATURE	GIANT_JUMPING_SPIDER	ALL	caste+0x220	A huge monster in the form of a jumping spider.
reference	vanilla	vanilla_creatures/objects/creature_bug_slug_new.txt	1233	CREATURE	TERMITE		caste+0x220	A tiny insect capable of destroying large wooden structures when in large numbers.
reference	vanilla	vanilla_creatures/objects/creature_bug_slug_new.txt	1300	CREATURE	MOON_SNAIL		caste+0x220	A tiny predatory mollusk.  It is brightly colored.
reference	vanilla	vanilla_creatures/objects/creature_bug_slug_new.txt	1371	CREATURE	MOON_SNAIL_MAN	ALL	caste+0x220	A colorful person with the head and shell of a moon snail.
reference	vanilla	vanilla_creatures/objects/creature_bug_slug_new.txt	1389	CREATURE	GIANT_MOON_SNAIL	ALL	caste+0x220	A huge monster in the shape of a moon snail.
reference	vanilla	vanilla_creatures/objects/creature_bug_slug_new.txt	1408	CREATURE	SPIDER_BROWN_RECLUSE		caste+0x220	A tiny brown bug known for its powerful poison.
reference	vanilla	vanilla_creatures/objects/creature_bug_slug_new.txt	1515	CREATURE	BROWN_RECLUSE_SPIDER_MAN	ALL	caste+0x220	A person with the head and arms of a brown recluse spider.
reference	vanilla	vanilla_creatures/objects/creature_bug_slug_new.txt	1551	CREATURE	GIANT_BROWN_RECLUSE_SPIDER	ALL	caste+0x220	A huge monster in the shape of a brown recluse spider.
reference	vanilla	vanilla_creatures/objects/creature_bug_slug_new.txt	1569	CREATURE	SNAIL		caste+0x220	A tiny land mollusk with a large shell.
reference	vanilla	vanilla_creatures/objects/creature_bug_slug_new.txt	1629	CREATURE	SNAIL_MAN		caste+0x220	A creature with the shape of a man, but with stalks for eyes, and a great shell on its back.
reference	vanilla	vanilla_creatures/objects/creature_bug_slug_new.txt	1647	CREATURE	GIANT_SNAIL	ALL	caste+0x220	A huge monster in the form of a snail.
reference	vanilla	vanilla_creatures/objects/creature_desert_new.txt	10	CREATURE	GECKO_LEOPARD		caste+0x220	A tiny, brightly-colored lizard.
reference	vanilla	vanilla_creatures/objects/creature_desert_new.txt	101	CREATURE	LEOPARD_GECKO_MAN	ALL	caste+0x220	A person with the head and fingers of a gecko.
reference	vanilla	vanilla_creatures/objects/creature_desert_new.txt	119	CREATURE	GIANT_LEOPARD_GECKO	ALL	caste+0x220	A large monster in the shape of a gecko.
reference	vanilla	vanilla_creatures/objects/creature_desert_new.txt	139	CREATURE	DESERT TORTOISE		caste+0x220	A tiny shelled reptile that lives in the desert.
reference	vanilla	vanilla_creatures/objects/creature_desert_new.txt	243	CREATURE	DESERT_TORTOISE_MAN	ALL	caste+0x220	A reptile person with the head and tail of a desert tortoise.
reference	vanilla	vanilla_creatures/objects/creature_desert_new.txt	262	CREATURE	GIANT_DESERT_TORTOISE	ALL	caste+0x220	A large monster in the form of a desert tortoise.
reference	vanilla	vanilla_creatures/objects/creature_desert_new.txt	282	CREATURE	GILA_MONSTER		caste+0x220	A small venomous lizard.
reference	vanilla	vanilla_creatures/objects/creature_desert_new.txt	427	CREATURE	GILA_MONSTER_MAN	ALL	caste+0x220	A venomous person with the head and tail of a gila monster.
reference	vanilla	vanilla_creatures/objects/creature_desert_new.txt	463	CREATURE	GIANT_GILA_MONSTER	ALL	caste+0x220	A huge beast in the form of a gila monster.
reference	vanilla	vanilla_creatures/objects/creature_domestic.txt	6	CREATURE	DOG		caste+0x220	A medium-sized highly social mammalian carnivore.  It has a keen sense of smell.  It can be trained to obey commands.
reference	vanilla	vanilla_creatures/objects/creature_domestic.txt	126	CREATURE	CAT		caste+0x220	A small mammalian carnivore.  It is usually domestic and hunts vermin.
reference	vanilla	vanilla_creatures/objects/creature_domestic.txt	276	CREATURE	MULE		caste+0x220	A compact offspring of horse and donkey, bred to be a beast of burden.
reference	vanilla	vanilla_creatures/objects/creature_domestic.txt	366	CREATURE	DONKEY		caste+0x220	A medium-sized, hooved herbivore.  Some are domesticated as beasts of burden.
reference	vanilla	vanilla_creatures/objects/creature_domestic.txt	480	CREATURE	HORSE		caste+0x220	A large hooved, maned herbivore.  They can run swiftly and many are domesticated as steeds.
reference	vanilla	vanilla_creatures/objects/creature_domestic.txt	598	CREATURE	COW		caste+0x220	A large mammalian herbivore.  They often bear large horns and the males are ill-tempered.  They are domesticated for milk and meat.
reference	vanilla	vanilla_creatures/objects/creature_domestic.txt	727	CREATURE	SHEEP		caste+0x220	A medium-sized herding animal.  It is prized for its thick wool coat.
reference	vanilla	vanilla_creatures/objects/creature_domestic.txt	870	CREATURE	PIG		caste+0x220	A medium-sized domestic animal.  It has a distinctive snout and corkscrew tail.  It is thought by some to be intelligent.
reference	vanilla	vanilla_creatures/objects/creature_domestic.txt	985	CREATURE	GOAT		caste+0x220	A medium-sized herding animal.  It is known for its short horns and beard.
reference	vanilla	vanilla_creatures/objects/creature_domestic.txt	1115	CREATURE	BIRD_CHICKEN		caste+0x220	A small domestic bird capable of flying short distances.  It is prized for its tasty eggs.
reference	vanilla	vanilla_creatures/objects/creature_domestic.txt	1215	CREATURE	CAVY		caste+0x220	A small rodent with no tail.  It can be found roaming the grassland in herds.  It has three toes on its hind feet.
reference	vanilla	vanilla_creatures/objects/creature_domestic.txt	1311	CREATURE	BIRD_DUCK		caste+0x220	A small water bird.  It has a long neck and powerful legs meant for swimming and diving.
reference	vanilla	vanilla_creatures/objects/creature_domestic.txt	1403	CREATURE	WATER_BUFFALO		caste+0x220	A large mammalian herbivore.  It is powerfully built and has long curved horns.
reference	vanilla	vanilla_creatures/objects/creature_domestic.txt	1530	CREATURE	REINDEER		caste+0x220	A large mammalian herbivore living in cold climates.  It has large antlers and sought-after fur.
reference	vanilla	vanilla_creatures/objects/creature_domestic.txt	1661	CREATURE	BIRD_GOOSE		caste+0x220	A small migratory bird.  It has a very long neck and can be found in lakes and other bodies of water.
reference	vanilla	vanilla_creatures/objects/creature_domestic.txt	1753	CREATURE	YAK		caste+0x220	A large mammalian herbivore.  It has long fur and curving horns.  It can be found in the mountains.
reference	vanilla	vanilla_creatures/objects/creature_domestic.txt	1880	CREATURE	LLAMA		caste+0x220	A large domestic pack animal.  It has a long neck.  It is prized for its hair.
reference	vanilla	vanilla_creatures/objects/creature_domestic.txt	2009	CREATURE	ALPACA		caste+0x220	A large domestic animal with a long neck.  It has been bred for its valuable hair.
reference	vanilla	vanilla_creatures/objects/creature_domestic.txt	2136	CREATURE	BIRD_GUINEAFOWL		caste+0x220	A small ground-dwelling bird.  It has a featherless head and eats seeds and insects.  It moves about in groups.
reference	vanilla	vanilla_creatures/objects/creature_domestic.txt	2235	CREATURE	BIRD_PEAFOWL_BLUE		caste+0x220	A small forest bird.  The male's tail creates an extravagant display for females.  At night, they roost in the trees.
reference	vanilla	vanilla_creatures/objects/creature_domestic.txt	2344	CREATURE	BIRD_TURKEY		caste+0x220	A small forest bird known for the distinctive flaps of skin hanging from its face.  It is prized for its meat.
reference	vanilla	vanilla_creatures/objects/creature_domestic.txt	2450	CREATURE	RABBIT		caste+0x220	A small lagomorph with long ears.  It has powerful hind legs which it uses to swiftly avoid predators.  It can be found anywhere from forests to deserts.
reference	vanilla	vanilla_creatures/objects/creature_equipment.txt	6	CREATURE	EQUIPMENT_WAGON		caste+0x220	A rolling platform for carrying passengers or cargo.
reference	vanilla	vanilla_creatures/objects/creature_insects.txt	6	CREATURE	FLY		caste+0x220	A tiny flying insect found around rotting meat and garbage.  These bugs are widely considered to be a nuisance.
reference	vanilla	vanilla_creatures/objects/creature_insects.txt	78	CREATURE	FLY_MAN	ALL	caste+0x220	A person with the wings and head of a fly.
reference	vanilla	vanilla_creatures/objects/creature_insects.txt	96	CREATURE	GIANT_FLY	ALL	caste+0x220	A large monster in the shape of a fly.
reference	vanilla	vanilla_creatures/objects/creature_insects.txt	112	CREATURE	ROACH_LARGE		caste+0x220	A small insect that seeks out unwatched food and garbage.  They fear light.
reference	vanilla	vanilla_creatures/objects/creature_insects.txt	184	CREATURE	ROACH_MAN	ALL	caste+0x220	A person with the wings and head of a roach.
reference	vanilla	vanilla_creatures/objects/creature_insects.txt	202	CREATURE	GIANT_ROACH	ALL	caste+0x220	A large monster in the shape of a roach.
reference	vanilla	vanilla_creatures/objects/creature_insects.txt	218	CREATURE	BEETLE		caste+0x220	A tiny insect that can be found almost anywhere outside.
reference	vanilla	vanilla_creatures/objects/creature_insects.txt	287	CREATURE	BEETLE_MAN	ALL	caste+0x220	A person with the carapace and head of a beetle.
reference	vanilla	vanilla_creatures/objects/creature_insects.txt	305	CREATURE	GIANT_BEETLE	ALL	caste+0x220	A large monster in the shape of a beetle.
reference	vanilla	vanilla_creatures/objects/creature_insects.txt	320	CREATURE	ANT		caste+0x220	This tiny insect can be found in huge colonies in the dirt.  They overwhelm their enemies with swarms.  Some have poison bites.
reference	vanilla	vanilla_creatures/objects/creature_insects.txt	399	CREATURE	BUTTERFLY_MONARCH		caste+0x220	A small insect with large orange wings.  It is admired for its beauty.
reference	vanilla	vanilla_creatures/objects/creature_insects.txt	468	CREATURE	BUTTERFLY_MONARCH_MAN	ALL	caste+0x220	A person with the wings and head of a monarch butterfly.
reference	vanilla	vanilla_creatures/objects/creature_insects.txt	486	CREATURE	GIANT_BUTTERFLY_MONARCH	ALL	caste+0x220	A large monster in the shape of a monarch butterfly.
reference	vanilla	vanilla_creatures/objects/creature_insects.txt	502	CREATURE	FIREFLY		caste+0x220	A tiny flying insect that can be seen at night by its glowing tail.
reference	vanilla	vanilla_creatures/objects/creature_insects.txt	573	CREATURE	FIREFLY_MAN	ALL	caste+0x220	A person with the wings and head of a firefly.
reference	vanilla	vanilla_creatures/objects/creature_insects.txt	591	CREATURE	GIANT_FIREFLY	ALL	caste+0x220	A large monster in the shape of a firefly.
reference	vanilla	vanilla_creatures/objects/creature_insects.txt	607	CREATURE	DRAGONFLY		caste+0x220	A relatively large insect found in swamps and marshland.
reference	vanilla	vanilla_creatures/objects/creature_insects.txt	676	CREATURE	DRAGONFLY_MAN	ALL	caste+0x220	A person with the wings and head of a dragonfly.
reference	vanilla	vanilla_creatures/objects/creature_insects.txt	694	CREATURE	GIANT_DRAGONFLY	ALL	caste+0x220	A large monster in the shape of a dragonfly.
reference	vanilla	vanilla_creatures/objects/creature_insects.txt	717	CREATURE	HONEY_BEE		caste+0x220	A small flying insect that lives in large colonies.  It has a powerful stinger on its tail.  Its hives are prized for their honey.
reference	vanilla	vanilla_creatures/objects/creature_insects.txt	842	CREATURE	BUMBLEBEE		caste+0x220	A small woolly insect that lives in hive colonies.  It has an annoying sting which it rarely uses.
reference	vanilla	vanilla_creatures/objects/creature_large_mountain.txt	6	CREATURE	GOAT_MOUNTAIN		caste+0x220	A medium-sized herbivore that lives in the high mountains, able to navigate the slopes despite its hooved feet.
reference	vanilla	vanilla_creatures/objects/creature_large_mountain.txt	128	CREATURE	GOAT_MOUNTAIN_MAN	ALL	caste+0x220	A horned person with the head of a mountain goat.
reference	vanilla	vanilla_creatures/objects/creature_large_mountain.txt	147	CREATURE	GIANT_GOAT_MOUNTAIN	ALL	caste+0x220	A huge monster in the form of a mountain goat.
reference	vanilla	vanilla_creatures/objects/creature_large_mountain.txt	164	CREATURE	MARMOT_HOARY		caste+0x220	A large rodent that lives in groups in the high mountains.
reference	vanilla	vanilla_creatures/objects/creature_large_mountain.txt	276	CREATURE	MARMOT_HOARY_MAN	ALL	caste+0x220	A person with the head and fur of a hoary marmot.
reference	vanilla	vanilla_creatures/objects/creature_large_mountain.txt	297	CREATURE	GIANT_MARMOT_HOARY	ALL	caste+0x220	A large creature the shape of a hoary marmot.
reference	vanilla	vanilla_creatures/objects/creature_large_mountain.txt	312	CREATURE	GNOME_MOUNTAIN		caste+0x220	A tiny, jolly humanoid creature that dwells in the fair mountains.  They are known to enjoy drinking liquor and don't care whether it's theirs or not.
reference	vanilla	vanilla_creatures/objects/creature_large_mountain.txt	556	CREATURE	GNOME_DARK		caste+0x220	A tiny, foul-tempered humanoid creature that dwells in the evil mountains.  They are known to enjoy drinking liquor and will take any unguarded supplies of booze.
reference	vanilla	vanilla_creatures/objects/creature_large_ocean.txt	6	CREATURE	WALRUS		caste+0x220	A huge aquatic mammal with giant tusks and dense whiskers.  They are thick and blubbery and live almost exclusively on mussels.
reference	vanilla	vanilla_creatures/objects/creature_large_ocean.txt	98	CREATURE	WALRUS_MAN	ALL	caste+0x220	A legless person with the head and back flippers of a walrus.
reference	vanilla	vanilla_creatures/objects/creature_large_ocean.txt	117	CREATURE	GIANT_WALRUS	ALL	caste+0x220	A giant monster in the form of a walrus.
reference	vanilla	vanilla_creatures/objects/creature_large_ocean.txt	133	CREATURE	FISH_LAMPREY_SEA		caste+0x220	A small oceanic eel-like creature that latches onto the side of its victim and tears into them.
reference	vanilla	vanilla_creatures/objects/creature_large_ocean.txt	219	CREATURE	SHARK_GREAT_WHITE		caste+0x220	A giant oceanic fish with rows and rows of razor-sharp pointed teeth.
reference	vanilla	vanilla_creatures/objects/creature_large_ocean.txt	299	CREATURE	SHARK_FRILL		caste+0x220	A large eel-like fish found in coastal waters.
reference	vanilla	vanilla_creatures/objects/creature_large_ocean.txt	379	CREATURE	SHARK_SPINY_DOGFISH		caste+0x220	A large fish found in coastal temperate waters.
reference	vanilla	vanilla_creatures/objects/creature_large_ocean.txt	459	CREATURE	SHARK_WOBBEGONG_SPOTTED		caste+0x220	A huge fish covered with growths and spots it uses to hide on the sea bed.  It is not usually aggressive.
reference	vanilla	vanilla_creatures/objects/creature_large_ocean.txt	539	CREATURE	SHARK_WHALE		caste+0x220	A gigantic filter-feeding fish found in tropical oceans.
reference	vanilla	vanilla_creatures/objects/creature_large_ocean.txt	609	CREATURE	SHARK_BASKING		caste+0x220	A gigantic filter-feeding fish found in temperate oceans.
reference	vanilla	vanilla_creatures/objects/creature_large_ocean.txt	679	CREATURE	SHARK_NURSE		caste+0x220	A large nocturnal bottom-dwelling fish.  It is sluggish in movement and found in near-tropical shores.
reference	vanilla	vanilla_creatures/objects/creature_large_ocean.txt	758	CREATURE	SHARK_MAKO_SHORTFIN		caste+0x220	A large, aggressive, oceanic fish with a mouth full of pointed teeth.  It is capable of great speed.
reference	vanilla	vanilla_creatures/objects/creature_large_ocean.txt	838	CREATURE	SHARK_MAKO_LONGFIN		caste+0x220	A large fish which scavenges along tropical and temperate coastal waters.
reference	vanilla	vanilla_creatures/objects/creature_large_ocean.txt	918	CREATURE	SHARK_TIGER		caste+0x220	A giant, striped, oceanic fish known to devour anything in its path.
reference	vanilla	vanilla_creatures/objects/creature_large_ocean.txt	997	CREATURE	SHARK_BULL		caste+0x220	A medium-sized, aggressive, territorial fish.  It can be found in shallow oceanic waters, and has also been known to travel up large rivers.
reference	vanilla	vanilla_creatures/objects/creature_large_ocean.txt	1076	CREATURE	SHARK_REEF_BLACKTIP		caste+0x220	A medium-sized fish found in shallow oceanic waters.
reference	vanilla	vanilla_creatures/objects/creature_large_ocean.txt	1156	CREATURE	SHARK_REEF_WHITETIP		caste+0x220	A medium-sized fish which shelters in caves on the shallow sea floor.  It hunts for food in packs but is not aggressive.
reference	vanilla	vanilla_creatures/objects/creature_large_ocean.txt	1235	CREATURE	SHARK_BLUE		caste+0x220	A large, dangerous fish found hunting in packs in any ocean.
reference	vanilla	vanilla_creatures/objects/creature_large_ocean.txt	1314	CREATURE	SHARK_HAMMERHEAD		caste+0x220	A large, dangerous fish, often found hunting solitarily along coastlines.
reference	vanilla	vanilla_creatures/objects/creature_large_ocean.txt	1394	CREATURE	SHARK_ANGEL		caste+0x220	A large, flat, camouflaged fish found on the sea floor in temperate waters.  It is quite passive.
reference	vanilla	vanilla_creatures/objects/creature_large_ocean.txt	1474	CREATURE	FISH_SKATE_COMMON		caste+0x220	A medium-sized, flat, bottom-dwelling fish.
reference	vanilla	vanilla_creatures/objects/creature_large_ocean.txt	1546	CREATURE	FISH_RAY_MANTA		caste+0x220	A huge filter-feeding fish with great wings.  They travel the oceans and are curious and friendly.
reference	vanilla	vanilla_creatures/objects/creature_large_ocean.txt	1608	CREATURE	FISH_STINGRAY		caste+0x220	A medium-sized, flat fish.  It lives near the beach and will defend itself with sharp barbs.
reference	vanilla	vanilla_creatures/objects/creature_large_ocean.txt	1686	CREATURE	FISH_COELACANTH		caste+0x220	An elusive medium-sized fish found in coastal waters.
reference	vanilla	vanilla_creatures/objects/creature_large_ocean.txt	1768	CREATURE	FISH_STURGEON		caste+0x220	A large oceanic fish covered with bony plates.
reference	vanilla	vanilla_creatures/objects/creature_large_ocean.txt	1854	CREATURE	FISH_CONGER_EEL		caste+0x220	A medium-sized, brown, snake-like fish found in ocean waters.
reference	vanilla	vanilla_creatures/objects/creature_large_ocean.txt	1923	CREATURE	FISH_MILKFISH		caste+0x220	A medium-sized fish found around coasts and islands.  It is easy prey for predators.
reference	vanilla	vanilla_creatures/objects/creature_large_ocean.txt	2012	CREATURE	FISH_COD		caste+0x220	A medium-sized oceanic fish, often hunted for its meat.
reference	vanilla	vanilla_creatures/objects/creature_large_ocean.txt	2096	CREATURE	FISH_OPAH		caste+0x220	A large oceanic fish.  It is flat, round and red.
reference	vanilla	vanilla_creatures/objects/creature_large_ocean.txt	2179	CREATURE	FISH_GROUPER_GIANT		caste+0x220	A large, big-mouthed fish, found around coral reefs.
reference	vanilla	vanilla_creatures/objects/creature_large_ocean.txt	2261	CREATURE	FISH_BLUEFISH		caste+0x220	A medium-sized oceanic fish.  It is fork-tailed and sought after for its meat.
reference	vanilla	vanilla_creatures/objects/creature_large_ocean.txt	2345	CREATURE	FISH_SUNFISH_OCEAN		caste+0x220	A giant oceanic creature resembling a huge fish's head connected to a wide tail.
reference	vanilla	vanilla_creatures/objects/creature_large_ocean.txt	2429	CREATURE	FISH_SWORDFISH		caste+0x220	A huge predatory fish found in open ocean.  It has a long pointed bill which it uses to slash and ram.
reference	vanilla	vanilla_creatures/objects/creature_large_ocean.txt	2513	CREATURE	FISH_MARLIN		caste+0x220	A huge oceanic fish capable of great speed.  It has a long, sharp snout used for slashing its prey.
reference	vanilla	vanilla_creatures/objects/creature_large_ocean.txt	2597	CREATURE	FISH_HALIBUT		caste+0x220	A large, flat, oceanic fish.  It dwells on the sea floor, both its eyes on the top side.
reference	vanilla	vanilla_creatures/objects/creature_large_ocean.txt	2680	CREATURE	FISH_BARRACUDA_GREAT		caste+0x220	A large, long fish with many sharp fangs.  It hunts by ambushing its prey.
reference	vanilla	vanilla_creatures/objects/creature_large_ocean.txt	2765	CREATURE	FISH_TUNA_BLUEFIN		caste+0x220	A large oceanic fish capable of great speed.
reference	vanilla	vanilla_creatures/objects/creature_large_ocean.txt	2858	CREATURE	NARWHAL		caste+0x220	A medium-sized sea mammal with a long thin horn on its nose.  It uses this horn to communicate and break up ice.
reference	vanilla	vanilla_creatures/objects/creature_large_ocean.txt	2968	CREATURE	NARWHAL MAN	ALL	caste+0x220	A medium-sized creature with the arms and torso on a man, but with the head and tail of a narwhal.
reference	vanilla	vanilla_creatures/objects/creature_large_ocean.txt	2986	CREATURE	NARWHAL, GIANT		caste+0x220	A huge sea monster with an enormous horn on its nose.
reference	vanilla	vanilla_creatures/objects/creature_large_riverlake.txt	6	CREATURE	HIPPO		caste+0x220	A huge, round, hairless river creature.  It is a plant-eating animal but has long tusks and can be aggressive and deadly if disturbed.
reference	vanilla	vanilla_creatures/objects/creature_large_riverlake.txt	116	CREATURE	HIPPO_MAN	ALL	caste+0x220	A large person with the head of a hippo.
reference	vanilla	vanilla_creatures/objects/creature_large_riverlake.txt	135	CREATURE	GIANT_HIPPO	ALL	caste+0x220	A huge hippo-shaped monster.
reference	vanilla	vanilla_creatures/objects/creature_large_riverlake.txt	150	CREATURE	FISH_GAR_LONGNOSE		caste+0x220	A medium-sized fish with a long snout.  It is found in lakes and streams.
reference	vanilla	vanilla_creatures/objects/creature_large_riverlake.txt	237	CREATURE	FISH_CARP		caste+0x220	A medium-sized fish found in lakes and streams.  They are bottom-feeders and tend to gather in groups.
reference	vanilla	vanilla_creatures/objects/creature_large_riverlake.txt	323	CREATURE	FISH_TIGERFISH		caste+0x220	A medium-sized predatory fish found in lakes and streams.  It is known for its ferocious attacks and interlocking teeth.
reference	vanilla	vanilla_creatures/objects/creature_large_riverlake.txt	409	CREATURE	FISH_PIKE		caste+0x220	A medium-sized, green fish found in temperate lakes.
reference	vanilla	vanilla_creatures/objects/creature_large_riverlake.txt	505	CREATURE	PLATYPUS		caste+0x220	A small semi-aquatic, egg laying mammal with a bill, flat tail and poison spurs.
reference	vanilla	vanilla_creatures/objects/creature_large_riverlake.txt	679	CREATURE	PLATYPUS MAN	ALL	caste+0x220	A humanoid with the head, tail and poison spurs of a platypus.
reference	vanilla	vanilla_creatures/objects/creature_large_riverlake.txt	714	CREATURE	PLATYPUS, GIANT		caste+0x220	A huge monster, the shape of a platypus.
reference	vanilla	vanilla_creatures/objects/creature_large_temperate.txt	6	CREATURE	BEAR_GRIZZLY		caste+0x220	A huge brown creature found in temperate woodland.  It is known for its ferocious attack, usually when it or its young are threatened.
reference	vanilla	vanilla_creatures/objects/creature_large_temperate.txt	125	CREATURE	BEAR_GRIZZLY_MAN	ALL	caste+0x220	A large person with the head of a grizzly bear.
reference	vanilla	vanilla_creatures/objects/creature_large_temperate.txt	146	CREATURE	GIANT_BEAR_GRIZZLY	ALL	caste+0x220	A huge monster in the shape of a grizzly bear.
reference	vanilla	vanilla_creatures/objects/creature_large_temperate.txt	162	CREATURE	BEAR_BLACK		caste+0x220	A large omnivorous predator found in temperate woodlands.  Mainly living on berries, it will also steal carcasses from other hunters.  Though normally a docile animal, it has been known to kill in a predatory attack.
reference	vanilla	vanilla_creatures/objects/creature_large_temperate.txt	279	CREATURE	BEAR_BLACK_MAN	ALL	caste+0x220	A large person with the head of a black bear.
reference	vanilla	vanilla_creatures/objects/creature_large_temperate.txt	300	CREATURE	GIANT_BEAR_BLACK	ALL	caste+0x220	A huge monster in the shape of a black bear.
reference	vanilla	vanilla_creatures/objects/creature_large_temperate.txt	316	CREATURE	DEER		caste+0x220	A medium-sized hoofed forest creature that grows its antlers back each year.
reference	vanilla	vanilla_creatures/objects/creature_large_temperate.txt	444	CREATURE	DEER_MAN	ALL	caste+0x220	A person with the head of a deer.
reference	vanilla	vanilla_creatures/objects/creature_large_temperate.txt	463	CREATURE	GIANT_DEER	ALL	caste+0x220	A huge monster in the form of a deer.
reference	vanilla	vanilla_creatures/objects/creature_large_temperate.txt	478	CREATURE	FOX		caste+0x220	A small carnivorous animal found in temperate climates.  It has orange fur and is known for its cleverness.
reference	vanilla	vanilla_creatures/objects/creature_large_temperate.txt	589	CREATURE	FOX_MAN	ALL	caste+0x220	A person with the head and tail of a fox.
reference	vanilla	vanilla_creatures/objects/creature_large_temperate.txt	610	CREATURE	GIANT_FOX	ALL	caste+0x220	A huge monster in the shape of a fox.
reference	vanilla	vanilla_creatures/objects/creature_large_temperate.txt	625	CREATURE	RACCOON		caste+0x220	A small omnivorous animal with a bright mask of fur.  It is nocturnal and found in temperate forests.  It is a curious animal and has been known to steal from civilized areas.
reference	vanilla	vanilla_creatures/objects/creature_large_temperate.txt	738	CREATURE	RACCOON_MAN	ALL	caste+0x220	A person with the mask and tail of a raccoon.
reference	vanilla	vanilla_creatures/objects/creature_large_temperate.txt	759	CREATURE	GIANT_RACCOON	ALL	caste+0x220	A huge monster in the shape of a raccoon.
reference	vanilla	vanilla_creatures/objects/creature_large_temperate.txt	775	CREATURE	MACAQUE_RHESUS		caste+0x220	A medium-sized monkey found in woods and grassland.  It usually lives on roots and insects but can become a pest in civilized areas, roaming in large groups and begging for scraps.
reference	vanilla	vanilla_creatures/objects/creature_large_temperate.txt	887	CREATURE	MACAQUE_RHESUS_MAN	ALL	caste+0x220	A person with the head and tail of a rhesus macaque.
reference	vanilla	vanilla_creatures/objects/creature_large_temperate.txt	907	CREATURE	GIANT_MACAQUE_RHESUS	ALL	caste+0x220	A large monster in the form of a rhesus macaque.
reference	vanilla	vanilla_creatures/objects/creature_large_temperate.txt	923	CREATURE	COUGAR		caste+0x220	A large solitary feline.  It is found most often in dense vegetation, ambushing its prey.
reference	vanilla	vanilla_creatures/objects/creature_large_temperate.txt	1037	CREATURE	COUGAR_MAN	ALL	caste+0x220	A person with the head and tail of a cougar.
reference	vanilla	vanilla_creatures/objects/creature_large_temperate.txt	1058	CREATURE	GIANT_COUGAR	ALL	caste+0x220	A huge monster in the form of a cougar.
reference	vanilla	vanilla_creatures/objects/creature_large_temperate.txt	1074	CREATURE	WOLF		caste+0x220	A large canine found in temperate regions.  It is territorial and hunts in packs.
reference	vanilla	vanilla_creatures/objects/creature_large_temperate.txt	1188	CREATURE	WOLF_MAN	ALL	caste+0x220	A person with the head and tail of a wolf.
reference	vanilla	vanilla_creatures/objects/creature_large_temperate.txt	1209	CREATURE	GIANT_WOLF	ALL	caste+0x220	A huge monster in the shape of a wolf.
reference	vanilla	vanilla_creatures/objects/creature_large_temperate.txt	1224	CREATURE	GROUNDHOG		caste+0x220	A large, round, lowland rodent.  It lives in burrows in the ground and ventures out to eat.
reference	vanilla	vanilla_creatures/objects/creature_large_temperate.txt	1338	CREATURE	GROUNDHOG_MAN	ALL	caste+0x220	A person with the head and fur of a groundhog.
reference	vanilla	vanilla_creatures/objects/creature_large_temperate.txt	1359	CREATURE	GIANT_GROUNDHOG	ALL	caste+0x220	A large creature the shape of a groundhog.
reference	vanilla	vanilla_creatures/objects/creature_large_temperate.txt	1374	CREATURE	ALLIGATOR		caste+0x220	A huge reptile, found in rivers and marshlands.  It is an ambush predator, solitary and territorial.
reference	vanilla	vanilla_creatures/objects/creature_large_temperate.txt	1496	CREATURE	ALLIGATOR_MAN	ALL	caste+0x220	A person with the head and tail of an alligator.
reference	vanilla	vanilla_creatures/objects/creature_large_temperate.txt	1517	CREATURE	GIANT_ALLIGATOR	ALL	caste+0x220	A huge monster in the shape of an alligator.
reference	vanilla	vanilla_creatures/objects/creature_large_temperate.txt	1532	CREATURE	BIRD_BUZZARD		caste+0x220	A medium-sized, red-faced black bird that searches the temperate lands for carrion.
reference	vanilla	vanilla_creatures/objects/creature_large_temperate.txt	1657	CREATURE	BUZZARD_MAN	ALL	caste+0x220	A person with the head and wings of a buzzard.
reference	vanilla	vanilla_creatures/objects/creature_large_temperate.txt	1676	CREATURE	GIANT_BUZZARD	ALL	caste+0x220	A huge monster in the form of a buzzard.
reference	vanilla	vanilla_creatures/objects/creature_large_temperate.txt	1700	CREATURE	PANDA		caste+0x220	A large bear-like creature with a striking coat of black and white hair.  It feeds on bamboo forests.
reference	vanilla	vanilla_creatures/objects/creature_large_temperate.txt	1827	CREATURE	PANDA, GIGANTIC		caste+0x220	A giant bear-like creature found in the wildest parts of the world.  It has striking black and white fur.
reference	vanilla	vanilla_creatures/objects/creature_large_temperate.txt	1882	CREATURE	PANDA MAN	ALL	caste+0x220	A humanoid creature with the head and belly of a panda.
reference	vanilla	vanilla_creatures/objects/creature_large_temperate.txt	1899	CREATURE	CAPYBARA		caste+0x220	A medium-sized semi-aquatic rodent.  It lives in large herds and barks when alarmed.
reference	vanilla	vanilla_creatures/objects/creature_large_temperate.txt	2011	CREATURE	CAPYBARA, GIANT	ALL	caste+0x220	A huge rodent that walks on tall legs.  Its bark can be heard at large distances.  It is fond of swimming.
reference	vanilla	vanilla_creatures/objects/creature_large_temperate.txt	2052	CREATURE	CAPYBARA MAN	ALL	caste+0x220	A humanoid with the head of a capybara.  It is fond of swimming.
reference	vanilla	vanilla_creatures/objects/creature_large_temperate.txt	2066	CREATURE	BADGER		caste+0x220	A small mammal with a striped face.  It lives in groups and is ferocious in combat.
reference	vanilla	vanilla_creatures/objects/creature_large_temperate.txt	2199	CREATURE	BADGER MAN	ALL	caste+0x220	A humanoid with the head and stripes of a badger.
reference	vanilla	vanilla_creatures/objects/creature_large_temperate.txt	2229	CREATURE	BADGER, GIANT	ALL	caste+0x220	A huge monster the shape of a badger.  It is ferocious in combat.
reference	vanilla	vanilla_creatures/objects/creature_large_temperate.txt	2257	CREATURE	MOOSE		caste+0x220	A large mammal with great antlers and a large nose. It lives in temperate forests.
reference	vanilla	vanilla_creatures/objects/creature_large_temperate.txt	2395	CREATURE	MOOSE MAN	ALL	caste+0x220	A humanoid with the head and antlers of a moose.
reference	vanilla	vanilla_creatures/objects/creature_large_temperate.txt	2412	CREATURE	MOOSE, GIANT		caste+0x220	A huge monster the shape of a moose.
reference	vanilla	vanilla_creatures/objects/creature_large_temperate.txt	2440	CREATURE	RED PANDA		caste+0x220	A small tree-dwelling mammal with distinctive color.  It rears up on its hind legs when cornered.  It uses its front paws like hands.
reference	vanilla	vanilla_creatures/objects/creature_large_temperate.txt	2592	CREATURE	RED PANDA MAN	ALL	caste+0x220	A medium-sized, walking red panda with arms and a tail.  It prefers the forest and its beloved trees.
reference	vanilla	vanilla_creatures/objects/creature_large_temperate.txt	2623	CREATURE	RED PANDA, GIANT		caste+0x220	A large monster with the shape of a red panda.
reference	vanilla	vanilla_creatures/objects/creature_large_tropical.txt	6	CREATURE	ELEPHANT		caste+0x220	A huge, hairless mammal, found grazing in grasslands in groups.  It eats plants which it lifts up with its long trunk.  When angered, it will attack with its long tusks.
reference	vanilla	vanilla_creatures/objects/creature_large_tropical.txt	125	CREATURE	ELEPHANT_MAN	ALL	caste+0x220	A large person with the trunk and ears of an elephant.
reference	vanilla	vanilla_creatures/objects/creature_large_tropical.txt	148	CREATURE	GIANT_ELEPHANT	ALL	caste+0x220	A gigantic monster in elephant form.
reference	vanilla	vanilla_creatures/objects/creature_large_tropical.txt	174	CREATURE	WARTHOG		caste+0x220	A medium-sized animal living in grass and woodland.  It has a large snout with four sharp tusks.  It will aggressively defend itself.
reference	vanilla	vanilla_creatures/objects/creature_large_tropical.txt	298	CREATURE	WARTHOG_MAN	ALL	caste+0x220	A person with the head of a warthog.
reference	vanilla	vanilla_creatures/objects/creature_large_tropical.txt	321	CREATURE	GIANT_WARTHOG	ALL	caste+0x220	A huge monster warthog with jagged tusks.
reference	vanilla	vanilla_creatures/objects/creature_large_tropical.txt	336	CREATURE	LION		caste+0x220	A large ferocious predator found in grasslands.  It lives in groups of females and one male with a large mane.  They hunt together and are capable of felling extremely large prey.
reference	vanilla	vanilla_creatures/objects/creature_large_tropical.txt	449	CREATURE	LION_MAN	ALL	caste+0x220	A person with the head of a lion.
reference	vanilla	vanilla_creatures/objects/creature_large_tropical.txt	470	CREATURE	GIANT_LION	ALL	caste+0x220	A gigantic version of the feline predator.  Its giant prides can be found in the wildest, most savage parts of the world.
reference	vanilla	vanilla_creatures/objects/creature_large_tropical.txt	485	CREATURE	LEOPARD		caste+0x220	A large spotted feline found in grass and woodland.  It is known for great speed in hunting.
reference	vanilla	vanilla_creatures/objects/creature_large_tropical.txt	598	CREATURE	LEOPARD_MAN	ALL	caste+0x220	A spotted person with the head and tail of a leopard.
reference	vanilla	vanilla_creatures/objects/creature_large_tropical.txt	619	CREATURE	GIANT_LEOPARD	ALL	caste+0x220	A gigantic spotted predator, dwarfing its small cousins.  It is found in the wild lands.
reference	vanilla	vanilla_creatures/objects/creature_large_tropical.txt	634	CREATURE	JAGUAR		caste+0x220	A large, muscular, spotted feline found in tropical jungles.  It is solitary and stalks and ambushes its prey.
reference	vanilla	vanilla_creatures/objects/creature_large_tropical.txt	747	CREATURE	JAGUAR_MAN	ALL	caste+0x220	A spotted person with the head and tail of a jaguar.
reference	vanilla	vanilla_creatures/objects/creature_large_tropical.txt	768	CREATURE	GIANT_JAGUAR	ALL	caste+0x220	A gigantic feline predator, similar to its cousins in all but size.  It can be found in the savage wilderness.
reference	vanilla	vanilla_creatures/objects/creature_large_tropical.txt	783	CREATURE	TIGER		caste+0x220	A huge, striped predator.  It is found in almost any climate on a lone hunt for its prey.
reference	vanilla	vanilla_creatures/objects/creature_large_tropical.txt	898	CREATURE	TIGER_MAN	ALL	caste+0x220	An orange striped person with the head of a tiger.
reference	vanilla	vanilla_creatures/objects/creature_large_tropical.txt	919	CREATURE	GIANT_TIGER	ALL	caste+0x220	The largest of the giant cats.  It can be found hunting alone in the most savage countryside.
reference	vanilla	vanilla_creatures/objects/creature_large_tropical.txt	934	CREATURE	CHEETAH		caste+0x220	A large spotted feline predator.  It is capable of incredible speed when ambushing its prey.
reference	vanilla	vanilla_creatures/objects/creature_large_tropical.txt	1046	CREATURE	CHEETAH_MAN	ALL	caste+0x220	A spotted person with the head and tail of a cheetah.
reference	vanilla	vanilla_creatures/objects/creature_large_tropical.txt	1067	CREATURE	GIANT_CHEETAH	ALL	caste+0x220	A gigantic spotted cat.  It is possibly the fastest animal on land and is found in the savage wilds.
reference	vanilla	vanilla_creatures/objects/creature_large_tropical.txt	1082	CREATURE	GAZELLE		caste+0x220	A small hooved creature found in large groups in the grasslands.  It has short horns and moves by leaps and bounds.
reference	vanilla	vanilla_creatures/objects/creature_large_tropical.txt	1197	CREATURE	GAZELLE_MAN	ALL	caste+0x220	A horned person with the head of a gazelle.
reference	vanilla	vanilla_creatures/objects/creature_large_tropical.txt	1216	CREATURE	GIANT_GAZELLE	ALL	caste+0x220	A huge monster in the form of a gazelle.
reference	vanilla	vanilla_creatures/objects/creature_large_tropical.txt	1231	CREATURE	MANDRILL		caste+0x220	A large monkey with blue face and rump.  It lives in large groups and often survives by destroying crops and stealing garbage.  The males are larger, with powerful jaws.
reference	vanilla	vanilla_creatures/objects/creature_large_tropical.txt	1342	CREATURE	MANDRILL_MAN	ALL	caste+0x220	A blue-rumped person with the head and tail of a mandrill.
reference	vanilla	vanilla_creatures/objects/creature_large_tropical.txt	1362	CREATURE	GIANT_MANDRILL	ALL	caste+0x220	A large monster in the form of a mandrill.
reference	vanilla	vanilla_creatures/objects/creature_large_tropical.txt	1378	CREATURE	CHIMPANZEE		caste+0x220	A large ape which lives in the tropical forests.  It lives in complex social groups of many members.  Though it is quite intelligent, it has been known for ferocious attacks.
reference	vanilla	vanilla_creatures/objects/creature_large_tropical.txt	1470	CREATURE	BONOBO		caste+0x220	A large ape which lives in the tropical forests.  It is quite intelligent and lives in large and complex social groups.
reference	vanilla	vanilla_creatures/objects/creature_large_tropical.txt	1562	CREATURE	GORILLA		caste+0x220	A huge ape found in the forest.  It lives in small groups eating plants.  The groups are lead by a large dominant male with a silver back.
reference	vanilla	vanilla_creatures/objects/creature_large_tropical.txt	1657	CREATURE	ORANGUTAN		caste+0x220	A huge intelligent ape found in the tropical forests.  It is bright red and found living in the trees.
reference	vanilla	vanilla_creatures/objects/creature_large_tropical.txt	1749	CREATURE	GIBBON_SIAMANG		caste+0x220	A medium-sized ape found in the trees.  It is known for its loud calls.
reference	vanilla	vanilla_creatures/objects/creature_large_tropical.txt	1841	CREATURE	GIBBON_WHITE_HANDED		caste+0x220	A small, long-armed ape.  It lives in trees and eats fruit.
reference	vanilla	vanilla_creatures/objects/creature_large_tropical.txt	1934	CREATURE	GIBBON_BLACK_HANDED		caste+0x220	A small fruit-eating ape, found in the trees.
reference	vanilla	vanilla_creatures/objects/creature_large_tropical.txt	2027	CREATURE	GIBBON_GRAY		caste+0x220	A small ape found in the trees of the tropical forest.  It is known for its calls.
reference	vanilla	vanilla_creatures/objects/creature_large_tropical.txt	2119	CREATURE	GIBBON_SILVERY		caste+0x220	A small ape found in the trees eating fruit.
reference	vanilla	vanilla_creatures/objects/creature_large_tropical.txt	2211	CREATURE	GIBBON_PILEATED		caste+0x220	A small ape found in pairs, swinging from the trees.
reference	vanilla	vanilla_creatures/objects/creature_large_tropical.txt	2306	CREATURE	GIBBON_BILOU		caste+0x220	A small ape that swings from the trees, eating fruit.
reference	vanilla	vanilla_creatures/objects/creature_large_tropical.txt	2398	CREATURE	GIBBON_WHITE_BROWED		caste+0x220	A small fruit-eating ape, found in the trees.
reference	vanilla	vanilla_creatures/objects/creature_large_tropical.txt	2490	CREATURE	GIBBON_BLACK_CRESTED		caste+0x220	A small ape from the tropical forest.  It can be found in the trees eating fruit.
reference	vanilla	vanilla_creatures/objects/creature_large_tropical.txt	2582	CREATURE	CAMEL_1_HUMP		caste+0x220	A large long-necked creature with a large hump on its sturdy body.  It has been domesticated to carry passengers and cargo but is nonetheless bad-tempered and will spit.
reference	vanilla	vanilla_creatures/objects/creature_large_tropical.txt	2726	CREATURE	CAMEL_1_HUMP_MAN	ALL	caste+0x220	A person with the head and hump of a one-humped camel.
reference	vanilla	vanilla_creatures/objects/creature_large_tropical.txt	2758	CREATURE	GIANT_CAMEL_1_HUMP	ALL	caste+0x220	A huge monster the shape of a one-humped camel.
reference	vanilla	vanilla_creatures/objects/creature_large_tropical.txt	2773	CREATURE	CAMEL_2_HUMP		caste+0x220	A large, long-necked creature with two fleshy humps on its back.  It is domesticated to carry passengers and cargo.
reference	vanilla	vanilla_creatures/objects/creature_large_tropical.txt	2917	CREATURE	CAMEL_2_HUMP_MAN	ALL	caste+0x220	A person with the head and humps of a two-humped camel.
reference	vanilla	vanilla_creatures/objects/creature_large_tropical.txt	2949	CREATURE	GIANT_CAMEL_2_HUMP	ALL	caste+0x220	A huge monster the shape of a two-humped camel.
reference	vanilla	vanilla_creatures/objects/creature_large_tropical.txt	2964	CREATURE	CROCODILE_SALTWATER		caste+0x220	A huge, predatory reptile found in coastal marshes and river deltas.  It ambushes its prey at the shore and uses its great size to drag the victim under and drown them.
reference	vanilla	vanilla_creatures/objects/creature_large_tropical.txt	3086	CREATURE	CROCODILE_SALTWATER_MAN	ALL	caste+0x220	A person with the head and tail of a saltwater crocodile.
reference	vanilla	vanilla_creatures/objects/creature_large_tropical.txt	3107	CREATURE	GIANT_CROCODILE_SALTWATER	ALL	caste+0x220	A huge monster in the shape of a saltwater crocodile.
reference	vanilla	vanilla_creatures/objects/creature_large_tropical.txt	3122	CREATURE	BIRD_VULTURE		caste+0x220	A large bird with a featherless red head found in the sky of tropical deserts, scanning the ground for dead carcasses.
reference	vanilla	vanilla_creatures/objects/creature_large_tropical.txt	3245	CREATURE	VULTURE_MAN	ALL	caste+0x220	A person with the head and wings of a vulture.
reference	vanilla	vanilla_creatures/objects/creature_large_tropical.txt	3264	CREATURE	GIANT_VULTURE	ALL	caste+0x220	A huge monster in the form of a vulture.
reference	vanilla	vanilla_creatures/objects/creature_large_tropical.txt	3280	CREATURE	RHINOCEROS		caste+0x220	A huge herbivore with thick plated skin and powerful build.  It is known for the thick horns on the end of its nose.
reference	vanilla	vanilla_creatures/objects/creature_large_tropical.txt	3392	CREATURE	RHINOCEROS_MAN	ALL	caste+0x220	A person with the head and horns of a rhinoceros.
reference	vanilla	vanilla_creatures/objects/creature_large_tropical.txt	3415	CREATURE	GIANT_RHINOCEROS	ALL	caste+0x220	A huge monster the shape of a rhinoceros.
reference	vanilla	vanilla_creatures/objects/creature_large_tropical.txt	3430	CREATURE	GIRAFFE		caste+0x220	A huge leaf-eating mammal.  It has an extremely long neck.  Its skin has a distinctive brown and white pattern.
reference	vanilla	vanilla_creatures/objects/creature_large_tropical.txt	3530	CREATURE	GIRAFFE_MAN	ALL	caste+0x220	A person with the head and neck of a giraffe.
reference	vanilla	vanilla_creatures/objects/creature_large_tropical.txt	3553	CREATURE	GIANT_GIRAFFE	ALL	caste+0x220	A huge monster the shape of a giraffe.
reference	vanilla	vanilla_creatures/objects/creature_large_tropical.txt	3567	CREATURE	HONEY BADGER		caste+0x220	A small mammal known to defend itself ferociously in combat, often fighting off multiple animals many times its size.
reference	vanilla	vanilla_creatures/objects/creature_large_tropical.txt	3698	CREATURE	HONEY BADGER MAN	ALL	caste+0x220	A humanoid with the head and stripes of a honey badger.
reference	vanilla	vanilla_creatures/objects/creature_large_tropical.txt	3729	CREATURE	HONEY BADGER, GIANT	ALL	caste+0x220	A huge monster the shape of a honey badger.  It is ferocious in combat.
reference	vanilla	vanilla_creatures/objects/creature_large_tropical.txt	3753	CREATURE	GIANT TORTOISE		caste+0x220	A medium-sized reptile with a large shell.  It can retreat into its shell to escape predators.
reference	vanilla	vanilla_creatures/objects/creature_large_tropical.txt	3860	CREATURE	GIANT TORTOISE MAN	ALL	caste+0x220	A person with a large shell and the head of a giant tortoise.
reference	vanilla	vanilla_creatures/objects/creature_large_tropical.txt	3878	CREATURE	GIGANTIC TORTOISE		caste+0x220	A huge monster with an enormous shell.
reference	vanilla	vanilla_creatures/objects/creature_large_tropical.txt	3900	CREATURE	ARMADILLO		caste+0x220	A small mammal with a leathery hide.  It can roll into a ball to escape predators.
reference	vanilla	vanilla_creatures/objects/creature_large_tropical.txt	4005	CREATURE	ARMADILLO MAN	ALL	caste+0x220	A person with the hide and head of an armadillo.
reference	vanilla	vanilla_creatures/objects/creature_large_tropical.txt	4022	CREATURE	ARMADILLO, GIANT		caste+0x220	A large monster the shape of an armadillo.  It has thick armor for skin.
reference	vanilla	vanilla_creatures/objects/creature_large_tundra.txt	6	CREATURE	MUSKOX		caste+0x220	A large hooved animal with curved horns and a thick brown coat.  It is known for its strong odor.
reference	vanilla	vanilla_creatures/objects/creature_large_tundra.txt	131	CREATURE	MUSKOX_MAN	ALL	caste+0x220	A horned person with the head of a muskox.
reference	vanilla	vanilla_creatures/objects/creature_large_tundra.txt	150	CREATURE	GIANT_MUSKOX	ALL	caste+0x220	A huge monster in the form of a muskox.
reference	vanilla	vanilla_creatures/objects/creature_large_tundra.txt	165	CREATURE	ELK		caste+0x220	A large hooved animal found roaming wild in temperate forests.  The males have long antlers.
reference	vanilla	vanilla_creatures/objects/creature_large_tundra.txt	292	CREATURE	ELK_MAN	ALL	caste+0x220	A person with the head of an elk.
reference	vanilla	vanilla_creatures/objects/creature_large_tundra.txt	311	CREATURE	GIANT_ELK	ALL	caste+0x220	A huge monster in the form of an elk.
reference	vanilla	vanilla_creatures/objects/creature_large_tundra.txt	326	CREATURE	BEAR_POLAR		caste+0x220	A huge predatory mammal covered in white hair.  It hunts the shores along tundra and glaciers.
reference	vanilla	vanilla_creatures/objects/creature_large_tundra.txt	446	CREATURE	BEAR_POLAR_MAN	ALL	caste+0x220	A large person with the head of a polar bear.
reference	vanilla	vanilla_creatures/objects/creature_large_tundra.txt	467	CREATURE	GIANT_BEAR_POLAR	ALL	caste+0x220	A huge monster in the shape of a polar bear.
reference	vanilla	vanilla_creatures/objects/creature_mountain_new.txt	11	CREATURE	WOLVERINE		caste+0x220	A small, muscular, weasel-like creature.  It is known for its ferocity.
reference	vanilla	vanilla_creatures/objects/creature_mountain_new.txt	133	CREATURE	WOLVERINE_MAN	ALL	caste+0x220	A person with the head and tail of a wolverine.
reference	vanilla	vanilla_creatures/objects/creature_mountain_new.txt	154	CREATURE	GIANT_WOLVERINE	ALL	caste+0x220	A large, terrifying monster the shape of a wolverine.
reference	vanilla	vanilla_creatures/objects/creature_mountain_new.txt	171	CREATURE	CHINCHILLA		caste+0x220	A tiny furry rodent dwelling in the hollow cracks of rocks.  They can be found high in the mountains.
reference	vanilla	vanilla_creatures/objects/creature_mountain_new.txt	279	CREATURE	CHINCHILLA_MAN	ALL	caste+0x220	A hairy person with the head and tail of a chinchilla.
reference	vanilla	vanilla_creatures/objects/creature_mountain_new.txt	300	CREATURE	GIANT_CHINCHILLA	ALL	caste+0x220	A large monster in the shape of a chinchilla.
reference	vanilla	vanilla_creatures/objects/creature_next_underground.txt	7	CREATURE	FLOATING_GUTS		caste+0x220	A transparent and amorphous monster that lives underground.  It is small in size and is found crawling across the cavern floor.  Its organs appear to be floating inside of its body.
reference	vanilla	vanilla_creatures/objects/creature_next_underground.txt	61	CREATURE	DRUNIAN		caste+0x220	A large quadruped with a mane circling its manlike face and hands at the end of its forelimbs.  It lives underground and is fond of raiding the supplies of cavern outposts.
reference	vanilla	vanilla_creatures/objects/creature_next_underground.txt	153	CREATURE	CREEPING_EYE		caste+0x220	A small underground monster that crawls across the cavern wall with its four clawed hands.  It has a single large eye which can shine with its own light, otherwise its stony skin blends in with the rock.  It has no mouth and is said to feed on evil alone.
reference	vanilla	vanilla_creatures/objects/creature_next_underground.txt	207	CREATURE	VORACIOUS_CAVE_CRAWLER		caste+0x220	A huge cave monster with hundreds of feet moving along the bottom of its long body.  In place of a head, it has an enormous toothy maw.
reference	vanilla	vanilla_creatures/objects/creature_next_underground.txt	279	CREATURE	BLIND_CAVE_OGRE		caste+0x220	A large cavern-dwelling humanoid monster.  It has a gaping mouth with many sharp teeth.  It has no eyes and only two digits on each hand and foot.
reference	vanilla	vanilla_creatures/objects/creature_next_underground.txt	374	CREATURE	CAP_HOPPER		caste+0x220	A tiny amphibian with a long prehensile tail.  It lives in underground swamps and tower-cap forests on which it feeds.
reference	vanilla	vanilla_creatures/objects/creature_next_underground.txt	444	CREATURE	MAGMA_CRAB		caste+0x220	A small rock-eating creature that lives in molten rock.  It scurries on little feet and swims through liquid rock with sharp wings.  It uses magma to digest rock and spits out burning globs.
reference	vanilla	vanilla_creatures/objects/creature_next_underground.txt	509	CREATURE	CRUNDLE		caste+0x220	A tiny underground monster with large claws and horns.  It walks on two legs and is dangerous when encountered in large numbers.
reference	vanilla	vanilla_creatures/objects/creature_next_underground.txt	631	CREATURE	HUNGRY_HEAD		caste+0x220	A fearsome, long-toothed mouth the size of a man's head, flying on bat wings.  It is found in deep caves.
reference	vanilla	vanilla_creatures/objects/creature_next_underground.txt	703	CREATURE	FLESH_BALL		caste+0x220	A large ball of skin found moving around the debris near underground ponds.  It is there that it absorbs dead matter for food.
reference	vanilla	vanilla_creatures/objects/creature_next_underground.txt	747	CREATURE	ELK_BIRD		caste+0x220	A large creature found grazing on mushrooms deep underground.  It walks on two legs and has the head of a bird with the antlers of a great elk.
reference	vanilla	vanilla_creatures/objects/creature_next_underground.txt	860	CREATURE	HELMET_SNAKE		caste+0x220	A snake-like creature living deep underground.  Its head is covered in armor so that is resembles the head of a dragon.
reference	vanilla	vanilla_creatures/objects/creature_next_underground.txt	973	CREATURE	GREEN_DEVOURER		caste+0x220	A medium-sized monster walking on two clawed legs.  It has two mouths on the ends of a pair of tentacles.  It uses its mouths to digest its victims with acid and rows of razor-like teeth.
reference	vanilla	vanilla_creatures/objects/creature_next_underground.txt	1043	CREATURE	RUTHERER		caste+0x220	A huge monster with an enormous tail, covered with thick fur.  They run on four legs and can be found deep under the earth.
reference	vanilla	vanilla_creatures/objects/creature_next_underground.txt	1131	CREATURE	CREEPY_CRAWLER		caste+0x220	A tiny underground creature made of a mass of appendages resembling human fingers.  It creeps across the ground like a starfish and eats with a mouth on the bottom of its body.
reference	vanilla	vanilla_creatures/objects/creature_next_underground.txt	1177	CREATURE	DRALTHA		caste+0x220	A large, long-bodied grazer with a thick mane that feeds on the tops of towercap mushrooms deep under the earth.
reference	vanilla	vanilla_creatures/objects/creature_next_underground.txt	1265	CREATURE	GIANT_EARTHWORM		caste+0x220	A gigantic version of its tiny cousin, this long, slimy creature tunnels through the rocks deep underground.
reference	vanilla	vanilla_creatures/objects/creature_next_underground.txt	1314	CREATURE	BLOOD_MAN		caste+0x220	A man-shaped abomination made entirely of blood.  These cursed creatures are only found very near the underworld.
reference	vanilla	vanilla_creatures/objects/creature_next_underground.txt	1387	CREATURE	BUGBAT		caste+0x220	A small bat-like creature with the head of an insect.  It is found deep underground.
reference	vanilla	vanilla_creatures/objects/creature_next_underground.txt	1471	CREATURE	MANERA		caste+0x220	A creature that crawls along the cavern ceiling with four long arms.  Its body is shaped as the head of a man with a mouth full of shark teeth.  It waits for its prey to pass below.
reference	vanilla	vanilla_creatures/objects/creature_next_underground.txt	1554	CREATURE	MOLEMARIAN		caste+0x220	A hideous monster that has the body of a giant mole-rat and the torso of a mole-rat man.   It is found deep underground.
reference	vanilla	vanilla_creatures/objects/creature_next_underground.txt	1645	CREATURE	JABBERER		caste+0x220	A huge monster that lurks in caverns deep under the earth.  It uses its wide beak to reach down and pluck up unsuspecting intruders.
reference	vanilla	vanilla_creatures/objects/creature_next_underground.txt	1751	CREATURE	POND_GRABBER		caste+0x220	A small creature that lives in watery ditches deep underground.  It has a sharp beak and four tentacles with claws at the end.
reference	vanilla	vanilla_creatures/objects/creature_next_underground.txt	1822	CREATURE	BLIND_CAVE_BEAR		caste+0x220	A huge emaciated-looking bear with great drooping ears and many sharp teeth.  It is found deep underground.
reference	vanilla	vanilla_creatures/objects/creature_next_underground.txt	1909	CREATURE	CAVE_DRAGON		caste+0x220	A gigantic monster, once a dragon, now adapted to and polluted by the underground.  Its wings fall limp at its side.  Its face is full of incredibly long teeth.  Its eyes are large to penetrate the darkness.
reference	vanilla	vanilla_creatures/objects/creature_next_underground.txt	2018	CREATURE	REACHER		caste+0x220	A humanoid monster found lurking far underground.  It feigns death, usually near water, until a victim passes by.  It then uses its long arms to drag its prey into the water to drown or strangle them.
reference	vanilla	vanilla_creatures/objects/creature_next_underground.txt	2123	CREATURE	ELEMENTMAN_GABBRO		caste+0x220	Living gabbro in the shape of a man.  These strange creatures are found deep underground.
reference	vanilla	vanilla_creatures/objects/creature_next_underground.txt	2185	CREATURE	GORLAK		caste+0x220	A small, round humanoid found wandering the caves deep underground.  Most of its body is taken up by a huge tusked mouth.
reference	vanilla	vanilla_creatures/objects/creature_next_underground.txt	2323	CREATURE	CAVE_FLOATER		caste+0x220	A floating pod with eye-stalks.  It can spray poison and it gives off poison gas when punctured.
reference	vanilla	vanilla_creatures/objects/creature_next_underground.txt	2412	CREATURE	PLUMP_HELMET_MAN		caste+0x220	A small humanoid resembling a walking mushroom with arms and legs.  It lives far underground near water and soil.
reference	vanilla	vanilla_creatures/objects/creature_next_underground.txt	2501	CREATURE	CAVE_BLOB		caste+0x220	A strange shapeless life form with an orange leathery skin containing a liquid interior.  It can secrete its internal fluid.
reference	vanilla	vanilla_creatures/objects/creature_next_underground.txt	2575	CREATURE	ELEMENTMAN_AMETHYST		caste+0x220	A strange crystalline creature the shape of a man.  It is found deep underground.
reference	vanilla	vanilla_creatures/objects/creature_ocean_new.txt	12	CREATURE	OCTOPUS		caste+0x220	A medium-sized underwater mollusk with eight arms.  It is the most clever of its kind.
reference	vanilla	vanilla_creatures/objects/creature_ocean_new.txt	125	CREATURE	OCTOPUS_MAN	ALL	caste+0x220	A person with an octopus in place of a head.
reference	vanilla	vanilla_creatures/objects/creature_ocean_new.txt	152	CREATURE	GIANT_OCTOPUS	ALL	caste+0x220	A dangerous water monster known for attacking ships at sea.
reference	vanilla	vanilla_creatures/objects/creature_ocean_new.txt	170	CREATURE	CRAB		caste+0x220	A tiny shelled ocean creature with many long legs.  It has two large pincers on its front limbs.
reference	vanilla	vanilla_creatures/objects/creature_ocean_new.txt	244	CREATURE	CRAB_MAN	ALL	caste+0x220	A person with the head and pincers of a crab.
reference	vanilla	vanilla_creatures/objects/creature_ocean_new.txt	262	CREATURE	GIANT_CRAB	ALL	caste+0x220	A large monster in the shape of a crab.
reference	vanilla	vanilla_creatures/objects/creature_ocean_new.txt	282	CREATURE	LEOPARD_SEAL		caste+0x220	A large predatory amphibious mammal.  It is difficult to evade once in the water.
reference	vanilla	vanilla_creatures/objects/creature_ocean_new.txt	376	CREATURE	LEOPARD_SEAL_MAN	ALL	caste+0x220	A legless person with the head and back flippers of a leopard seal.
reference	vanilla	vanilla_creatures/objects/creature_ocean_new.txt	395	CREATURE	GIANT_LEOPARD_SEAL	ALL	caste+0x220	A giant monster in the form of a leopard seal.
reference	vanilla	vanilla_creatures/objects/creature_ocean_new.txt	415	CREATURE	CUTTLEFISH		caste+0x220	A tiny sea mollusk.  It can change color and skin patterns for communication.
reference	vanilla	vanilla_creatures/objects/creature_ocean_new.txt	529	CREATURE	CUTTLEFISH_MAN	ALL	caste+0x220	A person with a cuttlefish in place of a head.
reference	vanilla	vanilla_creatures/objects/creature_ocean_new.txt	556	CREATURE	GIANT_CUTTLEFISH	ALL	caste+0x220	A huge sea monster in the shape of a cuttlefish.
reference	vanilla	vanilla_creatures/objects/creature_ocean_new.txt	573	CREATURE	ORCA		caste+0x220	A huge ocean mammal.  It is a vicious predator and can hunt in groups.
reference	vanilla	vanilla_creatures/objects/creature_ocean_new.txt	671	CREATURE	ORCA_MAN	ALL	caste+0x220	An aquatic person in the shape of an orca with arms.
reference	vanilla	vanilla_creatures/objects/creature_ocean_new.txt	690	CREATURE	GIANT_ORCA	ALL	caste+0x220	A gigantic monster in the shape of an orca.
reference	vanilla	vanilla_creatures/objects/creature_ocean_new.txt	706	CREATURE	SPONGE		caste+0x220	A tiny sea creature which dwells on the ocean floor, devoid of senses or motion.
reference	vanilla	vanilla_creatures/objects/creature_ocean_new.txt	762	CREATURE	SPONGE_MAN		caste+0x220	A person in the form of a sponge with arms and legs.
reference	vanilla	vanilla_creatures/objects/creature_ocean_new.txt	780	CREATURE	GIANT_SPONGE	ALL	caste+0x220	A huge immobile sponge.
reference	vanilla	vanilla_creatures/objects/creature_ocean_new.txt	795	CREATURE	HORSESHOE_CRAB		caste+0x220	A tiny sea animal that lives in the sand just offshore.  It has a flat body with legs underneath.
reference	vanilla	vanilla_creatures/objects/creature_ocean_new.txt	861	CREATURE	HORSESHOE_CRAB_MAN	ALL	caste+0x220	A person with the head, shell, and tail of a horseshoe crab.
reference	vanilla	vanilla_creatures/objects/creature_ocean_new.txt	879	CREATURE	GIANT_HORSESHOE_CRAB	ALL	caste+0x220	A huge monster in the form of a horseshoe crab.
reference	vanilla	vanilla_creatures/objects/creature_ocean_new.txt	897	CREATURE	SPERM_WHALE		caste+0x220	A giant marine mammal with a toothy jaw.
reference	vanilla	vanilla_creatures/objects/creature_ocean_new.txt	996	CREATURE	SPERM_WHALE_MAN	ALL	caste+0x220	A huge person with the head and flippers of a sperm whale.
reference	vanilla	vanilla_creatures/objects/creature_ocean_new.txt	1015	CREATURE	GIANT_SPERM_WHALE	ALL	caste+0x220	A gigantic monster in the shape of a sperm whale.
reference	vanilla	vanilla_creatures/objects/creature_ocean_new.txt	1033	CREATURE	ELEPHANT_SEAL		caste+0x220	A large, predatory marine mammal.
reference	vanilla	vanilla_creatures/objects/creature_ocean_new.txt	1131	CREATURE	ELEPHANT_SEAL_MAN	ALL	caste+0x220	A person with the head and flippers of an elephant seal.
reference	vanilla	vanilla_creatures/objects/creature_ocean_new.txt	1150	CREATURE	GIANT_ELEPHANT_SEAL	ALL	caste+0x220	A huge monster in the shape of an elephant seal.
reference	vanilla	vanilla_creatures/objects/creature_ocean_new.txt	1168	CREATURE	HARP_SEAL		caste+0x220	A small marine mammal.  Its young are prized for their white fur.
reference	vanilla	vanilla_creatures/objects/creature_ocean_new.txt	1262	CREATURE	HARP_SEAL_MAN	ALL	caste+0x220	A person with the head and flippers of a harp seal.
reference	vanilla	vanilla_creatures/objects/creature_ocean_new.txt	1281	CREATURE	GIANT_HARP_SEAL	ALL	caste+0x220	A huge monster in the shape of a harp seal.
reference	vanilla	vanilla_creatures/objects/creature_ocean_new.txt	1300	CREATURE	NAUTILUS		caste+0x220	A tiny, mollusk with a large shell and many tentacles.
reference	vanilla	vanilla_creatures/objects/creature_ocean_new.txt	1388	CREATURE	NAUTILUS_MAN	ALL	caste+0x220	A person with the shell and tentacles of a nautilus.
reference	vanilla	vanilla_creatures/objects/creature_ocean_new.txt	1406	CREATURE	GIANT_NAUTILUS	ALL	caste+0x220	A huge monster in the shape of a nautilus.
reference	vanilla	vanilla_creatures/objects/creature_other.txt	6	CREATURE	FOXSQUIRREL		caste+0x220	A small mammal noted for its tenacity.  It has long ears and flashing eyes.
reference	vanilla	vanilla_creatures/objects/creature_other.txt	90	CREATURE	MOGHOPPER		caste+0x220	A small mud-dwelling amphibian.
reference	vanilla	vanilla_creatures/objects/creature_other.txt	164	CREATURE	RAT_DEMON		caste+0x220	An insidious form of vermin.  It lives only to steal food from others.
reference	vanilla	vanilla_creatures/objects/creature_other.txt	243	CREATURE	WAMBLER_FLUFFY		caste+0x220	A fluffy, pudge-filled being, known for its warm heart and stumble bumblings.
reference	vanilla	vanilla_creatures/objects/creature_other.txt	315	CREATURE	LIZARD_RHINO_TWO_LEGGED		caste+0x220	A tiny reptile, running on two legs.  It has a horn on the end of its nose.
reference	vanilla	vanilla_creatures/objects/creature_other.txt	396	CREATURE	WORM_KNUCKLE		caste+0x220	A tiny creature made up of a series of crackling knobs set at strange angles.
reference	vanilla	vanilla_creatures/objects/creature_other.txt	439	CREATURE	SPIDER_PHANTOM		caste+0x220	A tiny translucent creature, found in evil forests.
reference	vanilla	vanilla_creatures/objects/creature_other.txt	515	CREATURE	FLY_ACORN		caste+0x220	An insect many times the size of its peers.  It is known for its deafening buzz.
reference	vanilla	vanilla_creatures/objects/creature_other.txt	570	CREATURE	GNAT_BLOOD		caste+0x220	A tiny insect with a pulsating, lumpy body.  It is an evil bug that seeks blood.
reference	vanilla	vanilla_creatures/objects/creature_reptiles.txt	6	CREATURE	LIZARD		caste+0x220	A small reptile.
reference	vanilla	vanilla_creatures/objects/creature_reptiles.txt	101	CREATURE	LIZARD_MAN	ALL	caste+0x220	A person with the head and tail of a lizard.
reference	vanilla	vanilla_creatures/objects/creature_reptiles.txt	122	CREATURE	GIANT_LIZARD	ALL	caste+0x220	A huge monster in the shape of a lizard.
reference	vanilla	vanilla_creatures/objects/creature_reptiles.txt	138	CREATURE	SKINK		caste+0x220	A relatively large lizard.  It can be found in most climates, foraging for bugs during daylight hours.
reference	vanilla	vanilla_creatures/objects/creature_reptiles.txt	238	CREATURE	SKINK_MAN	ALL	caste+0x220	A long-bodied person with the head and tail of a skink.
reference	vanilla	vanilla_creatures/objects/creature_reptiles.txt	256	CREATURE	GIANT_SKINK	ALL	caste+0x220	A large monster in the shape of a skink.
reference	vanilla	vanilla_creatures/objects/creature_reptiles.txt	272	CREATURE	CHAMELEON		caste+0x220	A colorful lizard that spends its life hunting insects with its long tongue.  It moves slowly through the trees, spying the surroundings with its independently roving eyes.
reference	vanilla	vanilla_creatures/objects/creature_reptiles.txt	375	CREATURE	CHAMELEON_MAN	ALL	caste+0x220	A colorful person with the head and tail of a chameleon.
reference	vanilla	vanilla_creatures/objects/creature_reptiles.txt	393	CREATURE	GIANT_CHAMELEON	ALL	caste+0x220	A large monster in the shape of a chameleon.
reference	vanilla	vanilla_creatures/objects/creature_reptiles.txt	410	CREATURE	ANOLE		caste+0x220	A small lizard with adhesive feet for climbing.  It can change color from brown to green to fit its surroundings.
reference	vanilla	vanilla_creatures/objects/creature_reptiles.txt	509	CREATURE	ANOLE_MAN	ALL	caste+0x220	A person with the head and tail of an anole.
reference	vanilla	vanilla_creatures/objects/creature_reptiles.txt	527	CREATURE	GIANT_ANOLE	ALL	caste+0x220	A large monster in the shape of an anole.
reference	vanilla	vanilla_creatures/objects/creature_reptiles.txt	544	CREATURE	IGUANA		caste+0x220	A relatively large arboreal lizard found in the tropical forests.  Though it is a vegetarian, and mainly docile, it may whip with its extremely long tail when angered.
reference	vanilla	vanilla_creatures/objects/creature_reptiles.txt	653	CREATURE	IGUANA_MAN	ALL	caste+0x220	A person with the head and tail of an iguana.
reference	vanilla	vanilla_creatures/objects/creature_reptiles.txt	674	CREATURE	GIANT_IGUANA	ALL	caste+0x220	A huge monster in the shape of an iguana.
reference	vanilla	vanilla_creatures/objects/creature_riverlakepool_new.txt	11	CREATURE	RIVER OTTER		caste+0x220	A small river mammal with a long body.  They enjoy eating shellfish and other small animals.
reference	vanilla	vanilla_creatures/objects/creature_riverlakepool_new.txt	108	CREATURE	SEA OTTER		caste+0x220	A small marine mammal with a long body.  They enjoy eating shellfish and other small animals.
reference	vanilla	vanilla_creatures/objects/creature_riverlakepool_new.txt	221	CREATURE	OTTER_MAN	ALL	caste+0x220	A person with the long body and head of an otter.
reference	vanilla	vanilla_creatures/objects/creature_riverlakepool_new.txt	242	CREATURE	GIANT_OTTER	ALL	caste+0x220	A large monster in the form of an otter.
reference	vanilla	vanilla_creatures/objects/creature_riverlakepool_new.txt	263	CREATURE	SNAPPING TURTLE		caste+0x220	A medium-sized reptile with a thick shell, which it can retreat into when threatened.  This creature can administer a painful bite.
reference	vanilla	vanilla_creatures/objects/creature_riverlakepool_new.txt	354	CREATURE	ALLIGATOR SNAPPING TURTLE		caste+0x220	A large reptile with a thick ridged shell.  It has been known to consume snakes and smaller turtles, and its bite can amputate fingers.
reference	vanilla	vanilla_creatures/objects/creature_riverlakepool_new.txt	463	CREATURE	SNAPPING_TURTLE_MAN	ALL	caste+0x220	A person with the shell and head of a snapping turtle.
reference	vanilla	vanilla_creatures/objects/creature_riverlakepool_new.txt	481	CREATURE	GIANT_SNAPPING_TURTLE	ALL	caste+0x220	A large monster with an enormous shell and immensely powerful jaw.
reference	vanilla	vanilla_creatures/objects/creature_riverlakepool_new.txt	500	CREATURE	BEAVER		caste+0x220	A small river mammal with a flat tail, known for building wooden dams.
reference	vanilla	vanilla_creatures/objects/creature_riverlakepool_new.txt	612	CREATURE	BEAVER_MAN	ALL	caste+0x220	A person with the head and flat tail of a beaver.
reference	vanilla	vanilla_creatures/objects/creature_riverlakepool_new.txt	633	CREATURE	GIANT_BEAVER	ALL	caste+0x220	A large river monster, known for building huge wooden fortresses.
reference	vanilla	vanilla_creatures/objects/creature_riverlakepool_new.txt	655	CREATURE	LEECH		caste+0x220	A tiny, aquatic, worm-like creature that feeds on blood.
reference	vanilla	vanilla_creatures/objects/creature_riverlakepool_new.txt	723	CREATURE	LEECH_MAN		caste+0x220	A large slug-like creature with the torso of a man.  Its face is a mockery of teeth and slime.
reference	vanilla	vanilla_creatures/objects/creature_riverlakepool_new.txt	741	CREATURE	GIANT_LEECH	ALL	caste+0x220	A large monster in the shape of a leech.
reference	vanilla	vanilla_creatures/objects/creature_riverlakepool_new.txt	761	CREATURE	AXOLOTL		caste+0x220	A small salamander found in remote lakes.  It has the mysterious ability to regrow limbs.
reference	vanilla	vanilla_creatures/objects/creature_riverlakepool_new.txt	849	CREATURE	AXOLOTL_MAN	ALL	caste+0x220	A person with the head and tail of an axolotl.
reference	vanilla	vanilla_creatures/objects/creature_riverlakepool_new.txt	867	CREATURE	GIANT_AXOLOTL	ALL	caste+0x220	A large monster in the shape of an axolotl.
reference	vanilla	vanilla_creatures/objects/creature_riverlakepool_new.txt	884	CREATURE	MINK		caste+0x220	A small, predatory, weasel-like mammal.  It is also semi-aquatic.
reference	vanilla	vanilla_creatures/objects/creature_riverlakepool_new.txt	995	CREATURE	MINK_MAN	ALL	caste+0x220	A person with the head and tail of a mink.
reference	vanilla	vanilla_creatures/objects/creature_riverlakepool_new.txt	1016	CREATURE	GIANT_MINK	ALL	caste+0x220	A huge monster in the form of a mink.
reference	vanilla	vanilla_creatures/objects/creature_riverlakepool_new.txt	1035	CREATURE	POND_TURTLE		caste+0x220	A tiny reptile with a shell on its back.  It can be found in rivers and ponds.
reference	vanilla	vanilla_creatures/objects/creature_riverlakepool_new.txt	1138	CREATURE	POND_TURTLE_MAN	ALL	caste+0x220	A person with the head and shell of a pond turtle.
reference	vanilla	vanilla_creatures/objects/creature_riverlakepool_new.txt	1156	CREATURE	GIANT_POND_TURTLE	ALL	caste+0x220	A huge monster shaped like a pond turtle.
reference	vanilla	vanilla_creatures/objects/creature_small_mammal_new.txt	10	CREATURE	HAMSTER		caste+0x220	A tiny rodent that burrows by day and scurries about at night.
reference	vanilla	vanilla_creatures/objects/creature_small_mammal_new.txt	113	CREATURE	HAMSTER_MAN	ALL	caste+0x220	A person with the head and fur of a hamster.
reference	vanilla	vanilla_creatures/objects/creature_small_mammal_new.txt	133	CREATURE	GIANT_HAMSTER	ALL	caste+0x220	A large creature the shape of a hamster.
reference	vanilla	vanilla_creatures/objects/creature_small_mammal_new.txt	152	CREATURE	HEDGEHOG		caste+0x220	A small round mammal whose back is covered in spines.  It is nocturnal and feeds on insects.  It curls into a ball when startled and is found in temperate regions.
reference	vanilla	vanilla_creatures/objects/creature_small_mammal_new.txt	263	CREATURE	HEDGEHOG_MAN	ALL	caste+0x220	A person with the head and spines of a hedgehog.
reference	vanilla	vanilla_creatures/objects/creature_small_mammal_new.txt	283	CREATURE	GIANT_HEDGEHOG	ALL	caste+0x220	A large monster with the shape of a hedgehog.
reference	vanilla	vanilla_creatures/objects/creature_small_mammal_new.txt	302	CREATURE	SQUIRREL_FLYING		caste+0x220	A tiny grey rodent that is only active at night.  It can sail between trees on wings stretching between its front and hind legs.
reference	vanilla	vanilla_creatures/objects/creature_small_mammal_new.txt	407	CREATURE	FLYING_SQUIRREL_MAN	ALL	caste+0x220	A person with the head and wings of a flying squirrel.
reference	vanilla	vanilla_creatures/objects/creature_small_mammal_new.txt	427	CREATURE	GIANT_FLYING_SQUIRREL	ALL	caste+0x220	A large monster taking the shape of a flying squirrel.
reference	vanilla	vanilla_creatures/objects/creature_small_mammals.txt	6	CREATURE	RAT		caste+0x220	A small, intelligent vermin with a long naked tail.
reference	vanilla	vanilla_creatures/objects/creature_small_mammals.txt	115	CREATURE	RAT_MAN	ALL	caste+0x220	A person with the head and tail of a rat.
reference	vanilla	vanilla_creatures/objects/creature_small_mammals.txt	125	CREATURE	SQUIRREL_GRAY		caste+0x220	A small grey rodent found chirping in the trees of temperate woodlands.
reference	vanilla	vanilla_creatures/objects/creature_small_mammals.txt	229	CREATURE	SQUIRREL_GRAY_MAN	ALL	caste+0x220	A person with the head and tail of a gray squirrel.
reference	vanilla	vanilla_creatures/objects/creature_small_mammals.txt	250	CREATURE	GIANT_SQUIRREL_GRAY	ALL	caste+0x220	A large creature the shape of a gray squirrel.
reference	vanilla	vanilla_creatures/objects/creature_small_mammals.txt	266	CREATURE	SQUIRREL_RED		caste+0x220	A small red rodent found in the trees of temperate woodlands.
reference	vanilla	vanilla_creatures/objects/creature_small_mammals.txt	370	CREATURE	SQUIRREL_RED_MAN	ALL	caste+0x220	A person with the head and tail of a red squirrel.
reference	vanilla	vanilla_creatures/objects/creature_small_mammals.txt	391	CREATURE	GIANT_SQUIRREL_RED	ALL	caste+0x220	A large creature the shape of a red squirrel.
reference	vanilla	vanilla_creatures/objects/creature_small_mammals.txt	407	CREATURE	CHIPMUNK		caste+0x220	A tiny striped rodent found scurrying through the bushes and trees of the temperate forest.
reference	vanilla	vanilla_creatures/objects/creature_small_mammals.txt	511	CREATURE	CHIPMUNK_MAN	ALL	caste+0x220	A striped person with the head and tail of a chipmunk.
reference	vanilla	vanilla_creatures/objects/creature_small_mammals.txt	532	CREATURE	GIANT_CHIPMUNK	ALL	caste+0x220	A large creature the shape of a chipmunk.
reference	vanilla	vanilla_creatures/objects/creature_small_ocean.txt	6	CREATURE	MUSSEL		caste+0x220	A small creature found in both salt and fresh water that lives in an asymmetrical shell rooted to the bottom.
reference	vanilla	vanilla_creatures/objects/creature_small_ocean.txt	63	CREATURE	OYSTER		caste+0x220	A small marine creature that lives in a shell rooted to the sea floor.
reference	vanilla	vanilla_creatures/objects/creature_small_ocean.txt	118	CREATURE	FISH_SALMON		caste+0x220	A medium-sized red fish that lives in the ocean and swims up a river to breed.
reference	vanilla	vanilla_creatures/objects/creature_small_ocean.txt	192	CREATURE	FISH_CLOWNFISH		caste+0x220	A tiny orange marine fish that lives inside the tentacles of a poisonous invertebrate.
reference	vanilla	vanilla_creatures/objects/creature_small_ocean.txt	262	CREATURE	FISH_HAGFISH		caste+0x220	A small, spineless, eel-like fish that lives on the bottom of the ocean.  It can turn the water around its body into a cloud of slime to escape predators.
reference	vanilla	vanilla_creatures/objects/creature_small_ocean.txt	330	CREATURE	FISH_LAMPREY_BROOK		caste+0x220	A small, jawless, filter-feeding fish found in brooks and streams.
reference	vanilla	vanilla_creatures/objects/creature_small_ocean.txt	399	CREATURE	FISH_RAY_BAT		caste+0x220	A medium-sized, winged fish found in the muddy coasts of both temperate and tropical waters.
reference	vanilla	vanilla_creatures/objects/creature_small_ocean.txt	467	CREATURE	FISH_RAY_THORNBACK		caste+0x220	A small winged fish found in shallow seas.
reference	vanilla	vanilla_creatures/objects/creature_small_ocean.txt	534	CREATURE	FISH_RATFISH_SPOTTED		caste+0x220	A small, shark-like creature that lives in the ocean's muddy shallows.  Its skin sparkles and it has a venomous spine on its back.
reference	vanilla	vanilla_creatures/objects/creature_small_ocean.txt	604	CREATURE	FISH_HERRING		caste+0x220	A tiny marine fish found in vast schools.
reference	vanilla	vanilla_creatures/objects/creature_small_ocean.txt	676	CREATURE	FISH_SHAD		caste+0x220	A small marine fish that travels to rivers to breed.
reference	vanilla	vanilla_creatures/objects/creature_small_ocean.txt	751	CREATURE	FISH_ANCHOVY		caste+0x220	A tiny blue-green oceanic fish, found only in temperate waters.
reference	vanilla	vanilla_creatures/objects/creature_small_ocean.txt	822	CREATURE	FISH_TROUT_STEELHEAD		caste+0x220	A medium-sized fish found in tributaries and oceans.
reference	vanilla	vanilla_creatures/objects/creature_small_ocean.txt	896	CREATURE	FISH_HAKE		caste+0x220	An oceanic fish.
reference	vanilla	vanilla_creatures/objects/creature_small_ocean.txt	968	CREATURE	FISH_SEAHORSE		caste+0x220	A tiny, curved and colorful fish found in coral reefs.
reference	vanilla	vanilla_creatures/objects/creature_small_ocean.txt	1033	CREATURE	FISH_GLASSEYE		caste+0x220	A small, nocturnal, marine fish.  It can be found hunting in coral reefs.
reference	vanilla	vanilla_creatures/objects/creature_small_ocean.txt	1104	CREATURE	FISH_PUFFER_WHITE_SPOTTED		caste+0x220	A small, round, brightly-colored fish found in coral reefs.
reference	vanilla	vanilla_creatures/objects/creature_small_ocean.txt	1168	CREATURE	FISH_SOLE		caste+0x220	A small flat fish found on the muddy bottom of shallow seas.
reference	vanilla	vanilla_creatures/objects/creature_small_ocean.txt	1239	CREATURE	FISH_FLOUNDER		caste+0x220	A small flat fish found in the muddy bottom of coastal run-offs and ponds.
reference	vanilla	vanilla_creatures/objects/creature_small_ocean.txt	1309	CREATURE	FISH_MACKEREL		caste+0x220	A medium-sized oceanic fish prized for its meat.
reference	vanilla	vanilla_creatures/objects/creature_small_ocean.txt	1381	CREATURE	JELLYFISH_SEA_NETTLE		caste+0x220	An invertebrate found off the coast.  It has a sting which can be severe.
reference	vanilla	vanilla_creatures/objects/creature_small_ocean.txt	1428	CREATURE	SQUID		caste+0x220	A tiny sea vermin with eight arms and two tentacles.  It can spray ink to confuse predators.
reference	vanilla	vanilla_creatures/objects/creature_small_ocean.txt	1542	CREATURE	SQUID MAN	ALL	caste+0x220	A small person with a head bearing ten tentacles.
reference	vanilla	vanilla_creatures/objects/creature_small_ocean.txt	1569	CREATURE	GIGANTIC SQUID		caste+0x220	A huge sea monster the shape of a squid.
reference	vanilla	vanilla_creatures/objects/creature_small_riverlake.txt	6	CREATURE	FISH_LUNGFISH		caste+0x220	A small fish which can walk on the land and breathe air.  It burrows in the mud when things get dry.
reference	vanilla	vanilla_creatures/objects/creature_small_riverlake.txt	87	CREATURE	FISH_LOACH_CLOWN		caste+0x220	A tiny orange-striped fish.  It lives in inland waters.
reference	vanilla	vanilla_creatures/objects/creature_small_riverlake.txt	158	CREATURE	FISH_BULLHEAD_BROWN		caste+0x220	A small whiskered fish found in muddy inland waters.
reference	vanilla	vanilla_creatures/objects/creature_small_riverlake.txt	229	CREATURE	FISH_BULLHEAD_YELLOW		caste+0x220	A small whiskered fish found scavenging in inland waters.
reference	vanilla	vanilla_creatures/objects/creature_small_riverlake.txt	300	CREATURE	FISH_BULLHEAD_BLACK		caste+0x220	A small whiskered fish found in inland waters.
reference	vanilla	vanilla_creatures/objects/creature_small_riverlake.txt	371	CREATURE	FISH_KNIFEFISH_BANDED		caste+0x220	A small spotted fish found in tropical rivers and lakes.
reference	vanilla	vanilla_creatures/objects/creature_small_riverlake.txt	442	CREATURE	FISH_CHAR		caste+0x220	A medium-sized spotted fish found in temperate lakes and rivers.
reference	vanilla	vanilla_creatures/objects/creature_small_riverlake.txt	513	CREATURE	FISH_TROUT_RAINBOW		caste+0x220	A medium-sized spotted fish found in temperate rivers and lakes.
reference	vanilla	vanilla_creatures/objects/creature_small_riverlake.txt	584	CREATURE	FISH_MOLLY_SAILFIN		caste+0x220	A tiny spotted fish found in coastal rivers and temperate lakes.
reference	vanilla	vanilla_creatures/objects/creature_small_riverlake.txt	659	CREATURE	FISH_GUPPY		caste+0x220	A tiny colorful fish found in tropical lakes and rivers.
reference	vanilla	vanilla_creatures/objects/creature_small_riverlake.txt	734	CREATURE	FISH_PERCH		caste+0x220	A small striped fish found in fresh water.
reference	vanilla	vanilla_creatures/objects/creature_standard.txt	6	CREATURE	DWARF		caste+0x220	A short, sturdy creature fond of drink and industry.
reference	vanilla	vanilla_creatures/objects/creature_standard.txt	453	CREATURE	HUMAN		caste+0x220	A medium-sized creature prone to great ambition.
reference	vanilla	vanilla_creatures/objects/creature_standard.txt	735	CREATURE	ELF		caste+0x220	A medium-sized creature dedicated to the ruthless protection of nature.
reference	vanilla	vanilla_creatures/objects/creature_standard.txt	1015	CREATURE	GOBLIN		caste+0x220	A medium-sized humanoid driven to cruelty by its evil nature.
reference	vanilla	vanilla_creatures/objects/creature_standard.txt	1291	CREATURE	KOBOLD		caste+0x220	A small, squat humanoid with large pointy ears and yellow glowing eyes.
reference	vanilla	vanilla_creatures/objects/creature_standard.txt	1528	CREATURE	GREMLIN		caste+0x220	A small humanoid creature with a mischievous, toothy grin.
reference	vanilla	vanilla_creatures/objects/creature_standard.txt	1723	CREATURE	TROLL		caste+0x220	A huge humanoid monster with coarse fur, large tusks and horns.
reference	vanilla	vanilla_creatures/objects/creature_standard.txt	1925	CREATURE	OGRE		caste+0x220	A giant humanoid monster found stomping about in the evil plains.  Their low howls can be heard long before they are seen.
reference	vanilla	vanilla_creatures/objects/creature_standard.txt	2099	CREATURE	UNICORN		caste+0x220	A horse-like creature with a spiral horn growing from its forehead.
reference	vanilla	vanilla_creatures/objects/creature_standard.txt	2215	CREATURE	DRAGON		caste+0x220	A gigantic reptilian creature.  It is magical and can breathe fire.  These monsters can live for thousands of years.
reference	vanilla	vanilla_creatures/objects/creature_standard.txt	2351	CREATURE	SATYR		caste+0x220	A medium-sized humanoid with the horns and legs of a goat.
reference	vanilla	vanilla_creatures/objects/creature_standard.txt	2611	CREATURE	COLOSSUS_BRONZE		caste+0x220	A gigantic magic statue made of bronze and bent on mayhem.
reference	vanilla	vanilla_creatures/objects/creature_standard.txt	2680	CREATURE	GIANT		caste+0x220	A gigantic creature resembling a human, almost unparalleled in size.
reference	vanilla	vanilla_creatures/objects/creature_standard.txt	2934	CREATURE	CYCLOPS		caste+0x220	A giant humanoid monster with a single eye set in its forehead.
reference	vanilla	vanilla_creatures/objects/creature_standard.txt	3183	CREATURE	ETTIN		caste+0x220	A giant humanoid monster with two heads.
reference	vanilla	vanilla_creatures/objects/creature_standard.txt	3438	CREATURE	MINOTAUR		caste+0x220	A giant humanoid monster with the head of a bull.
reference	vanilla	vanilla_creatures/objects/creature_standard.txt	3625	CREATURE	YETI		caste+0x220	A large ape-like creature with white fur, found in the snowy wilds.
reference	vanilla	vanilla_creatures/objects/creature_standard.txt	3740	CREATURE	SASQUATCH		caste+0x220	A large and mysterious ape-like creature found in temperate forests.
reference	vanilla	vanilla_creatures/objects/creature_standard.txt	3854	CREATURE	BLIZZARD_MAN		caste+0x220	A large humanoid monster from the wild tundra.  It has translucent skin, icicles for teeth, red glowing eyes and pointed ears.
reference	vanilla	vanilla_creatures/objects/creature_standard.txt	3938	CREATURE	WOLF_ICE		caste+0x220	A fierce creature from the evil snowy wilds.  It has white fur and a piercing howl.
reference	vanilla	vanilla_creatures/objects/creature_standard.txt	4030	CREATURE	FAIRY		caste+0x220	A tiny, giggling humanoid with lacy wings.
reference	vanilla	vanilla_creatures/objects/creature_standard.txt	4231	CREATURE	PIXIE		caste+0x220	A tiny winged humanoid with shifting colors which performs intricate aerial dances in large groups.
reference	vanilla	vanilla_creatures/objects/creature_standard.txt	4431	CREATURE	BEAK_DOG		caste+0x220	A creature from the evil swamp.  It resembles a squat, wingless bird with powerful beak and legs.  Its blotchy skin is brightly colored.
reference	vanilla	vanilla_creatures/objects/creature_standard.txt	4534	CREATURE	GRIMELING		caste+0x220	An evil monster from the swamp.  It resembles a knot of waterlogged weeds but will strike the unaware victim.
reference	vanilla	vanilla_creatures/objects/creature_standard.txt	4601	CREATURE	BLENDEC_FOUL		caste+0x220	A man-shaped creature with the legs of a goat and the empty-eyed skull of a goat.
reference	vanilla	vanilla_creatures/objects/creature_standard.txt	4719	CREATURE	STRANGLER		caste+0x220	A large, four-armed ape creature with three eyes and razor-sharp teeth.
reference	vanilla	vanilla_creatures/objects/creature_standard.txt	4811	CREATURE	NIGHTWING		caste+0x220	A flying monster with stretched skin over its emaciated body.  It has the head of a jackal with needle-like horns protruding through its mane.
reference	vanilla	vanilla_creatures/objects/creature_standard.txt	4899	CREATURE	HARPY		caste+0x220	A monster in the shape of a woman with a bird's wings in place of arms and talons for feet.
reference	vanilla	vanilla_creatures/objects/creature_standard.txt	5080	CREATURE	HYDRA		caste+0x220	A giant dragon-like monster with seven biting heads.
reference	vanilla	vanilla_creatures/objects/creature_standard.txt	5187	CREATURE	MERPERSON		caste+0x220	A man-like creature with the tail of a fish instead of legs.
reference	vanilla	vanilla_creatures/objects/creature_standard.txt	5439	CREATURE	SEA_SERPENT		caste+0x220	A giant limbless dragon that lives in the sea.
reference	vanilla	vanilla_creatures/objects/creature_standard.txt	5532	CREATURE	SEA_MONSTER		caste+0x220	A giant creature with many eyes and arms to terrify the sea.
reference	vanilla	vanilla_creatures/objects/creature_standard.txt	5614	CREATURE	BIRD_ROC		caste+0x220	A bird of prey so large and ferocious it dwarfs many dragons.  All beneath its mighty wings should fear the sky.
reference	vanilla	vanilla_creatures/objects/creature_subterranean.txt	6	CREATURE	CROCODILE_CAVE		caste+0x220	A huge, predatory reptile with pale, colorless scales and red eyes.  It lives in caves and ambushes its prey.
reference	vanilla	vanilla_creatures/objects/creature_subterranean.txt	104	CREATURE	TOAD_GIANT_CAVE		caste+0x220	A giant amphibian predator found underground.
reference	vanilla	vanilla_creatures/objects/creature_subterranean.txt	180	CREATURE	OLM_GIANT		caste+0x220	A giant amphibian predator found underground near water.
reference	vanilla	vanilla_creatures/objects/creature_subterranean.txt	257	CREATURE	BAT_GIANT		caste+0x220	A giant flying mammal found underground.
reference	vanilla	vanilla_creatures/objects/creature_subterranean.txt	346	CREATURE	RAT_GIANT		caste+0x220	A gigantic rodent found underground.
reference	vanilla	vanilla_creatures/objects/creature_subterranean.txt	441	CREATURE	RAT_LARGE		caste+0x220	A huge rodent found underground.
reference	vanilla	vanilla_creatures/objects/creature_subterranean.txt	533	CREATURE	MOLE_DOG_NAKED		caste+0x220	A large, pale rodent with loose, hanging, hairless skin.  It has long teeth and an incredibly powerful bite.  It is found underground.
reference	vanilla	vanilla_creatures/objects/creature_subterranean.txt	621	CREATURE	TROGLODYTE		caste+0x220	A savage man-like cave creature.
reference	vanilla	vanilla_creatures/objects/creature_subterranean.txt	789	CREATURE	MOLE_GIANT		caste+0x220	A gigantic digging creature found underground.
reference	vanilla	vanilla_creatures/objects/creature_subterranean.txt	881	CREATURE	IMP_FIRE		caste+0x220	A small humanoid surrounded by fire which they can hurl at their enemies.
reference	vanilla	vanilla_creatures/objects/creature_subterranean.txt	1003	CREATURE	SPIDER_CAVE_GIANT		caste+0x220	A large underground monster with eight legs and sharp, venomous fangs.
reference	vanilla	vanilla_creatures/objects/creature_subterranean.txt	1107	CREATURE	SPIDER_CAVE		caste+0x220	A tiny underground bug, sought after for its thread.
reference	vanilla	vanilla_creatures/objects/creature_subterranean.txt	1186	CREATURE	FISH_CAVE		caste+0x220	A small pale creature found in underground streams and ponds.
reference	vanilla	vanilla_creatures/objects/creature_subterranean.txt	1275	CREATURE	CAVE_FISH_MAN	ALL	caste+0x220	A humanoid creature with the head of a blind cave fish.  They live in colonies in watery regions far underground.
reference	vanilla	vanilla_creatures/objects/creature_subterranean.txt	1284	CREATURE	LOBSTER_CAVE		caste+0x220	A small, pale arthropod found in underground streams and ponds.
reference	vanilla	vanilla_creatures/objects/creature_subterranean.txt	1340	CREATURE	SNAKE_FIRE		caste+0x220	A serpent made of pure fire which can inject liquid fire as venom.
reference	vanilla	vanilla_creatures/objects/creature_subterranean.txt	1386	CREATURE	OLM		caste+0x220	A tiny amphibian, found in underground streams.
reference	vanilla	vanilla_creatures/objects/creature_subterranean.txt	1473	CREATURE	OLM_MAN	ALL	caste+0x220	An animal person with the head of the amphibious olm.  It lives underground near water.
reference	vanilla	vanilla_creatures/objects/creature_subterranean.txt	1482	CREATURE	BAT		caste+0x220	A tiny winged creature that hunts at night and rests in caves during the day.
reference	vanilla	vanilla_creatures/objects/creature_subterranean.txt	1599	CREATURE	BAT_MAN	ALL	caste+0x220	A humanoid with the head of a bat and wings stretching from wrist to ankle.
reference	vanilla	vanilla_creatures/objects/creature_subterranean.txt	1607	CREATURE	MAGGOT_PURRING		caste+0x220	A tiny larva which is prized for its milk.
reference	vanilla	vanilla_creatures/objects/creature_subterranean.txt	1666	CREATURE	ELEMENTMAN_FIRE		caste+0x220	Fire in the shape of a human that can hurl fireballs.
reference	vanilla	vanilla_creatures/objects/creature_subterranean.txt	1744	CREATURE	ELEMENTMAN_MAGMA		caste+0x220	Magma moving in the shape of a man.  It has a cracked black crust.
reference	vanilla	vanilla_creatures/objects/creature_subterranean.txt	1821	CREATURE	ELEMENTMAN_IRON		caste+0x220	A man-shaped creature made of iron.
reference	vanilla	vanilla_creatures/objects/creature_subterranean.txt	1909	CREATURE	ELEMENTMAN_MUD		caste+0x220	A humanoid made of mud which lives near water underground.
reference	vanilla	vanilla_creatures/objects/creature_subterranean.txt	1973	CREATURE	BIRD_SWALLOW_CAVE		caste+0x220	A small blue and orange bird.
reference	vanilla	vanilla_creatures/objects/creature_subterranean.txt	2092	CREATURE	CAVE_SWALLOW_MAN	ALL	caste+0x220	A feathered man with the wings and head of a bird.  It lives underground.
reference	vanilla	vanilla_creatures/objects/creature_subterranean.txt	2101	CREATURE	BIRD_SWALLOW_CAVE_GIANT		caste+0x220	A gigantic blue and orange bird.
reference	vanilla	vanilla_creatures/objects/creature_subterranean.txt	2204	CREATURE	AMPHIBIAN_MAN		caste+0x220	These evil creatures resemble walking frogs with arms and the intelligence to use them.  They live in the waters far under the earth.
reference	vanilla	vanilla_creatures/objects/creature_subterranean.txt	2299	CREATURE	REPTILE_MAN		caste+0x220	These creatures are shaped like men covered with rough scales.  They have the head and tail of a lizard and possess a dark and evil intelligence.  They are found deep under the earth.
reference	vanilla	vanilla_creatures/objects/creature_subterranean.txt	2420	CREATURE	SERPENT_MAN		caste+0x220	A large white snake with the arms and torso of a man.  These creatures are evil and live far underground.
reference	vanilla	vanilla_creatures/objects/creature_subterranean.txt	2560	CREATURE	ANT_MAN		caste+0x220	A humanoid with the head and body of an ant.
reference	vanilla	vanilla_creatures/objects/creature_subterranean.txt	2678	CREATURE	RODENT MAN		caste+0x220	An evil humanoid with a long tail, black spiky fur and a twitching nose.  It lives far underground.
reference	vanilla	vanilla_creatures/objects/creature_temperate_new.txt	12	CREATURE	WILD_BOAR		caste+0x220	A medium-sized beast, known for its tusks and powerful build.
reference	vanilla	vanilla_creatures/objects/creature_temperate_new.txt	139	CREATURE	WILD_BOAR_MAN	ALL	caste+0x220	A person with the head of a wild boar.
reference	vanilla	vanilla_creatures/objects/creature_temperate_new.txt	162	CREATURE	GIANT_WILD_BOAR	ALL	caste+0x220	A huge monster boar with jagged tusks.
reference	vanilla	vanilla_creatures/objects/creature_temperate_new.txt	183	CREATURE	COYOTE		caste+0x220	A medium-sized dog-like creature.  It is sly, and groups can be heard howling in the night.
reference	vanilla	vanilla_creatures/objects/creature_temperate_new.txt	302	CREATURE	COYOTE_MAN	ALL	caste+0x220	A person with the head and tail of a coyote.
reference	vanilla	vanilla_creatures/objects/creature_temperate_new.txt	323	CREATURE	GIANT_COYOTE	ALL	caste+0x220	A large dog-like monster with a haunting howl.
reference	vanilla	vanilla_creatures/objects/creature_temperate_new.txt	343	CREATURE	KANGAROO		caste+0x220	A medium-sized creature that can be found hopping through the grassland.
reference	vanilla	vanilla_creatures/objects/creature_temperate_new.txt	489	CREATURE	KANGAROO_MAN	ALL	caste+0x220	A person with the head and powerful legs of a kangaroo.
reference	vanilla	vanilla_creatures/objects/creature_temperate_new.txt	517	CREATURE	GIANT_KANGAROO	ALL	caste+0x220	A huge monster in the shape of a kangaroo.
reference	vanilla	vanilla_creatures/objects/creature_temperate_new.txt	539	CREATURE	KOALA		caste+0x220	A small, grey, tree-dwelling creature.
reference	vanilla	vanilla_creatures/objects/creature_temperate_new.txt	650	CREATURE	KOALA_MAN	ALL	caste+0x220	A grey person with the head of a koala.
reference	vanilla	vanilla_creatures/objects/creature_temperate_new.txt	671	CREATURE	GIANT_KOALA	ALL	caste+0x220	A large koala-shaped monster.
reference	vanilla	vanilla_creatures/objects/creature_temperate_new.txt	690	CREATURE	ADDER		caste+0x220	A tiny snake with ridged scales and a powerful venomous bite.
reference	vanilla	vanilla_creatures/objects/creature_temperate_new.txt	832	CREATURE	ADDER_MAN	ALL	caste+0x220	A large adder with the torso and arms of a man.
reference	vanilla	vanilla_creatures/objects/creature_temperate_new.txt	867	CREATURE	GIANT_ADDER	ALL	caste+0x220	A large monster in the form of an adder.
reference	vanilla	vanilla_creatures/objects/creature_temperate_new.txt	887	CREATURE	ECHIDNA		caste+0x220	A small spiny mammal with a long snout.  It eats ants and termites and reproduces by laying eggs.
reference	vanilla	vanilla_creatures/objects/creature_temperate_new.txt	1005	CREATURE	ECHIDNA_MAN	ALL	caste+0x220	A spiny person with the head of an echidna.
reference	vanilla	vanilla_creatures/objects/creature_temperate_new.txt	1026	CREATURE	GIANT_ECHIDNA	ALL	caste+0x220	A large monster in the shape of an echidna.
reference	vanilla	vanilla_creatures/objects/creature_temperate_new.txt	1046	CREATURE	PORCUPINE		caste+0x220	A small rodent covered with sharp quills.  They eat grass and leaves and can even climb trees.
reference	vanilla	vanilla_creatures/objects/creature_temperate_new.txt	1168	CREATURE	PORCUPINE_MAN	ALL	caste+0x220	A person with the head and quills of a porcupine.
reference	vanilla	vanilla_creatures/objects/creature_temperate_new.txt	1189	CREATURE	GIANT_PORCUPINE	ALL	caste+0x220	A large monster in the form of a porcupine.
reference	vanilla	vanilla_creatures/objects/creature_temperate_new.txt	1209	CREATURE	KINGSNAKE		caste+0x220	A small, brightly-colored snake.  It is known for eating other snakes and being mistaken for its venomous cousins.
reference	vanilla	vanilla_creatures/objects/creature_temperate_new.txt	1312	CREATURE	KINGSNAKE_MAN	ALL	caste+0x220	A legless person with the head and tail of a kingsnake.
reference	vanilla	vanilla_creatures/objects/creature_temperate_new.txt	1330	CREATURE	GIANT_KINGSNAKE	ALL	caste+0x220	A large monster in the form of a kingsnake.
reference	vanilla	vanilla_creatures/objects/creature_temperate_new.txt	1350	CREATURE	GRAY_LANGUR		caste+0x220	A small monkey that can be found in forests and the streets of towns.
reference	vanilla	vanilla_creatures/objects/creature_temperate_new.txt	1465	CREATURE	GRAY_LANGUR_MAN	ALL	caste+0x220	A grey person with the head and tail of a gray langur.
reference	vanilla	vanilla_creatures/objects/creature_temperate_new.txt	1485	CREATURE	GIANT_GRAY_LANGUR	ALL	caste+0x220	A huge monster in the shape of a gray langur.
reference	vanilla	vanilla_creatures/objects/creature_temperate_new.txt	1506	CREATURE	BOBCAT		caste+0x220	A small feline predator with a shortened tail.
reference	vanilla	vanilla_creatures/objects/creature_temperate_new.txt	1623	CREATURE	BOBCAT_MAN	ALL	caste+0x220	A person with the head and short tail of a bobcat.
reference	vanilla	vanilla_creatures/objects/creature_temperate_new.txt	1644	CREATURE	GIANT_BOBCAT	ALL	caste+0x220	A large monster in the form of a bobcat.
reference	vanilla	vanilla_creatures/objects/creature_temperate_new.txt	1661	CREATURE	SKUNK		caste+0x220	A small black and white mammal.  It is capable of spraying a stinking fluid.
reference	vanilla	vanilla_creatures/objects/creature_temperate_new.txt	1776	CREATURE	SKUNK_MAN	ALL	caste+0x220	A striped person with the head and tail of a skunk.
reference	vanilla	vanilla_creatures/objects/creature_temperate_new.txt	1797	CREATURE	GIANT_SKUNK	ALL	caste+0x220	A large monster in the form of a skunk.
reference	vanilla	vanilla_creatures/objects/creature_temperate_new.txt	1815	CREATURE	GREEN_TREE_FROG		caste+0x220	A tiny amphibian that lives in the trees.
reference	vanilla	vanilla_creatures/objects/creature_temperate_new.txt	1902	CREATURE	GREEN_TREE_FROG_MAN	ALL	caste+0x220	A green person with the head of a green tree frog.
reference	vanilla	vanilla_creatures/objects/creature_temperate_new.txt	1920	CREATURE	GIANT_GREEN_TREE_FROG	ALL	caste+0x220	A large monster in the shape of a green tree frog.
reference	vanilla	vanilla_creatures/objects/creature_temperate_new.txt	1940	CREATURE	HARE		caste+0x220	A swift, long-eared rodent with long legs and a short fluffy tail.
reference	vanilla	vanilla_creatures/objects/creature_temperate_new.txt	2056	CREATURE	HARE_MAN	ALL	caste+0x220	A long-eared person with the head and tail of a hare.
reference	vanilla	vanilla_creatures/objects/creature_temperate_new.txt	2077	CREATURE	GIANT_HARE	ALL	caste+0x220	A large monster in the shape of a hare.
reference	vanilla	vanilla_creatures/objects/creature_temperate_new.txt	2095	CREATURE	RATTLESNAKE		caste+0x220	A small reptile with a tell-tale rattle and vicious bite that leads to a quick death.
reference	vanilla	vanilla_creatures/objects/creature_temperate_new.txt	2230	CREATURE	RATTLESNAKE_MAN	ALL	caste+0x220	A person resembling a large rattlesnake with arms.
reference	vanilla	vanilla_creatures/objects/creature_temperate_new.txt	2265	CREATURE	GIANT_RATTLESNAKE	ALL	caste+0x220	A huge monster taking the shape of a rattlesnake.
reference	vanilla	vanilla_creatures/objects/creature_temperate_new.txt	2284	CREATURE	WEASEL		caste+0x220	A tiny mammal with a slender body.  It hunts in mouse holes as well as barn yards.
reference	vanilla	vanilla_creatures/objects/creature_temperate_new.txt	2396	CREATURE	WEASEL_MAN	ALL	caste+0x220	A person with the head and tail of a weasel.
reference	vanilla	vanilla_creatures/objects/creature_temperate_new.txt	2417	CREATURE	GIANT_WEASEL	ALL	caste+0x220	A large monster taking the shape of a weasel.
reference	vanilla	vanilla_creatures/objects/creature_temperate_new.txt	2437	CREATURE	COPPERHEAD_SNAKE		caste+0x220	A tiny venomous snake found in the woods and swamps.
reference	vanilla	vanilla_creatures/objects/creature_temperate_new.txt	2568	CREATURE	COPPERHEAD_SNAKE_MAN	ALL	caste+0x220	A large copperhead snake with the arms of a man.
reference	vanilla	vanilla_creatures/objects/creature_temperate_new.txt	2603	CREATURE	GIANT_COPPERHEAD_SNAKE	ALL	caste+0x220	A huge monster in the form of a copperhead snake.
reference	vanilla	vanilla_creatures/objects/creature_temperate_new.txt	2622	CREATURE	IBEX		caste+0x220	A small horned mammal.  It can be found in the mountains leaping from rock to rock.
reference	vanilla	vanilla_creatures/objects/creature_temperate_new.txt	2743	CREATURE	IBEX_MAN	ALL	caste+0x220	A horned person with the head of an ibex.
reference	vanilla	vanilla_creatures/objects/creature_temperate_new.txt	2762	CREATURE	GIANT_IBEX	ALL	caste+0x220	A huge monster in the form of an ibex.
reference	vanilla	vanilla_creatures/objects/creature_temperate_new.txt	2781	CREATURE	WOMBAT		caste+0x220	A small, stocky mammal.  It is found from the mountains to the woodlands.
reference	vanilla	vanilla_creatures/objects/creature_temperate_new.txt	2895	CREATURE	WOMBAT_MAN	ALL	caste+0x220	A muscular person with the head of a wombat.
reference	vanilla	vanilla_creatures/objects/creature_temperate_new.txt	2916	CREATURE	GIANT_WOMBAT	ALL	caste+0x220	A huge monster in the shape of a wombat.
reference	vanilla	vanilla_creatures/objects/creature_temperate_new.txt	2935	CREATURE	DINGO		caste+0x220	A small dog-like creature.  They are known to attack livestock.
reference	vanilla	vanilla_creatures/objects/creature_temperate_new.txt	3047	CREATURE	DINGO_MAN	ALL	caste+0x220	A person with the head of a dingo.
reference	vanilla	vanilla_creatures/objects/creature_temperate_new.txt	3068	CREATURE	GIANT_DINGO	ALL	caste+0x220	A huge monster in the form of a dingo.
reference	vanilla	vanilla_creatures/objects/creature_temperate_new.txt	3085	CREATURE	COATI		caste+0x220	A small, long-nosed raccoon-like creature.
reference	vanilla	vanilla_creatures/objects/creature_temperate_new.txt	3198	CREATURE	COATI_MAN	ALL	caste+0x220	A person with the head and tail of a coati.
reference	vanilla	vanilla_creatures/objects/creature_temperate_new.txt	3219	CREATURE	GIANT_COATI	ALL	caste+0x220	A huge monster in the form of a coati.
reference	vanilla	vanilla_creatures/objects/creature_temperate_new.txt	3238	CREATURE	OPOSSUM		caste+0x220	A small mammal resembling a large, white rat.
reference	vanilla	vanilla_creatures/objects/creature_temperate_new.txt	3351	CREATURE	OPOSSUM_MAN	ALL	caste+0x220	A person with the head and tail of an opossum.
reference	vanilla	vanilla_creatures/objects/creature_temperate_new.txt	3372	CREATURE	GIANT_OPOSSUM	ALL	caste+0x220	A huge monster in the shape of an opossum.
reference	vanilla	vanilla_creatures/objects/creature_tropical_new.txt	12	CREATURE	MONGOOSE		caste+0x220	A very small mammal with short legs and a long tail.  It hunts small animals to eat.
reference	vanilla	vanilla_creatures/objects/creature_tropical_new.txt	124	CREATURE	MONGOOSE_MAN	ALL	caste+0x220	A small person with the head and tail of a mongoose.
reference	vanilla	vanilla_creatures/objects/creature_tropical_new.txt	145	CREATURE	GIANT_MONGOOSE	ALL	caste+0x220	A large mongoose-like monster known for hunting people amongst other things.
reference	vanilla	vanilla_creatures/objects/creature_tropical_new.txt	165	CREATURE	HYENA		caste+0x220	A medium-sized pack predator found in the savanna.
reference	vanilla	vanilla_creatures/objects/creature_tropical_new.txt	280	CREATURE	HYENA_MAN	ALL	caste+0x220	A person with the head and markings of a hyena.
reference	vanilla	vanilla_creatures/objects/creature_tropical_new.txt	301	CREATURE	GIANT_HYENA	ALL	caste+0x220	A huge monster the shape of a hyena.
reference	vanilla	vanilla_creatures/objects/creature_tropical_new.txt	321	CREATURE	ANACONDA		caste+0x220	A medium-sized snake that lives in the trees.  It eats prey much larger than itself and slays them by crushing them to death.
reference	vanilla	vanilla_creatures/objects/creature_tropical_new.txt	416	CREATURE	ANACONDA_MAN	ALL	caste+0x220	A large anaconda with the torso and arms of a man.
reference	vanilla	vanilla_creatures/objects/creature_tropical_new.txt	434	CREATURE	GIANT_ANACONDA	ALL	caste+0x220	A huge monster in the form of an anaconda.
reference	vanilla	vanilla_creatures/objects/creature_tropical_new.txt	454	CREATURE	MONITOR_LIZARD		caste+0x220	A medium-sized reptile.  They can be found foraging for food such as eggs or worms.  They are said to be the most intelligent of their kind.
reference	vanilla	vanilla_creatures/objects/creature_tropical_new.txt	566	CREATURE	MONITOR_LIZARD_MAN	ALL	caste+0x220	A person with the head and tail of a monitor lizard.
reference	vanilla	vanilla_creatures/objects/creature_tropical_new.txt	587	CREATURE	GIANT_MONITOR_LIZARD	ALL	caste+0x220	A huge monster in the shape of a monitor lizard.
reference	vanilla	vanilla_creatures/objects/creature_tropical_new.txt	606	CREATURE	KING_COBRA		caste+0x220	A small limbless reptile known for its deadly venom and the warning of its hood.
reference	vanilla	vanilla_creatures/objects/creature_tropical_new.txt	744	CREATURE	KING_COBRA_MAN	ALL	caste+0x220	A legless person with the head and tail of a king cobra.
reference	vanilla	vanilla_creatures/objects/creature_tropical_new.txt	779	CREATURE	GIANT_KING_COBRA	ALL	caste+0x220	A large monster in the shape of a king cobra.
reference	vanilla	vanilla_creatures/objects/creature_tropical_new.txt	798	CREATURE	OCELOT		caste+0x220	A small cat-like creature found in the jungle.
reference	vanilla	vanilla_creatures/objects/creature_tropical_new.txt	913	CREATURE	OCELOT_MAN	ALL	caste+0x220	A person with the head and tail of an ocelot.
reference	vanilla	vanilla_creatures/objects/creature_tropical_new.txt	934	CREATURE	GIANT_OCELOT	ALL	caste+0x220	A huge monster in the shape of an ocelot.
reference	vanilla	vanilla_creatures/objects/creature_tropical_new.txt	954	CREATURE	JACKAL		caste+0x220	A small wolf-like scavenger.  Normally found in pairs, jackals can form packs when they find a body.
reference	vanilla	vanilla_creatures/objects/creature_tropical_new.txt	1066	CREATURE	JACKAL_MAN	ALL	caste+0x220	A person with the head and tail of a jackal.
reference	vanilla	vanilla_creatures/objects/creature_tropical_new.txt	1087	CREATURE	GIANT_JACKAL	ALL	caste+0x220	A large monster in the form of a jackal.
reference	vanilla	vanilla_creatures/objects/creature_tropical_new.txt	1106	CREATURE	CAPUCHIN		caste+0x220	A tiny diurnal monkey.  It spends its time in the trees searching for food.
reference	vanilla	vanilla_creatures/objects/creature_tropical_new.txt	1218	CREATURE	CAPUCHIN_MAN	ALL	caste+0x220	A person with the head and tail of a capuchin.
reference	vanilla	vanilla_creatures/objects/creature_tropical_new.txt	1238	CREATURE	GIANT_CAPUCHIN	ALL	caste+0x220	A large monster in the form of a capuchin.
reference	vanilla	vanilla_creatures/objects/creature_tropical_new.txt	1257	CREATURE	SLOTH		caste+0x220	A small, slow-moving mammal that lives in the trees.
reference	vanilla	vanilla_creatures/objects/creature_tropical_new.txt	1366	CREATURE	SLOTH_MAN	ALL	caste+0x220	A person with the head of a sloth.
reference	vanilla	vanilla_creatures/objects/creature_tropical_new.txt	1386	CREATURE	GIANT_SLOTH	ALL	caste+0x220	A huge monster in the shape of a sloth.
reference	vanilla	vanilla_creatures/objects/creature_tropical_new.txt	1406	CREATURE	SPIDER_MONKEY		caste+0x220	A small animal found in the canopy of the jungle.  They have extremely long arms and legs.
reference	vanilla	vanilla_creatures/objects/creature_tropical_new.txt	1516	CREATURE	SPIDER_MONKEY_MAN	ALL	caste+0x220	A long-limbed person with the head and tail of a spider monkey.
reference	vanilla	vanilla_creatures/objects/creature_tropical_new.txt	1536	CREATURE	GIANT_SPIDER_MONKEY	ALL	caste+0x220	A large monster in the form of a spider monkey.
reference	vanilla	vanilla_creatures/objects/creature_tropical_new.txt	1555	CREATURE	PANGOLIN		caste+0x220	A small mammal covered in hard scales.  It has a long nose and tongue which it uses to feed.
reference	vanilla	vanilla_creatures/objects/creature_tropical_new.txt	1676	CREATURE	PANGOLIN_MAN	ALL	caste+0x220	A person with the head and scales of a pangolin.
reference	vanilla	vanilla_creatures/objects/creature_tropical_new.txt	1697	CREATURE	GIANT_PANGOLIN	ALL	caste+0x220	A huge monster in the form of a pangolin.
reference	vanilla	vanilla_creatures/objects/creature_tropical_new.txt	1714	CREATURE	BLACK_MAMBA		caste+0x220	A small aggressive snake which can move very quickly.  Its venom is deadly.
reference	vanilla	vanilla_creatures/objects/creature_tropical_new.txt	1859	CREATURE	BLACK_MAMBA_MAN	ALL	caste+0x220	A person in the form of a large black mamba with arms.
reference	vanilla	vanilla_creatures/objects/creature_tropical_new.txt	1894	CREATURE	GIANT_BLACK_MAMBA	ALL	caste+0x220	A large monster taking the shape of a black mamba.
reference	vanilla	vanilla_creatures/objects/creature_tropical_new.txt	1912	CREATURE	BEAR_SLOTH		caste+0x220	A medium-sized mammal that lives in the trees.  It is known for its easy-going nature.
reference	vanilla	vanilla_creatures/objects/creature_tropical_new.txt	2025	CREATURE	SLOTH_BEAR_MAN	ALL	caste+0x220	A person with the head and claws of a sloth bear.
reference	vanilla	vanilla_creatures/objects/creature_tropical_new.txt	2046	CREATURE	GIANT_SLOTH_BEAR	ALL	caste+0x220	A huge monster in the form of a sloth bear.
reference	vanilla	vanilla_creatures/objects/creature_tropical_new.txt	2065	CREATURE	AYE-AYE		caste+0x220	A small, nocturnal, tree-dwelling mammal.  It uses its long fingers to fish out grubs from the wood.
reference	vanilla	vanilla_creatures/objects/creature_tropical_new.txt	2174	CREATURE	AYE-AYE_MAN	ALL	caste+0x220	A person with the head and fingers of an aye-aye.
reference	vanilla	vanilla_creatures/objects/creature_tropical_new.txt	2194	CREATURE	GIANT_AYE-AYE	ALL	caste+0x220	A huge monster shaped like an aye-aye.
reference	vanilla	vanilla_creatures/objects/creature_tropical_new.txt	2217	CREATURE	BUSHMASTER		caste+0x220	A tiny venomous snake.  It is the longest of the pit vipers.
reference	vanilla	vanilla_creatures/objects/creature_tropical_new.txt	2358	CREATURE	BUSHMASTER_MAN	ALL	caste+0x220	A large bushmaster with the arms of a man.
reference	vanilla	vanilla_creatures/objects/creature_tropical_new.txt	2393	CREATURE	GIANT_BUSHMASTER	ALL	caste+0x220	A huge monster in the form of a bushmaster.
reference	vanilla	vanilla_creatures/objects/creature_tropical_new.txt	2412	CREATURE	PYTHON		caste+0x220	A small snake found in the trees.  It kills its prey by using its long body to constrict them.
reference	vanilla	vanilla_creatures/objects/creature_tropical_new.txt	2513	CREATURE	PYTHON_MAN	ALL	caste+0x220	A large python with arms of a man.
reference	vanilla	vanilla_creatures/objects/creature_tropical_new.txt	2531	CREATURE	GIANT_PYTHON	ALL	caste+0x220	A huge monster in the form of a python.
reference	vanilla	vanilla_creatures/objects/creature_tropical_new.txt	2550	CREATURE	TAPIR		caste+0x220	A medium-sized mammal with a prehensile nose.  It lives in the tropical rainforest.
reference	vanilla	vanilla_creatures/objects/creature_tropical_new.txt	2691	CREATURE	TAPIR_MAN	ALL	caste+0x220	A person with the head of a tapir.
reference	vanilla	vanilla_creatures/objects/creature_tropical_new.txt	2719	CREATURE	GIANT_TAPIR	ALL	caste+0x220	A huge monster in the form of a tapir.
reference	vanilla	vanilla_creatures/objects/creature_tropical_new.txt	2736	CREATURE	IMPALA		caste+0x220	A small, slender gazelle-like creature.
reference	vanilla	vanilla_creatures/objects/creature_tropical_new.txt	2851	CREATURE	IMPALA_MAN	ALL	caste+0x220	A slender, horned man with the head and tail of a impala.
reference	vanilla	vanilla_creatures/objects/creature_tropical_new.txt	2870	CREATURE	GIANT_IMPALA	ALL	caste+0x220	A huge monster in the form of an impala.
reference	vanilla	vanilla_creatures/objects/creature_tropical_new.txt	2889	CREATURE	AARDVARK		caste+0x220	A small, nocturnal mammal.  It has a long tongue with which to eat insects.
reference	vanilla	vanilla_creatures/objects/creature_tropical_new.txt	3002	CREATURE	AARDVARK_MAN	ALL	caste+0x220	A person with the head and tail of an aardvark.
reference	vanilla	vanilla_creatures/objects/creature_tropical_new.txt	3023	CREATURE	GIANT_AARDVARK	ALL	caste+0x220	A huge monster in the form of an aardvark.
reference	vanilla	vanilla_creatures/objects/creature_tropical_new.txt	3043	CREATURE	LION_TAMARIN		caste+0x220	A small orange monkey with a long tail.
reference	vanilla	vanilla_creatures/objects/creature_tropical_new.txt	3147	CREATURE	LION_TAMARIN_MAN	ALL	caste+0x220	An orange person with the head and tail of a lion tamarin.
reference	vanilla	vanilla_creatures/objects/creature_tropical_new.txt	3167	CREATURE	GIANT_LION_TAMARIN	ALL	caste+0x220	A huge monster in the form of a lion tamarin.
reference	vanilla	vanilla_creatures/objects/creature_tundra_taiga_new.txt	11	CREATURE	STOAT		caste+0x220	A small weasel-like creature that hunts rodents and preys on the nests of birds.
reference	vanilla	vanilla_creatures/objects/creature_tundra_taiga_new.txt	123	CREATURE	STOAT_MAN	ALL	caste+0x220	A long-bodied person with the head of a stoat.
reference	vanilla	vanilla_creatures/objects/creature_tundra_taiga_new.txt	144	CREATURE	GIANT_STOAT	ALL	caste+0x220	A large monster in the shape of a stoat.
reference	vanilla	vanilla_creatures/objects/creature_tundra_taiga_new.txt	163	CREATURE	LYNX		caste+0x220	A medium-sized mammalian predator.  It is known by the tell-tale tufts of hair on the tips of its ears.
reference	vanilla	vanilla_creatures/objects/creature_tundra_taiga_new.txt	275	CREATURE	LYNX_MAN	ALL	caste+0x220	A person with the head and tail of a lynx.
reference	vanilla	vanilla_creatures/objects/creature_tundra_taiga_new.txt	296	CREATURE	GIANT_LYNX	ALL	caste+0x220	A huge monster in the shape of a lynx.
reference	vanilla	vanilla_creatures_extinct/objects/creature_cambrian.txt	6	CREATURE	CAMBRIAN_HALLUCIGENIA		caste+0x220	A tiny aquatic worm-like creature with ten pairs slender legs and seven pairs of protruding rigid spines along its body.
reference	vanilla	vanilla_creatures_extinct/objects/creature_cambrian.txt	90	CREATURE	CAMBRIAN_HALLUCIGENIA_MAN	ALL	caste+0x220	A small person with the back spines of a hallucigenia.
reference	vanilla	vanilla_creatures_extinct/objects/creature_cambrian.txt	97	CREATURE	CAMBRIAN_HAIKOUICHTHYS		caste+0x220	A tiny four-eyed fish with a pronounced fin along its back.
reference	vanilla	vanilla_creatures_extinct/objects/creature_cambrian.txt	188	CREATURE	CAMBRIAN_HAIKOUICHTHYS_MAN	ALL	caste+0x220	A small four-eyed fish person with a pronounced back fin.
reference	vanilla	vanilla_creatures_extinct/objects/creature_cambrian.txt	195	CREATURE	CAMBRIAN_OPABINIA		caste+0x220	A tiny five-eyed aquatic arthropod with a grasping proboscis.
reference	vanilla	vanilla_creatures_extinct/objects/creature_cambrian.txt	285	CREATURE	CAMBRIAN_OPABINIA_MAN	ALL	caste+0x220	A small five-eyed arthropod person with grasping proboscis.
reference	vanilla	vanilla_creatures_extinct/objects/creature_cambrian.txt	292	CREATURE	CAMBRIAN_ANOMALOCARIS		caste+0x220	A tiny aquatic arthropod with pronounced eyes and two frontal grasping appendages.
reference	vanilla	vanilla_creatures_extinct/objects/creature_cambrian.txt	374	CREATURE	CAMBRIAN_ANOMALOCARIS_MAN	ALL	caste+0x220	A small arthropod person with pronounced eyes and two grasping appendages protruding from their face.
reference	vanilla	vanilla_creatures_extinct/objects/creature_cambrian.txt	381	CREATURE	CAMBRIAN_TRILOBITE		caste+0x220	A very small aquatic arthropod with two antennae.  It has many legs underneath its flat segmented oval body.  They can curl into a ball to protect themselves.
reference	vanilla	vanilla_creatures_extinct/objects/creature_cambrian.txt	465	CREATURE	CAMBRIAN_TRILOBITE_MAN	ALL	caste+0x220	A small person with the segmented body and antennae of a trilobite.
reference	vanilla	vanilla_creatures_extinct/objects/creature_cambrian.txt	472	CREATURE	CAMBRIAN_WIWAXIA		caste+0x220	A tiny hemispherical arthropod with protective spines.
reference	vanilla	vanilla_creatures_extinct/objects/creature_cambrian.txt	563	CREATURE	CAMBRIAN_WIWAXIA_MAN	ALL	caste+0x220	A tiny arthropod person with the protective spines of a wiwaxia.
reference	vanilla	vanilla_creatures_extinct/objects/creature_carboniferous.txt	6	CREATURE	CARBONIFEROUS_OESTOCEPHALUS		caste+0x220	A tiny amphibious limbless vertebrate that feeds on creatures as it slithers about.
reference	vanilla	vanilla_creatures_extinct/objects/creature_carboniferous.txt	97	CREATURE	CARBONIFEROUS_OESTOCEPHALUS_MAN	ALL	caste+0x220	A small slender legless amphibious person.
reference	vanilla	vanilla_creatures_extinct/objects/creature_carboniferous.txt	104	CREATURE	CARBONIFEROUS_TULLIMONSTRUM		caste+0x220	A tiny soft-bodied aquatic creature with a grasping forward appendage, two eyestalks and a finned tail.
reference	vanilla	vanilla_creatures_extinct/objects/creature_carboniferous.txt	185	CREATURE	CARBONIFEROUS_TULLIMONSTRUM_MAN	ALL	caste+0x220	A small legless person with two eyestalks and a grasping appendage attached to their face.
reference	vanilla	vanilla_creatures_extinct/objects/creature_carboniferous.txt	192	CREATURE	CARBONIFEROUS_ARTHROPLEURA		caste+0x220	A small myriapod, though very large for a myriapod.  It feeds on detritus.
reference	vanilla	vanilla_creatures_extinct/objects/creature_carboniferous.txt	270	CREATURE	CARBONIFEROUS_ARTHROPLEURA_MAN	ALL	caste+0x220	A small arthropod person reminescent of a myriapod.
reference	vanilla	vanilla_creatures_extinct/objects/creature_carboniferous.txt	277	CREATURE	CARBONIFEROUS_MEGANEURA		caste+0x220	A tiny winged insect, though exceptionally large for a dragonfly.
reference	vanilla	vanilla_creatures_extinct/objects/creature_carboniferous.txt	355	CREATURE	CARBONIFEROUS_MEGANEURA_MAN	ALL	caste+0x220	A small arthropod person with the wings of a giant dragonfly.
reference	vanilla	vanilla_creatures_extinct/objects/creature_cenozoic.txt	6	CREATURE	CENOZOIC_DEINOTHERIUM		caste+0x220	A gigantic hairless mammal with a long trunk and two backward-curving tusks.
reference	vanilla	vanilla_creatures_extinct/objects/creature_cenozoic.txt	117	CREATURE	CENOZOIC_DEINOTHERIUM_MAN	ALL	caste+0x220	A very large hairless mammal person with a trunk and two backward-curving tusks.
reference	vanilla	vanilla_creatures_extinct/objects/creature_cenozoic.txt	124	CREATURE	CENOZOIC_SMILODON		caste+0x220	A large feline with pronounced eye teeth protruding from its mouth.
reference	vanilla	vanilla_creatures_extinct/objects/creature_cenozoic.txt	249	CREATURE	CENOZOIC_SMILODON_MAN	ALL	caste+0x220	A large feline person with pronounced eye teeth protruding from their mouth.
reference	vanilla	vanilla_creatures_extinct/objects/creature_cenozoic.txt	256	CREATURE	CENOZOIC_MAMMOTH_PYGMY		caste+0x220	A huge mammal with a long trunk and two tusks.
reference	vanilla	vanilla_creatures_extinct/objects/creature_cenozoic.txt	372	CREATURE	CENOZOIC_MAMMOTH_PYGMY_MAN	ALL	caste+0x220	A large mammal person with a long trunk and two tusks.
reference	vanilla	vanilla_creatures_extinct/objects/creature_cenozoic.txt	379	CREATURE	CENOZOIC_MEGATHERIUM		caste+0x220	A huge ground sloth with a long tongue.
reference	vanilla	vanilla_creatures_extinct/objects/creature_cenozoic.txt	484	CREATURE	CENOZOIC_MEGATHERIUM_MAN	ALL	caste+0x220	A large sloth person with a long tongue.
reference	vanilla	vanilla_creatures_extinct/objects/creature_cenozoic.txt	491	CREATURE	CENOZOIC_THYLACINE		caste+0x220	A small striped mammal predator that hunts a night.  It can open its jaws unusually wide.
reference	vanilla	vanilla_creatures_extinct/objects/creature_cenozoic.txt	611	CREATURE	CENOZOIC_THYLACINE_MAN	ALL	caste+0x220	A small striped mammal person.
reference	vanilla	vanilla_creatures_extinct/objects/creature_cenozoic.txt	618	CREATURE	CENOZOIC_ANDREWSARCHUS		caste+0x220	A very large mammalian omnivore with a long head.
reference	vanilla	vanilla_creatures_extinct/objects/creature_cenozoic.txt	739	CREATURE	CENOZOIC_ANDREWSARCHUS_MAN	ALL	caste+0x220	A large mammalian person with a long head.
reference	vanilla	vanilla_creatures_extinct/objects/creature_cenozoic.txt	746	CREATURE	CENOZOIC_RHINOCEROS_WOOLLY		caste+0x220	A huge woolly mammal with two horns.
reference	vanilla	vanilla_creatures_extinct/objects/creature_cenozoic.txt	869	CREATURE	CENOZOIC_RHINOCEROS_WOOLLY_MAN	ALL	caste+0x220	A large woolly mammal person with two horns.
reference	vanilla	vanilla_creatures_extinct/objects/creature_cenozoic.txt	876	CREATURE	CENOZOIC_MIOHIPPUS		caste+0x220	A small horse with three toes on each foot.
reference	vanilla	vanilla_creatures_extinct/objects/creature_cenozoic.txt	1018	CREATURE	CENOZOIC_MIOHIPPUS_MAN	ALL	caste+0x220	A small horse person with three fingers and three toes.
reference	vanilla	vanilla_creatures_extinct/objects/creature_cenozoic.txt	1025	CREATURE	CENOZOIC_GLYPTODON		caste+0x220	A huge shelled mammal.
reference	vanilla	vanilla_creatures_extinct/objects/creature_cenozoic.txt	1134	CREATURE	CENOZOIC_GLYPTODON_MAN	ALL	caste+0x220	A large mammal person with a shell.
reference	vanilla	vanilla_creatures_extinct/objects/creature_cenozoic.txt	1141	CREATURE	CENOZOIC_MAMMOTH_WOOLLY		caste+0x220	A gigantic woolly mammal with a long trunk and two tusk.
reference	vanilla	vanilla_creatures_extinct/objects/creature_cenozoic.txt	1270	CREATURE	CENOZOIC_MAMMOTH_WOOLLY_MAN	ALL	caste+0x220	A very large woolly mammal person with two tusks.
reference	vanilla	vanilla_creatures_extinct/objects/creature_cenozoic.txt	1277	CREATURE	CENOZOIC_PARACERATHERIUM		caste+0x220	A gigantic hairless mammal with a long neck and a small trunk.
reference	vanilla	vanilla_creatures_extinct/objects/creature_cenozoic.txt	1378	CREATURE	CENOZOIC_PARACERATHERIUM_MAN	ALL	caste+0x220	A very large hairless mammal person with a long neck and a small trunk
reference	vanilla	vanilla_creatures_extinct/objects/creature_cenozoic.txt	1385	CREATURE	CENOZOIC_DODO		caste+0x220	A small flightless bird with a large beak.
reference	vanilla	vanilla_creatures_extinct/objects/creature_cenozoic.txt	1507	CREATURE	CENOZOIC_DODO_MAN	ALL	caste+0x220	A small flightless bird person with a large beak.
reference	vanilla	vanilla_creatures_extinct/objects/creature_cenozoic.txt	1514	CREATURE	CENOZOIC_KELENKEN		caste+0x220	A large predatory flightless bird with a terrifying beak.
reference	vanilla	vanilla_creatures_extinct/objects/creature_cenozoic.txt	1638	CREATURE	CENOZOIC_KELENKEN_MAN	ALL	caste+0x220	A flightless bird person with a terrifying beak.
reference	vanilla	vanilla_creatures_extinct/objects/creature_cenozoic.txt	1645	CREATURE	CENOZOIC_MOA		caste+0x220	A large flightless bird.  Females are more than twice as large as males.  They are primarily herbivorous.
reference	vanilla	vanilla_creatures_extinct/objects/creature_cenozoic.txt	1771	CREATURE	CENOZOIC_MOA_MAN	ALL	caste+0x220	A large flightless bird person.  Moa women are twice the size of moa men.
reference	vanilla	vanilla_creatures_extinct/objects/creature_cenozoic.txt	1778	CREATURE	CENOZOIC_MEGALODON		caste+0x220	A gigantic shark.
reference	vanilla	vanilla_creatures_extinct/objects/creature_cenozoic.txt	1882	CREATURE	CENOZOIC_MEGALODON_MAN	ALL	caste+0x220	A very large legless shark person.
reference	vanilla	vanilla_creatures_extinct/objects/creature_cenozoic.txt	1889	CREATURE	CENOZOIC_MEGALANIA		caste+0x220	A very large lizard.
reference	vanilla	vanilla_creatures_extinct/objects/creature_cenozoic.txt	2009	CREATURE	CENOZOIC_MEGALANIA_MAN	ALL	caste+0x220	A large lizard person.
reference	vanilla	vanilla_creatures_extinct/objects/creature_cenozoic.txt	2016	CREATURE	CENOZOIC_TITANOBOA		caste+0x220	A very large snake.  It is amphibious and constricts its prey.
reference	vanilla	vanilla_creatures_extinct/objects/creature_cenozoic.txt	2119	CREATURE	CENOZOIC_TITANOBOA_MAN	ALL	caste+0x220	A large legless snake person.
reference	vanilla	vanilla_creatures_extinct/objects/creature_cenozoic.txt	2126	CREATURE	CENOZOIC_PLATYBELODON		caste+0x220	A huge hairless mammal with a great shovel-like mouth capped with two tusks.  It has a long trunk and two small upper tusks as well.
reference	vanilla	vanilla_creatures_extinct/objects/creature_cenozoic.txt	2237	CREATURE	CENOZOIC_PLATYBELODON_MAN	ALL	caste+0x220	A large hairless mammal person with a large shovel-like mouth and a trunk.
reference	vanilla	vanilla_creatures_extinct/objects/creature_cenozoic.txt	2244	CREATURE	CENOZOIC_ENTELODON		caste+0x220	A large bulky mammal with a long snout.  It can run quickly on its thin legs.
reference	vanilla	vanilla_creatures_extinct/objects/creature_cenozoic.txt	2368	CREATURE	CENOZOIC_ENTELODON_MAN	ALL	caste+0x220	A large bulky mammal person with a long snout and skinny legs.
reference	vanilla	vanilla_creatures_extinct/objects/creature_cenozoic.txt	2375	CREATURE	CENOZOIC_MEGACEROPS		caste+0x220	A huge hairless mammal with a forked horn.
reference	vanilla	vanilla_creatures_extinct/objects/creature_cenozoic.txt	2482	CREATURE	CENOZOIC_MEGACEROPS_MAN	ALL	caste+0x220	A large hairless mammal person with a forked horn.
reference	vanilla	vanilla_creatures_extinct/objects/creature_cretaceous.txt	6	CREATURE	CRETACEOUS_AMMONITE		caste+0x220	A very large cephalopod with a coiled shell.
reference	vanilla	vanilla_creatures_extinct/objects/creature_cretaceous.txt	102	CREATURE	CRETACEOUS_AMMONITE_MAN	ALL	caste+0x220	A large cephalod person with the tentacled face and shell of an ammonite.
reference	vanilla	vanilla_creatures_extinct/objects/creature_cretaceous.txt	109	CREATURE	CRETACEOUS_ARCHELON		caste+0x220	A huge marine turtle.
reference	vanilla	vanilla_creatures_extinct/objects/creature_cretaceous.txt	220	CREATURE	CRETACEOUS_ARCHELON_MAN	ALL	caste+0x220	A large reptile person with the shell of a turtle.
reference	vanilla	vanilla_creatures_extinct/objects/creature_cretaceous.txt	227	CREATURE	CRETACEOUS_VELOCIRAPTOR		caste+0x220	A small feathered bipedal dinosaur with a sharp scything claw on its second toe.  It can run very quickly.
reference	vanilla	vanilla_creatures_extinct/objects/creature_cretaceous.txt	378	CREATURE	CRETACEOUS_VELOCIRAPTOR_MAN	ALL	caste+0x220	A small feathered dinosaur person with a sharp claw on their second toe.  They can run very quickly.
reference	vanilla	vanilla_creatures_extinct/objects/creature_cretaceous.txt	385	CREATURE	CRETACEOUS_MONONYKUS		caste+0x220	A very small feathered bipedal dinosaur with a single claw on each side of its upper body.
reference	vanilla	vanilla_creatures_extinct/objects/creature_cretaceous.txt	525	CREATURE	CRETACEOUS_MONONYKUS_MAN	ALL	caste+0x220	A small feathered dinosaur person with a single claw on each arm.
reference	vanilla	vanilla_creatures_extinct/objects/creature_cretaceous.txt	532	CREATURE	CRETACEOUS_LINHENYKUS		caste+0x220	A tiny feathered bipedal dinosaur with a single claw on each side of its upper body.
reference	vanilla	vanilla_creatures_extinct/objects/creature_cretaceous.txt	672	CREATURE	CRETACEOUS_LINHENYKUS_MAN	ALL	caste+0x220	A small feathered dinosaur person with a single claw on each arm.
reference	vanilla	vanilla_creatures_extinct/objects/creature_cretaceous.txt	679	CREATURE	CRETACEOUS_BUITRERAPTOR		caste+0x220	A very small feathered bipedal dinosaur with a sharp scything claw on its second toe.
reference	vanilla	vanilla_creatures_extinct/objects/creature_cretaceous.txt	828	CREATURE	CRETACEOUS_BUITRERAPTOR_MAN	ALL	caste+0x220	A small feathered dinosaur person with a sharp claw on their second toe.
reference	vanilla	vanilla_creatures_extinct/objects/creature_cretaceous.txt	835	CREATURE	CRETACEOUS_DEINONYCHUS		caste+0x220	A large feathered bipedal dinosaur with a sharp scything claw on its second toe.
reference	vanilla	vanilla_creatures_extinct/objects/creature_cretaceous.txt	984	CREATURE	CRETACEOUS_DEINONYCHUS_MAN	ALL	caste+0x220	A feathered dinosaur person with a sharp claw on their second toe.
reference	vanilla	vanilla_creatures_extinct/objects/creature_cretaceous.txt	991	CREATURE	CRETACEOUS_UTAHRAPTOR		caste+0x220	A very large feathered bipedal dinosaur with a sharp scything claw on its second toe.
reference	vanilla	vanilla_creatures_extinct/objects/creature_cretaceous.txt	1143	CREATURE	CRETACEOUS_UTAHRAPTOR_MAN	ALL	caste+0x220	A large feathered dinosaur person with a sharp claw on their second toe.
reference	vanilla	vanilla_creatures_extinct/objects/creature_cretaceous.txt	1150	CREATURE	CRETACEOUS_MOSASAURUS		caste+0x220	A gigantic aquatic reptile with four flippers and a huge toothy mouth.
reference	vanilla	vanilla_creatures_extinct/objects/creature_cretaceous.txt	1248	CREATURE	CRETACEOUS_MOSASAURUS_MAN	ALL	caste+0x220	A very large legless person with a giant toothy mouth.
reference	vanilla	vanilla_creatures_extinct/objects/creature_cretaceous.txt	1255	CREATURE	CRETACEOUS_PARASAUROLOPHUS		caste+0x220	A huge bipedal herbivorous dinosaur.  It has a beaked mouth and a hollow crest atop is head.
reference	vanilla	vanilla_creatures_extinct/objects/creature_cretaceous.txt	1394	CREATURE	CRETACEOUS_PARASAUROLOPHUS_MAN	ALL	caste+0x220	A large dinosaur person with a beaked mouth and a hollow crest atop their head.
reference	vanilla	vanilla_creatures_extinct/objects/creature_cretaceous.txt	1401	CREATURE	CRETACEOUS_IGUANODON		caste+0x220	A huge bipedal herbivorous dinosaur.  It has two prominent thumb spikes and a beaked mouth.
reference	vanilla	vanilla_creatures_extinct/objects/creature_cretaceous.txt	1554	CREATURE	CRETACEOUS_IGUANODON_MAN	ALL	caste+0x220	A very large dinosaur person with thumb spikes and a beaked mouth.
reference	vanilla	vanilla_creatures_extinct/objects/creature_cretaceous.txt	1561	CREATURE	CRETACEOUS_TRICERATOPS		caste+0x220	A gigantic herbivorous quadrupedal dinosaur.  It has a broad bony head frill and three horns.
reference	vanilla	vanilla_creatures_extinct/objects/creature_cretaceous.txt	1692	CREATURE	CRETACEOUS_TRICERATOPS_MAN	ALL	caste+0x220	A very large person with a bony head frill and three horns.
reference	vanilla	vanilla_creatures_extinct/objects/creature_cretaceous.txt	1699	CREATURE	CRETACEOUS_KOSMOCERATOPS		caste+0x220	A huge herbivorous quadrupedal dinosaur.  It has a broad spiky head frill and three horns.
reference	vanilla	vanilla_creatures_extinct/objects/creature_cretaceous.txt	1830	CREATURE	CRETACEOUS_KOSMOCERATOPS_MAN	ALL	caste+0x220	A very large person with a spiky head frill and three horns.
reference	vanilla	vanilla_creatures_extinct/objects/creature_cretaceous.txt	1837	CREATURE	CRETACEOUS_MICROCERATUS		caste+0x220	A very small bipedal herbivorous dinosaur with a bony head crest.
reference	vanilla	vanilla_creatures_extinct/objects/creature_cretaceous.txt	1948	CREATURE	CRETACEOUS_MICROCERATUS_MAN	ALL	caste+0x220	A small dinosaur person with a bony head crest.
reference	vanilla	vanilla_creatures_extinct/objects/creature_cretaceous.txt	1955	CREATURE	CRETACEOUS_ANKYLOSAURUS		caste+0x220	A gigantic armored quadrupedal dinosaur with a mighty tail club.  It is a herbivore and has four horns.
reference	vanilla	vanilla_creatures_extinct/objects/creature_cretaceous.txt	2093	CREATURE	CRETACEOUS_ANKYLOSAURUS_MAN	ALL	caste+0x220	A very large dinosaur person with a tail club, an armored carapace and four horns.
reference	vanilla	vanilla_creatures_extinct/objects/creature_cretaceous.txt	2100	CREATURE	CRETACEOUS_PACHYCEPHALOSAURUS		caste+0x220	A very large herbivorous bipedal dinosaur with a thick domed head.
reference	vanilla	vanilla_creatures_extinct/objects/creature_cretaceous.txt	2237	CREATURE	CRETACEOUS_PACHYCEPHALOSAURUS_MAN	ALL	caste+0x220	A large dinosaur person with a thick domed head.
reference	vanilla	vanilla_creatures_extinct/objects/creature_cretaceous.txt	2244	CREATURE	CRETACEOUS_QUETZALCOATLUS		caste+0x220	A large flying reptile with a long neck and beak.  It can soar at amazing speeds.
reference	vanilla	vanilla_creatures_extinct/objects/creature_cretaceous.txt	2370	CREATURE	CRETACEOUS_QUETZALCOATLUS_MAN	ALL	caste+0x220	A large flying reptile person with a long neck and beak.
reference	vanilla	vanilla_creatures_extinct/objects/creature_cretaceous.txt	2377	CREATURE	CRETACEOUS_COLEPIOCEPHALE		caste+0x220	A very small bipedal herbivorous dinosaur with a thick domed head.
reference	vanilla	vanilla_creatures_extinct/objects/creature_cretaceous.txt	2508	CREATURE	CRETACEOUS_COLEPIOCEPHALE_MAN	ALL	caste+0x220	A small dinosaur person with a thick domed head.
reference	vanilla	vanilla_creatures_extinct/objects/creature_cretaceous.txt	2515	CREATURE	CRETACEOUS_TSINTAOSAURUS		caste+0x220	A huge bipedal herbivorous dinosaur with a prominent head crest and a beaked mouth.
reference	vanilla	vanilla_creatures_extinct/objects/creature_cretaceous.txt	2651	CREATURE	CRETACEOUS_TSINTAOSAURUS_MAN	ALL	caste+0x220	A large dinosaur person with a beaked mouth and a prominent head crest.
reference	vanilla	vanilla_creatures_extinct/objects/creature_cretaceous.txt	2658	CREATURE	CRETACEOUS_THERIZINOSAURUS		caste+0x220	A huge feathered bipedal dinosaur with three gigantic claws on each hand.  It is a herbivore with a beaked mouth.
reference	vanilla	vanilla_creatures_extinct/objects/creature_cretaceous.txt	2811	CREATURE	CRETACEOUS_THERIZINOSAURUS_MAN	ALL	caste+0x220	A very large feathered dinosaur person with three giant claws on each hand.
reference	vanilla	vanilla_creatures_extinct/objects/creature_cretaceous.txt	2818	CREATURE	CRETACEOUS_SUZHOUSAURUS		caste+0x220	A huge feathered bipedal dinosaur with three gigantic claws on each hand.  It is a herbivore with a beaked mouth.
reference	vanilla	vanilla_creatures_extinct/objects/creature_cretaceous.txt	2971	CREATURE	CRETACEOUS_SUZHOUSAURUS_MAN	ALL	caste+0x220	A very large feathered dinosaur person with three giant claws on each hand.
reference	vanilla	vanilla_creatures_extinct/objects/creature_cretaceous.txt	2978	CREATURE	CRETACEOUS_NOTHRONYCHUS		caste+0x220	A huge feathered bipedal dinosaur with three gigantic claws on each hand.  It is a herbivore with a beaked mouth.
reference	vanilla	vanilla_creatures_extinct/objects/creature_cretaceous.txt	3131	CREATURE	CRETACEOUS_NOTHRONYCHUS_MAN	ALL	caste+0x220	A very large feathered dinosaur person with three giant claws on each hand.
reference	vanilla	vanilla_creatures_extinct/objects/creature_cretaceous.txt	3138	CREATURE	CRETACEOUS_CARNOTAURUS		caste+0x220	A huge bipedal dinosaur with a giant biting jaw and short arms.  It has two small horns over its eyes.
reference	vanilla	vanilla_creatures_extinct/objects/creature_cretaceous.txt	3286	CREATURE	CRETACEOUS_CARNOTAURUS_MAN	ALL	caste+0x220	A large dinosaur person with a fierce jaw, short arms, and small horns over their eyes.
reference	vanilla	vanilla_creatures_extinct/objects/creature_cretaceous.txt	3293	CREATURE	CRETACEOUS_SPINOSAURUS_AEGYPTIACUS		caste+0x220	A gigantic bipedal dinosaur with a ferocious biting jaw and short arms.  It is amphibious and has a sail.
reference	vanilla	vanilla_creatures_extinct/objects/creature_cretaceous.txt	3443	CREATURE	CRETACEOUS_SPINOSAURUS_AEGYPTIACUS_MAN	ALL	caste+0x220	A very large dinosaur person with a ferocious jaw, short arms, and a sail.
reference	vanilla	vanilla_creatures_extinct/objects/creature_cretaceous.txt	3450	CREATURE	CRETACEOUS_TYRANNOSAURUS		caste+0x220	A gigantic bipedal dinosaur with a mighty jaw and very short arms with two claws.
reference	vanilla	vanilla_creatures_extinct/objects/creature_cretaceous.txt	3599	CREATURE	CRETACEOUS_TYRANNOSAURUS_MAN	ALL	caste+0x220	A very large dinosaur person with a mighty jaw and very short arms with two fingers.
reference	vanilla	vanilla_creatures_extinct/objects/creature_cretaceous.txt	3606	CREATURE	CRETACEOUS_AMARGASAURUS		caste+0x220	A huge herbivorous quadrupedal dinosaur with a long neck and sail along its neck.
reference	vanilla	vanilla_creatures_extinct/objects/creature_cretaceous.txt	3732	CREATURE	CRETACEOUS_AMARGASAURUS_MAN	ALL	caste+0x220	A large dinosaur person with a long neck that has a sail.
reference	vanilla	vanilla_creatures_extinct/objects/creature_cretaceous.txt	3739	CREATURE	CRETACEOUS_OVIRAPTOR		caste+0x220	A small feathered bipedal dinosaur with a beak.
reference	vanilla	vanilla_creatures_extinct/objects/creature_cretaceous.txt	3876	CREATURE	CRETACEOUS_OVIRAPTOR_MAN	ALL	caste+0x220	A small feathered dinosaur person with a beak.
reference	vanilla	vanilla_creatures_extinct/objects/creature_cretaceous.txt	3883	CREATURE	CRETACEOUS_SINOPTERUS		caste+0x220	A very small flying reptile.
reference	vanilla	vanilla_creatures_extinct/objects/creature_cretaceous.txt	4002	CREATURE	CRETACEOUS_SINOPTERUS_MAN	ALL	caste+0x220	A small flying reptile person.
reference	vanilla	vanilla_creatures_extinct/objects/creature_cretaceous.txt	4009	CREATURE	CRETACEOUS_SPINOSAURUS_MIRABILIS		caste+0x220	A gigantic bipedal dinosaur with a ferocious biting jaw and short arms.  It is amphibious and has a sail and a horn.
reference	vanilla	vanilla_creatures_extinct/objects/creature_cretaceous.txt	4170	CREATURE	CRETACEOUS_SPINOSAURUS_MIRABILIS_MAN	ALL	caste+0x220	A very large dinosaur person with a ferocious jaw, short arms, a sail and a horn.
reference	vanilla	vanilla_creatures_extinct/objects/creature_cretaceous.txt	4177	CREATURE	CRETACEOUS_HYPSILOPHODON		caste+0x220	A very small feathered bipedal dinosaur with an opposable fifth finger.  It is a herbivore and has a beaked mouth.
reference	vanilla	vanilla_creatures_extinct/objects/creature_cretaceous.txt	4311	CREATURE	CRETACEOUS_HYPSILOPHODON_MAN	ALL	caste+0x220	A small feathered dinosaur person with a beaked mouth.
reference	vanilla	vanilla_creatures_extinct/objects/creature_cretaceous.txt	4318	CREATURE	CRETACEOUS_NODOSAURUS		caste+0x220	A huge quadrupedal dinosaur with an armored carapace.  It is a herbivore.
reference	vanilla	vanilla_creatures_extinct/objects/creature_cretaceous.txt	4438	CREATURE	CRETACEOUS_NODOSAURUS_MAN	ALL	caste+0x220	A large dinosaur person with an armored carapace.
reference	vanilla	vanilla_creatures_extinct/objects/creature_devonian.txt	6	CREATURE	DEVONIAN_DUNKLEOSTEUS		caste+0x220	A huge armored fish with powerful biting jaws.
reference	vanilla	vanilla_creatures_extinct/objects/creature_devonian.txt	114	CREATURE	DEVONIAN_DUNKLEOSTEUS_MAN	ALL	caste+0x220	A large legless armor-plated person with the powerful biting jaws of a dunkleosteus.
reference	vanilla	vanilla_creatures_extinct/objects/creature_devonian.txt	121	CREATURE	DEVONIAN_TIKTAALIK		caste+0x220	A small four-finned fish suited to short excursions ashore.
reference	vanilla	vanilla_creatures_extinct/objects/creature_devonian.txt	215	CREATURE	DEVONIAN_TIKTAALIK_MAN	ALL	caste+0x220	A small person somewhat like a fish and somewhat like an amphibian.
reference	vanilla	vanilla_creatures_extinct/objects/creature_devonian.txt	222	CREATURE	DEVONIAN_HIBBERTOPTERUS_SCOULERI		caste+0x220	An aquatic arthropod with a wide head and tapering body.
reference	vanilla	vanilla_creatures_extinct/objects/creature_devonian.txt	307	CREATURE	DEVONIAN_HIBBERTOPTERUS_SCOULERI_MAN	ALL	caste+0x220	A small arthropod person with a broad head.
reference	vanilla	vanilla_creatures_extinct/objects/creature_devonian.txt	314	CREATURE	DEVONIAN_HIBBERTOPTERUS_PEACHI		caste+0x220	An aquatic arthropod with a wide head and tapering body.
reference	vanilla	vanilla_creatures_extinct/objects/creature_devonian.txt	399	CREATURE	DEVONIAN_HIBBERTOPTERUS_PEACHI_MAN	ALL	caste+0x220	A small arthropod person with a broad head.
reference	vanilla	vanilla_creatures_extinct/objects/creature_devonian.txt	406	CREATURE	DEVONIAN_DREPANOPTERUS		caste+0x220	A tiny aquatic arthropod with a broad head and tapering body.
reference	vanilla	vanilla_creatures_extinct/objects/creature_devonian.txt	488	CREATURE	DEVONIAN_DREPANOPTERUS_MAN	ALL	caste+0x220	A small arthropod person with a broad head.
reference	vanilla	vanilla_creatures_extinct/objects/creature_devonian.txt	495	CREATURE	DEVONIAN_MIMETASTER		caste+0x220	A tiny arthropod that walks tilted upright on two large legs.  Six spined projections radiate outward from its head shield.
reference	vanilla	vanilla_creatures_extinct/objects/creature_devonian.txt	575	CREATURE	DEVONIAN_MIMETASTER_MAN	ALL	caste+0x220	A small arthropod person with six spined projections radiating out from its head shield.
reference	vanilla	vanilla_creatures_extinct/objects/creature_jurassic.txt	6	CREATURE	JURASSIC_ICHTHYOSAURUS		caste+0x220	A very large aquatic reptile with fish-like fins and an elongated snout.
reference	vanilla	vanilla_creatures_extinct/objects/creature_jurassic.txt	114	CREATURE	JURASSIC_ICHTHYOSAURUS_MAN	ALL	caste+0x220	A large legless reptile person with the elongated snouth of an ichthyosaurus.
reference	vanilla	vanilla_creatures_extinct/objects/creature_jurassic.txt	121	CREATURE	JURASSIC_TORVOSAURUS		caste+0x220	A huge bipedal dinosaur with a giant biting jaw and short arms.
reference	vanilla	vanilla_creatures_extinct/objects/creature_jurassic.txt	263	CREATURE	JURASSIC_TORVOSAURUS_MAN	ALL	caste+0x220	A large dinosaur person with a fierce jaw and short arms.
reference	vanilla	vanilla_creatures_extinct/objects/creature_jurassic.txt	270	CREATURE	JURASSIC_ARCHAEOPTERYX		caste+0x220	A tiny feathered dinosaur with wings capable of flight.
reference	vanilla	vanilla_creatures_extinct/objects/creature_jurassic.txt	396	CREATURE	JURASSIC_ARCHAEOPTERYX_MAN	ALL	caste+0x220	A small feathered dinosaur person with wings.
reference	vanilla	vanilla_creatures_extinct/objects/creature_jurassic.txt	403	CREATURE	JURASSIC_PLESIOSAURUS		caste+0x220	A very large aquatic reptile with four flippers and a long neck.
reference	vanilla	vanilla_creatures_extinct/objects/creature_jurassic.txt	503	CREATURE	JURASSIC_PLESIOSAURUS_MAN	ALL	caste+0x220	A large legless reptile person with a long neck.
reference	vanilla	vanilla_creatures_extinct/objects/creature_jurassic.txt	510	CREATURE	JURASSIC_STEGOSAURUS		caste+0x220	A huge quadrupedal dinosaur with a prominent row of plates along its back and a spiked tail.  It is a herbivore but can defend itself.
reference	vanilla	vanilla_creatures_extinct/objects/creature_jurassic.txt	652	CREATURE	JURASSIC_STEGOSAURUS_MAN	ALL	caste+0x220	A large dinosaur person with plates along its back and a spiked tail.
reference	vanilla	vanilla_creatures_extinct/objects/creature_jurassic.txt	659	CREATURE	JURASSIC_KENTROSAURUS		caste+0x220	A huge quadrupedal dinosaur with a row of spines along its back, a spiked tail, and two prominent shoulder spikes.  It is a herbivore but can defend itself.
reference	vanilla	vanilla_creatures_extinct/objects/creature_jurassic.txt	835	CREATURE	JURASSIC_KENTROSAURUS_MAN	ALL	caste+0x220	A large dinosaur person with spines along its back, a spiked tail, and two menacing shoulder spikes.
reference	vanilla	vanilla_creatures_extinct/objects/creature_jurassic.txt	842	CREATURE	JURASSIC_PTERODACTYLUS		caste+0x220	A very small flying reptile with a long narrow mouth.
reference	vanilla	vanilla_creatures_extinct/objects/creature_jurassic.txt	963	CREATURE	JURASSIC_PTERODACTYLUS_MAN	ALL	caste+0x220	A small winged reptile person with a long narrow mouth.
reference	vanilla	vanilla_creatures_extinct/objects/creature_jurassic.txt	970	CREATURE	JURASSIC_JEHOLOPTERUS		caste+0x220	A tiny flying reptile with a small round head.
reference	vanilla	vanilla_creatures_extinct/objects/creature_jurassic.txt	1090	CREATURE	JURASSIC_JEHOLOPTERUS_MAN	ALL	caste+0x220	A small winged reptile person with a round head.
reference	vanilla	vanilla_creatures_extinct/objects/creature_jurassic.txt	1097	CREATURE	JURASSIC_DILOPHOSAURUS		caste+0x220	A very large carnivorous bipedal dinosaur with two parallel head crests and short arms.
reference	vanilla	vanilla_creatures_extinct/objects/creature_jurassic.txt	1244	CREATURE	JURASSIC_DILOPHOSAURUS_MAN	ALL	caste+0x220	A large dinosaur person with two parallel head crests and short arms.
reference	vanilla	vanilla_creatures_extinct/objects/creature_jurassic.txt	1251	CREATURE	JURASSIC_CERATOSAURUS		caste+0x220	A very large carnivorous bipedal dinosaur with a horn and short arms.
reference	vanilla	vanilla_creatures_extinct/objects/creature_jurassic.txt	1403	CREATURE	JURASSIC_CERATOSAURUS_MAN	ALL	caste+0x220	A large dinosaur person with fierce jaws, a horn and short arms.
reference	vanilla	vanilla_creatures_extinct/objects/creature_jurassic.txt	1410	CREATURE	JURASSIC_EUROPASAURUS		caste+0x220	A very large herbivorous quadrupedal dinosaur with a long neck.
reference	vanilla	vanilla_creatures_extinct/objects/creature_jurassic.txt	1535	CREATURE	JURASSIC_EUROPASAURUS_MAN	ALL	caste+0x220	A large dinosaur person with a long neck.
reference	vanilla	vanilla_creatures_extinct/objects/creature_jurassic.txt	1542	CREATURE	JURASSIC_BRACHIOSAURUS		caste+0x220	A towering herbivorous quadrupedal dinosaur with a long neck.
reference	vanilla	vanilla_creatures_extinct/objects/creature_jurassic.txt	1669	CREATURE	JURASSIC_BRACHIOSAURUS_MAN	ALL	caste+0x220	A very large dinosaur person with a long neck.
reference	vanilla	vanilla_creatures_extinct/objects/creature_jurassic.txt	1676	CREATURE	JURASSIC_DIPLODOCUS		caste+0x220	A towering herbivorous quadrupedal dinosaur with a long neck.
reference	vanilla	vanilla_creatures_extinct/objects/creature_jurassic.txt	1803	CREATURE	JURASSIC_DIPLODOCUS_MAN	ALL	caste+0x220	A very large dinosaur person with a long neck.
reference	vanilla	vanilla_creatures_extinct/objects/creature_jurassic.txt	1810	CREATURE	JURASSIC_BRONTOSAURUS		caste+0x220	A towering herbivorous quadrupedal dinosaur with a long neck.
reference	vanilla	vanilla_creatures_extinct/objects/creature_jurassic.txt	1937	CREATURE	JURASSIC_BRONTOSAURUS_MAN	ALL	caste+0x220	A very large dinosaur person with a long neck.
reference	vanilla	vanilla_creatures_extinct/objects/creature_jurassic.txt	1944	CREATURE	JURASSIC_ALLOSAURUS		caste+0x220	A huge bipedal dinosaur with a giant biting jaw and short arms.  It has two small horns over its eyes.
reference	vanilla	vanilla_creatures_extinct/objects/creature_jurassic.txt	2095	CREATURE	JURASSIC_ALLOSAURUS_MAN	ALL	caste+0x220	A large dinosaur person with a fierce jaw, short arms, and small horns over their eyes.
reference	vanilla	vanilla_creatures_extinct/objects/creature_jurassic.txt	2102	CREATURE	JURASSIC_AFROVENATOR		caste+0x220	A very large bipedal dinosaur with a giant biting jaw and a strong flexible neck.
reference	vanilla	vanilla_creatures_extinct/objects/creature_jurassic.txt	2250	CREATURE	JURASSIC_AFROVENATOR_MAN	ALL	caste+0x220	A large dinosaur person with a fierce jaw and a strong flexible neck.
reference	vanilla	vanilla_creatures_extinct/objects/creature_jurassic.txt	2257	CREATURE	JURASSIC_RHAMPHORHYNCHUS		caste+0x220	A very small flying reptile with long wings and a ferocious jaw.
reference	vanilla	vanilla_creatures_extinct/objects/creature_jurassic.txt	2377	CREATURE	JURASSIC_RHAMPHORHYNCHUS_MAN	ALL	caste+0x220	A small winged reptile person with a ferocious jaw.
reference	vanilla	vanilla_creatures_extinct/objects/creature_jurassic.txt	2384	CREATURE	JURASSIC_OSTENOCARIS		caste+0x220	A tiny scuttling arthropod with large compound eyes.
reference	vanilla	vanilla_creatures_extinct/objects/creature_jurassic.txt	2465	CREATURE	JURASSIC_OSTENOCARIS_MAN	ALL	caste+0x220	A small arthropod person with large compound eyes.
reference	vanilla	vanilla_creatures_extinct/objects/creature_ordovician.txt	6	CREATURE	ORDOVICIAN_AEGIROCASSIS		caste+0x220	An aquatic arthropod with a pronounced head structure and frontal appendages for filter feeding.  It is large for an arthropod.
reference	vanilla	vanilla_creatures_extinct/objects/creature_ordovician.txt	88	CREATURE	ORDOVICIAN_AEGIROCASSIS_MAN	ALL	caste+0x220	An arthropod person with the pronounced head shape of an aegirocassis.
reference	vanilla	vanilla_creatures_extinct/objects/creature_permian.txt	6	CREATURE	PERMIAN_DIPLOCAULUS		caste+0x220	A very small amphibian with a wedge-shaped head and long tail.
reference	vanilla	vanilla_creatures_extinct/objects/creature_permian.txt	105	CREATURE	PERMIAN_DIPLOCAULUS_MAN	ALL	caste+0x220	A small amphibian person with the wedge-shaped head and tail of a diplocaulus.
reference	vanilla	vanilla_creatures_extinct/objects/creature_permian.txt	112	CREATURE	PERMIAN_ERYOPS		caste+0x220	A very small squat amphibian with a round tummy and long tail.
reference	vanilla	vanilla_creatures_extinct/objects/creature_permian.txt	225	CREATURE	PERMIAN_ERYOPS_MAN	ALL	caste+0x220	A small person with the large head, round tummy, and tail of an eryops.
reference	vanilla	vanilla_creatures_extinct/objects/creature_permian.txt	232	CREATURE	PERMIAN_HELICOPRION		caste+0x220	A large shark with a strikingly bizarre tooth whorl for biting prey.
reference	vanilla	vanilla_creatures_extinct/objects/creature_permian.txt	335	CREATURE	PERMIAN_HELICOPRION_MAN	ALL	caste+0x220	A large legless shark person with the bizarre tooth whorl of a helicoprion.
reference	vanilla	vanilla_creatures_extinct/objects/creature_permian.txt	342	CREATURE	PERMIAN_DIMETRODON		caste+0x220	A large quadruped with a prominent sail along its back.
reference	vanilla	vanilla_creatures_extinct/objects/creature_permian.txt	457	CREATURE	PERMIAN_DIMETRODON_MAN	ALL	caste+0x220	A large person with the prominent back sail and tail of a dimetrodon.
reference	vanilla	vanilla_creatures_extinct/objects/creature_permian.txt	464	CREATURE	PERMIAN_DIADECTES		caste+0x220	A large, strongly built quadruped with a tail.  It is a terrestrial herbivore.
reference	vanilla	vanilla_creatures_extinct/objects/creature_permian.txt	579	CREATURE	PERMIAN_DIADECTES_MAN	ALL	caste+0x220	A large, strongly-built person with a tail.
reference	vanilla	vanilla_creatures_extinct/objects/creature_permian.txt	586	CREATURE	PERMIAN_ANTEOSAURUS		caste+0x220	A very large quadrupedal predator, well-suited to the hunt.  It has a tail and powerful jaws, and it is terrestrial.
reference	vanilla	vanilla_creatures_extinct/objects/creature_permian.txt	699	CREATURE	PERMIAN_ANTEOSAURUS_MAN	ALL	caste+0x220	A large person with the powerful jaws and tail of an anteosaurus.
reference	vanilla	vanilla_creatures_extinct/objects/creature_permian.txt	706	CREATURE	PERMIAN_LYSTROSAURUS		caste+0x220	A large quadruped with two teeth and a beak for eating plants.
reference	vanilla	vanilla_creatures_extinct/objects/creature_permian.txt	814	CREATURE	PERMIAN_LYSTROSAURUS_MAN	ALL	caste+0x220	A heavily-built person with the two teeth and beak of a lystrosaurus.
reference	vanilla	vanilla_creatures_extinct/objects/creature_silurian.txt	6	CREATURE	SILURIAN_JAEKELOPTERUS		caste+0x220	A large aquatic arthropod with two pincers attached to its front and a sleek segmented body.
reference	vanilla	vanilla_creatures_extinct/objects/creature_silurian.txt	94	CREATURE	SILURIAN_JAEKELOPTERUS_MAN	ALL	caste+0x220	A large arthropod person with two pincers attached to their head.
reference	vanilla	vanilla_creatures_extinct/objects/creature_triassic.txt	6	CREATURE	TRIASSIC_GERROTHORAX		caste+0x220	A small amphibian with a flat body.
reference	vanilla	vanilla_creatures_extinct/objects/creature_triassic.txt	104	CREATURE	TRIASSIC_GERROTHORAX_MAN	ALL	caste+0x220	A small amphibian person with a flat body.
reference	vanilla	vanilla_creatures_extinct/objects/creature_triassic.txt	111	CREATURE	TRIASSIC_EORAPTOR		caste+0x220	A very small bipedal dinosaur with a long tail and short arms.  It is omnivorous.
reference	vanilla	vanilla_creatures_extinct/objects/creature_triassic.txt	251	CREATURE	TRIASSIC_EORAPTOR_MAN	ALL	caste+0x220	A small dinosaur person with a long tail and short arms.
reference	vanilla	vanilla_creatures_extinct/objects/creature_triassic.txt	258	CREATURE	TRIASSIC_SHAROVIPTERYX		caste+0x220	A tiny reptile with a gliding membrane between its back legs.
reference	vanilla	vanilla_creatures_extinct/objects/creature_triassic.txt	373	CREATURE	TRIASSIC_SHAROVIPTERYX_MAN	ALL	caste+0x220	A small reptile person with a gliding membrance between their legs.  They also have wings.
reference	vanilla	vanilla_creatures_extinct/objects/creature_triassic.txt	381	CREATURE	TRIASSIC_PSEPHODERMA		caste+0x220	A very small reptile with a divided carapace.
reference	vanilla	vanilla_creatures_extinct/objects/creature_triassic.txt	498	CREATURE	TRIASSIC_PSEPHODERMA_MAN	ALL	caste+0x220	A small reptile person with a wide two-part carapace.
reference	vanilla	vanilla_creatures_extinct/objects/creature_triassic.txt	505	CREATURE	TRIASSIC_PROCOMPSOGNATHUS		caste+0x220	A tiny bipedal dinosaur.  It runs along the ground and eats small prey.
reference	vanilla	vanilla_creatures_extinct/objects/creature_triassic.txt	619	CREATURE	TRIASSIC_PROCOMPSOGNATHUS_MAN	ALL	caste+0x220	A small dinosaur person with a long tail and short arms.
reference	vanilla	vanilla_creatures_extinct/objects/creature_triassic.txt	626	CREATURE	TRIASSIC_DREPANOSAURUS		caste+0x220	A very small reptile with a prehensile tail and giant claws on its second foredigits.
reference	vanilla	vanilla_creatures_extinct/objects/creature_triassic.txt	745	CREATURE	TRIASSIC_DREPANOSAURUS_MAN	ALL	caste+0x220	A small reptile person with a prehensile tail and giant claws on their second foredigits.
reference	vanilla	vanilla_entities/objects/entity_default.txt	638	CREATURE	DWARF		caste+0x220	The manager handles work orders. Once your fortress reaches a certain population, the manager must work in an office to validate work orders.
reference	vanilla	vanilla_entities/objects/entity_default.txt	652	CREATURE	DWARF		caste+0x220	The chief medical dwarf allows you to see the overall health of dwarves in your fortress.
reference	vanilla	vanilla_entities/objects/entity_default.txt	665	CREATURE	DWARF		caste+0x220	The broker uses their appraisal skill to allow you to see the value of items in the fortress. They are also the default negotiator with visiting merchants.
reference	vanilla	vanilla_entities/objects/entity_default.txt	678	CREATURE	DWARF		caste+0x220	The bookkeeper keeps an accurate count of items in the fortress. They work in their office to improve the precision of the count.
classic	vanilla	vanilla_creatures/objects/creature_amphibians.txt	6	CREATURE	TOAD		caste+0x220	A squat amphibian with leathery skin, found in relatively dry areas.
classic	vanilla	vanilla_creatures/objects/creature_amphibians.txt	88	CREATURE	TOAD_MAN	ALL	caste+0x220	A dark green man with the distinct head of a toad.
classic	vanilla	vanilla_creatures/objects/creature_amphibians.txt	106	CREATURE	GIANT_TOAD	ALL	caste+0x220	A huge monster in the shape of a toad.
classic	vanilla	vanilla_creatures/objects/creature_annelids.txt	6	CREATURE	WORM		caste+0x220	A tiny burrowing creature, found in moist soil.  It is legless, long and thin.
classic	vanilla	vanilla_creatures/objects/creature_annelids.txt	61	CREATURE	WORM_MAN		caste+0x220	A worm-like creature with the torso of a man.
classic	vanilla	vanilla_creatures/objects/creature_birds.txt	6	CREATURE	BIRD_BLUEJAY		caste+0x220	A small blue-crested bird living in temperate woodlands, known for its harsh chirps.
classic	vanilla	vanilla_creatures/objects/creature_birds.txt	130	CREATURE	BLUEJAY_MAN	ALL	caste+0x220	A person with the head and wings of a bluejay.
classic	vanilla	vanilla_creatures/objects/creature_birds.txt	149	CREATURE	GIANT_BLUEJAY	ALL	caste+0x220	A huge monster in the form of a bluejay.
classic	vanilla	vanilla_creatures/objects/creature_birds.txt	166	CREATURE	BIRD_CARDINAL		caste+0x220	A small bright red bird with a distinctive crest, found in temperate forests.
classic	vanilla	vanilla_creatures/objects/creature_birds.txt	289	CREATURE	CARDINAL_MAN	ALL	caste+0x220	A person with the head and wings of a cardinal.
classic	vanilla	vanilla_creatures/objects/creature_birds.txt	308	CREATURE	GIANT_CARDINAL	ALL	caste+0x220	A huge monster in the form of a cardinal.
classic	vanilla	vanilla_creatures/objects/creature_birds.txt	325	CREATURE	BIRD_GRACKLE		caste+0x220	A small gregarious bird, blue and black with yellow eyes, found in temperate pastures.
classic	vanilla	vanilla_creatures/objects/creature_birds.txt	445	CREATURE	GRACKLE_MAN	ALL	caste+0x220	A person with the head and wings of a grackle.
classic	vanilla	vanilla_creatures/objects/creature_birds.txt	464	CREATURE	GIANT_GRACKLE	ALL	caste+0x220	A huge monster in the form of a grackle.
classic	vanilla	vanilla_creatures/objects/creature_birds.txt	481	CREATURE	BIRD_ORIOLE		caste+0x220	A small yellow and black bird.  They feed in the canopy of the forest.
classic	vanilla	vanilla_creatures/objects/creature_birds.txt	600	CREATURE	ORIOLE_MAN	ALL	caste+0x220	A person with the head and wings of an oriole.
classic	vanilla	vanilla_creatures/objects/creature_birds.txt	619	CREATURE	GIANT_ORIOLE	ALL	caste+0x220	A huge monster in the form of an oriole.
classic	vanilla	vanilla_creatures/objects/creature_birds.txt	636	CREATURE	BIRD_RW_BLACKBIRD		caste+0x220	A small black bird with bright red markings under the wings.  They live in the marshland.
classic	vanilla	vanilla_creatures/objects/creature_birds.txt	756	CREATURE	RW_BLACKBIRD_MAN	ALL	caste+0x220	A person with the head and wings of a red-winged blackbird.
classic	vanilla	vanilla_creatures/objects/creature_birds.txt	775	CREATURE	GIANT_RW_BLACKBIRD	ALL	caste+0x220	A huge monster in the form of a red-winged blackbird.
classic	vanilla	vanilla_creatures/objects/creature_birds.txt	802	CREATURE	BIRD_PENGUIN		caste+0x220	A small flightless bird that lives on arctic shorelines.
classic	vanilla	vanilla_creatures/objects/creature_birds.txt	897	CREATURE	BIRD_PENGUIN_LITTLE		caste+0x220	A small flightless bird, blue in color, that lives on arctic shorelines.
classic	vanilla	vanilla_creatures/objects/creature_birds.txt	993	CREATURE	BIRD_PENGUIN_EMPEROR		caste+0x220	A small flightless bird, it is the largest of the natural penguins.  It is known for its treks through leagues of glacial ice.
classic	vanilla	vanilla_creatures/objects/creature_birds.txt	1111	CREATURE	PENGUIN MAN	ALL	caste+0x220	A humanoid with the head, feet, and feathers of a penguin.
classic	vanilla	vanilla_creatures/objects/creature_birds.txt	1129	CREATURE	BIRD_PENGUIN_GIANT		caste+0x220	A huge monster, shaped like a penguin.
classic	vanilla	vanilla_creatures/objects/creature_birds.txt	1153	CREATURE	BIRD_FALCON_PEREGRINE		caste+0x220	A small bird of prey that is capable of great speed.  They dive on unsuspecting vermin.
classic	vanilla	vanilla_creatures/objects/creature_birds.txt	1294	CREATURE	PEREGRINE FALCON MAN	ALL	caste+0x220	A person with the head and wings of a peregrine falcon.
classic	vanilla	vanilla_creatures/objects/creature_birds.txt	1312	CREATURE	GIANT PEREGRINE FALCON	ALL	caste+0x220	A large bird monster that is the same shape as a peregrine falcon.
classic	vanilla	vanilla_creatures/objects/creature_birds.txt	1338	CREATURE	BIRD_KIWI		caste+0x220	A small, brown, flightless bird.  It eats insects and grubs and is known for its keen sense of smell.
classic	vanilla	vanilla_creatures/objects/creature_birds.txt	1450	CREATURE	KIWI MAN	ALL	caste+0x220	A person with the head and feathers of a kiwi.
classic	vanilla	vanilla_creatures/objects/creature_birds.txt	1467	CREATURE	BIRD_KIWI_GIANT		caste+0x220	A large monster with a long nose and brown feathers.
classic	vanilla	vanilla_creatures/objects/creature_birds.txt	1496	CREATURE	BIRD_OSTRICH		caste+0x220	A large flightless bird that runs through the savanna.  It has a long neck and legs.
classic	vanilla	vanilla_creatures/objects/creature_birds.txt	1633	CREATURE	OSTRICH MAN	ALL	caste+0x220	This is a medium-sized creature with legs and arms, but the long neck and head of an ostrich.
classic	vanilla	vanilla_creatures/objects/creature_birds.txt	1650	CREATURE	BIRD_OSTRICH_GIANT		caste+0x220	A huge bird monster with extremely long legs and neck.
classic	vanilla	vanilla_creatures/objects/creature_birds_new.txt	12	CREATURE	BIRD_CROW		caste+0x220	A small black bird that feeds on carrion.  It is social, very intelligent and knows how to use tools.
classic	vanilla	vanilla_creatures/objects/creature_birds_new.txt	136	CREATURE	CROW_MAN	ALL	caste+0x220	A small person with the head and wings of a crow.
classic	vanilla	vanilla_creatures/objects/creature_birds_new.txt	155	CREATURE	GIANT_CROW	ALL	caste+0x220	A large bird-like monster, even more deadly when found in groups.
classic	vanilla	vanilla_creatures/objects/creature_birds_new.txt	178	CREATURE	BIRD_RAVEN		caste+0x220	A small, foreboding black bird that feeds on carrion.  It is social, very intelligent, and knows how to use tools.
classic	vanilla	vanilla_creatures/objects/creature_birds_new.txt	305	CREATURE	RAVEN_MAN	ALL	caste+0x220	A person with the head and wings of a raven.
classic	vanilla	vanilla_creatures/objects/creature_birds_new.txt	324	CREATURE	GIANT_RAVEN	ALL	caste+0x220	A large bird-like monster, even more deadly when found in groups.
classic	vanilla	vanilla_creatures/objects/creature_birds_new.txt	346	CREATURE	BIRD_CASSOWARY		caste+0x220	A small, flightless, brightly-colored bird.
classic	vanilla	vanilla_creatures/objects/creature_birds_new.txt	459	CREATURE	CASSOWARY_MAN	ALL	caste+0x220	A brightly-colored person with the head of a cassowary.
classic	vanilla	vanilla_creatures/objects/creature_birds_new.txt	478	CREATURE	GIANT_CASSOWARY	ALL	caste+0x220	A huge monster in the shape of a cassowary.
classic	vanilla	vanilla_creatures/objects/creature_birds_new.txt	494	CREATURE	BIRD_KEA		caste+0x220	A small, green, intelligent mountain parrot.
classic	vanilla	vanilla_creatures/objects/creature_birds_new.txt	622	CREATURE	KEA_MAN	ALL	caste+0x220	A green person with the head of a kea.
classic	vanilla	vanilla_creatures/objects/creature_birds_new.txt	641	CREATURE	GIANT_KEA	ALL	caste+0x220	A monster many times the size of an ordinary kea.
classic	vanilla	vanilla_creatures/objects/creature_birds_new.txt	664	CREATURE	BIRD_OWL_SNOWY		caste+0x220	A small white bird that hunts in the coldest reaches of the world.
classic	vanilla	vanilla_creatures/objects/creature_birds_new.txt	789	CREATURE	SNOWY_OWL_MAN	ALL	caste+0x220	A person with the wings and head of a snowy owl.
classic	vanilla	vanilla_creatures/objects/creature_birds_new.txt	808	CREATURE	GIANT_SNOWY_OWL	ALL	caste+0x220	A large bird monster in the shape of a snowy owl.
classic	vanilla	vanilla_creatures/objects/creature_birds_new.txt	830	CREATURE	SPARROW		caste+0x220	A tiny brown bird that can be found in most temperate regions.
classic	vanilla	vanilla_creatures/objects/creature_birds_new.txt	956	CREATURE	SPARROW_MAN	ALL	caste+0x220	A person with the head and wings of a sparrow.
classic	vanilla	vanilla_creatures/objects/creature_birds_new.txt	975	CREATURE	GIANT_SPARROW	ALL	caste+0x220	A large bird-like monster in the shape of a sparrow.
classic	vanilla	vanilla_creatures/objects/creature_birds_new.txt	998	CREATURE	BIRD_STORK_WHITE		caste+0x220	A small bird with long legs and bill, and a extremely long wingspan.
classic	vanilla	vanilla_creatures/objects/creature_birds_new.txt	1105	CREATURE	WHITE_STORK_MAN	ALL	caste+0x220	A person with the head and wings of a stork, also standing on long legs.
classic	vanilla	vanilla_creatures/objects/creature_birds_new.txt	1124	CREATURE	GIANT_WHITE_STORK	ALL	caste+0x220	A large monster in the form of a stork.
classic	vanilla	vanilla_creatures/objects/creature_birds_new.txt	1148	CREATURE	BIRD_LOON		caste+0x220	A small water bird found in remote lakes.  It is known for its haunting call.
classic	vanilla	vanilla_creatures/objects/creature_birds_new.txt	1255	CREATURE	LOON_MAN	ALL	caste+0x220	A person with the head and wings of a loon.
classic	vanilla	vanilla_creatures/objects/creature_birds_new.txt	1274	CREATURE	GIANT_LOON	ALL	caste+0x220	A large monster in the shape of a loon.
classic	vanilla	vanilla_creatures/objects/creature_birds_new.txt	1296	CREATURE	BIRD_OWL_BARN		caste+0x220	A small, nocturnal bird of prey found in woodland regions.  Its hunger for rodents drives it to take residence in buildings.
classic	vanilla	vanilla_creatures/objects/creature_birds_new.txt	1424	CREATURE	BARN_OWL_MAN	ALL	caste+0x220	A person with the arms and wings of a barn owl.
classic	vanilla	vanilla_creatures/objects/creature_birds_new.txt	1443	CREATURE	GIANT_BARN_OWL	ALL	caste+0x220	A large monster in the form of a barn owl.
classic	vanilla	vanilla_creatures/objects/creature_birds_new.txt	1464	CREATURE	BIRD_PARAKEET		caste+0x220	A tiny parrot found in flocks of many hundreds.  Exceptional birds can be taught to speak.
classic	vanilla	vanilla_creatures/objects/creature_birds_new.txt	1587	CREATURE	PARAKEET_MAN	ALL	caste+0x220	A person with the head and wings of a parakeet.
classic	vanilla	vanilla_creatures/objects/creature_birds_new.txt	1606	CREATURE	GIANT_PARAKEET	ALL	caste+0x220	A large monster in the shape of a parakeet.
classic	vanilla	vanilla_creatures/objects/creature_birds_new.txt	1628	CREATURE	BIRD_KAKAPO		caste+0x220	A small flightless green parrot.  It is nocturnal and counts itself among the longest-lived birds.
classic	vanilla	vanilla_creatures/objects/creature_birds_new.txt	1736	CREATURE	KAKAPO_MAN	ALL	caste+0x220	A person with the head and wings of a kakapo.
classic	vanilla	vanilla_creatures/objects/creature_birds_new.txt	1755	CREATURE	GIANT_KAKAPO	ALL	caste+0x220	A large monster the shape of a kakapo.
classic	vanilla	vanilla_creatures/objects/creature_birds_new.txt	1777	CREATURE	BIRD_PARROT_GREY		caste+0x220	The most intelligent of birds.  It can be found in the rainforest.
classic	vanilla	vanilla_creatures/objects/creature_birds_new.txt	1884	CREATURE	GREY_PARROT_MAN	ALL	caste+0x220	A person with the head and wings of a grey parrot.
classic	vanilla	vanilla_creatures/objects/creature_birds_new.txt	1903	CREATURE	GIANT_GREY_PARROT	ALL	caste+0x220	A huge monster in the shape of a grey parrot.
classic	vanilla	vanilla_creatures/objects/creature_birds_new.txt	1925	CREATURE	BIRD_PUFFIN		caste+0x220	A tiny diving bird found living on seaside cliffs in the colder climates.
classic	vanilla	vanilla_creatures/objects/creature_birds_new.txt	2029	CREATURE	PUFFIN_MAN	ALL	caste+0x220	A feathered person with the head of a puffin.
classic	vanilla	vanilla_creatures/objects/creature_birds_new.txt	2048	CREATURE	GIANT_PUFFIN	ALL	caste+0x220	A large monster in the form of a puffin.
classic	vanilla	vanilla_creatures/objects/creature_birds_new.txt	2068	CREATURE	BIRD_SWAN		caste+0x220	A small aquatic bird, prized for its beauty.
classic	vanilla	vanilla_creatures/objects/creature_birds_new.txt	2174	CREATURE	SWAN_MAN	ALL	caste+0x220	A person with the head and wings of a swan.
classic	vanilla	vanilla_creatures/objects/creature_birds_new.txt	2193	CREATURE	GIANT_SWAN	ALL	caste+0x220	A large monster in the form of a swan.
classic	vanilla	vanilla_creatures/objects/creature_birds_new.txt	2213	CREATURE	BIRD_LORIKEET		caste+0x220	A tiny, brightly-colored tree parrot.  It uses its tongue to feed on plants.
classic	vanilla	vanilla_creatures/objects/creature_birds_new.txt	2334	CREATURE	LORIKEET_MAN	ALL	caste+0x220	A colorful person with the head and wings of a lorikeet.
classic	vanilla	vanilla_creatures/objects/creature_birds_new.txt	2353	CREATURE	GIANT_LORIKEET	ALL	caste+0x220	A large monster in the shape of a lorikeet.
classic	vanilla	vanilla_creatures/objects/creature_birds_new.txt	2375	CREATURE	BIRD_WREN		caste+0x220	A tiny brown bird given to singing complex songs.
classic	vanilla	vanilla_creatures/objects/creature_birds_new.txt	2499	CREATURE	WREN_MAN	ALL	caste+0x220	A person with the head and wings of a wren.
classic	vanilla	vanilla_creatures/objects/creature_birds_new.txt	2518	CREATURE	GIANT_WREN	ALL	caste+0x220	A huge monster in the form of a wren.
classic	vanilla	vanilla_creatures/objects/creature_birds_new.txt	2539	CREATURE	BIRD_OSPREY		caste+0x220	A small bird of prey with black markings on its eyes.  It hunts near bodies of water.
classic	vanilla	vanilla_creatures/objects/creature_birds_new.txt	2666	CREATURE	OSPREY_MAN	ALL	caste+0x220	A person with the head and wings of an osprey.
classic	vanilla	vanilla_creatures/objects/creature_birds_new.txt	2685	CREATURE	GIANT_OSPREY	ALL	caste+0x220	A large monster in the form of an osprey.
classic	vanilla	vanilla_creatures/objects/creature_birds_new.txt	2705	CREATURE	BIRD_EMU		caste+0x220	A large flightless bird.  It is very curious and has been known to follow other creatures.
classic	vanilla	vanilla_creatures/objects/creature_birds_new.txt	2821	CREATURE	EMU_MAN	ALL	caste+0x220	A feathered person with the head of an emu.
classic	vanilla	vanilla_creatures/objects/creature_birds_new.txt	2840	CREATURE	GIANT_EMU	ALL	caste+0x220	A huge monster in the form of an emu.
classic	vanilla	vanilla_creatures/objects/creature_birds_new.txt	2860	CREATURE	BIRD_COCKATIEL		caste+0x220	A tiny crested parrot.  They are prized as domestic companions.
classic	vanilla	vanilla_creatures/objects/creature_birds_new.txt	2980	CREATURE	COCKATIEL_MAN	ALL	caste+0x220	A crested person with the head and wings of a cockatiel.
classic	vanilla	vanilla_creatures/objects/creature_birds_new.txt	2999	CREATURE	GIANT_COCKATIEL	ALL	caste+0x220	A large monster in the form of a cockatiel.
classic	vanilla	vanilla_creatures/objects/creature_birds_new.txt	3018	CREATURE	BIRD_LOVEBIRD_PEACH-FACED		caste+0x220	A tiny, brightly colored parrot.  They are clever and learn many tricks.
classic	vanilla	vanilla_creatures/objects/creature_birds_new.txt	3140	CREATURE	PEACH-FACED_LOVEBIRD_MAN	ALL	caste+0x220	A colorful person with the head and wings of a peach-faced lovebird.
classic	vanilla	vanilla_creatures/objects/creature_birds_new.txt	3159	CREATURE	GIANT_PEACH-FACED_LOVEBIRD	ALL	caste+0x220	A huge monster taking the shape of a peach-faced lovebird.
classic	vanilla	vanilla_creatures/objects/creature_birds_new.txt	3180	CREATURE	BIRD_MAGPIE		caste+0x220	A tiny black and white bird.  It is one of the most intelligent of the natural creatures.
classic	vanilla	vanilla_creatures/objects/creature_birds_new.txt	3302	CREATURE	MAGPIE_MAN	ALL	caste+0x220	A person with the head and wings of a magpie.
classic	vanilla	vanilla_creatures/objects/creature_birds_new.txt	3321	CREATURE	GIANT_MAGPIE	ALL	caste+0x220	A huge monster in the shape of a magpie.
classic	vanilla	vanilla_creatures/objects/creature_birds_new.txt	3341	CREATURE	BIRD_KESTREL		caste+0x220	A tiny bird of prey.  It hovers above the ground and swoops down to snatch rodents and mice.
classic	vanilla	vanilla_creatures/objects/creature_birds_new.txt	3469	CREATURE	KESTREL_MAN	ALL	caste+0x220	A person with the head and wings of a kestrel.
classic	vanilla	vanilla_creatures/objects/creature_birds_new.txt	3488	CREATURE	GIANT_KESTREL	ALL	caste+0x220	A huge monster in the shape of a kestrel.
classic	vanilla	vanilla_creatures/objects/creature_birds_new.txt	3507	CREATURE	BIRD_ALBATROSS		caste+0x220	A small sea bird with great wings.  It soars through the sky and dives for food on the surface of the water.
classic	vanilla	vanilla_creatures/objects/creature_birds_new.txt	3613	CREATURE	ALBATROSS_MAN	ALL	caste+0x220	A person with the head and wings of an albatross.
classic	vanilla	vanilla_creatures/objects/creature_birds_new.txt	3632	CREATURE	GIANT_ALBATROSS	ALL	caste+0x220	A huge monster in the shape of an albatross.
classic	vanilla	vanilla_creatures/objects/creature_birds_new.txt	3653	CREATURE	BIRD_OWL_GREAT_HORNED		caste+0x220	A small, nocturnal bird of prey with large eyes and protruding feathers.
classic	vanilla	vanilla_creatures/objects/creature_birds_new.txt	3783	CREATURE	GREAT_HORNED_OWL_MAN	ALL	caste+0x220	A feathered person with the head and wings of a great horned owl.
classic	vanilla	vanilla_creatures/objects/creature_birds_new.txt	3802	CREATURE	GIANT_GREAT_HORNED_OWL	ALL	caste+0x220	A huge monster in the shape of a great horned owl.
classic	vanilla	vanilla_creatures/objects/creature_birds_new.txt	3823	CREATURE	BIRD_EAGLE		caste+0x220	A small bird of prey.
classic	vanilla	vanilla_creatures/objects/creature_birds_new.txt	3951	CREATURE	EAGLE_MAN	ALL	caste+0x220	A feathered person with the head and wings of an eagle.
classic	vanilla	vanilla_creatures/objects/creature_birds_new.txt	3970	CREATURE	GIANT_EAGLE	ALL	caste+0x220	A huge monster in the form of an eagle.
classic	vanilla	vanilla_creatures/objects/creature_birds_new.txt	3990	CREATURE	BIRD_HORNBILL		caste+0x220	A tiny bird with a large, brightly-colored bill.
classic	vanilla	vanilla_creatures/objects/creature_birds_new.txt	4110	CREATURE	HORNBILL_MAN	ALL	caste+0x220	A feathered person with a brightly-colored bill.
classic	vanilla	vanilla_creatures/objects/creature_birds_new.txt	4129	CREATURE	GIANT_HORNBILL	ALL	caste+0x220	A huge monster in the shape of a hornbill.
classic	vanilla	vanilla_creatures/objects/creature_birds_new.txt	4149	CREATURE	BIRD_LOVEBIRD_MASKED		caste+0x220	A tiny, colorful bird.  It can be trained to be a pleasant companion.
classic	vanilla	vanilla_creatures/objects/creature_birds_new.txt	4268	CREATURE	MASKED_LOVEBIRD_MAN	ALL	caste+0x220	A colorful person with the head and wings of a masked lovebird.
classic	vanilla	vanilla_creatures/objects/creature_birds_new.txt	4287	CREATURE	GIANT_MASKED_LOVEBIRD	ALL	caste+0x220	A huge monster in the form of a masked lovebird.
classic	vanilla	vanilla_creatures/objects/creature_birds_new.txt	4306	CREATURE	BIRD_BUSHTIT		caste+0x220	A tiny brown bird found in open woodlands.
classic	vanilla	vanilla_creatures/objects/creature_birds_new.txt	4426	CREATURE	BUSHTIT_MAN	ALL	caste+0x220	A person with the head and wings of a bushtit.
classic	vanilla	vanilla_creatures/objects/creature_birds_new.txt	4445	CREATURE	GIANT_BUSHTIT	ALL	caste+0x220	A huge monster in the form of a bushtit.
classic	vanilla	vanilla_creatures/objects/creature_bug_slug_new.txt	10	CREATURE	DAMSELFLY		caste+0x220	A tiny, colorful, long-bodied insect.
classic	vanilla	vanilla_creatures/objects/creature_bug_slug_new.txt	79	CREATURE	DAMSELFLY_MAN	ALL	caste+0x220	A person with the wings and head of a damselfly.
classic	vanilla	vanilla_creatures/objects/creature_bug_slug_new.txt	97	CREATURE	GIANT_DAMSELFLY	ALL	caste+0x220	A large monster in the shape of a damselfly.
classic	vanilla	vanilla_creatures/objects/creature_bug_slug_new.txt	118	CREATURE	MOTH		caste+0x220	A tiny nocturnal insect.  It flies toward flames in the night.
classic	vanilla	vanilla_creatures/objects/creature_bug_slug_new.txt	187	CREATURE	MOTH_MAN	ALL	caste+0x220	A person with the head and wings of a moth.
classic	vanilla	vanilla_creatures/objects/creature_bug_slug_new.txt	205	CREATURE	GIANT_MOTH	ALL	caste+0x220	A large monster in the form of a moth.
classic	vanilla	vanilla_creatures/objects/creature_bug_slug_new.txt	225	CREATURE	GRASSHOPPER		caste+0x220	A tiny insect which uses its powerful legs to leap and make noise.
classic	vanilla	vanilla_creatures/objects/creature_bug_slug_new.txt	291	CREATURE	GRASSHOPPER_MAN	ALL	caste+0x220	A person with the head and legs of a grasshopper.
classic	vanilla	vanilla_creatures/objects/creature_bug_slug_new.txt	309	CREATURE	GIANT_GRASSHOPPER	ALL	caste+0x220	A huge creature in the shape of a grasshopper.
classic	vanilla	vanilla_creatures/objects/creature_bug_slug_new.txt	328	CREATURE	BARK_SCORPION		caste+0x220	A tiny yellow bug.  It has pincers and a stinging tail which can prove fatal.
classic	vanilla	vanilla_creatures/objects/creature_bug_slug_new.txt	440	CREATURE	BARK_SCORPION_MAN	ALL	caste+0x220	A person with the head, pincers and tail of a bark scorpion.
classic	vanilla	vanilla_creatures/objects/creature_bug_slug_new.txt	475	CREATURE	GIANT_BARK_SCORPION	ALL	caste+0x220	A huge monster in the form of a bark scorpion.
classic	vanilla	vanilla_creatures/objects/creature_bug_slug_new.txt	493	CREATURE	MANTIS		caste+0x220	A tiny green insect.  It has long, distinctive forelimbs that it uses to catch its prey.
classic	vanilla	vanilla_creatures/objects/creature_bug_slug_new.txt	566	CREATURE	MANTIS_MAN	ALL	caste+0x220	A green person with the head and arms of a mantis.
classic	vanilla	vanilla_creatures/objects/creature_bug_slug_new.txt	584	CREATURE	GIANT_MANTIS	ALL	caste+0x220	A large monster in the shape of a mantis.
classic	vanilla	vanilla_creatures/objects/creature_bug_slug_new.txt	605	CREATURE	TICK		caste+0x220	A tiny, blood-sucking bug found in wooded areas.
classic	vanilla	vanilla_creatures/objects/creature_bug_slug_new.txt	675	CREATURE	TICK_MAN	ALL	caste+0x220	A person with the head and legs of a tick.
classic	vanilla	vanilla_creatures/objects/creature_bug_slug_new.txt	693	CREATURE	GIANT_TICK	ALL	caste+0x220	A large monster taking the shape of a tick.
classic	vanilla	vanilla_creatures/objects/creature_bug_slug_new.txt	713	CREATURE	LOUSE		caste+0x220	A tiny parasitic insect.  It feeds on skin and blood.
classic	vanilla	vanilla_creatures/objects/creature_bug_slug_new.txt	782	CREATURE	LOUSE_MAN	ALL	caste+0x220	A person with the head and legs of a louse.
classic	vanilla	vanilla_creatures/objects/creature_bug_slug_new.txt	800	CREATURE	GIANT_LOUSE	ALL	caste+0x220	A huge monster in the shape of a louse.
classic	vanilla	vanilla_creatures/objects/creature_bug_slug_new.txt	819	CREATURE	THRIPS		caste+0x220	A tiny pest insect.  It feeds on both crops and other bugs.
classic	vanilla	vanilla_creatures/objects/creature_bug_slug_new.txt	890	CREATURE	THRIPS_MAN	ALL	caste+0x220	A person with the head and wings of a thrips.
classic	vanilla	vanilla_creatures/objects/creature_bug_slug_new.txt	908	CREATURE	GIANT_THRIPS	ALL	caste+0x220	A huge monster in the form of a thrips.
classic	vanilla	vanilla_creatures/objects/creature_bug_slug_new.txt	926	CREATURE	SLUG		caste+0x220	A tiny land mollusk.  It can be found under rotten logs and in gardens.
classic	vanilla	vanilla_creatures/objects/creature_bug_slug_new.txt	979	CREATURE	SLUG_MAN		caste+0x220	A great slug with the torso of a man.  It pulls itself across the ground with its hands for greater speed.
classic	vanilla	vanilla_creatures/objects/creature_bug_slug_new.txt	997	CREATURE	GIANT_SLUG	ALL	caste+0x220	A huge monster in the form of a slug.
classic	vanilla	vanilla_creatures/objects/creature_bug_slug_new.txt	1013	CREATURE	MOSQUITO		caste+0x220	A tiny pest insect.  It uses its long nose to suck blood from its host.
classic	vanilla	vanilla_creatures/objects/creature_bug_slug_new.txt	1088	CREATURE	MOSQUITO_MAN	ALL	caste+0x220	A person with the head and wings of a mosquito.
classic	vanilla	vanilla_creatures/objects/creature_bug_slug_new.txt	1106	CREATURE	GIANT_MOSQUITO	ALL	caste+0x220	A huge monster in the shape of a mosquito.
classic	vanilla	vanilla_creatures/objects/creature_bug_slug_new.txt	1127	CREATURE	SPIDER_JUMPING		caste+0x220	A tiny black bug that lacks a web but can leap short distances.
classic	vanilla	vanilla_creatures/objects/creature_bug_slug_new.txt	1195	CREATURE	JUMPING_SPIDER_MAN	ALL	caste+0x220	A person with the head and arms of a jumping spider.
classic	vanilla	vanilla_creatures/objects/creature_bug_slug_new.txt	1214	CREATURE	GIANT_JUMPING_SPIDER	ALL	caste+0x220	A huge monster in the form of a jumping spider.
classic	vanilla	vanilla_creatures/objects/creature_bug_slug_new.txt	1233	CREATURE	TERMITE		caste+0x220	A tiny insect capable of destroying large wooden structures when in large numbers.
classic	vanilla	vanilla_creatures/objects/creature_bug_slug_new.txt	1300	CREATURE	MOON_SNAIL		caste+0x220	A tiny predatory mollusk.  It is brightly colored.
classic	vanilla	vanilla_creatures/objects/creature_bug_slug_new.txt	1371	CREATURE	MOON_SNAIL_MAN	ALL	caste+0x220	A colorful person with the head and shell of a moon snail.
classic	vanilla	vanilla_creatures/objects/creature_bug_slug_new.txt	1389	CREATURE	GIANT_MOON_SNAIL	ALL	caste+0x220	A huge monster in the shape of a moon snail.
classic	vanilla	vanilla_creatures/objects/creature_bug_slug_new.txt	1408	CREATURE	SPIDER_BROWN_RECLUSE		caste+0x220	A tiny brown bug known for its powerful poison.
classic	vanilla	vanilla_creatures/objects/creature_bug_slug_new.txt	1515	CREATURE	BROWN_RECLUSE_SPIDER_MAN	ALL	caste+0x220	A person with the head and arms of a brown recluse spider.
classic	vanilla	vanilla_creatures/objects/creature_bug_slug_new.txt	1551	CREATURE	GIANT_BROWN_RECLUSE_SPIDER	ALL	caste+0x220	A huge monster in the shape of a brown recluse spider.
classic	vanilla	vanilla_creatures/objects/creature_bug_slug_new.txt	1569	CREATURE	SNAIL		caste+0x220	A tiny land mollusk with a large shell.
classic	vanilla	vanilla_creatures/objects/creature_bug_slug_new.txt	1629	CREATURE	SNAIL_MAN		caste+0x220	A creature with the shape of a man, but with stalks for eyes, and a great shell on its back.
classic	vanilla	vanilla_creatures/objects/creature_bug_slug_new.txt	1647	CREATURE	GIANT_SNAIL	ALL	caste+0x220	A huge monster in the form of a snail.
classic	vanilla	vanilla_creatures/objects/creature_desert_new.txt	10	CREATURE	GECKO_LEOPARD		caste+0x220	A tiny, brightly-colored lizard.
classic	vanilla	vanilla_creatures/objects/creature_desert_new.txt	101	CREATURE	LEOPARD_GECKO_MAN	ALL	caste+0x220	A person with the head and fingers of a gecko.
classic	vanilla	vanilla_creatures/objects/creature_desert_new.txt	119	CREATURE	GIANT_LEOPARD_GECKO	ALL	caste+0x220	A large monster in the shape of a gecko.
classic	vanilla	vanilla_creatures/objects/creature_desert_new.txt	139	CREATURE	DESERT TORTOISE		caste+0x220	A tiny shelled reptile that lives in the desert.
classic	vanilla	vanilla_creatures/objects/creature_desert_new.txt	243	CREATURE	DESERT_TORTOISE_MAN	ALL	caste+0x220	A reptile person with the head and tail of a desert tortoise.
classic	vanilla	vanilla_creatures/objects/creature_desert_new.txt	262	CREATURE	GIANT_DESERT_TORTOISE	ALL	caste+0x220	A large monster in the form of a desert tortoise.
classic	vanilla	vanilla_creatures/objects/creature_desert_new.txt	282	CREATURE	GILA_MONSTER		caste+0x220	A small venomous lizard.
classic	vanilla	vanilla_creatures/objects/creature_desert_new.txt	427	CREATURE	GILA_MONSTER_MAN	ALL	caste+0x220	A venomous person with the head and tail of a gila monster.
classic	vanilla	vanilla_creatures/objects/creature_desert_new.txt	463	CREATURE	GIANT_GILA_MONSTER	ALL	caste+0x220	A huge beast in the form of a gila monster.
classic	vanilla	vanilla_creatures/objects/creature_domestic.txt	6	CREATURE	DOG		caste+0x220	A medium-sized highly social mammalian carnivore.  It has a keen sense of smell.  It can be trained to obey commands.
classic	vanilla	vanilla_creatures/objects/creature_domestic.txt	126	CREATURE	CAT		caste+0x220	A small mammalian carnivore.  It is usually domestic and hunts vermin.
classic	vanilla	vanilla_creatures/objects/creature_domestic.txt	276	CREATURE	MULE		caste+0x220	A compact offspring of horse and donkey, bred to be a beast of burden.
classic	vanilla	vanilla_creatures/objects/creature_domestic.txt	366	CREATURE	DONKEY		caste+0x220	A medium-sized, hooved herbivore.  Some are domesticated as beasts of burden.
classic	vanilla	vanilla_creatures/objects/creature_domestic.txt	480	CREATURE	HORSE		caste+0x220	A large hooved, maned herbivore.  They can run swiftly and many are domesticated as steeds.
classic	vanilla	vanilla_creatures/objects/creature_domestic.txt	598	CREATURE	COW		caste+0x220	A large mammalian herbivore.  They often bear large horns and the males are ill-tempered.  They are domesticated for milk and meat.
classic	vanilla	vanilla_creatures/objects/creature_domestic.txt	727	CREATURE	SHEEP		caste+0x220	A medium-sized herding animal.  It is prized for its thick wool coat.
classic	vanilla	vanilla_creatures/objects/creature_domestic.txt	870	CREATURE	PIG		caste+0x220	A medium-sized domestic animal.  It has a distinctive snout and corkscrew tail.  It is thought by some to be intelligent.
classic	vanilla	vanilla_creatures/objects/creature_domestic.txt	985	CREATURE	GOAT		caste+0x220	A medium-sized herding animal.  It is known for its short horns and beard.
classic	vanilla	vanilla_creatures/objects/creature_domestic.txt	1115	CREATURE	BIRD_CHICKEN		caste+0x220	A small domestic bird capable of flying short distances.  It is prized for its tasty eggs.
classic	vanilla	vanilla_creatures/objects/creature_domestic.txt	1215	CREATURE	CAVY		caste+0x220	A small rodent with no tail.  It can be found roaming the grassland in herds.  It has three toes on its hind feet.
classic	vanilla	vanilla_creatures/objects/creature_domestic.txt	1311	CREATURE	BIRD_DUCK		caste+0x220	A small water bird.  It has a long neck and powerful legs meant for swimming and diving.
classic	vanilla	vanilla_creatures/objects/creature_domestic.txt	1403	CREATURE	WATER_BUFFALO		caste+0x220	A large mammalian herbivore.  It is powerfully built and has long curved horns.
classic	vanilla	vanilla_creatures/objects/creature_domestic.txt	1530	CREATURE	REINDEER		caste+0x220	A large mammalian herbivore living in cold climates.  It has large antlers and sought-after fur.
classic	vanilla	vanilla_creatures/objects/creature_domestic.txt	1661	CREATURE	BIRD_GOOSE		caste+0x220	A small migratory bird.  It has a very long neck and can be found in lakes and other bodies of water.
classic	vanilla	vanilla_creatures/objects/creature_domestic.txt	1753	CREATURE	YAK		caste+0x220	A large mammalian herbivore.  It has long fur and curving horns.  It can be found in the mountains.
classic	vanilla	vanilla_creatures/objects/creature_domestic.txt	1880	CREATURE	LLAMA		caste+0x220	A large domestic pack animal.  It has a long neck.  It is prized for its hair.
classic	vanilla	vanilla_creatures/objects/creature_domestic.txt	2009	CREATURE	ALPACA		caste+0x220	A large domestic animal with a long neck.  It has been bred for its valuable hair.
classic	vanilla	vanilla_creatures/objects/creature_domestic.txt	2136	CREATURE	BIRD_GUINEAFOWL		caste+0x220	A small ground-dwelling bird.  It has a featherless head and eats seeds and insects.  It moves about in groups.
classic	vanilla	vanilla_creatures/objects/creature_domestic.txt	2235	CREATURE	BIRD_PEAFOWL_BLUE		caste+0x220	A small forest bird.  The male's tail creates an extravagant display for females.  At night, they roost in the trees.
classic	vanilla	vanilla_creatures/objects/creature_domestic.txt	2344	CREATURE	BIRD_TURKEY		caste+0x220	A small forest bird known for the distinctive flaps of skin hanging from its face.  It is prized for its meat.
classic	vanilla	vanilla_creatures/objects/creature_domestic.txt	2450	CREATURE	RABBIT		caste+0x220	A small lagomorph with long ears.  It has powerful hind legs which it uses to swiftly avoid predators.  It can be found anywhere from forests to deserts.
classic	vanilla	vanilla_creatures/objects/creature_equipment.txt	6	CREATURE	EQUIPMENT_WAGON		caste+0x220	A rolling platform for carrying passengers or cargo.
classic	vanilla	vanilla_creatures/objects/creature_insects.txt	6	CREATURE	FLY		caste+0x220	A tiny flying insect found around rotting meat and garbage.  These bugs are widely considered to be a nuisance.
classic	vanilla	vanilla_creatures/objects/creature_insects.txt	78	CREATURE	FLY_MAN	ALL	caste+0x220	A person with the wings and head of a fly.
classic	vanilla	vanilla_creatures/objects/creature_insects.txt	96	CREATURE	GIANT_FLY	ALL	caste+0x220	A large monster in the shape of a fly.
classic	vanilla	vanilla_creatures/objects/creature_insects.txt	112	CREATURE	ROACH_LARGE		caste+0x220	A small insect that seeks out unwatched food and garbage.  They fear light.
classic	vanilla	vanilla_creatures/objects/creature_insects.txt	184	CREATURE	ROACH_MAN	ALL	caste+0x220	A person with the wings and head of a roach.
classic	vanilla	vanilla_creatures/objects/creature_insects.txt	202	CREATURE	GIANT_ROACH	ALL	caste+0x220	A large monster in the shape of a roach.
classic	vanilla	vanilla_creatures/objects/creature_insects.txt	218	CREATURE	BEETLE		caste+0x220	A tiny insect that can be found almost anywhere outside.
classic	vanilla	vanilla_creatures/objects/creature_insects.txt	287	CREATURE	BEETLE_MAN	ALL	caste+0x220	A person with the carapace and head of a beetle.
classic	vanilla	vanilla_creatures/objects/creature_insects.txt	305	CREATURE	GIANT_BEETLE	ALL	caste+0x220	A large monster in the shape of a beetle.
classic	vanilla	vanilla_creatures/objects/creature_insects.txt	320	CREATURE	ANT		caste+0x220	This tiny insect can be found in huge colonies in the dirt.  They overwhelm their enemies with swarms.  Some have poison bites.
classic	vanilla	vanilla_creatures/objects/creature_insects.txt	399	CREATURE	BUTTERFLY_MONARCH		caste+0x220	A small insect with large orange wings.  It is admired for its beauty.
classic	vanilla	vanilla_creatures/objects/creature_insects.txt	468	CREATURE	BUTTERFLY_MONARCH_MAN	ALL	caste+0x220	A person with the wings and head of a monarch butterfly.
classic	vanilla	vanilla_creatures/objects/creature_insects.txt	486	CREATURE	GIANT_BUTTERFLY_MONARCH	ALL	caste+0x220	A large monster in the shape of a monarch butterfly.
classic	vanilla	vanilla_creatures/objects/creature_insects.txt	502	CREATURE	FIREFLY		caste+0x220	A tiny flying insect that can be seen at night by its glowing tail.
classic	vanilla	vanilla_creatures/objects/creature_insects.txt	573	CREATURE	FIREFLY_MAN	ALL	caste+0x220	A person with the wings and head of a firefly.
classic	vanilla	vanilla_creatures/objects/creature_insects.txt	591	CREATURE	GIANT_FIREFLY	ALL	caste+0x220	A large monster in the shape of a firefly.
classic	vanilla	vanilla_creatures/objects/creature_insects.txt	607	CREATURE	DRAGONFLY		caste+0x220	A relatively large insect found in swamps and marshland.
classic	vanilla	vanilla_creatures/objects/creature_insects.txt	676	CREATURE	DRAGONFLY_MAN	ALL	caste+0x220	A person with the wings and head of a dragonfly.
classic	vanilla	vanilla_creatures/objects/creature_insects.txt	694	CREATURE	GIANT_DRAGONFLY	ALL	caste+0x220	A large monster in the shape of a dragonfly.
classic	vanilla	vanilla_creatures/objects/creature_insects.txt	717	CREATURE	HONEY_BEE		caste+0x220	A small flying insect that lives in large colonies.  It has a powerful stinger on its tail.  Its hives are prized for their honey.
classic	vanilla	vanilla_creatures/objects/creature_insects.txt	842	CREATURE	BUMBLEBEE		caste+0x220	A small woolly insect that lives in hive colonies.  It has an annoying sting which it rarely uses.
classic	vanilla	vanilla_creatures/objects/creature_large_mountain.txt	6	CREATURE	GOAT_MOUNTAIN		caste+0x220	A medium-sized herbivore that lives in the high mountains, able to navigate the slopes despite its hooved feet.
classic	vanilla	vanilla_creatures/objects/creature_large_mountain.txt	128	CREATURE	GOAT_MOUNTAIN_MAN	ALL	caste+0x220	A horned person with the head of a mountain goat.
classic	vanilla	vanilla_creatures/objects/creature_large_mountain.txt	147	CREATURE	GIANT_GOAT_MOUNTAIN	ALL	caste+0x220	A huge monster in the form of a mountain goat.
classic	vanilla	vanilla_creatures/objects/creature_large_mountain.txt	164	CREATURE	MARMOT_HOARY		caste+0x220	A large rodent that lives in groups in the high mountains.
classic	vanilla	vanilla_creatures/objects/creature_large_mountain.txt	276	CREATURE	MARMOT_HOARY_MAN	ALL	caste+0x220	A person with the head and fur of a hoary marmot.
classic	vanilla	vanilla_creatures/objects/creature_large_mountain.txt	297	CREATURE	GIANT_MARMOT_HOARY	ALL	caste+0x220	A large creature the shape of a hoary marmot.
classic	vanilla	vanilla_creatures/objects/creature_large_mountain.txt	312	CREATURE	GNOME_MOUNTAIN		caste+0x220	A tiny, jolly humanoid creature that dwells in the fair mountains.  They are known to enjoy drinking liquor and don't care whether it's theirs or not.
classic	vanilla	vanilla_creatures/objects/creature_large_mountain.txt	556	CREATURE	GNOME_DARK		caste+0x220	A tiny, foul-tempered humanoid creature that dwells in the evil mountains.  They are known to enjoy drinking liquor and will take any unguarded supplies of booze.
classic	vanilla	vanilla_creatures/objects/creature_large_ocean.txt	6	CREATURE	WALRUS		caste+0x220	A huge aquatic mammal with giant tusks and dense whiskers.  They are thick and blubbery and live almost exclusively on mussels.
classic	vanilla	vanilla_creatures/objects/creature_large_ocean.txt	98	CREATURE	WALRUS_MAN	ALL	caste+0x220	A legless person with the head and back flippers of a walrus.
classic	vanilla	vanilla_creatures/objects/creature_large_ocean.txt	117	CREATURE	GIANT_WALRUS	ALL	caste+0x220	A giant monster in the form of a walrus.
classic	vanilla	vanilla_creatures/objects/creature_large_ocean.txt	133	CREATURE	FISH_LAMPREY_SEA		caste+0x220	A small oceanic eel-like creature that latches onto the side of its victim and tears into them.
classic	vanilla	vanilla_creatures/objects/creature_large_ocean.txt	219	CREATURE	SHARK_GREAT_WHITE		caste+0x220	A giant oceanic fish with rows and rows of razor-sharp pointed teeth.
classic	vanilla	vanilla_creatures/objects/creature_large_ocean.txt	299	CREATURE	SHARK_FRILL		caste+0x220	A large eel-like fish found in coastal waters.
classic	vanilla	vanilla_creatures/objects/creature_large_ocean.txt	379	CREATURE	SHARK_SPINY_DOGFISH		caste+0x220	A large fish found in coastal temperate waters.
classic	vanilla	vanilla_creatures/objects/creature_large_ocean.txt	459	CREATURE	SHARK_WOBBEGONG_SPOTTED		caste+0x220	A huge fish covered with growths and spots it uses to hide on the sea bed.  It is not usually aggressive.
classic	vanilla	vanilla_creatures/objects/creature_large_ocean.txt	539	CREATURE	SHARK_WHALE		caste+0x220	A gigantic filter-feeding fish found in tropical oceans.
classic	vanilla	vanilla_creatures/objects/creature_large_ocean.txt	609	CREATURE	SHARK_BASKING		caste+0x220	A gigantic filter-feeding fish found in temperate oceans.
classic	vanilla	vanilla_creatures/objects/creature_large_ocean.txt	679	CREATURE	SHARK_NURSE		caste+0x220	A large nocturnal bottom-dwelling fish.  It is sluggish in movement and found in near-tropical shores.
classic	vanilla	vanilla_creatures/objects/creature_large_ocean.txt	758	CREATURE	SHARK_MAKO_SHORTFIN		caste+0x220	A large, aggressive, oceanic fish with a mouth full of pointed teeth.  It is capable of great speed.
classic	vanilla	vanilla_creatures/objects/creature_large_ocean.txt	838	CREATURE	SHARK_MAKO_LONGFIN		caste+0x220	A large fish which scavenges along tropical and temperate coastal waters.
classic	vanilla	vanilla_creatures/objects/creature_large_ocean.txt	918	CREATURE	SHARK_TIGER		caste+0x220	A giant, striped, oceanic fish known to devour anything in its path.
classic	vanilla	vanilla_creatures/objects/creature_large_ocean.txt	997	CREATURE	SHARK_BULL		caste+0x220	A medium-sized, aggressive, territorial fish.  It can be found in shallow oceanic waters, and has also been known to travel up large rivers.
classic	vanilla	vanilla_creatures/objects/creature_large_ocean.txt	1076	CREATURE	SHARK_REEF_BLACKTIP		caste+0x220	A medium-sized fish found in shallow oceanic waters.
classic	vanilla	vanilla_creatures/objects/creature_large_ocean.txt	1156	CREATURE	SHARK_REEF_WHITETIP		caste+0x220	A medium-sized fish which shelters in caves on the shallow sea floor.  It hunts for food in packs but is not aggressive.
classic	vanilla	vanilla_creatures/objects/creature_large_ocean.txt	1235	CREATURE	SHARK_BLUE		caste+0x220	A large, dangerous fish found hunting in packs in any ocean.
classic	vanilla	vanilla_creatures/objects/creature_large_ocean.txt	1314	CREATURE	SHARK_HAMMERHEAD		caste+0x220	A large, dangerous fish, often found hunting solitarily along coastlines.
classic	vanilla	vanilla_creatures/objects/creature_large_ocean.txt	1394	CREATURE	SHARK_ANGEL		caste+0x220	A large, flat, camouflaged fish found on the sea floor in temperate waters.  It is quite passive.
classic	vanilla	vanilla_creatures/objects/creature_large_ocean.txt	1474	CREATURE	FISH_SKATE_COMMON		caste+0x220	A medium-sized, flat, bottom-dwelling fish.
classic	vanilla	vanilla_creatures/objects/creature_large_ocean.txt	1546	CREATURE	FISH_RAY_MANTA		caste+0x220	A huge filter-feeding fish with great wings.  They travel the oceans and are curious and friendly.
classic	vanilla	vanilla_creatures/objects/creature_large_ocean.txt	1608	CREATURE	FISH_STINGRAY		caste+0x220	A medium-sized, flat fish.  It lives near the beach and will defend itself with sharp barbs.
classic	vanilla	vanilla_creatures/objects/creature_large_ocean.txt	1686	CREATURE	FISH_COELACANTH		caste+0x220	An elusive medium-sized fish found in coastal waters.
classic	vanilla	vanilla_creatures/objects/creature_large_ocean.txt	1768	CREATURE	FISH_STURGEON		caste+0x220	A large oceanic fish covered with bony plates.
classic	vanilla	vanilla_creatures/objects/creature_large_ocean.txt	1854	CREATURE	FISH_CONGER_EEL		caste+0x220	A medium-sized, brown, snake-like fish found in ocean waters.
classic	vanilla	vanilla_creatures/objects/creature_large_ocean.txt	1923	CREATURE	FISH_MILKFISH		caste+0x220	A medium-sized fish found around coasts and islands.  It is easy prey for predators.
classic	vanilla	vanilla_creatures/objects/creature_large_ocean.txt	2012	CREATURE	FISH_COD		caste+0x220	A medium-sized oceanic fish, often hunted for its meat.
classic	vanilla	vanilla_creatures/objects/creature_large_ocean.txt	2096	CREATURE	FISH_OPAH		caste+0x220	A large oceanic fish.  It is flat, round and red.
classic	vanilla	vanilla_creatures/objects/creature_large_ocean.txt	2179	CREATURE	FISH_GROUPER_GIANT		caste+0x220	A large, big-mouthed fish, found around coral reefs.
classic	vanilla	vanilla_creatures/objects/creature_large_ocean.txt	2261	CREATURE	FISH_BLUEFISH		caste+0x220	A medium-sized oceanic fish.  It is fork-tailed and sought after for its meat.
classic	vanilla	vanilla_creatures/objects/creature_large_ocean.txt	2345	CREATURE	FISH_SUNFISH_OCEAN		caste+0x220	A giant oceanic creature resembling a huge fish's head connected to a wide tail.
classic	vanilla	vanilla_creatures/objects/creature_large_ocean.txt	2429	CREATURE	FISH_SWORDFISH		caste+0x220	A huge predatory fish found in open ocean.  It has a long pointed bill which it uses to slash and ram.
classic	vanilla	vanilla_creatures/objects/creature_large_ocean.txt	2513	CREATURE	FISH_MARLIN		caste+0x220	A huge oceanic fish capable of great speed.  It has a long, sharp snout used for slashing its prey.
classic	vanilla	vanilla_creatures/objects/creature_large_ocean.txt	2597	CREATURE	FISH_HALIBUT		caste+0x220	A large, flat, oceanic fish.  It dwells on the sea floor, both its eyes on the top side.
classic	vanilla	vanilla_creatures/objects/creature_large_ocean.txt	2680	CREATURE	FISH_BARRACUDA_GREAT		caste+0x220	A large, long fish with many sharp fangs.  It hunts by ambushing its prey.
classic	vanilla	vanilla_creatures/objects/creature_large_ocean.txt	2765	CREATURE	FISH_TUNA_BLUEFIN		caste+0x220	A large oceanic fish capable of great speed.
classic	vanilla	vanilla_creatures/objects/creature_large_ocean.txt	2858	CREATURE	NARWHAL		caste+0x220	A medium-sized sea mammal with a long thin horn on its nose.  It uses this horn to communicate and break up ice.
classic	vanilla	vanilla_creatures/objects/creature_large_ocean.txt	2968	CREATURE	NARWHAL MAN	ALL	caste+0x220	A medium-sized creature with the arms and torso on a man, but with the head and tail of a narwhal.
classic	vanilla	vanilla_creatures/objects/creature_large_ocean.txt	2986	CREATURE	NARWHAL, GIANT		caste+0x220	A huge sea monster with an enormous horn on its nose.
classic	vanilla	vanilla_creatures/objects/creature_large_riverlake.txt	6	CREATURE	HIPPO		caste+0x220	A huge, round, hairless river creature.  It is a plant-eating animal but has long tusks and can be aggressive and deadly if disturbed.
classic	vanilla	vanilla_creatures/objects/creature_large_riverlake.txt	116	CREATURE	HIPPO_MAN	ALL	caste+0x220	A large person with the head of a hippo.
classic	vanilla	vanilla_creatures/objects/creature_large_riverlake.txt	135	CREATURE	GIANT_HIPPO	ALL	caste+0x220	A huge hippo-shaped monster.
classic	vanilla	vanilla_creatures/objects/creature_large_riverlake.txt	150	CREATURE	FISH_GAR_LONGNOSE		caste+0x220	A medium-sized fish with a long snout.  It is found in lakes and streams.
classic	vanilla	vanilla_creatures/objects/creature_large_riverlake.txt	237	CREATURE	FISH_CARP		caste+0x220	A medium-sized fish found in lakes and streams.  They are bottom-feeders and tend to gather in groups.
classic	vanilla	vanilla_creatures/objects/creature_large_riverlake.txt	323	CREATURE	FISH_TIGERFISH		caste+0x220	A medium-sized predatory fish found in lakes and streams.  It is known for its ferocious attacks and interlocking teeth.
classic	vanilla	vanilla_creatures/objects/creature_large_riverlake.txt	409	CREATURE	FISH_PIKE		caste+0x220	A medium-sized, green fish found in temperate lakes.
classic	vanilla	vanilla_creatures/objects/creature_large_riverlake.txt	505	CREATURE	PLATYPUS		caste+0x220	A small semi-aquatic, egg laying mammal with a bill, flat tail and poison spurs.
classic	vanilla	vanilla_creatures/objects/creature_large_riverlake.txt	679	CREATURE	PLATYPUS MAN	ALL	caste+0x220	A humanoid with the head, tail and poison spurs of a platypus.
classic	vanilla	vanilla_creatures/objects/creature_large_riverlake.txt	714	CREATURE	PLATYPUS, GIANT		caste+0x220	A huge monster, the shape of a platypus.
classic	vanilla	vanilla_creatures/objects/creature_large_temperate.txt	6	CREATURE	BEAR_GRIZZLY		caste+0x220	A huge brown creature found in temperate woodland.  It is known for its ferocious attack, usually when it or its young are threatened.
classic	vanilla	vanilla_creatures/objects/creature_large_temperate.txt	125	CREATURE	BEAR_GRIZZLY_MAN	ALL	caste+0x220	A large person with the head of a grizzly bear.
classic	vanilla	vanilla_creatures/objects/creature_large_temperate.txt	146	CREATURE	GIANT_BEAR_GRIZZLY	ALL	caste+0x220	A huge monster in the shape of a grizzly bear.
classic	vanilla	vanilla_creatures/objects/creature_large_temperate.txt	162	CREATURE	BEAR_BLACK		caste+0x220	A large omnivorous predator found in temperate woodlands.  Mainly living on berries, it will also steal carcasses from other hunters.  Though normally a docile animal, it has been known to kill in a predatory attack.
classic	vanilla	vanilla_creatures/objects/creature_large_temperate.txt	279	CREATURE	BEAR_BLACK_MAN	ALL	caste+0x220	A large person with the head of a black bear.
classic	vanilla	vanilla_creatures/objects/creature_large_temperate.txt	300	CREATURE	GIANT_BEAR_BLACK	ALL	caste+0x220	A huge monster in the shape of a black bear.
classic	vanilla	vanilla_creatures/objects/creature_large_temperate.txt	316	CREATURE	DEER		caste+0x220	A medium-sized hoofed forest creature that grows its antlers back each year.
classic	vanilla	vanilla_creatures/objects/creature_large_temperate.txt	444	CREATURE	DEER_MAN	ALL	caste+0x220	A person with the head of a deer.
classic	vanilla	vanilla_creatures/objects/creature_large_temperate.txt	463	CREATURE	GIANT_DEER	ALL	caste+0x220	A huge monster in the form of a deer.
classic	vanilla	vanilla_creatures/objects/creature_large_temperate.txt	478	CREATURE	FOX		caste+0x220	A small carnivorous animal found in temperate climates.  It has orange fur and is known for its cleverness.
classic	vanilla	vanilla_creatures/objects/creature_large_temperate.txt	589	CREATURE	FOX_MAN	ALL	caste+0x220	A person with the head and tail of a fox.
classic	vanilla	vanilla_creatures/objects/creature_large_temperate.txt	610	CREATURE	GIANT_FOX	ALL	caste+0x220	A huge monster in the shape of a fox.
classic	vanilla	vanilla_creatures/objects/creature_large_temperate.txt	625	CREATURE	RACCOON		caste+0x220	A small omnivorous animal with a bright mask of fur.  It is nocturnal and found in temperate forests.  It is a curious animal and has been known to steal from civilized areas.
classic	vanilla	vanilla_creatures/objects/creature_large_temperate.txt	738	CREATURE	RACCOON_MAN	ALL	caste+0x220	A person with the mask and tail of a raccoon.
classic	vanilla	vanilla_creatures/objects/creature_large_temperate.txt	759	CREATURE	GIANT_RACCOON	ALL	caste+0x220	A huge monster in the shape of a raccoon.
classic	vanilla	vanilla_creatures/objects/creature_large_temperate.txt	775	CREATURE	MACAQUE_RHESUS		caste+0x220	A medium-sized monkey found in woods and grassland.  It usually lives on roots and insects but can become a pest in civilized areas, roaming in large groups and begging for scraps.
classic	vanilla	vanilla_creatures/objects/creature_large_temperate.txt	887	CREATURE	MACAQUE_RHESUS_MAN	ALL	caste+0x220	A person with the head and tail of a rhesus macaque.
classic	vanilla	vanilla_creatures/objects/creature_large_temperate.txt	907	CREATURE	GIANT_MACAQUE_RHESUS	ALL	caste+0x220	A large monster in the form of a rhesus macaque.
classic	vanilla	vanilla_creatures/objects/creature_large_temperate.txt	923	CREATURE	COUGAR		caste+0x220	A large solitary feline.  It is found most often in dense vegetation, ambushing its prey.
classic	vanilla	vanilla_creatures/objects/creature_large_temperate.txt	1037	CREATURE	COUGAR_MAN	ALL	caste+0x220	A person with the head and tail of a cougar.
classic	vanilla	vanilla_creatures/objects/creature_large_temperate.txt	1058	CREATURE	GIANT_COUGAR	ALL	caste+0x220	A huge monster in the form of a cougar.
classic	vanilla	vanilla_creatures/objects/creature_large_temperate.txt	1074	CREATURE	WOLF		caste+0x220	A large canine found in temperate regions.  It is territorial and hunts in packs.
classic	vanilla	vanilla_creatures/objects/creature_large_temperate.txt	1188	CREATURE	WOLF_MAN	ALL	caste+0x220	A person with the head and tail of a wolf.
classic	vanilla	vanilla_creatures/objects/creature_large_temperate.txt	1209	CREATURE	GIANT_WOLF	ALL	caste+0x220	A huge monster in the shape of a wolf.
classic	vanilla	vanilla_creatures/objects/creature_large_temperate.txt	1224	CREATURE	GROUNDHOG		caste+0x220	A large, round, lowland rodent.  It lives in burrows in the ground and ventures out to eat.
classic	vanilla	vanilla_creatures/objects/creature_large_temperate.txt	1338	CREATURE	GROUNDHOG_MAN	ALL	caste+0x220	A person with the head and fur of a groundhog.
classic	vanilla	vanilla_creatures/objects/creature_large_temperate.txt	1359	CREATURE	GIANT_GROUNDHOG	ALL	caste+0x220	A large creature the shape of a groundhog.
classic	vanilla	vanilla_creatures/objects/creature_large_temperate.txt	1374	CREATURE	ALLIGATOR		caste+0x220	A huge reptile, found in rivers and marshlands.  It is an ambush predator, solitary and territorial.
classic	vanilla	vanilla_creatures/objects/creature_large_temperate.txt	1496	CREATURE	ALLIGATOR_MAN	ALL	caste+0x220	A person with the head and tail of an alligator.
classic	vanilla	vanilla_creatures/objects/creature_large_temperate.txt	1517	CREATURE	GIANT_ALLIGATOR	ALL	caste+0x220	A huge monster in the shape of an alligator.
classic	vanilla	vanilla_creatures/objects/creature_large_temperate.txt	1532	CREATURE	BIRD_BUZZARD		caste+0x220	A medium-sized, red-faced black bird that searches the temperate lands for carrion.
classic	vanilla	vanilla_creatures/objects/creature_large_temperate.txt	1657	CREATURE	BUZZARD_MAN	ALL	caste+0x220	A person with the head and wings of a buzzard.
classic	vanilla	vanilla_creatures/objects/creature_large_temperate.txt	1676	CREATURE	GIANT_BUZZARD	ALL	caste+0x220	A huge monster in the form of a buzzard.
classic	vanilla	vanilla_creatures/objects/creature_large_temperate.txt	1700	CREATURE	PANDA		caste+0x220	A large bear-like creature with a striking coat of black and white hair.  It feeds on bamboo forests.
classic	vanilla	vanilla_creatures/objects/creature_large_temperate.txt	1827	CREATURE	PANDA, GIGANTIC		caste+0x220	A giant bear-like creature found in the wildest parts of the world.  It has striking black and white fur.
classic	vanilla	vanilla_creatures/objects/creature_large_temperate.txt	1882	CREATURE	PANDA MAN	ALL	caste+0x220	A humanoid creature with the head and belly of a panda.
classic	vanilla	vanilla_creatures/objects/creature_large_temperate.txt	1899	CREATURE	CAPYBARA		caste+0x220	A medium-sized semi-aquatic rodent.  It lives in large herds and barks when alarmed.
classic	vanilla	vanilla_creatures/objects/creature_large_temperate.txt	2011	CREATURE	CAPYBARA, GIANT	ALL	caste+0x220	A huge rodent that walks on tall legs.  Its bark can be heard at large distances.  It is fond of swimming.
classic	vanilla	vanilla_creatures/objects/creature_large_temperate.txt	2052	CREATURE	CAPYBARA MAN	ALL	caste+0x220	A humanoid with the head of a capybara.  It is fond of swimming.
classic	vanilla	vanilla_creatures/objects/creature_large_temperate.txt	2066	CREATURE	BADGER		caste+0x220	A small mammal with a striped face.  It lives in groups and is ferocious in combat.
classic	vanilla	vanilla_creatures/objects/creature_large_temperate.txt	2199	CREATURE	BADGER MAN	ALL	caste+0x220	A humanoid with the head and stripes of a badger.
classic	vanilla	vanilla_creatures/objects/creature_large_temperate.txt	2229	CREATURE	BADGER, GIANT	ALL	caste+0x220	A huge monster the shape of a badger.  It is ferocious in combat.
classic	vanilla	vanilla_creatures/objects/creature_large_temperate.txt	2257	CREATURE	MOOSE		caste+0x220	A large mammal with great antlers and a large nose. It lives in temperate forests.
classic	vanilla	vanilla_creatures/objects/creature_large_temperate.txt	2395	CREATURE	MOOSE MAN	ALL	caste+0x220	A humanoid with the head and antlers of a moose.
classic	vanilla	vanilla_creatures/objects/creature_large_temperate.txt	2412	CREATURE	MOOSE, GIANT		caste+0x220	A huge monster the shape of a moose.
classic	vanilla	vanilla_creatures/objects/creature_large_temperate.txt	2440	CREATURE	RED PANDA		caste+0x220	A small tree-dwelling mammal with distinctive color.  It rears up on its hind legs when cornered.  It uses its front paws like hands.
classic	vanilla	vanilla_creatures/objects/creature_large_temperate.txt	2592	CREATURE	RED PANDA MAN	ALL	caste+0x220	A medium-sized, walking red panda with arms and a tail.  It prefers the forest and its beloved trees.
classic	vanilla	vanilla_creatures/objects/creature_large_temperate.txt	2623	CREATURE	RED PANDA, GIANT		caste+0x220	A large monster with the shape of a red panda.
classic	vanilla	vanilla_creatures/objects/creature_large_tropical.txt	6	CREATURE	ELEPHANT		caste+0x220	A huge, hairless mammal, found grazing in grasslands in groups.  It eats plants which it lifts up with its long trunk.  When angered, it will attack with its long tusks.
classic	vanilla	vanilla_creatures/objects/creature_large_tropical.txt	125	CREATURE	ELEPHANT_MAN	ALL	caste+0x220	A large person with the trunk and ears of an elephant.
classic	vanilla	vanilla_creatures/objects/creature_large_tropical.txt	148	CREATURE	GIANT_ELEPHANT	ALL	caste+0x220	A gigantic monster in elephant form.
classic	vanilla	vanilla_creatures/objects/creature_large_tropical.txt	174	CREATURE	WARTHOG		caste+0x220	A medium-sized animal living in grass and woodland.  It has a large snout with four sharp tusks.  It will aggressively defend itself.
classic	vanilla	vanilla_creatures/objects/creature_large_tropical.txt	298	CREATURE	WARTHOG_MAN	ALL	caste+0x220	A person with the head of a warthog.
classic	vanilla	vanilla_creatures/objects/creature_large_tropical.txt	321	CREATURE	GIANT_WARTHOG	ALL	caste+0x220	A huge monster warthog with jagged tusks.
classic	vanilla	vanilla_creatures/objects/creature_large_tropical.txt	336	CREATURE	LION		caste+0x220	A large ferocious predator found in grasslands.  It lives in groups of females and one male with a large mane.  They hunt together and are capable of felling extremely large prey.
classic	vanilla	vanilla_creatures/objects/creature_large_tropical.txt	449	CREATURE	LION_MAN	ALL	caste+0x220	A person with the head of a lion.
classic	vanilla	vanilla_creatures/objects/creature_large_tropical.txt	470	CREATURE	GIANT_LION	ALL	caste+0x220	A gigantic version of the feline predator.  Its giant prides can be found in the wildest, most savage parts of the world.
classic	vanilla	vanilla_creatures/objects/creature_large_tropical.txt	485	CREATURE	LEOPARD		caste+0x220	A large spotted feline found in grass and woodland.  It is known for great speed in hunting.
classic	vanilla	vanilla_creatures/objects/creature_large_tropical.txt	598	CREATURE	LEOPARD_MAN	ALL	caste+0x220	A spotted person with the head and tail of a leopard.
classic	vanilla	vanilla_creatures/objects/creature_large_tropical.txt	619	CREATURE	GIANT_LEOPARD	ALL	caste+0x220	A gigantic spotted predator, dwarfing its small cousins.  It is found in the wild lands.
classic	vanilla	vanilla_creatures/objects/creature_large_tropical.txt	634	CREATURE	JAGUAR		caste+0x220	A large, muscular, spotted feline found in tropical jungles.  It is solitary and stalks and ambushes its prey.
classic	vanilla	vanilla_creatures/objects/creature_large_tropical.txt	747	CREATURE	JAGUAR_MAN	ALL	caste+0x220	A spotted person with the head and tail of a jaguar.
classic	vanilla	vanilla_creatures/objects/creature_large_tropical.txt	768	CREATURE	GIANT_JAGUAR	ALL	caste+0x220	A gigantic feline predator, similar to its cousins in all but size.  It can be found in the savage wilderness.
classic	vanilla	vanilla_creatures/objects/creature_large_tropical.txt	783	CREATURE	TIGER		caste+0x220	A huge, striped predator.  It is found in almost any climate on a lone hunt for its prey.
classic	vanilla	vanilla_creatures/objects/creature_large_tropical.txt	898	CREATURE	TIGER_MAN	ALL	caste+0x220	An orange striped person with the head of a tiger.
classic	vanilla	vanilla_creatures/objects/creature_large_tropical.txt	919	CREATURE	GIANT_TIGER	ALL	caste+0x220	The largest of the giant cats.  It can be found hunting alone in the most savage countryside.
classic	vanilla	vanilla_creatures/objects/creature_large_tropical.txt	934	CREATURE	CHEETAH		caste+0x220	A large spotted feline predator.  It is capable of incredible speed when ambushing its prey.
classic	vanilla	vanilla_creatures/objects/creature_large_tropical.txt	1046	CREATURE	CHEETAH_MAN	ALL	caste+0x220	A spotted person with the head and tail of a cheetah.
classic	vanilla	vanilla_creatures/objects/creature_large_tropical.txt	1067	CREATURE	GIANT_CHEETAH	ALL	caste+0x220	A gigantic spotted cat.  It is possibly the fastest animal on land and is found in the savage wilds.
classic	vanilla	vanilla_creatures/objects/creature_large_tropical.txt	1082	CREATURE	GAZELLE		caste+0x220	A small hooved creature found in large groups in the grasslands.  It has short horns and moves by leaps and bounds.
classic	vanilla	vanilla_creatures/objects/creature_large_tropical.txt	1197	CREATURE	GAZELLE_MAN	ALL	caste+0x220	A horned person with the head of a gazelle.
classic	vanilla	vanilla_creatures/objects/creature_large_tropical.txt	1216	CREATURE	GIANT_GAZELLE	ALL	caste+0x220	A huge monster in the form of a gazelle.
classic	vanilla	vanilla_creatures/objects/creature_large_tropical.txt	1231	CREATURE	MANDRILL		caste+0x220	A large monkey with blue face and rump.  It lives in large groups and often survives by destroying crops and stealing garbage.  The males are larger, with powerful jaws.
classic	vanilla	vanilla_creatures/objects/creature_large_tropical.txt	1342	CREATURE	MANDRILL_MAN	ALL	caste+0x220	A blue-rumped person with the head and tail of a mandrill.
classic	vanilla	vanilla_creatures/objects/creature_large_tropical.txt	1362	CREATURE	GIANT_MANDRILL	ALL	caste+0x220	A large monster in the form of a mandrill.
classic	vanilla	vanilla_creatures/objects/creature_large_tropical.txt	1378	CREATURE	CHIMPANZEE		caste+0x220	A large ape which lives in the tropical forests.  It lives in complex social groups of many members.  Though it is quite intelligent, it has been known for ferocious attacks.
classic	vanilla	vanilla_creatures/objects/creature_large_tropical.txt	1470	CREATURE	BONOBO		caste+0x220	A large ape which lives in the tropical forests.  It is quite intelligent and lives in large and complex social groups.
classic	vanilla	vanilla_creatures/objects/creature_large_tropical.txt	1562	CREATURE	GORILLA		caste+0x220	A huge ape found in the forest.  It lives in small groups eating plants.  The groups are lead by a large dominant male with a silver back.
classic	vanilla	vanilla_creatures/objects/creature_large_tropical.txt	1657	CREATURE	ORANGUTAN		caste+0x220	A huge intelligent ape found in the tropical forests.  It is bright red and found living in the trees.
classic	vanilla	vanilla_creatures/objects/creature_large_tropical.txt	1749	CREATURE	GIBBON_SIAMANG		caste+0x220	A medium-sized ape found in the trees.  It is known for its loud calls.
classic	vanilla	vanilla_creatures/objects/creature_large_tropical.txt	1841	CREATURE	GIBBON_WHITE_HANDED		caste+0x220	A small, long-armed ape.  It lives in trees and eats fruit.
classic	vanilla	vanilla_creatures/objects/creature_large_tropical.txt	1934	CREATURE	GIBBON_BLACK_HANDED		caste+0x220	A small fruit-eating ape, found in the trees.
classic	vanilla	vanilla_creatures/objects/creature_large_tropical.txt	2027	CREATURE	GIBBON_GRAY		caste+0x220	A small ape found in the trees of the tropical forest.  It is known for its calls.
classic	vanilla	vanilla_creatures/objects/creature_large_tropical.txt	2119	CREATURE	GIBBON_SILVERY		caste+0x220	A small ape found in the trees eating fruit.
classic	vanilla	vanilla_creatures/objects/creature_large_tropical.txt	2211	CREATURE	GIBBON_PILEATED		caste+0x220	A small ape found in pairs, swinging from the trees.
classic	vanilla	vanilla_creatures/objects/creature_large_tropical.txt	2306	CREATURE	GIBBON_BILOU		caste+0x220	A small ape that swings from the trees, eating fruit.
classic	vanilla	vanilla_creatures/objects/creature_large_tropical.txt	2398	CREATURE	GIBBON_WHITE_BROWED		caste+0x220	A small fruit-eating ape, found in the trees.
classic	vanilla	vanilla_creatures/objects/creature_large_tropical.txt	2490	CREATURE	GIBBON_BLACK_CRESTED		caste+0x220	A small ape from the tropical forest.  It can be found in the trees eating fruit.
classic	vanilla	vanilla_creatures/objects/creature_large_tropical.txt	2582	CREATURE	CAMEL_1_HUMP		caste+0x220	A large long-necked creature with a large hump on its sturdy body.  It has been domesticated to carry passengers and cargo but is nonetheless bad-tempered and will spit.
classic	vanilla	vanilla_creatures/objects/creature_large_tropical.txt	2726	CREATURE	CAMEL_1_HUMP_MAN	ALL	caste+0x220	A person with the head and hump of a one-humped camel.
classic	vanilla	vanilla_creatures/objects/creature_large_tropical.txt	2758	CREATURE	GIANT_CAMEL_1_HUMP	ALL	caste+0x220	A huge monster the shape of a one-humped camel.
classic	vanilla	vanilla_creatures/objects/creature_large_tropical.txt	2773	CREATURE	CAMEL_2_HUMP		caste+0x220	A large, long-necked creature with two fleshy humps on its back.  It is domesticated to carry passengers and cargo.
classic	vanilla	vanilla_creatures/objects/creature_large_tropical.txt	2917	CREATURE	CAMEL_2_HUMP_MAN	ALL	caste+0x220	A person with the head and humps of a two-humped camel.
classic	vanilla	vanilla_creatures/objects/creature_large_tropical.txt	2949	CREATURE	GIANT_CAMEL_2_HUMP	ALL	caste+0x220	A huge monster the shape of a two-humped camel.
classic	vanilla	vanilla_creatures/objects/creature_large_tropical.txt	2964	CREATURE	CROCODILE_SALTWATER		caste+0x220	A huge, predatory reptile found in coastal marshes and river deltas.  It ambushes its prey at the shore and uses its great size to drag the victim under and drown them.
classic	vanilla	vanilla_creatures/objects/creature_large_tropical.txt	3086	CREATURE	CROCODILE_SALTWATER_MAN	ALL	caste+0x220	A person with the head and tail of a saltwater crocodile.
classic	vanilla	vanilla_creatures/objects/creature_large_tropical.txt	3107	CREATURE	GIANT_CROCODILE_SALTWATER	ALL	caste+0x220	A huge monster in the shape of a saltwater crocodile.
classic	vanilla	vanilla_creatures/objects/creature_large_tropical.txt	3122	CREATURE	BIRD_VULTURE		caste+0x220	A large bird with a featherless red head found in the sky of tropical deserts, scanning the ground for dead carcasses.
classic	vanilla	vanilla_creatures/objects/creature_large_tropical.txt	3245	CREATURE	VULTURE_MAN	ALL	caste+0x220	A person with the head and wings of a vulture.
classic	vanilla	vanilla_creatures/objects/creature_large_tropical.txt	3264	CREATURE	GIANT_VULTURE	ALL	caste+0x220	A huge monster in the form of a vulture.
classic	vanilla	vanilla_creatures/objects/creature_large_tropical.txt	3280	CREATURE	RHINOCEROS		caste+0x220	A huge herbivore with thick plated skin and powerful build.  It is known for the thick horns on the end of its nose.
classic	vanilla	vanilla_creatures/objects/creature_large_tropical.txt	3392	CREATURE	RHINOCEROS_MAN	ALL	caste+0x220	A person with the head and horns of a rhinoceros.
classic	vanilla	vanilla_creatures/objects/creature_large_tropical.txt	3415	CREATURE	GIANT_RHINOCEROS	ALL	caste+0x220	A huge monster the shape of a rhinoceros.
classic	vanilla	vanilla_creatures/objects/creature_large_tropical.txt	3430	CREATURE	GIRAFFE		caste+0x220	A huge leaf-eating mammal.  It has an extremely long neck.  Its skin has a distinctive brown and white pattern.
classic	vanilla	vanilla_creatures/objects/creature_large_tropical.txt	3530	CREATURE	GIRAFFE_MAN	ALL	caste+0x220	A person with the head and neck of a giraffe.
classic	vanilla	vanilla_creatures/objects/creature_large_tropical.txt	3553	CREATURE	GIANT_GIRAFFE	ALL	caste+0x220	A huge monster the shape of a giraffe.
classic	vanilla	vanilla_creatures/objects/creature_large_tropical.txt	3567	CREATURE	HONEY BADGER		caste+0x220	A small mammal known to defend itself ferociously in combat, often fighting off multiple animals many times its size.
classic	vanilla	vanilla_creatures/objects/creature_large_tropical.txt	3698	CREATURE	HONEY BADGER MAN	ALL	caste+0x220	A humanoid with the head and stripes of a honey badger.
classic	vanilla	vanilla_creatures/objects/creature_large_tropical.txt	3729	CREATURE	HONEY BADGER, GIANT	ALL	caste+0x220	A huge monster the shape of a honey badger.  It is ferocious in combat.
classic	vanilla	vanilla_creatures/objects/creature_large_tropical.txt	3753	CREATURE	GIANT TORTOISE		caste+0x220	A medium-sized reptile with a large shell.  It can retreat into its shell to escape predators.
classic	vanilla	vanilla_creatures/objects/creature_large_tropical.txt	3860	CREATURE	GIANT TORTOISE MAN	ALL	caste+0x220	A person with a large shell and the head of a giant tortoise.
classic	vanilla	vanilla_creatures/objects/creature_large_tropical.txt	3878	CREATURE	GIGANTIC TORTOISE		caste+0x220	A huge monster with an enormous shell.
classic	vanilla	vanilla_creatures/objects/creature_large_tropical.txt	3900	CREATURE	ARMADILLO		caste+0x220	A small mammal with a leathery hide.  It can roll into a ball to escape predators.
classic	vanilla	vanilla_creatures/objects/creature_large_tropical.txt	4005	CREATURE	ARMADILLO MAN	ALL	caste+0x220	A person with the hide and head of an armadillo.
classic	vanilla	vanilla_creatures/objects/creature_large_tropical.txt	4022	CREATURE	ARMADILLO, GIANT		caste+0x220	A large monster the shape of an armadillo.  It has thick armor for skin.
classic	vanilla	vanilla_creatures/objects/creature_large_tundra.txt	6	CREATURE	MUSKOX		caste+0x220	A large hooved animal with curved horns and a thick brown coat.  It is known for its strong odor.
classic	vanilla	vanilla_creatures/objects/creature_large_tundra.txt	131	CREATURE	MUSKOX_MAN	ALL	caste+0x220	A horned person with the head of a muskox.
classic	vanilla	vanilla_creatures/objects/creature_large_tundra.txt	150	CREATURE	GIANT_MUSKOX	ALL	caste+0x220	A huge monster in the form of a muskox.
classic	vanilla	vanilla_creatures/objects/creature_large_tundra.txt	165	CREATURE	ELK		caste+0x220	A large hooved animal found roaming wild in temperate forests.  The males have long antlers.
classic	vanilla	vanilla_creatures/objects/creature_large_tundra.txt	292	CREATURE	ELK_MAN	ALL	caste+0x220	A person with the head of an elk.
classic	vanilla	vanilla_creatures/objects/creature_large_tundra.txt	311	CREATURE	GIANT_ELK	ALL	caste+0x220	A huge monster in the form of an elk.
classic	vanilla	vanilla_creatures/objects/creature_large_tundra.txt	326	CREATURE	BEAR_POLAR		caste+0x220	A huge predatory mammal covered in white hair.  It hunts the shores along tundra and glaciers.
classic	vanilla	vanilla_creatures/objects/creature_large_tundra.txt	446	CREATURE	BEAR_POLAR_MAN	ALL	caste+0x220	A large person with the head of a polar bear.
classic	vanilla	vanilla_creatures/objects/creature_large_tundra.txt	467	CREATURE	GIANT_BEAR_POLAR	ALL	caste+0x220	A huge monster in the shape of a polar bear.
classic	vanilla	vanilla_creatures/objects/creature_mountain_new.txt	11	CREATURE	WOLVERINE		caste+0x220	A small, muscular, weasel-like creature.  It is known for its ferocity.
classic	vanilla	vanilla_creatures/objects/creature_mountain_new.txt	133	CREATURE	WOLVERINE_MAN	ALL	caste+0x220	A person with the head and tail of a wolverine.
classic	vanilla	vanilla_creatures/objects/creature_mountain_new.txt	154	CREATURE	GIANT_WOLVERINE	ALL	caste+0x220	A large, terrifying monster the shape of a wolverine.
classic	vanilla	vanilla_creatures/objects/creature_mountain_new.txt	171	CREATURE	CHINCHILLA		caste+0x220	A tiny furry rodent dwelling in the hollow cracks of rocks.  They can be found high in the mountains.
classic	vanilla	vanilla_creatures/objects/creature_mountain_new.txt	279	CREATURE	CHINCHILLA_MAN	ALL	caste+0x220	A hairy person with the head and tail of a chinchilla.
classic	vanilla	vanilla_creatures/objects/creature_mountain_new.txt	300	CREATURE	GIANT_CHINCHILLA	ALL	caste+0x220	A large monster in the shape of a chinchilla.
classic	vanilla	vanilla_creatures/objects/creature_next_underground.txt	7	CREATURE	FLOATING_GUTS		caste+0x220	A transparent and amorphous monster that lives underground.  It is small in size and is found crawling across the cavern floor.  Its organs appear to be floating inside of its body.
classic	vanilla	vanilla_creatures/objects/creature_next_underground.txt	61	CREATURE	DRUNIAN		caste+0x220	A large quadruped with a mane circling its manlike face and hands at the end of its forelimbs.  It lives underground and is fond of raiding the supplies of cavern outposts.
classic	vanilla	vanilla_creatures/objects/creature_next_underground.txt	153	CREATURE	CREEPING_EYE		caste+0x220	A small underground monster that crawls across the cavern wall with its four clawed hands.  It has a single large eye which can shine with its own light, otherwise its stony skin blends in with the rock.  It has no mouth and is said to feed on evil alone.
classic	vanilla	vanilla_creatures/objects/creature_next_underground.txt	207	CREATURE	VORACIOUS_CAVE_CRAWLER		caste+0x220	A huge cave monster with hundreds of feet moving along the bottom of its long body.  In place of a head, it has an enormous toothy maw.
classic	vanilla	vanilla_creatures/objects/creature_next_underground.txt	279	CREATURE	BLIND_CAVE_OGRE		caste+0x220	A large cavern-dwelling humanoid monster.  It has a gaping mouth with many sharp teeth.  It has no eyes and only two digits on each hand and foot.
classic	vanilla	vanilla_creatures/objects/creature_next_underground.txt	374	CREATURE	CAP_HOPPER		caste+0x220	A tiny amphibian with a long prehensile tail.  It lives in underground swamps and tower-cap forests on which it feeds.
classic	vanilla	vanilla_creatures/objects/creature_next_underground.txt	444	CREATURE	MAGMA_CRAB		caste+0x220	A small rock-eating creature that lives in molten rock.  It scurries on little feet and swims through liquid rock with sharp wings.  It uses magma to digest rock and spits out burning globs.
classic	vanilla	vanilla_creatures/objects/creature_next_underground.txt	509	CREATURE	CRUNDLE		caste+0x220	A tiny underground monster with large claws and horns.  It walks on two legs and is dangerous when encountered in large numbers.
classic	vanilla	vanilla_creatures/objects/creature_next_underground.txt	631	CREATURE	HUNGRY_HEAD		caste+0x220	A fearsome, long-toothed mouth the size of a man's head, flying on bat wings.  It is found in deep caves.
classic	vanilla	vanilla_creatures/objects/creature_next_underground.txt	703	CREATURE	FLESH_BALL		caste+0x220	A large ball of skin found moving around the debris near underground ponds.  It is there that it absorbs dead matter for food.
classic	vanilla	vanilla_creatures/objects/creature_next_underground.txt	747	CREATURE	ELK_BIRD		caste+0x220	A large creature found grazing on mushrooms deep underground.  It walks on two legs and has the head of a bird with the antlers of a great elk.
classic	vanilla	vanilla_creatures/objects/creature_next_underground.txt	860	CREATURE	HELMET_SNAKE		caste+0x220	A snake-like creature living deep underground.  Its head is covered in armor so that is resembles the head of a dragon.
classic	vanilla	vanilla_creatures/objects/creature_next_underground.txt	973	CREATURE	GREEN_DEVOURER		caste+0x220	A medium-sized monster walking on two clawed legs.  It has two mouths on the ends of a pair of tentacles.  It uses its mouths to digest its victims with acid and rows of razor-like teeth.
classic	vanilla	vanilla_creatures/objects/creature_next_underground.txt	1043	CREATURE	RUTHERER		caste+0x220	A huge monster with an enormous tail, covered with thick fur.  They run on four legs and can be found deep under the earth.
classic	vanilla	vanilla_creatures/objects/creature_next_underground.txt	1131	CREATURE	CREEPY_CRAWLER		caste+0x220	A tiny underground creature made of a mass of appendages resembling human fingers.  It creeps across the ground like a starfish and eats with a mouth on the bottom of its body.
classic	vanilla	vanilla_creatures/objects/creature_next_underground.txt	1177	CREATURE	DRALTHA		caste+0x220	A large, long-bodied grazer with a thick mane that feeds on the tops of towercap mushrooms deep under the earth.
classic	vanilla	vanilla_creatures/objects/creature_next_underground.txt	1265	CREATURE	GIANT_EARTHWORM		caste+0x220	A gigantic version of its tiny cousin, this long, slimy creature tunnels through the rocks deep underground.
classic	vanilla	vanilla_creatures/objects/creature_next_underground.txt	1314	CREATURE	BLOOD_MAN		caste+0x220	A man-shaped abomination made entirely of blood.  These cursed creatures are only found very near the underworld.
classic	vanilla	vanilla_creatures/objects/creature_next_underground.txt	1387	CREATURE	BUGBAT		caste+0x220	A small bat-like creature with the head of an insect.  It is found deep underground.
classic	vanilla	vanilla_creatures/objects/creature_next_underground.txt	1471	CREATURE	MANERA		caste+0x220	A creature that crawls along the cavern ceiling with four long arms.  Its body is shaped as the head of a man with a mouth full of shark teeth.  It waits for its prey to pass below.
classic	vanilla	vanilla_creatures/objects/creature_next_underground.txt	1554	CREATURE	MOLEMARIAN		caste+0x220	A hideous monster that has the body of a giant mole-rat and the torso of a mole-rat man.   It is found deep underground.
classic	vanilla	vanilla_creatures/objects/creature_next_underground.txt	1645	CREATURE	JABBERER		caste+0x220	A huge monster that lurks in caverns deep under the earth.  It uses its wide beak to reach down and pluck up unsuspecting intruders.
classic	vanilla	vanilla_creatures/objects/creature_next_underground.txt	1751	CREATURE	POND_GRABBER		caste+0x220	A small creature that lives in watery ditches deep underground.  It has a sharp beak and four tentacles with claws at the end.
classic	vanilla	vanilla_creatures/objects/creature_next_underground.txt	1822	CREATURE	BLIND_CAVE_BEAR		caste+0x220	A huge emaciated-looking bear with great drooping ears and many sharp teeth.  It is found deep underground.
classic	vanilla	vanilla_creatures/objects/creature_next_underground.txt	1909	CREATURE	CAVE_DRAGON		caste+0x220	A gigantic monster, once a dragon, now adapted to and polluted by the underground.  Its wings fall limp at its side.  Its face is full of incredibly long teeth.  Its eyes are large to penetrate the darkness.
classic	vanilla	vanilla_creatures/objects/creature_next_underground.txt	2018	CREATURE	REACHER		caste+0x220	A humanoid monster found lurking far underground.  It feigns death, usually near water, until a victim passes by.  It then uses its long arms to drag its prey into the water to drown or strangle them.
classic	vanilla	vanilla_creatures/objects/creature_next_underground.txt	2123	CREATURE	ELEMENTMAN_GABBRO		caste+0x220	Living gabbro in the shape of a man.  These strange creatures are found deep underground.
classic	vanilla	vanilla_creatures/objects/creature_next_underground.txt	2185	CREATURE	GORLAK		caste+0x220	A small, round humanoid found wandering the caves deep underground.  Most of its body is taken up by a huge tusked mouth.
classic	vanilla	vanilla_creatures/objects/creature_next_underground.txt	2323	CREATURE	CAVE_FLOATER		caste+0x220	A floating pod with eye-stalks.  It can spray poison and it gives off poison gas when punctured.
classic	vanilla	vanilla_creatures/objects/creature_next_underground.txt	2412	CREATURE	PLUMP_HELMET_MAN		caste+0x220	A small humanoid resembling a walking mushroom with arms and legs.  It lives far underground near water and soil.
classic	vanilla	vanilla_creatures/objects/creature_next_underground.txt	2501	CREATURE	CAVE_BLOB		caste+0x220	A strange shapeless life form with an orange leathery skin containing a liquid interior.  It can secrete its internal fluid.
classic	vanilla	vanilla_creatures/objects/creature_next_underground.txt	2575	CREATURE	ELEMENTMAN_AMETHYST		caste+0x220	A strange crystalline creature the shape of a man.  It is found deep underground.
classic	vanilla	vanilla_creatures/objects/creature_ocean_new.txt	12	CREATURE	OCTOPUS		caste+0x220	A medium-sized underwater mollusk with eight arms.  It is the most clever of its kind.
classic	vanilla	vanilla_creatures/objects/creature_ocean_new.txt	125	CREATURE	OCTOPUS_MAN	ALL	caste+0x220	A person with an octopus in place of a head.
classic	vanilla	vanilla_creatures/objects/creature_ocean_new.txt	152	CREATURE	GIANT_OCTOPUS	ALL	caste+0x220	A dangerous water monster known for attacking ships at sea.
classic	vanilla	vanilla_creatures/objects/creature_ocean_new.txt	170	CREATURE	CRAB		caste+0x220	A tiny shelled ocean creature with many long legs.  It has two large pincers on its front limbs.
classic	vanilla	vanilla_creatures/objects/creature_ocean_new.txt	244	CREATURE	CRAB_MAN	ALL	caste+0x220	A person with the head and pincers of a crab.
classic	vanilla	vanilla_creatures/objects/creature_ocean_new.txt	262	CREATURE	GIANT_CRAB	ALL	caste+0x220	A large monster in the shape of a crab.
classic	vanilla	vanilla_creatures/objects/creature_ocean_new.txt	282	CREATURE	LEOPARD_SEAL		caste+0x220	A large predatory amphibious mammal.  It is difficult to evade once in the water.
classic	vanilla	vanilla_creatures/objects/creature_ocean_new.txt	376	CREATURE	LEOPARD_SEAL_MAN	ALL	caste+0x220	A legless person with the head and back flippers of a leopard seal.
classic	vanilla	vanilla_creatures/objects/creature_ocean_new.txt	395	CREATURE	GIANT_LEOPARD_SEAL	ALL	caste+0x220	A giant monster in the form of a leopard seal.
classic	vanilla	vanilla_creatures/objects/creature_ocean_new.txt	415	CREATURE	CUTTLEFISH		caste+0x220	A tiny sea mollusk.  It can change color and skin patterns for communication.
classic	vanilla	vanilla_creatures/objects/creature_ocean_new.txt	529	CREATURE	CUTTLEFISH_MAN	ALL	caste+0x220	A person with a cuttlefish in place of a head.
classic	vanilla	vanilla_creatures/objects/creature_ocean_new.txt	556	CREATURE	GIANT_CUTTLEFISH	ALL	caste+0x220	A huge sea monster in the shape of a cuttlefish.
classic	vanilla	vanilla_creatures/objects/creature_ocean_new.txt	573	CREATURE	ORCA		caste+0x220	A huge ocean mammal.  It is a vicious predator and can hunt in groups.
classic	vanilla	vanilla_creatures/objects/creature_ocean_new.txt	671	CREATURE	ORCA_MAN	ALL	caste+0x220	An aquatic person in the shape of an orca with arms.
classic	vanilla	vanilla_creatures/objects/creature_ocean_new.txt	690	CREATURE	GIANT_ORCA	ALL	caste+0x220	A gigantic monster in the shape of an orca.
classic	vanilla	vanilla_creatures/objects/creature_ocean_new.txt	706	CREATURE	SPONGE		caste+0x220	A tiny sea creature which dwells on the ocean floor, devoid of senses or motion.
classic	vanilla	vanilla_creatures/objects/creature_ocean_new.txt	762	CREATURE	SPONGE_MAN		caste+0x220	A person in the form of a sponge with arms and legs.
classic	vanilla	vanilla_creatures/objects/creature_ocean_new.txt	780	CREATURE	GIANT_SPONGE	ALL	caste+0x220	A huge immobile sponge.
classic	vanilla	vanilla_creatures/objects/creature_ocean_new.txt	795	CREATURE	HORSESHOE_CRAB		caste+0x220	A tiny sea animal that lives in the sand just offshore.  It has a flat body with legs underneath.
classic	vanilla	vanilla_creatures/objects/creature_ocean_new.txt	861	CREATURE	HORSESHOE_CRAB_MAN	ALL	caste+0x220	A person with the head, shell, and tail of a horseshoe crab.
classic	vanilla	vanilla_creatures/objects/creature_ocean_new.txt	879	CREATURE	GIANT_HORSESHOE_CRAB	ALL	caste+0x220	A huge monster in the form of a horseshoe crab.
classic	vanilla	vanilla_creatures/objects/creature_ocean_new.txt	897	CREATURE	SPERM_WHALE		caste+0x220	A giant marine mammal with a toothy jaw.
classic	vanilla	vanilla_creatures/objects/creature_ocean_new.txt	996	CREATURE	SPERM_WHALE_MAN	ALL	caste+0x220	A huge person with the head and flippers of a sperm whale.
classic	vanilla	vanilla_creatures/objects/creature_ocean_new.txt	1015	CREATURE	GIANT_SPERM_WHALE	ALL	caste+0x220	A gigantic monster in the shape of a sperm whale.
classic	vanilla	vanilla_creatures/objects/creature_ocean_new.txt	1033	CREATURE	ELEPHANT_SEAL		caste+0x220	A large, predatory marine mammal.
classic	vanilla	vanilla_creatures/objects/creature_ocean_new.txt	1131	CREATURE	ELEPHANT_SEAL_MAN	ALL	caste+0x220	A person with the head and flippers of an elephant seal.
classic	vanilla	vanilla_creatures/objects/creature_ocean_new.txt	1150	CREATURE	GIANT_ELEPHANT_SEAL	ALL	caste+0x220	A huge monster in the shape of an elephant seal.
classic	vanilla	vanilla_creatures/objects/creature_ocean_new.txt	1168	CREATURE	HARP_SEAL		caste+0x220	A small marine mammal.  Its young are prized for their white fur.
classic	vanilla	vanilla_creatures/objects/creature_ocean_new.txt	1262	CREATURE	HARP_SEAL_MAN	ALL	caste+0x220	A person with the head and flippers of a harp seal.
classic	vanilla	vanilla_creatures/objects/creature_ocean_new.txt	1281	CREATURE	GIANT_HARP_SEAL	ALL	caste+0x220	A huge monster in the shape of a harp seal.
classic	vanilla	vanilla_creatures/objects/creature_ocean_new.txt	1300	CREATURE	NAUTILUS		caste+0x220	A tiny, mollusk with a large shell and many tentacles.
classic	vanilla	vanilla_creatures/objects/creature_ocean_new.txt	1388	CREATURE	NAUTILUS_MAN	ALL	caste+0x220	A person with the shell and tentacles of a nautilus.
classic	vanilla	vanilla_creatures/objects/creature_ocean_new.txt	1406	CREATURE	GIANT_NAUTILUS	ALL	caste+0x220	A huge monster in the shape of a nautilus.
classic	vanilla	vanilla_creatures/objects/creature_other.txt	6	CREATURE	FOXSQUIRREL		caste+0x220	A small mammal noted for its tenacity.  It has long ears and flashing eyes.
classic	vanilla	vanilla_creatures/objects/creature_other.txt	90	CREATURE	MOGHOPPER		caste+0x220	A small mud-dwelling amphibian.
classic	vanilla	vanilla_creatures/objects/creature_other.txt	164	CREATURE	RAT_DEMON		caste+0x220	An insidious form of vermin.  It lives only to steal food from others.
classic	vanilla	vanilla_creatures/objects/creature_other.txt	243	CREATURE	WAMBLER_FLUFFY		caste+0x220	A fluffy, pudge-filled being, known for its warm heart and stumble bumblings.
classic	vanilla	vanilla_creatures/objects/creature_other.txt	315	CREATURE	LIZARD_RHINO_TWO_LEGGED		caste+0x220	A tiny reptile, running on two legs.  It has a horn on the end of its nose.
classic	vanilla	vanilla_creatures/objects/creature_other.txt	396	CREATURE	WORM_KNUCKLE		caste+0x220	A tiny creature made up of a series of crackling knobs set at strange angles.
classic	vanilla	vanilla_creatures/objects/creature_other.txt	439	CREATURE	SPIDER_PHANTOM		caste+0x220	A tiny translucent creature, found in evil forests.
classic	vanilla	vanilla_creatures/objects/creature_other.txt	515	CREATURE	FLY_ACORN		caste+0x220	An insect many times the size of its peers.  It is known for its deafening buzz.
classic	vanilla	vanilla_creatures/objects/creature_other.txt	570	CREATURE	GNAT_BLOOD		caste+0x220	A tiny insect with a pulsating, lumpy body.  It is an evil bug that seeks blood.
classic	vanilla	vanilla_creatures/objects/creature_reptiles.txt	6	CREATURE	LIZARD		caste+0x220	A small reptile.
classic	vanilla	vanilla_creatures/objects/creature_reptiles.txt	101	CREATURE	LIZARD_MAN	ALL	caste+0x220	A person with the head and tail of a lizard.
classic	vanilla	vanilla_creatures/objects/creature_reptiles.txt	122	CREATURE	GIANT_LIZARD	ALL	caste+0x220	A huge monster in the shape of a lizard.
classic	vanilla	vanilla_creatures/objects/creature_reptiles.txt	138	CREATURE	SKINK		caste+0x220	A relatively large lizard.  It can be found in most climates, foraging for bugs during daylight hours.
classic	vanilla	vanilla_creatures/objects/creature_reptiles.txt	238	CREATURE	SKINK_MAN	ALL	caste+0x220	A long-bodied person with the head and tail of a skink.
classic	vanilla	vanilla_creatures/objects/creature_reptiles.txt	256	CREATURE	GIANT_SKINK	ALL	caste+0x220	A large monster in the shape of a skink.
classic	vanilla	vanilla_creatures/objects/creature_reptiles.txt	272	CREATURE	CHAMELEON		caste+0x220	A colorful lizard that spends its life hunting insects with its long tongue.  It moves slowly through the trees, spying the surroundings with its independently roving eyes.
classic	vanilla	vanilla_creatures/objects/creature_reptiles.txt	375	CREATURE	CHAMELEON_MAN	ALL	caste+0x220	A colorful person with the head and tail of a chameleon.
classic	vanilla	vanilla_creatures/objects/creature_reptiles.txt	393	CREATURE	GIANT_CHAMELEON	ALL	caste+0x220	A large monster in the shape of a chameleon.
classic	vanilla	vanilla_creatures/objects/creature_reptiles.txt	410	CREATURE	ANOLE		caste+0x220	A small lizard with adhesive feet for climbing.  It can change color from brown to green to fit its surroundings.
classic	vanilla	vanilla_creatures/objects/creature_reptiles.txt	509	CREATURE	ANOLE_MAN	ALL	caste+0x220	A person with the head and tail of an anole.
classic	vanilla	vanilla_creatures/objects/creature_reptiles.txt	527	CREATURE	GIANT_ANOLE	ALL	caste+0x220	A large monster in the shape of an anole.
classic	vanilla	vanilla_creatures/objects/creature_reptiles.txt	544	CREATURE	IGUANA		caste+0x220	A relatively large arboreal lizard found in the tropical forests.  Though it is a vegetarian, and mainly docile, it may whip with its extremely long tail when angered.
classic	vanilla	vanilla_creatures/objects/creature_reptiles.txt	653	CREATURE	IGUANA_MAN	ALL	caste+0x220	A person with the head and tail of an iguana.
classic	vanilla	vanilla_creatures/objects/creature_reptiles.txt	674	CREATURE	GIANT_IGUANA	ALL	caste+0x220	A huge monster in the shape of an iguana.
classic	vanilla	vanilla_creatures/objects/creature_riverlakepool_new.txt	11	CREATURE	RIVER OTTER		caste+0x220	A small river mammal with a long body.  They enjoy eating shellfish and other small animals.
classic	vanilla	vanilla_creatures/objects/creature_riverlakepool_new.txt	108	CREATURE	SEA OTTER		caste+0x220	A small marine mammal with a long body.  They enjoy eating shellfish and other small animals.
classic	vanilla	vanilla_creatures/objects/creature_riverlakepool_new.txt	221	CREATURE	OTTER_MAN	ALL	caste+0x220	A person with the long body and head of an otter.
classic	vanilla	vanilla_creatures/objects/creature_riverlakepool_new.txt	242	CREATURE	GIANT_OTTER	ALL	caste+0x220	A large monster in the form of an otter.
classic	vanilla	vanilla_creatures/objects/creature_riverlakepool_new.txt	263	CREATURE	SNAPPING TURTLE		caste+0x220	A medium-sized reptile with a thick shell, which it can retreat into when threatened.  This creature can administer a painful bite.
classic	vanilla	vanilla_creatures/objects/creature_riverlakepool_new.txt	354	CREATURE	ALLIGATOR SNAPPING TURTLE		caste+0x220	A large reptile with a thick ridged shell.  It has been known to consume snakes and smaller turtles, and its bite can amputate fingers.
classic	vanilla	vanilla_creatures/objects/creature_riverlakepool_new.txt	463	CREATURE	SNAPPING_TURTLE_MAN	ALL	caste+0x220	A person with the shell and head of a snapping turtle.
classic	vanilla	vanilla_creatures/objects/creature_riverlakepool_new.txt	481	CREATURE	GIANT_SNAPPING_TURTLE	ALL	caste+0x220	A large monster with an enormous shell and immensely powerful jaw.
classic	vanilla	vanilla_creatures/objects/creature_riverlakepool_new.txt	500	CREATURE	BEAVER		caste+0x220	A small river mammal with a flat tail, known for building wooden dams.
classic	vanilla	vanilla_creatures/objects/creature_riverlakepool_new.txt	612	CREATURE	BEAVER_MAN	ALL	caste+0x220	A person with the head and flat tail of a beaver.
classic	vanilla	vanilla_creatures/objects/creature_riverlakepool_new.txt	633	CREATURE	GIANT_BEAVER	ALL	caste+0x220	A large river monster, known for building huge wooden fortresses.
classic	vanilla	vanilla_creatures/objects/creature_riverlakepool_new.txt	655	CREATURE	LEECH		caste+0x220	A tiny, aquatic, worm-like creature that feeds on blood.
classic	vanilla	vanilla_creatures/objects/creature_riverlakepool_new.txt	723	CREATURE	LEECH_MAN		caste+0x220	A large slug-like creature with the torso of a man.  Its face is a mockery of teeth and slime.
classic	vanilla	vanilla_creatures/objects/creature_riverlakepool_new.txt	741	CREATURE	GIANT_LEECH	ALL	caste+0x220	A large monster in the shape of a leech.
classic	vanilla	vanilla_creatures/objects/creature_riverlakepool_new.txt	761	CREATURE	AXOLOTL		caste+0x220	A small salamander found in remote lakes.  It has the mysterious ability to regrow limbs.
classic	vanilla	vanilla_creatures/objects/creature_riverlakepool_new.txt	849	CREATURE	AXOLOTL_MAN	ALL	caste+0x220	A person with the head and tail of an axolotl.
classic	vanilla	vanilla_creatures/objects/creature_riverlakepool_new.txt	867	CREATURE	GIANT_AXOLOTL	ALL	caste+0x220	A large monster in the shape of an axolotl.
classic	vanilla	vanilla_creatures/objects/creature_riverlakepool_new.txt	884	CREATURE	MINK		caste+0x220	A small, predatory, weasel-like mammal.  It is also semi-aquatic.
classic	vanilla	vanilla_creatures/objects/creature_riverlakepool_new.txt	995	CREATURE	MINK_MAN	ALL	caste+0x220	A person with the head and tail of a mink.
classic	vanilla	vanilla_creatures/objects/creature_riverlakepool_new.txt	1016	CREATURE	GIANT_MINK	ALL	caste+0x220	A huge monster in the form of a mink.
classic	vanilla	vanilla_creatures/objects/creature_riverlakepool_new.txt	1035	CREATURE	POND_TURTLE		caste+0x220	A tiny reptile with a shell on its back.  It can be found in rivers and ponds.
classic	vanilla	vanilla_creatures/objects/creature_riverlakepool_new.txt	1138	CREATURE	POND_TURTLE_MAN	ALL	caste+0x220	A person with the head and shell of a pond turtle.
classic	vanilla	vanilla_creatures/objects/creature_riverlakepool_new.txt	1156	CREATURE	GIANT_POND_TURTLE	ALL	caste+0x220	A huge monster shaped like a pond turtle.
classic	vanilla	vanilla_creatures/objects/creature_small_mammal_new.txt	10	CREATURE	HAMSTER		caste+0x220	A tiny rodent that burrows by day and scurries about at night.
classic	vanilla	vanilla_creatures/objects/creature_small_mammal_new.txt	113	CREATURE	HAMSTER_MAN	ALL	caste+0x220	A person with the head and fur of a hamster.
classic	vanilla	vanilla_creatures/objects/creature_small_mammal_new.txt	133	CREATURE	GIANT_HAMSTER	ALL	caste+0x220	A large creature the shape of a hamster.
classic	vanilla	vanilla_creatures/objects/creature_small_mammal_new.txt	152	CREATURE	HEDGEHOG		caste+0x220	A small round mammal whose back is covered in spines.  It is nocturnal and feeds on insects.  It curls into a ball when startled and is found in temperate regions.
classic	vanilla	vanilla_creatures/objects/creature_small_mammal_new.txt	263	CREATURE	HEDGEHOG_MAN	ALL	caste+0x220	A person with the head and spines of a hedgehog.
classic	vanilla	vanilla_creatures/objects/creature_small_mammal_new.txt	283	CREATURE	GIANT_HEDGEHOG	ALL	caste+0x220	A large monster with the shape of a hedgehog.
classic	vanilla	vanilla_creatures/objects/creature_small_mammal_new.txt	302	CREATURE	SQUIRREL_FLYING		caste+0x220	A tiny grey rodent that is only active at night.  It can sail between trees on wings stretching between its front and hind legs.
classic	vanilla	vanilla_creatures/objects/creature_small_mammal_new.txt	407	CREATURE	FLYING_SQUIRREL_MAN	ALL	caste+0x220	A person with the head and wings of a flying squirrel.
classic	vanilla	vanilla_creatures/objects/creature_small_mammal_new.txt	427	CREATURE	GIANT_FLYING_SQUIRREL	ALL	caste+0x220	A large monster taking the shape of a flying squirrel.
classic	vanilla	vanilla_creatures/objects/creature_small_mammals.txt	6	CREATURE	RAT		caste+0x220	A small, intelligent vermin with a long naked tail.
classic	vanilla	vanilla_creatures/objects/creature_small_mammals.txt	115	CREATURE	RAT_MAN	ALL	caste+0x220	A person with the head and tail of a rat.
classic	vanilla	vanilla_creatures/objects/creature_small_mammals.txt	125	CREATURE	SQUIRREL_GRAY		caste+0x220	A small grey rodent found chirping in the trees of temperate woodlands.
classic	vanilla	vanilla_creatures/objects/creature_small_mammals.txt	229	CREATURE	SQUIRREL_GRAY_MAN	ALL	caste+0x220	A person with the head and tail of a gray squirrel.
classic	vanilla	vanilla_creatures/objects/creature_small_mammals.txt	250	CREATURE	GIANT_SQUIRREL_GRAY	ALL	caste+0x220	A large creature the shape of a gray squirrel.
classic	vanilla	vanilla_creatures/objects/creature_small_mammals.txt	266	CREATURE	SQUIRREL_RED		caste+0x220	A small red rodent found in the trees of temperate woodlands.
classic	vanilla	vanilla_creatures/objects/creature_small_mammals.txt	370	CREATURE	SQUIRREL_RED_MAN	ALL	caste+0x220	A person with the head and tail of a red squirrel.
classic	vanilla	vanilla_creatures/objects/creature_small_mammals.txt	391	CREATURE	GIANT_SQUIRREL_RED	ALL	caste+0x220	A large creature the shape of a red squirrel.
classic	vanilla	vanilla_creatures/objects/creature_small_mammals.txt	407	CREATURE	CHIPMUNK		caste+0x220	A tiny striped rodent found scurrying through the bushes and trees of the temperate forest.
classic	vanilla	vanilla_creatures/objects/creature_small_mammals.txt	511	CREATURE	CHIPMUNK_MAN	ALL	caste+0x220	A striped person with the head and tail of a chipmunk.
classic	vanilla	vanilla_creatures/objects/creature_small_mammals.txt	532	CREATURE	GIANT_CHIPMUNK	ALL	caste+0x220	A large creature the shape of a chipmunk.
classic	vanilla	vanilla_creatures/objects/creature_small_ocean.txt	6	CREATURE	MUSSEL		caste+0x220	A small creature found in both salt and fresh water that lives in an asymmetrical shell rooted to the bottom.
classic	vanilla	vanilla_creatures/objects/creature_small_ocean.txt	63	CREATURE	OYSTER		caste+0x220	A small marine creature that lives in a shell rooted to the sea floor.
classic	vanilla	vanilla_creatures/objects/creature_small_ocean.txt	118	CREATURE	FISH_SALMON		caste+0x220	A medium-sized red fish that lives in the ocean and swims up a river to breed.
classic	vanilla	vanilla_creatures/objects/creature_small_ocean.txt	192	CREATURE	FISH_CLOWNFISH		caste+0x220	A tiny orange marine fish that lives inside the tentacles of a poisonous invertebrate.
classic	vanilla	vanilla_creatures/objects/creature_small_ocean.txt	262	CREATURE	FISH_HAGFISH		caste+0x220	A small, spineless, eel-like fish that lives on the bottom of the ocean.  It can turn the water around its body into a cloud of slime to escape predators.
classic	vanilla	vanilla_creatures/objects/creature_small_ocean.txt	330	CREATURE	FISH_LAMPREY_BROOK		caste+0x220	A small, jawless, filter-feeding fish found in brooks and streams.
classic	vanilla	vanilla_creatures/objects/creature_small_ocean.txt	399	CREATURE	FISH_RAY_BAT		caste+0x220	A medium-sized, winged fish found in the muddy coasts of both temperate and tropical waters.
classic	vanilla	vanilla_creatures/objects/creature_small_ocean.txt	467	CREATURE	FISH_RAY_THORNBACK		caste+0x220	A small winged fish found in shallow seas.
classic	vanilla	vanilla_creatures/objects/creature_small_ocean.txt	534	CREATURE	FISH_RATFISH_SPOTTED		caste+0x220	A small, shark-like creature that lives in the ocean's muddy shallows.  Its skin sparkles and it has a venomous spine on its back.
classic	vanilla	vanilla_creatures/objects/creature_small_ocean.txt	604	CREATURE	FISH_HERRING		caste+0x220	A tiny marine fish found in vast schools.
classic	vanilla	vanilla_creatures/objects/creature_small_ocean.txt	676	CREATURE	FISH_SHAD		caste+0x220	A small marine fish that travels to rivers to breed.
classic	vanilla	vanilla_creatures/objects/creature_small_ocean.txt	751	CREATURE	FISH_ANCHOVY		caste+0x220	A tiny blue-green oceanic fish, found only in temperate waters.
classic	vanilla	vanilla_creatures/objects/creature_small_ocean.txt	822	CREATURE	FISH_TROUT_STEELHEAD		caste+0x220	A medium-sized fish found in tributaries and oceans.
classic	vanilla	vanilla_creatures/objects/creature_small_ocean.txt	896	CREATURE	FISH_HAKE		caste+0x220	An oceanic fish.
classic	vanilla	vanilla_creatures/objects/creature_small_ocean.txt	968	CREATURE	FISH_SEAHORSE		caste+0x220	A tiny, curved and colorful fish found in coral reefs.
classic	vanilla	vanilla_creatures/objects/creature_small_ocean.txt	1033	CREATURE	FISH_GLASSEYE		caste+0x220	A small, nocturnal, marine fish.  It can be found hunting in coral reefs.
classic	vanilla	vanilla_creatures/objects/creature_small_ocean.txt	1104	CREATURE	FISH_PUFFER_WHITE_SPOTTED		caste+0x220	A small, round, brightly-colored fish found in coral reefs.
classic	vanilla	vanilla_creatures/objects/creature_small_ocean.txt	1168	CREATURE	FISH_SOLE		caste+0x220	A small flat fish found on the muddy bottom of shallow seas.
classic	vanilla	vanilla_creatures/objects/creature_small_ocean.txt	1239	CREATURE	FISH_FLOUNDER		caste+0x220	A small flat fish found in the muddy bottom of coastal run-offs and ponds.
classic	vanilla	vanilla_creatures/objects/creature_small_ocean.txt	1309	CREATURE	FISH_MACKEREL		caste+0x220	A medium-sized oceanic fish prized for its meat.
classic	vanilla	vanilla_creatures/objects/creature_small_ocean.txt	1381	CREATURE	JELLYFISH_SEA_NETTLE		caste+0x220	An invertebrate found off the coast.  It has a sting which can be severe.
classic	vanilla	vanilla_creatures/objects/creature_small_ocean.txt	1428	CREATURE	SQUID		caste+0x220	A tiny sea vermin with eight arms and two tentacles.  It can spray ink to confuse predators.
classic	vanilla	vanilla_creatures/objects/creature_small_ocean.txt	1542	CREATURE	SQUID MAN	ALL	caste+0x220	A small person with a head bearing ten tentacles.
classic	vanilla	vanilla_creatures/objects/creature_small_ocean.txt	1569	CREATURE	GIGANTIC SQUID		caste+0x220	A huge sea monster the shape of a squid.
classic	vanilla	vanilla_creatures/objects/creature_small_riverlake.txt	6	CREATURE	FISH_LUNGFISH		caste+0x220	A small fish which can walk on the land and breathe air.  It burrows in the mud when things get dry.
classic	vanilla	vanilla_creatures/objects/creature_small_riverlake.txt	87	CREATURE	FISH_LOACH_CLOWN		caste+0x220	A tiny orange-striped fish.  It lives in inland waters.
classic	vanilla	vanilla_creatures/objects/creature_small_riverlake.txt	158	CREATURE	FISH_BULLHEAD_BROWN		caste+0x220	A small whiskered fish found in muddy inland waters.
classic	vanilla	vanilla_creatures/objects/creature_small_riverlake.txt	229	CREATURE	FISH_BULLHEAD_YELLOW		caste+0x220	A small whiskered fish found scavenging in inland waters.
classic	vanilla	vanilla_creatures/objects/creature_small_riverlake.txt	300	CREATURE	FISH_BULLHEAD_BLACK		caste+0x220	A small whiskered fish found in inland waters.
classic	vanilla	vanilla_creatures/objects/creature_small_riverlake.txt	371	CREATURE	FISH_KNIFEFISH_BANDED		caste+0x220	A small spotted fish found in tropical rivers and lakes.
classic	vanilla	vanilla_creatures/objects/creature_small_riverlake.txt	442	CREATURE	FISH_CHAR		caste+0x220	A medium-sized spotted fish found in temperate lakes and rivers.
classic	vanilla	vanilla_creatures/objects/creature_small_riverlake.txt	513	CREATURE	FISH_TROUT_RAINBOW		caste+0x220	A medium-sized spotted fish found in temperate rivers and lakes.
classic	vanilla	vanilla_creatures/objects/creature_small_riverlake.txt	584	CREATURE	FISH_MOLLY_SAILFIN		caste+0x220	A tiny spotted fish found in coastal rivers and temperate lakes.
classic	vanilla	vanilla_creatures/objects/creature_small_riverlake.txt	659	CREATURE	FISH_GUPPY		caste+0x220	A tiny colorful fish found in tropical lakes and rivers.
classic	vanilla	vanilla_creatures/objects/creature_small_riverlake.txt	734	CREATURE	FISH_PERCH		caste+0x220	A small striped fish found in fresh water.
classic	vanilla	vanilla_creatures/objects/creature_standard.txt	6	CREATURE	DWARF		caste+0x220	A short, sturdy creature fond of drink and industry.
classic	vanilla	vanilla_creatures/objects/creature_standard.txt	453	CREATURE	HUMAN		caste+0x220	A medium-sized creature prone to great ambition.
classic	vanilla	vanilla_creatures/objects/creature_standard.txt	735	CREATURE	ELF		caste+0x220	A medium-sized creature dedicated to the ruthless protection of nature.
classic	vanilla	vanilla_creatures/objects/creature_standard.txt	1015	CREATURE	GOBLIN		caste+0x220	A medium-sized humanoid driven to cruelty by its evil nature.
classic	vanilla	vanilla_creatures/objects/creature_standard.txt	1291	CREATURE	KOBOLD		caste+0x220	A small, squat humanoid with large pointy ears and yellow glowing eyes.
classic	vanilla	vanilla_creatures/objects/creature_standard.txt	1528	CREATURE	GREMLIN		caste+0x220	A small humanoid creature with a mischievous, toothy grin.
classic	vanilla	vanilla_creatures/objects/creature_standard.txt	1723	CREATURE	TROLL		caste+0x220	A huge humanoid monster with coarse fur, large tusks and horns.
classic	vanilla	vanilla_creatures/objects/creature_standard.txt	1925	CREATURE	OGRE		caste+0x220	A giant humanoid monster found stomping about in the evil plains.  Their low howls can be heard long before they are seen.
classic	vanilla	vanilla_creatures/objects/creature_standard.txt	2099	CREATURE	UNICORN		caste+0x220	A horse-like creature with a spiral horn growing from its forehead.
classic	vanilla	vanilla_creatures/objects/creature_standard.txt	2215	CREATURE	DRAGON		caste+0x220	A gigantic reptilian creature.  It is magical and can breathe fire.  These monsters can live for thousands of years.
classic	vanilla	vanilla_creatures/objects/creature_standard.txt	2351	CREATURE	SATYR		caste+0x220	A medium-sized humanoid with the horns and legs of a goat.
classic	vanilla	vanilla_creatures/objects/creature_standard.txt	2611	CREATURE	COLOSSUS_BRONZE		caste+0x220	A gigantic magic statue made of bronze and bent on mayhem.
classic	vanilla	vanilla_creatures/objects/creature_standard.txt	2680	CREATURE	GIANT		caste+0x220	A gigantic creature resembling a human, almost unparalleled in size.
classic	vanilla	vanilla_creatures/objects/creature_standard.txt	2934	CREATURE	CYCLOPS		caste+0x220	A giant humanoid monster with a single eye set in its forehead.
classic	vanilla	vanilla_creatures/objects/creature_standard.txt	3183	CREATURE	ETTIN		caste+0x220	A giant humanoid monster with two heads.
classic	vanilla	vanilla_creatures/objects/creature_standard.txt	3438	CREATURE	MINOTAUR		caste+0x220	A giant humanoid monster with the head of a bull.
classic	vanilla	vanilla_creatures/objects/creature_standard.txt	3625	CREATURE	YETI		caste+0x220	A large ape-like creature with white fur, found in the snowy wilds.
classic	vanilla	vanilla_creatures/objects/creature_standard.txt	3740	CREATURE	SASQUATCH		caste+0x220	A large and mysterious ape-like creature found in temperate forests.
classic	vanilla	vanilla_creatures/objects/creature_standard.txt	3854	CREATURE	BLIZZARD_MAN		caste+0x220	A large humanoid monster from the wild tundra.  It has translucent skin, icicles for teeth, red glowing eyes and pointed ears.
classic	vanilla	vanilla_creatures/objects/creature_standard.txt	3938	CREATURE	WOLF_ICE		caste+0x220	A fierce creature from the evil snowy wilds.  It has white fur and a piercing howl.
classic	vanilla	vanilla_creatures/objects/creature_standard.txt	4030	CREATURE	FAIRY		caste+0x220	A tiny, giggling humanoid with lacy wings.
classic	vanilla	vanilla_creatures/objects/creature_standard.txt	4231	CREATURE	PIXIE		caste+0x220	A tiny winged humanoid with shifting colors which performs intricate aerial dances in large groups.
classic	vanilla	vanilla_creatures/objects/creature_standard.txt	4431	CREATURE	BEAK_DOG		caste+0x220	A creature from the evil swamp.  It resembles a squat, wingless bird with powerful beak and legs.  Its blotchy skin is brightly colored.
classic	vanilla	vanilla_creatures/objects/creature_standard.txt	4534	CREATURE	GRIMELING		caste+0x220	An evil monster from the swamp.  It resembles a knot of waterlogged weeds but will strike the unaware victim.
classic	vanilla	vanilla_creatures/objects/creature_standard.txt	4601	CREATURE	BLENDEC_FOUL		caste+0x220	A man-shaped creature with the legs of a goat and the empty-eyed skull of a goat.
classic	vanilla	vanilla_creatures/objects/creature_standard.txt	4719	CREATURE	STRANGLER		caste+0x220	A large, four-armed ape creature with three eyes and razor-sharp teeth.
classic	vanilla	vanilla_creatures/objects/creature_standard.txt	4811	CREATURE	NIGHTWING		caste+0x220	A flying monster with stretched skin over its emaciated body.  It has the head of a jackal with needle-like horns protruding through its mane.
classic	vanilla	vanilla_creatures/objects/creature_standard.txt	4899	CREATURE	HARPY		caste+0x220	A monster in the shape of a woman with a bird's wings in place of arms and talons for feet.
classic	vanilla	vanilla_creatures/objects/creature_standard.txt	5080	CREATURE	HYDRA		caste+0x220	A giant dragon-like monster with seven biting heads.
classic	vanilla	vanilla_creatures/objects/creature_standard.txt	5187	CREATURE	MERPERSON		caste+0x220	A man-like creature with the tail of a fish instead of legs.
classic	vanilla	vanilla_creatures/objects/creature_standard.txt	5439	CREATURE	SEA_SERPENT		caste+0x220	A giant limbless dragon that lives in the sea.
classic	vanilla	vanilla_creatures/objects/creature_standard.txt	5532	CREATURE	SEA_MONSTER		caste+0x220	A giant creature with many eyes and arms to terrify the sea.
classic	vanilla	vanilla_creatures/objects/creature_standard.txt	5614	CREATURE	BIRD_ROC		caste+0x220	A bird of prey so large and ferocious it dwarfs many dragons.  All beneath its mighty wings should fear the sky.
classic	vanilla	vanilla_creatures/objects/creature_subterranean.txt	6	CREATURE	CROCODILE_CAVE		caste+0x220	A huge, predatory reptile with pale, colorless scales and red eyes.  It lives in caves and ambushes its prey.
classic	vanilla	vanilla_creatures/objects/creature_subterranean.txt	104	CREATURE	TOAD_GIANT_CAVE		caste+0x220	A giant amphibian predator found underground.
classic	vanilla	vanilla_creatures/objects/creature_subterranean.txt	180	CREATURE	OLM_GIANT		caste+0x220	A giant amphibian predator found underground near water.
classic	vanilla	vanilla_creatures/objects/creature_subterranean.txt	257	CREATURE	BAT_GIANT		caste+0x220	A giant flying mammal found underground.
classic	vanilla	vanilla_creatures/objects/creature_subterranean.txt	346	CREATURE	RAT_GIANT		caste+0x220	A gigantic rodent found underground.
classic	vanilla	vanilla_creatures/objects/creature_subterranean.txt	441	CREATURE	RAT_LARGE		caste+0x220	A huge rodent found underground.
classic	vanilla	vanilla_creatures/objects/creature_subterranean.txt	533	CREATURE	MOLE_DOG_NAKED		caste+0x220	A large, pale rodent with loose, hanging, hairless skin.  It has long teeth and an incredibly powerful bite.  It is found underground.
classic	vanilla	vanilla_creatures/objects/creature_subterranean.txt	621	CREATURE	TROGLODYTE		caste+0x220	A savage man-like cave creature.
classic	vanilla	vanilla_creatures/objects/creature_subterranean.txt	789	CREATURE	MOLE_GIANT		caste+0x220	A gigantic digging creature found underground.
classic	vanilla	vanilla_creatures/objects/creature_subterranean.txt	881	CREATURE	IMP_FIRE		caste+0x220	A small humanoid surrounded by fire which they can hurl at their enemies.
classic	vanilla	vanilla_creatures/objects/creature_subterranean.txt	1003	CREATURE	SPIDER_CAVE_GIANT		caste+0x220	A large underground monster with eight legs and sharp, venomous fangs.
classic	vanilla	vanilla_creatures/objects/creature_subterranean.txt	1107	CREATURE	SPIDER_CAVE		caste+0x220	A tiny underground bug, sought after for its thread.
classic	vanilla	vanilla_creatures/objects/creature_subterranean.txt	1186	CREATURE	FISH_CAVE		caste+0x220	A small pale creature found in underground streams and ponds.
classic	vanilla	vanilla_creatures/objects/creature_subterranean.txt	1275	CREATURE	CAVE_FISH_MAN	ALL	caste+0x220	A humanoid creature with the head of a blind cave fish.  They live in colonies in watery regions far underground.
classic	vanilla	vanilla_creatures/objects/creature_subterranean.txt	1284	CREATURE	LOBSTER_CAVE		caste+0x220	A small, pale arthropod found in underground streams and ponds.
classic	vanilla	vanilla_creatures/objects/creature_subterranean.txt	1340	CREATURE	SNAKE_FIRE		caste+0x220	A serpent made of pure fire which can inject liquid fire as venom.
classic	vanilla	vanilla_creatures/objects/creature_subterranean.txt	1386	CREATURE	OLM		caste+0x220	A tiny amphibian, found in underground streams.
classic	vanilla	vanilla_creatures/objects/creature_subterranean.txt	1473	CREATURE	OLM_MAN	ALL	caste+0x220	An animal person with the head of the amphibious olm.  It lives underground near water.
classic	vanilla	vanilla_creatures/objects/creature_subterranean.txt	1482	CREATURE	BAT		caste+0x220	A tiny winged creature that hunts at night and rests in caves during the day.
classic	vanilla	vanilla_creatures/objects/creature_subterranean.txt	1599	CREATURE	BAT_MAN	ALL	caste+0x220	A humanoid with the head of a bat and wings stretching from wrist to ankle.
classic	vanilla	vanilla_creatures/objects/creature_subterranean.txt	1607	CREATURE	MAGGOT_PURRING		caste+0x220	A tiny larva which is prized for its milk.
classic	vanilla	vanilla_creatures/objects/creature_subterranean.txt	1666	CREATURE	ELEMENTMAN_FIRE		caste+0x220	Fire in the shape of a human that can hurl fireballs.
classic	vanilla	vanilla_creatures/objects/creature_subterranean.txt	1744	CREATURE	ELEMENTMAN_MAGMA		caste+0x220	Magma moving in the shape of a man.  It has a cracked black crust.
classic	vanilla	vanilla_creatures/objects/creature_subterranean.txt	1821	CREATURE	ELEMENTMAN_IRON		caste+0x220	A man-shaped creature made of iron.
classic	vanilla	vanilla_creatures/objects/creature_subterranean.txt	1909	CREATURE	ELEMENTMAN_MUD		caste+0x220	A humanoid made of mud which lives near water underground.
classic	vanilla	vanilla_creatures/objects/creature_subterranean.txt	1973	CREATURE	BIRD_SWALLOW_CAVE		caste+0x220	A small blue and orange bird.
classic	vanilla	vanilla_creatures/objects/creature_subterranean.txt	2092	CREATURE	CAVE_SWALLOW_MAN	ALL	caste+0x220	A feathered man with the wings and head of a bird.  It lives underground.
classic	vanilla	vanilla_creatures/objects/creature_subterranean.txt	2101	CREATURE	BIRD_SWALLOW_CAVE_GIANT		caste+0x220	A gigantic blue and orange bird.
classic	vanilla	vanilla_creatures/objects/creature_subterranean.txt	2204	CREATURE	AMPHIBIAN_MAN		caste+0x220	These evil creatures resemble walking frogs with arms and the intelligence to use them.  They live in the waters far under the earth.
classic	vanilla	vanilla_creatures/objects/creature_subterranean.txt	2299	CREATURE	REPTILE_MAN		caste+0x220	These creatures are shaped like men covered with rough scales.  They have the head and tail of a lizard and possess a dark and evil intelligence.  They are found deep under the earth.
classic	vanilla	vanilla_creatures/objects/creature_subterranean.txt	2420	CREATURE	SERPENT_MAN		caste+0x220	A large white snake with the arms and torso of a man.  These creatures are evil and live far underground.
classic	vanilla	vanilla_creatures/objects/creature_subterranean.txt	2560	CREATURE	ANT_MAN		caste+0x220	A humanoid with the head and body of an ant.
classic	vanilla	vanilla_creatures/objects/creature_subterranean.txt	2678	CREATURE	RODENT MAN		caste+0x220	An evil humanoid with a long tail, black spiky fur and a twitching nose.  It lives far underground.
classic	vanilla	vanilla_creatures/objects/creature_temperate_new.txt	12	CREATURE	WILD_BOAR		caste+0x220	A medium-sized beast, known for its tusks and powerful build.
classic	vanilla	vanilla_creatures/objects/creature_temperate_new.txt	139	CREATURE	WILD_BOAR_MAN	ALL	caste+0x220	A person with the head of a wild boar.
classic	vanilla	vanilla_creatures/objects/creature_temperate_new.txt	162	CREATURE	GIANT_WILD_BOAR	ALL	caste+0x220	A huge monster boar with jagged tusks.
classic	vanilla	vanilla_creatures/objects/creature_temperate_new.txt	183	CREATURE	COYOTE		caste+0x220	A medium-sized dog-like creature.  It is sly, and groups can be heard howling in the night.
classic	vanilla	vanilla_creatures/objects/creature_temperate_new.txt	302	CREATURE	COYOTE_MAN	ALL	caste+0x220	A person with the head and tail of a coyote.
classic	vanilla	vanilla_creatures/objects/creature_temperate_new.txt	323	CREATURE	GIANT_COYOTE	ALL	caste+0x220	A large dog-like monster with a haunting howl.
classic	vanilla	vanilla_creatures/objects/creature_temperate_new.txt	343	CREATURE	KANGAROO		caste+0x220	A medium-sized creature that can be found hopping through the grassland.
classic	vanilla	vanilla_creatures/objects/creature_temperate_new.txt	489	CREATURE	KANGAROO_MAN	ALL	caste+0x220	A person with the head and powerful legs of a kangaroo.
classic	vanilla	vanilla_creatures/objects/creature_temperate_new.txt	517	CREATURE	GIANT_KANGAROO	ALL	caste+0x220	A huge monster in the shape of a kangaroo.
classic	vanilla	vanilla_creatures/objects/creature_temperate_new.txt	539	CREATURE	KOALA		caste+0x220	A small, grey, tree-dwelling creature.
classic	vanilla	vanilla_creatures/objects/creature_temperate_new.txt	650	CREATURE	KOALA_MAN	ALL	caste+0x220	A grey person with the head of a koala.
classic	vanilla	vanilla_creatures/objects/creature_temperate_new.txt	671	CREATURE	GIANT_KOALA	ALL	caste+0x220	A large koala-shaped monster.
classic	vanilla	vanilla_creatures/objects/creature_temperate_new.txt	690	CREATURE	ADDER		caste+0x220	A tiny snake with ridged scales and a powerful venomous bite.
classic	vanilla	vanilla_creatures/objects/creature_temperate_new.txt	832	CREATURE	ADDER_MAN	ALL	caste+0x220	A large adder with the torso and arms of a man.
classic	vanilla	vanilla_creatures/objects/creature_temperate_new.txt	867	CREATURE	GIANT_ADDER	ALL	caste+0x220	A large monster in the form of an adder.
classic	vanilla	vanilla_creatures/objects/creature_temperate_new.txt	887	CREATURE	ECHIDNA		caste+0x220	A small spiny mammal with a long snout.  It eats ants and termites and reproduces by laying eggs.
classic	vanilla	vanilla_creatures/objects/creature_temperate_new.txt	1005	CREATURE	ECHIDNA_MAN	ALL	caste+0x220	A spiny person with the head of an echidna.
classic	vanilla	vanilla_creatures/objects/creature_temperate_new.txt	1026	CREATURE	GIANT_ECHIDNA	ALL	caste+0x220	A large monster in the shape of an echidna.
classic	vanilla	vanilla_creatures/objects/creature_temperate_new.txt	1046	CREATURE	PORCUPINE		caste+0x220	A small rodent covered with sharp quills.  They eat grass and leaves and can even climb trees.
classic	vanilla	vanilla_creatures/objects/creature_temperate_new.txt	1168	CREATURE	PORCUPINE_MAN	ALL	caste+0x220	A person with the head and quills of a porcupine.
classic	vanilla	vanilla_creatures/objects/creature_temperate_new.txt	1189	CREATURE	GIANT_PORCUPINE	ALL	caste+0x220	A large monster in the form of a porcupine.
classic	vanilla	vanilla_creatures/objects/creature_temperate_new.txt	1209	CREATURE	KINGSNAKE		caste+0x220	A small, brightly-colored snake.  It is known for eating other snakes and being mistaken for its venomous cousins.
classic	vanilla	vanilla_creatures/objects/creature_temperate_new.txt	1312	CREATURE	KINGSNAKE_MAN	ALL	caste+0x220	A legless person with the head and tail of a kingsnake.
classic	vanilla	vanilla_creatures/objects/creature_temperate_new.txt	1330	CREATURE	GIANT_KINGSNAKE	ALL	caste+0x220	A large monster in the form of a kingsnake.
classic	vanilla	vanilla_creatures/objects/creature_temperate_new.txt	1350	CREATURE	GRAY_LANGUR		caste+0x220	A small monkey that can be found in forests and the streets of towns.
classic	vanilla	vanilla_creatures/objects/creature_temperate_new.txt	1465	CREATURE	GRAY_LANGUR_MAN	ALL	caste+0x220	A grey person with the head and tail of a gray langur.
classic	vanilla	vanilla_creatures/objects/creature_temperate_new.txt	1485	CREATURE	GIANT_GRAY_LANGUR	ALL	caste+0x220	A huge monster in the shape of a gray langur.
classic	vanilla	vanilla_creatures/objects/creature_temperate_new.txt	1506	CREATURE	BOBCAT		caste+0x220	A small feline predator with a shortened tail.
classic	vanilla	vanilla_creatures/objects/creature_temperate_new.txt	1623	CREATURE	BOBCAT_MAN	ALL	caste+0x220	A person with the head and short tail of a bobcat.
classic	vanilla	vanilla_creatures/objects/creature_temperate_new.txt	1644	CREATURE	GIANT_BOBCAT	ALL	caste+0x220	A large monster in the form of a bobcat.
classic	vanilla	vanilla_creatures/objects/creature_temperate_new.txt	1661	CREATURE	SKUNK		caste+0x220	A small black and white mammal.  It is capable of spraying a stinking fluid.
classic	vanilla	vanilla_creatures/objects/creature_temperate_new.txt	1776	CREATURE	SKUNK_MAN	ALL	caste+0x220	A striped person with the head and tail of a skunk.
classic	vanilla	vanilla_creatures/objects/creature_temperate_new.txt	1797	CREATURE	GIANT_SKUNK	ALL	caste+0x220	A large monster in the form of a skunk.
classic	vanilla	vanilla_creatures/objects/creature_temperate_new.txt	1815	CREATURE	GREEN_TREE_FROG		caste+0x220	A tiny amphibian that lives in the trees.
classic	vanilla	vanilla_creatures/objects/creature_temperate_new.txt	1902	CREATURE	GREEN_TREE_FROG_MAN	ALL	caste+0x220	A green person with the head of a green tree frog.
classic	vanilla	vanilla_creatures/objects/creature_temperate_new.txt	1920	CREATURE	GIANT_GREEN_TREE_FROG	ALL	caste+0x220	A large monster in the shape of a green tree frog.
classic	vanilla	vanilla_creatures/objects/creature_temperate_new.txt	1940	CREATURE	HARE		caste+0x220	A swift, long-eared rodent with long legs and a short fluffy tail.
classic	vanilla	vanilla_creatures/objects/creature_temperate_new.txt	2056	CREATURE	HARE_MAN	ALL	caste+0x220	A long-eared person with the head and tail of a hare.
classic	vanilla	vanilla_creatures/objects/creature_temperate_new.txt	2077	CREATURE	GIANT_HARE	ALL	caste+0x220	A large monster in the shape of a hare.
classic	vanilla	vanilla_creatures/objects/creature_temperate_new.txt	2095	CREATURE	RATTLESNAKE		caste+0x220	A small reptile with a tell-tale rattle and vicious bite that leads to a quick death.
classic	vanilla	vanilla_creatures/objects/creature_temperate_new.txt	2230	CREATURE	RATTLESNAKE_MAN	ALL	caste+0x220	A person resembling a large rattlesnake with arms.
classic	vanilla	vanilla_creatures/objects/creature_temperate_new.txt	2265	CREATURE	GIANT_RATTLESNAKE	ALL	caste+0x220	A huge monster taking the shape of a rattlesnake.
classic	vanilla	vanilla_creatures/objects/creature_temperate_new.txt	2284	CREATURE	WEASEL		caste+0x220	A tiny mammal with a slender body.  It hunts in mouse holes as well as barn yards.
classic	vanilla	vanilla_creatures/objects/creature_temperate_new.txt	2396	CREATURE	WEASEL_MAN	ALL	caste+0x220	A person with the head and tail of a weasel.
classic	vanilla	vanilla_creatures/objects/creature_temperate_new.txt	2417	CREATURE	GIANT_WEASEL	ALL	caste+0x220	A large monster taking the shape of a weasel.
classic	vanilla	vanilla_creatures/objects/creature_temperate_new.txt	2437	CREATURE	COPPERHEAD_SNAKE		caste+0x220	A tiny venomous snake found in the woods and swamps.
classic	vanilla	vanilla_creatures/objects/creature_temperate_new.txt	2568	CREATURE	COPPERHEAD_SNAKE_MAN	ALL	caste+0x220	A large copperhead snake with the arms of a man.
classic	vanilla	vanilla_creatures/objects/creature_temperate_new.txt	2603	CREATURE	GIANT_COPPERHEAD_SNAKE	ALL	caste+0x220	A huge monster in the form of a copperhead snake.
classic	vanilla	vanilla_creatures/objects/creature_temperate_new.txt	2622	CREATURE	IBEX		caste+0x220	A small horned mammal.  It can be found in the mountains leaping from rock to rock.
classic	vanilla	vanilla_creatures/objects/creature_temperate_new.txt	2743	CREATURE	IBEX_MAN	ALL	caste+0x220	A horned person with the head of an ibex.
classic	vanilla	vanilla_creatures/objects/creature_temperate_new.txt	2762	CREATURE	GIANT_IBEX	ALL	caste+0x220	A huge monster in the form of an ibex.
classic	vanilla	vanilla_creatures/objects/creature_temperate_new.txt	2781	CREATURE	WOMBAT		caste+0x220	A small, stocky mammal.  It is found from the mountains to the woodlands.
classic	vanilla	vanilla_creatures/objects/creature_temperate_new.txt	2895	CREATURE	WOMBAT_MAN	ALL	caste+0x220	A muscular person with the head of a wombat.
classic	vanilla	vanilla_creatures/objects/creature_temperate_new.txt	2916	CREATURE	GIANT_WOMBAT	ALL	caste+0x220	A huge monster in the shape of a wombat.
classic	vanilla	vanilla_creatures/objects/creature_temperate_new.txt	2935	CREATURE	DINGO		caste+0x220	A small dog-like creature.  They are known to attack livestock.
classic	vanilla	vanilla_creatures/objects/creature_temperate_new.txt	3047	CREATURE	DINGO_MAN	ALL	caste+0x220	A person with the head of a dingo.
classic	vanilla	vanilla_creatures/objects/creature_temperate_new.txt	3068	CREATURE	GIANT_DINGO	ALL	caste+0x220	A huge monster in the form of a dingo.
classic	vanilla	vanilla_creatures/objects/creature_temperate_new.txt	3085	CREATURE	COATI		caste+0x220	A small, long-nosed raccoon-like creature.
classic	vanilla	vanilla_creatures/objects/creature_temperate_new.txt	3198	CREATURE	COATI_MAN	ALL	caste+0x220	A person with the head and tail of a coati.
classic	vanilla	vanilla_creatures/objects/creature_temperate_new.txt	3219	CREATURE	GIANT_COATI	ALL	caste+0x220	A huge monster in the form of a coati.
classic	vanilla	vanilla_creatures/objects/creature_temperate_new.txt	3238	CREATURE	OPOSSUM		caste+0x220	A small mammal resembling a large, white rat.
classic	vanilla	vanilla_creatures/objects/creature_temperate_new.txt	3351	CREATURE	OPOSSUM_MAN	ALL	caste+0x220	A person with the head and tail of an opossum.
classic	vanilla	vanilla_creatures/objects/creature_temperate_new.txt	3372	CREATURE	GIANT_OPOSSUM	ALL	caste+0x220	A huge monster in the shape of an opossum.
classic	vanilla	vanilla_creatures/objects/creature_tropical_new.txt	12	CREATURE	MONGOOSE		caste+0x220	A very small mammal with short legs and a long tail.  It hunts small animals to eat.
classic	vanilla	vanilla_creatures/objects/creature_tropical_new.txt	124	CREATURE	MONGOOSE_MAN	ALL	caste+0x220	A small person with the head and tail of a mongoose.
classic	vanilla	vanilla_creatures/objects/creature_tropical_new.txt	145	CREATURE	GIANT_MONGOOSE	ALL	caste+0x220	A large mongoose-like monster known for hunting people amongst other things.
classic	vanilla	vanilla_creatures/objects/creature_tropical_new.txt	165	CREATURE	HYENA		caste+0x220	A medium-sized pack predator found in the savanna.
classic	vanilla	vanilla_creatures/objects/creature_tropical_new.txt	280	CREATURE	HYENA_MAN	ALL	caste+0x220	A person with the head and markings of a hyena.
classic	vanilla	vanilla_creatures/objects/creature_tropical_new.txt	301	CREATURE	GIANT_HYENA	ALL	caste+0x220	A huge monster the shape of a hyena.
classic	vanilla	vanilla_creatures/objects/creature_tropical_new.txt	321	CREATURE	ANACONDA		caste+0x220	A medium-sized snake that lives in the trees.  It eats prey much larger than itself and slays them by crushing them to death.
classic	vanilla	vanilla_creatures/objects/creature_tropical_new.txt	416	CREATURE	ANACONDA_MAN	ALL	caste+0x220	A large anaconda with the torso and arms of a man.
classic	vanilla	vanilla_creatures/objects/creature_tropical_new.txt	434	CREATURE	GIANT_ANACONDA	ALL	caste+0x220	A huge monster in the form of an anaconda.
classic	vanilla	vanilla_creatures/objects/creature_tropical_new.txt	454	CREATURE	MONITOR_LIZARD		caste+0x220	A medium-sized reptile.  They can be found foraging for food such as eggs or worms.  They are said to be the most intelligent of their kind.
classic	vanilla	vanilla_creatures/objects/creature_tropical_new.txt	566	CREATURE	MONITOR_LIZARD_MAN	ALL	caste+0x220	A person with the head and tail of a monitor lizard.
classic	vanilla	vanilla_creatures/objects/creature_tropical_new.txt	587	CREATURE	GIANT_MONITOR_LIZARD	ALL	caste+0x220	A huge monster in the shape of a monitor lizard.
classic	vanilla	vanilla_creatures/objects/creature_tropical_new.txt	606	CREATURE	KING_COBRA		caste+0x220	A small limbless reptile known for its deadly venom and the warning of its hood.
classic	vanilla	vanilla_creatures/objects/creature_tropical_new.txt	744	CREATURE	KING_COBRA_MAN	ALL	caste+0x220	A legless person with the head and tail of a king cobra.
classic	vanilla	vanilla_creatures/objects/creature_tropical_new.txt	779	CREATURE	GIANT_KING_COBRA	ALL	caste+0x220	A large monster in the shape of a king cobra.
classic	vanilla	vanilla_creatures/objects/creature_tropical_new.txt	798	CREATURE	OCELOT		caste+0x220	A small cat-like creature found in the jungle.
classic	vanilla	vanilla_creatures/objects/creature_tropical_new.txt	913	CREATURE	OCELOT_MAN	ALL	caste+0x220	A person with the head and tail of an ocelot.
classic	vanilla	vanilla_creatures/objects/creature_tropical_new.txt	934	CREATURE	GIANT_OCELOT	ALL	caste+0x220	A huge monster in the shape of an ocelot.
classic	vanilla	vanilla_creatures/objects/creature_tropical_new.txt	954	CREATURE	JACKAL		caste+0x220	A small wolf-like scavenger.  Normally found in pairs, jackals can form packs when they find a body.
classic	vanilla	vanilla_creatures/objects/creature_tropical_new.txt	1066	CREATURE	JACKAL_MAN	ALL	caste+0x220	A person with the head and tail of a jackal.
classic	vanilla	vanilla_creatures/objects/creature_tropical_new.txt	1087	CREATURE	GIANT_JACKAL	ALL	caste+0x220	A large monster in the form of a jackal.
classic	vanilla	vanilla_creatures/objects/creature_tropical_new.txt	1106	CREATURE	CAPUCHIN		caste+0x220	A tiny diurnal monkey.  It spends its time in the trees searching for food.
classic	vanilla	vanilla_creatures/objects/creature_tropical_new.txt	1218	CREATURE	CAPUCHIN_MAN	ALL	caste+0x220	A person with the head and tail of a capuchin.
classic	vanilla	vanilla_creatures/objects/creature_tropical_new.txt	1238	CREATURE	GIANT_CAPUCHIN	ALL	caste+0x220	A large monster in the form of a capuchin.
classic	vanilla	vanilla_creatures/objects/creature_tropical_new.txt	1257	CREATURE	SLOTH		caste+0x220	A small, slow-moving mammal that lives in the trees.
classic	vanilla	vanilla_creatures/objects/creature_tropical_new.txt	1366	CREATURE	SLOTH_MAN	ALL	caste+0x220	A person with the head of a sloth.
classic	vanilla	vanilla_creatures/objects/creature_tropical_new.txt	1386	CREATURE	GIANT_SLOTH	ALL	caste+0x220	A huge monster in the shape of a sloth.
classic	vanilla	vanilla_creatures/objects/creature_tropical_new.txt	1406	CREATURE	SPIDER_MONKEY		caste+0x220	A small animal found in the canopy of the jungle.  They have extremely long arms and legs.
classic	vanilla	vanilla_creatures/objects/creature_tropical_new.txt	1516	CREATURE	SPIDER_MONKEY_MAN	ALL	caste+0x220	A long-limbed person with the head and tail of a spider monkey.
classic	vanilla	vanilla_creatures/objects/creature_tropical_new.txt	1536	CREATURE	GIANT_SPIDER_MONKEY	ALL	caste+0x220	A large monster in the form of a spider monkey.
classic	vanilla	vanilla_creatures/objects/creature_tropical_new.txt	1555	CREATURE	PANGOLIN		caste+0x220	A small mammal covered in hard scales.  It has a long nose and tongue which it uses to feed.
classic	vanilla	vanilla_creatures/objects/creature_tropical_new.txt	1676	CREATURE	PANGOLIN_MAN	ALL	caste+0x220	A person with the head and scales of a pangolin.
classic	vanilla	vanilla_creatures/objects/creature_tropical_new.txt	1697	CREATURE	GIANT_PANGOLIN	ALL	caste+0x220	A huge monster in the form of a pangolin.
classic	vanilla	vanilla_creatures/objects/creature_tropical_new.txt	1714	CREATURE	BLACK_MAMBA		caste+0x220	A small aggressive snake which can move very quickly.  Its venom is deadly.
classic	vanilla	vanilla_creatures/objects/creature_tropical_new.txt	1859	CREATURE	BLACK_MAMBA_MAN	ALL	caste+0x220	A person in the form of a large black mamba with arms.
classic	vanilla	vanilla_creatures/objects/creature_tropical_new.txt	1894	CREATURE	GIANT_BLACK_MAMBA	ALL	caste+0x220	A large monster taking the shape of a black mamba.
classic	vanilla	vanilla_creatures/objects/creature_tropical_new.txt	1912	CREATURE	BEAR_SLOTH		caste+0x220	A medium-sized mammal that lives in the trees.  It is known for its easy-going nature.
classic	vanilla	vanilla_creatures/objects/creature_tropical_new.txt	2025	CREATURE	SLOTH_BEAR_MAN	ALL	caste+0x220	A person with the head and claws of a sloth bear.
classic	vanilla	vanilla_creatures/objects/creature_tropical_new.txt	2046	CREATURE	GIANT_SLOTH_BEAR	ALL	caste+0x220	A huge monster in the form of a sloth bear.
classic	vanilla	vanilla_creatures/objects/creature_tropical_new.txt	2065	CREATURE	AYE-AYE		caste+0x220	A small, nocturnal, tree-dwelling mammal.  It uses its long fingers to fish out grubs from the wood.
classic	vanilla	vanilla_creatures/objects/creature_tropical_new.txt	2174	CREATURE	AYE-AYE_MAN	ALL	caste+0x220	A person with the head and fingers of an aye-aye.
classic	vanilla	vanilla_creatures/objects/creature_tropical_new.txt	2194	CREATURE	GIANT_AYE-AYE	ALL	caste+0x220	A huge monster shaped like an aye-aye.
classic	vanilla	vanilla_creatures/objects/creature_tropical_new.txt	2217	CREATURE	BUSHMASTER		caste+0x220	A tiny venomous snake.  It is the longest of the pit vipers.
classic	vanilla	vanilla_creatures/objects/creature_tropical_new.txt	2358	CREATURE	BUSHMASTER_MAN	ALL	caste+0x220	A large bushmaster with the arms of a man.
classic	vanilla	vanilla_creatures/objects/creature_tropical_new.txt	2393	CREATURE	GIANT_BUSHMASTER	ALL	caste+0x220	A huge monster in the form of a bushmaster.
classic	vanilla	vanilla_creatures/objects/creature_tropical_new.txt	2412	CREATURE	PYTHON		caste+0x220	A small snake found in the trees.  It kills its prey by using its long body to constrict them.
classic	vanilla	vanilla_creatures/objects/creature_tropical_new.txt	2513	CREATURE	PYTHON_MAN	ALL	caste+0x220	A large python with arms of a man.
classic	vanilla	vanilla_creatures/objects/creature_tropical_new.txt	2531	CREATURE	GIANT_PYTHON	ALL	caste+0x220	A huge monster in the form of a python.
classic	vanilla	vanilla_creatures/objects/creature_tropical_new.txt	2550	CREATURE	TAPIR		caste+0x220	A medium-sized mammal with a prehensile nose.  It lives in the tropical rainforest.
classic	vanilla	vanilla_creatures/objects/creature_tropical_new.txt	2691	CREATURE	TAPIR_MAN	ALL	caste+0x220	A person with the head of a tapir.
classic	vanilla	vanilla_creatures/objects/creature_tropical_new.txt	2719	CREATURE	GIANT_TAPIR	ALL	caste+0x220	A huge monster in the form of a tapir.
classic	vanilla	vanilla_creatures/objects/creature_tropical_new.txt	2736	CREATURE	IMPALA		caste+0x220	A small, slender gazelle-like creature.
classic	vanilla	vanilla_creatures/objects/creature_tropical_new.txt	2851	CREATURE	IMPALA_MAN	ALL	caste+0x220	A slender, horned man with the head and tail of a impala.
classic	vanilla	vanilla_creatures/objects/creature_tropical_new.txt	2870	CREATURE	GIANT_IMPALA	ALL	caste+0x220	A huge monster in the form of an impala.
classic	vanilla	vanilla_creatures/objects/creature_tropical_new.txt	2889	CREATURE	AARDVARK		caste+0x220	A small, nocturnal mammal.  It has a long tongue with which to eat insects.
classic	vanilla	vanilla_creatures/objects/creature_tropical_new.txt	3002	CREATURE	AARDVARK_MAN	ALL	caste+0x220	A person with the head and tail of an aardvark.
classic	vanilla	vanilla_creatures/objects/creature_tropical_new.txt	3023	CREATURE	GIANT_AARDVARK	ALL	caste+0x220	A huge monster in the form of an aardvark.
classic	vanilla	vanilla_creatures/objects/creature_tropical_new.txt	3043	CREATURE	LION_TAMARIN		caste+0x220	A small orange monkey with a long tail.
classic	vanilla	vanilla_creatures/objects/creature_tropical_new.txt	3147	CREATURE	LION_TAMARIN_MAN	ALL	caste+0x220	An orange person with the head and tail of a lion tamarin.
classic	vanilla	vanilla_creatures/objects/creature_tropical_new.txt	3167	CREATURE	GIANT_LION_TAMARIN	ALL	caste+0x220	A huge monster in the form of a lion tamarin.
classic	vanilla	vanilla_creatures/objects/creature_tundra_taiga_new.txt	11	CREATURE	STOAT		caste+0x220	A small weasel-like creature that hunts rodents and preys on the nests of birds.
classic	vanilla	vanilla_creatures/objects/creature_tundra_taiga_new.txt	123	CREATURE	STOAT_MAN	ALL	caste+0x220	A long-bodied person with the head of a stoat.
classic	vanilla	vanilla_creatures/objects/creature_tundra_taiga_new.txt	144	CREATURE	GIANT_STOAT	ALL	caste+0x220	A large monster in the shape of a stoat.
classic	vanilla	vanilla_creatures/objects/creature_tundra_taiga_new.txt	163	CREATURE	LYNX		caste+0x220	A medium-sized mammalian predator.  It is known by the tell-tale tufts of hair on the tips of its ears.
classic	vanilla	vanilla_creatures/objects/creature_tundra_taiga_new.txt	275	CREATURE	LYNX_MAN	ALL	caste+0x220	A person with the head and tail of a lynx.
classic	vanilla	vanilla_creatures/objects/creature_tundra_taiga_new.txt	296	CREATURE	GIANT_LYNX	ALL	caste+0x220	A huge monster in the shape of a lynx.
classic	vanilla	vanilla_creatures_extinct/objects/creature_cambrian.txt	6	CREATURE	CAMBRIAN_HALLUCIGENIA		caste+0x220	A tiny aquatic worm-like creature with ten pairs slender legs and seven pairs of protruding rigid spines along its body.
classic	vanilla	vanilla_creatures_extinct/objects/creature_cambrian.txt	90	CREATURE	CAMBRIAN_HALLUCIGENIA_MAN	ALL	caste+0x220	A small person with the back spines of a hallucigenia.
classic	vanilla	vanilla_creatures_extinct/objects/creature_cambrian.txt	97	CREATURE	CAMBRIAN_HAIKOUICHTHYS		caste+0x220	A tiny four-eyed fish with a pronounced fin along its back.
classic	vanilla	vanilla_creatures_extinct/objects/creature_cambrian.txt	188	CREATURE	CAMBRIAN_HAIKOUICHTHYS_MAN	ALL	caste+0x220	A small four-eyed fish person with a pronounced back fin.
classic	vanilla	vanilla_creatures_extinct/objects/creature_cambrian.txt	195	CREATURE	CAMBRIAN_OPABINIA		caste+0x220	A tiny five-eyed aquatic arthropod with a grasping proboscis.
classic	vanilla	vanilla_creatures_extinct/objects/creature_cambrian.txt	285	CREATURE	CAMBRIAN_OPABINIA_MAN	ALL	caste+0x220	A small five-eyed arthropod person with grasping proboscis.
classic	vanilla	vanilla_creatures_extinct/objects/creature_cambrian.txt	292	CREATURE	CAMBRIAN_ANOMALOCARIS		caste+0x220	A tiny aquatic arthropod with pronounced eyes and two frontal grasping appendages.
classic	vanilla	vanilla_creatures_extinct/objects/creature_cambrian.txt	374	CREATURE	CAMBRIAN_ANOMALOCARIS_MAN	ALL	caste+0x220	A small arthropod person with pronounced eyes and two grasping appendages protruding from their face.
classic	vanilla	vanilla_creatures_extinct/objects/creature_cambrian.txt	381	CREATURE	CAMBRIAN_TRILOBITE		caste+0x220	A very small aquatic arthropod with two antennae.  It has many legs underneath its flat segmented oval body.  They can curl into a ball to protect themselves.
classic	vanilla	vanilla_creatures_extinct/objects/creature_cambrian.txt	465	CREATURE	CAMBRIAN_TRILOBITE_MAN	ALL	caste+0x220	A small person with the segmented body and antennae of a trilobite.
classic	vanilla	vanilla_creatures_extinct/objects/creature_cambrian.txt	472	CREATURE	CAMBRIAN_WIWAXIA		caste+0x220	A tiny hemispherical arthropod with protective spines.
classic	vanilla	vanilla_creatures_extinct/objects/creature_cambrian.txt	563	CREATURE	CAMBRIAN_WIWAXIA_MAN	ALL	caste+0x220	A tiny arthropod person with the protective spines of a wiwaxia.
classic	vanilla	vanilla_creatures_extinct/objects/creature_carboniferous.txt	6	CREATURE	CARBONIFEROUS_OESTOCEPHALUS		caste+0x220	A tiny amphibious limbless vertebrate that feeds on creatures as it slithers about.
classic	vanilla	vanilla_creatures_extinct/objects/creature_carboniferous.txt	97	CREATURE	CARBONIFEROUS_OESTOCEPHALUS_MAN	ALL	caste+0x220	A small slender legless amphibious person.
classic	vanilla	vanilla_creatures_extinct/objects/creature_carboniferous.txt	104	CREATURE	CARBONIFEROUS_TULLIMONSTRUM		caste+0x220	A tiny soft-bodied aquatic creature with a grasping forward appendage, two eyestalks and a finned tail.
classic	vanilla	vanilla_creatures_extinct/objects/creature_carboniferous.txt	185	CREATURE	CARBONIFEROUS_TULLIMONSTRUM_MAN	ALL	caste+0x220	A small legless person with two eyestalks and a grasping appendage attached to their face.
classic	vanilla	vanilla_creatures_extinct/objects/creature_carboniferous.txt	192	CREATURE	CARBONIFEROUS_ARTHROPLEURA		caste+0x220	A small myriapod, though very large for a myriapod.  It feeds on detritus.
classic	vanilla	vanilla_creatures_extinct/objects/creature_carboniferous.txt	270	CREATURE	CARBONIFEROUS_ARTHROPLEURA_MAN	ALL	caste+0x220	A small arthropod person reminescent of a myriapod.
classic	vanilla	vanilla_creatures_extinct/objects/creature_carboniferous.txt	277	CREATURE	CARBONIFEROUS_MEGANEURA		caste+0x220	A tiny winged insect, though exceptionally large for a dragonfly.
classic	vanilla	vanilla_creatures_extinct/objects/creature_carboniferous.txt	355	CREATURE	CARBONIFEROUS_MEGANEURA_MAN	ALL	caste+0x220	A small arthropod person with the wings of a giant dragonfly.
classic	vanilla	vanilla_creatures_extinct/objects/creature_cenozoic.txt	6	CREATURE	CENOZOIC_DEINOTHERIUM		caste+0x220	A gigantic hairless mammal with a long trunk and two backward-curving tusks.
classic	vanilla	vanilla_creatures_extinct/objects/creature_cenozoic.txt	117	CREATURE	CENOZOIC_DEINOTHERIUM_MAN	ALL	caste+0x220	A very large hairless mammal person with a trunk and two backward-curving tusks.
classic	vanilla	vanilla_creatures_extinct/objects/creature_cenozoic.txt	124	CREATURE	CENOZOIC_SMILODON		caste+0x220	A large feline with pronounced eye teeth protruding from its mouth.
classic	vanilla	vanilla_creatures_extinct/objects/creature_cenozoic.txt	249	CREATURE	CENOZOIC_SMILODON_MAN	ALL	caste+0x220	A large feline person with pronounced eye teeth protruding from their mouth.
classic	vanilla	vanilla_creatures_extinct/objects/creature_cenozoic.txt	256	CREATURE	CENOZOIC_MAMMOTH_PYGMY		caste+0x220	A huge mammal with a long trunk and two tusks.
classic	vanilla	vanilla_creatures_extinct/objects/creature_cenozoic.txt	372	CREATURE	CENOZOIC_MAMMOTH_PYGMY_MAN	ALL	caste+0x220	A large mammal person with a long trunk and two tusks.
classic	vanilla	vanilla_creatures_extinct/objects/creature_cenozoic.txt	379	CREATURE	CENOZOIC_MEGATHERIUM		caste+0x220	A huge ground sloth with a long tongue.
classic	vanilla	vanilla_creatures_extinct/objects/creature_cenozoic.txt	484	CREATURE	CENOZOIC_MEGATHERIUM_MAN	ALL	caste+0x220	A large sloth person with a long tongue.
classic	vanilla	vanilla_creatures_extinct/objects/creature_cenozoic.txt	491	CREATURE	CENOZOIC_THYLACINE		caste+0x220	A small striped mammal predator that hunts a night.  It can open its jaws unusually wide.
classic	vanilla	vanilla_creatures_extinct/objects/creature_cenozoic.txt	611	CREATURE	CENOZOIC_THYLACINE_MAN	ALL	caste+0x220	A small striped mammal person.
classic	vanilla	vanilla_creatures_extinct/objects/creature_cenozoic.txt	618	CREATURE	CENOZOIC_ANDREWSARCHUS		caste+0x220	A very large mammalian omnivore with a long head.
classic	vanilla	vanilla_creatures_extinct/objects/creature_cenozoic.txt	739	CREATURE	CENOZOIC_ANDREWSARCHUS_MAN	ALL	caste+0x220	A large mammalian person with a long head.
classic	vanilla	vanilla_creatures_extinct/objects/creature_cenozoic.txt	746	CREATURE	CENOZOIC_RHINOCEROS_WOOLLY		caste+0x220	A huge woolly mammal with two horns.
classic	vanilla	vanilla_creatures_extinct/objects/creature_cenozoic.txt	869	CREATURE	CENOZOIC_RHINOCEROS_WOOLLY_MAN	ALL	caste+0x220	A large woolly mammal person with two horns.
classic	vanilla	vanilla_creatures_extinct/objects/creature_cenozoic.txt	876	CREATURE	CENOZOIC_MIOHIPPUS		caste+0x220	A small horse with three toes on each foot.
classic	vanilla	vanilla_creatures_extinct/objects/creature_cenozoic.txt	1018	CREATURE	CENOZOIC_MIOHIPPUS_MAN	ALL	caste+0x220	A small horse person with three fingers and three toes.
classic	vanilla	vanilla_creatures_extinct/objects/creature_cenozoic.txt	1025	CREATURE	CENOZOIC_GLYPTODON		caste+0x220	A huge shelled mammal.
classic	vanilla	vanilla_creatures_extinct/objects/creature_cenozoic.txt	1134	CREATURE	CENOZOIC_GLYPTODON_MAN	ALL	caste+0x220	A large mammal person with a shell.
classic	vanilla	vanilla_creatures_extinct/objects/creature_cenozoic.txt	1141	CREATURE	CENOZOIC_MAMMOTH_WOOLLY		caste+0x220	A gigantic woolly mammal with a long trunk and two tusk.
classic	vanilla	vanilla_creatures_extinct/objects/creature_cenozoic.txt	1270	CREATURE	CENOZOIC_MAMMOTH_WOOLLY_MAN	ALL	caste+0x220	A very large woolly mammal person with two tusks.
classic	vanilla	vanilla_creatures_extinct/objects/creature_cenozoic.txt	1277	CREATURE	CENOZOIC_PARACERATHERIUM		caste+0x220	A gigantic hairless mammal with a long neck and a small trunk.
classic	vanilla	vanilla_creatures_extinct/objects/creature_cenozoic.txt	1378	CREATURE	CENOZOIC_PARACERATHERIUM_MAN	ALL	caste+0x220	A very large hairless mammal person with a long neck and a small trunk
classic	vanilla	vanilla_creatures_extinct/objects/creature_cenozoic.txt	1385	CREATURE	CENOZOIC_DODO		caste+0x220	A small flightless bird with a large beak.
classic	vanilla	vanilla_creatures_extinct/objects/creature_cenozoic.txt	1507	CREATURE	CENOZOIC_DODO_MAN	ALL	caste+0x220	A small flightless bird person with a large beak.
classic	vanilla	vanilla_creatures_extinct/objects/creature_cenozoic.txt	1514	CREATURE	CENOZOIC_KELENKEN		caste+0x220	A large predatory flightless bird with a terrifying beak.
classic	vanilla	vanilla_creatures_extinct/objects/creature_cenozoic.txt	1638	CREATURE	CENOZOIC_KELENKEN_MAN	ALL	caste+0x220	A flightless bird person with a terrifying beak.
classic	vanilla	vanilla_creatures_extinct/objects/creature_cenozoic.txt	1645	CREATURE	CENOZOIC_MOA		caste+0x220	A large flightless bird.  Females are more than twice as large as males.  They are primarily herbivorous.
classic	vanilla	vanilla_creatures_extinct/objects/creature_cenozoic.txt	1771	CREATURE	CENOZOIC_MOA_MAN	ALL	caste+0x220	A large flightless bird person.  Moa women are twice the size of moa men.
classic	vanilla	vanilla_creatures_extinct/objects/creature_cenozoic.txt	1778	CREATURE	CENOZOIC_MEGALODON		caste+0x220	A gigantic shark.
classic	vanilla	vanilla_creatures_extinct/objects/creature_cenozoic.txt	1882	CREATURE	CENOZOIC_MEGALODON_MAN	ALL	caste+0x220	A very large legless shark person.
classic	vanilla	vanilla_creatures_extinct/objects/creature_cenozoic.txt	1889	CREATURE	CENOZOIC_MEGALANIA		caste+0x220	A very large lizard.
classic	vanilla	vanilla_creatures_extinct/objects/creature_cenozoic.txt	2009	CREATURE	CENOZOIC_MEGALANIA_MAN	ALL	caste+0x220	A large lizard person.
classic	vanilla	vanilla_creatures_extinct/objects/creature_cenozoic.txt	2016	CREATURE	CENOZOIC_TITANOBOA		caste+0x220	A very large snake.  It is amphibious and constricts its prey.
classic	vanilla	vanilla_creatures_extinct/objects/creature_cenozoic.txt	2119	CREATURE	CENOZOIC_TITANOBOA_MAN	ALL	caste+0x220	A large legless snake person.
classic	vanilla	vanilla_creatures_extinct/objects/creature_cenozoic.txt	2126	CREATURE	CENOZOIC_PLATYBELODON		caste+0x220	A huge hairless mammal with a great shovel-like mouth capped with two tusks.  It has a long trunk and two small upper tusks as well.
classic	vanilla	vanilla_creatures_extinct/objects/creature_cenozoic.txt	2237	CREATURE	CENOZOIC_PLATYBELODON_MAN	ALL	caste+0x220	A large hairless mammal person with a large shovel-like mouth and a trunk.
classic	vanilla	vanilla_creatures_extinct/objects/creature_cenozoic.txt	2244	CREATURE	CENOZOIC_ENTELODON		caste+0x220	A large bulky mammal with a long snout.  It can run quickly on its thin legs.
classic	vanilla	vanilla_creatures_extinct/objects/creature_cenozoic.txt	2368	CREATURE	CENOZOIC_ENTELODON_MAN	ALL	caste+0x220	A large bulky mammal person with a long snout and skinny legs.
classic	vanilla	vanilla_creatures_extinct/objects/creature_cenozoic.txt	2375	CREATURE	CENOZOIC_MEGACEROPS		caste+0x220	A huge hairless mammal with a forked horn.
classic	vanilla	vanilla_creatures_extinct/objects/creature_cenozoic.txt	2482	CREATURE	CENOZOIC_MEGACEROPS_MAN	ALL	caste+0x220	A large hairless mammal person with a forked horn.
classic	vanilla	vanilla_creatures_extinct/objects/creature_cretaceous.txt	6	CREATURE	CRETACEOUS_AMMONITE		caste+0x220	A very large cephalopod with a coiled shell.
classic	vanilla	vanilla_creatures_extinct/objects/creature_cretaceous.txt	102	CREATURE	CRETACEOUS_AMMONITE_MAN	ALL	caste+0x220	A large cephalod person with the tentacled face and shell of an ammonite.
classic	vanilla	vanilla_creatures_extinct/objects/creature_cretaceous.txt	109	CREATURE	CRETACEOUS_ARCHELON		caste+0x220	A huge marine turtle.
classic	vanilla	vanilla_creatures_extinct/objects/creature_cretaceous.txt	220	CREATURE	CRETACEOUS_ARCHELON_MAN	ALL	caste+0x220	A large reptile person with the shell of a turtle.
classic	vanilla	vanilla_creatures_extinct/objects/creature_cretaceous.txt	227	CREATURE	CRETACEOUS_VELOCIRAPTOR		caste+0x220	A small feathered bipedal dinosaur with a sharp scything claw on its second toe.  It can run very quickly.
classic	vanilla	vanilla_creatures_extinct/objects/creature_cretaceous.txt	378	CREATURE	CRETACEOUS_VELOCIRAPTOR_MAN	ALL	caste+0x220	A small feathered dinosaur person with a sharp claw on their second toe.  They can run very quickly.
classic	vanilla	vanilla_creatures_extinct/objects/creature_cretaceous.txt	385	CREATURE	CRETACEOUS_MONONYKUS		caste+0x220	A very small feathered bipedal dinosaur with a single claw on each side of its upper body.
classic	vanilla	vanilla_creatures_extinct/objects/creature_cretaceous.txt	525	CREATURE	CRETACEOUS_MONONYKUS_MAN	ALL	caste+0x220	A small feathered dinosaur person with a single claw on each arm.
classic	vanilla	vanilla_creatures_extinct/objects/creature_cretaceous.txt	532	CREATURE	CRETACEOUS_LINHENYKUS		caste+0x220	A tiny feathered bipedal dinosaur with a single claw on each side of its upper body.
classic	vanilla	vanilla_creatures_extinct/objects/creature_cretaceous.txt	672	CREATURE	CRETACEOUS_LINHENYKUS_MAN	ALL	caste+0x220	A small feathered dinosaur person with a single claw on each arm.
classic	vanilla	vanilla_creatures_extinct/objects/creature_cretaceous.txt	679	CREATURE	CRETACEOUS_BUITRERAPTOR		caste+0x220	A very small feathered bipedal dinosaur with a sharp scything claw on its second toe.
classic	vanilla	vanilla_creatures_extinct/objects/creature_cretaceous.txt	828	CREATURE	CRETACEOUS_BUITRERAPTOR_MAN	ALL	caste+0x220	A small feathered dinosaur person with a sharp claw on their second toe.
classic	vanilla	vanilla_creatures_extinct/objects/creature_cretaceous.txt	835	CREATURE	CRETACEOUS_DEINONYCHUS		caste+0x220	A large feathered bipedal dinosaur with a sharp scything claw on its second toe.
classic	vanilla	vanilla_creatures_extinct/objects/creature_cretaceous.txt	984	CREATURE	CRETACEOUS_DEINONYCHUS_MAN	ALL	caste+0x220	A feathered dinosaur person with a sharp claw on their second toe.
classic	vanilla	vanilla_creatures_extinct/objects/creature_cretaceous.txt	991	CREATURE	CRETACEOUS_UTAHRAPTOR		caste+0x220	A very large feathered bipedal dinosaur with a sharp scything claw on its second toe.
classic	vanilla	vanilla_creatures_extinct/objects/creature_cretaceous.txt	1143	CREATURE	CRETACEOUS_UTAHRAPTOR_MAN	ALL	caste+0x220	A large feathered dinosaur person with a sharp claw on their second toe.
classic	vanilla	vanilla_creatures_extinct/objects/creature_cretaceous.txt	1150	CREATURE	CRETACEOUS_MOSASAURUS		caste+0x220	A gigantic aquatic reptile with four flippers and a huge toothy mouth.
classic	vanilla	vanilla_creatures_extinct/objects/creature_cretaceous.txt	1248	CREATURE	CRETACEOUS_MOSASAURUS_MAN	ALL	caste+0x220	A very large legless person with a giant toothy mouth.
classic	vanilla	vanilla_creatures_extinct/objects/creature_cretaceous.txt	1255	CREATURE	CRETACEOUS_PARASAUROLOPHUS		caste+0x220	A huge bipedal herbivorous dinosaur.  It has a beaked mouth and a hollow crest atop is head.
classic	vanilla	vanilla_creatures_extinct/objects/creature_cretaceous.txt	1394	CREATURE	CRETACEOUS_PARASAUROLOPHUS_MAN	ALL	caste+0x220	A large dinosaur person with a beaked mouth and a hollow crest atop their head.
classic	vanilla	vanilla_creatures_extinct/objects/creature_cretaceous.txt	1401	CREATURE	CRETACEOUS_IGUANODON		caste+0x220	A huge bipedal herbivorous dinosaur.  It has two prominent thumb spikes and a beaked mouth.
classic	vanilla	vanilla_creatures_extinct/objects/creature_cretaceous.txt	1554	CREATURE	CRETACEOUS_IGUANODON_MAN	ALL	caste+0x220	A very large dinosaur person with thumb spikes and a beaked mouth.
classic	vanilla	vanilla_creatures_extinct/objects/creature_cretaceous.txt	1561	CREATURE	CRETACEOUS_TRICERATOPS		caste+0x220	A gigantic herbivorous quadrupedal dinosaur.  It has a broad bony head frill and three horns.
classic	vanilla	vanilla_creatures_extinct/objects/creature_cretaceous.txt	1692	CREATURE	CRETACEOUS_TRICERATOPS_MAN	ALL	caste+0x220	A very large person with a bony head frill and three horns.
classic	vanilla	vanilla_creatures_extinct/objects/creature_cretaceous.txt	1699	CREATURE	CRETACEOUS_KOSMOCERATOPS		caste+0x220	A huge herbivorous quadrupedal dinosaur.  It has a broad spiky head frill and three horns.
classic	vanilla	vanilla_creatures_extinct/objects/creature_cretaceous.txt	1830	CREATURE	CRETACEOUS_KOSMOCERATOPS_MAN	ALL	caste+0x220	A very large person with a spiky head frill and three horns.
classic	vanilla	vanilla_creatures_extinct/objects/creature_cretaceous.txt	1837	CREATURE	CRETACEOUS_MICROCERATUS		caste+0x220	A very small bipedal herbivorous dinosaur with a bony head crest.
classic	vanilla	vanilla_creatures_extinct/objects/creature_cretaceous.txt	1948	CREATURE	CRETACEOUS_MICROCERATUS_MAN	ALL	caste+0x220	A small dinosaur person with a bony head crest.
classic	vanilla	vanilla_creatures_extinct/objects/creature_cretaceous.txt	1955	CREATURE	CRETACEOUS_ANKYLOSAURUS		caste+0x220	A gigantic armored quadrupedal dinosaur with a mighty tail club.  It is a herbivore and has four horns.
classic	vanilla	vanilla_creatures_extinct/objects/creature_cretaceous.txt	2093	CREATURE	CRETACEOUS_ANKYLOSAURUS_MAN	ALL	caste+0x220	A very large dinosaur person with a tail club, an armored carapace and four horns.
classic	vanilla	vanilla_creatures_extinct/objects/creature_cretaceous.txt	2100	CREATURE	CRETACEOUS_PACHYCEPHALOSAURUS		caste+0x220	A very large herbivorous bipedal dinosaur with a thick domed head.
classic	vanilla	vanilla_creatures_extinct/objects/creature_cretaceous.txt	2237	CREATURE	CRETACEOUS_PACHYCEPHALOSAURUS_MAN	ALL	caste+0x220	A large dinosaur person with a thick domed head.
classic	vanilla	vanilla_creatures_extinct/objects/creature_cretaceous.txt	2244	CREATURE	CRETACEOUS_QUETZALCOATLUS		caste+0x220	A large flying reptile with a long neck and beak.  It can soar at amazing speeds.
classic	vanilla	vanilla_creatures_extinct/objects/creature_cretaceous.txt	2370	CREATURE	CRETACEOUS_QUETZALCOATLUS_MAN	ALL	caste+0x220	A large flying reptile person with a long neck and beak.
classic	vanilla	vanilla_creatures_extinct/objects/creature_cretaceous.txt	2377	CREATURE	CRETACEOUS_COLEPIOCEPHALE		caste+0x220	A very small bipedal herbivorous dinosaur with a thick domed head.
classic	vanilla	vanilla_creatures_extinct/objects/creature_cretaceous.txt	2508	CREATURE	CRETACEOUS_COLEPIOCEPHALE_MAN	ALL	caste+0x220	A small dinosaur person with a thick domed head.
classic	vanilla	vanilla_creatures_extinct/objects/creature_cretaceous.txt	2515	CREATURE	CRETACEOUS_TSINTAOSAURUS		caste+0x220	A huge bipedal herbivorous dinosaur with a prominent head crest and a beaked mouth.
classic	vanilla	vanilla_creatures_extinct/objects/creature_cretaceous.txt	2651	CREATURE	CRETACEOUS_TSINTAOSAURUS_MAN	ALL	caste+0x220	A large dinosaur person with a beaked mouth and a prominent head crest.
classic	vanilla	vanilla_creatures_extinct/objects/creature_cretaceous.txt	2658	CREATURE	CRETACEOUS_THERIZINOSAURUS		caste+0x220	A huge feathered bipedal dinosaur with three gigantic claws on each hand.  It is a herbivore with a beaked mouth.
classic	vanilla	vanilla_creatures_extinct/objects/creature_cretaceous.txt	2811	CREATURE	CRETACEOUS_THERIZINOSAURUS_MAN	ALL	caste+0x220	A very large feathered dinosaur person with three giant claws on each hand.
classic	vanilla	vanilla_creatures_extinct/objects/creature_cretaceous.txt	2818	CREATURE	CRETACEOUS_SUZHOUSAURUS		caste+0x220	A huge feathered bipedal dinosaur with three gigantic claws on each hand.  It is a herbivore with a beaked mouth.
classic	vanilla	vanilla_creatures_extinct/objects/creature_cretaceous.txt	2971	CREATURE	CRETACEOUS_SUZHOUSAURUS_MAN	ALL	caste+0x220	A very large feathered dinosaur person with three giant claws on each hand.
classic	vanilla	vanilla_creatures_extinct/objects/creature_cretaceous.txt	2978	CREATURE	CRETACEOUS_NOTHRONYCHUS		caste+0x220	A huge feathered bipedal dinosaur with three gigantic claws on each hand.  It is a herbivore with a beaked mouth.
classic	vanilla	vanilla_creatures_extinct/objects/creature_cretaceous.txt	3131	CREATURE	CRETACEOUS_NOTHRONYCHUS_MAN	ALL	caste+0x220	A very large feathered dinosaur person with three giant claws on each hand.
classic	vanilla	vanilla_creatures_extinct/objects/creature_cretaceous.txt	3138	CREATURE	CRETACEOUS_CARNOTAURUS		caste+0x220	A huge bipedal dinosaur with a giant biting jaw and short arms.  It has two small horns over its eyes.
classic	vanilla	vanilla_creatures_extinct/objects/creature_cretaceous.txt	3286	CREATURE	CRETACEOUS_CARNOTAURUS_MAN	ALL	caste+0x220	A large dinosaur person with a fierce jaw, short arms, and small horns over their eyes.
classic	vanilla	vanilla_creatures_extinct/objects/creature_cretaceous.txt	3293	CREATURE	CRETACEOUS_SPINOSAURUS_AEGYPTIACUS		caste+0x220	A gigantic bipedal dinosaur with a ferocious biting jaw and short arms.  It is amphibious and has a sail.
classic	vanilla	vanilla_creatures_extinct/objects/creature_cretaceous.txt	3443	CREATURE	CRETACEOUS_SPINOSAURUS_AEGYPTIACUS_MAN	ALL	caste+0x220	A very large dinosaur person with a ferocious jaw, short arms, and a sail.
classic	vanilla	vanilla_creatures_extinct/objects/creature_cretaceous.txt	3450	CREATURE	CRETACEOUS_TYRANNOSAURUS		caste+0x220	A gigantic bipedal dinosaur with a mighty jaw and very short arms with two claws.
classic	vanilla	vanilla_creatures_extinct/objects/creature_cretaceous.txt	3599	CREATURE	CRETACEOUS_TYRANNOSAURUS_MAN	ALL	caste+0x220	A very large dinosaur person with a mighty jaw and very short arms with two fingers.
classic	vanilla	vanilla_creatures_extinct/objects/creature_cretaceous.txt	3606	CREATURE	CRETACEOUS_AMARGASAURUS		caste+0x220	A huge herbivorous quadrupedal dinosaur with a long neck and sail along its neck.
classic	vanilla	vanilla_creatures_extinct/objects/creature_cretaceous.txt	3732	CREATURE	CRETACEOUS_AMARGASAURUS_MAN	ALL	caste+0x220	A large dinosaur person with a long neck that has a sail.
classic	vanilla	vanilla_creatures_extinct/objects/creature_cretaceous.txt	3739	CREATURE	CRETACEOUS_OVIRAPTOR		caste+0x220	A small feathered bipedal dinosaur with a beak.
classic	vanilla	vanilla_creatures_extinct/objects/creature_cretaceous.txt	3876	CREATURE	CRETACEOUS_OVIRAPTOR_MAN	ALL	caste+0x220	A small feathered dinosaur person with a beak.
classic	vanilla	vanilla_creatures_extinct/objects/creature_cretaceous.txt	3883	CREATURE	CRETACEOUS_SINOPTERUS		caste+0x220	A very small flying reptile.
classic	vanilla	vanilla_creatures_extinct/objects/creature_cretaceous.txt	4002	CREATURE	CRETACEOUS_SINOPTERUS_MAN	ALL	caste+0x220	A small flying reptile person.
classic	vanilla	vanilla_creatures_extinct/objects/creature_cretaceous.txt	4009	CREATURE	CRETACEOUS_SPINOSAURUS_MIRABILIS		caste+0x220	A gigantic bipedal dinosaur with a ferocious biting jaw and short arms.  It is amphibious and has a sail and a horn.
classic	vanilla	vanilla_creatures_extinct/objects/creature_cretaceous.txt	4170	CREATURE	CRETACEOUS_SPINOSAURUS_MIRABILIS_MAN	ALL	caste+0x220	A very large dinosaur person with a ferocious jaw, short arms, a sail and a horn.
classic	vanilla	vanilla_creatures_extinct/objects/creature_cretaceous.txt	4177	CREATURE	CRETACEOUS_HYPSILOPHODON		caste+0x220	A very small feathered bipedal dinosaur with an opposable fifth finger.  It is a herbivore and has a beaked mouth.
classic	vanilla	vanilla_creatures_extinct/objects/creature_cretaceous.txt	4311	CREATURE	CRETACEOUS_HYPSILOPHODON_MAN	ALL	caste+0x220	A small feathered dinosaur person with a beaked mouth.
classic	vanilla	vanilla_creatures_extinct/objects/creature_cretaceous.txt	4318	CREATURE	CRETACEOUS_NODOSAURUS		caste+0x220	A huge quadrupedal dinosaur with an armored carapace.  It is a herbivore.
classic	vanilla	vanilla_creatures_extinct/objects/creature_cretaceous.txt	4438	CREATURE	CRETACEOUS_NODOSAURUS_MAN	ALL	caste+0x220	A large dinosaur person with an armored carapace.
classic	vanilla	vanilla_creatures_extinct/objects/creature_devonian.txt	6	CREATURE	DEVONIAN_DUNKLEOSTEUS		caste+0x220	A huge armored fish with powerful biting jaws.
classic	vanilla	vanilla_creatures_extinct/objects/creature_devonian.txt	114	CREATURE	DEVONIAN_DUNKLEOSTEUS_MAN	ALL	caste+0x220	A large legless armor-plated person with the powerful biting jaws of a dunkleosteus.
classic	vanilla	vanilla_creatures_extinct/objects/creature_devonian.txt	121	CREATURE	DEVONIAN_TIKTAALIK		caste+0x220	A small four-finned fish suited to short excursions ashore.
classic	vanilla	vanilla_creatures_extinct/objects/creature_devonian.txt	215	CREATURE	DEVONIAN_TIKTAALIK_MAN	ALL	caste+0x220	A small person somewhat like a fish and somewhat like an amphibian.
classic	vanilla	vanilla_creatures_extinct/objects/creature_devonian.txt	222	CREATURE	DEVONIAN_HIBBERTOPTERUS_SCOULERI		caste+0x220	An aquatic arthropod with a wide head and tapering body.
classic	vanilla	vanilla_creatures_extinct/objects/creature_devonian.txt	307	CREATURE	DEVONIAN_HIBBERTOPTERUS_SCOULERI_MAN	ALL	caste+0x220	A small arthropod person with a broad head.
classic	vanilla	vanilla_creatures_extinct/objects/creature_devonian.txt	314	CREATURE	DEVONIAN_HIBBERTOPTERUS_PEACHI		caste+0x220	An aquatic arthropod with a wide head and tapering body.
classic	vanilla	vanilla_creatures_extinct/objects/creature_devonian.txt	399	CREATURE	DEVONIAN_HIBBERTOPTERUS_PEACHI_MAN	ALL	caste+0x220	A small arthropod person with a broad head.
classic	vanilla	vanilla_creatures_extinct/objects/creature_devonian.txt	406	CREATURE	DEVONIAN_DREPANOPTERUS		caste+0x220	A tiny aquatic arthropod with a broad head and tapering body.
classic	vanilla	vanilla_creatures_extinct/objects/creature_devonian.txt	488	CREATURE	DEVONIAN_DREPANOPTERUS_MAN	ALL	caste+0x220	A small arthropod person with a broad head.
classic	vanilla	vanilla_creatures_extinct/objects/creature_devonian.txt	495	CREATURE	DEVONIAN_MIMETASTER		caste+0x220	A tiny arthropod that walks tilted upright on two large legs.  Six spined projections radiate outward from its head shield.
classic	vanilla	vanilla_creatures_extinct/objects/creature_devonian.txt	575	CREATURE	DEVONIAN_MIMETASTER_MAN	ALL	caste+0x220	A small arthropod person with six spined projections radiating out from its head shield.
classic	vanilla	vanilla_creatures_extinct/objects/creature_jurassic.txt	6	CREATURE	JURASSIC_ICHTHYOSAURUS		caste+0x220	A very large aquatic reptile with fish-like fins and an elongated snout.
classic	vanilla	vanilla_creatures_extinct/objects/creature_jurassic.txt	114	CREATURE	JURASSIC_ICHTHYOSAURUS_MAN	ALL	caste+0x220	A large legless reptile person with the elongated snouth of an ichthyosaurus.
classic	vanilla	vanilla_creatures_extinct/objects/creature_jurassic.txt	121	CREATURE	JURASSIC_TORVOSAURUS		caste+0x220	A huge bipedal dinosaur with a giant biting jaw and short arms.
classic	vanilla	vanilla_creatures_extinct/objects/creature_jurassic.txt	263	CREATURE	JURASSIC_TORVOSAURUS_MAN	ALL	caste+0x220	A large dinosaur person with a fierce jaw and short arms.
classic	vanilla	vanilla_creatures_extinct/objects/creature_jurassic.txt	270	CREATURE	JURASSIC_ARCHAEOPTERYX		caste+0x220	A tiny feathered dinosaur with wings capable of flight.
classic	vanilla	vanilla_creatures_extinct/objects/creature_jurassic.txt	396	CREATURE	JURASSIC_ARCHAEOPTERYX_MAN	ALL	caste+0x220	A small feathered dinosaur person with wings.
classic	vanilla	vanilla_creatures_extinct/objects/creature_jurassic.txt	403	CREATURE	JURASSIC_PLESIOSAURUS		caste+0x220	A very large aquatic reptile with four flippers and a long neck.
classic	vanilla	vanilla_creatures_extinct/objects/creature_jurassic.txt	503	CREATURE	JURASSIC_PLESIOSAURUS_MAN	ALL	caste+0x220	A large legless reptile person with a long neck.
classic	vanilla	vanilla_creatures_extinct/objects/creature_jurassic.txt	510	CREATURE	JURASSIC_STEGOSAURUS		caste+0x220	A huge quadrupedal dinosaur with a prominent row of plates along its back and a spiked tail.  It is a herbivore but can defend itself.
classic	vanilla	vanilla_creatures_extinct/objects/creature_jurassic.txt	652	CREATURE	JURASSIC_STEGOSAURUS_MAN	ALL	caste+0x220	A large dinosaur person with plates along its back and a spiked tail.
classic	vanilla	vanilla_creatures_extinct/objects/creature_jurassic.txt	659	CREATURE	JURASSIC_KENTROSAURUS		caste+0x220	A huge quadrupedal dinosaur with a row of spines along its back, a spiked tail, and two prominent shoulder spikes.  It is a herbivore but can defend itself.
classic	vanilla	vanilla_creatures_extinct/objects/creature_jurassic.txt	835	CREATURE	JURASSIC_KENTROSAURUS_MAN	ALL	caste+0x220	A large dinosaur person with spines along its back, a spiked tail, and two menacing shoulder spikes.
classic	vanilla	vanilla_creatures_extinct/objects/creature_jurassic.txt	842	CREATURE	JURASSIC_PTERODACTYLUS		caste+0x220	A very small flying reptile with a long narrow mouth.
classic	vanilla	vanilla_creatures_extinct/objects/creature_jurassic.txt	963	CREATURE	JURASSIC_PTERODACTYLUS_MAN	ALL	caste+0x220	A small winged reptile person with a long narrow mouth.
classic	vanilla	vanilla_creatures_extinct/objects/creature_jurassic.txt	970	CREATURE	JURASSIC_JEHOLOPTERUS		caste+0x220	A tiny flying reptile with a small round head.
classic	vanilla	vanilla_creatures_extinct/objects/creature_jurassic.txt	1090	CREATURE	JURASSIC_JEHOLOPTERUS_MAN	ALL	caste+0x220	A small winged reptile person with a round head.
classic	vanilla	vanilla_creatures_extinct/objects/creature_jurassic.txt	1097	CREATURE	JURASSIC_DILOPHOSAURUS		caste+0x220	A very large carnivorous bipedal dinosaur with two parallel head crests and short arms.
classic	vanilla	vanilla_creatures_extinct/objects/creature_jurassic.txt	1244	CREATURE	JURASSIC_DILOPHOSAURUS_MAN	ALL	caste+0x220	A large dinosaur person with two parallel head crests and short arms.
classic	vanilla	vanilla_creatures_extinct/objects/creature_jurassic.txt	1251	CREATURE	JURASSIC_CERATOSAURUS		caste+0x220	A very large carnivorous bipedal dinosaur with a horn and short arms.
classic	vanilla	vanilla_creatures_extinct/objects/creature_jurassic.txt	1403	CREATURE	JURASSIC_CERATOSAURUS_MAN	ALL	caste+0x220	A large dinosaur person with fierce jaws, a horn and short arms.
classic	vanilla	vanilla_creatures_extinct/objects/creature_jurassic.txt	1410	CREATURE	JURASSIC_EUROPASAURUS		caste+0x220	A very large herbivorous quadrupedal dinosaur with a long neck.
classic	vanilla	vanilla_creatures_extinct/objects/creature_jurassic.txt	1535	CREATURE	JURASSIC_EUROPASAURUS_MAN	ALL	caste+0x220	A large dinosaur person with a long neck.
classic	vanilla	vanilla_creatures_extinct/objects/creature_jurassic.txt	1542	CREATURE	JURASSIC_BRACHIOSAURUS		caste+0x220	A towering herbivorous quadrupedal dinosaur with a long neck.
classic	vanilla	vanilla_creatures_extinct/objects/creature_jurassic.txt	1669	CREATURE	JURASSIC_BRACHIOSAURUS_MAN	ALL	caste+0x220	A very large dinosaur person with a long neck.
classic	vanilla	vanilla_creatures_extinct/objects/creature_jurassic.txt	1676	CREATURE	JURASSIC_DIPLODOCUS		caste+0x220	A towering herbivorous quadrupedal dinosaur with a long neck.
classic	vanilla	vanilla_creatures_extinct/objects/creature_jurassic.txt	1803	CREATURE	JURASSIC_DIPLODOCUS_MAN	ALL	caste+0x220	A very large dinosaur person with a long neck.
classic	vanilla	vanilla_creatures_extinct/objects/creature_jurassic.txt	1810	CREATURE	JURASSIC_BRONTOSAURUS		caste+0x220	A towering herbivorous quadrupedal dinosaur with a long neck.
classic	vanilla	vanilla_creatures_extinct/objects/creature_jurassic.txt	1937	CREATURE	JURASSIC_BRONTOSAURUS_MAN	ALL	caste+0x220	A very large dinosaur person with a long neck.
classic	vanilla	vanilla_creatures_extinct/objects/creature_jurassic.txt	1944	CREATURE	JURASSIC_ALLOSAURUS		caste+0x220	A huge bipedal dinosaur with a giant biting jaw and short arms.  It has two small horns over its eyes.
classic	vanilla	vanilla_creatures_extinct/objects/creature_jurassic.txt	2095	CREATURE	JURASSIC_ALLOSAURUS_MAN	ALL	caste+0x220	A large dinosaur person with a fierce jaw, short arms, and small horns over their eyes.
classic	vanilla	vanilla_creatures_extinct/objects/creature_jurassic.txt	2102	CREATURE	JURASSIC_AFROVENATOR		caste+0x220	A very large bipedal dinosaur with a giant biting jaw and a strong flexible neck.
classic	vanilla	vanilla_creatures_extinct/objects/creature_jurassic.txt	2250	CREATURE	JURASSIC_AFROVENATOR_MAN	ALL	caste+0x220	A large dinosaur person with a fierce jaw and a strong flexible neck.
classic	vanilla	vanilla_creatures_extinct/objects/creature_jurassic.txt	2257	CREATURE	JURASSIC_RHAMPHORHYNCHUS		caste+0x220	A very small flying reptile with long wings and a ferocious jaw.
classic	vanilla	vanilla_creatures_extinct/objects/creature_jurassic.txt	2377	CREATURE	JURASSIC_RHAMPHORHYNCHUS_MAN	ALL	caste+0x220	A small winged reptile person with a ferocious jaw.
classic	vanilla	vanilla_creatures_extinct/objects/creature_jurassic.txt	2384	CREATURE	JURASSIC_OSTENOCARIS		caste+0x220	A tiny scuttling arthropod with large compound eyes.
classic	vanilla	vanilla_creatures_extinct/objects/creature_jurassic.txt	2465	CREATURE	JURASSIC_OSTENOCARIS_MAN	ALL	caste+0x220	A small arthropod person with large compound eyes.
classic	vanilla	vanilla_creatures_extinct/objects/creature_ordovician.txt	6	CREATURE	ORDOVICIAN_AEGIROCASSIS		caste+0x220	An aquatic arthropod with a pronounced head structure and frontal appendages for filter feeding.  It is large for an arthropod.
classic	vanilla	vanilla_creatures_extinct/objects/creature_ordovician.txt	88	CREATURE	ORDOVICIAN_AEGIROCASSIS_MAN	ALL	caste+0x220	An arthropod person with the pronounced head shape of an aegirocassis.
classic	vanilla	vanilla_creatures_extinct/objects/creature_permian.txt	6	CREATURE	PERMIAN_DIPLOCAULUS		caste+0x220	A very small amphibian with a wedge-shaped head and long tail.
classic	vanilla	vanilla_creatures_extinct/objects/creature_permian.txt	105	CREATURE	PERMIAN_DIPLOCAULUS_MAN	ALL	caste+0x220	A small amphibian person with the wedge-shaped head and tail of a diplocaulus.
classic	vanilla	vanilla_creatures_extinct/objects/creature_permian.txt	112	CREATURE	PERMIAN_ERYOPS		caste+0x220	A very small squat amphibian with a round tummy and long tail.
classic	vanilla	vanilla_creatures_extinct/objects/creature_permian.txt	225	CREATURE	PERMIAN_ERYOPS_MAN	ALL	caste+0x220	A small person with the large head, round tummy, and tail of an eryops.
classic	vanilla	vanilla_creatures_extinct/objects/creature_permian.txt	232	CREATURE	PERMIAN_HELICOPRION		caste+0x220	A large shark with a strikingly bizarre tooth whorl for biting prey.
classic	vanilla	vanilla_creatures_extinct/objects/creature_permian.txt	335	CREATURE	PERMIAN_HELICOPRION_MAN	ALL	caste+0x220	A large legless shark person with the bizarre tooth whorl of a helicoprion.
classic	vanilla	vanilla_creatures_extinct/objects/creature_permian.txt	342	CREATURE	PERMIAN_DIMETRODON		caste+0x220	A large quadruped with a prominent sail along its back.
classic	vanilla	vanilla_creatures_extinct/objects/creature_permian.txt	457	CREATURE	PERMIAN_DIMETRODON_MAN	ALL	caste+0x220	A large person with the prominent back sail and tail of a dimetrodon.
classic	vanilla	vanilla_creatures_extinct/objects/creature_permian.txt	464	CREATURE	PERMIAN_DIADECTES		caste+0x220	A large, strongly built quadruped with a tail.  It is a terrestrial herbivore.
classic	vanilla	vanilla_creatures_extinct/objects/creature_permian.txt	579	CREATURE	PERMIAN_DIADECTES_MAN	ALL	caste+0x220	A large, strongly-built person with a tail.
classic	vanilla	vanilla_creatures_extinct/objects/creature_permian.txt	586	CREATURE	PERMIAN_ANTEOSAURUS		caste+0x220	A very large quadrupedal predator, well-suited to the hunt.  It has a tail and powerful jaws, and it is terrestrial.
classic	vanilla	vanilla_creatures_extinct/objects/creature_permian.txt	699	CREATURE	PERMIAN_ANTEOSAURUS_MAN	ALL	caste+0x220	A large person with the powerful jaws and tail of an anteosaurus.
classic	vanilla	vanilla_creatures_extinct/objects/creature_permian.txt	706	CREATURE	PERMIAN_LYSTROSAURUS		caste+0x220	A large quadruped with two teeth and a beak for eating plants.
classic	vanilla	vanilla_creatures_extinct/objects/creature_permian.txt	814	CREATURE	PERMIAN_LYSTROSAURUS_MAN	ALL	caste+0x220	A heavily-built person with the two teeth and beak of a lystrosaurus.
classic	vanilla	vanilla_creatures_extinct/objects/creature_silurian.txt	6	CREATURE	SILURIAN_JAEKELOPTERUS		caste+0x220	A large aquatic arthropod with two pincers attached to its front and a sleek segmented body.
classic	vanilla	vanilla_creatures_extinct/objects/creature_silurian.txt	94	CREATURE	SILURIAN_JAEKELOPTERUS_MAN	ALL	caste+0x220	A large arthropod person with two pincers attached to their head.
classic	vanilla	vanilla_creatures_extinct/objects/creature_triassic.txt	6	CREATURE	TRIASSIC_GERROTHORAX		caste+0x220	A small amphibian with a flat body.
classic	vanilla	vanilla_creatures_extinct/objects/creature_triassic.txt	104	CREATURE	TRIASSIC_GERROTHORAX_MAN	ALL	caste+0x220	A small amphibian person with a flat body.
classic	vanilla	vanilla_creatures_extinct/objects/creature_triassic.txt	111	CREATURE	TRIASSIC_EORAPTOR		caste+0x220	A very small bipedal dinosaur with a long tail and short arms.  It is omnivorous.
classic	vanilla	vanilla_creatures_extinct/objects/creature_triassic.txt	251	CREATURE	TRIASSIC_EORAPTOR_MAN	ALL	caste+0x220	A small dinosaur person with a long tail and short arms.
classic	vanilla	vanilla_creatures_extinct/objects/creature_triassic.txt	258	CREATURE	TRIASSIC_SHAROVIPTERYX		caste+0x220	A tiny reptile with a gliding membrane between its back legs.
classic	vanilla	vanilla_creatures_extinct/objects/creature_triassic.txt	373	CREATURE	TRIASSIC_SHAROVIPTERYX_MAN	ALL	caste+0x220	A small reptile person with a gliding membrance between their legs.  They also have wings.
classic	vanilla	vanilla_creatures_extinct/objects/creature_triassic.txt	381	CREATURE	TRIASSIC_PSEPHODERMA		caste+0x220	A very small reptile with a divided carapace.
classic	vanilla	vanilla_creatures_extinct/objects/creature_triassic.txt	498	CREATURE	TRIASSIC_PSEPHODERMA_MAN	ALL	caste+0x220	A small reptile person with a wide two-part carapace.
classic	vanilla	vanilla_creatures_extinct/objects/creature_triassic.txt	505	CREATURE	TRIASSIC_PROCOMPSOGNATHUS		caste+0x220	A tiny bipedal dinosaur.  It runs along the ground and eats small prey.
classic	vanilla	vanilla_creatures_extinct/objects/creature_triassic.txt	619	CREATURE	TRIASSIC_PROCOMPSOGNATHUS_MAN	ALL	caste+0x220	A small dinosaur person with a long tail and short arms.
classic	vanilla	vanilla_creatures_extinct/objects/creature_triassic.txt	626	CREATURE	TRIASSIC_DREPANOSAURUS		caste+0x220	A very small reptile with a prehensile tail and giant claws on its second foredigits.
classic	vanilla	vanilla_creatures_extinct/objects/creature_triassic.txt	745	CREATURE	TRIASSIC_DREPANOSAURUS_MAN	ALL	caste+0x220	A small reptile person with a prehensile tail and giant claws on their second foredigits.
classic	vanilla	vanilla_entities/objects/entity_default.txt	638	CREATURE	DWARF		caste+0x220	The manager handles work orders. Once your fortress reaches a certain population, the manager must work in an office to validate work orders.
classic	vanilla	vanilla_entities/objects/entity_default.txt	652	CREATURE	DWARF		caste+0x220	The chief medical dwarf allows you to see the overall health of dwarves in your fortress.
classic	vanilla	vanilla_entities/objects/entity_default.txt	665	CREATURE	DWARF		caste+0x220	The broker uses their appraisal skill to allow you to see the value of items in the fortress. They are also the default negotiator with visiting merchants.
classic	vanilla	vanilla_entities/objects/entity_default.txt	678	CREATURE	DWARF		caste+0x220	The bookkeeper keeps an accurate count of items in the fortress. They work in their office to improve the precision of the count.
