image	source_file	line	creature	caste_scope	token	field	raw_value	expanded_text	creature_ruleset_zh	creature_ruleset_source	runtime_word_zh	po_zh	smell_fallback_semantics	reference_helper_evidence
reference	data/vanilla/vanilla_creatures/objects/creature_amphibians.txt	7	TOAD		NAME	1	toad	toad	蟾蜍	data/runtime/rulesets/zh-Hans/creatures/caste.toml | data/runtime/rulesets/zh-Hans/creatures/name.toml	蟾蜍	蟾蜍	creature_raw.NAME[0]; singular; caste=-1; no CASTE_NAME or juvenile substitution	0xaa3bd0(race,out,plural=false,caste=-1); r9w==0xffff -> 0xaa3d69 -> 0xaa3d1e/0xaa3d36; creature_raw+0x20 NAME[0]
reference	data/vanilla/vanilla_creatures/objects/creature_amphibians.txt	87	TOAD_MAN	SELECT_CASTE:ALL	NAME	1	toad man	toad man	蟾蜍人	data/runtime/rulesets/zh-Hans/creatures/caste.toml | data/runtime/rulesets/zh-Hans/creatures/name.toml	蟾蜍人	蟾蜍人	creature_raw.NAME[0]; singular; caste=-1; no CASTE_NAME or juvenile substitution	0xaa3bd0(race,out,plural=false,caste=-1); r9w==0xffff -> 0xaa3d69 -> 0xaa3d1e/0xaa3d36; creature_raw+0x20 NAME[0]
reference	data/vanilla/vanilla_creatures/objects/creature_amphibians.txt	104	GIANT_TOAD	SELECT_CASTE:ALL	NAME	1	giant toad	giant toad	巨型蟾蜍	data/runtime/rulesets/zh-Hans/creatures/caste.toml | data/runtime/rulesets/zh-Hans/creatures/name.toml	巨型蟾蜍	巨蟾蜍	creature_raw.NAME[0]; singular; caste=-1; no CASTE_NAME or juvenile substitution	0xaa3bd0(race,out,plural=false,caste=-1); r9w==0xffff -> 0xaa3d69 -> 0xaa3d1e/0xaa3d36; creature_raw+0x20 NAME[0]
reference	data/vanilla/vanilla_creatures/objects/creature_annelids.txt	7	WORM		NAME	1	worm	worm	蠕虫	data/runtime/rulesets/zh-Hans/creatures/caste.toml | data/runtime/rulesets/zh-Hans/creatures/name.toml	蠕虫	蠕虫	creature_raw.NAME[0]; singular; caste=-1; no CASTE_NAME or juvenile substitution	0xaa3bd0(race,out,plural=false,caste=-1); r9w==0xffff -> 0xaa3d69 -> 0xaa3d1e/0xaa3d36; creature_raw+0x20 NAME[0]
reference	data/vanilla/vanilla_creatures/objects/creature_annelids.txt	59	WORM_MAN		NAME	1	worm man	worm man	蠕虫人	data/runtime/rulesets/zh-Hans/creatures/caste.toml | data/runtime/rulesets/zh-Hans/creatures/name.toml	蠕虫人	蠕虫人	creature_raw.NAME[0]; singular; caste=-1; no CASTE_NAME or juvenile substitution	0xaa3bd0(race,out,plural=false,caste=-1); r9w==0xffff -> 0xaa3d69 -> 0xaa3d1e/0xaa3d36; creature_raw+0x20 NAME[0]
reference	data/vanilla/vanilla_creatures/objects/creature_birds.txt	7	BIRD_BLUEJAY		NAME	1	blue jay	blue jay	冠蓝鸦	data/runtime/rulesets/zh-Hans/creatures/caste.toml | data/runtime/rulesets/zh-Hans/creatures/name.toml	冠蓝鸦	冠蓝鸦	creature_raw.NAME[0]; singular; caste=-1; no CASTE_NAME or juvenile substitution	0xaa3bd0(race,out,plural=false,caste=-1); r9w==0xffff -> 0xaa3d69 -> 0xaa3d1e/0xaa3d36; creature_raw+0x20 NAME[0]
reference	data/vanilla/vanilla_creatures/objects/creature_birds.txt	129	BLUEJAY_MAN	SELECT_CASTE:ALL	NAME	1	bluejay man	bluejay man	冠蓝鸦人	data/runtime/rulesets/zh-Hans/creatures/caste.toml | data/runtime/rulesets/zh-Hans/creatures/name.toml	冠蓝鸦人	冠蓝鸦人	creature_raw.NAME[0]; singular; caste=-1; no CASTE_NAME or juvenile substitution	0xaa3bd0(race,out,plural=false,caste=-1); r9w==0xffff -> 0xaa3d69 -> 0xaa3d1e/0xaa3d36; creature_raw+0x20 NAME[0]
reference	data/vanilla/vanilla_creatures/objects/creature_birds.txt	146	GIANT_BLUEJAY	SELECT_CASTE:ALL	NAME	1	giant bluejay	giant bluejay	巨型冠蓝鸦	data/runtime/rulesets/zh-Hans/creatures/caste.toml | data/runtime/rulesets/zh-Hans/creatures/name.toml	巨型冠蓝鸦	巨冠蓝鸦	creature_raw.NAME[0]; singular; caste=-1; no CASTE_NAME or juvenile substitution	0xaa3bd0(race,out,plural=false,caste=-1); r9w==0xffff -> 0xaa3d69 -> 0xaa3d1e/0xaa3d36; creature_raw+0x20 NAME[0]
reference	data/vanilla/vanilla_creatures/objects/creature_birds.txt	167	BIRD_CARDINAL		NAME	1	cardinal	cardinal	红衣凤头鸟	data/runtime/rulesets/zh-Hans/creatures/caste.toml | data/runtime/rulesets/zh-Hans/creatures/name.toml	红衣凤头鸟	红雀	creature_raw.NAME[0]; singular; caste=-1; no CASTE_NAME or juvenile substitution	0xaa3bd0(race,out,plural=false,caste=-1); r9w==0xffff -> 0xaa3d69 -> 0xaa3d1e/0xaa3d36; creature_raw+0x20 NAME[0]
reference	data/vanilla/vanilla_creatures/objects/creature_birds.txt	288	CARDINAL_MAN	SELECT_CASTE:ALL	NAME	1	cardinal man	cardinal man	红衣凤头鸟人	data/runtime/rulesets/zh-Hans/creatures/caste.toml | data/runtime/rulesets/zh-Hans/creatures/name.toml	红衣凤头鸟人	红雀人	creature_raw.NAME[0]; singular; caste=-1; no CASTE_NAME or juvenile substitution	0xaa3bd0(race,out,plural=false,caste=-1); r9w==0xffff -> 0xaa3d69 -> 0xaa3d1e/0xaa3d36; creature_raw+0x20 NAME[0]
reference	data/vanilla/vanilla_creatures/objects/creature_birds.txt	305	GIANT_CARDINAL	SELECT_CASTE:ALL	NAME	1	giant cardinal	giant cardinal	巨型红衣凤头鸟	data/runtime/rulesets/zh-Hans/creatures/caste.toml | data/runtime/rulesets/zh-Hans/creatures/name.toml	巨型红衣凤头鸟	巨红雀	creature_raw.NAME[0]; singular; caste=-1; no CASTE_NAME or juvenile substitution	0xaa3bd0(race,out,plural=false,caste=-1); r9w==0xffff -> 0xaa3d69 -> 0xaa3d1e/0xaa3d36; creature_raw+0x20 NAME[0]
reference	data/vanilla/vanilla_creatures/objects/creature_birds.txt	326	BIRD_GRACKLE		NAME	1	grackle	grackle	黑羽椋鸟	data/runtime/rulesets/zh-Hans/creatures/caste.toml | data/runtime/rulesets/zh-Hans/creatures/name.toml	黑羽椋鸟	黑羽椋鸟	creature_raw.NAME[0]; singular; caste=-1; no CASTE_NAME or juvenile substitution	0xaa3bd0(race,out,plural=false,caste=-1); r9w==0xffff -> 0xaa3d69 -> 0xaa3d1e/0xaa3d36; creature_raw+0x20 NAME[0]
reference	data/vanilla/vanilla_creatures/objects/creature_birds.txt	444	GRACKLE_MAN	SELECT_CASTE:ALL	NAME	1	grackle man	grackle man	黑羽椋鸟人	data/runtime/rulesets/zh-Hans/creatures/caste.toml | data/runtime/rulesets/zh-Hans/creatures/name.toml	黑羽椋鸟人	黑羽椋鸟人	creature_raw.NAME[0]; singular; caste=-1; no CASTE_NAME or juvenile substitution	0xaa3bd0(race,out,plural=false,caste=-1); r9w==0xffff -> 0xaa3d69 -> 0xaa3d1e/0xaa3d36; creature_raw+0x20 NAME[0]
reference	data/vanilla/vanilla_creatures/objects/creature_birds.txt	461	GIANT_GRACKLE	SELECT_CASTE:ALL	NAME	1	giant grackle	giant grackle	巨型黑羽椋鸟	data/runtime/rulesets/zh-Hans/creatures/caste.toml | data/runtime/rulesets/zh-Hans/creatures/name.toml	巨型黑羽椋鸟	巨黑羽椋鸟	creature_raw.NAME[0]; singular; caste=-1; no CASTE_NAME or juvenile substitution	0xaa3bd0(race,out,plural=false,caste=-1); r9w==0xffff -> 0xaa3d69 -> 0xaa3d1e/0xaa3d36; creature_raw+0x20 NAME[0]
reference	data/vanilla/vanilla_creatures/objects/creature_birds.txt	482	BIRD_ORIOLE		NAME	1	oriole	oriole	黄鹂	data/runtime/rulesets/zh-Hans/creatures/caste.toml | data/runtime/rulesets/zh-Hans/creatures/name.toml	黄鹂	黄鹂	creature_raw.NAME[0]; singular; caste=-1; no CASTE_NAME or juvenile substitution	0xaa3bd0(race,out,plural=false,caste=-1); r9w==0xffff -> 0xaa3d69 -> 0xaa3d1e/0xaa3d36; creature_raw+0x20 NAME[0]
reference	data/vanilla/vanilla_creatures/objects/creature_birds.txt	599	ORIOLE_MAN	SELECT_CASTE:ALL	NAME	1	oriole man	oriole man	黄鹂人	data/runtime/rulesets/zh-Hans/creatures/caste.toml | data/runtime/rulesets/zh-Hans/creatures/name.toml	黄鹂人	黄鹂人	creature_raw.NAME[0]; singular; caste=-1; no CASTE_NAME or juvenile substitution	0xaa3bd0(race,out,plural=false,caste=-1); r9w==0xffff -> 0xaa3d69 -> 0xaa3d1e/0xaa3d36; creature_raw+0x20 NAME[0]
reference	data/vanilla/vanilla_creatures/objects/creature_birds.txt	616	GIANT_ORIOLE	SELECT_CASTE:ALL	NAME	1	giant oriole	giant oriole	巨型黄鹂	data/runtime/rulesets/zh-Hans/creatures/caste.toml | data/runtime/rulesets/zh-Hans/creatures/name.toml	巨型黄鹂	巨黄鹂	creature_raw.NAME[0]; singular; caste=-1; no CASTE_NAME or juvenile substitution	0xaa3bd0(race,out,plural=false,caste=-1); r9w==0xffff -> 0xaa3d69 -> 0xaa3d1e/0xaa3d36; creature_raw+0x20 NAME[0]
reference	data/vanilla/vanilla_creatures/objects/creature_birds.txt	637	BIRD_RW_BLACKBIRD		NAME	1	red-winged blackbird	red-winged blackbird	红翅黑鹂	data/runtime/rulesets/zh-Hans/creatures/caste.toml | data/runtime/rulesets/zh-Hans/creatures/name.toml	红翅黑鹂	红翅黑鹂	creature_raw.NAME[0]; singular; caste=-1; no CASTE_NAME or juvenile substitution	0xaa3bd0(race,out,plural=false,caste=-1); r9w==0xffff -> 0xaa3d69 -> 0xaa3d1e/0xaa3d36; creature_raw+0x20 NAME[0]
reference	data/vanilla/vanilla_creatures/objects/creature_birds.txt	755	RW_BLACKBIRD_MAN	SELECT_CASTE:ALL	NAME	1	red-winged blackbird man	red-winged blackbird man	红翅黑鹂人	data/runtime/rulesets/zh-Hans/creatures/caste.toml | data/runtime/rulesets/zh-Hans/creatures/name.toml	红翅黑鹂人	红翅黑鹂人	creature_raw.NAME[0]; singular; caste=-1; no CASTE_NAME or juvenile substitution	0xaa3bd0(race,out,plural=false,caste=-1); r9w==0xffff -> 0xaa3d69 -> 0xaa3d1e/0xaa3d36; creature_raw+0x20 NAME[0]
reference	data/vanilla/vanilla_creatures/objects/creature_birds.txt	772	GIANT_RW_BLACKBIRD	SELECT_CASTE:ALL	NAME	1	giant red-winged blackbird	giant red-winged blackbird	巨型红翅黑鹂	data/runtime/rulesets/zh-Hans/creatures/caste.toml | data/runtime/rulesets/zh-Hans/creatures/name.toml	巨型红翅黑鹂	巨红翅黑鹂	creature_raw.NAME[0]; singular; caste=-1; no CASTE_NAME or juvenile substitution	0xaa3bd0(race,out,plural=false,caste=-1); r9w==0xffff -> 0xaa3d69 -> 0xaa3d1e/0xaa3d36; creature_raw+0x20 NAME[0]
reference	data/vanilla/vanilla_creatures/objects/creature_birds.txt	803	BIRD_PENGUIN		NAME	1	penguin	penguin	企鹅	data/runtime/rulesets/zh-Hans/creatures/caste.toml | data/runtime/rulesets/zh-Hans/creatures/name.toml	企鹅	企鹅	creature_raw.NAME[0]; singular; caste=-1; no CASTE_NAME or juvenile substitution	0xaa3bd0(race,out,plural=false,caste=-1); r9w==0xffff -> 0xaa3d69 -> 0xaa3d1e/0xaa3d36; creature_raw+0x20 NAME[0]
reference	data/vanilla/vanilla_creatures/objects/creature_birds.txt	898	BIRD_PENGUIN_LITTLE		NAME	1	little penguin	little penguin	小企鹅	data/runtime/rulesets/zh-Hans/creatures/caste.toml | data/runtime/rulesets/zh-Hans/creatures/name.toml	小企鹅	小蓝企鹅	creature_raw.NAME[0]; singular; caste=-1; no CASTE_NAME or juvenile substitution	0xaa3bd0(race,out,plural=false,caste=-1); r9w==0xffff -> 0xaa3d69 -> 0xaa3d1e/0xaa3d36; creature_raw+0x20 NAME[0]
reference	data/vanilla/vanilla_creatures/objects/creature_birds.txt	994	BIRD_PENGUIN_EMPEROR		NAME	1	emperor penguin	emperor penguin	帝企鹅	data/runtime/rulesets/zh-Hans/creatures/caste.toml | data/runtime/rulesets/zh-Hans/creatures/name.toml	帝企鹅	帝企鹅	creature_raw.NAME[0]; singular; caste=-1; no CASTE_NAME or juvenile substitution	0xaa3bd0(race,out,plural=false,caste=-1); r9w==0xffff -> 0xaa3d69 -> 0xaa3d1e/0xaa3d36; creature_raw+0x20 NAME[0]
reference	data/vanilla/vanilla_creatures/objects/creature_birds.txt	1110	PENGUIN MAN	SELECT_CASTE:ALL	NAME	1	penguin man	penguin man	企鹅人	data/runtime/rulesets/zh-Hans/creatures/caste.toml | data/runtime/rulesets/zh-Hans/creatures/name.toml	企鹅人	企鹅人	creature_raw.NAME[0]; singular; caste=-1; no CASTE_NAME or juvenile substitution	0xaa3bd0(race,out,plural=false,caste=-1); r9w==0xffff -> 0xaa3d69 -> 0xaa3d1e/0xaa3d36; creature_raw+0x20 NAME[0]
reference	data/vanilla/vanilla_creatures/objects/creature_birds.txt	1126	BIRD_PENGUIN_GIANT		NAME	1	giant penguin	giant penguin	巨型企鹅	data/runtime/rulesets/zh-Hans/creatures/caste.toml | data/runtime/rulesets/zh-Hans/creatures/name.toml	巨型企鹅	巨企鹅	creature_raw.NAME[0]; singular; caste=-1; no CASTE_NAME or juvenile substitution	0xaa3bd0(race,out,plural=false,caste=-1); r9w==0xffff -> 0xaa3d69 -> 0xaa3d1e/0xaa3d36; creature_raw+0x20 NAME[0]
reference	data/vanilla/vanilla_creatures/objects/creature_birds.txt	1154	BIRD_FALCON_PEREGRINE		NAME	1	peregrine falcon	peregrine falcon	游隼	data/runtime/rulesets/zh-Hans/creatures/caste.toml | data/runtime/rulesets/zh-Hans/creatures/name.toml	游隼	游隼	creature_raw.NAME[0]; singular; caste=-1; no CASTE_NAME or juvenile substitution	0xaa3bd0(race,out,plural=false,caste=-1); r9w==0xffff -> 0xaa3d69 -> 0xaa3d1e/0xaa3d36; creature_raw+0x20 NAME[0]
reference	data/vanilla/vanilla_creatures/objects/creature_birds.txt	1293	PEREGRINE FALCON MAN	SELECT_CASTE:ALL	NAME	1	peregrine falcon man	peregrine falcon man	游隼人	data/runtime/rulesets/zh-Hans/creatures/caste.toml | data/runtime/rulesets/zh-Hans/creatures/name.toml	游隼人	游隼人	creature_raw.NAME[0]; singular; caste=-1; no CASTE_NAME or juvenile substitution	0xaa3bd0(race,out,plural=false,caste=-1); r9w==0xffff -> 0xaa3d69 -> 0xaa3d1e/0xaa3d36; creature_raw+0x20 NAME[0]
reference	data/vanilla/vanilla_creatures/objects/creature_birds.txt	1310	GIANT PEREGRINE FALCON	SELECT_CASTE:ALL	NAME	1	giant peregrine falcon	giant peregrine falcon	巨型游隼	data/runtime/rulesets/zh-Hans/creatures/caste.toml | data/runtime/rulesets/zh-Hans/creatures/name.toml	巨型游隼	巨游隼	creature_raw.NAME[0]; singular; caste=-1; no CASTE_NAME or juvenile substitution	0xaa3bd0(race,out,plural=false,caste=-1); r9w==0xffff -> 0xaa3d69 -> 0xaa3d1e/0xaa3d36; creature_raw+0x20 NAME[0]
reference	data/vanilla/vanilla_creatures/objects/creature_birds.txt	1339	BIRD_KIWI		NAME	1	kiwi	kiwi	鹬鸵	data/runtime/rulesets/zh-Hans/creatures/name.toml	鹬鸵	鹬鸵	creature_raw.NAME[0]; singular; caste=-1; no CASTE_NAME or juvenile substitution	0xaa3bd0(race,out,plural=false,caste=-1); r9w==0xffff -> 0xaa3d69 -> 0xaa3d1e/0xaa3d36; creature_raw+0x20 NAME[0]
reference	data/vanilla/vanilla_creatures/objects/creature_birds.txt	1449	KIWI MAN	SELECT_CASTE:ALL	NAME	1	kiwi man	kiwi man	鹬鸵人	data/runtime/rulesets/zh-Hans/creatures/caste.toml | data/runtime/rulesets/zh-Hans/creatures/name.toml	鹬鸵人	鹬鸵人	creature_raw.NAME[0]; singular; caste=-1; no CASTE_NAME or juvenile substitution	0xaa3bd0(race,out,plural=false,caste=-1); r9w==0xffff -> 0xaa3d69 -> 0xaa3d1e/0xaa3d36; creature_raw+0x20 NAME[0]
reference	data/vanilla/vanilla_creatures/objects/creature_birds.txt	1465	BIRD_KIWI_GIANT		NAME	1	giant kiwi	giant kiwi	巨型鹬鸵	data/runtime/rulesets/zh-Hans/creatures/name.toml	巨型鹬鸵	巨鹬鸵	creature_raw.NAME[0]; singular; caste=-1; no CASTE_NAME or juvenile substitution	0xaa3bd0(race,out,plural=false,caste=-1); r9w==0xffff -> 0xaa3d69 -> 0xaa3d1e/0xaa3d36; creature_raw+0x20 NAME[0]
reference	data/vanilla/vanilla_creatures/objects/creature_birds.txt	1497	BIRD_OSTRICH		NAME	1	ostrich	ostrich	鸵鸟	data/runtime/rulesets/zh-Hans/creatures/name.toml	鸵鸟	鸵鸟	creature_raw.NAME[0]; singular; caste=-1; no CASTE_NAME or juvenile substitution	0xaa3bd0(race,out,plural=false,caste=-1); r9w==0xffff -> 0xaa3d69 -> 0xaa3d1e/0xaa3d36; creature_raw+0x20 NAME[0]
reference	data/vanilla/vanilla_creatures/objects/creature_birds.txt	1632	OSTRICH MAN	SELECT_CASTE:ALL	NAME	1	ostrich man	ostrich man	鸵鸟人	data/runtime/rulesets/zh-Hans/creatures/caste.toml | data/runtime/rulesets/zh-Hans/creatures/name.toml	鸵鸟人	鸵鸟人	creature_raw.NAME[0]; singular; caste=-1; no CASTE_NAME or juvenile substitution	0xaa3bd0(race,out,plural=false,caste=-1); r9w==0xffff -> 0xaa3d69 -> 0xaa3d1e/0xaa3d36; creature_raw+0x20 NAME[0]
reference	data/vanilla/vanilla_creatures/objects/creature_birds.txt	1648	BIRD_OSTRICH_GIANT		NAME	1	giant ostrich	giant ostrich	巨型鸵鸟	data/runtime/rulesets/zh-Hans/creatures/name.toml	巨型鸵鸟	巨鸵鸟	creature_raw.NAME[0]; singular; caste=-1; no CASTE_NAME or juvenile substitution	0xaa3bd0(race,out,plural=false,caste=-1); r9w==0xffff -> 0xaa3d69 -> 0xaa3d1e/0xaa3d36; creature_raw+0x20 NAME[0]
reference	data/vanilla/vanilla_creatures/objects/creature_birds_new.txt	13	BIRD_CROW		NAME	1	crow	crow	乌鸦	data/runtime/rulesets/zh-Hans/creatures/caste.toml | data/runtime/rulesets/zh-Hans/creatures/name.toml	乌鸦	乌鸦	creature_raw.NAME[0]; singular; caste=-1; no CASTE_NAME or juvenile substitution	0xaa3bd0(race,out,plural=false,caste=-1); r9w==0xffff -> 0xaa3d69 -> 0xaa3d1e/0xaa3d36; creature_raw+0x20 NAME[0]
reference	data/vanilla/vanilla_creatures/objects/creature_birds_new.txt	135	CROW_MAN	SELECT_CASTE:ALL	NAME	1	crow man	crow man	乌鸦人	data/runtime/rulesets/zh-Hans/creatures/caste.toml | data/runtime/rulesets/zh-Hans/creatures/name.toml	乌鸦人	乌鸦人	creature_raw.NAME[0]; singular; caste=-1; no CASTE_NAME or juvenile substitution	0xaa3bd0(race,out,plural=false,caste=-1); r9w==0xffff -> 0xaa3d69 -> 0xaa3d1e/0xaa3d36; creature_raw+0x20 NAME[0]
reference	data/vanilla/vanilla_creatures/objects/creature_birds_new.txt	152	GIANT_CROW	SELECT_CASTE:ALL	NAME	1	giant crow	giant crow	巨型乌鸦	data/runtime/rulesets/zh-Hans/creatures/caste.toml | data/runtime/rulesets/zh-Hans/creatures/name.toml	巨型乌鸦	巨乌鸦	creature_raw.NAME[0]; singular; caste=-1; no CASTE_NAME or juvenile substitution	0xaa3bd0(race,out,plural=false,caste=-1); r9w==0xffff -> 0xaa3d69 -> 0xaa3d1e/0xaa3d36; creature_raw+0x20 NAME[0]
reference	data/vanilla/vanilla_creatures/objects/creature_birds_new.txt	179	BIRD_RAVEN		NAME	1	raven	raven	渡鸦	data/runtime/rulesets/zh-Hans/creatures/caste.toml | data/runtime/rulesets/zh-Hans/creatures/name.toml	渡鸦	渡鸦	creature_raw.NAME[0]; singular; caste=-1; no CASTE_NAME or juvenile substitution	0xaa3bd0(race,out,plural=false,caste=-1); r9w==0xffff -> 0xaa3d69 -> 0xaa3d1e/0xaa3d36; creature_raw+0x20 NAME[0]
reference	data/vanilla/vanilla_creatures/objects/creature_birds_new.txt	304	RAVEN_MAN	SELECT_CASTE:ALL	NAME	1	raven man	raven man	渡鸦人	data/runtime/rulesets/zh-Hans/creatures/caste.toml | data/runtime/rulesets/zh-Hans/creatures/name.toml	渡鸦人	渡鸦人	creature_raw.NAME[0]; singular; caste=-1; no CASTE_NAME or juvenile substitution	0xaa3bd0(race,out,plural=false,caste=-1); r9w==0xffff -> 0xaa3d69 -> 0xaa3d1e/0xaa3d36; creature_raw+0x20 NAME[0]
reference	data/vanilla/vanilla_creatures/objects/creature_birds_new.txt	321	GIANT_RAVEN	SELECT_CASTE:ALL	NAME	1	giant raven	giant raven	巨型渡鸦	data/runtime/rulesets/zh-Hans/creatures/caste.toml | data/runtime/rulesets/zh-Hans/creatures/name.toml	巨型渡鸦	巨渡鸦	creature_raw.NAME[0]; singular; caste=-1; no CASTE_NAME or juvenile substitution	0xaa3bd0(race,out,plural=false,caste=-1); r9w==0xffff -> 0xaa3d69 -> 0xaa3d1e/0xaa3d36; creature_raw+0x20 NAME[0]
reference	data/vanilla/vanilla_creatures/objects/creature_birds_new.txt	347	BIRD_CASSOWARY		NAME	1	cassowary	cassowary	鹤鸵	data/runtime/rulesets/zh-Hans/creatures/caste.toml | data/runtime/rulesets/zh-Hans/creatures/name.toml	鹤鸵	鹤鸵	creature_raw.NAME[0]; singular; caste=-1; no CASTE_NAME or juvenile substitution	0xaa3bd0(race,out,plural=false,caste=-1); r9w==0xffff -> 0xaa3d69 -> 0xaa3d1e/0xaa3d36; creature_raw+0x20 NAME[0]
reference	data/vanilla/vanilla_creatures/objects/creature_birds_new.txt	458	CASSOWARY_MAN	SELECT_CASTE:ALL	NAME	1	cassowary man	cassowary man	鹤鸵人	data/runtime/rulesets/zh-Hans/creatures/caste.toml | data/runtime/rulesets/zh-Hans/creatures/name.toml	鹤鸵人	鹤鸵人	creature_raw.NAME[0]; singular; caste=-1; no CASTE_NAME or juvenile substitution	0xaa3bd0(race,out,plural=false,caste=-1); r9w==0xffff -> 0xaa3d69 -> 0xaa3d1e/0xaa3d36; creature_raw+0x20 NAME[0]
reference	data/vanilla/vanilla_creatures/objects/creature_birds_new.txt	475	GIANT_CASSOWARY	SELECT_CASTE:ALL	NAME	1	giant cassowary	giant cassowary	巨型鹤鸵	data/runtime/rulesets/zh-Hans/creatures/caste.toml | data/runtime/rulesets/zh-Hans/creatures/name.toml	巨型鹤鸵	巨鹤鸵	creature_raw.NAME[0]; singular; caste=-1; no CASTE_NAME or juvenile substitution	0xaa3bd0(race,out,plural=false,caste=-1); r9w==0xffff -> 0xaa3d69 -> 0xaa3d1e/0xaa3d36; creature_raw+0x20 NAME[0]
reference	data/vanilla/vanilla_creatures/objects/creature_birds_new.txt	495	BIRD_KEA		NAME	1	kea	kea	啄羊鹦鹉	data/runtime/rulesets/zh-Hans/creatures/caste.toml | data/runtime/rulesets/zh-Hans/creatures/name.toml	啄羊鹦鹉	啄羊鹦鹉	creature_raw.NAME[0]; singular; caste=-1; no CASTE_NAME or juvenile substitution	0xaa3bd0(race,out,plural=false,caste=-1); r9w==0xffff -> 0xaa3d69 -> 0xaa3d1e/0xaa3d36; creature_raw+0x20 NAME[0]
reference	data/vanilla/vanilla_creatures/objects/creature_birds_new.txt	621	KEA_MAN	SELECT_CASTE:ALL	NAME	1	kea man	kea man	啄羊鹦鹉人	data/runtime/rulesets/zh-Hans/creatures/caste.toml | data/runtime/rulesets/zh-Hans/creatures/name.toml	啄羊鹦鹉人	啄羊鹦鹉人	creature_raw.NAME[0]; singular; caste=-1; no CASTE_NAME or juvenile substitution	0xaa3bd0(race,out,plural=false,caste=-1); r9w==0xffff -> 0xaa3d69 -> 0xaa3d1e/0xaa3d36; creature_raw+0x20 NAME[0]
reference	data/vanilla/vanilla_creatures/objects/creature_birds_new.txt	638	GIANT_KEA	SELECT_CASTE:ALL	NAME	1	giant kea	giant kea	巨型啄羊鹦鹉	data/runtime/rulesets/zh-Hans/creatures/caste.toml | data/runtime/rulesets/zh-Hans/creatures/name.toml	巨型啄羊鹦鹉	巨啄羊鹦鹉	creature_raw.NAME[0]; singular; caste=-1; no CASTE_NAME or juvenile substitution	0xaa3bd0(race,out,plural=false,caste=-1); r9w==0xffff -> 0xaa3d69 -> 0xaa3d1e/0xaa3d36; creature_raw+0x20 NAME[0]
reference	data/vanilla/vanilla_creatures/objects/creature_birds_new.txt	665	BIRD_OWL_SNOWY		NAME	1	snowy owl	snowy owl	雪鸮	data/runtime/rulesets/zh-Hans/creatures/caste.toml | data/runtime/rulesets/zh-Hans/creatures/name.toml	雪鸮	雪鸮	creature_raw.NAME[0]; singular; caste=-1; no CASTE_NAME or juvenile substitution	0xaa3bd0(race,out,plural=false,caste=-1); r9w==0xffff -> 0xaa3d69 -> 0xaa3d1e/0xaa3d36; creature_raw+0x20 NAME[0]
reference	data/vanilla/vanilla_creatures/objects/creature_birds_new.txt	788	SNOWY_OWL_MAN	SELECT_CASTE:ALL	NAME	1	snowy owl man	snowy owl man	雪鸮人	data/runtime/rulesets/zh-Hans/creatures/caste.toml | data/runtime/rulesets/zh-Hans/creatures/name.toml	雪鸮人	雪鸮人	creature_raw.NAME[0]; singular; caste=-1; no CASTE_NAME or juvenile substitution	0xaa3bd0(race,out,plural=false,caste=-1); r9w==0xffff -> 0xaa3d69 -> 0xaa3d1e/0xaa3d36; creature_raw+0x20 NAME[0]
reference	data/vanilla/vanilla_creatures/objects/creature_birds_new.txt	805	GIANT_SNOWY_OWL	SELECT_CASTE:ALL	NAME	1	giant snowy owl	giant snowy owl	巨型雪鸮	data/runtime/rulesets/zh-Hans/creatures/caste.toml | data/runtime/rulesets/zh-Hans/creatures/name.toml	巨型雪鸮	巨雪鸮	creature_raw.NAME[0]; singular; caste=-1; no CASTE_NAME or juvenile substitution	0xaa3bd0(race,out,plural=false,caste=-1); r9w==0xffff -> 0xaa3d69 -> 0xaa3d1e/0xaa3d36; creature_raw+0x20 NAME[0]
reference	data/vanilla/vanilla_creatures/objects/creature_birds_new.txt	831	SPARROW		NAME	1	sparrow	sparrow	麻雀	data/runtime/rulesets/zh-Hans/creatures/caste.toml | data/runtime/rulesets/zh-Hans/creatures/name.toml	麻雀	麻雀	creature_raw.NAME[0]; singular; caste=-1; no CASTE_NAME or juvenile substitution	0xaa3bd0(race,out,plural=false,caste=-1); r9w==0xffff -> 0xaa3d69 -> 0xaa3d1e/0xaa3d36; creature_raw+0x20 NAME[0]
reference	data/vanilla/vanilla_creatures/objects/creature_birds_new.txt	955	SPARROW_MAN	SELECT_CASTE:ALL	NAME	1	sparrow man	sparrow man	麻雀人	data/runtime/rulesets/zh-Hans/creatures/caste.toml | data/runtime/rulesets/zh-Hans/creatures/name.toml	麻雀人	雀人	creature_raw.NAME[0]; singular; caste=-1; no CASTE_NAME or juvenile substitution	0xaa3bd0(race,out,plural=false,caste=-1); r9w==0xffff -> 0xaa3d69 -> 0xaa3d1e/0xaa3d36; creature_raw+0x20 NAME[0]
reference	data/vanilla/vanilla_creatures/objects/creature_birds_new.txt	972	GIANT_SPARROW	SELECT_CASTE:ALL	NAME	1	giant sparrow	giant sparrow	巨型麻雀	data/runtime/rulesets/zh-Hans/creatures/caste.toml | data/runtime/rulesets/zh-Hans/creatures/name.toml	巨型麻雀	巨雀	creature_raw.NAME[0]; singular; caste=-1; no CASTE_NAME or juvenile substitution	0xaa3bd0(race,out,plural=false,caste=-1); r9w==0xffff -> 0xaa3d69 -> 0xaa3d1e/0xaa3d36; creature_raw+0x20 NAME[0]
reference	data/vanilla/vanilla_creatures/objects/creature_birds_new.txt	999	BIRD_STORK_WHITE		NAME	1	white stork	white stork	白鹳	data/runtime/rulesets/zh-Hans/creatures/caste.toml | data/runtime/rulesets/zh-Hans/creatures/name.toml	白鹳	白鹳	creature_raw.NAME[0]; singular; caste=-1; no CASTE_NAME or juvenile substitution	0xaa3bd0(race,out,plural=false,caste=-1); r9w==0xffff -> 0xaa3d69 -> 0xaa3d1e/0xaa3d36; creature_raw+0x20 NAME[0]
reference	data/vanilla/vanilla_creatures/objects/creature_birds_new.txt	1104	WHITE_STORK_MAN	SELECT_CASTE:ALL	NAME	1	white stork man	white stork man	白鹳人	data/runtime/rulesets/zh-Hans/creatures/caste.toml | data/runtime/rulesets/zh-Hans/creatures/name.toml	白鹳人	白鹳人	creature_raw.NAME[0]; singular; caste=-1; no CASTE_NAME or juvenile substitution	0xaa3bd0(race,out,plural=false,caste=-1); r9w==0xffff -> 0xaa3d69 -> 0xaa3d1e/0xaa3d36; creature_raw+0x20 NAME[0]
reference	data/vanilla/vanilla_creatures/objects/creature_birds_new.txt	1121	GIANT_WHITE_STORK	SELECT_CASTE:ALL	NAME	1	giant white stork	giant white stork	巨型白鹳	data/runtime/rulesets/zh-Hans/creatures/caste.toml | data/runtime/rulesets/zh-Hans/creatures/name.toml	巨型白鹳	巨白鹳	creature_raw.NAME[0]; singular; caste=-1; no CASTE_NAME or juvenile substitution	0xaa3bd0(race,out,plural=false,caste=-1); r9w==0xffff -> 0xaa3d69 -> 0xaa3d1e/0xaa3d36; creature_raw+0x20 NAME[0]
reference	data/vanilla/vanilla_creatures/objects/creature_birds_new.txt	1149	BIRD_LOON		NAME	1	loon	loon	潜鸟	data/runtime/rulesets/zh-Hans/creatures/caste.toml | data/runtime/rulesets/zh-Hans/creatures/name.toml	潜鸟	潜鸟	creature_raw.NAME[0]; singular; caste=-1; no CASTE_NAME or juvenile substitution	0xaa3bd0(race,out,plural=false,caste=-1); r9w==0xffff -> 0xaa3d69 -> 0xaa3d1e/0xaa3d36; creature_raw+0x20 NAME[0]
reference	data/vanilla/vanilla_creatures/objects/creature_birds_new.txt	1254	LOON_MAN	SELECT_CASTE:ALL	NAME	1	loon man	loon man	潜鸟人	data/runtime/rulesets/zh-Hans/creatures/caste.toml | data/runtime/rulesets/zh-Hans/creatures/name.toml	潜鸟人	潜鸟人	creature_raw.NAME[0]; singular; caste=-1; no CASTE_NAME or juvenile substitution	0xaa3bd0(race,out,plural=false,caste=-1); r9w==0xffff -> 0xaa3d69 -> 0xaa3d1e/0xaa3d36; creature_raw+0x20 NAME[0]
reference	data/vanilla/vanilla_creatures/objects/creature_birds_new.txt	1271	GIANT_LOON	SELECT_CASTE:ALL	NAME	1	giant loon	giant loon	巨型潜鸟	data/runtime/rulesets/zh-Hans/creatures/caste.toml | data/runtime/rulesets/zh-Hans/creatures/name.toml	巨型潜鸟	巨潜鸟	creature_raw.NAME[0]; singular; caste=-1; no CASTE_NAME or juvenile substitution	0xaa3bd0(race,out,plural=false,caste=-1); r9w==0xffff -> 0xaa3d69 -> 0xaa3d1e/0xaa3d36; creature_raw+0x20 NAME[0]
reference	data/vanilla/vanilla_creatures/objects/creature_birds_new.txt	1297	BIRD_OWL_BARN		NAME	1	barn owl	barn owl	仓鸮	data/runtime/rulesets/zh-Hans/creatures/caste.toml | data/runtime/rulesets/zh-Hans/creatures/name.toml	仓鸮	仓鸮	creature_raw.NAME[0]; singular; caste=-1; no CASTE_NAME or juvenile substitution	0xaa3bd0(race,out,plural=false,caste=-1); r9w==0xffff -> 0xaa3d69 -> 0xaa3d1e/0xaa3d36; creature_raw+0x20 NAME[0]
reference	data/vanilla/vanilla_creatures/objects/creature_birds_new.txt	1423	BARN_OWL_MAN	SELECT_CASTE:ALL	NAME	1	barn owl man	barn owl man	仓鸮人	data/runtime/rulesets/zh-Hans/creatures/caste.toml | data/runtime/rulesets/zh-Hans/creatures/name.toml	仓鸮人	仓鸮人	creature_raw.NAME[0]; singular; caste=-1; no CASTE_NAME or juvenile substitution	0xaa3bd0(race,out,plural=false,caste=-1); r9w==0xffff -> 0xaa3d69 -> 0xaa3d1e/0xaa3d36; creature_raw+0x20 NAME[0]
reference	data/vanilla/vanilla_creatures/objects/creature_birds_new.txt	1440	GIANT_BARN_OWL	SELECT_CASTE:ALL	NAME	1	giant barn owl	giant barn owl	巨型仓鸮	data/runtime/rulesets/zh-Hans/creatures/caste.toml | data/runtime/rulesets/zh-Hans/creatures/name.toml	巨型仓鸮	巨仓鸮	creature_raw.NAME[0]; singular; caste=-1; no CASTE_NAME or juvenile substitution	0xaa3bd0(race,out,plural=false,caste=-1); r9w==0xffff -> 0xaa3d69 -> 0xaa3d1e/0xaa3d36; creature_raw+0x20 NAME[0]
reference	data/vanilla/vanilla_creatures/objects/creature_birds_new.txt	1465	BIRD_PARAKEET		NAME	1	parakeet	parakeet	长尾鹦鹉	data/runtime/rulesets/zh-Hans/creatures/caste.toml | data/runtime/rulesets/zh-Hans/creatures/name.toml	长尾鹦鹉	长尾鹦鹉	creature_raw.NAME[0]; singular; caste=-1; no CASTE_NAME or juvenile substitution	0xaa3bd0(race,out,plural=false,caste=-1); r9w==0xffff -> 0xaa3d69 -> 0xaa3d1e/0xaa3d36; creature_raw+0x20 NAME[0]
reference	data/vanilla/vanilla_creatures/objects/creature_birds_new.txt	1586	PARAKEET_MAN	SELECT_CASTE:ALL	NAME	1	parakeet man	parakeet man	长尾鹦鹉人	data/runtime/rulesets/zh-Hans/creatures/caste.toml | data/runtime/rulesets/zh-Hans/creatures/name.toml	长尾鹦鹉人	长尾鹦鹉人	creature_raw.NAME[0]; singular; caste=-1; no CASTE_NAME or juvenile substitution	0xaa3bd0(race,out,plural=false,caste=-1); r9w==0xffff -> 0xaa3d69 -> 0xaa3d1e/0xaa3d36; creature_raw+0x20 NAME[0]
reference	data/vanilla/vanilla_creatures/objects/creature_birds_new.txt	1603	GIANT_PARAKEET	SELECT_CASTE:ALL	NAME	1	giant parakeet	giant parakeet	巨型长尾鹦鹉	data/runtime/rulesets/zh-Hans/creatures/caste.toml | data/runtime/rulesets/zh-Hans/creatures/name.toml	巨型长尾鹦鹉	巨长尾鹦鹉	creature_raw.NAME[0]; singular; caste=-1; no CASTE_NAME or juvenile substitution	0xaa3bd0(race,out,plural=false,caste=-1); r9w==0xffff -> 0xaa3d69 -> 0xaa3d1e/0xaa3d36; creature_raw+0x20 NAME[0]
reference	data/vanilla/vanilla_creatures/objects/creature_birds_new.txt	1629	BIRD_KAKAPO		NAME	1	kakapo	kakapo	鸮鹦鹉	data/runtime/rulesets/zh-Hans/creatures/caste.toml | data/runtime/rulesets/zh-Hans/creatures/name.toml	鸮鹦鹉	鸮鹦鹉	creature_raw.NAME[0]; singular; caste=-1; no CASTE_NAME or juvenile substitution	0xaa3bd0(race,out,plural=false,caste=-1); r9w==0xffff -> 0xaa3d69 -> 0xaa3d1e/0xaa3d36; creature_raw+0x20 NAME[0]
reference	data/vanilla/vanilla_creatures/objects/creature_birds_new.txt	1735	KAKAPO_MAN	SELECT_CASTE:ALL	NAME	1	kakapo man	kakapo man	鸮鹦鹉人	data/runtime/rulesets/zh-Hans/creatures/caste.toml | data/runtime/rulesets/zh-Hans/creatures/name.toml	鸮鹦鹉人	鸮鹦鹉人	creature_raw.NAME[0]; singular; caste=-1; no CASTE_NAME or juvenile substitution	0xaa3bd0(race,out,plural=false,caste=-1); r9w==0xffff -> 0xaa3d69 -> 0xaa3d1e/0xaa3d36; creature_raw+0x20 NAME[0]
reference	data/vanilla/vanilla_creatures/objects/creature_birds_new.txt	1752	GIANT_KAKAPO	SELECT_CASTE:ALL	NAME	1	giant kakapo	giant kakapo	巨型鸮鹦鹉	data/runtime/rulesets/zh-Hans/creatures/caste.toml | data/runtime/rulesets/zh-Hans/creatures/name.toml	巨型鸮鹦鹉	巨鸮鹦鹉	creature_raw.NAME[0]; singular; caste=-1; no CASTE_NAME or juvenile substitution	0xaa3bd0(race,out,plural=false,caste=-1); r9w==0xffff -> 0xaa3d69 -> 0xaa3d1e/0xaa3d36; creature_raw+0x20 NAME[0]
reference	data/vanilla/vanilla_creatures/objects/creature_birds_new.txt	1778	BIRD_PARROT_GREY		NAME	1	grey parrot	grey parrot	灰鹦鹉	data/runtime/rulesets/zh-Hans/creatures/caste.toml | data/runtime/rulesets/zh-Hans/creatures/name.toml	灰鹦鹉	灰鹦鹉	creature_raw.NAME[0]; singular; caste=-1; no CASTE_NAME or juvenile substitution	0xaa3bd0(race,out,plural=false,caste=-1); r9w==0xffff -> 0xaa3d69 -> 0xaa3d1e/0xaa3d36; creature_raw+0x20 NAME[0]
reference	data/vanilla/vanilla_creatures/objects/creature_birds_new.txt	1883	GREY_PARROT_MAN	SELECT_CASTE:ALL	NAME	1	grey parrot man	grey parrot man	灰鹦鹉人	data/runtime/rulesets/zh-Hans/creatures/caste.toml | data/runtime/rulesets/zh-Hans/creatures/name.toml	灰鹦鹉人	灰鹦鹉人	creature_raw.NAME[0]; singular; caste=-1; no CASTE_NAME or juvenile substitution	0xaa3bd0(race,out,plural=false,caste=-1); r9w==0xffff -> 0xaa3d69 -> 0xaa3d1e/0xaa3d36; creature_raw+0x20 NAME[0]
reference	data/vanilla/vanilla_creatures/objects/creature_birds_new.txt	1900	GIANT_GREY_PARROT	SELECT_CASTE:ALL	NAME	1	giant grey parrot	giant grey parrot	巨型灰鹦鹉	data/runtime/rulesets/zh-Hans/creatures/caste.toml | data/runtime/rulesets/zh-Hans/creatures/name.toml	巨型灰鹦鹉	巨灰鹦鹉	creature_raw.NAME[0]; singular; caste=-1; no CASTE_NAME or juvenile substitution	0xaa3bd0(race,out,plural=false,caste=-1); r9w==0xffff -> 0xaa3d69 -> 0xaa3d1e/0xaa3d36; creature_raw+0x20 NAME[0]
reference	data/vanilla/vanilla_creatures/objects/creature_birds_new.txt	1926	BIRD_PUFFIN		NAME	1	puffin	puffin	海鹦	data/runtime/rulesets/zh-Hans/creatures/caste.toml | data/runtime/rulesets/zh-Hans/creatures/name.toml	海鹦	海鹦	creature_raw.NAME[0]; singular; caste=-1; no CASTE_NAME or juvenile substitution	0xaa3bd0(race,out,plural=false,caste=-1); r9w==0xffff -> 0xaa3d69 -> 0xaa3d1e/0xaa3d36; creature_raw+0x20 NAME[0]
reference	data/vanilla/vanilla_creatures/objects/creature_birds_new.txt	2028	PUFFIN_MAN	SELECT_CASTE:ALL	NAME	1	puffin man	puffin man	海鹦人	data/runtime/rulesets/zh-Hans/creatures/caste.toml | data/runtime/rulesets/zh-Hans/creatures/name.toml	海鹦人	海鹦人	creature_raw.NAME[0]; singular; caste=-1; no CASTE_NAME or juvenile substitution	0xaa3bd0(race,out,plural=false,caste=-1); r9w==0xffff -> 0xaa3d69 -> 0xaa3d1e/0xaa3d36; creature_raw+0x20 NAME[0]
reference	data/vanilla/vanilla_creatures/objects/creature_birds_new.txt	2045	GIANT_PUFFIN	SELECT_CASTE:ALL	NAME	1	giant puffin	giant puffin	巨型海鹦	data/runtime/rulesets/zh-Hans/creatures/caste.toml | data/runtime/rulesets/zh-Hans/creatures/name.toml	巨型海鹦	巨海鹦	creature_raw.NAME[0]; singular; caste=-1; no CASTE_NAME or juvenile substitution	0xaa3bd0(race,out,plural=false,caste=-1); r9w==0xffff -> 0xaa3d69 -> 0xaa3d1e/0xaa3d36; creature_raw+0x20 NAME[0]
reference	data/vanilla/vanilla_creatures/objects/creature_birds_new.txt	2069	BIRD_SWAN		NAME	1	swan	swan	天鹅	data/runtime/rulesets/zh-Hans/creatures/name.toml	天鹅	天鹅	creature_raw.NAME[0]; singular; caste=-1; no CASTE_NAME or juvenile substitution	0xaa3bd0(race,out,plural=false,caste=-1); r9w==0xffff -> 0xaa3d69 -> 0xaa3d1e/0xaa3d36; creature_raw+0x20 NAME[0]
reference	data/vanilla/vanilla_creatures/objects/creature_birds_new.txt	2173	SWAN_MAN	SELECT_CASTE:ALL	NAME	1	swan man	swan man	天鹅人	data/runtime/rulesets/zh-Hans/creatures/caste.toml | data/runtime/rulesets/zh-Hans/creatures/name.toml	天鹅人	天鹅人	creature_raw.NAME[0]; singular; caste=-1; no CASTE_NAME or juvenile substitution	0xaa3bd0(race,out,plural=false,caste=-1); r9w==0xffff -> 0xaa3d69 -> 0xaa3d1e/0xaa3d36; creature_raw+0x20 NAME[0]
reference	data/vanilla/vanilla_creatures/objects/creature_birds_new.txt	2190	GIANT_SWAN	SELECT_CASTE:ALL	NAME	1	giant swan	giant swan	巨型天鹅	data/runtime/rulesets/zh-Hans/creatures/caste.toml | data/runtime/rulesets/zh-Hans/creatures/name.toml	巨型天鹅	巨天鹅	creature_raw.NAME[0]; singular; caste=-1; no CASTE_NAME or juvenile substitution	0xaa3bd0(race,out,plural=false,caste=-1); r9w==0xffff -> 0xaa3d69 -> 0xaa3d1e/0xaa3d36; creature_raw+0x20 NAME[0]
reference	data/vanilla/vanilla_creatures/objects/creature_birds_new.txt	2214	BIRD_LORIKEET		NAME	1	lorikeet	lorikeet	吸蜜鹦鹉	data/runtime/rulesets/zh-Hans/creatures/caste.toml | data/runtime/rulesets/zh-Hans/creatures/name.toml	吸蜜鹦鹉	吸蜜鹦鹉	creature_raw.NAME[0]; singular; caste=-1; no CASTE_NAME or juvenile substitution	0xaa3bd0(race,out,plural=false,caste=-1); r9w==0xffff -> 0xaa3d69 -> 0xaa3d1e/0xaa3d36; creature_raw+0x20 NAME[0]
reference	data/vanilla/vanilla_creatures/objects/creature_birds_new.txt	2333	LORIKEET_MAN	SELECT_CASTE:ALL	NAME	1	lorikeet man	lorikeet man	吸蜜鹦鹉人	data/runtime/rulesets/zh-Hans/creatures/caste.toml | data/runtime/rulesets/zh-Hans/creatures/name.toml	吸蜜鹦鹉人	吸蜜鹦鹉人	creature_raw.NAME[0]; singular; caste=-1; no CASTE_NAME or juvenile substitution	0xaa3bd0(race,out,plural=false,caste=-1); r9w==0xffff -> 0xaa3d69 -> 0xaa3d1e/0xaa3d36; creature_raw+0x20 NAME[0]
reference	data/vanilla/vanilla_creatures/objects/creature_birds_new.txt	2350	GIANT_LORIKEET	SELECT_CASTE:ALL	NAME	1	giant lorikeet	giant lorikeet	巨型吸蜜鹦鹉	data/runtime/rulesets/zh-Hans/creatures/caste.toml | data/runtime/rulesets/zh-Hans/creatures/name.toml	巨型吸蜜鹦鹉	巨吸蜜鹦鹉	creature_raw.NAME[0]; singular; caste=-1; no CASTE_NAME or juvenile substitution	0xaa3bd0(race,out,plural=false,caste=-1); r9w==0xffff -> 0xaa3d69 -> 0xaa3d1e/0xaa3d36; creature_raw+0x20 NAME[0]
reference	data/vanilla/vanilla_creatures/objects/creature_birds_new.txt	2376	BIRD_WREN		NAME	1	wren	wren	鹪鹩	data/runtime/rulesets/zh-Hans/creatures/caste.toml | data/runtime/rulesets/zh-Hans/creatures/name.toml	鹪鹩	鹪鹩	creature_raw.NAME[0]; singular; caste=-1; no CASTE_NAME or juvenile substitution	0xaa3bd0(race,out,plural=false,caste=-1); r9w==0xffff -> 0xaa3d69 -> 0xaa3d1e/0xaa3d36; creature_raw+0x20 NAME[0]
reference	data/vanilla/vanilla_creatures/objects/creature_birds_new.txt	2498	WREN_MAN	SELECT_CASTE:ALL	NAME	1	wren man	wren man	鹪鹩人	data/runtime/rulesets/zh-Hans/creatures/caste.toml | data/runtime/rulesets/zh-Hans/creatures/name.toml	鹪鹩人	鹪鹩人	creature_raw.NAME[0]; singular; caste=-1; no CASTE_NAME or juvenile substitution	0xaa3bd0(race,out,plural=false,caste=-1); r9w==0xffff -> 0xaa3d69 -> 0xaa3d1e/0xaa3d36; creature_raw+0x20 NAME[0]
reference	data/vanilla/vanilla_creatures/objects/creature_birds_new.txt	2515	GIANT_WREN	SELECT_CASTE:ALL	NAME	1	giant wren	giant wren	巨型鹪鹩	data/runtime/rulesets/zh-Hans/creatures/caste.toml | data/runtime/rulesets/zh-Hans/creatures/name.toml	巨型鹪鹩	巨鹪鹩	creature_raw.NAME[0]; singular; caste=-1; no CASTE_NAME or juvenile substitution	0xaa3bd0(race,out,plural=false,caste=-1); r9w==0xffff -> 0xaa3d69 -> 0xaa3d1e/0xaa3d36; creature_raw+0x20 NAME[0]
reference	data/vanilla/vanilla_creatures/objects/creature_birds_new.txt	2540	BIRD_OSPREY		NAME	1	osprey	osprey	鱼鹰	data/runtime/rulesets/zh-Hans/creatures/caste.toml | data/runtime/rulesets/zh-Hans/creatures/name.toml	鱼鹰	鱼鹰	creature_raw.NAME[0]; singular; caste=-1; no CASTE_NAME or juvenile substitution	0xaa3bd0(race,out,plural=false,caste=-1); r9w==0xffff -> 0xaa3d69 -> 0xaa3d1e/0xaa3d36; creature_raw+0x20 NAME[0]
reference	data/vanilla/vanilla_creatures/objects/creature_birds_new.txt	2665	OSPREY_MAN	SELECT_CASTE:ALL	NAME	1	osprey man	osprey man	鱼鹰人	data/runtime/rulesets/zh-Hans/creatures/caste.toml | data/runtime/rulesets/zh-Hans/creatures/name.toml	鱼鹰人	鱼鹰人	creature_raw.NAME[0]; singular; caste=-1; no CASTE_NAME or juvenile substitution	0xaa3bd0(race,out,plural=false,caste=-1); r9w==0xffff -> 0xaa3d69 -> 0xaa3d1e/0xaa3d36; creature_raw+0x20 NAME[0]
reference	data/vanilla/vanilla_creatures/objects/creature_birds_new.txt	2682	GIANT_OSPREY	SELECT_CASTE:ALL	NAME	1	giant osprey	giant osprey	巨型鱼鹰	data/runtime/rulesets/zh-Hans/creatures/caste.toml | data/runtime/rulesets/zh-Hans/creatures/name.toml	巨型鱼鹰	巨鱼鹰	creature_raw.NAME[0]; singular; caste=-1; no CASTE_NAME or juvenile substitution	0xaa3bd0(race,out,plural=false,caste=-1); r9w==0xffff -> 0xaa3d69 -> 0xaa3d1e/0xaa3d36; creature_raw+0x20 NAME[0]
reference	data/vanilla/vanilla_creatures/objects/creature_birds_new.txt	2706	BIRD_EMU		NAME	1	emu	emu	鸸鹋	data/runtime/rulesets/zh-Hans/creatures/caste.toml | data/runtime/rulesets/zh-Hans/creatures/name.toml	鸸鹋	鸸鹋	creature_raw.NAME[0]; singular; caste=-1; no CASTE_NAME or juvenile substitution	0xaa3bd0(race,out,plural=false,caste=-1); r9w==0xffff -> 0xaa3d69 -> 0xaa3d1e/0xaa3d36; creature_raw+0x20 NAME[0]
reference	data/vanilla/vanilla_creatures/objects/creature_birds_new.txt	2820	EMU_MAN	SELECT_CASTE:ALL	NAME	1	emu man	emu man	鸸鹋人	data/runtime/rulesets/zh-Hans/creatures/caste.toml | data/runtime/rulesets/zh-Hans/creatures/name.toml	鸸鹋人	鸸鹋人	creature_raw.NAME[0]; singular; caste=-1; no CASTE_NAME or juvenile substitution	0xaa3bd0(race,out,plural=false,caste=-1); r9w==0xffff -> 0xaa3d69 -> 0xaa3d1e/0xaa3d36; creature_raw+0x20 NAME[0]
reference	data/vanilla/vanilla_creatures/objects/creature_birds_new.txt	2837	GIANT_EMU	SELECT_CASTE:ALL	NAME	1	giant emu	giant emu	巨型鸸鹋	data/runtime/rulesets/zh-Hans/creatures/caste.toml | data/runtime/rulesets/zh-Hans/creatures/name.toml	巨型鸸鹋	巨鸸鹋	creature_raw.NAME[0]; singular; caste=-1; no CASTE_NAME or juvenile substitution	0xaa3bd0(race,out,plural=false,caste=-1); r9w==0xffff -> 0xaa3d69 -> 0xaa3d1e/0xaa3d36; creature_raw+0x20 NAME[0]
reference	data/vanilla/vanilla_creatures/objects/creature_birds_new.txt	2861	BIRD_COCKATIEL		NAME	1	cockatiel	cockatiel	玄凤鹦鹉	data/runtime/rulesets/zh-Hans/creatures/caste.toml | data/runtime/rulesets/zh-Hans/creatures/name.toml	玄凤鹦鹉	玄凤鹦鹉	creature_raw.NAME[0]; singular; caste=-1; no CASTE_NAME or juvenile substitution	0xaa3bd0(race,out,plural=false,caste=-1); r9w==0xffff -> 0xaa3d69 -> 0xaa3d1e/0xaa3d36; creature_raw+0x20 NAME[0]
reference	data/vanilla/vanilla_creatures/objects/creature_birds_new.txt	2979	COCKATIEL_MAN	SELECT_CASTE:ALL	NAME	1	cockatiel man	cockatiel man	玄凤鹦鹉人	data/runtime/rulesets/zh-Hans/creatures/caste.toml | data/runtime/rulesets/zh-Hans/creatures/name.toml	玄凤鹦鹉人	玄凤鹦鹉人	creature_raw.NAME[0]; singular; caste=-1; no CASTE_NAME or juvenile substitution	0xaa3bd0(race,out,plural=false,caste=-1); r9w==0xffff -> 0xaa3d69 -> 0xaa3d1e/0xaa3d36; creature_raw+0x20 NAME[0]
reference	data/vanilla/vanilla_creatures/objects/creature_birds_new.txt	2996	GIANT_COCKATIEL	SELECT_CASTE:ALL	NAME	1	giant cockatiel	giant cockatiel	巨型玄凤鹦鹉	data/runtime/rulesets/zh-Hans/creatures/caste.toml | data/runtime/rulesets/zh-Hans/creatures/name.toml	巨型玄凤鹦鹉	巨玄凤鹦鹉鹉	creature_raw.NAME[0]; singular; caste=-1; no CASTE_NAME or juvenile substitution	0xaa3bd0(race,out,plural=false,caste=-1); r9w==0xffff -> 0xaa3d69 -> 0xaa3d1e/0xaa3d36; creature_raw+0x20 NAME[0]
reference	data/vanilla/vanilla_creatures/objects/creature_birds_new.txt	3019	BIRD_LOVEBIRD_PEACH-FACED		NAME	1	peach-faced lovebird	peach-faced lovebird	桃面爱情鸟	data/runtime/rulesets/zh-Hans/creatures/caste.toml | data/runtime/rulesets/zh-Hans/creatures/name.toml	桃面爱情鸟	桃面爱情鸟	creature_raw.NAME[0]; singular; caste=-1; no CASTE_NAME or juvenile substitution	0xaa3bd0(race,out,plural=false,caste=-1); r9w==0xffff -> 0xaa3d69 -> 0xaa3d1e/0xaa3d36; creature_raw+0x20 NAME[0]
reference	data/vanilla/vanilla_creatures/objects/creature_birds_new.txt	3139	PEACH-FACED_LOVEBIRD_MAN	SELECT_CASTE:ALL	NAME	1	peach-faced lovebird man	peach-faced lovebird man	桃面爱情鸟人	data/runtime/rulesets/zh-Hans/creatures/caste.toml | data/runtime/rulesets/zh-Hans/creatures/name.toml	桃面爱情鸟人	桃面爱情鸟人	creature_raw.NAME[0]; singular; caste=-1; no CASTE_NAME or juvenile substitution	0xaa3bd0(race,out,plural=false,caste=-1); r9w==0xffff -> 0xaa3d69 -> 0xaa3d1e/0xaa3d36; creature_raw+0x20 NAME[0]
reference	data/vanilla/vanilla_creatures/objects/creature_birds_new.txt	3156	GIANT_PEACH-FACED_LOVEBIRD	SELECT_CASTE:ALL	NAME	1	giant peach-faced lovebird	giant peach-faced lovebird	巨型桃面爱情鸟	data/runtime/rulesets/zh-Hans/creatures/caste.toml | data/runtime/rulesets/zh-Hans/creatures/name.toml	巨型桃面爱情鸟	巨桃面爱情鸟	creature_raw.NAME[0]; singular; caste=-1; no CASTE_NAME or juvenile substitution	0xaa3bd0(race,out,plural=false,caste=-1); r9w==0xffff -> 0xaa3d69 -> 0xaa3d1e/0xaa3d36; creature_raw+0x20 NAME[0]
reference	data/vanilla/vanilla_creatures/objects/creature_birds_new.txt	3181	BIRD_MAGPIE		NAME	1	magpie	magpie	喜鹊	data/runtime/rulesets/zh-Hans/creatures/caste.toml | data/runtime/rulesets/zh-Hans/creatures/name.toml	喜鹊	喜鹊	creature_raw.NAME[0]; singular; caste=-1; no CASTE_NAME or juvenile substitution	0xaa3bd0(race,out,plural=false,caste=-1); r9w==0xffff -> 0xaa3d69 -> 0xaa3d1e/0xaa3d36; creature_raw+0x20 NAME[0]
reference	data/vanilla/vanilla_creatures/objects/creature_birds_new.txt	3301	MAGPIE_MAN	SELECT_CASTE:ALL	NAME	1	magpie man	magpie man	喜鹊人	data/runtime/rulesets/zh-Hans/creatures/caste.toml | data/runtime/rulesets/zh-Hans/creatures/name.toml	喜鹊人	喜鹊人	creature_raw.NAME[0]; singular; caste=-1; no CASTE_NAME or juvenile substitution	0xaa3bd0(race,out,plural=false,caste=-1); r9w==0xffff -> 0xaa3d69 -> 0xaa3d1e/0xaa3d36; creature_raw+0x20 NAME[0]
reference	data/vanilla/vanilla_creatures/objects/creature_birds_new.txt	3318	GIANT_MAGPIE	SELECT_CASTE:ALL	NAME	1	giant magpie	giant magpie	巨型喜鹊	data/runtime/rulesets/zh-Hans/creatures/caste.toml | data/runtime/rulesets/zh-Hans/creatures/name.toml	巨型喜鹊	巨喜鹊	creature_raw.NAME[0]; singular; caste=-1; no CASTE_NAME or juvenile substitution	0xaa3bd0(race,out,plural=false,caste=-1); r9w==0xffff -> 0xaa3d69 -> 0xaa3d1e/0xaa3d36; creature_raw+0x20 NAME[0]
reference	data/vanilla/vanilla_creatures/objects/creature_birds_new.txt	3342	BIRD_KESTREL		NAME	1	kestrel	kestrel	红隼	data/runtime/rulesets/zh-Hans/creatures/caste.toml | data/runtime/rulesets/zh-Hans/creatures/name.toml	红隼	茶隼	creature_raw.NAME[0]; singular; caste=-1; no CASTE_NAME or juvenile substitution	0xaa3bd0(race,out,plural=false,caste=-1); r9w==0xffff -> 0xaa3d69 -> 0xaa3d1e/0xaa3d36; creature_raw+0x20 NAME[0]
reference	data/vanilla/vanilla_creatures/objects/creature_birds_new.txt	3468	KESTREL_MAN	SELECT_CASTE:ALL	NAME	1	kestrel man	kestrel man	红隼人	data/runtime/rulesets/zh-Hans/creatures/caste.toml | data/runtime/rulesets/zh-Hans/creatures/name.toml	红隼人	茶隼人	creature_raw.NAME[0]; singular; caste=-1; no CASTE_NAME or juvenile substitution	0xaa3bd0(race,out,plural=false,caste=-1); r9w==0xffff -> 0xaa3d69 -> 0xaa3d1e/0xaa3d36; creature_raw+0x20 NAME[0]
reference	data/vanilla/vanilla_creatures/objects/creature_birds_new.txt	3485	GIANT_KESTREL	SELECT_CASTE:ALL	NAME	1	giant kestrel	giant kestrel	巨型红隼	data/runtime/rulesets/zh-Hans/creatures/caste.toml | data/runtime/rulesets/zh-Hans/creatures/name.toml	巨型红隼	巨茶隼	creature_raw.NAME[0]; singular; caste=-1; no CASTE_NAME or juvenile substitution	0xaa3bd0(race,out,plural=false,caste=-1); r9w==0xffff -> 0xaa3d69 -> 0xaa3d1e/0xaa3d36; creature_raw+0x20 NAME[0]
reference	data/vanilla/vanilla_creatures/objects/creature_birds_new.txt	3508	BIRD_ALBATROSS		NAME	1	albatross	albatross	信天翁	data/runtime/rulesets/zh-Hans/creatures/caste.toml | data/runtime/rulesets/zh-Hans/creatures/name.toml	信天翁	信天翁	creature_raw.NAME[0]; singular; caste=-1; no CASTE_NAME or juvenile substitution	0xaa3bd0(race,out,plural=false,caste=-1); r9w==0xffff -> 0xaa3d69 -> 0xaa3d1e/0xaa3d36; creature_raw+0x20 NAME[0]
reference	data/vanilla/vanilla_creatures/objects/creature_birds_new.txt	3612	ALBATROSS_MAN	SELECT_CASTE:ALL	NAME	1	albatross man	albatross man	信天翁人	data/runtime/rulesets/zh-Hans/creatures/caste.toml | data/runtime/rulesets/zh-Hans/creatures/name.toml	信天翁人	信天翁人	creature_raw.NAME[0]; singular; caste=-1; no CASTE_NAME or juvenile substitution	0xaa3bd0(race,out,plural=false,caste=-1); r9w==0xffff -> 0xaa3d69 -> 0xaa3d1e/0xaa3d36; creature_raw+0x20 NAME[0]
reference	data/vanilla/vanilla_creatures/objects/creature_birds_new.txt	3629	GIANT_ALBATROSS	SELECT_CASTE:ALL	NAME	1	giant albatross	giant albatross	巨型信天翁	data/runtime/rulesets/zh-Hans/creatures/caste.toml | data/runtime/rulesets/zh-Hans/creatures/name.toml	巨型信天翁	巨信天翁	creature_raw.NAME[0]; singular; caste=-1; no CASTE_NAME or juvenile substitution	0xaa3bd0(race,out,plural=false,caste=-1); r9w==0xffff -> 0xaa3d69 -> 0xaa3d1e/0xaa3d36; creature_raw+0x20 NAME[0]
reference	data/vanilla/vanilla_creatures/objects/creature_birds_new.txt	3654	BIRD_OWL_GREAT_HORNED		NAME	1	great horned owl	great horned owl	大角鸮	data/runtime/rulesets/zh-Hans/creatures/caste.toml | data/runtime/rulesets/zh-Hans/creatures/name.toml	大角鸮	大雕鸮	creature_raw.NAME[0]; singular; caste=-1; no CASTE_NAME or juvenile substitution	0xaa3bd0(race,out,plural=false,caste=-1); r9w==0xffff -> 0xaa3d69 -> 0xaa3d1e/0xaa3d36; creature_raw+0x20 NAME[0]
reference	data/vanilla/vanilla_creatures/objects/creature_birds_new.txt	3782	GREAT_HORNED_OWL_MAN	SELECT_CASTE:ALL	NAME	1	great horned owl man	great horned owl man	大角鸮人	data/runtime/rulesets/zh-Hans/creatures/caste.toml | data/runtime/rulesets/zh-Hans/creatures/name.toml	大角鸮人	大雕鸮人	creature_raw.NAME[0]; singular; caste=-1; no CASTE_NAME or juvenile substitution	0xaa3bd0(race,out,plural=false,caste=-1); r9w==0xffff -> 0xaa3d69 -> 0xaa3d1e/0xaa3d36; creature_raw+0x20 NAME[0]
reference	data/vanilla/vanilla_creatures/objects/creature_birds_new.txt	3799	GIANT_GREAT_HORNED_OWL	SELECT_CASTE:ALL	NAME	1	giant great horned owl	giant great horned owl	巨型大角鸮	data/runtime/rulesets/zh-Hans/creatures/caste.toml | data/runtime/rulesets/zh-Hans/creatures/name.toml	巨型大角鸮	巨大雕鸮	creature_raw.NAME[0]; singular; caste=-1; no CASTE_NAME or juvenile substitution	0xaa3bd0(race,out,plural=false,caste=-1); r9w==0xffff -> 0xaa3d69 -> 0xaa3d1e/0xaa3d36; creature_raw+0x20 NAME[0]
reference	data/vanilla/vanilla_creatures/objects/creature_birds_new.txt	3824	BIRD_EAGLE		NAME	1	eagle	eagle	鹰	data/runtime/rulesets/zh-Hans/creatures/caste.toml | data/runtime/rulesets/zh-Hans/creatures/name.toml	鹰	雕	creature_raw.NAME[0]; singular; caste=-1; no CASTE_NAME or juvenile substitution	0xaa3bd0(race,out,plural=false,caste=-1); r9w==0xffff -> 0xaa3d69 -> 0xaa3d1e/0xaa3d36; creature_raw+0x20 NAME[0]
reference	data/vanilla/vanilla_creatures/objects/creature_birds_new.txt	3950	EAGLE_MAN	SELECT_CASTE:ALL	NAME	1	eagle man	eagle man	鹰人	data/runtime/rulesets/zh-Hans/creatures/caste.toml | data/runtime/rulesets/zh-Hans/creatures/name.toml	鹰人	雕人	creature_raw.NAME[0]; singular; caste=-1; no CASTE_NAME or juvenile substitution	0xaa3bd0(race,out,plural=false,caste=-1); r9w==0xffff -> 0xaa3d69 -> 0xaa3d1e/0xaa3d36; creature_raw+0x20 NAME[0]
reference	data/vanilla/vanilla_creatures/objects/creature_birds_new.txt	3967	GIANT_EAGLE	SELECT_CASTE:ALL	NAME	1	giant eagle	giant eagle	巨型鹰	data/runtime/rulesets/zh-Hans/creatures/caste.toml | data/runtime/rulesets/zh-Hans/creatures/name.toml	巨型鹰	巨雕	creature_raw.NAME[0]; singular; caste=-1; no CASTE_NAME or juvenile substitution	0xaa3bd0(race,out,plural=false,caste=-1); r9w==0xffff -> 0xaa3d69 -> 0xaa3d1e/0xaa3d36; creature_raw+0x20 NAME[0]
reference	data/vanilla/vanilla_creatures/objects/creature_birds_new.txt	3991	BIRD_HORNBILL		NAME	1	hornbill	hornbill	犀鸟	data/runtime/rulesets/zh-Hans/creatures/caste.toml | data/runtime/rulesets/zh-Hans/creatures/name.toml	犀鸟	犀鸟	creature_raw.NAME[0]; singular; caste=-1; no CASTE_NAME or juvenile substitution	0xaa3bd0(race,out,plural=false,caste=-1); r9w==0xffff -> 0xaa3d69 -> 0xaa3d1e/0xaa3d36; creature_raw+0x20 NAME[0]
reference	data/vanilla/vanilla_creatures/objects/creature_birds_new.txt	4109	HORNBILL_MAN	SELECT_CASTE:ALL	NAME	1	hornbill man	hornbill man	犀鸟人	data/runtime/rulesets/zh-Hans/creatures/caste.toml | data/runtime/rulesets/zh-Hans/creatures/name.toml	犀鸟人	犀鸟人	creature_raw.NAME[0]; singular; caste=-1; no CASTE_NAME or juvenile substitution	0xaa3bd0(race,out,plural=false,caste=-1); r9w==0xffff -> 0xaa3d69 -> 0xaa3d1e/0xaa3d36; creature_raw+0x20 NAME[0]
reference	data/vanilla/vanilla_creatures/objects/creature_birds_new.txt	4126	GIANT_HORNBILL	SELECT_CASTE:ALL	NAME	1	giant hornbill	giant hornbill	巨型犀鸟	data/runtime/rulesets/zh-Hans/creatures/caste.toml | data/runtime/rulesets/zh-Hans/creatures/name.toml	巨型犀鸟	巨犀鸟	creature_raw.NAME[0]; singular; caste=-1; no CASTE_NAME or juvenile substitution	0xaa3bd0(race,out,plural=false,caste=-1); r9w==0xffff -> 0xaa3d69 -> 0xaa3d1e/0xaa3d36; creature_raw+0x20 NAME[0]
reference	data/vanilla/vanilla_creatures/objects/creature_birds_new.txt	4150	BIRD_LOVEBIRD_MASKED		NAME	1	masked lovebird	masked lovebird	蒙面爱情鸟	data/runtime/rulesets/zh-Hans/creatures/caste.toml | data/runtime/rulesets/zh-Hans/creatures/name.toml	蒙面爱情鸟	蒙面爱情鸟	creature_raw.NAME[0]; singular; caste=-1; no CASTE_NAME or juvenile substitution	0xaa3bd0(race,out,plural=false,caste=-1); r9w==0xffff -> 0xaa3d69 -> 0xaa3d1e/0xaa3d36; creature_raw+0x20 NAME[0]
reference	data/vanilla/vanilla_creatures/objects/creature_birds_new.txt	4267	MASKED_LOVEBIRD_MAN	SELECT_CASTE:ALL	NAME	1	masked lovebird man	masked lovebird man	蒙面爱情鸟人	data/runtime/rulesets/zh-Hans/creatures/caste.toml | data/runtime/rulesets/zh-Hans/creatures/name.toml	蒙面爱情鸟人	蒙面爱情鸟人	creature_raw.NAME[0]; singular; caste=-1; no CASTE_NAME or juvenile substitution	0xaa3bd0(race,out,plural=false,caste=-1); r9w==0xffff -> 0xaa3d69 -> 0xaa3d1e/0xaa3d36; creature_raw+0x20 NAME[0]
reference	data/vanilla/vanilla_creatures/objects/creature_birds_new.txt	4284	GIANT_MASKED_LOVEBIRD	SELECT_CASTE:ALL	NAME	1	giant masked lovebird	giant masked lovebird	巨型蒙面爱情鸟	data/runtime/rulesets/zh-Hans/creatures/caste.toml | data/runtime/rulesets/zh-Hans/creatures/name.toml	巨型蒙面爱情鸟	巨蒙面爱情鸟	creature_raw.NAME[0]; singular; caste=-1; no CASTE_NAME or juvenile substitution	0xaa3bd0(race,out,plural=false,caste=-1); r9w==0xffff -> 0xaa3d69 -> 0xaa3d1e/0xaa3d36; creature_raw+0x20 NAME[0]
reference	data/vanilla/vanilla_creatures/objects/creature_birds_new.txt	4307	BIRD_BUSHTIT		NAME	1	bushtit	bushtit	丛山雀	data/runtime/rulesets/zh-Hans/creatures/caste.toml | data/runtime/rulesets/zh-Hans/creatures/name.toml	丛山雀	丛山雀	creature_raw.NAME[0]; singular; caste=-1; no CASTE_NAME or juvenile substitution	0xaa3bd0(race,out,plural=false,caste=-1); r9w==0xffff -> 0xaa3d69 -> 0xaa3d1e/0xaa3d36; creature_raw+0x20 NAME[0]
reference	data/vanilla/vanilla_creatures/objects/creature_birds_new.txt	4425	BUSHTIT_MAN	SELECT_CASTE:ALL	NAME	1	bushtit man	bushtit man	丛山雀人	data/runtime/rulesets/zh-Hans/creatures/caste.toml | data/runtime/rulesets/zh-Hans/creatures/name.toml	丛山雀人	丛山雀人	creature_raw.NAME[0]; singular; caste=-1; no CASTE_NAME or juvenile substitution	0xaa3bd0(race,out,plural=false,caste=-1); r9w==0xffff -> 0xaa3d69 -> 0xaa3d1e/0xaa3d36; creature_raw+0x20 NAME[0]
reference	data/vanilla/vanilla_creatures/objects/creature_birds_new.txt	4442	GIANT_BUSHTIT	SELECT_CASTE:ALL	NAME	1	giant bushtit	giant bushtit	巨型丛山雀	data/runtime/rulesets/zh-Hans/creatures/caste.toml | data/runtime/rulesets/zh-Hans/creatures/name.toml	巨型丛山雀	巨丛山雀	creature_raw.NAME[0]; singular; caste=-1; no CASTE_NAME or juvenile substitution	0xaa3bd0(race,out,plural=false,caste=-1); r9w==0xffff -> 0xaa3d69 -> 0xaa3d1e/0xaa3d36; creature_raw+0x20 NAME[0]
reference	data/vanilla/vanilla_creatures/objects/creature_bug_slug_new.txt	11	DAMSELFLY		NAME	1	damselfly	damselfly	蓝蜻蛉	data/runtime/rulesets/zh-Hans/creatures/caste.toml | data/runtime/rulesets/zh-Hans/creatures/name.toml	蓝蜻蛉	豆娘	creature_raw.NAME[0]; singular; caste=-1; no CASTE_NAME or juvenile substitution	0xaa3bd0(race,out,plural=false,caste=-1); r9w==0xffff -> 0xaa3d69 -> 0xaa3d1e/0xaa3d36; creature_raw+0x20 NAME[0]
reference	data/vanilla/vanilla_creatures/objects/creature_bug_slug_new.txt	78	DAMSELFLY_MAN	SELECT_CASTE:ALL	NAME	1	damselfly man	damselfly man	蓝蜻蛉人	data/runtime/rulesets/zh-Hans/creatures/caste.toml | data/runtime/rulesets/zh-Hans/creatures/name.toml	蓝蜻蛉人	豆娘人	creature_raw.NAME[0]; singular; caste=-1; no CASTE_NAME or juvenile substitution	0xaa3bd0(race,out,plural=false,caste=-1); r9w==0xffff -> 0xaa3d69 -> 0xaa3d1e/0xaa3d36; creature_raw+0x20 NAME[0]
reference	data/vanilla/vanilla_creatures/objects/creature_bug_slug_new.txt	95	GIANT_DAMSELFLY	SELECT_CASTE:ALL	NAME	1	giant damselfly	giant damselfly	巨型蓝蜻蛉	data/runtime/rulesets/zh-Hans/creatures/caste.toml | data/runtime/rulesets/zh-Hans/creatures/name.toml	巨型蓝蜻蛉	巨豆娘	creature_raw.NAME[0]; singular; caste=-1; no CASTE_NAME or juvenile substitution	0xaa3bd0(race,out,plural=false,caste=-1); r9w==0xffff -> 0xaa3d69 -> 0xaa3d1e/0xaa3d36; creature_raw+0x20 NAME[0]
reference	data/vanilla/vanilla_creatures/objects/creature_bug_slug_new.txt	120	MOTH		NAME	1	moth	moth	飞蛾	data/runtime/rulesets/zh-Hans/creatures/caste.toml | data/runtime/rulesets/zh-Hans/creatures/name.toml	飞蛾	蛾	creature_raw.NAME[0]; singular; caste=-1; no CASTE_NAME or juvenile substitution	0xaa3bd0(race,out,plural=false,caste=-1); r9w==0xffff -> 0xaa3d69 -> 0xaa3d1e/0xaa3d36; creature_raw+0x20 NAME[0]
reference	data/vanilla/vanilla_creatures/objects/creature_bug_slug_new.txt	186	MOTH_MAN	SELECT_CASTE:ALL	NAME	1	moth man	moth man	飞蛾人	data/runtime/rulesets/zh-Hans/creatures/caste.toml | data/runtime/rulesets/zh-Hans/creatures/name.toml	飞蛾人	蛾人	creature_raw.NAME[0]; singular; caste=-1; no CASTE_NAME or juvenile substitution	0xaa3bd0(race,out,plural=false,caste=-1); r9w==0xffff -> 0xaa3d69 -> 0xaa3d1e/0xaa3d36; creature_raw+0x20 NAME[0]
reference	data/vanilla/vanilla_creatures/objects/creature_bug_slug_new.txt	203	GIANT_MOTH	SELECT_CASTE:ALL	NAME	1	giant moth	giant moth	巨型飞蛾	data/runtime/rulesets/zh-Hans/creatures/caste.toml | data/runtime/rulesets/zh-Hans/creatures/name.toml	巨型飞蛾	巨蛾	creature_raw.NAME[0]; singular; caste=-1; no CASTE_NAME or juvenile substitution	0xaa3bd0(race,out,plural=false,caste=-1); r9w==0xffff -> 0xaa3d69 -> 0xaa3d1e/0xaa3d36; creature_raw+0x20 NAME[0]
reference	data/vanilla/vanilla_creatures/objects/creature_bug_slug_new.txt	226	GRASSHOPPER		NAME	1	grasshopper	grasshopper	蚱蜢	data/runtime/rulesets/zh-Hans/creatures/caste.toml | data/runtime/rulesets/zh-Hans/creatures/name.toml	蚱蜢	草蜢	creature_raw.NAME[0]; singular; caste=-1; no CASTE_NAME or juvenile substitution	0xaa3bd0(race,out,plural=false,caste=-1); r9w==0xffff -> 0xaa3d69 -> 0xaa3d1e/0xaa3d36; creature_raw+0x20 NAME[0]
reference	data/vanilla/vanilla_creatures/objects/creature_bug_slug_new.txt	290	GRASSHOPPER_MAN	SELECT_CASTE:ALL	NAME	1	grasshopper man	grasshopper man	蚱蜢人	data/runtime/rulesets/zh-Hans/creatures/caste.toml | data/runtime/rulesets/zh-Hans/creatures/name.toml	蚱蜢人	草蜢人	creature_raw.NAME[0]; singular; caste=-1; no CASTE_NAME or juvenile substitution	0xaa3bd0(race,out,plural=false,caste=-1); r9w==0xffff -> 0xaa3d69 -> 0xaa3d1e/0xaa3d36; creature_raw+0x20 NAME[0]
reference	data/vanilla/vanilla_creatures/objects/creature_bug_slug_new.txt	307	GIANT_GRASSHOPPER	SELECT_CASTE:ALL	NAME	1	giant grasshopper	giant grasshopper	巨型蚱蜢	data/runtime/rulesets/zh-Hans/creatures/caste.toml | data/runtime/rulesets/zh-Hans/creatures/name.toml	巨型蚱蜢	巨草蜢	creature_raw.NAME[0]; singular; caste=-1; no CASTE_NAME or juvenile substitution	0xaa3bd0(race,out,plural=false,caste=-1); r9w==0xffff -> 0xaa3d69 -> 0xaa3d1e/0xaa3d36; creature_raw+0x20 NAME[0]
reference	data/vanilla/vanilla_creatures/objects/creature_bug_slug_new.txt	329	BARK_SCORPION		NAME	1	bark scorpion	bark scorpion	树皮蝎	data/runtime/rulesets/zh-Hans/creatures/caste.toml | data/runtime/rulesets/zh-Hans/creatures/name.toml	树皮蝎	木蝎	creature_raw.NAME[0]; singular; caste=-1; no CASTE_NAME or juvenile substitution	0xaa3bd0(race,out,plural=false,caste=-1); r9w==0xffff -> 0xaa3d69 -> 0xaa3d1e/0xaa3d36; creature_raw+0x20 NAME[0]
reference	data/vanilla/vanilla_creatures/objects/creature_bug_slug_new.txt	439	BARK_SCORPION_MAN	SELECT_CASTE:ALL	NAME	1	bark scorpion man	bark scorpion man	树皮蝎人	data/runtime/rulesets/zh-Hans/creatures/caste.toml | data/runtime/rulesets/zh-Hans/creatures/name.toml	树皮蝎人	木蝎人	creature_raw.NAME[0]; singular; caste=-1; no CASTE_NAME or juvenile substitution	0xaa3bd0(race,out,plural=false,caste=-1); r9w==0xffff -> 0xaa3d69 -> 0xaa3d1e/0xaa3d36; creature_raw+0x20 NAME[0]
reference	data/vanilla/vanilla_creatures/objects/creature_bug_slug_new.txt	473	GIANT_BARK_SCORPION	SELECT_CASTE:ALL	NAME	1	giant bark scorpion	giant bark scorpion	巨型树皮蝎	data/runtime/rulesets/zh-Hans/creatures/caste.toml | data/runtime/rulesets/zh-Hans/creatures/name.toml	巨型树皮蝎	巨木蝎	creature_raw.NAME[0]; singular; caste=-1; no CASTE_NAME or juvenile substitution	0xaa3bd0(race,out,plural=false,caste=-1); r9w==0xffff -> 0xaa3d69 -> 0xaa3d1e/0xaa3d36; creature_raw+0x20 NAME[0]
reference	data/vanilla/vanilla_creatures/objects/creature_bug_slug_new.txt	494	MANTIS		NAME	1	mantis	mantis	螳螂	data/runtime/rulesets/zh-Hans/creatures/caste.toml | data/runtime/rulesets/zh-Hans/creatures/name.toml	螳螂	螳螂	creature_raw.NAME[0]; singular; caste=-1; no CASTE_NAME or juvenile substitution	0xaa3bd0(race,out,plural=false,caste=-1); r9w==0xffff -> 0xaa3d69 -> 0xaa3d1e/0xaa3d36; creature_raw+0x20 NAME[0]
reference	data/vanilla/vanilla_creatures/objects/creature_bug_slug_new.txt	565	MANTIS_MAN	SELECT_CASTE:ALL	NAME	1	mantis man	mantis man	螳螂人	data/runtime/rulesets/zh-Hans/creatures/caste.toml | data/runtime/rulesets/zh-Hans/creatures/name.toml	螳螂人	螳螂人	creature_raw.NAME[0]; singular; caste=-1; no CASTE_NAME or juvenile substitution	0xaa3bd0(race,out,plural=false,caste=-1); r9w==0xffff -> 0xaa3d69 -> 0xaa3d1e/0xaa3d36; creature_raw+0x20 NAME[0]
reference	data/vanilla/vanilla_creatures/objects/creature_bug_slug_new.txt	582	GIANT_MANTIS	SELECT_CASTE:ALL	NAME	1	giant mantis	giant mantis	巨型螳螂	data/runtime/rulesets/zh-Hans/creatures/caste.toml | data/runtime/rulesets/zh-Hans/creatures/name.toml	巨型螳螂	巨螳螂	creature_raw.NAME[0]; singular; caste=-1; no CASTE_NAME or juvenile substitution	0xaa3bd0(race,out,plural=false,caste=-1); r9w==0xffff -> 0xaa3d69 -> 0xaa3d1e/0xaa3d36; creature_raw+0x20 NAME[0]
reference	data/vanilla/vanilla_creatures/objects/creature_bug_slug_new.txt	606	TICK		NAME	1	tick	tick	蜱虫	data/runtime/rulesets/zh-Hans/creatures/caste.toml | data/runtime/rulesets/zh-Hans/creatures/name.toml	蜱虫	蜱虫	creature_raw.NAME[0]; singular; caste=-1; no CASTE_NAME or juvenile substitution	0xaa3bd0(race,out,plural=false,caste=-1); r9w==0xffff -> 0xaa3d69 -> 0xaa3d1e/0xaa3d36; creature_raw+0x20 NAME[0]
reference	data/vanilla/vanilla_creatures/objects/creature_bug_slug_new.txt	674	TICK_MAN	SELECT_CASTE:ALL	NAME	1	tick man	tick man	蜱虫人	data/runtime/rulesets/zh-Hans/creatures/caste.toml | data/runtime/rulesets/zh-Hans/creatures/name.toml	蜱虫人	蜱人	creature_raw.NAME[0]; singular; caste=-1; no CASTE_NAME or juvenile substitution	0xaa3bd0(race,out,plural=false,caste=-1); r9w==0xffff -> 0xaa3d69 -> 0xaa3d1e/0xaa3d36; creature_raw+0x20 NAME[0]
reference	data/vanilla/vanilla_creatures/objects/creature_bug_slug_new.txt	691	GIANT_TICK	SELECT_CASTE:ALL	NAME	1	giant tick	giant tick	巨型蜱虫	data/runtime/rulesets/zh-Hans/creatures/caste.toml | data/runtime/rulesets/zh-Hans/creatures/name.toml	巨型蜱虫	巨蜱虫	creature_raw.NAME[0]; singular; caste=-1; no CASTE_NAME or juvenile substitution	0xaa3bd0(race,out,plural=false,caste=-1); r9w==0xffff -> 0xaa3d69 -> 0xaa3d1e/0xaa3d36; creature_raw+0x20 NAME[0]
reference	data/vanilla/vanilla_creatures/objects/creature_bug_slug_new.txt	714	LOUSE		NAME	1	louse	louse	虱子	data/runtime/rulesets/zh-Hans/creatures/caste.toml | data/runtime/rulesets/zh-Hans/creatures/name.toml	虱子	虱	creature_raw.NAME[0]; singular; caste=-1; no CASTE_NAME or juvenile substitution	0xaa3bd0(race,out,plural=false,caste=-1); r9w==0xffff -> 0xaa3d69 -> 0xaa3d1e/0xaa3d36; creature_raw+0x20 NAME[0]
reference	data/vanilla/vanilla_creatures/objects/creature_bug_slug_new.txt	781	LOUSE_MAN	SELECT_CASTE:ALL	NAME	1	louse man	louse man	虱子人	data/runtime/rulesets/zh-Hans/creatures/caste.toml | data/runtime/rulesets/zh-Hans/creatures/name.toml	虱子人	虱人	creature_raw.NAME[0]; singular; caste=-1; no CASTE_NAME or juvenile substitution	0xaa3bd0(race,out,plural=false,caste=-1); r9w==0xffff -> 0xaa3d69 -> 0xaa3d1e/0xaa3d36; creature_raw+0x20 NAME[0]
reference	data/vanilla/vanilla_creatures/objects/creature_bug_slug_new.txt	798	GIANT_LOUSE	SELECT_CASTE:ALL	NAME	1	giant louse	giant louse	巨型虱子	data/runtime/rulesets/zh-Hans/creatures/caste.toml | data/runtime/rulesets/zh-Hans/creatures/name.toml	巨型虱子	巨虱	creature_raw.NAME[0]; singular; caste=-1; no CASTE_NAME or juvenile substitution	0xaa3bd0(race,out,plural=false,caste=-1); r9w==0xffff -> 0xaa3d69 -> 0xaa3d1e/0xaa3d36; creature_raw+0x20 NAME[0]
reference	data/vanilla/vanilla_creatures/objects/creature_bug_slug_new.txt	820	THRIPS		NAME	1	thrips	thrips	蓟马	data/runtime/rulesets/zh-Hans/creatures/caste.toml | data/runtime/rulesets/zh-Hans/creatures/name.toml	蓟马	蓟马	creature_raw.NAME[0]; singular; caste=-1; no CASTE_NAME or juvenile substitution	0xaa3bd0(race,out,plural=false,caste=-1); r9w==0xffff -> 0xaa3d69 -> 0xaa3d1e/0xaa3d36; creature_raw+0x20 NAME[0]
reference	data/vanilla/vanilla_creatures/objects/creature_bug_slug_new.txt	889	THRIPS_MAN	SELECT_CASTE:ALL	NAME	1	thrips man	thrips man	蓟马人	data/runtime/rulesets/zh-Hans/creatures/caste.toml | data/runtime/rulesets/zh-Hans/creatures/name.toml	蓟马人	蓟马人	creature_raw.NAME[0]; singular; caste=-1; no CASTE_NAME or juvenile substitution	0xaa3bd0(race,out,plural=false,caste=-1); r9w==0xffff -> 0xaa3d69 -> 0xaa3d1e/0xaa3d36; creature_raw+0x20 NAME[0]
reference	data/vanilla/vanilla_creatures/objects/creature_bug_slug_new.txt	906	GIANT_THRIPS	SELECT_CASTE:ALL	NAME	1	giant thrips	giant thrips	巨型蓟马	data/runtime/rulesets/zh-Hans/creatures/caste.toml | data/runtime/rulesets/zh-Hans/creatures/name.toml	巨型蓟马	巨蓟马	creature_raw.NAME[0]; singular; caste=-1; no CASTE_NAME or juvenile substitution	0xaa3bd0(race,out,plural=false,caste=-1); r9w==0xffff -> 0xaa3d69 -> 0xaa3d1e/0xaa3d36; creature_raw+0x20 NAME[0]
reference	data/vanilla/vanilla_creatures/objects/creature_bug_slug_new.txt	927	SLUG		NAME	1	slug	slug	蛞蝓	data/runtime/rulesets/zh-Hans/creatures/caste.toml | data/runtime/rulesets/zh-Hans/creatures/name.toml	蛞蝓	蛞蝓	creature_raw.NAME[0]; singular; caste=-1; no CASTE_NAME or juvenile substitution	0xaa3bd0(race,out,plural=false,caste=-1); r9w==0xffff -> 0xaa3d69 -> 0xaa3d1e/0xaa3d36; creature_raw+0x20 NAME[0]
reference	data/vanilla/vanilla_creatures/objects/creature_bug_slug_new.txt	977	SLUG_MAN		NAME	1	slug man	slug man	蛞蝓人	data/runtime/rulesets/zh-Hans/creatures/caste.toml | data/runtime/rulesets/zh-Hans/creatures/name.toml	蛞蝓人	蛞蝓人	creature_raw.NAME[0]; singular; caste=-1; no CASTE_NAME or juvenile substitution	0xaa3bd0(race,out,plural=false,caste=-1); r9w==0xffff -> 0xaa3d69 -> 0xaa3d1e/0xaa3d36; creature_raw+0x20 NAME[0]
reference	data/vanilla/vanilla_creatures/objects/creature_bug_slug_new.txt	995	GIANT_SLUG	SELECT_CASTE:ALL	NAME	1	giant slug	giant slug	巨型蛞蝓	data/runtime/rulesets/zh-Hans/creatures/caste.toml | data/runtime/rulesets/zh-Hans/creatures/name.toml	巨型蛞蝓	巨蛞蝓	creature_raw.NAME[0]; singular; caste=-1; no CASTE_NAME or juvenile substitution	0xaa3bd0(race,out,plural=false,caste=-1); r9w==0xffff -> 0xaa3d69 -> 0xaa3d1e/0xaa3d36; creature_raw+0x20 NAME[0]
reference	data/vanilla/vanilla_creatures/objects/creature_bug_slug_new.txt	1014	MOSQUITO		NAME	1	mosquito	mosquito	蚊子	data/runtime/rulesets/zh-Hans/creatures/caste.toml | data/runtime/rulesets/zh-Hans/creatures/name.toml	蚊子	蚊	creature_raw.NAME[0]; singular; caste=-1; no CASTE_NAME or juvenile substitution	0xaa3bd0(race,out,plural=false,caste=-1); r9w==0xffff -> 0xaa3d69 -> 0xaa3d1e/0xaa3d36; creature_raw+0x20 NAME[0]
reference	data/vanilla/vanilla_creatures/objects/creature_bug_slug_new.txt	1087	MOSQUITO_MAN	SELECT_CASTE:ALL	NAME	1	mosquito man	mosquito man	蚊子人	data/runtime/rulesets/zh-Hans/creatures/caste.toml | data/runtime/rulesets/zh-Hans/creatures/name.toml	蚊子人	蚊人	creature_raw.NAME[0]; singular; caste=-1; no CASTE_NAME or juvenile substitution	0xaa3bd0(race,out,plural=false,caste=-1); r9w==0xffff -> 0xaa3d69 -> 0xaa3d1e/0xaa3d36; creature_raw+0x20 NAME[0]
reference	data/vanilla/vanilla_creatures/objects/creature_bug_slug_new.txt	1104	GIANT_MOSQUITO	SELECT_CASTE:ALL	NAME	1	giant mosquito	giant mosquito	巨型蚊子	data/runtime/rulesets/zh-Hans/creatures/caste.toml | data/runtime/rulesets/zh-Hans/creatures/name.toml	巨型蚊子	巨蚊	creature_raw.NAME[0]; singular; caste=-1; no CASTE_NAME or juvenile substitution	0xaa3bd0(race,out,plural=false,caste=-1); r9w==0xffff -> 0xaa3d69 -> 0xaa3d1e/0xaa3d36; creature_raw+0x20 NAME[0]
reference	data/vanilla/vanilla_creatures/objects/creature_bug_slug_new.txt	1128	SPIDER_JUMPING		NAME	1	jumping spider	jumping spider	跳蛛	data/runtime/rulesets/zh-Hans/creatures/caste.toml | data/runtime/rulesets/zh-Hans/creatures/name.toml	跳蛛	蝇虎	creature_raw.NAME[0]; singular; caste=-1; no CASTE_NAME or juvenile substitution	0xaa3bd0(race,out,plural=false,caste=-1); r9w==0xffff -> 0xaa3d69 -> 0xaa3d1e/0xaa3d36; creature_raw+0x20 NAME[0]
reference	data/vanilla/vanilla_creatures/objects/creature_bug_slug_new.txt	1194	JUMPING_SPIDER_MAN	SELECT_CASTE:ALL	NAME	1	jumping spider man	jumping spider man	跳蛛人	data/runtime/rulesets/zh-Hans/creatures/caste.toml | data/runtime/rulesets/zh-Hans/creatures/name.toml	跳蛛人	蝇虎人	creature_raw.NAME[0]; singular; caste=-1; no CASTE_NAME or juvenile substitution	0xaa3bd0(race,out,plural=false,caste=-1); r9w==0xffff -> 0xaa3d69 -> 0xaa3d1e/0xaa3d36; creature_raw+0x20 NAME[0]
reference	data/vanilla/vanilla_creatures/objects/creature_bug_slug_new.txt	1212	GIANT_JUMPING_SPIDER	SELECT_CASTE:ALL	NAME	1	giant jumping spider	giant jumping spider	巨型跳蛛	data/runtime/rulesets/zh-Hans/creatures/caste.toml | data/runtime/rulesets/zh-Hans/creatures/name.toml	巨型跳蛛	巨蝇虎	creature_raw.NAME[0]; singular; caste=-1; no CASTE_NAME or juvenile substitution	0xaa3bd0(race,out,plural=false,caste=-1); r9w==0xffff -> 0xaa3d69 -> 0xaa3d1e/0xaa3d36; creature_raw+0x20 NAME[0]
reference	data/vanilla/vanilla_creatures/objects/creature_bug_slug_new.txt	1234	TERMITE		NAME	1	termite	termite	白蚁	data/runtime/rulesets/zh-Hans/creatures/name.toml	白蚁	白蚁	creature_raw.NAME[0]; singular; caste=-1; no CASTE_NAME or juvenile substitution	0xaa3bd0(race,out,plural=false,caste=-1); r9w==0xffff -> 0xaa3d69 -> 0xaa3d1e/0xaa3d36; creature_raw+0x20 NAME[0]
reference	data/vanilla/vanilla_creatures/objects/creature_bug_slug_new.txt	1301	MOON_SNAIL		NAME	1	moon snail	moon snail	月亮蜗牛	data/runtime/rulesets/zh-Hans/creatures/caste.toml | data/runtime/rulesets/zh-Hans/creatures/name.toml	月亮蜗牛	玉螺	creature_raw.NAME[0]; singular; caste=-1; no CASTE_NAME or juvenile substitution	0xaa3bd0(race,out,plural=false,caste=-1); r9w==0xffff -> 0xaa3d69 -> 0xaa3d1e/0xaa3d36; creature_raw+0x20 NAME[0]
reference	data/vanilla/vanilla_creatures/objects/creature_bug_slug_new.txt	1370	MOON_SNAIL_MAN	SELECT_CASTE:ALL	NAME	1	moon snail man	moon snail man	月亮蜗牛人	data/runtime/rulesets/zh-Hans/creatures/caste.toml | data/runtime/rulesets/zh-Hans/creatures/name.toml	月亮蜗牛人	玉螺人	creature_raw.NAME[0]; singular; caste=-1; no CASTE_NAME or juvenile substitution	0xaa3bd0(race,out,plural=false,caste=-1); r9w==0xffff -> 0xaa3d69 -> 0xaa3d1e/0xaa3d36; creature_raw+0x20 NAME[0]
reference	data/vanilla/vanilla_creatures/objects/creature_bug_slug_new.txt	1387	GIANT_MOON_SNAIL	SELECT_CASTE:ALL	NAME	1	giant moon snail	giant moon snail	巨型月亮蜗牛	data/runtime/rulesets/zh-Hans/creatures/caste.toml | data/runtime/rulesets/zh-Hans/creatures/name.toml	巨型月亮蜗牛	巨玉螺	creature_raw.NAME[0]; singular; caste=-1; no CASTE_NAME or juvenile substitution	0xaa3bd0(race,out,plural=false,caste=-1); r9w==0xffff -> 0xaa3d69 -> 0xaa3d1e/0xaa3d36; creature_raw+0x20 NAME[0]
reference	data/vanilla/vanilla_creatures/objects/creature_bug_slug_new.txt	1409	SPIDER_BROWN_RECLUSE		NAME	1	brown recluse spider	brown recluse spider	棕色遁蛛	data/runtime/rulesets/zh-Hans/creatures/caste.toml | data/runtime/rulesets/zh-Hans/creatures/name.toml	棕色遁蛛	棕色遁蛛	creature_raw.NAME[0]; singular; caste=-1; no CASTE_NAME or juvenile substitution	0xaa3bd0(race,out,plural=false,caste=-1); r9w==0xffff -> 0xaa3d69 -> 0xaa3d1e/0xaa3d36; creature_raw+0x20 NAME[0]
reference	data/vanilla/vanilla_creatures/objects/creature_bug_slug_new.txt	1514	BROWN_RECLUSE_SPIDER_MAN	SELECT_CASTE:ALL	NAME	1	brown recluse spider man	brown recluse spider man	棕色遁蛛人	data/runtime/rulesets/zh-Hans/creatures/caste.toml | data/runtime/rulesets/zh-Hans/creatures/name.toml	棕色遁蛛人	棕色遁蛛人	creature_raw.NAME[0]; singular; caste=-1; no CASTE_NAME or juvenile substitution	0xaa3bd0(race,out,plural=false,caste=-1); r9w==0xffff -> 0xaa3d69 -> 0xaa3d1e/0xaa3d36; creature_raw+0x20 NAME[0]
reference	data/vanilla/vanilla_creatures/objects/creature_bug_slug_new.txt	1549	GIANT_BROWN_RECLUSE_SPIDER	SELECT_CASTE:ALL	NAME	1	giant brown recluse spider	giant brown recluse spider	巨型棕色遁蛛	data/runtime/rulesets/zh-Hans/creatures/caste.toml | data/runtime/rulesets/zh-Hans/creatures/name.toml	巨型棕色遁蛛	巨棕色遁蛛	creature_raw.NAME[0]; singular; caste=-1; no CASTE_NAME or juvenile substitution	0xaa3bd0(race,out,plural=false,caste=-1); r9w==0xffff -> 0xaa3d69 -> 0xaa3d1e/0xaa3d36; creature_raw+0x20 NAME[0]
reference	data/vanilla/vanilla_creatures/objects/creature_bug_slug_new.txt	1570	SNAIL		NAME	1	snail	snail	蜗牛	data/runtime/rulesets/zh-Hans/creatures/caste.toml | data/runtime/rulesets/zh-Hans/creatures/name.toml	蜗牛	蜗牛	creature_raw.NAME[0]; singular; caste=-1; no CASTE_NAME or juvenile substitution	0xaa3bd0(race,out,plural=false,caste=-1); r9w==0xffff -> 0xaa3d69 -> 0xaa3d1e/0xaa3d36; creature_raw+0x20 NAME[0]
reference	data/vanilla/vanilla_creatures/objects/creature_bug_slug_new.txt	1627	SNAIL_MAN		NAME	1	snail man	snail man	蜗牛人	data/runtime/rulesets/zh-Hans/creatures/caste.toml | data/runtime/rulesets/zh-Hans/creatures/name.toml	蜗牛人	蜗人	creature_raw.NAME[0]; singular; caste=-1; no CASTE_NAME or juvenile substitution	0xaa3bd0(race,out,plural=false,caste=-1); r9w==0xffff -> 0xaa3d69 -> 0xaa3d1e/0xaa3d36; creature_raw+0x20 NAME[0]
reference	data/vanilla/vanilla_creatures/objects/creature_bug_slug_new.txt	1645	GIANT_SNAIL	SELECT_CASTE:ALL	NAME	1	giant snail	giant snail	巨型蜗牛	data/runtime/rulesets/zh-Hans/creatures/caste.toml | data/runtime/rulesets/zh-Hans/creatures/name.toml	巨型蜗牛	巨蜗	creature_raw.NAME[0]; singular; caste=-1; no CASTE_NAME or juvenile substitution	0xaa3bd0(race,out,plural=false,caste=-1); r9w==0xffff -> 0xaa3d69 -> 0xaa3d1e/0xaa3d36; creature_raw+0x20 NAME[0]
reference	data/vanilla/vanilla_creatures/objects/creature_desert_new.txt	11	GECKO_LEOPARD		NAME	1	leopard gecko	leopard gecko	豹纹壁虎	data/runtime/rulesets/zh-Hans/creatures/caste.toml | data/runtime/rulesets/zh-Hans/creatures/name.toml	豹纹壁虎	豹纹壁虎	creature_raw.NAME[0]; singular; caste=-1; no CASTE_NAME or juvenile substitution	0xaa3bd0(race,out,plural=false,caste=-1); r9w==0xffff -> 0xaa3d69 -> 0xaa3d1e/0xaa3d36; creature_raw+0x20 NAME[0]
reference	data/vanilla/vanilla_creatures/objects/creature_desert_new.txt	100	LEOPARD_GECKO_MAN	SELECT_CASTE:ALL	NAME	1	leopard gecko man	leopard gecko man	豹纹壁虎人	data/runtime/rulesets/zh-Hans/creatures/caste.toml | data/runtime/rulesets/zh-Hans/creatures/name.toml	豹纹壁虎人	豹纹壁虎人	creature_raw.NAME[0]; singular; caste=-1; no CASTE_NAME or juvenile substitution	0xaa3bd0(race,out,plural=false,caste=-1); r9w==0xffff -> 0xaa3d69 -> 0xaa3d1e/0xaa3d36; creature_raw+0x20 NAME[0]
reference	data/vanilla/vanilla_creatures/objects/creature_desert_new.txt	117	GIANT_LEOPARD_GECKO	SELECT_CASTE:ALL	NAME	1	giant leopard gecko	giant leopard gecko	巨型豹纹壁虎	data/runtime/rulesets/zh-Hans/creatures/caste.toml | data/runtime/rulesets/zh-Hans/creatures/name.toml	巨型豹纹壁虎	巨豹纹壁虎	creature_raw.NAME[0]; singular; caste=-1; no CASTE_NAME or juvenile substitution	0xaa3bd0(race,out,plural=false,caste=-1); r9w==0xffff -> 0xaa3d69 -> 0xaa3d1e/0xaa3d36; creature_raw+0x20 NAME[0]
reference	data/vanilla/vanilla_creatures/objects/creature_desert_new.txt	140	DESERT TORTOISE		NAME	1	desert tortoise	desert tortoise	沙漠陆龟	data/runtime/rulesets/zh-Hans/creatures/caste.toml | data/runtime/rulesets/zh-Hans/creatures/name.toml	沙漠陆龟	沙漠地鼠龟	creature_raw.NAME[0]; singular; caste=-1; no CASTE_NAME or juvenile substitution	0xaa3bd0(race,out,plural=false,caste=-1); r9w==0xffff -> 0xaa3d69 -> 0xaa3d1e/0xaa3d36; creature_raw+0x20 NAME[0]
reference	data/vanilla/vanilla_creatures/objects/creature_desert_new.txt	242	DESERT_TORTOISE_MAN	SELECT_CASTE:ALL	NAME	1	desert tortoise man	desert tortoise man	沙漠陆龟人	data/runtime/rulesets/zh-Hans/creatures/caste.toml | data/runtime/rulesets/zh-Hans/creatures/name.toml	沙漠陆龟人	沙漠地鼠龟人	creature_raw.NAME[0]; singular; caste=-1; no CASTE_NAME or juvenile substitution	0xaa3bd0(race,out,plural=false,caste=-1); r9w==0xffff -> 0xaa3d69 -> 0xaa3d1e/0xaa3d36; creature_raw+0x20 NAME[0]
reference	data/vanilla/vanilla_creatures/objects/creature_desert_new.txt	259	GIANT_DESERT_TORTOISE	SELECT_CASTE:ALL	NAME	1	giant desert tortoise	giant desert tortoise	巨型沙漠陆龟	data/runtime/rulesets/zh-Hans/creatures/caste.toml | data/runtime/rulesets/zh-Hans/creatures/name.toml	巨型沙漠陆龟	巨沙漠地鼠龟	creature_raw.NAME[0]; singular; caste=-1; no CASTE_NAME or juvenile substitution	0xaa3bd0(race,out,plural=false,caste=-1); r9w==0xffff -> 0xaa3d69 -> 0xaa3d1e/0xaa3d36; creature_raw+0x20 NAME[0]
reference	data/vanilla/vanilla_creatures/objects/creature_desert_new.txt	283	GILA_MONSTER		NAME	1	gila monster	gila monster	毒蜥	data/runtime/rulesets/zh-Hans/creatures/caste.toml | data/runtime/rulesets/zh-Hans/creatures/name.toml	毒蜥	希拉毒蜥	creature_raw.NAME[0]; singular; caste=-1; no CASTE_NAME or juvenile substitution	0xaa3bd0(race,out,plural=false,caste=-1); r9w==0xffff -> 0xaa3d69 -> 0xaa3d1e/0xaa3d36; creature_raw+0x20 NAME[0]
reference	data/vanilla/vanilla_creatures/objects/creature_desert_new.txt	426	GILA_MONSTER_MAN	SELECT_CASTE:ALL	NAME	1	gila monster man	gila monster man	毒蜥人	data/runtime/rulesets/zh-Hans/creatures/caste.toml | data/runtime/rulesets/zh-Hans/creatures/name.toml	毒蜥人	希拉毒蜥人	creature_raw.NAME[0]; singular; caste=-1; no CASTE_NAME or juvenile substitution	0xaa3bd0(race,out,plural=false,caste=-1); r9w==0xffff -> 0xaa3d69 -> 0xaa3d1e/0xaa3d36; creature_raw+0x20 NAME[0]
reference	data/vanilla/vanilla_creatures/objects/creature_desert_new.txt	460	GIANT_GILA_MONSTER	SELECT_CASTE:ALL	NAME	1	giant gila monster	giant gila monster	巨型毒蜥	data/runtime/rulesets/zh-Hans/creatures/caste.toml | data/runtime/rulesets/zh-Hans/creatures/name.toml	巨型毒蜥	巨希拉毒蜥	creature_raw.NAME[0]; singular; caste=-1; no CASTE_NAME or juvenile substitution	0xaa3bd0(race,out,plural=false,caste=-1); r9w==0xffff -> 0xaa3d69 -> 0xaa3d1e/0xaa3d36; creature_raw+0x20 NAME[0]
reference	data/vanilla/vanilla_creatures/objects/creature_domestic.txt	7	DOG		NAME	1	dog	dog	家犬	data/runtime/rulesets/zh-Hans/creatures/caste.toml | data/runtime/rulesets/zh-Hans/creatures/name.toml	狗	狗	creature_raw.NAME[0]; singular; caste=-1; no CASTE_NAME or juvenile substitution	0xaa3bd0(race,out,plural=false,caste=-1); r9w==0xffff -> 0xaa3d69 -> 0xaa3d1e/0xaa3d36; creature_raw+0x20 NAME[0]
reference	data/vanilla/vanilla_creatures/objects/creature_domestic.txt	127	CAT		NAME	1	cat	cat	家猫	data/runtime/rulesets/zh-Hans/creatures/caste.toml | data/runtime/rulesets/zh-Hans/creatures/name.toml	猫	猫	creature_raw.NAME[0]; singular; caste=-1; no CASTE_NAME or juvenile substitution	0xaa3bd0(race,out,plural=false,caste=-1); r9w==0xffff -> 0xaa3d69 -> 0xaa3d1e/0xaa3d36; creature_raw+0x20 NAME[0]
reference	data/vanilla/vanilla_creatures/objects/creature_domestic.txt	277	MULE		NAME	1	mule	mule	骡子	data/runtime/rulesets/zh-Hans/creatures/caste.toml | data/runtime/rulesets/zh-Hans/creatures/name.toml	骡子	骡子	creature_raw.NAME[0]; singular; caste=-1; no CASTE_NAME or juvenile substitution	0xaa3bd0(race,out,plural=false,caste=-1); r9w==0xffff -> 0xaa3d69 -> 0xaa3d1e/0xaa3d36; creature_raw+0x20 NAME[0]
reference	data/vanilla/vanilla_creatures/objects/creature_domestic.txt	367	DONKEY		NAME	1	donkey	donkey	驴	data/runtime/rulesets/zh-Hans/creatures/caste.toml | data/runtime/rulesets/zh-Hans/creatures/name.toml	驴	驴	creature_raw.NAME[0]; singular; caste=-1; no CASTE_NAME or juvenile substitution	0xaa3bd0(race,out,plural=false,caste=-1); r9w==0xffff -> 0xaa3d69 -> 0xaa3d1e/0xaa3d36; creature_raw+0x20 NAME[0]
reference	data/vanilla/vanilla_creatures/objects/creature_domestic.txt	481	HORSE		NAME	1	horse	horse	马	data/runtime/rulesets/zh-Hans/creatures/caste.toml | data/runtime/rulesets/zh-Hans/creatures/name.toml	马	马	creature_raw.NAME[0]; singular; caste=-1; no CASTE_NAME or juvenile substitution	0xaa3bd0(race,out,plural=false,caste=-1); r9w==0xffff -> 0xaa3d69 -> 0xaa3d1e/0xaa3d36; creature_raw+0x20 NAME[0]
reference	data/vanilla/vanilla_creatures/objects/creature_domestic.txt	599	COW		NAME	1	cow	cow	牛	data/runtime/rulesets/zh-Hans/creatures/caste.toml | data/runtime/rulesets/zh-Hans/creatures/name.toml	牛	牛	creature_raw.NAME[0]; singular; caste=-1; no CASTE_NAME or juvenile substitution	0xaa3bd0(race,out,plural=false,caste=-1); r9w==0xffff -> 0xaa3d69 -> 0xaa3d1e/0xaa3d36; creature_raw+0x20 NAME[0]
reference	data/vanilla/vanilla_creatures/objects/creature_domestic.txt	728	SHEEP		NAME	1	sheep	sheep	羊	data/runtime/rulesets/zh-Hans/creatures/name.toml	羊	羊	creature_raw.NAME[0]; singular; caste=-1; no CASTE_NAME or juvenile substitution	0xaa3bd0(race,out,plural=false,caste=-1); r9w==0xffff -> 0xaa3d69 -> 0xaa3d1e/0xaa3d36; creature_raw+0x20 NAME[0]
reference	data/vanilla/vanilla_creatures/objects/creature_domestic.txt	871	PIG		NAME	1	pig	pig	家猪	data/runtime/rulesets/zh-Hans/creatures/name.toml	猪	猪	creature_raw.NAME[0]; singular; caste=-1; no CASTE_NAME or juvenile substitution	0xaa3bd0(race,out,plural=false,caste=-1); r9w==0xffff -> 0xaa3d69 -> 0xaa3d1e/0xaa3d36; creature_raw+0x20 NAME[0]
reference	data/vanilla/vanilla_creatures/objects/creature_domestic.txt	986	GOAT		NAME	1	goat	goat	山羊	data/runtime/rulesets/zh-Hans/creatures/name.toml	山羊	山羊	creature_raw.NAME[0]; singular; caste=-1; no CASTE_NAME or juvenile substitution	0xaa3bd0(race,out,plural=false,caste=-1); r9w==0xffff -> 0xaa3d69 -> 0xaa3d1e/0xaa3d36; creature_raw+0x20 NAME[0]
reference	data/vanilla/vanilla_creatures/objects/creature_domestic.txt	1116	BIRD_CHICKEN		NAME	1	chicken	chicken	家鸡	data/runtime/rulesets/zh-Hans/creatures/name.toml	鸡	鸡	creature_raw.NAME[0]; singular; caste=-1; no CASTE_NAME or juvenile substitution	0xaa3bd0(race,out,plural=false,caste=-1); r9w==0xffff -> 0xaa3d69 -> 0xaa3d1e/0xaa3d36; creature_raw+0x20 NAME[0]
reference	data/vanilla/vanilla_creatures/objects/creature_domestic.txt	1216	CAVY		NAME	1	cavy	cavy	豚鼠	data/runtime/rulesets/zh-Hans/creatures/name.toml	豚鼠	豚鼠	creature_raw.NAME[0]; singular; caste=-1; no CASTE_NAME or juvenile substitution	0xaa3bd0(race,out,plural=false,caste=-1); r9w==0xffff -> 0xaa3d69 -> 0xaa3d1e/0xaa3d36; creature_raw+0x20 NAME[0]
reference	data/vanilla/vanilla_creatures/objects/creature_domestic.txt	1312	BIRD_DUCK		NAME	1	duck	duck	鸭	data/runtime/rulesets/zh-Hans/creatures/caste.toml | data/runtime/rulesets/zh-Hans/creatures/name.toml	鸭	鸭	creature_raw.NAME[0]; singular; caste=-1; no CASTE_NAME or juvenile substitution	0xaa3bd0(race,out,plural=false,caste=-1); r9w==0xffff -> 0xaa3d69 -> 0xaa3d1e/0xaa3d36; creature_raw+0x20 NAME[0]
reference	data/vanilla/vanilla_creatures/objects/creature_domestic.txt	1404	WATER_BUFFALO		NAME	1	water buffalo	water buffalo	水牛	data/runtime/rulesets/zh-Hans/creatures/name.toml	水牛	水牛	creature_raw.NAME[0]; singular; caste=-1; no CASTE_NAME or juvenile substitution	0xaa3bd0(race,out,plural=false,caste=-1); r9w==0xffff -> 0xaa3d69 -> 0xaa3d1e/0xaa3d36; creature_raw+0x20 NAME[0]
reference	data/vanilla/vanilla_creatures/objects/creature_domestic.txt	1531	REINDEER		NAME	1	reindeer	reindeer	驯鹿	data/runtime/rulesets/zh-Hans/creatures/name.toml	驯鹿	驯鹿	creature_raw.NAME[0]; singular; caste=-1; no CASTE_NAME or juvenile substitution	0xaa3bd0(race,out,plural=false,caste=-1); r9w==0xffff -> 0xaa3d69 -> 0xaa3d1e/0xaa3d36; creature_raw+0x20 NAME[0]
reference	data/vanilla/vanilla_creatures/objects/creature_domestic.txt	1662	BIRD_GOOSE		NAME	1	goose	goose	家鹅	data/runtime/rulesets/zh-Hans/creatures/caste.toml | data/runtime/rulesets/zh-Hans/creatures/name.toml	鹅	鹅	creature_raw.NAME[0]; singular; caste=-1; no CASTE_NAME or juvenile substitution	0xaa3bd0(race,out,plural=false,caste=-1); r9w==0xffff -> 0xaa3d69 -> 0xaa3d1e/0xaa3d36; creature_raw+0x20 NAME[0]
reference	data/vanilla/vanilla_creatures/objects/creature_domestic.txt	1754	YAK		NAME	1	yak	yak	牦牛	data/runtime/rulesets/zh-Hans/creatures/name.toml	牦牛	牦牛	creature_raw.NAME[0]; singular; caste=-1; no CASTE_NAME or juvenile substitution	0xaa3bd0(race,out,plural=false,caste=-1); r9w==0xffff -> 0xaa3d69 -> 0xaa3d1e/0xaa3d36; creature_raw+0x20 NAME[0]
reference	data/vanilla/vanilla_creatures/objects/creature_domestic.txt	1881	LLAMA		NAME	1	llama	llama	无峰驼	data/runtime/rulesets/zh-Hans/creatures/caste.toml | data/runtime/rulesets/zh-Hans/creatures/name.toml	无峰驼	骆马	creature_raw.NAME[0]; singular; caste=-1; no CASTE_NAME or juvenile substitution	0xaa3bd0(race,out,plural=false,caste=-1); r9w==0xffff -> 0xaa3d69 -> 0xaa3d1e/0xaa3d36; creature_raw+0x20 NAME[0]
reference	data/vanilla/vanilla_creatures/objects/creature_domestic.txt	2010	ALPACA		NAME	1	alpaca	alpaca	羊驼	data/runtime/rulesets/zh-Hans/creatures/caste.toml | data/runtime/rulesets/zh-Hans/creatures/name.toml	羊驼	羊驼	creature_raw.NAME[0]; singular; caste=-1; no CASTE_NAME or juvenile substitution	0xaa3bd0(race,out,plural=false,caste=-1); r9w==0xffff -> 0xaa3d69 -> 0xaa3d1e/0xaa3d36; creature_raw+0x20 NAME[0]
reference	data/vanilla/vanilla_creatures/objects/creature_domestic.txt	2137	BIRD_GUINEAFOWL		NAME	1	guineafowl	guineafowl	珍珠鸡	data/runtime/rulesets/zh-Hans/creatures/name.toml	珍珠鸡	珍珠鸡	creature_raw.NAME[0]; singular; caste=-1; no CASTE_NAME or juvenile substitution	0xaa3bd0(race,out,plural=false,caste=-1); r9w==0xffff -> 0xaa3d69 -> 0xaa3d1e/0xaa3d36; creature_raw+0x20 NAME[0]
reference	data/vanilla/vanilla_creatures/objects/creature_domestic.txt	2236	BIRD_PEAFOWL_BLUE		NAME	1	blue peafowl	blue peafowl	蓝孔雀	data/runtime/rulesets/zh-Hans/creatures/name.toml	蓝孔雀	蓝孔雀	creature_raw.NAME[0]; singular; caste=-1; no CASTE_NAME or juvenile substitution	0xaa3bd0(race,out,plural=false,caste=-1); r9w==0xffff -> 0xaa3d69 -> 0xaa3d1e/0xaa3d36; creature_raw+0x20 NAME[0]
reference	data/vanilla/vanilla_creatures/objects/creature_domestic.txt	2345	BIRD_TURKEY		NAME	1	turkey	turkey	火鸡	data/runtime/rulesets/zh-Hans/creatures/name.toml	火鸡	火鸡	creature_raw.NAME[0]; singular; caste=-1; no CASTE_NAME or juvenile substitution	0xaa3bd0(race,out,plural=false,caste=-1); r9w==0xffff -> 0xaa3d69 -> 0xaa3d1e/0xaa3d36; creature_raw+0x20 NAME[0]
reference	data/vanilla/vanilla_creatures/objects/creature_domestic.txt	2451	RABBIT		NAME	1	rabbit	rabbit	家兔	data/runtime/rulesets/zh-Hans/creatures/name.toml	兔	兔	creature_raw.NAME[0]; singular; caste=-1; no CASTE_NAME or juvenile substitution	0xaa3bd0(race,out,plural=false,caste=-1); r9w==0xffff -> 0xaa3d69 -> 0xaa3d1e/0xaa3d36; creature_raw+0x20 NAME[0]
reference	data/vanilla/vanilla_creatures/objects/creature_equipment.txt	7	EQUIPMENT_WAGON		NAME	1	wagon	wagon	货车	data/runtime/rulesets/zh-Hans/creatures/caste.toml | data/runtime/rulesets/zh-Hans/creatures/name.toml	货车	货车	creature_raw.NAME[0]; singular; caste=-1; no CASTE_NAME or juvenile substitution	0xaa3bd0(race,out,plural=false,caste=-1); r9w==0xffff -> 0xaa3d69 -> 0xaa3d1e/0xaa3d36; creature_raw+0x20 NAME[0]
reference	data/vanilla/vanilla_creatures/objects/creature_fanciful.txt	6	CHIMERA		NAME	1	chimera	chimera	奇美拉	data/runtime/rulesets/zh-Hans/creatures/name.toml	奇美拉	奇美拉	creature_raw.NAME[0]; singular; caste=-1; no CASTE_NAME or juvenile substitution	0xaa3bd0(race,out,plural=false,caste=-1); r9w==0xffff -> 0xaa3d69 -> 0xaa3d1e/0xaa3d36; creature_raw+0x20 NAME[0]
reference	data/vanilla/vanilla_creatures/objects/creature_fanciful.txt	14	CENTAUR		NAME	1	centaur	centaur	半人马	data/runtime/rulesets/zh-Hans/creatures/caste.toml | data/runtime/rulesets/zh-Hans/creatures/name.toml	半人马	半人马	creature_raw.NAME[0]; singular; caste=-1; no CASTE_NAME or juvenile substitution	0xaa3bd0(race,out,plural=false,caste=-1); r9w==0xffff -> 0xaa3d69 -> 0xaa3d1e/0xaa3d36; creature_raw+0x20 NAME[0]
reference	data/vanilla/vanilla_creatures/objects/creature_fanciful.txt	28	GRIFFON		NAME	1	griffon	griffon	狮鹫	data/runtime/rulesets/zh-Hans/creatures/caste.toml | data/runtime/rulesets/zh-Hans/creatures/name.toml	狮鹫	狮鹫	creature_raw.NAME[0]; singular; caste=-1; no CASTE_NAME or juvenile substitution	0xaa3bd0(race,out,plural=false,caste=-1); r9w==0xffff -> 0xaa3d69 -> 0xaa3d1e/0xaa3d36; creature_raw+0x20 NAME[0]
reference	data/vanilla/vanilla_creatures/objects/creature_insects.txt	7	FLY		NAME	1	fly	fly	苍蝇	data/runtime/rulesets/zh-Hans/creatures/caste.toml | data/runtime/rulesets/zh-Hans/creatures/name.toml	苍蝇	蝇	creature_raw.NAME[0]; singular; caste=-1; no CASTE_NAME or juvenile substitution	0xaa3bd0(race,out,plural=false,caste=-1); r9w==0xffff -> 0xaa3d69 -> 0xaa3d1e/0xaa3d36; creature_raw+0x20 NAME[0]
reference	data/vanilla/vanilla_creatures/objects/creature_insects.txt	77	FLY_MAN	SELECT_CASTE:ALL	NAME	1	fly man	fly man	苍蝇人	data/runtime/rulesets/zh-Hans/creatures/caste.toml | data/runtime/rulesets/zh-Hans/creatures/name.toml	苍蝇人	蝇人	creature_raw.NAME[0]; singular; caste=-1; no CASTE_NAME or juvenile substitution	0xaa3bd0(race,out,plural=false,caste=-1); r9w==0xffff -> 0xaa3d69 -> 0xaa3d1e/0xaa3d36; creature_raw+0x20 NAME[0]
reference	data/vanilla/vanilla_creatures/objects/creature_insects.txt	94	GIANT_FLY	SELECT_CASTE:ALL	NAME	1	giant fly	giant fly	巨型苍蝇	data/runtime/rulesets/zh-Hans/creatures/caste.toml | data/runtime/rulesets/zh-Hans/creatures/name.toml	巨型苍蝇	巨蝇	creature_raw.NAME[0]; singular; caste=-1; no CASTE_NAME or juvenile substitution	0xaa3bd0(race,out,plural=false,caste=-1); r9w==0xffff -> 0xaa3d69 -> 0xaa3d1e/0xaa3d36; creature_raw+0x20 NAME[0]
reference	data/vanilla/vanilla_creatures/objects/creature_insects.txt	113	ROACH_LARGE		NAME	1	large roach	large roach	大蟑螂	data/runtime/rulesets/zh-Hans/creatures/caste.toml | data/runtime/rulesets/zh-Hans/creatures/name.toml	大蟑螂	大蟑螂	creature_raw.NAME[0]; singular; caste=-1; no CASTE_NAME or juvenile substitution	0xaa3bd0(race,out,plural=false,caste=-1); r9w==0xffff -> 0xaa3d69 -> 0xaa3d1e/0xaa3d36; creature_raw+0x20 NAME[0]
reference	data/vanilla/vanilla_creatures/objects/creature_insects.txt	183	ROACH_MAN	SELECT_CASTE:ALL	NAME	1	roach man	roach man	蟑螂人	data/runtime/rulesets/zh-Hans/creatures/caste.toml | data/runtime/rulesets/zh-Hans/creatures/name.toml	蟑螂人	蟑螂人	creature_raw.NAME[0]; singular; caste=-1; no CASTE_NAME or juvenile substitution	0xaa3bd0(race,out,plural=false,caste=-1); r9w==0xffff -> 0xaa3d69 -> 0xaa3d1e/0xaa3d36; creature_raw+0x20 NAME[0]
reference	data/vanilla/vanilla_creatures/objects/creature_insects.txt	200	GIANT_ROACH	SELECT_CASTE:ALL	NAME	1	giant roach	giant roach	巨型蟑螂	data/runtime/rulesets/zh-Hans/creatures/caste.toml | data/runtime/rulesets/zh-Hans/creatures/name.toml	巨型蟑螂	巨蟑螂	creature_raw.NAME[0]; singular; caste=-1; no CASTE_NAME or juvenile substitution	0xaa3bd0(race,out,plural=false,caste=-1); r9w==0xffff -> 0xaa3d69 -> 0xaa3d1e/0xaa3d36; creature_raw+0x20 NAME[0]
reference	data/vanilla/vanilla_creatures/objects/creature_insects.txt	219	BEETLE		NAME	1	beetle	beetle	甲虫	data/runtime/rulesets/zh-Hans/creatures/caste.toml | data/runtime/rulesets/zh-Hans/creatures/name.toml	甲虫	甲虫	creature_raw.NAME[0]; singular; caste=-1; no CASTE_NAME or juvenile substitution	0xaa3bd0(race,out,plural=false,caste=-1); r9w==0xffff -> 0xaa3d69 -> 0xaa3d1e/0xaa3d36; creature_raw+0x20 NAME[0]
reference	data/vanilla/vanilla_creatures/objects/creature_insects.txt	286	BEETLE_MAN	SELECT_CASTE:ALL	NAME	1	beetle man	beetle man	甲虫人	data/runtime/rulesets/zh-Hans/creatures/caste.toml | data/runtime/rulesets/zh-Hans/creatures/name.toml	甲虫人	甲虫人	creature_raw.NAME[0]; singular; caste=-1; no CASTE_NAME or juvenile substitution	0xaa3bd0(race,out,plural=false,caste=-1); r9w==0xffff -> 0xaa3d69 -> 0xaa3d1e/0xaa3d36; creature_raw+0x20 NAME[0]
reference	data/vanilla/vanilla_creatures/objects/creature_insects.txt	303	GIANT_BEETLE	SELECT_CASTE:ALL	NAME	1	giant beetle	giant beetle	巨型甲虫	data/runtime/rulesets/zh-Hans/creatures/caste.toml | data/runtime/rulesets/zh-Hans/creatures/name.toml	巨型甲虫	巨甲虫	creature_raw.NAME[0]; singular; caste=-1; no CASTE_NAME or juvenile substitution	0xaa3bd0(race,out,plural=false,caste=-1); r9w==0xffff -> 0xaa3d69 -> 0xaa3d1e/0xaa3d36; creature_raw+0x20 NAME[0]
reference	data/vanilla/vanilla_creatures/objects/creature_insects.txt	321	ANT		NAME	1	ant	ant	蚂蚁	data/runtime/rulesets/zh-Hans/creatures/name.toml	蚂蚁	蚂蚁	creature_raw.NAME[0]; singular; caste=-1; no CASTE_NAME or juvenile substitution	0xaa3bd0(race,out,plural=false,caste=-1); r9w==0xffff -> 0xaa3d69 -> 0xaa3d1e/0xaa3d36; creature_raw+0x20 NAME[0]
reference	data/vanilla/vanilla_creatures/objects/creature_insects.txt	401	BUTTERFLY_MONARCH		NAME	1	monarch butterfly	monarch butterfly	帝王蝶	data/runtime/rulesets/zh-Hans/creatures/caste.toml | data/runtime/rulesets/zh-Hans/creatures/name.toml	帝王蝶	帝王蝶	creature_raw.NAME[0]; singular; caste=-1; no CASTE_NAME or juvenile substitution	0xaa3bd0(race,out,plural=false,caste=-1); r9w==0xffff -> 0xaa3d69 -> 0xaa3d1e/0xaa3d36; creature_raw+0x20 NAME[0]
reference	data/vanilla/vanilla_creatures/objects/creature_insects.txt	467	BUTTERFLY_MONARCH_MAN	SELECT_CASTE:ALL	NAME	1	monarch butterfly man	monarch butterfly man	帝王蝶人	data/runtime/rulesets/zh-Hans/creatures/caste.toml | data/runtime/rulesets/zh-Hans/creatures/name.toml	帝王蝶人	帝王蝶人	creature_raw.NAME[0]; singular; caste=-1; no CASTE_NAME or juvenile substitution	0xaa3bd0(race,out,plural=false,caste=-1); r9w==0xffff -> 0xaa3d69 -> 0xaa3d1e/0xaa3d36; creature_raw+0x20 NAME[0]
reference	data/vanilla/vanilla_creatures/objects/creature_insects.txt	484	GIANT_BUTTERFLY_MONARCH	SELECT_CASTE:ALL	NAME	1	giant monarch butterfly	giant monarch butterfly	巨型帝王蝶	data/runtime/rulesets/zh-Hans/creatures/caste.toml | data/runtime/rulesets/zh-Hans/creatures/name.toml	巨型帝王蝶	巨帝王蝶	creature_raw.NAME[0]; singular; caste=-1; no CASTE_NAME or juvenile substitution	0xaa3bd0(race,out,plural=false,caste=-1); r9w==0xffff -> 0xaa3d69 -> 0xaa3d1e/0xaa3d36; creature_raw+0x20 NAME[0]
reference	data/vanilla/vanilla_creatures/objects/creature_insects.txt	503	FIREFLY		NAME	1	firefly	firefly	萤火虫	data/runtime/rulesets/zh-Hans/creatures/caste.toml | data/runtime/rulesets/zh-Hans/creatures/name.toml	萤火虫	萤火虫	creature_raw.NAME[0]; singular; caste=-1; no CASTE_NAME or juvenile substitution	0xaa3bd0(race,out,plural=false,caste=-1); r9w==0xffff -> 0xaa3d69 -> 0xaa3d1e/0xaa3d36; creature_raw+0x20 NAME[0]
reference	data/vanilla/vanilla_creatures/objects/creature_insects.txt	572	FIREFLY_MAN	SELECT_CASTE:ALL	NAME	1	firefly man	firefly man	萤火虫人	data/runtime/rulesets/zh-Hans/creatures/caste.toml | data/runtime/rulesets/zh-Hans/creatures/name.toml	萤火虫人	萤火虫人	creature_raw.NAME[0]; singular; caste=-1; no CASTE_NAME or juvenile substitution	0xaa3bd0(race,out,plural=false,caste=-1); r9w==0xffff -> 0xaa3d69 -> 0xaa3d1e/0xaa3d36; creature_raw+0x20 NAME[0]
reference	data/vanilla/vanilla_creatures/objects/creature_insects.txt	589	GIANT_FIREFLY	SELECT_CASTE:ALL	NAME	1	giant firefly	giant firefly	巨型萤火虫	data/runtime/rulesets/zh-Hans/creatures/caste.toml | data/runtime/rulesets/zh-Hans/creatures/name.toml	巨型萤火虫	巨萤火虫	creature_raw.NAME[0]; singular; caste=-1; no CASTE_NAME or juvenile substitution	0xaa3bd0(race,out,plural=false,caste=-1); r9w==0xffff -> 0xaa3d69 -> 0xaa3d1e/0xaa3d36; creature_raw+0x20 NAME[0]
reference	data/vanilla/vanilla_creatures/objects/creature_insects.txt	608	DRAGONFLY		NAME	1	dragonfly	dragonfly	蜻蜓	data/runtime/rulesets/zh-Hans/creatures/caste.toml | data/runtime/rulesets/zh-Hans/creatures/name.toml	蜻蜓	蜻蜓	creature_raw.NAME[0]; singular; caste=-1; no CASTE_NAME or juvenile substitution	0xaa3bd0(race,out,plural=false,caste=-1); r9w==0xffff -> 0xaa3d69 -> 0xaa3d1e/0xaa3d36; creature_raw+0x20 NAME[0]
reference	data/vanilla/vanilla_creatures/objects/creature_insects.txt	675	DRAGONFLY_MAN	SELECT_CASTE:ALL	NAME	1	dragonfly man	dragonfly man	蜻蜓人	data/runtime/rulesets/zh-Hans/creatures/caste.toml | data/runtime/rulesets/zh-Hans/creatures/name.toml	蜻蜓人	蜻蜓人	creature_raw.NAME[0]; singular; caste=-1; no CASTE_NAME or juvenile substitution	0xaa3bd0(race,out,plural=false,caste=-1); r9w==0xffff -> 0xaa3d69 -> 0xaa3d1e/0xaa3d36; creature_raw+0x20 NAME[0]
reference	data/vanilla/vanilla_creatures/objects/creature_insects.txt	692	GIANT_DRAGONFLY	SELECT_CASTE:ALL	NAME	1	giant dragonfly	giant dragonfly	巨型蜻蜓	data/runtime/rulesets/zh-Hans/creatures/caste.toml | data/runtime/rulesets/zh-Hans/creatures/name.toml	巨型蜻蜓	巨蜻蜓	creature_raw.NAME[0]; singular; caste=-1; no CASTE_NAME or juvenile substitution	0xaa3bd0(race,out,plural=false,caste=-1); r9w==0xffff -> 0xaa3d69 -> 0xaa3d1e/0xaa3d36; creature_raw+0x20 NAME[0]
reference	data/vanilla/vanilla_creatures/objects/creature_insects.txt	718	HONEY_BEE		NAME	1	honey bee	honey bee	蜜蜂	data/runtime/rulesets/zh-Hans/creatures/name.toml	蜜蜂	蜜蜂	creature_raw.NAME[0]; singular; caste=-1; no CASTE_NAME or juvenile substitution	0xaa3bd0(race,out,plural=false,caste=-1); r9w==0xffff -> 0xaa3d69 -> 0xaa3d1e/0xaa3d36; creature_raw+0x20 NAME[0]
reference	data/vanilla/vanilla_creatures/objects/creature_insects.txt	843	BUMBLEBEE		NAME	1	bumblebee	bumblebee	大黄蜂	data/runtime/rulesets/zh-Hans/creatures/name.toml	大黄蜂	熊蜂	creature_raw.NAME[0]; singular; caste=-1; no CASTE_NAME or juvenile substitution	0xaa3bd0(race,out,plural=false,caste=-1); r9w==0xffff -> 0xaa3d69 -> 0xaa3d1e/0xaa3d36; creature_raw+0x20 NAME[0]
reference	data/vanilla/vanilla_creatures/objects/creature_large_mountain.txt	7	GOAT_MOUNTAIN		NAME	1	mountain goat	mountain goat	雪羊	data/runtime/rulesets/zh-Hans/creatures/caste.toml | data/runtime/rulesets/zh-Hans/creatures/name.toml	雪羊	雪羊	creature_raw.NAME[0]; singular; caste=-1; no CASTE_NAME or juvenile substitution	0xaa3bd0(race,out,plural=false,caste=-1); r9w==0xffff -> 0xaa3d69 -> 0xaa3d1e/0xaa3d36; creature_raw+0x20 NAME[0]
reference	data/vanilla/vanilla_creatures/objects/creature_large_mountain.txt	127	GOAT_MOUNTAIN_MAN	SELECT_CASTE:ALL	NAME	1	mountain goat man	mountain goat man	雪羊人	data/runtime/rulesets/zh-Hans/creatures/caste.toml | data/runtime/rulesets/zh-Hans/creatures/name.toml	雪羊人	雪羊人	creature_raw.NAME[0]; singular; caste=-1; no CASTE_NAME or juvenile substitution	0xaa3bd0(race,out,plural=false,caste=-1); r9w==0xffff -> 0xaa3d69 -> 0xaa3d1e/0xaa3d36; creature_raw+0x20 NAME[0]
reference	data/vanilla/vanilla_creatures/objects/creature_large_mountain.txt	144	GIANT_GOAT_MOUNTAIN	SELECT_CASTE:ALL	NAME	1	giant mountain goat	giant mountain goat	巨型雪羊	data/runtime/rulesets/zh-Hans/creatures/caste.toml | data/runtime/rulesets/zh-Hans/creatures/name.toml	巨型雪羊	巨雪羊	creature_raw.NAME[0]; singular; caste=-1; no CASTE_NAME or juvenile substitution	0xaa3bd0(race,out,plural=false,caste=-1); r9w==0xffff -> 0xaa3d69 -> 0xaa3d1e/0xaa3d36; creature_raw+0x20 NAME[0]
reference	data/vanilla/vanilla_creatures/objects/creature_large_mountain.txt	165	MARMOT_HOARY		NAME	1	hoary marmot	hoary marmot	花白旱獭	data/runtime/rulesets/zh-Hans/creatures/caste.toml | data/runtime/rulesets/zh-Hans/creatures/name.toml	花白旱獭	花白旱獭	creature_raw.NAME[0]; singular; caste=-1; no CASTE_NAME or juvenile substitution	0xaa3bd0(race,out,plural=false,caste=-1); r9w==0xffff -> 0xaa3d69 -> 0xaa3d1e/0xaa3d36; creature_raw+0x20 NAME[0]
reference	data/vanilla/vanilla_creatures/objects/creature_large_mountain.txt	275	MARMOT_HOARY_MAN	SELECT_CASTE:ALL	NAME	1	hoary marmot man	hoary marmot man	花白旱獭人	data/runtime/rulesets/zh-Hans/creatures/caste.toml | data/runtime/rulesets/zh-Hans/creatures/name.toml	花白旱獭人	花白旱獭人	creature_raw.NAME[0]; singular; caste=-1; no CASTE_NAME or juvenile substitution	0xaa3bd0(race,out,plural=false,caste=-1); r9w==0xffff -> 0xaa3d69 -> 0xaa3d1e/0xaa3d36; creature_raw+0x20 NAME[0]
reference	data/vanilla/vanilla_creatures/objects/creature_large_mountain.txt	294	GIANT_MARMOT_HOARY	SELECT_CASTE:ALL	NAME	1	giant hoary marmot	giant hoary marmot	巨型花白旱獭	data/runtime/rulesets/zh-Hans/creatures/caste.toml | data/runtime/rulesets/zh-Hans/creatures/name.toml	巨型花白旱獭	巨花白旱獭	creature_raw.NAME[0]; singular; caste=-1; no CASTE_NAME or juvenile substitution	0xaa3bd0(race,out,plural=false,caste=-1); r9w==0xffff -> 0xaa3d69 -> 0xaa3d1e/0xaa3d36; creature_raw+0x20 NAME[0]
reference	data/vanilla/vanilla_creatures/objects/creature_large_mountain.txt	313	GNOME_MOUNTAIN		NAME	1	mountain gnome	mountain gnome	山岭地精	data/runtime/rulesets/zh-Hans/creatures/caste.toml | data/runtime/rulesets/zh-Hans/creatures/name.toml	山岭地精	山地精;山地精	creature_raw.NAME[0]; singular; caste=-1; no CASTE_NAME or juvenile substitution	0xaa3bd0(race,out,plural=false,caste=-1); r9w==0xffff -> 0xaa3d69 -> 0xaa3d1e/0xaa3d36; creature_raw+0x20 NAME[0]
reference	data/vanilla/vanilla_creatures/objects/creature_large_mountain.txt	557	GNOME_DARK		NAME	1	dark gnome	dark gnome	黑暗地精	data/runtime/rulesets/zh-Hans/creatures/caste.toml | data/runtime/rulesets/zh-Hans/creatures/name.toml	黑暗地精	黑暗侏儒	creature_raw.NAME[0]; singular; caste=-1; no CASTE_NAME or juvenile substitution	0xaa3bd0(race,out,plural=false,caste=-1); r9w==0xffff -> 0xaa3d69 -> 0xaa3d1e/0xaa3d36; creature_raw+0x20 NAME[0]
reference	data/vanilla/vanilla_creatures/objects/creature_large_ocean.txt	7	WALRUS		NAME	1	walrus	walrus	海象	data/runtime/rulesets/zh-Hans/creatures/caste.toml | data/runtime/rulesets/zh-Hans/creatures/name.toml	海象	海象	creature_raw.NAME[0]; singular; caste=-1; no CASTE_NAME or juvenile substitution	0xaa3bd0(race,out,plural=false,caste=-1); r9w==0xffff -> 0xaa3d69 -> 0xaa3d1e/0xaa3d36; creature_raw+0x20 NAME[0]
reference	data/vanilla/vanilla_creatures/objects/creature_large_ocean.txt	97	WALRUS_MAN	SELECT_CASTE:ALL	NAME	1	walrus man	walrus man	海象人	data/runtime/rulesets/zh-Hans/creatures/caste.toml | data/runtime/rulesets/zh-Hans/creatures/name.toml	海象人	海象人	creature_raw.NAME[0]; singular; caste=-1; no CASTE_NAME or juvenile substitution	0xaa3bd0(race,out,plural=false,caste=-1); r9w==0xffff -> 0xaa3d69 -> 0xaa3d1e/0xaa3d36; creature_raw+0x20 NAME[0]
reference	data/vanilla/vanilla_creatures/objects/creature_large_ocean.txt	114	GIANT_WALRUS	SELECT_CASTE:ALL	NAME	1	giant walrus	giant walrus	巨型海象	data/runtime/rulesets/zh-Hans/creatures/caste.toml | data/runtime/rulesets/zh-Hans/creatures/name.toml	巨型海象	巨海象	creature_raw.NAME[0]; singular; caste=-1; no CASTE_NAME or juvenile substitution	0xaa3bd0(race,out,plural=false,caste=-1); r9w==0xffff -> 0xaa3d69 -> 0xaa3d1e/0xaa3d36; creature_raw+0x20 NAME[0]
reference	data/vanilla/vanilla_creatures/objects/creature_large_ocean.txt	134	FISH_LAMPREY_SEA		NAME	1	sea lamprey	sea lamprey	海七鳃鳗	data/runtime/rulesets/zh-Hans/creatures/caste.toml | data/runtime/rulesets/zh-Hans/creatures/name.toml	海七鳃鳗	七鳃鳗	creature_raw.NAME[0]; singular; caste=-1; no CASTE_NAME or juvenile substitution	0xaa3bd0(race,out,plural=false,caste=-1); r9w==0xffff -> 0xaa3d69 -> 0xaa3d1e/0xaa3d36; creature_raw+0x20 NAME[0]
reference	data/vanilla/vanilla_creatures/objects/creature_large_ocean.txt	220	SHARK_GREAT_WHITE		NAME	1	great white shark	great white shark	大白鲨	data/runtime/rulesets/zh-Hans/creatures/caste.toml | data/runtime/rulesets/zh-Hans/creatures/name.toml	大白鲨	大白鲨	creature_raw.NAME[0]; singular; caste=-1; no CASTE_NAME or juvenile substitution	0xaa3bd0(race,out,plural=false,caste=-1); r9w==0xffff -> 0xaa3d69 -> 0xaa3d1e/0xaa3d36; creature_raw+0x20 NAME[0]
reference	data/vanilla/vanilla_creatures/objects/creature_large_ocean.txt	300	SHARK_FRILL		NAME	1	frill shark	frill shark	皱鳃鲨	data/runtime/rulesets/zh-Hans/creatures/caste.toml | data/runtime/rulesets/zh-Hans/creatures/name.toml	皱鳃鲨	皱鳃鲨	creature_raw.NAME[0]; singular; caste=-1; no CASTE_NAME or juvenile substitution	0xaa3bd0(race,out,plural=false,caste=-1); r9w==0xffff -> 0xaa3d69 -> 0xaa3d1e/0xaa3d36; creature_raw+0x20 NAME[0]
reference	data/vanilla/vanilla_creatures/objects/creature_large_ocean.txt	380	SHARK_SPINY_DOGFISH		NAME	1	spiny dogfish	spiny dogfish	白斑角鲨	data/runtime/rulesets/zh-Hans/creatures/caste.toml | data/runtime/rulesets/zh-Hans/creatures/name.toml	白斑角鲨	白斑角鲨	creature_raw.NAME[0]; singular; caste=-1; no CASTE_NAME or juvenile substitution	0xaa3bd0(race,out,plural=false,caste=-1); r9w==0xffff -> 0xaa3d69 -> 0xaa3d1e/0xaa3d36; creature_raw+0x20 NAME[0]
reference	data/vanilla/vanilla_creatures/objects/creature_large_ocean.txt	460	SHARK_WOBBEGONG_SPOTTED		NAME	1	spotted wobbegong	spotted wobbegong	斑纹须鲨	data/runtime/rulesets/zh-Hans/creatures/caste.toml | data/runtime/rulesets/zh-Hans/creatures/name.toml	斑纹须鲨	斑纹须鲨	creature_raw.NAME[0]; singular; caste=-1; no CASTE_NAME or juvenile substitution	0xaa3bd0(race,out,plural=false,caste=-1); r9w==0xffff -> 0xaa3d69 -> 0xaa3d1e/0xaa3d36; creature_raw+0x20 NAME[0]
reference	data/vanilla/vanilla_creatures/objects/creature_large_ocean.txt	540	SHARK_WHALE		NAME	1	whale shark	whale shark	鲸鲨	data/runtime/rulesets/zh-Hans/creatures/caste.toml | data/runtime/rulesets/zh-Hans/creatures/name.toml	鲸鲨	鲸鲨	creature_raw.NAME[0]; singular; caste=-1; no CASTE_NAME or juvenile substitution	0xaa3bd0(race,out,plural=false,caste=-1); r9w==0xffff -> 0xaa3d69 -> 0xaa3d1e/0xaa3d36; creature_raw+0x20 NAME[0]
reference	data/vanilla/vanilla_creatures/objects/creature_large_ocean.txt	610	SHARK_BASKING		NAME	1	basking shark	basking shark	姥鲨	data/runtime/rulesets/zh-Hans/creatures/caste.toml | data/runtime/rulesets/zh-Hans/creatures/name.toml	姥鲨	姥鲨	creature_raw.NAME[0]; singular; caste=-1; no CASTE_NAME or juvenile substitution	0xaa3bd0(race,out,plural=false,caste=-1); r9w==0xffff -> 0xaa3d69 -> 0xaa3d1e/0xaa3d36; creature_raw+0x20 NAME[0]
reference	data/vanilla/vanilla_creatures/objects/creature_large_ocean.txt	680	SHARK_NURSE		NAME	1	nurse shark	nurse shark	铰口鲨	data/runtime/rulesets/zh-Hans/creatures/caste.toml | data/runtime/rulesets/zh-Hans/creatures/name.toml	铰口鲨	铰口鲨	creature_raw.NAME[0]; singular; caste=-1; no CASTE_NAME or juvenile substitution	0xaa3bd0(race,out,plural=false,caste=-1); r9w==0xffff -> 0xaa3d69 -> 0xaa3d1e/0xaa3d36; creature_raw+0x20 NAME[0]
reference	data/vanilla/vanilla_creatures/objects/creature_large_ocean.txt	759	SHARK_MAKO_SHORTFIN		NAME	1	shortfin mako shark	shortfin mako shark	短鳍鲭鲨	data/runtime/rulesets/zh-Hans/creatures/caste.toml | data/runtime/rulesets/zh-Hans/creatures/name.toml	短鳍鲭鲨	尖吻鲭鲨	creature_raw.NAME[0]; singular; caste=-1; no CASTE_NAME or juvenile substitution	0xaa3bd0(race,out,plural=false,caste=-1); r9w==0xffff -> 0xaa3d69 -> 0xaa3d1e/0xaa3d36; creature_raw+0x20 NAME[0]
reference	data/vanilla/vanilla_creatures/objects/creature_large_ocean.txt	839	SHARK_MAKO_LONGFIN		NAME	1	longfin mako shark	longfin mako shark	长鳍鲭鲨	data/runtime/rulesets/zh-Hans/creatures/caste.toml | data/runtime/rulesets/zh-Hans/creatures/name.toml	长鳍鲭鲨	长鳍鲭鲨	creature_raw.NAME[0]; singular; caste=-1; no CASTE_NAME or juvenile substitution	0xaa3bd0(race,out,plural=false,caste=-1); r9w==0xffff -> 0xaa3d69 -> 0xaa3d1e/0xaa3d36; creature_raw+0x20 NAME[0]
reference	data/vanilla/vanilla_creatures/objects/creature_large_ocean.txt	919	SHARK_TIGER		NAME	1	tiger shark	tiger shark	虎鲨	data/runtime/rulesets/zh-Hans/creatures/caste.toml | data/runtime/rulesets/zh-Hans/creatures/name.toml	虎鲨	鼬鲨	creature_raw.NAME[0]; singular; caste=-1; no CASTE_NAME or juvenile substitution	0xaa3bd0(race,out,plural=false,caste=-1); r9w==0xffff -> 0xaa3d69 -> 0xaa3d1e/0xaa3d36; creature_raw+0x20 NAME[0]
reference	data/vanilla/vanilla_creatures/objects/creature_large_ocean.txt	998	SHARK_BULL		NAME	1	bull shark	bull shark	牛鲨	data/runtime/rulesets/zh-Hans/creatures/caste.toml | data/runtime/rulesets/zh-Hans/creatures/name.toml	牛鲨	公牛鲨	creature_raw.NAME[0]; singular; caste=-1; no CASTE_NAME or juvenile substitution	0xaa3bd0(race,out,plural=false,caste=-1); r9w==0xffff -> 0xaa3d69 -> 0xaa3d1e/0xaa3d36; creature_raw+0x20 NAME[0]
reference	data/vanilla/vanilla_creatures/objects/creature_large_ocean.txt	1077	SHARK_REEF_BLACKTIP		NAME	1	blacktip reef shark	blacktip reef shark	黑鳍礁鲨	data/runtime/rulesets/zh-Hans/creatures/caste.toml | data/runtime/rulesets/zh-Hans/creatures/name.toml	黑鳍礁鲨	乌翅真鲨	creature_raw.NAME[0]; singular; caste=-1; no CASTE_NAME or juvenile substitution	0xaa3bd0(race,out,plural=false,caste=-1); r9w==0xffff -> 0xaa3d69 -> 0xaa3d1e/0xaa3d36; creature_raw+0x20 NAME[0]
reference	data/vanilla/vanilla_creatures/objects/creature_large_ocean.txt	1157	SHARK_REEF_WHITETIP		NAME	1	whitetip reef shark	whitetip reef shark	白鳍礁鲨	data/runtime/rulesets/zh-Hans/creatures/caste.toml | data/runtime/rulesets/zh-Hans/creatures/name.toml	白鳍礁鲨	灰三齿鲨	creature_raw.NAME[0]; singular; caste=-1; no CASTE_NAME or juvenile substitution	0xaa3bd0(race,out,plural=false,caste=-1); r9w==0xffff -> 0xaa3d69 -> 0xaa3d1e/0xaa3d36; creature_raw+0x20 NAME[0]
reference	data/vanilla/vanilla_creatures/objects/creature_large_ocean.txt	1236	SHARK_BLUE		NAME	1	blue shark	blue shark	大青鲨	data/runtime/rulesets/zh-Hans/creatures/caste.toml | data/runtime/rulesets/zh-Hans/creatures/name.toml	大青鲨	大青鲨	creature_raw.NAME[0]; singular; caste=-1; no CASTE_NAME or juvenile substitution	0xaa3bd0(race,out,plural=false,caste=-1); r9w==0xffff -> 0xaa3d69 -> 0xaa3d1e/0xaa3d36; creature_raw+0x20 NAME[0]
reference	data/vanilla/vanilla_creatures/objects/creature_large_ocean.txt	1315	SHARK_HAMMERHEAD		NAME	1	hammerhead shark	hammerhead shark	锤头鲨	data/runtime/rulesets/zh-Hans/creatures/caste.toml | data/runtime/rulesets/zh-Hans/creatures/name.toml	锤头鲨	双髻鲨	creature_raw.NAME[0]; singular; caste=-1; no CASTE_NAME or juvenile substitution	0xaa3bd0(race,out,plural=false,caste=-1); r9w==0xffff -> 0xaa3d69 -> 0xaa3d1e/0xaa3d36; creature_raw+0x20 NAME[0]
reference	data/vanilla/vanilla_creatures/objects/creature_large_ocean.txt	1395	SHARK_ANGEL		NAME	1	angelshark	angelshark	扁鲨	data/runtime/rulesets/zh-Hans/creatures/caste.toml | data/runtime/rulesets/zh-Hans/creatures/name.toml	扁鲨	扁鲨	creature_raw.NAME[0]; singular; caste=-1; no CASTE_NAME or juvenile substitution	0xaa3bd0(race,out,plural=false,caste=-1); r9w==0xffff -> 0xaa3d69 -> 0xaa3d1e/0xaa3d36; creature_raw+0x20 NAME[0]
reference	data/vanilla/vanilla_creatures/objects/creature_large_ocean.txt	1475	FISH_SKATE_COMMON		NAME	1	common skate	common skate	鳐鱼	data/runtime/rulesets/zh-Hans/creatures/caste.toml | data/runtime/rulesets/zh-Hans/creatures/name.toml	鳐鱼	无鳍鳐	creature_raw.NAME[0]; singular; caste=-1; no CASTE_NAME or juvenile substitution	0xaa3bd0(race,out,plural=false,caste=-1); r9w==0xffff -> 0xaa3d69 -> 0xaa3d1e/0xaa3d36; creature_raw+0x20 NAME[0]
reference	data/vanilla/vanilla_creatures/objects/creature_large_ocean.txt	1547	FISH_RAY_MANTA		NAME	1	manta ray	manta ray	蝠鲼	data/runtime/rulesets/zh-Hans/creatures/caste.toml | data/runtime/rulesets/zh-Hans/creatures/name.toml	蝠鲼	蝠鲼	creature_raw.NAME[0]; singular; caste=-1; no CASTE_NAME or juvenile substitution	0xaa3bd0(race,out,plural=false,caste=-1); r9w==0xffff -> 0xaa3d69 -> 0xaa3d1e/0xaa3d36; creature_raw+0x20 NAME[0]
reference	data/vanilla/vanilla_creatures/objects/creature_large_ocean.txt	1609	FISH_STINGRAY		NAME	1	stingray	stingray	刺魟	data/runtime/rulesets/zh-Hans/creatures/caste.toml | data/runtime/rulesets/zh-Hans/creatures/name.toml	刺魟	𫚉鱼	creature_raw.NAME[0]; singular; caste=-1; no CASTE_NAME or juvenile substitution	0xaa3bd0(race,out,plural=false,caste=-1); r9w==0xffff -> 0xaa3d69 -> 0xaa3d1e/0xaa3d36; creature_raw+0x20 NAME[0]
reference	data/vanilla/vanilla_creatures/objects/creature_large_ocean.txt	1687	FISH_COELACANTH		NAME	1	coelacanth	coelacanth	腔棘鱼	data/runtime/rulesets/zh-Hans/creatures/caste.toml | data/runtime/rulesets/zh-Hans/creatures/name.toml	腔棘鱼	腔棘鱼	creature_raw.NAME[0]; singular; caste=-1; no CASTE_NAME or juvenile substitution	0xaa3bd0(race,out,plural=false,caste=-1); r9w==0xffff -> 0xaa3d69 -> 0xaa3d1e/0xaa3d36; creature_raw+0x20 NAME[0]
reference	data/vanilla/vanilla_creatures/objects/creature_large_ocean.txt	1769	FISH_STURGEON		NAME	1	sturgeon	sturgeon	鲟鱼	data/runtime/rulesets/zh-Hans/creatures/caste.toml | data/runtime/rulesets/zh-Hans/creatures/name.toml	鲟鱼	鲟	creature_raw.NAME[0]; singular; caste=-1; no CASTE_NAME or juvenile substitution	0xaa3bd0(race,out,plural=false,caste=-1); r9w==0xffff -> 0xaa3d69 -> 0xaa3d1e/0xaa3d36; creature_raw+0x20 NAME[0]
reference	data/vanilla/vanilla_creatures/objects/creature_large_ocean.txt	1855	FISH_CONGER_EEL		NAME	1	conger eel	conger eel	康吉鳗	data/runtime/rulesets/zh-Hans/creatures/caste.toml | data/runtime/rulesets/zh-Hans/creatures/name.toml	康吉鳗	康吉鳗	creature_raw.NAME[0]; singular; caste=-1; no CASTE_NAME or juvenile substitution	0xaa3bd0(race,out,plural=false,caste=-1); r9w==0xffff -> 0xaa3d69 -> 0xaa3d1e/0xaa3d36; creature_raw+0x20 NAME[0]
reference	data/vanilla/vanilla_creatures/objects/creature_large_ocean.txt	1924	FISH_MILKFISH		NAME	1	milkfish	milkfish	遮目鱼	data/runtime/rulesets/zh-Hans/creatures/caste.toml | data/runtime/rulesets/zh-Hans/creatures/name.toml	遮目鱼	遮目鱼	creature_raw.NAME[0]; singular; caste=-1; no CASTE_NAME or juvenile substitution	0xaa3bd0(race,out,plural=false,caste=-1); r9w==0xffff -> 0xaa3d69 -> 0xaa3d1e/0xaa3d36; creature_raw+0x20 NAME[0]
reference	data/vanilla/vanilla_creatures/objects/creature_large_ocean.txt	2013	FISH_COD		NAME	1	cod	cod	鳕鱼	data/runtime/rulesets/zh-Hans/creatures/caste.toml | data/runtime/rulesets/zh-Hans/creatures/name.toml	鳕鱼	鳕鱼	creature_raw.NAME[0]; singular; caste=-1; no CASTE_NAME or juvenile substitution	0xaa3bd0(race,out,plural=false,caste=-1); r9w==0xffff -> 0xaa3d69 -> 0xaa3d1e/0xaa3d36; creature_raw+0x20 NAME[0]
reference	data/vanilla/vanilla_creatures/objects/creature_large_ocean.txt	2097	FISH_OPAH		NAME	1	opah	opah	圆月鱼	data/runtime/rulesets/zh-Hans/creatures/caste.toml | data/runtime/rulesets/zh-Hans/creatures/name.toml	圆月鱼	圆月鱼	creature_raw.NAME[0]; singular; caste=-1; no CASTE_NAME or juvenile substitution	0xaa3bd0(race,out,plural=false,caste=-1); r9w==0xffff -> 0xaa3d69 -> 0xaa3d1e/0xaa3d36; creature_raw+0x20 NAME[0]
reference	data/vanilla/vanilla_creatures/objects/creature_large_ocean.txt	2180	FISH_GROUPER_GIANT		NAME	1	giant grouper	giant grouper	巨型石斑鱼	data/runtime/rulesets/zh-Hans/creatures/caste.toml | data/runtime/rulesets/zh-Hans/creatures/name.toml	巨型石斑鱼	鞍带石斑鱼	creature_raw.NAME[0]; singular; caste=-1; no CASTE_NAME or juvenile substitution	0xaa3bd0(race,out,plural=false,caste=-1); r9w==0xffff -> 0xaa3d69 -> 0xaa3d1e/0xaa3d36; creature_raw+0x20 NAME[0]
reference	data/vanilla/vanilla_creatures/objects/creature_large_ocean.txt	2262	FISH_BLUEFISH		NAME	1	bluefish	bluefish	扁鲹	data/runtime/rulesets/zh-Hans/creatures/caste.toml | data/runtime/rulesets/zh-Hans/creatures/name.toml	扁鲹	 扁鲹	creature_raw.NAME[0]; singular; caste=-1; no CASTE_NAME or juvenile substitution	0xaa3bd0(race,out,plural=false,caste=-1); r9w==0xffff -> 0xaa3d69 -> 0xaa3d1e/0xaa3d36; creature_raw+0x20 NAME[0]
reference	data/vanilla/vanilla_creatures/objects/creature_large_ocean.txt	2346	FISH_SUNFISH_OCEAN		NAME	1	ocean sunfish	ocean sunfish	翻车鲀	data/runtime/rulesets/zh-Hans/creatures/caste.toml | data/runtime/rulesets/zh-Hans/creatures/name.toml	翻车鲀	 翻车鲀	creature_raw.NAME[0]; singular; caste=-1; no CASTE_NAME or juvenile substitution	0xaa3bd0(race,out,plural=false,caste=-1); r9w==0xffff -> 0xaa3d69 -> 0xaa3d1e/0xaa3d36; creature_raw+0x20 NAME[0]
reference	data/vanilla/vanilla_creatures/objects/creature_large_ocean.txt	2430	FISH_SWORDFISH		NAME	1	swordfish	swordfish	剑鱼	data/runtime/rulesets/zh-Hans/creatures/caste.toml | data/runtime/rulesets/zh-Hans/creatures/name.toml	剑鱼	 剑鱼	creature_raw.NAME[0]; singular; caste=-1; no CASTE_NAME or juvenile substitution	0xaa3bd0(race,out,plural=false,caste=-1); r9w==0xffff -> 0xaa3d69 -> 0xaa3d1e/0xaa3d36; creature_raw+0x20 NAME[0]
reference	data/vanilla/vanilla_creatures/objects/creature_large_ocean.txt	2514	FISH_MARLIN		NAME	1	marlin	marlin	枪鱼	data/runtime/rulesets/zh-Hans/creatures/caste.toml | data/runtime/rulesets/zh-Hans/creatures/name.toml	枪鱼	 枪鱼	creature_raw.NAME[0]; singular; caste=-1; no CASTE_NAME or juvenile substitution	0xaa3bd0(race,out,plural=false,caste=-1); r9w==0xffff -> 0xaa3d69 -> 0xaa3d1e/0xaa3d36; creature_raw+0x20 NAME[0]
reference	data/vanilla/vanilla_creatures/objects/creature_large_ocean.txt	2598	FISH_HALIBUT		NAME	1	halibut	halibut	大比目鱼	data/runtime/rulesets/zh-Hans/creatures/caste.toml | data/runtime/rulesets/zh-Hans/creatures/name.toml	大比目鱼	 大比目鱼	creature_raw.NAME[0]; singular; caste=-1; no CASTE_NAME or juvenile substitution	0xaa3bd0(race,out,plural=false,caste=-1); r9w==0xffff -> 0xaa3d69 -> 0xaa3d1e/0xaa3d36; creature_raw+0x20 NAME[0]
reference	data/vanilla/vanilla_creatures/objects/creature_large_ocean.txt	2681	FISH_BARRACUDA_GREAT		NAME	1	great barracuda	great barracuda	大梭鱼	data/runtime/rulesets/zh-Hans/creatures/caste.toml | data/runtime/rulesets/zh-Hans/creatures/name.toml	大梭鱼	 大梭鱼	creature_raw.NAME[0]; singular; caste=-1; no CASTE_NAME or juvenile substitution	0xaa3bd0(race,out,plural=false,caste=-1); r9w==0xffff -> 0xaa3d69 -> 0xaa3d1e/0xaa3d36; creature_raw+0x20 NAME[0]
reference	data/vanilla/vanilla_creatures/objects/creature_large_ocean.txt	2766	FISH_TUNA_BLUEFIN		NAME	1	bluefin tuna	bluefin tuna	蓝鳍金枪鱼	data/runtime/rulesets/zh-Hans/creatures/caste.toml | data/runtime/rulesets/zh-Hans/creatures/name.toml	蓝鳍金枪鱼	 蓝鳍金枪鱼	creature_raw.NAME[0]; singular; caste=-1; no CASTE_NAME or juvenile substitution	0xaa3bd0(race,out,plural=false,caste=-1); r9w==0xffff -> 0xaa3d69 -> 0xaa3d1e/0xaa3d36; creature_raw+0x20 NAME[0]
reference	data/vanilla/vanilla_creatures/objects/creature_large_ocean.txt	2859	NARWHAL		NAME	1	narwhal	narwhal	独角鲸	data/runtime/rulesets/zh-Hans/creatures/caste.toml | data/runtime/rulesets/zh-Hans/creatures/name.toml	独角鲸	 独角鲸	creature_raw.NAME[0]; singular; caste=-1; no CASTE_NAME or juvenile substitution	0xaa3bd0(race,out,plural=false,caste=-1); r9w==0xffff -> 0xaa3d69 -> 0xaa3d1e/0xaa3d36; creature_raw+0x20 NAME[0]
reference	data/vanilla/vanilla_creatures/objects/creature_large_ocean.txt	2967	NARWHAL MAN	SELECT_CASTE:ALL	NAME	1	narwhal man	narwhal man	独角鲸人	data/runtime/rulesets/zh-Hans/creatures/caste.toml | data/runtime/rulesets/zh-Hans/creatures/name.toml	独角鲸人	独角鲸人	creature_raw.NAME[0]; singular; caste=-1; no CASTE_NAME or juvenile substitution	0xaa3bd0(race,out,plural=false,caste=-1); r9w==0xffff -> 0xaa3d69 -> 0xaa3d1e/0xaa3d36; creature_raw+0x20 NAME[0]
reference	data/vanilla/vanilla_creatures/objects/creature_large_ocean.txt	2983	NARWHAL, GIANT		NAME	1	giant narwhal	giant narwhal	巨型独角鲸	data/runtime/rulesets/zh-Hans/creatures/caste.toml | data/runtime/rulesets/zh-Hans/creatures/name.toml	巨型独角鲸	巨型独角鲸	creature_raw.NAME[0]; singular; caste=-1; no CASTE_NAME or juvenile substitution	0xaa3bd0(race,out,plural=false,caste=-1); r9w==0xffff -> 0xaa3d69 -> 0xaa3d1e/0xaa3d36; creature_raw+0x20 NAME[0]
reference	data/vanilla/vanilla_creatures/objects/creature_large_riverlake.txt	7	HIPPO		NAME	1	hippo	hippo	河马	data/runtime/rulesets/zh-Hans/creatures/caste.toml | data/runtime/rulesets/zh-Hans/creatures/name.toml	河马	河马	creature_raw.NAME[0]; singular; caste=-1; no CASTE_NAME or juvenile substitution	0xaa3bd0(race,out,plural=false,caste=-1); r9w==0xffff -> 0xaa3d69 -> 0xaa3d1e/0xaa3d36; creature_raw+0x20 NAME[0]
reference	data/vanilla/vanilla_creatures/objects/creature_large_riverlake.txt	115	HIPPO_MAN	SELECT_CASTE:ALL	NAME	1	hippo man	hippo man	河马人	data/runtime/rulesets/zh-Hans/creatures/caste.toml | data/runtime/rulesets/zh-Hans/creatures/name.toml	河马人	河马人	creature_raw.NAME[0]; singular; caste=-1; no CASTE_NAME or juvenile substitution	0xaa3bd0(race,out,plural=false,caste=-1); r9w==0xffff -> 0xaa3d69 -> 0xaa3d1e/0xaa3d36; creature_raw+0x20 NAME[0]
reference	data/vanilla/vanilla_creatures/objects/creature_large_riverlake.txt	132	GIANT_HIPPO	SELECT_CASTE:ALL	NAME	1	giant hippo	giant hippo	巨型河马	data/runtime/rulesets/zh-Hans/creatures/caste.toml | data/runtime/rulesets/zh-Hans/creatures/name.toml	巨型河马	巨河马	creature_raw.NAME[0]; singular; caste=-1; no CASTE_NAME or juvenile substitution	0xaa3bd0(race,out,plural=false,caste=-1); r9w==0xffff -> 0xaa3d69 -> 0xaa3d1e/0xaa3d36; creature_raw+0x20 NAME[0]
reference	data/vanilla/vanilla_creatures/objects/creature_large_riverlake.txt	151	FISH_GAR_LONGNOSE		NAME	1	longnose gar	longnose gar	长鼻雀鳝	data/runtime/rulesets/zh-Hans/creatures/caste.toml | data/runtime/rulesets/zh-Hans/creatures/name.toml	长鼻雀鳝	长鼻雀鳝	creature_raw.NAME[0]; singular; caste=-1; no CASTE_NAME or juvenile substitution	0xaa3bd0(race,out,plural=false,caste=-1); r9w==0xffff -> 0xaa3d69 -> 0xaa3d1e/0xaa3d36; creature_raw+0x20 NAME[0]
reference	data/vanilla/vanilla_creatures/objects/creature_large_riverlake.txt	238	FISH_CARP		NAME	1	carp	carp	鲤鱼	data/runtime/rulesets/zh-Hans/creatures/caste.toml | data/runtime/rulesets/zh-Hans/creatures/name.toml	鲤鱼	鲤鱼	creature_raw.NAME[0]; singular; caste=-1; no CASTE_NAME or juvenile substitution	0xaa3bd0(race,out,plural=false,caste=-1); r9w==0xffff -> 0xaa3d69 -> 0xaa3d1e/0xaa3d36; creature_raw+0x20 NAME[0]
reference	data/vanilla/vanilla_creatures/objects/creature_large_riverlake.txt	324	FISH_TIGERFISH		NAME	1	tigerfish	tigerfish	虎鱼	data/runtime/rulesets/zh-Hans/creatures/caste.toml | data/runtime/rulesets/zh-Hans/creatures/name.toml	虎鱼	虎鱼	creature_raw.NAME[0]; singular; caste=-1; no CASTE_NAME or juvenile substitution	0xaa3bd0(race,out,plural=false,caste=-1); r9w==0xffff -> 0xaa3d69 -> 0xaa3d1e/0xaa3d36; creature_raw+0x20 NAME[0]
reference	data/vanilla/vanilla_creatures/objects/creature_large_riverlake.txt	410	FISH_PIKE		NAME	1	pike	pike	狗鱼	data/runtime/rulesets/zh-Hans/creatures/caste.toml | data/runtime/rulesets/zh-Hans/creatures/name.toml	狗鱼	海狼鱼	creature_raw.NAME[0]; singular; caste=-1; no CASTE_NAME or juvenile substitution	0xaa3bd0(race,out,plural=false,caste=-1); r9w==0xffff -> 0xaa3d69 -> 0xaa3d1e/0xaa3d36; creature_raw+0x20 NAME[0]
reference	data/vanilla/vanilla_creatures/objects/creature_large_riverlake.txt	506	PLATYPUS		NAME	1	platypus	platypus	鸭嘴兽	data/runtime/rulesets/zh-Hans/creatures/caste.toml | data/runtime/rulesets/zh-Hans/creatures/name.toml	鸭嘴兽	鸭嘴兽	creature_raw.NAME[0]; singular; caste=-1; no CASTE_NAME or juvenile substitution	0xaa3bd0(race,out,plural=false,caste=-1); r9w==0xffff -> 0xaa3d69 -> 0xaa3d1e/0xaa3d36; creature_raw+0x20 NAME[0]
reference	data/vanilla/vanilla_creatures/objects/creature_large_riverlake.txt	678	PLATYPUS MAN	SELECT_CASTE:ALL	NAME	1	platypus man	platypus man	鸭嘴兽人	data/runtime/rulesets/zh-Hans/creatures/caste.toml | data/runtime/rulesets/zh-Hans/creatures/name.toml	鸭嘴兽人	鸭嘴兽人	creature_raw.NAME[0]; singular; caste=-1; no CASTE_NAME or juvenile substitution	0xaa3bd0(race,out,plural=false,caste=-1); r9w==0xffff -> 0xaa3d69 -> 0xaa3d1e/0xaa3d36; creature_raw+0x20 NAME[0]
reference	data/vanilla/vanilla_creatures/objects/creature_large_riverlake.txt	711	PLATYPUS, GIANT		NAME	1	giant platypus	giant platypus	巨型鸭嘴兽	data/runtime/rulesets/zh-Hans/creatures/caste.toml | data/runtime/rulesets/zh-Hans/creatures/name.toml	巨型鸭嘴兽	巨鸭嘴兽	creature_raw.NAME[0]; singular; caste=-1; no CASTE_NAME or juvenile substitution	0xaa3bd0(race,out,plural=false,caste=-1); r9w==0xffff -> 0xaa3d69 -> 0xaa3d1e/0xaa3d36; creature_raw+0x20 NAME[0]
reference	data/vanilla/vanilla_creatures/objects/creature_large_temperate.txt	7	BEAR_GRIZZLY		NAME	1	grizzly bear	grizzly bear	灰熊	data/runtime/rulesets/zh-Hans/creatures/caste.toml | data/runtime/rulesets/zh-Hans/creatures/name.toml	灰熊	灰熊	creature_raw.NAME[0]; singular; caste=-1; no CASTE_NAME or juvenile substitution	0xaa3bd0(race,out,plural=false,caste=-1); r9w==0xffff -> 0xaa3d69 -> 0xaa3d1e/0xaa3d36; creature_raw+0x20 NAME[0]
reference	data/vanilla/vanilla_creatures/objects/creature_large_temperate.txt	124	BEAR_GRIZZLY_MAN	SELECT_CASTE:ALL	NAME	1	grizzly bear man	grizzly bear man	灰熊人	data/runtime/rulesets/zh-Hans/creatures/caste.toml | data/runtime/rulesets/zh-Hans/creatures/name.toml	灰熊人	灰熊人	creature_raw.NAME[0]; singular; caste=-1; no CASTE_NAME or juvenile substitution	0xaa3bd0(race,out,plural=false,caste=-1); r9w==0xffff -> 0xaa3d69 -> 0xaa3d1e/0xaa3d36; creature_raw+0x20 NAME[0]
reference	data/vanilla/vanilla_creatures/objects/creature_large_temperate.txt	143	GIANT_BEAR_GRIZZLY	SELECT_CASTE:ALL	NAME	1	giant grizzly bear	giant grizzly bear	巨型灰熊	data/runtime/rulesets/zh-Hans/creatures/caste.toml | data/runtime/rulesets/zh-Hans/creatures/name.toml	巨型灰熊	巨灰熊	creature_raw.NAME[0]; singular; caste=-1; no CASTE_NAME or juvenile substitution	0xaa3bd0(race,out,plural=false,caste=-1); r9w==0xffff -> 0xaa3d69 -> 0xaa3d1e/0xaa3d36; creature_raw+0x20 NAME[0]
reference	data/vanilla/vanilla_creatures/objects/creature_large_temperate.txt	163	BEAR_BLACK		NAME	1	black bear	black bear	黑熊	data/runtime/rulesets/zh-Hans/creatures/caste.toml | data/runtime/rulesets/zh-Hans/creatures/name.toml	黑熊	黑熊	creature_raw.NAME[0]; singular; caste=-1; no CASTE_NAME or juvenile substitution	0xaa3bd0(race,out,plural=false,caste=-1); r9w==0xffff -> 0xaa3d69 -> 0xaa3d1e/0xaa3d36; creature_raw+0x20 NAME[0]
reference	data/vanilla/vanilla_creatures/objects/creature_large_temperate.txt	278	BEAR_BLACK_MAN	SELECT_CASTE:ALL	NAME	1	black bear man	black bear man	黑熊人	data/runtime/rulesets/zh-Hans/creatures/caste.toml | data/runtime/rulesets/zh-Hans/creatures/name.toml	黑熊人	黑熊人	creature_raw.NAME[0]; singular; caste=-1; no CASTE_NAME or juvenile substitution	0xaa3bd0(race,out,plural=false,caste=-1); r9w==0xffff -> 0xaa3d69 -> 0xaa3d1e/0xaa3d36; creature_raw+0x20 NAME[0]
reference	data/vanilla/vanilla_creatures/objects/creature_large_temperate.txt	297	GIANT_BEAR_BLACK	SELECT_CASTE:ALL	NAME	1	giant black bear	giant black bear	巨型黑熊	data/runtime/rulesets/zh-Hans/creatures/caste.toml | data/runtime/rulesets/zh-Hans/creatures/name.toml	巨型黑熊	巨黑熊	creature_raw.NAME[0]; singular; caste=-1; no CASTE_NAME or juvenile substitution	0xaa3bd0(race,out,plural=false,caste=-1); r9w==0xffff -> 0xaa3d69 -> 0xaa3d1e/0xaa3d36; creature_raw+0x20 NAME[0]
reference	data/vanilla/vanilla_creatures/objects/creature_large_temperate.txt	317	DEER		NAME	1	deer	deer	鹿	data/runtime/rulesets/zh-Hans/creatures/caste.toml | data/runtime/rulesets/zh-Hans/creatures/name.toml	鹿	鹿	creature_raw.NAME[0]; singular; caste=-1; no CASTE_NAME or juvenile substitution	0xaa3bd0(race,out,plural=false,caste=-1); r9w==0xffff -> 0xaa3d69 -> 0xaa3d1e/0xaa3d36; creature_raw+0x20 NAME[0]
reference	data/vanilla/vanilla_creatures/objects/creature_large_temperate.txt	443	DEER_MAN	SELECT_CASTE:ALL	NAME	1	deer man	deer man	鹿人	data/runtime/rulesets/zh-Hans/creatures/caste.toml | data/runtime/rulesets/zh-Hans/creatures/name.toml	鹿人	鹿人	creature_raw.NAME[0]; singular; caste=-1; no CASTE_NAME or juvenile substitution	0xaa3bd0(race,out,plural=false,caste=-1); r9w==0xffff -> 0xaa3d69 -> 0xaa3d1e/0xaa3d36; creature_raw+0x20 NAME[0]
reference	data/vanilla/vanilla_creatures/objects/creature_large_temperate.txt	460	GIANT_DEER	SELECT_CASTE:ALL	NAME	1	giant deer	giant deer	巨型鹿	data/runtime/rulesets/zh-Hans/creatures/caste.toml | data/runtime/rulesets/zh-Hans/creatures/name.toml	巨型鹿	巨鹿	creature_raw.NAME[0]; singular; caste=-1; no CASTE_NAME or juvenile substitution	0xaa3bd0(race,out,plural=false,caste=-1); r9w==0xffff -> 0xaa3d69 -> 0xaa3d1e/0xaa3d36; creature_raw+0x20 NAME[0]
reference	data/vanilla/vanilla_creatures/objects/creature_large_temperate.txt	479	FOX		NAME	1	fox	fox	狐狸	data/runtime/rulesets/zh-Hans/creatures/caste.toml | data/runtime/rulesets/zh-Hans/creatures/name.toml	狐狸	狐狸	creature_raw.NAME[0]; singular; caste=-1; no CASTE_NAME or juvenile substitution	0xaa3bd0(race,out,plural=false,caste=-1); r9w==0xffff -> 0xaa3d69 -> 0xaa3d1e/0xaa3d36; creature_raw+0x20 NAME[0]
reference	data/vanilla/vanilla_creatures/objects/creature_large_temperate.txt	588	FOX_MAN	SELECT_CASTE:ALL	NAME	1	fox man	fox man	狐狸人	data/runtime/rulesets/zh-Hans/creatures/caste.toml | data/runtime/rulesets/zh-Hans/creatures/name.toml	狐狸人	狐人	creature_raw.NAME[0]; singular; caste=-1; no CASTE_NAME or juvenile substitution	0xaa3bd0(race,out,plural=false,caste=-1); r9w==0xffff -> 0xaa3d69 -> 0xaa3d1e/0xaa3d36; creature_raw+0x20 NAME[0]
reference	data/vanilla/vanilla_creatures/objects/creature_large_temperate.txt	607	GIANT_FOX	SELECT_CASTE:ALL	NAME	1	giant fox	giant fox	巨型狐狸	data/runtime/rulesets/zh-Hans/creatures/caste.toml | data/runtime/rulesets/zh-Hans/creatures/name.toml	巨型狐狸	巨狐	creature_raw.NAME[0]; singular; caste=-1; no CASTE_NAME or juvenile substitution	0xaa3bd0(race,out,plural=false,caste=-1); r9w==0xffff -> 0xaa3d69 -> 0xaa3d1e/0xaa3d36; creature_raw+0x20 NAME[0]
reference	data/vanilla/vanilla_creatures/objects/creature_large_temperate.txt	626	RACCOON		NAME	1	raccoon	raccoon	浣熊	data/runtime/rulesets/zh-Hans/creatures/caste.toml | data/runtime/rulesets/zh-Hans/creatures/name.toml	浣熊	浣熊	creature_raw.NAME[0]; singular; caste=-1; no CASTE_NAME or juvenile substitution	0xaa3bd0(race,out,plural=false,caste=-1); r9w==0xffff -> 0xaa3d69 -> 0xaa3d1e/0xaa3d36; creature_raw+0x20 NAME[0]
reference	data/vanilla/vanilla_creatures/objects/creature_large_temperate.txt	737	RACCOON_MAN	SELECT_CASTE:ALL	NAME	1	raccoon man	raccoon man	浣熊人	data/runtime/rulesets/zh-Hans/creatures/caste.toml | data/runtime/rulesets/zh-Hans/creatures/name.toml	浣熊人	浣熊人	creature_raw.NAME[0]; singular; caste=-1; no CASTE_NAME or juvenile substitution	0xaa3bd0(race,out,plural=false,caste=-1); r9w==0xffff -> 0xaa3d69 -> 0xaa3d1e/0xaa3d36; creature_raw+0x20 NAME[0]
reference	data/vanilla/vanilla_creatures/objects/creature_large_temperate.txt	756	GIANT_RACCOON	SELECT_CASTE:ALL	NAME	1	giant raccoon	giant raccoon	巨型浣熊	data/runtime/rulesets/zh-Hans/creatures/caste.toml | data/runtime/rulesets/zh-Hans/creatures/name.toml	巨型浣熊	巨型浣熊	creature_raw.NAME[0]; singular; caste=-1; no CASTE_NAME or juvenile substitution	0xaa3bd0(race,out,plural=false,caste=-1); r9w==0xffff -> 0xaa3d69 -> 0xaa3d1e/0xaa3d36; creature_raw+0x20 NAME[0]
reference	data/vanilla/vanilla_creatures/objects/creature_large_temperate.txt	776	MACAQUE_RHESUS		NAME	1	rhesus macaque	rhesus macaque	猕猴	data/runtime/rulesets/zh-Hans/creatures/caste.toml | data/runtime/rulesets/zh-Hans/creatures/name.toml	猕猴	猕猴	creature_raw.NAME[0]; singular; caste=-1; no CASTE_NAME or juvenile substitution	0xaa3bd0(race,out,plural=false,caste=-1); r9w==0xffff -> 0xaa3d69 -> 0xaa3d1e/0xaa3d36; creature_raw+0x20 NAME[0]
reference	data/vanilla/vanilla_creatures/objects/creature_large_temperate.txt	886	MACAQUE_RHESUS_MAN	SELECT_CASTE:ALL	NAME	1	rhesus macaque man	rhesus macaque man	猕猴人	data/runtime/rulesets/zh-Hans/creatures/caste.toml | data/runtime/rulesets/zh-Hans/creatures/name.toml	猕猴人	猕猴人	creature_raw.NAME[0]; singular; caste=-1; no CASTE_NAME or juvenile substitution	0xaa3bd0(race,out,plural=false,caste=-1); r9w==0xffff -> 0xaa3d69 -> 0xaa3d1e/0xaa3d36; creature_raw+0x20 NAME[0]
reference	data/vanilla/vanilla_creatures/objects/creature_large_temperate.txt	905	GIANT_MACAQUE_RHESUS	SELECT_CASTE:ALL	NAME	1	giant rhesus macaque	giant rhesus macaque	巨型猕猴	data/runtime/rulesets/zh-Hans/creatures/caste.toml | data/runtime/rulesets/zh-Hans/creatures/name.toml	巨型猕猴	巨型猕猴	creature_raw.NAME[0]; singular; caste=-1; no CASTE_NAME or juvenile substitution	0xaa3bd0(race,out,plural=false,caste=-1); r9w==0xffff -> 0xaa3d69 -> 0xaa3d1e/0xaa3d36; creature_raw+0x20 NAME[0]
reference	data/vanilla/vanilla_creatures/objects/creature_large_temperate.txt	924	COUGAR		NAME	1	cougar	cougar	美洲狮	data/runtime/rulesets/zh-Hans/creatures/caste.toml | data/runtime/rulesets/zh-Hans/creatures/name.toml	美洲狮	美洲狮	creature_raw.NAME[0]; singular; caste=-1; no CASTE_NAME or juvenile substitution	0xaa3bd0(race,out,plural=false,caste=-1); r9w==0xffff -> 0xaa3d69 -> 0xaa3d1e/0xaa3d36; creature_raw+0x20 NAME[0]
reference	data/vanilla/vanilla_creatures/objects/creature_large_temperate.txt	1036	COUGAR_MAN	SELECT_CASTE:ALL	NAME	1	cougar man	cougar man	美洲狮人	data/runtime/rulesets/zh-Hans/creatures/caste.toml | data/runtime/rulesets/zh-Hans/creatures/name.toml	美洲狮人	美洲豹人	creature_raw.NAME[0]; singular; caste=-1; no CASTE_NAME or juvenile substitution	0xaa3bd0(race,out,plural=false,caste=-1); r9w==0xffff -> 0xaa3d69 -> 0xaa3d1e/0xaa3d36; creature_raw+0x20 NAME[0]
reference	data/vanilla/vanilla_creatures/objects/creature_large_temperate.txt	1055	GIANT_COUGAR	SELECT_CASTE:ALL	NAME	1	giant cougar	giant cougar	巨型美洲狮	data/runtime/rulesets/zh-Hans/creatures/caste.toml | data/runtime/rulesets/zh-Hans/creatures/name.toml	巨型美洲狮	巨美洲狮	creature_raw.NAME[0]; singular; caste=-1; no CASTE_NAME or juvenile substitution	0xaa3bd0(race,out,plural=false,caste=-1); r9w==0xffff -> 0xaa3d69 -> 0xaa3d1e/0xaa3d36; creature_raw+0x20 NAME[0]
reference	data/vanilla/vanilla_creatures/objects/creature_large_temperate.txt	1075	WOLF		NAME	1	wolf	wolf	狼	data/runtime/rulesets/zh-Hans/creatures/caste.toml | data/runtime/rulesets/zh-Hans/creatures/name.toml	狼	狼	creature_raw.NAME[0]; singular; caste=-1; no CASTE_NAME or juvenile substitution	0xaa3bd0(race,out,plural=false,caste=-1); r9w==0xffff -> 0xaa3d69 -> 0xaa3d1e/0xaa3d36; creature_raw+0x20 NAME[0]
reference	data/vanilla/vanilla_creatures/objects/creature_large_temperate.txt	1187	WOLF_MAN	SELECT_CASTE:ALL	NAME	1	wolf man	wolf man	狼人	data/runtime/rulesets/zh-Hans/creatures/caste.toml | data/runtime/rulesets/zh-Hans/creatures/name.toml	狼人	狼人	creature_raw.NAME[0]; singular; caste=-1; no CASTE_NAME or juvenile substitution	0xaa3bd0(race,out,plural=false,caste=-1); r9w==0xffff -> 0xaa3d69 -> 0xaa3d1e/0xaa3d36; creature_raw+0x20 NAME[0]
reference	data/vanilla/vanilla_creatures/objects/creature_large_temperate.txt	1206	GIANT_WOLF	SELECT_CASTE:ALL	NAME	1	giant wolf	giant wolf	巨型狼	data/runtime/rulesets/zh-Hans/creatures/caste.toml | data/runtime/rulesets/zh-Hans/creatures/name.toml	巨型狼	巨狼	creature_raw.NAME[0]; singular; caste=-1; no CASTE_NAME or juvenile substitution	0xaa3bd0(race,out,plural=false,caste=-1); r9w==0xffff -> 0xaa3d69 -> 0xaa3d1e/0xaa3d36; creature_raw+0x20 NAME[0]
reference	data/vanilla/vanilla_creatures/objects/creature_large_temperate.txt	1225	GROUNDHOG		NAME	1	groundhog	groundhog	土拨鼠	data/runtime/rulesets/zh-Hans/creatures/caste.toml | data/runtime/rulesets/zh-Hans/creatures/name.toml	土拨鼠	土拨鼠	creature_raw.NAME[0]; singular; caste=-1; no CASTE_NAME or juvenile substitution	0xaa3bd0(race,out,plural=false,caste=-1); r9w==0xffff -> 0xaa3d69 -> 0xaa3d1e/0xaa3d36; creature_raw+0x20 NAME[0]
reference	data/vanilla/vanilla_creatures/objects/creature_large_temperate.txt	1337	GROUNDHOG_MAN	SELECT_CASTE:ALL	NAME	1	groundhog man	groundhog man	土拨鼠人	data/runtime/rulesets/zh-Hans/creatures/caste.toml | data/runtime/rulesets/zh-Hans/creatures/name.toml	土拨鼠人	土拨鼠人	creature_raw.NAME[0]; singular; caste=-1; no CASTE_NAME or juvenile substitution	0xaa3bd0(race,out,plural=false,caste=-1); r9w==0xffff -> 0xaa3d69 -> 0xaa3d1e/0xaa3d36; creature_raw+0x20 NAME[0]
reference	data/vanilla/vanilla_creatures/objects/creature_large_temperate.txt	1356	GIANT_GROUNDHOG	SELECT_CASTE:ALL	NAME	1	giant groundhog	giant groundhog	巨型土拨鼠	data/runtime/rulesets/zh-Hans/creatures/caste.toml | data/runtime/rulesets/zh-Hans/creatures/name.toml	巨型土拨鼠	巨土拨鼠	creature_raw.NAME[0]; singular; caste=-1; no CASTE_NAME or juvenile substitution	0xaa3bd0(race,out,plural=false,caste=-1); r9w==0xffff -> 0xaa3d69 -> 0xaa3d1e/0xaa3d36; creature_raw+0x20 NAME[0]
reference	data/vanilla/vanilla_creatures/objects/creature_large_temperate.txt	1375	ALLIGATOR		NAME	1	alligator	alligator	短吻鳄	data/runtime/rulesets/zh-Hans/creatures/caste.toml | data/runtime/rulesets/zh-Hans/creatures/name.toml	短吻鳄	短吻鳄	creature_raw.NAME[0]; singular; caste=-1; no CASTE_NAME or juvenile substitution	0xaa3bd0(race,out,plural=false,caste=-1); r9w==0xffff -> 0xaa3d69 -> 0xaa3d1e/0xaa3d36; creature_raw+0x20 NAME[0]
reference	data/vanilla/vanilla_creatures/objects/creature_large_temperate.txt	1495	ALLIGATOR_MAN	SELECT_CASTE:ALL	NAME	1	alligator man	alligator man	短吻鳄人	data/runtime/rulesets/zh-Hans/creatures/caste.toml | data/runtime/rulesets/zh-Hans/creatures/name.toml	短吻鳄人	短吻鳄人	creature_raw.NAME[0]; singular; caste=-1; no CASTE_NAME or juvenile substitution	0xaa3bd0(race,out,plural=false,caste=-1); r9w==0xffff -> 0xaa3d69 -> 0xaa3d1e/0xaa3d36; creature_raw+0x20 NAME[0]
reference	data/vanilla/vanilla_creatures/objects/creature_large_temperate.txt	1514	GIANT_ALLIGATOR	SELECT_CASTE:ALL	NAME	1	giant alligator	giant alligator	巨型短吻鳄	data/runtime/rulesets/zh-Hans/creatures/caste.toml | data/runtime/rulesets/zh-Hans/creatures/name.toml	巨型短吻鳄	巨短吻鳄	creature_raw.NAME[0]; singular; caste=-1; no CASTE_NAME or juvenile substitution	0xaa3bd0(race,out,plural=false,caste=-1); r9w==0xffff -> 0xaa3d69 -> 0xaa3d1e/0xaa3d36; creature_raw+0x20 NAME[0]
reference	data/vanilla/vanilla_creatures/objects/creature_large_temperate.txt	1533	BIRD_BUZZARD		NAME	1	buzzard	buzzard	秃鹰	data/runtime/rulesets/zh-Hans/creatures/caste.toml | data/runtime/rulesets/zh-Hans/creatures/name.toml	秃鹰	秃鹰	creature_raw.NAME[0]; singular; caste=-1; no CASTE_NAME or juvenile substitution	0xaa3bd0(race,out,plural=false,caste=-1); r9w==0xffff -> 0xaa3d69 -> 0xaa3d1e/0xaa3d36; creature_raw+0x20 NAME[0]
reference	data/vanilla/vanilla_creatures/objects/creature_large_temperate.txt	1656	BUZZARD_MAN	SELECT_CASTE:ALL	NAME	1	buzzard man	buzzard man	秃鹰人	data/runtime/rulesets/zh-Hans/creatures/caste.toml | data/runtime/rulesets/zh-Hans/creatures/name.toml	秃鹰人	秃鹰人	creature_raw.NAME[0]; singular; caste=-1; no CASTE_NAME or juvenile substitution	0xaa3bd0(race,out,plural=false,caste=-1); r9w==0xffff -> 0xaa3d69 -> 0xaa3d1e/0xaa3d36; creature_raw+0x20 NAME[0]
reference	data/vanilla/vanilla_creatures/objects/creature_large_temperate.txt	1673	GIANT_BUZZARD	SELECT_CASTE:ALL	NAME	1	giant buzzard	giant buzzard	巨型秃鹰	data/runtime/rulesets/zh-Hans/creatures/caste.toml | data/runtime/rulesets/zh-Hans/creatures/name.toml	巨型秃鹰	巨秃鹰	creature_raw.NAME[0]; singular; caste=-1; no CASTE_NAME or juvenile substitution	0xaa3bd0(race,out,plural=false,caste=-1); r9w==0xffff -> 0xaa3d69 -> 0xaa3d1e/0xaa3d36; creature_raw+0x20 NAME[0]
reference	data/vanilla/vanilla_creatures/objects/creature_large_temperate.txt	1701	PANDA		NAME	1	panda	panda	熊猫	data/runtime/rulesets/zh-Hans/creatures/caste.toml | data/runtime/rulesets/zh-Hans/creatures/name.toml	熊猫	熊猫	creature_raw.NAME[0]; singular; caste=-1; no CASTE_NAME or juvenile substitution	0xaa3bd0(race,out,plural=false,caste=-1); r9w==0xffff -> 0xaa3d69 -> 0xaa3d1e/0xaa3d36; creature_raw+0x20 NAME[0]
reference	data/vanilla/vanilla_creatures/objects/creature_large_temperate.txt	1824	PANDA, GIGANTIC		NAME	1	gigantic panda	gigantic panda	巨型熊猫	data/runtime/rulesets/zh-Hans/creatures/caste.toml | data/runtime/rulesets/zh-Hans/creatures/name.toml	巨型熊猫	巨熊猫	creature_raw.NAME[0]; singular; caste=-1; no CASTE_NAME or juvenile substitution	0xaa3bd0(race,out,plural=false,caste=-1); r9w==0xffff -> 0xaa3d69 -> 0xaa3d1e/0xaa3d36; creature_raw+0x20 NAME[0]
reference	data/vanilla/vanilla_creatures/objects/creature_large_temperate.txt	1881	PANDA MAN	SELECT_CASTE:ALL	NAME	1	panda man	panda man	熊猫人	data/runtime/rulesets/zh-Hans/creatures/caste.toml | data/runtime/rulesets/zh-Hans/creatures/name.toml	熊猫人	熊猫人	creature_raw.NAME[0]; singular; caste=-1; no CASTE_NAME or juvenile substitution	0xaa3bd0(race,out,plural=false,caste=-1); r9w==0xffff -> 0xaa3d69 -> 0xaa3d1e/0xaa3d36; creature_raw+0x20 NAME[0]
reference	data/vanilla/vanilla_creatures/objects/creature_large_temperate.txt	1900	CAPYBARA		NAME	1	capybara	capybara	水豚	data/runtime/rulesets/zh-Hans/creatures/caste.toml | data/runtime/rulesets/zh-Hans/creatures/name.toml	水豚	水豚	creature_raw.NAME[0]; singular; caste=-1; no CASTE_NAME or juvenile substitution	0xaa3bd0(race,out,plural=false,caste=-1); r9w==0xffff -> 0xaa3d69 -> 0xaa3d1e/0xaa3d36; creature_raw+0x20 NAME[0]
reference	data/vanilla/vanilla_creatures/objects/creature_large_temperate.txt	2008	CAPYBARA, GIANT	SELECT_CASTE:ALL	NAME	1	giant capybara	giant capybara	巨型水豚	data/runtime/rulesets/zh-Hans/creatures/caste.toml | data/runtime/rulesets/zh-Hans/creatures/name.toml	巨型水豚	巨水豚	creature_raw.NAME[0]; singular; caste=-1; no CASTE_NAME or juvenile substitution	0xaa3bd0(race,out,plural=false,caste=-1); r9w==0xffff -> 0xaa3d69 -> 0xaa3d1e/0xaa3d36; creature_raw+0x20 NAME[0]
reference	data/vanilla/vanilla_creatures/objects/creature_large_temperate.txt	2051	CAPYBARA MAN	SELECT_CASTE:ALL	NAME	1	capybara man	capybara man	水豚人	data/runtime/rulesets/zh-Hans/creatures/caste.toml | data/runtime/rulesets/zh-Hans/creatures/name.toml	水豚人	水豚人	creature_raw.NAME[0]; singular; caste=-1; no CASTE_NAME or juvenile substitution	0xaa3bd0(race,out,plural=false,caste=-1); r9w==0xffff -> 0xaa3d69 -> 0xaa3d1e/0xaa3d36; creature_raw+0x20 NAME[0]
reference	data/vanilla/vanilla_creatures/objects/creature_large_temperate.txt	2067	BADGER		NAME	1	badger	badger	鼬獾	data/runtime/rulesets/zh-Hans/creatures/name.toml	鼬獾	獾	creature_raw.NAME[0]; singular; caste=-1; no CASTE_NAME or juvenile substitution	0xaa3bd0(race,out,plural=false,caste=-1); r9w==0xffff -> 0xaa3d69 -> 0xaa3d1e/0xaa3d36; creature_raw+0x20 NAME[0]
reference	data/vanilla/vanilla_creatures/objects/creature_large_temperate.txt	2198	BADGER MAN	SELECT_CASTE:ALL	NAME	1	badger man	badger man	鼬獾人	data/runtime/rulesets/zh-Hans/creatures/caste.toml | data/runtime/rulesets/zh-Hans/creatures/name.toml	鼬獾人	獾人	creature_raw.NAME[0]; singular; caste=-1; no CASTE_NAME or juvenile substitution	0xaa3bd0(race,out,plural=false,caste=-1); r9w==0xffff -> 0xaa3d69 -> 0xaa3d1e/0xaa3d36; creature_raw+0x20 NAME[0]
reference	data/vanilla/vanilla_creatures/objects/creature_large_temperate.txt	2227	BADGER, GIANT	SELECT_CASTE:ALL	NAME	1	giant badger	giant badger	巨型鼬獾	data/runtime/rulesets/zh-Hans/creatures/name.toml	巨型鼬獾	巨獾	creature_raw.NAME[0]; singular; caste=-1; no CASTE_NAME or juvenile substitution	0xaa3bd0(race,out,plural=false,caste=-1); r9w==0xffff -> 0xaa3d69 -> 0xaa3d1e/0xaa3d36; creature_raw+0x20 NAME[0]
reference	data/vanilla/vanilla_creatures/objects/creature_large_temperate.txt	2258	MOOSE		NAME	1	moose	moose	驼鹿	data/runtime/rulesets/zh-Hans/creatures/name.toml	驼鹿	驼鹿	creature_raw.NAME[0]; singular; caste=-1; no CASTE_NAME or juvenile substitution	0xaa3bd0(race,out,plural=false,caste=-1); r9w==0xffff -> 0xaa3d69 -> 0xaa3d1e/0xaa3d36; creature_raw+0x20 NAME[0]
reference	data/vanilla/vanilla_creatures/objects/creature_large_temperate.txt	2394	MOOSE MAN	SELECT_CASTE:ALL	NAME	1	moose man	moose man	驼鹿人	data/runtime/rulesets/zh-Hans/creatures/caste.toml | data/runtime/rulesets/zh-Hans/creatures/name.toml	驼鹿人	驼鹿人	creature_raw.NAME[0]; singular; caste=-1; no CASTE_NAME or juvenile substitution	0xaa3bd0(race,out,plural=false,caste=-1); r9w==0xffff -> 0xaa3d69 -> 0xaa3d1e/0xaa3d36; creature_raw+0x20 NAME[0]
reference	data/vanilla/vanilla_creatures/objects/creature_large_temperate.txt	2410	MOOSE, GIANT		NAME	1	giant moose	giant moose	巨型驼鹿	data/runtime/rulesets/zh-Hans/creatures/name.toml	巨型驼鹿	巨驼鹿	creature_raw.NAME[0]; singular; caste=-1; no CASTE_NAME or juvenile substitution	0xaa3bd0(race,out,plural=false,caste=-1); r9w==0xffff -> 0xaa3d69 -> 0xaa3d1e/0xaa3d36; creature_raw+0x20 NAME[0]
reference	data/vanilla/vanilla_creatures/objects/creature_large_temperate.txt	2441	RED PANDA		NAME	1	red panda	red panda	红熊猫	data/runtime/rulesets/zh-Hans/creatures/name.toml	红熊猫	小熊猫	creature_raw.NAME[0]; singular; caste=-1; no CASTE_NAME or juvenile substitution	0xaa3bd0(race,out,plural=false,caste=-1); r9w==0xffff -> 0xaa3d69 -> 0xaa3d1e/0xaa3d36; creature_raw+0x20 NAME[0]
reference	data/vanilla/vanilla_creatures/objects/creature_large_temperate.txt	2591	RED PANDA MAN	SELECT_CASTE:ALL	NAME	1	red panda man	red panda man	红熊猫人	data/runtime/rulesets/zh-Hans/creatures/caste.toml | data/runtime/rulesets/zh-Hans/creatures/name.toml	红熊猫人	小熊猫人	creature_raw.NAME[0]; singular; caste=-1; no CASTE_NAME or juvenile substitution	0xaa3bd0(race,out,plural=false,caste=-1); r9w==0xffff -> 0xaa3d69 -> 0xaa3d1e/0xaa3d36; creature_raw+0x20 NAME[0]
reference	data/vanilla/vanilla_creatures/objects/creature_large_temperate.txt	2621	RED PANDA, GIANT		NAME	1	giant red panda	giant red panda	巨型红熊猫	data/runtime/rulesets/zh-Hans/creatures/name.toml	巨型红熊猫	巨型小熊猫	creature_raw.NAME[0]; singular; caste=-1; no CASTE_NAME or juvenile substitution	0xaa3bd0(race,out,plural=false,caste=-1); r9w==0xffff -> 0xaa3d69 -> 0xaa3d1e/0xaa3d36; creature_raw+0x20 NAME[0]
reference	data/vanilla/vanilla_creatures/objects/creature_large_tropical.txt	7	ELEPHANT		NAME	1	elephant	elephant	大象	data/runtime/rulesets/zh-Hans/creatures/caste.toml | data/runtime/rulesets/zh-Hans/creatures/name.toml	大象	大象	creature_raw.NAME[0]; singular; caste=-1; no CASTE_NAME or juvenile substitution	0xaa3bd0(race,out,plural=false,caste=-1); r9w==0xffff -> 0xaa3d69 -> 0xaa3d1e/0xaa3d36; creature_raw+0x20 NAME[0]
reference	data/vanilla/vanilla_creatures/objects/creature_large_tropical.txt	124	ELEPHANT_MAN	SELECT_CASTE:ALL	NAME	1	elephant man	elephant man	大象人	data/runtime/rulesets/zh-Hans/creatures/caste.toml | data/runtime/rulesets/zh-Hans/creatures/name.toml	大象人	大象人	creature_raw.NAME[0]; singular; caste=-1; no CASTE_NAME or juvenile substitution	0xaa3bd0(race,out,plural=false,caste=-1); r9w==0xffff -> 0xaa3d69 -> 0xaa3d1e/0xaa3d36; creature_raw+0x20 NAME[0]
reference	data/vanilla/vanilla_creatures/objects/creature_large_tropical.txt	145	GIANT_ELEPHANT	SELECT_CASTE:ALL	NAME	1	giant elephant	giant elephant	巨型大象	data/runtime/rulesets/zh-Hans/creatures/caste.toml | data/runtime/rulesets/zh-Hans/creatures/name.toml	巨型大象	巨象	creature_raw.NAME[0]; singular; caste=-1; no CASTE_NAME or juvenile substitution	0xaa3bd0(race,out,plural=false,caste=-1); r9w==0xffff -> 0xaa3d69 -> 0xaa3d1e/0xaa3d36; creature_raw+0x20 NAME[0]
reference	data/vanilla/vanilla_creatures/objects/creature_large_tropical.txt	175	WARTHOG		NAME	1	warthog	warthog	疣猪	data/runtime/rulesets/zh-Hans/creatures/caste.toml | data/runtime/rulesets/zh-Hans/creatures/name.toml	疣猪	疣猪	creature_raw.NAME[0]; singular; caste=-1; no CASTE_NAME or juvenile substitution	0xaa3bd0(race,out,plural=false,caste=-1); r9w==0xffff -> 0xaa3d69 -> 0xaa3d1e/0xaa3d36; creature_raw+0x20 NAME[0]
reference	data/vanilla/vanilla_creatures/objects/creature_large_tropical.txt	297	WARTHOG_MAN	SELECT_CASTE:ALL	NAME	1	warthog man	warthog man	疣猪人	data/runtime/rulesets/zh-Hans/creatures/caste.toml | data/runtime/rulesets/zh-Hans/creatures/name.toml	疣猪人	疣猪人	creature_raw.NAME[0]; singular; caste=-1; no CASTE_NAME or juvenile substitution	0xaa3bd0(race,out,plural=false,caste=-1); r9w==0xffff -> 0xaa3d69 -> 0xaa3d1e/0xaa3d36; creature_raw+0x20 NAME[0]
reference	data/vanilla/vanilla_creatures/objects/creature_large_tropical.txt	318	GIANT_WARTHOG	SELECT_CASTE:ALL	NAME	1	giant warthog	giant warthog	巨型疣猪	data/runtime/rulesets/zh-Hans/creatures/caste.toml | data/runtime/rulesets/zh-Hans/creatures/name.toml	巨型疣猪	巨型疣猪	creature_raw.NAME[0]; singular; caste=-1; no CASTE_NAME or juvenile substitution	0xaa3bd0(race,out,plural=false,caste=-1); r9w==0xffff -> 0xaa3d69 -> 0xaa3d1e/0xaa3d36; creature_raw+0x20 NAME[0]
reference	data/vanilla/vanilla_creatures/objects/creature_large_tropical.txt	337	LION		NAME	1	lion	lion	狮子	data/runtime/rulesets/zh-Hans/creatures/caste.toml | data/runtime/rulesets/zh-Hans/creatures/name.toml	狮子	狮子	creature_raw.NAME[0]; singular; caste=-1; no CASTE_NAME or juvenile substitution	0xaa3bd0(race,out,plural=false,caste=-1); r9w==0xffff -> 0xaa3d69 -> 0xaa3d1e/0xaa3d36; creature_raw+0x20 NAME[0]
reference	data/vanilla/vanilla_creatures/objects/creature_large_tropical.txt	448	LION_MAN	SELECT_CASTE:ALL	NAME	1	lion man	lion man	狮子人	data/runtime/rulesets/zh-Hans/creatures/caste.toml | data/runtime/rulesets/zh-Hans/creatures/name.toml	狮子人	狮人	creature_raw.NAME[0]; singular; caste=-1; no CASTE_NAME or juvenile substitution	0xaa3bd0(race,out,plural=false,caste=-1); r9w==0xffff -> 0xaa3d69 -> 0xaa3d1e/0xaa3d36; creature_raw+0x20 NAME[0]
reference	data/vanilla/vanilla_creatures/objects/creature_large_tropical.txt	467	GIANT_LION	SELECT_CASTE:ALL	NAME	1	giant lion	giant lion	巨型狮子	data/runtime/rulesets/zh-Hans/creatures/caste.toml | data/runtime/rulesets/zh-Hans/creatures/name.toml	巨型狮子	巨型狮子	creature_raw.NAME[0]; singular; caste=-1; no CASTE_NAME or juvenile substitution	0xaa3bd0(race,out,plural=false,caste=-1); r9w==0xffff -> 0xaa3d69 -> 0xaa3d1e/0xaa3d36; creature_raw+0x20 NAME[0]
reference	data/vanilla/vanilla_creatures/objects/creature_large_tropical.txt	486	LEOPARD		NAME	1	leopard	leopard	花豹	data/runtime/rulesets/zh-Hans/creatures/caste.toml | data/runtime/rulesets/zh-Hans/creatures/name.toml	花豹	豹子	creature_raw.NAME[0]; singular; caste=-1; no CASTE_NAME or juvenile substitution	0xaa3bd0(race,out,plural=false,caste=-1); r9w==0xffff -> 0xaa3d69 -> 0xaa3d1e/0xaa3d36; creature_raw+0x20 NAME[0]
reference	data/vanilla/vanilla_creatures/objects/creature_large_tropical.txt	597	LEOPARD_MAN	SELECT_CASTE:ALL	NAME	1	leopard man	leopard man	花豹人	data/runtime/rulesets/zh-Hans/creatures/caste.toml | data/runtime/rulesets/zh-Hans/creatures/name.toml	花豹人	豹人	creature_raw.NAME[0]; singular; caste=-1; no CASTE_NAME or juvenile substitution	0xaa3bd0(race,out,plural=false,caste=-1); r9w==0xffff -> 0xaa3d69 -> 0xaa3d1e/0xaa3d36; creature_raw+0x20 NAME[0]
reference	data/vanilla/vanilla_creatures/objects/creature_large_tropical.txt	616	GIANT_LEOPARD	SELECT_CASTE:ALL	NAME	1	giant leopard	giant leopard	巨型花豹	data/runtime/rulesets/zh-Hans/creatures/caste.toml | data/runtime/rulesets/zh-Hans/creatures/name.toml	巨型花豹	巨豹	creature_raw.NAME[0]; singular; caste=-1; no CASTE_NAME or juvenile substitution	0xaa3bd0(race,out,plural=false,caste=-1); r9w==0xffff -> 0xaa3d69 -> 0xaa3d1e/0xaa3d36; creature_raw+0x20 NAME[0]
reference	data/vanilla/vanilla_creatures/objects/creature_large_tropical.txt	635	JAGUAR		NAME	1	jaguar	jaguar	美洲豹	data/runtime/rulesets/zh-Hans/creatures/caste.toml | data/runtime/rulesets/zh-Hans/creatures/name.toml	美洲豹	捷豹	creature_raw.NAME[0]; singular; caste=-1; no CASTE_NAME or juvenile substitution	0xaa3bd0(race,out,plural=false,caste=-1); r9w==0xffff -> 0xaa3d69 -> 0xaa3d1e/0xaa3d36; creature_raw+0x20 NAME[0]
reference	data/vanilla/vanilla_creatures/objects/creature_large_tropical.txt	746	JAGUAR_MAN	SELECT_CASTE:ALL	NAME	1	jaguar man	jaguar man	美洲豹人	data/runtime/rulesets/zh-Hans/creatures/caste.toml | data/runtime/rulesets/zh-Hans/creatures/name.toml	美洲豹人	美洲豹男	creature_raw.NAME[0]; singular; caste=-1; no CASTE_NAME or juvenile substitution	0xaa3bd0(race,out,plural=false,caste=-1); r9w==0xffff -> 0xaa3d69 -> 0xaa3d1e/0xaa3d36; creature_raw+0x20 NAME[0]
reference	data/vanilla/vanilla_creatures/objects/creature_large_tropical.txt	765	GIANT_JAGUAR	SELECT_CASTE:ALL	NAME	1	giant jaguar	giant jaguar	巨型美洲豹	data/runtime/rulesets/zh-Hans/creatures/caste.toml | data/runtime/rulesets/zh-Hans/creatures/name.toml	巨型美洲豹	巨型捷豹	creature_raw.NAME[0]; singular; caste=-1; no CASTE_NAME or juvenile substitution	0xaa3bd0(race,out,plural=false,caste=-1); r9w==0xffff -> 0xaa3d69 -> 0xaa3d1e/0xaa3d36; creature_raw+0x20 NAME[0]
reference	data/vanilla/vanilla_creatures/objects/creature_large_tropical.txt	784	TIGER		NAME	1	tiger	tiger	虎	data/runtime/rulesets/zh-Hans/creatures/caste.toml | data/runtime/rulesets/zh-Hans/creatures/name.toml	虎	老虎	creature_raw.NAME[0]; singular; caste=-1; no CASTE_NAME or juvenile substitution	0xaa3bd0(race,out,plural=false,caste=-1); r9w==0xffff -> 0xaa3d69 -> 0xaa3d1e/0xaa3d36; creature_raw+0x20 NAME[0]
reference	data/vanilla/vanilla_creatures/objects/creature_large_tropical.txt	897	TIGER_MAN	SELECT_CASTE:ALL	NAME	1	tiger man	tiger man	虎人	data/runtime/rulesets/zh-Hans/creatures/caste.toml | data/runtime/rulesets/zh-Hans/creatures/name.toml	虎人	老虎男	creature_raw.NAME[0]; singular; caste=-1; no CASTE_NAME or juvenile substitution	0xaa3bd0(race,out,plural=false,caste=-1); r9w==0xffff -> 0xaa3d69 -> 0xaa3d1e/0xaa3d36; creature_raw+0x20 NAME[0]
reference	data/vanilla/vanilla_creatures/objects/creature_large_tropical.txt	916	GIANT_TIGER	SELECT_CASTE:ALL	NAME	1	giant tiger	giant tiger	巨型虎	data/runtime/rulesets/zh-Hans/creatures/caste.toml | data/runtime/rulesets/zh-Hans/creatures/name.toml	巨型虎	巨型老虎	creature_raw.NAME[0]; singular; caste=-1; no CASTE_NAME or juvenile substitution	0xaa3bd0(race,out,plural=false,caste=-1); r9w==0xffff -> 0xaa3d69 -> 0xaa3d1e/0xaa3d36; creature_raw+0x20 NAME[0]
reference	data/vanilla/vanilla_creatures/objects/creature_large_tropical.txt	935	CHEETAH		NAME	1	cheetah	cheetah	猎豹	data/runtime/rulesets/zh-Hans/creatures/caste.toml | data/runtime/rulesets/zh-Hans/creatures/name.toml	猎豹	猎豹	creature_raw.NAME[0]; singular; caste=-1; no CASTE_NAME or juvenile substitution	0xaa3bd0(race,out,plural=false,caste=-1); r9w==0xffff -> 0xaa3d69 -> 0xaa3d1e/0xaa3d36; creature_raw+0x20 NAME[0]
reference	data/vanilla/vanilla_creatures/objects/creature_large_tropical.txt	1045	CHEETAH_MAN	SELECT_CASTE:ALL	NAME	1	cheetah man	cheetah man	猎豹人	data/runtime/rulesets/zh-Hans/creatures/caste.toml | data/runtime/rulesets/zh-Hans/creatures/name.toml	猎豹人	猎豹男	creature_raw.NAME[0]; singular; caste=-1; no CASTE_NAME or juvenile substitution	0xaa3bd0(race,out,plural=false,caste=-1); r9w==0xffff -> 0xaa3d69 -> 0xaa3d1e/0xaa3d36; creature_raw+0x20 NAME[0]
reference	data/vanilla/vanilla_creatures/objects/creature_large_tropical.txt	1064	GIANT_CHEETAH	SELECT_CASTE:ALL	NAME	1	giant cheetah	giant cheetah	巨型猎豹	data/runtime/rulesets/zh-Hans/creatures/caste.toml | data/runtime/rulesets/zh-Hans/creatures/name.toml	巨型猎豹	巨型猎豹	creature_raw.NAME[0]; singular; caste=-1; no CASTE_NAME or juvenile substitution	0xaa3bd0(race,out,plural=false,caste=-1); r9w==0xffff -> 0xaa3d69 -> 0xaa3d1e/0xaa3d36; creature_raw+0x20 NAME[0]
reference	data/vanilla/vanilla_creatures/objects/creature_large_tropical.txt	1083	GAZELLE		NAME	1	gazelle	gazelle	瞪羚	data/runtime/rulesets/zh-Hans/creatures/caste.toml | data/runtime/rulesets/zh-Hans/creatures/name.toml	瞪羚	羚羊	creature_raw.NAME[0]; singular; caste=-1; no CASTE_NAME or juvenile substitution	0xaa3bd0(race,out,plural=false,caste=-1); r9w==0xffff -> 0xaa3d69 -> 0xaa3d1e/0xaa3d36; creature_raw+0x20 NAME[0]
reference	data/vanilla/vanilla_creatures/objects/creature_large_tropical.txt	1196	GAZELLE_MAN	SELECT_CASTE:ALL	NAME	1	gazelle man	gazelle man	瞪羚人	data/runtime/rulesets/zh-Hans/creatures/caste.toml | data/runtime/rulesets/zh-Hans/creatures/name.toml	瞪羚人	羚羊男	creature_raw.NAME[0]; singular; caste=-1; no CASTE_NAME or juvenile substitution	0xaa3bd0(race,out,plural=false,caste=-1); r9w==0xffff -> 0xaa3d69 -> 0xaa3d1e/0xaa3d36; creature_raw+0x20 NAME[0]
reference	data/vanilla/vanilla_creatures/objects/creature_large_tropical.txt	1213	GIANT_GAZELLE	SELECT_CASTE:ALL	NAME	1	giant gazelle	giant gazelle	巨型瞪羚	data/runtime/rulesets/zh-Hans/creatures/caste.toml | data/runtime/rulesets/zh-Hans/creatures/name.toml	巨型瞪羚	巨型羚羊	creature_raw.NAME[0]; singular; caste=-1; no CASTE_NAME or juvenile substitution	0xaa3bd0(race,out,plural=false,caste=-1); r9w==0xffff -> 0xaa3d69 -> 0xaa3d1e/0xaa3d36; creature_raw+0x20 NAME[0]
reference	data/vanilla/vanilla_creatures/objects/creature_large_tropical.txt	1232	MANDRILL		NAME	1	mandrill	mandrill	山魈	data/runtime/rulesets/zh-Hans/creatures/caste.toml | data/runtime/rulesets/zh-Hans/creatures/name.toml	山魈	山魈	creature_raw.NAME[0]; singular; caste=-1; no CASTE_NAME or juvenile substitution	0xaa3bd0(race,out,plural=false,caste=-1); r9w==0xffff -> 0xaa3d69 -> 0xaa3d1e/0xaa3d36; creature_raw+0x20 NAME[0]
reference	data/vanilla/vanilla_creatures/objects/creature_large_tropical.txt	1341	MANDRILL_MAN	SELECT_CASTE:ALL	NAME	1	mandrill man	mandrill man	山魈人	data/runtime/rulesets/zh-Hans/creatures/caste.toml | data/runtime/rulesets/zh-Hans/creatures/name.toml	山魈人	山魈男	creature_raw.NAME[0]; singular; caste=-1; no CASTE_NAME or juvenile substitution	0xaa3bd0(race,out,plural=false,caste=-1); r9w==0xffff -> 0xaa3d69 -> 0xaa3d1e/0xaa3d36; creature_raw+0x20 NAME[0]
reference	data/vanilla/vanilla_creatures/objects/creature_large_tropical.txt	1360	GIANT_MANDRILL	SELECT_CASTE:ALL	NAME	1	giant mandrill	giant mandrill	巨型山魈	data/runtime/rulesets/zh-Hans/creatures/caste.toml | data/runtime/rulesets/zh-Hans/creatures/name.toml	巨型山魈	巨型山魈	creature_raw.NAME[0]; singular; caste=-1; no CASTE_NAME or juvenile substitution	0xaa3bd0(race,out,plural=false,caste=-1); r9w==0xffff -> 0xaa3d69 -> 0xaa3d1e/0xaa3d36; creature_raw+0x20 NAME[0]
reference	data/vanilla/vanilla_creatures/objects/creature_large_tropical.txt	1379	CHIMPANZEE		NAME	1	chimpanzee	chimpanzee	黑猩猩	data/runtime/rulesets/zh-Hans/creatures/caste.toml | data/runtime/rulesets/zh-Hans/creatures/name.toml	黑猩猩	黑猩猩	creature_raw.NAME[0]; singular; caste=-1; no CASTE_NAME or juvenile substitution	0xaa3bd0(race,out,plural=false,caste=-1); r9w==0xffff -> 0xaa3d69 -> 0xaa3d1e/0xaa3d36; creature_raw+0x20 NAME[0]
reference	data/vanilla/vanilla_creatures/objects/creature_large_tropical.txt	1471	BONOBO		NAME	1	bonobo	bonobo	倭黑猩猩	data/runtime/rulesets/zh-Hans/creatures/caste.toml | data/runtime/rulesets/zh-Hans/creatures/name.toml	倭黑猩猩	倭黑猩猩	creature_raw.NAME[0]; singular; caste=-1; no CASTE_NAME or juvenile substitution	0xaa3bd0(race,out,plural=false,caste=-1); r9w==0xffff -> 0xaa3d69 -> 0xaa3d1e/0xaa3d36; creature_raw+0x20 NAME[0]
reference	data/vanilla/vanilla_creatures/objects/creature_large_tropical.txt	1563	GORILLA		NAME	1	gorilla	gorilla	大猩猩	data/runtime/rulesets/zh-Hans/creatures/caste.toml | data/runtime/rulesets/zh-Hans/creatures/name.toml	大猩猩	大猩猩	creature_raw.NAME[0]; singular; caste=-1; no CASTE_NAME or juvenile substitution	0xaa3bd0(race,out,plural=false,caste=-1); r9w==0xffff -> 0xaa3d69 -> 0xaa3d1e/0xaa3d36; creature_raw+0x20 NAME[0]
reference	data/vanilla/vanilla_creatures/objects/creature_large_tropical.txt	1658	ORANGUTAN		NAME	1	orangutan	orangutan	红毛猩猩	data/runtime/rulesets/zh-Hans/creatures/caste.toml | data/runtime/rulesets/zh-Hans/creatures/name.toml	红毛猩猩	红毛猩猩	creature_raw.NAME[0]; singular; caste=-1; no CASTE_NAME or juvenile substitution	0xaa3bd0(race,out,plural=false,caste=-1); r9w==0xffff -> 0xaa3d69 -> 0xaa3d1e/0xaa3d36; creature_raw+0x20 NAME[0]
reference	data/vanilla/vanilla_creatures/objects/creature_large_tropical.txt	1750	GIBBON_SIAMANG		NAME	1	siamang	siamang	合趾猿	data/runtime/rulesets/zh-Hans/creatures/caste.toml | data/runtime/rulesets/zh-Hans/creatures/name.toml	合趾猿	合趾猿	creature_raw.NAME[0]; singular; caste=-1; no CASTE_NAME or juvenile substitution	0xaa3bd0(race,out,plural=false,caste=-1); r9w==0xffff -> 0xaa3d69 -> 0xaa3d1e/0xaa3d36; creature_raw+0x20 NAME[0]
reference	data/vanilla/vanilla_creatures/objects/creature_large_tropical.txt	1842	GIBBON_WHITE_HANDED		NAME	1	white-handed gibbon	white-handed gibbon	白掌长臂猿	data/runtime/rulesets/zh-Hans/creatures/caste.toml | data/runtime/rulesets/zh-Hans/creatures/name.toml	白掌长臂猿	白掌长臂猿	creature_raw.NAME[0]; singular; caste=-1; no CASTE_NAME or juvenile substitution	0xaa3bd0(race,out,plural=false,caste=-1); r9w==0xffff -> 0xaa3d69 -> 0xaa3d1e/0xaa3d36; creature_raw+0x20 NAME[0]
reference	data/vanilla/vanilla_creatures/objects/creature_large_tropical.txt	1935	GIBBON_BLACK_HANDED		NAME	1	black-handed gibbon	black-handed gibbon	黑掌长臂猿	data/runtime/rulesets/zh-Hans/creatures/caste.toml | data/runtime/rulesets/zh-Hans/creatures/name.toml	黑掌长臂猿	黑掌长臂猿	creature_raw.NAME[0]; singular; caste=-1; no CASTE_NAME or juvenile substitution	0xaa3bd0(race,out,plural=false,caste=-1); r9w==0xffff -> 0xaa3d69 -> 0xaa3d1e/0xaa3d36; creature_raw+0x20 NAME[0]
reference	data/vanilla/vanilla_creatures/objects/creature_large_tropical.txt	2028	GIBBON_GRAY		NAME	1	gray gibbon	gray gibbon	灰长臂猿	data/runtime/rulesets/zh-Hans/creatures/caste.toml | data/runtime/rulesets/zh-Hans/creatures/name.toml	灰长臂猿	灰色长臂猿	creature_raw.NAME[0]; singular; caste=-1; no CASTE_NAME or juvenile substitution	0xaa3bd0(race,out,plural=false,caste=-1); r9w==0xffff -> 0xaa3d69 -> 0xaa3d1e/0xaa3d36; creature_raw+0x20 NAME[0]
reference	data/vanilla/vanilla_creatures/objects/creature_large_tropical.txt	2120	GIBBON_SILVERY		NAME	1	silvery gibbon	silvery gibbon	银白长臂猿	data/runtime/rulesets/zh-Hans/creatures/caste.toml | data/runtime/rulesets/zh-Hans/creatures/name.toml	银白长臂猿	银色长臂猿	creature_raw.NAME[0]; singular; caste=-1; no CASTE_NAME or juvenile substitution	0xaa3bd0(race,out,plural=false,caste=-1); r9w==0xffff -> 0xaa3d69 -> 0xaa3d1e/0xaa3d36; creature_raw+0x20 NAME[0]
reference	data/vanilla/vanilla_creatures/objects/creature_large_tropical.txt	2212	GIBBON_PILEATED		NAME	1	pileated gibbon	pileated gibbon	羽冠长臂猿	data/runtime/rulesets/zh-Hans/creatures/caste.toml | data/runtime/rulesets/zh-Hans/creatures/name.toml	羽冠长臂猿	黑冠长臂猿	creature_raw.NAME[0]; singular; caste=-1; no CASTE_NAME or juvenile substitution	0xaa3bd0(race,out,plural=false,caste=-1); r9w==0xffff -> 0xaa3d69 -> 0xaa3d1e/0xaa3d36; creature_raw+0x20 NAME[0]
reference	data/vanilla/vanilla_creatures/objects/creature_large_tropical.txt	2307	GIBBON_BILOU		NAME	1	bilou	bilou	矮长臂猿	data/runtime/rulesets/zh-Hans/creatures/caste.toml | data/runtime/rulesets/zh-Hans/creatures/name.toml	矮长臂猿	倭长臂猿	creature_raw.NAME[0]; singular; caste=-1; no CASTE_NAME or juvenile substitution	0xaa3bd0(race,out,plural=false,caste=-1); r9w==0xffff -> 0xaa3d69 -> 0xaa3d1e/0xaa3d36; creature_raw+0x20 NAME[0]
reference	data/vanilla/vanilla_creatures/objects/creature_large_tropical.txt	2399	GIBBON_WHITE_BROWED		NAME	1	white-browed gibbon	white-browed gibbon	白眉长臂猿	data/runtime/rulesets/zh-Hans/creatures/caste.toml | data/runtime/rulesets/zh-Hans/creatures/name.toml	白眉长臂猿	白眉长臂猿	creature_raw.NAME[0]; singular; caste=-1; no CASTE_NAME or juvenile substitution	0xaa3bd0(race,out,plural=false,caste=-1); r9w==0xffff -> 0xaa3d69 -> 0xaa3d1e/0xaa3d36; creature_raw+0x20 NAME[0]
reference	data/vanilla/vanilla_creatures/objects/creature_large_tropical.txt	2491	GIBBON_BLACK_CRESTED		NAME	1	black-crested gibbon	black-crested gibbon	黑冠长臂猿	data/runtime/rulesets/zh-Hans/creatures/caste.toml | data/runtime/rulesets/zh-Hans/creatures/name.toml	黑冠长臂猿	黑冠长臂猿	creature_raw.NAME[0]; singular; caste=-1; no CASTE_NAME or juvenile substitution	0xaa3bd0(race,out,plural=false,caste=-1); r9w==0xffff -> 0xaa3d69 -> 0xaa3d1e/0xaa3d36; creature_raw+0x20 NAME[0]
reference	data/vanilla/vanilla_creatures/objects/creature_large_tropical.txt	2583	CAMEL_1_HUMP		NAME	1	one-humped camel	one-humped camel	单峰骆驼	data/runtime/rulesets/zh-Hans/creatures/caste.toml | data/runtime/rulesets/zh-Hans/creatures/name.toml	单峰骆驼	单峰驼	creature_raw.NAME[0]; singular; caste=-1; no CASTE_NAME or juvenile substitution	0xaa3bd0(race,out,plural=false,caste=-1); r9w==0xffff -> 0xaa3d69 -> 0xaa3d1e/0xaa3d36; creature_raw+0x20 NAME[0]
reference	data/vanilla/vanilla_creatures/objects/creature_large_tropical.txt	2725	CAMEL_1_HUMP_MAN	SELECT_CASTE:ALL	NAME	1	one-humped camel man	one-humped camel man	单峰骆驼人	data/runtime/rulesets/zh-Hans/creatures/caste.toml | data/runtime/rulesets/zh-Hans/creatures/name.toml	单峰骆驼人	单峰驼人	creature_raw.NAME[0]; singular; caste=-1; no CASTE_NAME or juvenile substitution	0xaa3bd0(race,out,plural=false,caste=-1); r9w==0xffff -> 0xaa3d69 -> 0xaa3d1e/0xaa3d36; creature_raw+0x20 NAME[0]
reference	data/vanilla/vanilla_creatures/objects/creature_large_tropical.txt	2755	GIANT_CAMEL_1_HUMP	SELECT_CASTE:ALL	NAME	1	giant one-humped camel	giant one-humped camel	巨型单峰骆驼	data/runtime/rulesets/zh-Hans/creatures/caste.toml | data/runtime/rulesets/zh-Hans/creatures/name.toml	巨型单峰骆驼	巨单峰驼	creature_raw.NAME[0]; singular; caste=-1; no CASTE_NAME or juvenile substitution	0xaa3bd0(race,out,plural=false,caste=-1); r9w==0xffff -> 0xaa3d69 -> 0xaa3d1e/0xaa3d36; creature_raw+0x20 NAME[0]
reference	data/vanilla/vanilla_creatures/objects/creature_large_tropical.txt	2774	CAMEL_2_HUMP		NAME	1	two-humped camel	two-humped camel	双峰骆驼	data/runtime/rulesets/zh-Hans/creatures/caste.toml | data/runtime/rulesets/zh-Hans/creatures/name.toml	双峰骆驼	双峰驼	creature_raw.NAME[0]; singular; caste=-1; no CASTE_NAME or juvenile substitution	0xaa3bd0(race,out,plural=false,caste=-1); r9w==0xffff -> 0xaa3d69 -> 0xaa3d1e/0xaa3d36; creature_raw+0x20 NAME[0]
reference	data/vanilla/vanilla_creatures/objects/creature_large_tropical.txt	2916	CAMEL_2_HUMP_MAN	SELECT_CASTE:ALL	NAME	1	two-humped camel man	two-humped camel man	双峰骆驼人	data/runtime/rulesets/zh-Hans/creatures/caste.toml | data/runtime/rulesets/zh-Hans/creatures/name.toml	双峰骆驼人	双峰驼人	creature_raw.NAME[0]; singular; caste=-1; no CASTE_NAME or juvenile substitution	0xaa3bd0(race,out,plural=false,caste=-1); r9w==0xffff -> 0xaa3d69 -> 0xaa3d1e/0xaa3d36; creature_raw+0x20 NAME[0]
reference	data/vanilla/vanilla_creatures/objects/creature_large_tropical.txt	2946	GIANT_CAMEL_2_HUMP	SELECT_CASTE:ALL	NAME	1	giant two-humped camel	giant two-humped camel	巨型双峰骆驼	data/runtime/rulesets/zh-Hans/creatures/caste.toml | data/runtime/rulesets/zh-Hans/creatures/name.toml	巨型双峰骆驼	巨双峰驼	creature_raw.NAME[0]; singular; caste=-1; no CASTE_NAME or juvenile substitution	0xaa3bd0(race,out,plural=false,caste=-1); r9w==0xffff -> 0xaa3d69 -> 0xaa3d1e/0xaa3d36; creature_raw+0x20 NAME[0]
reference	data/vanilla/vanilla_creatures/objects/creature_large_tropical.txt	2965	CROCODILE_SALTWATER		NAME	1	saltwater crocodile	saltwater crocodile	咸水鳄	data/runtime/rulesets/zh-Hans/creatures/caste.toml | data/runtime/rulesets/zh-Hans/creatures/name.toml	咸水鳄	咸水鳄	creature_raw.NAME[0]; singular; caste=-1; no CASTE_NAME or juvenile substitution	0xaa3bd0(race,out,plural=false,caste=-1); r9w==0xffff -> 0xaa3d69 -> 0xaa3d1e/0xaa3d36; creature_raw+0x20 NAME[0]
reference	data/vanilla/vanilla_creatures/objects/creature_large_tropical.txt	3085	CROCODILE_SALTWATER_MAN	SELECT_CASTE:ALL	NAME	1	saltwater crocodile man	saltwater crocodile man	咸水鳄人	data/runtime/rulesets/zh-Hans/creatures/caste.toml | data/runtime/rulesets/zh-Hans/creatures/name.toml	咸水鳄人	咸水鳄人	creature_raw.NAME[0]; singular; caste=-1; no CASTE_NAME or juvenile substitution	0xaa3bd0(race,out,plural=false,caste=-1); r9w==0xffff -> 0xaa3d69 -> 0xaa3d1e/0xaa3d36; creature_raw+0x20 NAME[0]
reference	data/vanilla/vanilla_creatures/objects/creature_large_tropical.txt	3104	GIANT_CROCODILE_SALTWATER	SELECT_CASTE:ALL	NAME	1	giant saltwater crocodile	giant saltwater crocodile	巨型咸水鳄	data/runtime/rulesets/zh-Hans/creatures/caste.toml | data/runtime/rulesets/zh-Hans/creatures/name.toml	巨型咸水鳄	巨咸水鳄	creature_raw.NAME[0]; singular; caste=-1; no CASTE_NAME or juvenile substitution	0xaa3bd0(race,out,plural=false,caste=-1); r9w==0xffff -> 0xaa3d69 -> 0xaa3d1e/0xaa3d36; creature_raw+0x20 NAME[0]
reference	data/vanilla/vanilla_creatures/objects/creature_large_tropical.txt	3123	BIRD_VULTURE		NAME	1	vulture	vulture	秃鹫	data/runtime/rulesets/zh-Hans/creatures/caste.toml | data/runtime/rulesets/zh-Hans/creatures/name.toml	秃鹫	秃鹫	creature_raw.NAME[0]; singular; caste=-1; no CASTE_NAME or juvenile substitution	0xaa3bd0(race,out,plural=false,caste=-1); r9w==0xffff -> 0xaa3d69 -> 0xaa3d1e/0xaa3d36; creature_raw+0x20 NAME[0]
reference	data/vanilla/vanilla_creatures/objects/creature_large_tropical.txt	3244	VULTURE_MAN	SELECT_CASTE:ALL	NAME	1	vulture man	vulture man	秃鹫人	data/runtime/rulesets/zh-Hans/creatures/caste.toml | data/runtime/rulesets/zh-Hans/creatures/name.toml	秃鹫人	秃鹫人	creature_raw.NAME[0]; singular; caste=-1; no CASTE_NAME or juvenile substitution	0xaa3bd0(race,out,plural=false,caste=-1); r9w==0xffff -> 0xaa3d69 -> 0xaa3d1e/0xaa3d36; creature_raw+0x20 NAME[0]
reference	data/vanilla/vanilla_creatures/objects/creature_large_tropical.txt	3261	GIANT_VULTURE	SELECT_CASTE:ALL	NAME	1	giant vulture	giant vulture	巨型秃鹫	data/runtime/rulesets/zh-Hans/creatures/caste.toml | data/runtime/rulesets/zh-Hans/creatures/name.toml	巨型秃鹫	巨秃鹫	creature_raw.NAME[0]; singular; caste=-1; no CASTE_NAME or juvenile substitution	0xaa3bd0(race,out,plural=false,caste=-1); r9w==0xffff -> 0xaa3d69 -> 0xaa3d1e/0xaa3d36; creature_raw+0x20 NAME[0]
reference	data/vanilla/vanilla_creatures/objects/creature_large_tropical.txt	3281	RHINOCEROS		NAME	1	rhinoceros	rhinoceros	犀牛	data/runtime/rulesets/zh-Hans/creatures/caste.toml | data/runtime/rulesets/zh-Hans/creatures/name.toml	犀牛	犀牛	creature_raw.NAME[0]; singular; caste=-1; no CASTE_NAME or juvenile substitution	0xaa3bd0(race,out,plural=false,caste=-1); r9w==0xffff -> 0xaa3d69 -> 0xaa3d1e/0xaa3d36; creature_raw+0x20 NAME[0]
reference	data/vanilla/vanilla_creatures/objects/creature_large_tropical.txt	3391	RHINOCEROS_MAN	SELECT_CASTE:ALL	NAME	1	rhinoceros man	rhinoceros man	犀牛人	data/runtime/rulesets/zh-Hans/creatures/caste.toml | data/runtime/rulesets/zh-Hans/creatures/name.toml	犀牛人	犀牛人	creature_raw.NAME[0]; singular; caste=-1; no CASTE_NAME or juvenile substitution	0xaa3bd0(race,out,plural=false,caste=-1); r9w==0xffff -> 0xaa3d69 -> 0xaa3d1e/0xaa3d36; creature_raw+0x20 NAME[0]
reference	data/vanilla/vanilla_creatures/objects/creature_large_tropical.txt	3412	GIANT_RHINOCEROS	SELECT_CASTE:ALL	NAME	1	giant rhinoceros	giant rhinoceros	巨型犀牛	data/runtime/rulesets/zh-Hans/creatures/caste.toml | data/runtime/rulesets/zh-Hans/creatures/name.toml	巨型犀牛	巨犀牛	creature_raw.NAME[0]; singular; caste=-1; no CASTE_NAME or juvenile substitution	0xaa3bd0(race,out,plural=false,caste=-1); r9w==0xffff -> 0xaa3d69 -> 0xaa3d1e/0xaa3d36; creature_raw+0x20 NAME[0]
reference	data/vanilla/vanilla_creatures/objects/creature_large_tropical.txt	3431	GIRAFFE		NAME	1	giraffe	giraffe	长颈鹿	data/runtime/rulesets/zh-Hans/creatures/caste.toml | data/runtime/rulesets/zh-Hans/creatures/name.toml	长颈鹿	长颈鹿	creature_raw.NAME[0]; singular; caste=-1; no CASTE_NAME or juvenile substitution	0xaa3bd0(race,out,plural=false,caste=-1); r9w==0xffff -> 0xaa3d69 -> 0xaa3d1e/0xaa3d36; creature_raw+0x20 NAME[0]
reference	data/vanilla/vanilla_creatures/objects/creature_large_tropical.txt	3529	GIRAFFE_MAN	SELECT_CASTE:ALL	NAME	1	giraffe man	giraffe man	长颈鹿人	data/runtime/rulesets/zh-Hans/creatures/caste.toml | data/runtime/rulesets/zh-Hans/creatures/name.toml	长颈鹿人	长颈鹿人	creature_raw.NAME[0]; singular; caste=-1; no CASTE_NAME or juvenile substitution	0xaa3bd0(race,out,plural=false,caste=-1); r9w==0xffff -> 0xaa3d69 -> 0xaa3d1e/0xaa3d36; creature_raw+0x20 NAME[0]
reference	data/vanilla/vanilla_creatures/objects/creature_large_tropical.txt	3550	GIANT_GIRAFFE	SELECT_CASTE:ALL	NAME	1	giant giraffe	giant giraffe	巨型长颈鹿	data/runtime/rulesets/zh-Hans/creatures/caste.toml | data/runtime/rulesets/zh-Hans/creatures/name.toml	巨型长颈鹿	巨长颈鹿	creature_raw.NAME[0]; singular; caste=-1; no CASTE_NAME or juvenile substitution	0xaa3bd0(race,out,plural=false,caste=-1); r9w==0xffff -> 0xaa3d69 -> 0xaa3d1e/0xaa3d36; creature_raw+0x20 NAME[0]
reference	data/vanilla/vanilla_creatures/objects/creature_large_tropical.txt	3568	HONEY BADGER		NAME	1	honey badger	honey badger	蜜獾	data/runtime/rulesets/zh-Hans/creatures/caste.toml | data/runtime/rulesets/zh-Hans/creatures/name.toml	蜜獾	蜜獾	creature_raw.NAME[0]; singular; caste=-1; no CASTE_NAME or juvenile substitution	0xaa3bd0(race,out,plural=false,caste=-1); r9w==0xffff -> 0xaa3d69 -> 0xaa3d1e/0xaa3d36; creature_raw+0x20 NAME[0]
reference	data/vanilla/vanilla_creatures/objects/creature_large_tropical.txt	3697	HONEY BADGER MAN	SELECT_CASTE:ALL	NAME	1	honey badger man	honey badger man	蜜獾人	data/runtime/rulesets/zh-Hans/creatures/caste.toml | data/runtime/rulesets/zh-Hans/creatures/name.toml	蜜獾人	蜜獾人	creature_raw.NAME[0]; singular; caste=-1; no CASTE_NAME or juvenile substitution	0xaa3bd0(race,out,plural=false,caste=-1); r9w==0xffff -> 0xaa3d69 -> 0xaa3d1e/0xaa3d36; creature_raw+0x20 NAME[0]
reference	data/vanilla/vanilla_creatures/objects/creature_large_tropical.txt	3726	HONEY BADGER, GIANT	SELECT_CASTE:ALL	NAME	1	giant honey badger	giant honey badger	巨型蜜獾	data/runtime/rulesets/zh-Hans/creatures/caste.toml | data/runtime/rulesets/zh-Hans/creatures/name.toml	巨型蜜獾	巨蜜獾	creature_raw.NAME[0]; singular; caste=-1; no CASTE_NAME or juvenile substitution	0xaa3bd0(race,out,plural=false,caste=-1); r9w==0xffff -> 0xaa3d69 -> 0xaa3d1e/0xaa3d36; creature_raw+0x20 NAME[0]
reference	data/vanilla/vanilla_creatures/objects/creature_large_tropical.txt	3754	GIANT TORTOISE		NAME	1	giant tortoise	giant tortoise	巨型陆龟	data/runtime/rulesets/zh-Hans/creatures/caste.toml | data/runtime/rulesets/zh-Hans/creatures/name.toml	巨型陆龟	陆龟	creature_raw.NAME[0]; singular; caste=-1; no CASTE_NAME or juvenile substitution	0xaa3bd0(race,out,plural=false,caste=-1); r9w==0xffff -> 0xaa3d69 -> 0xaa3d1e/0xaa3d36; creature_raw+0x20 NAME[0]
reference	data/vanilla/vanilla_creatures/objects/creature_large_tropical.txt	3859	GIANT TORTOISE MAN	SELECT_CASTE:ALL	NAME	1	giant tortoise man	giant tortoise man	巨型陆龟人	data/runtime/rulesets/zh-Hans/creatures/caste.toml | data/runtime/rulesets/zh-Hans/creatures/name.toml	巨型陆龟人	陆龟人	creature_raw.NAME[0]; singular; caste=-1; no CASTE_NAME or juvenile substitution	0xaa3bd0(race,out,plural=false,caste=-1); r9w==0xffff -> 0xaa3d69 -> 0xaa3d1e/0xaa3d36; creature_raw+0x20 NAME[0]
reference	data/vanilla/vanilla_creatures/objects/creature_large_tropical.txt	3875	GIGANTIC TORTOISE		NAME	1	gigantic tortoise	gigantic tortoise	巨型陆龟	data/runtime/rulesets/zh-Hans/creatures/caste.toml | data/runtime/rulesets/zh-Hans/creatures/name.toml	巨型陆龟	巨陆龟	creature_raw.NAME[0]; singular; caste=-1; no CASTE_NAME or juvenile substitution	0xaa3bd0(race,out,plural=false,caste=-1); r9w==0xffff -> 0xaa3d69 -> 0xaa3d1e/0xaa3d36; creature_raw+0x20 NAME[0]
reference	data/vanilla/vanilla_creatures/objects/creature_large_tropical.txt	3901	ARMADILLO		NAME	1	armadillo	armadillo	犰狳	data/runtime/rulesets/zh-Hans/creatures/name.toml	犰狳	犰狳	creature_raw.NAME[0]; singular; caste=-1; no CASTE_NAME or juvenile substitution	0xaa3bd0(race,out,plural=false,caste=-1); r9w==0xffff -> 0xaa3d69 -> 0xaa3d1e/0xaa3d36; creature_raw+0x20 NAME[0]
reference	data/vanilla/vanilla_creatures/objects/creature_large_tropical.txt	4004	ARMADILLO MAN	SELECT_CASTE:ALL	NAME	1	armadillo man	armadillo man	犰狳人	data/runtime/rulesets/zh-Hans/creatures/caste.toml | data/runtime/rulesets/zh-Hans/creatures/name.toml	犰狳人	犰狳人	creature_raw.NAME[0]; singular; caste=-1; no CASTE_NAME or juvenile substitution	0xaa3bd0(race,out,plural=false,caste=-1); r9w==0xffff -> 0xaa3d69 -> 0xaa3d1e/0xaa3d36; creature_raw+0x20 NAME[0]
reference	data/vanilla/vanilla_creatures/objects/creature_large_tropical.txt	4020	ARMADILLO, GIANT		NAME	1	giant armadillo	giant armadillo	巨型犰狳	data/runtime/rulesets/zh-Hans/creatures/name.toml	巨型犰狳	巨犰狳	creature_raw.NAME[0]; singular; caste=-1; no CASTE_NAME or juvenile substitution	0xaa3bd0(race,out,plural=false,caste=-1); r9w==0xffff -> 0xaa3d69 -> 0xaa3d1e/0xaa3d36; creature_raw+0x20 NAME[0]
reference	data/vanilla/vanilla_creatures/objects/creature_large_tundra.txt	7	MUSKOX		NAME	1	muskox	muskox	麝牛	data/runtime/rulesets/zh-Hans/creatures/caste.toml | data/runtime/rulesets/zh-Hans/creatures/name.toml	麝牛	麝牛	creature_raw.NAME[0]; singular; caste=-1; no CASTE_NAME or juvenile substitution	0xaa3bd0(race,out,plural=false,caste=-1); r9w==0xffff -> 0xaa3d69 -> 0xaa3d1e/0xaa3d36; creature_raw+0x20 NAME[0]
reference	data/vanilla/vanilla_creatures/objects/creature_large_tundra.txt	130	MUSKOX_MAN	SELECT_CASTE:ALL	NAME	1	muskox man	muskox man	麝牛人	data/runtime/rulesets/zh-Hans/creatures/caste.toml | data/runtime/rulesets/zh-Hans/creatures/name.toml	麝牛人	麝牛人	creature_raw.NAME[0]; singular; caste=-1; no CASTE_NAME or juvenile substitution	0xaa3bd0(race,out,plural=false,caste=-1); r9w==0xffff -> 0xaa3d69 -> 0xaa3d1e/0xaa3d36; creature_raw+0x20 NAME[0]
reference	data/vanilla/vanilla_creatures/objects/creature_large_tundra.txt	147	GIANT_MUSKOX	SELECT_CASTE:ALL	NAME	1	giant muskox	giant muskox	巨型麝牛	data/runtime/rulesets/zh-Hans/creatures/caste.toml | data/runtime/rulesets/zh-Hans/creatures/name.toml	巨型麝牛	巨麝牛	creature_raw.NAME[0]; singular; caste=-1; no CASTE_NAME or juvenile substitution	0xaa3bd0(race,out,plural=false,caste=-1); r9w==0xffff -> 0xaa3d69 -> 0xaa3d1e/0xaa3d36; creature_raw+0x20 NAME[0]
reference	data/vanilla/vanilla_creatures/objects/creature_large_tundra.txt	166	ELK		NAME	1	elk	elk	麋鹿	data/runtime/rulesets/zh-Hans/creatures/caste.toml | data/runtime/rulesets/zh-Hans/creatures/name.toml	麋鹿	麋鹿	creature_raw.NAME[0]; singular; caste=-1; no CASTE_NAME or juvenile substitution	0xaa3bd0(race,out,plural=false,caste=-1); r9w==0xffff -> 0xaa3d69 -> 0xaa3d1e/0xaa3d36; creature_raw+0x20 NAME[0]
reference	data/vanilla/vanilla_creatures/objects/creature_large_tundra.txt	291	ELK_MAN	SELECT_CASTE:ALL	NAME	1	elk man	elk man	麋鹿人	data/runtime/rulesets/zh-Hans/creatures/caste.toml | data/runtime/rulesets/zh-Hans/creatures/name.toml	麋鹿人	麋鹿人	creature_raw.NAME[0]; singular; caste=-1; no CASTE_NAME or juvenile substitution	0xaa3bd0(race,out,plural=false,caste=-1); r9w==0xffff -> 0xaa3d69 -> 0xaa3d1e/0xaa3d36; creature_raw+0x20 NAME[0]
reference	data/vanilla/vanilla_creatures/objects/creature_large_tundra.txt	308	GIANT_ELK	SELECT_CASTE:ALL	NAME	1	giant elk	giant elk	巨型麋鹿	data/runtime/rulesets/zh-Hans/creatures/caste.toml | data/runtime/rulesets/zh-Hans/creatures/name.toml	巨型麋鹿	巨麋鹿	creature_raw.NAME[0]; singular; caste=-1; no CASTE_NAME or juvenile substitution	0xaa3bd0(race,out,plural=false,caste=-1); r9w==0xffff -> 0xaa3d69 -> 0xaa3d1e/0xaa3d36; creature_raw+0x20 NAME[0]
reference	data/vanilla/vanilla_creatures/objects/creature_large_tundra.txt	327	BEAR_POLAR		NAME	1	polar bear	polar bear	北极熊	data/runtime/rulesets/zh-Hans/creatures/caste.toml | data/runtime/rulesets/zh-Hans/creatures/name.toml	北极熊	北极熊	creature_raw.NAME[0]; singular; caste=-1; no CASTE_NAME or juvenile substitution	0xaa3bd0(race,out,plural=false,caste=-1); r9w==0xffff -> 0xaa3d69 -> 0xaa3d1e/0xaa3d36; creature_raw+0x20 NAME[0]
reference	data/vanilla/vanilla_creatures/objects/creature_large_tundra.txt	445	BEAR_POLAR_MAN	SELECT_CASTE:ALL	NAME	1	polar bear man	polar bear man	北极熊人	data/runtime/rulesets/zh-Hans/creatures/caste.toml | data/runtime/rulesets/zh-Hans/creatures/name.toml	北极熊人	北极熊人	creature_raw.NAME[0]; singular; caste=-1; no CASTE_NAME or juvenile substitution	0xaa3bd0(race,out,plural=false,caste=-1); r9w==0xffff -> 0xaa3d69 -> 0xaa3d1e/0xaa3d36; creature_raw+0x20 NAME[0]
reference	data/vanilla/vanilla_creatures/objects/creature_large_tundra.txt	464	GIANT_BEAR_POLAR	SELECT_CASTE:ALL	NAME	1	giant polar bear	giant polar bear	巨型北极熊	data/runtime/rulesets/zh-Hans/creatures/caste.toml | data/runtime/rulesets/zh-Hans/creatures/name.toml	巨型北极熊	巨北极熊	creature_raw.NAME[0]; singular; caste=-1; no CASTE_NAME or juvenile substitution	0xaa3bd0(race,out,plural=false,caste=-1); r9w==0xffff -> 0xaa3d69 -> 0xaa3d1e/0xaa3d36; creature_raw+0x20 NAME[0]
reference	data/vanilla/vanilla_creatures/objects/creature_mountain_new.txt	12	WOLVERINE		NAME	1	wolverine	wolverine	狼獾	data/runtime/rulesets/zh-Hans/creatures/caste.toml | data/runtime/rulesets/zh-Hans/creatures/name.toml	狼獾	狼獾	creature_raw.NAME[0]; singular; caste=-1; no CASTE_NAME or juvenile substitution	0xaa3bd0(race,out,plural=false,caste=-1); r9w==0xffff -> 0xaa3d69 -> 0xaa3d1e/0xaa3d36; creature_raw+0x20 NAME[0]
reference	data/vanilla/vanilla_creatures/objects/creature_mountain_new.txt	132	WOLVERINE_MAN	SELECT_CASTE:ALL	NAME	1	wolverine man	wolverine man	狼獾人	data/runtime/rulesets/zh-Hans/creatures/caste.toml | data/runtime/rulesets/zh-Hans/creatures/name.toml	狼獾人	狼獾人	creature_raw.NAME[0]; singular; caste=-1; no CASTE_NAME or juvenile substitution	0xaa3bd0(race,out,plural=false,caste=-1); r9w==0xffff -> 0xaa3d69 -> 0xaa3d1e/0xaa3d36; creature_raw+0x20 NAME[0]
reference	data/vanilla/vanilla_creatures/objects/creature_mountain_new.txt	151	GIANT_WOLVERINE	SELECT_CASTE:ALL	NAME	1	giant wolverine	giant wolverine	巨型狼獾	data/runtime/rulesets/zh-Hans/creatures/caste.toml | data/runtime/rulesets/zh-Hans/creatures/name.toml	巨型狼獾	巨狼獾	creature_raw.NAME[0]; singular; caste=-1; no CASTE_NAME or juvenile substitution	0xaa3bd0(race,out,plural=false,caste=-1); r9w==0xffff -> 0xaa3d69 -> 0xaa3d1e/0xaa3d36; creature_raw+0x20 NAME[0]
reference	data/vanilla/vanilla_creatures/objects/creature_mountain_new.txt	172	CHINCHILLA		NAME	1	chinchilla	chinchilla	毛丝鼠	data/runtime/rulesets/zh-Hans/creatures/caste.toml | data/runtime/rulesets/zh-Hans/creatures/name.toml	毛丝鼠	毛丝鼠	creature_raw.NAME[0]; singular; caste=-1; no CASTE_NAME or juvenile substitution	0xaa3bd0(race,out,plural=false,caste=-1); r9w==0xffff -> 0xaa3d69 -> 0xaa3d1e/0xaa3d36; creature_raw+0x20 NAME[0]
reference	data/vanilla/vanilla_creatures/objects/creature_mountain_new.txt	278	CHINCHILLA_MAN	SELECT_CASTE:ALL	NAME	1	chinchilla man	chinchilla man	毛丝鼠人	data/runtime/rulesets/zh-Hans/creatures/caste.toml | data/runtime/rulesets/zh-Hans/creatures/name.toml	毛丝鼠人	毛丝鼠人	creature_raw.NAME[0]; singular; caste=-1; no CASTE_NAME or juvenile substitution	0xaa3bd0(race,out,plural=false,caste=-1); r9w==0xffff -> 0xaa3d69 -> 0xaa3d1e/0xaa3d36; creature_raw+0x20 NAME[0]
reference	data/vanilla/vanilla_creatures/objects/creature_mountain_new.txt	297	GIANT_CHINCHILLA	SELECT_CASTE:ALL	NAME	1	giant chinchilla	giant chinchilla	巨型毛丝鼠	data/runtime/rulesets/zh-Hans/creatures/caste.toml | data/runtime/rulesets/zh-Hans/creatures/name.toml	巨型毛丝鼠	巨毛丝鼠	creature_raw.NAME[0]; singular; caste=-1; no CASTE_NAME or juvenile substitution	0xaa3bd0(race,out,plural=false,caste=-1); r9w==0xffff -> 0xaa3d69 -> 0xaa3d1e/0xaa3d36; creature_raw+0x20 NAME[0]
reference	data/vanilla/vanilla_creatures/objects/creature_next_underground.txt	8	FLOATING_GUTS		NAME	1	floating guts	floating guts	浮脏怪	data/runtime/rulesets/zh-Hans/creatures/caste.toml | data/runtime/rulesets/zh-Hans/creatures/name.toml	浮脏怪	飘浮内脏	creature_raw.NAME[0]; singular; caste=-1; no CASTE_NAME or juvenile substitution	0xaa3bd0(race,out,plural=false,caste=-1); r9w==0xffff -> 0xaa3d69 -> 0xaa3d1e/0xaa3d36; creature_raw+0x20 NAME[0]
reference	data/vanilla/vanilla_creatures/objects/creature_next_underground.txt	62	DRUNIAN		NAME	1	drunian	drunian	鬃面窃兽	data/runtime/rulesets/zh-Hans/creatures/caste.toml | data/runtime/rulesets/zh-Hans/creatures/name.toml	鬃面窃兽	德鲁尼安人	creature_raw.NAME[0]; singular; caste=-1; no CASTE_NAME or juvenile substitution	0xaa3bd0(race,out,plural=false,caste=-1); r9w==0xffff -> 0xaa3d69 -> 0xaa3d1e/0xaa3d36; creature_raw+0x20 NAME[0]
reference	data/vanilla/vanilla_creatures/objects/creature_next_underground.txt	154	CREEPING_EYE		NAME	1	creeping eye	creeping eye	爬壁魔眼	data/runtime/rulesets/zh-Hans/creatures/caste.toml | data/runtime/rulesets/zh-Hans/creatures/name.toml	爬壁魔眼	爬行之眼	creature_raw.NAME[0]; singular; caste=-1; no CASTE_NAME or juvenile substitution	0xaa3bd0(race,out,plural=false,caste=-1); r9w==0xffff -> 0xaa3d69 -> 0xaa3d1e/0xaa3d36; creature_raw+0x20 NAME[0]
reference	data/vanilla/vanilla_creatures/objects/creature_next_underground.txt	208	VORACIOUS_CAVE_CRAWLER		NAME	1	voracious cave crawler	voracious cave crawler	贪食穴行兽	data/runtime/rulesets/zh-Hans/creatures/caste.toml | data/runtime/rulesets/zh-Hans/creatures/name.toml	贪食穴行兽	贪婪洞穴行者	creature_raw.NAME[0]; singular; caste=-1; no CASTE_NAME or juvenile substitution	0xaa3bd0(race,out,plural=false,caste=-1); r9w==0xffff -> 0xaa3d69 -> 0xaa3d1e/0xaa3d36; creature_raw+0x20 NAME[0]
reference	data/vanilla/vanilla_creatures/objects/creature_next_underground.txt	280	BLIND_CAVE_OGRE		NAME	1	blind cave ogre	blind cave ogre	盲眼洞穴食人魔	data/runtime/rulesets/zh-Hans/creatures/caste.toml | data/runtime/rulesets/zh-Hans/creatures/name.toml	盲眼洞穴食人魔	盲洞穴食人魔	creature_raw.NAME[0]; singular; caste=-1; no CASTE_NAME or juvenile substitution	0xaa3bd0(race,out,plural=false,caste=-1); r9w==0xffff -> 0xaa3d69 -> 0xaa3d1e/0xaa3d36; creature_raw+0x20 NAME[0]
reference	data/vanilla/vanilla_creatures/objects/creature_next_underground.txt	375	CAP_HOPPER		NAME	1	cap hopper	cap hopper	菌盖跳螈	data/runtime/rulesets/zh-Hans/creatures/caste.toml | data/runtime/rulesets/zh-Hans/creatures/name.toml	菌盖跳螈	跳帽蜥	creature_raw.NAME[0]; singular; caste=-1; no CASTE_NAME or juvenile substitution	0xaa3bd0(race,out,plural=false,caste=-1); r9w==0xffff -> 0xaa3d69 -> 0xaa3d1e/0xaa3d36; creature_raw+0x20 NAME[0]
reference	data/vanilla/vanilla_creatures/objects/creature_next_underground.txt	445	MAGMA_CRAB		NAME	1	magma crab	magma crab	熔岩螃蟹	data/runtime/rulesets/zh-Hans/creatures/caste.toml | data/runtime/rulesets/zh-Hans/creatures/name.toml	熔岩螃蟹	熔岩螃蟹	creature_raw.NAME[0]; singular; caste=-1; no CASTE_NAME or juvenile substitution	0xaa3bd0(race,out,plural=false,caste=-1); r9w==0xffff -> 0xaa3d69 -> 0xaa3d1e/0xaa3d36; creature_raw+0x20 NAME[0]
reference	data/vanilla/vanilla_creatures/objects/creature_next_underground.txt	510	CRUNDLE		NAME	1	crundle	crundle	爪角怪	data/runtime/rulesets/zh-Hans/creatures/caste.toml | data/runtime/rulesets/zh-Hans/creatures/name.toml	爪角怪	爪角怪	creature_raw.NAME[0]; singular; caste=-1; no CASTE_NAME or juvenile substitution	0xaa3bd0(race,out,plural=false,caste=-1); r9w==0xffff -> 0xaa3d69 -> 0xaa3d1e/0xaa3d36; creature_raw+0x20 NAME[0]
reference	data/vanilla/vanilla_creatures/objects/creature_next_underground.txt	632	HUNGRY_HEAD		NAME	1	hungry head	hungry head	饥饿之颅	data/runtime/rulesets/zh-Hans/creatures/caste.toml | data/runtime/rulesets/zh-Hans/creatures/name.toml	饥饿之颅	饥饿之颅	creature_raw.NAME[0]; singular; caste=-1; no CASTE_NAME or juvenile substitution	0xaa3bd0(race,out,plural=false,caste=-1); r9w==0xffff -> 0xaa3d69 -> 0xaa3d1e/0xaa3d36; creature_raw+0x20 NAME[0]
reference	data/vanilla/vanilla_creatures/objects/creature_next_underground.txt	704	FLESH_BALL		NAME	1	flesh ball	flesh ball	血肉之球	data/runtime/rulesets/zh-Hans/creatures/caste.toml | data/runtime/rulesets/zh-Hans/creatures/name.toml	血肉之球	血肉之球	creature_raw.NAME[0]; singular; caste=-1; no CASTE_NAME or juvenile substitution	0xaa3bd0(race,out,plural=false,caste=-1); r9w==0xffff -> 0xaa3d69 -> 0xaa3d1e/0xaa3d36; creature_raw+0x20 NAME[0]
reference	data/vanilla/vanilla_creatures/objects/creature_next_underground.txt	748	ELK_BIRD		NAME	1	elk bird	elk bird	麋鹿鸟	data/runtime/rulesets/zh-Hans/creatures/caste.toml | data/runtime/rulesets/zh-Hans/creatures/name.toml	麋鹿鸟	麋鹿鸟	creature_raw.NAME[0]; singular; caste=-1; no CASTE_NAME or juvenile substitution	0xaa3bd0(race,out,plural=false,caste=-1); r9w==0xffff -> 0xaa3d69 -> 0xaa3d1e/0xaa3d36; creature_raw+0x20 NAME[0]
reference	data/vanilla/vanilla_creatures/objects/creature_next_underground.txt	861	HELMET_SNAKE		NAME	1	helmet snake	helmet snake	头盔蛇	data/runtime/rulesets/zh-Hans/creatures/caste.toml | data/runtime/rulesets/zh-Hans/creatures/name.toml	头盔蛇	头盔蛇	creature_raw.NAME[0]; singular; caste=-1; no CASTE_NAME or juvenile substitution	0xaa3bd0(race,out,plural=false,caste=-1); r9w==0xffff -> 0xaa3d69 -> 0xaa3d1e/0xaa3d36; creature_raw+0x20 NAME[0]
reference	data/vanilla/vanilla_creatures/objects/creature_next_underground.txt	974	GREEN_DEVOURER		NAME	1	green devourer	green devourer	绿色吞噬者	data/runtime/rulesets/zh-Hans/creatures/caste.toml | data/runtime/rulesets/zh-Hans/creatures/name.toml	绿色吞噬者	绿色吞噬者	creature_raw.NAME[0]; singular; caste=-1; no CASTE_NAME or juvenile substitution	0xaa3bd0(race,out,plural=false,caste=-1); r9w==0xffff -> 0xaa3d69 -> 0xaa3d1e/0xaa3d36; creature_raw+0x20 NAME[0]
reference	data/vanilla/vanilla_creatures/objects/creature_next_underground.txt	1044	RUTHERER		NAME	1	rutherer	rutherer	厚毛巨尾兽	data/runtime/rulesets/zh-Hans/creatures/caste.toml | data/runtime/rulesets/zh-Hans/creatures/name.toml	厚毛巨尾兽	厚毛巨尾兽	creature_raw.NAME[0]; singular; caste=-1; no CASTE_NAME or juvenile substitution	0xaa3bd0(race,out,plural=false,caste=-1); r9w==0xffff -> 0xaa3d69 -> 0xaa3d1e/0xaa3d36; creature_raw+0x20 NAME[0]
reference	data/vanilla/vanilla_creatures/objects/creature_next_underground.txt	1132	CREEPY_CRAWLER		NAME	1	creepy crawler	creepy crawler	恐怖爬行者	data/runtime/rulesets/zh-Hans/creatures/caste.toml | data/runtime/rulesets/zh-Hans/creatures/name.toml	恐怖爬行者	恐怖爬行者	creature_raw.NAME[0]; singular; caste=-1; no CASTE_NAME or juvenile substitution	0xaa3bd0(race,out,plural=false,caste=-1); r9w==0xffff -> 0xaa3d69 -> 0xaa3d1e/0xaa3d36; creature_raw+0x20 NAME[0]
reference	data/vanilla/vanilla_creatures/objects/creature_next_underground.txt	1178	DRALTHA		NAME	1	draltha	draltha	食菇兽	data/runtime/rulesets/zh-Hans/creatures/caste.toml | data/runtime/rulesets/zh-Hans/creatures/name.toml	食菇兽	食菇兽	creature_raw.NAME[0]; singular; caste=-1; no CASTE_NAME or juvenile substitution	0xaa3bd0(race,out,plural=false,caste=-1); r9w==0xffff -> 0xaa3d69 -> 0xaa3d1e/0xaa3d36; creature_raw+0x20 NAME[0]
reference	data/vanilla/vanilla_creatures/objects/creature_next_underground.txt	1266	GIANT_EARTHWORM		NAME	1	giant earthworm	giant earthworm	巨型蚯蚓	data/runtime/rulesets/zh-Hans/creatures/caste.toml | data/runtime/rulesets/zh-Hans/creatures/name.toml	巨型蚯蚓	巨型蚯蚓	creature_raw.NAME[0]; singular; caste=-1; no CASTE_NAME or juvenile substitution	0xaa3bd0(race,out,plural=false,caste=-1); r9w==0xffff -> 0xaa3d69 -> 0xaa3d1e/0xaa3d36; creature_raw+0x20 NAME[0]
reference	data/vanilla/vanilla_creatures/objects/creature_next_underground.txt	1315	BLOOD_MAN		NAME	1	blood man	blood man	血人	data/runtime/rulesets/zh-Hans/creatures/caste.toml | data/runtime/rulesets/zh-Hans/creatures/name.toml	血人	血人	creature_raw.NAME[0]; singular; caste=-1; no CASTE_NAME or juvenile substitution	0xaa3bd0(race,out,plural=false,caste=-1); r9w==0xffff -> 0xaa3d69 -> 0xaa3d1e/0xaa3d36; creature_raw+0x20 NAME[0]
reference	data/vanilla/vanilla_creatures/objects/creature_next_underground.txt	1388	BUGBAT		NAME	1	bugbat	bugbat	虫蝠	data/runtime/rulesets/zh-Hans/creatures/caste.toml | data/runtime/rulesets/zh-Hans/creatures/name.toml	虫蝠	虫蝠	creature_raw.NAME[0]; singular; caste=-1; no CASTE_NAME or juvenile substitution	0xaa3bd0(race,out,plural=false,caste=-1); r9w==0xffff -> 0xaa3d69 -> 0xaa3d1e/0xaa3d36; creature_raw+0x20 NAME[0]
reference	data/vanilla/vanilla_creatures/objects/creature_next_underground.txt	1472	MANERA		NAME	1	manera	manera	倒吊鲨齿怪	data/runtime/rulesets/zh-Hans/creatures/caste.toml | data/runtime/rulesets/zh-Hans/creatures/name.toml	倒吊鲨齿怪	倒吊鲨齿怪	creature_raw.NAME[0]; singular; caste=-1; no CASTE_NAME or juvenile substitution	0xaa3bd0(race,out,plural=false,caste=-1); r9w==0xffff -> 0xaa3d69 -> 0xaa3d1e/0xaa3d36; creature_raw+0x20 NAME[0]
reference	data/vanilla/vanilla_creatures/objects/creature_next_underground.txt	1555	MOLEMARIAN		NAME	1	molemarian	molemarian	半身鼹鼠兽	data/runtime/rulesets/zh-Hans/creatures/caste.toml | data/runtime/rulesets/zh-Hans/creatures/name.toml	半身鼹鼠兽	半身鼹鼠兽	creature_raw.NAME[0]; singular; caste=-1; no CASTE_NAME or juvenile substitution	0xaa3bd0(race,out,plural=false,caste=-1); r9w==0xffff -> 0xaa3d69 -> 0xaa3d1e/0xaa3d36; creature_raw+0x20 NAME[0]
reference	data/vanilla/vanilla_creatures/objects/creature_next_underground.txt	1646	JABBERER		NAME	1	jabberer	jabberer	宽喙巨兽	data/runtime/rulesets/zh-Hans/creatures/caste.toml | data/runtime/rulesets/zh-Hans/creatures/name.toml	宽喙巨兽	宽喙巨兽	creature_raw.NAME[0]; singular; caste=-1; no CASTE_NAME or juvenile substitution	0xaa3bd0(race,out,plural=false,caste=-1); r9w==0xffff -> 0xaa3d69 -> 0xaa3d1e/0xaa3d36; creature_raw+0x20 NAME[0]
reference	data/vanilla/vanilla_creatures/objects/creature_next_underground.txt	1752	POND_GRABBER		NAME	1	pond grabber	pond grabber	池塘掠取者	data/runtime/rulesets/zh-Hans/creatures/caste.toml | data/runtime/rulesets/zh-Hans/creatures/name.toml	池塘掠取者	池塘掠取者	creature_raw.NAME[0]; singular; caste=-1; no CASTE_NAME or juvenile substitution	0xaa3bd0(race,out,plural=false,caste=-1); r9w==0xffff -> 0xaa3d69 -> 0xaa3d1e/0xaa3d36; creature_raw+0x20 NAME[0]
reference	data/vanilla/vanilla_creatures/objects/creature_next_underground.txt	1823	BLIND_CAVE_BEAR		NAME	1	blind cave bear	blind cave bear	盲洞穴熊	data/runtime/rulesets/zh-Hans/creatures/caste.toml | data/runtime/rulesets/zh-Hans/creatures/name.toml	盲洞穴熊	盲洞穴熊	creature_raw.NAME[0]; singular; caste=-1; no CASTE_NAME or juvenile substitution	0xaa3bd0(race,out,plural=false,caste=-1); r9w==0xffff -> 0xaa3d69 -> 0xaa3d1e/0xaa3d36; creature_raw+0x20 NAME[0]
reference	data/vanilla/vanilla_creatures/objects/creature_next_underground.txt	1910	CAVE_DRAGON		NAME	1	cave dragon	cave dragon	洞穴龙	data/runtime/rulesets/zh-Hans/creatures/caste.toml | data/runtime/rulesets/zh-Hans/creatures/name.toml	洞穴龙	洞穴龙	creature_raw.NAME[0]; singular; caste=-1; no CASTE_NAME or juvenile substitution	0xaa3bd0(race,out,plural=false,caste=-1); r9w==0xffff -> 0xaa3d69 -> 0xaa3d1e/0xaa3d36; creature_raw+0x20 NAME[0]
reference	data/vanilla/vanilla_creatures/objects/creature_next_underground.txt	2019	REACHER		NAME	1	reacher	reacher	诱抵者	data/runtime/rulesets/zh-Hans/creatures/caste.toml | data/runtime/rulesets/zh-Hans/creatures/name.toml	诱抵者	诱抵者	creature_raw.NAME[0]; singular; caste=-1; no CASTE_NAME or juvenile substitution	0xaa3bd0(race,out,plural=false,caste=-1); r9w==0xffff -> 0xaa3d69 -> 0xaa3d1e/0xaa3d36; creature_raw+0x20 NAME[0]
reference	data/vanilla/vanilla_creatures/objects/creature_next_underground.txt	2124	ELEMENTMAN_GABBRO		NAME	1	gabbro man	gabbro man	辉长岩人 	data/runtime/rulesets/zh-Hans/creatures/caste.toml | data/runtime/rulesets/zh-Hans/creatures/name.toml	辉长岩人 	辉长岩人	creature_raw.NAME[0]; singular; caste=-1; no CASTE_NAME or juvenile substitution	0xaa3bd0(race,out,plural=false,caste=-1); r9w==0xffff -> 0xaa3d69 -> 0xaa3d1e/0xaa3d36; creature_raw+0x20 NAME[0]
reference	data/vanilla/vanilla_creatures/objects/creature_next_underground.txt	2186	GORLAK		NAME	1	gorlak	gorlak	獠牙怪	data/runtime/rulesets/zh-Hans/creatures/caste.toml | data/runtime/rulesets/zh-Hans/creatures/name.toml	獠牙怪	獠牙怪	creature_raw.NAME[0]; singular; caste=-1; no CASTE_NAME or juvenile substitution	0xaa3bd0(race,out,plural=false,caste=-1); r9w==0xffff -> 0xaa3d69 -> 0xaa3d1e/0xaa3d36; creature_raw+0x20 NAME[0]
reference	data/vanilla/vanilla_creatures/objects/creature_next_underground.txt	2324	CAVE_FLOATER		NAME	1	cave floater	cave floater	洞穴飘浮者	data/runtime/rulesets/zh-Hans/creatures/caste.toml | data/runtime/rulesets/zh-Hans/creatures/name.toml	洞穴飘浮者	洞穴漂浮者	creature_raw.NAME[0]; singular; caste=-1; no CASTE_NAME or juvenile substitution	0xaa3bd0(race,out,plural=false,caste=-1); r9w==0xffff -> 0xaa3d69 -> 0xaa3d1e/0xaa3d36; creature_raw+0x20 NAME[0]
reference	data/vanilla/vanilla_creatures/objects/creature_next_underground.txt	2413	PLUMP_HELMET_MAN		NAME	1	plump helmet man	plump helmet man	肉盔菇人	data/runtime/rulesets/zh-Hans/creatures/caste.toml | data/runtime/rulesets/zh-Hans/creatures/name.toml	肉盔菇人	肉盔菇人	creature_raw.NAME[0]; singular; caste=-1; no CASTE_NAME or juvenile substitution	0xaa3bd0(race,out,plural=false,caste=-1); r9w==0xffff -> 0xaa3d69 -> 0xaa3d1e/0xaa3d36; creature_raw+0x20 NAME[0]
reference	data/vanilla/vanilla_creatures/objects/creature_next_underground.txt	2502	CAVE_BLOB		NAME	1	cave blob	cave blob	洞穴滴团	data/runtime/rulesets/zh-Hans/creatures/caste.toml | data/runtime/rulesets/zh-Hans/creatures/name.toml	洞穴滴团	洞穴滴团	creature_raw.NAME[0]; singular; caste=-1; no CASTE_NAME or juvenile substitution	0xaa3bd0(race,out,plural=false,caste=-1); r9w==0xffff -> 0xaa3d69 -> 0xaa3d1e/0xaa3d36; creature_raw+0x20 NAME[0]
reference	data/vanilla/vanilla_creatures/objects/creature_next_underground.txt	2576	ELEMENTMAN_AMETHYST		NAME	1	amethyst man	amethyst man	紫水晶人	data/runtime/rulesets/zh-Hans/creatures/caste.toml | data/runtime/rulesets/zh-Hans/creatures/name.toml	紫水晶人	紫水晶人	creature_raw.NAME[0]; singular; caste=-1; no CASTE_NAME or juvenile substitution	0xaa3bd0(race,out,plural=false,caste=-1); r9w==0xffff -> 0xaa3d69 -> 0xaa3d1e/0xaa3d36; creature_raw+0x20 NAME[0]
reference	data/vanilla/vanilla_creatures/objects/creature_ocean_new.txt	13	OCTOPUS		NAME	1	octopus	octopus	章鱼	data/runtime/rulesets/zh-Hans/creatures/caste.toml | data/runtime/rulesets/zh-Hans/creatures/name.toml	章鱼	章鱼	creature_raw.NAME[0]; singular; caste=-1; no CASTE_NAME or juvenile substitution	0xaa3bd0(race,out,plural=false,caste=-1); r9w==0xffff -> 0xaa3d69 -> 0xaa3d1e/0xaa3d36; creature_raw+0x20 NAME[0]
reference	data/vanilla/vanilla_creatures/objects/creature_ocean_new.txt	124	OCTOPUS_MAN	SELECT_CASTE:ALL	NAME	1	octopus man	octopus man	章鱼人	data/runtime/rulesets/zh-Hans/creatures/caste.toml | data/runtime/rulesets/zh-Hans/creatures/name.toml	章鱼人	章鱼人	creature_raw.NAME[0]; singular; caste=-1; no CASTE_NAME or juvenile substitution	0xaa3bd0(race,out,plural=false,caste=-1); r9w==0xffff -> 0xaa3d69 -> 0xaa3d1e/0xaa3d36; creature_raw+0x20 NAME[0]
reference	data/vanilla/vanilla_creatures/objects/creature_ocean_new.txt	150	GIANT_OCTOPUS	SELECT_CASTE:ALL	NAME	1	giant octopus	giant octopus	巨型章鱼	data/runtime/rulesets/zh-Hans/creatures/caste.toml | data/runtime/rulesets/zh-Hans/creatures/name.toml	巨型章鱼	巨章鱼	creature_raw.NAME[0]; singular; caste=-1; no CASTE_NAME or juvenile substitution	0xaa3bd0(race,out,plural=false,caste=-1); r9w==0xffff -> 0xaa3d69 -> 0xaa3d1e/0xaa3d36; creature_raw+0x20 NAME[0]
reference	data/vanilla/vanilla_creatures/objects/creature_ocean_new.txt	171	CRAB		NAME	1	crab	crab	螃蟹	data/runtime/rulesets/zh-Hans/creatures/caste.toml | data/runtime/rulesets/zh-Hans/creatures/name.toml	螃蟹	螃蟹	creature_raw.NAME[0]; singular; caste=-1; no CASTE_NAME or juvenile substitution	0xaa3bd0(race,out,plural=false,caste=-1); r9w==0xffff -> 0xaa3d69 -> 0xaa3d1e/0xaa3d36; creature_raw+0x20 NAME[0]
reference	data/vanilla/vanilla_creatures/objects/creature_ocean_new.txt	243	CRAB_MAN	SELECT_CASTE:ALL	NAME	1	crab man	crab man	螃蟹人	data/runtime/rulesets/zh-Hans/creatures/caste.toml | data/runtime/rulesets/zh-Hans/creatures/name.toml	螃蟹人	螃蟹人	creature_raw.NAME[0]; singular; caste=-1; no CASTE_NAME or juvenile substitution	0xaa3bd0(race,out,plural=false,caste=-1); r9w==0xffff -> 0xaa3d69 -> 0xaa3d1e/0xaa3d36; creature_raw+0x20 NAME[0]
reference	data/vanilla/vanilla_creatures/objects/creature_ocean_new.txt	260	GIANT_CRAB	SELECT_CASTE:ALL	NAME	1	giant crab	giant crab	巨型螃蟹	data/runtime/rulesets/zh-Hans/creatures/caste.toml | data/runtime/rulesets/zh-Hans/creatures/name.toml	巨型螃蟹	巨蟹	creature_raw.NAME[0]; singular; caste=-1; no CASTE_NAME or juvenile substitution	0xaa3bd0(race,out,plural=false,caste=-1); r9w==0xffff -> 0xaa3d69 -> 0xaa3d1e/0xaa3d36; creature_raw+0x20 NAME[0]
reference	data/vanilla/vanilla_creatures/objects/creature_ocean_new.txt	283	LEOPARD_SEAL		NAME	1	leopard seal	leopard seal	豹形海豹	data/runtime/rulesets/zh-Hans/creatures/caste.toml | data/runtime/rulesets/zh-Hans/creatures/name.toml	豹形海豹	豹形海豹	creature_raw.NAME[0]; singular; caste=-1; no CASTE_NAME or juvenile substitution	0xaa3bd0(race,out,plural=false,caste=-1); r9w==0xffff -> 0xaa3d69 -> 0xaa3d1e/0xaa3d36; creature_raw+0x20 NAME[0]
reference	data/vanilla/vanilla_creatures/objects/creature_ocean_new.txt	375	LEOPARD_SEAL_MAN	SELECT_CASTE:ALL	NAME	1	leopard seal man	leopard seal man	豹形海豹人	data/runtime/rulesets/zh-Hans/creatures/caste.toml | data/runtime/rulesets/zh-Hans/creatures/name.toml	豹形海豹人	豹形海豹人	creature_raw.NAME[0]; singular; caste=-1; no CASTE_NAME or juvenile substitution	0xaa3bd0(race,out,plural=false,caste=-1); r9w==0xffff -> 0xaa3d69 -> 0xaa3d1e/0xaa3d36; creature_raw+0x20 NAME[0]
reference	data/vanilla/vanilla_creatures/objects/creature_ocean_new.txt	392	GIANT_LEOPARD_SEAL	SELECT_CASTE:ALL	NAME	1	giant leopard seal	giant leopard seal	巨型豹形海豹	data/runtime/rulesets/zh-Hans/creatures/caste.toml | data/runtime/rulesets/zh-Hans/creatures/name.toml	巨型豹形海豹	巨豹形海豹	creature_raw.NAME[0]; singular; caste=-1; no CASTE_NAME or juvenile substitution	0xaa3bd0(race,out,plural=false,caste=-1); r9w==0xffff -> 0xaa3d69 -> 0xaa3d1e/0xaa3d36; creature_raw+0x20 NAME[0]
reference	data/vanilla/vanilla_creatures/objects/creature_ocean_new.txt	416	CUTTLEFISH		NAME	1	cuttlefish	cuttlefish	墨鱼	data/runtime/rulesets/zh-Hans/creatures/caste.toml | data/runtime/rulesets/zh-Hans/creatures/name.toml	墨鱼	墨鱼	creature_raw.NAME[0]; singular; caste=-1; no CASTE_NAME or juvenile substitution	0xaa3bd0(race,out,plural=false,caste=-1); r9w==0xffff -> 0xaa3d69 -> 0xaa3d1e/0xaa3d36; creature_raw+0x20 NAME[0]
reference	data/vanilla/vanilla_creatures/objects/creature_ocean_new.txt	528	CUTTLEFISH_MAN	SELECT_CASTE:ALL	NAME	1	cuttlefish man	cuttlefish man	墨鱼人	data/runtime/rulesets/zh-Hans/creatures/caste.toml | data/runtime/rulesets/zh-Hans/creatures/name.toml	墨鱼人	墨鱼人	creature_raw.NAME[0]; singular; caste=-1; no CASTE_NAME or juvenile substitution	0xaa3bd0(race,out,plural=false,caste=-1); r9w==0xffff -> 0xaa3d69 -> 0xaa3d1e/0xaa3d36; creature_raw+0x20 NAME[0]
reference	data/vanilla/vanilla_creatures/objects/creature_ocean_new.txt	554	GIANT_CUTTLEFISH	SELECT_CASTE:ALL	NAME	1	giant cuttlefish	giant cuttlefish	巨型墨鱼	data/runtime/rulesets/zh-Hans/creatures/caste.toml | data/runtime/rulesets/zh-Hans/creatures/name.toml	巨型墨鱼	巨墨鱼	creature_raw.NAME[0]; singular; caste=-1; no CASTE_NAME or juvenile substitution	0xaa3bd0(race,out,plural=false,caste=-1); r9w==0xffff -> 0xaa3d69 -> 0xaa3d1e/0xaa3d36; creature_raw+0x20 NAME[0]
reference	data/vanilla/vanilla_creatures/objects/creature_ocean_new.txt	574	ORCA		NAME	1	orca	orca	逆戟鲸	data/runtime/rulesets/zh-Hans/creatures/caste.toml | data/runtime/rulesets/zh-Hans/creatures/name.toml	逆戟鲸	虎鲸	creature_raw.NAME[0]; singular; caste=-1; no CASTE_NAME or juvenile substitution	0xaa3bd0(race,out,plural=false,caste=-1); r9w==0xffff -> 0xaa3d69 -> 0xaa3d1e/0xaa3d36; creature_raw+0x20 NAME[0]
reference	data/vanilla/vanilla_creatures/objects/creature_ocean_new.txt	670	ORCA_MAN	SELECT_CASTE:ALL	NAME	1	orca man	orca man	逆戟鲸人	data/runtime/rulesets/zh-Hans/creatures/caste.toml | data/runtime/rulesets/zh-Hans/creatures/name.toml	逆戟鲸人	虎鲸人	creature_raw.NAME[0]; singular; caste=-1; no CASTE_NAME or juvenile substitution	0xaa3bd0(race,out,plural=false,caste=-1); r9w==0xffff -> 0xaa3d69 -> 0xaa3d1e/0xaa3d36; creature_raw+0x20 NAME[0]
reference	data/vanilla/vanilla_creatures/objects/creature_ocean_new.txt	687	GIANT_ORCA	SELECT_CASTE:ALL	NAME	1	giant orca	giant orca	巨型逆戟鲸	data/runtime/rulesets/zh-Hans/creatures/caste.toml | data/runtime/rulesets/zh-Hans/creatures/name.toml	巨型逆戟鲸	巨虎鲸	creature_raw.NAME[0]; singular; caste=-1; no CASTE_NAME or juvenile substitution	0xaa3bd0(race,out,plural=false,caste=-1); r9w==0xffff -> 0xaa3d69 -> 0xaa3d1e/0xaa3d36; creature_raw+0x20 NAME[0]
reference	data/vanilla/vanilla_creatures/objects/creature_ocean_new.txt	707	SPONGE		NAME	1	sponge	sponge	海绵	data/runtime/rulesets/zh-Hans/creatures/caste.toml | data/runtime/rulesets/zh-Hans/creatures/name.toml	海绵	海绵	creature_raw.NAME[0]; singular; caste=-1; no CASTE_NAME or juvenile substitution	0xaa3bd0(race,out,plural=false,caste=-1); r9w==0xffff -> 0xaa3d69 -> 0xaa3d1e/0xaa3d36; creature_raw+0x20 NAME[0]
reference	data/vanilla/vanilla_creatures/objects/creature_ocean_new.txt	760	SPONGE_MAN		NAME	1	sponge man	sponge man	海绵人	data/runtime/rulesets/zh-Hans/creatures/caste.toml | data/runtime/rulesets/zh-Hans/creatures/name.toml	海绵人	海绵人	creature_raw.NAME[0]; singular; caste=-1; no CASTE_NAME or juvenile substitution	0xaa3bd0(race,out,plural=false,caste=-1); r9w==0xffff -> 0xaa3d69 -> 0xaa3d1e/0xaa3d36; creature_raw+0x20 NAME[0]
reference	data/vanilla/vanilla_creatures/objects/creature_ocean_new.txt	778	GIANT_SPONGE	SELECT_CASTE:ALL	NAME	1	giant sponge	giant sponge	巨型海绵	data/runtime/rulesets/zh-Hans/creatures/caste.toml | data/runtime/rulesets/zh-Hans/creatures/name.toml	巨型海绵	巨海绵	creature_raw.NAME[0]; singular; caste=-1; no CASTE_NAME or juvenile substitution	0xaa3bd0(race,out,plural=false,caste=-1); r9w==0xffff -> 0xaa3d69 -> 0xaa3d1e/0xaa3d36; creature_raw+0x20 NAME[0]
reference	data/vanilla/vanilla_creatures/objects/creature_ocean_new.txt	796	HORSESHOE_CRAB		NAME	1	horseshoe crab	horseshoe crab	马蹄蟹	data/runtime/rulesets/zh-Hans/creatures/caste.toml | data/runtime/rulesets/zh-Hans/creatures/name.toml	马蹄蟹	鲎	creature_raw.NAME[0]; singular; caste=-1; no CASTE_NAME or juvenile substitution	0xaa3bd0(race,out,plural=false,caste=-1); r9w==0xffff -> 0xaa3d69 -> 0xaa3d1e/0xaa3d36; creature_raw+0x20 NAME[0]
reference	data/vanilla/vanilla_creatures/objects/creature_ocean_new.txt	860	HORSESHOE_CRAB_MAN	SELECT_CASTE:ALL	NAME	1	horseshoe crab man	horseshoe crab man	马蹄蟹人	data/runtime/rulesets/zh-Hans/creatures/caste.toml | data/runtime/rulesets/zh-Hans/creatures/name.toml	马蹄蟹人	鲎人	creature_raw.NAME[0]; singular; caste=-1; no CASTE_NAME or juvenile substitution	0xaa3bd0(race,out,plural=false,caste=-1); r9w==0xffff -> 0xaa3d69 -> 0xaa3d1e/0xaa3d36; creature_raw+0x20 NAME[0]
reference	data/vanilla/vanilla_creatures/objects/creature_ocean_new.txt	877	GIANT_HORSESHOE_CRAB	SELECT_CASTE:ALL	NAME	1	giant horseshoe crab	giant horseshoe crab	巨型马蹄蟹	data/runtime/rulesets/zh-Hans/creatures/caste.toml | data/runtime/rulesets/zh-Hans/creatures/name.toml	巨型马蹄蟹	巨鲎	creature_raw.NAME[0]; singular; caste=-1; no CASTE_NAME or juvenile substitution	0xaa3bd0(race,out,plural=false,caste=-1); r9w==0xffff -> 0xaa3d69 -> 0xaa3d1e/0xaa3d36; creature_raw+0x20 NAME[0]
reference	data/vanilla/vanilla_creatures/objects/creature_ocean_new.txt	898	SPERM_WHALE		NAME	1	sperm whale	sperm whale	抹香鲸	data/runtime/rulesets/zh-Hans/creatures/caste.toml | data/runtime/rulesets/zh-Hans/creatures/name.toml	抹香鲸	抹香鲸	creature_raw.NAME[0]; singular; caste=-1; no CASTE_NAME or juvenile substitution	0xaa3bd0(race,out,plural=false,caste=-1); r9w==0xffff -> 0xaa3d69 -> 0xaa3d1e/0xaa3d36; creature_raw+0x20 NAME[0]
reference	data/vanilla/vanilla_creatures/objects/creature_ocean_new.txt	995	SPERM_WHALE_MAN	SELECT_CASTE:ALL	NAME	1	sperm whale man	sperm whale man	抹香鲸人	data/runtime/rulesets/zh-Hans/creatures/caste.toml | data/runtime/rulesets/zh-Hans/creatures/name.toml	抹香鲸人	抹香鲸人	creature_raw.NAME[0]; singular; caste=-1; no CASTE_NAME or juvenile substitution	0xaa3bd0(race,out,plural=false,caste=-1); r9w==0xffff -> 0xaa3d69 -> 0xaa3d1e/0xaa3d36; creature_raw+0x20 NAME[0]
reference	data/vanilla/vanilla_creatures/objects/creature_ocean_new.txt	1012	GIANT_SPERM_WHALE	SELECT_CASTE:ALL	NAME	1	giant sperm whale	giant sperm whale	巨型抹香鲸	data/runtime/rulesets/zh-Hans/creatures/caste.toml | data/runtime/rulesets/zh-Hans/creatures/name.toml	巨型抹香鲸	巨抹香鲸	creature_raw.NAME[0]; singular; caste=-1; no CASTE_NAME or juvenile substitution	0xaa3bd0(race,out,plural=false,caste=-1); r9w==0xffff -> 0xaa3d69 -> 0xaa3d1e/0xaa3d36; creature_raw+0x20 NAME[0]
reference	data/vanilla/vanilla_creatures/objects/creature_ocean_new.txt	1034	ELEPHANT_SEAL		NAME	1	elephant seal	elephant seal	象海豹	data/runtime/rulesets/zh-Hans/creatures/caste.toml | data/runtime/rulesets/zh-Hans/creatures/name.toml	象海豹	海象	creature_raw.NAME[0]; singular; caste=-1; no CASTE_NAME or juvenile substitution	0xaa3bd0(race,out,plural=false,caste=-1); r9w==0xffff -> 0xaa3d69 -> 0xaa3d1e/0xaa3d36; creature_raw+0x20 NAME[0]
reference	data/vanilla/vanilla_creatures/objects/creature_ocean_new.txt	1130	ELEPHANT_SEAL_MAN	SELECT_CASTE:ALL	NAME	1	elephant seal man	elephant seal man	象海豹人	data/runtime/rulesets/zh-Hans/creatures/caste.toml | data/runtime/rulesets/zh-Hans/creatures/name.toml	象海豹人	海象人	creature_raw.NAME[0]; singular; caste=-1; no CASTE_NAME or juvenile substitution	0xaa3bd0(race,out,plural=false,caste=-1); r9w==0xffff -> 0xaa3d69 -> 0xaa3d1e/0xaa3d36; creature_raw+0x20 NAME[0]
reference	data/vanilla/vanilla_creatures/objects/creature_ocean_new.txt	1147	GIANT_ELEPHANT_SEAL	SELECT_CASTE:ALL	NAME	1	giant elephant seal	giant elephant seal	巨型象海豹	data/runtime/rulesets/zh-Hans/creatures/caste.toml | data/runtime/rulesets/zh-Hans/creatures/name.toml	巨型象海豹	巨海象	creature_raw.NAME[0]; singular; caste=-1; no CASTE_NAME or juvenile substitution	0xaa3bd0(race,out,plural=false,caste=-1); r9w==0xffff -> 0xaa3d69 -> 0xaa3d1e/0xaa3d36; creature_raw+0x20 NAME[0]
reference	data/vanilla/vanilla_creatures/objects/creature_ocean_new.txt	1169	HARP_SEAL		NAME	1	harp seal	harp seal	竖琴海豹	data/runtime/rulesets/zh-Hans/creatures/caste.toml | data/runtime/rulesets/zh-Hans/creatures/name.toml	竖琴海豹	竖琴海豹	creature_raw.NAME[0]; singular; caste=-1; no CASTE_NAME or juvenile substitution	0xaa3bd0(race,out,plural=false,caste=-1); r9w==0xffff -> 0xaa3d69 -> 0xaa3d1e/0xaa3d36; creature_raw+0x20 NAME[0]
reference	data/vanilla/vanilla_creatures/objects/creature_ocean_new.txt	1261	HARP_SEAL_MAN	SELECT_CASTE:ALL	NAME	1	harp seal man	harp seal man	竖琴海豹人	data/runtime/rulesets/zh-Hans/creatures/caste.toml | data/runtime/rulesets/zh-Hans/creatures/name.toml	竖琴海豹人	竖琴海豹人	creature_raw.NAME[0]; singular; caste=-1; no CASTE_NAME or juvenile substitution	0xaa3bd0(race,out,plural=false,caste=-1); r9w==0xffff -> 0xaa3d69 -> 0xaa3d1e/0xaa3d36; creature_raw+0x20 NAME[0]
reference	data/vanilla/vanilla_creatures/objects/creature_ocean_new.txt	1278	GIANT_HARP_SEAL	SELECT_CASTE:ALL	NAME	1	giant harp seal	giant harp seal	巨型竖琴海豹	data/runtime/rulesets/zh-Hans/creatures/caste.toml | data/runtime/rulesets/zh-Hans/creatures/name.toml	巨型竖琴海豹	巨竖琴海象	creature_raw.NAME[0]; singular; caste=-1; no CASTE_NAME or juvenile substitution	0xaa3bd0(race,out,plural=false,caste=-1); r9w==0xffff -> 0xaa3d69 -> 0xaa3d1e/0xaa3d36; creature_raw+0x20 NAME[0]
reference	data/vanilla/vanilla_creatures/objects/creature_ocean_new.txt	1301	NAUTILUS		NAME	1	nautilus	nautilus	鹦鹉螺	data/runtime/rulesets/zh-Hans/creatures/caste.toml | data/runtime/rulesets/zh-Hans/creatures/name.toml	鹦鹉螺	鹦鹉螺	creature_raw.NAME[0]; singular; caste=-1; no CASTE_NAME or juvenile substitution	0xaa3bd0(race,out,plural=false,caste=-1); r9w==0xffff -> 0xaa3d69 -> 0xaa3d1e/0xaa3d36; creature_raw+0x20 NAME[0]
reference	data/vanilla/vanilla_creatures/objects/creature_ocean_new.txt	1387	NAUTILUS_MAN	SELECT_CASTE:ALL	NAME	1	nautilus man	nautilus man	鹦鹉螺人	data/runtime/rulesets/zh-Hans/creatures/caste.toml | data/runtime/rulesets/zh-Hans/creatures/name.toml	鹦鹉螺人	鹦鹉螺人	creature_raw.NAME[0]; singular; caste=-1; no CASTE_NAME or juvenile substitution	0xaa3bd0(race,out,plural=false,caste=-1); r9w==0xffff -> 0xaa3d69 -> 0xaa3d1e/0xaa3d36; creature_raw+0x20 NAME[0]
reference	data/vanilla/vanilla_creatures/objects/creature_ocean_new.txt	1404	GIANT_NAUTILUS	SELECT_CASTE:ALL	NAME	1	giant nautilus	giant nautilus	巨型鹦鹉螺	data/runtime/rulesets/zh-Hans/creatures/caste.toml | data/runtime/rulesets/zh-Hans/creatures/name.toml	巨型鹦鹉螺	巨鹦鹉螺	creature_raw.NAME[0]; singular; caste=-1; no CASTE_NAME or juvenile substitution	0xaa3bd0(race,out,plural=false,caste=-1); r9w==0xffff -> 0xaa3d69 -> 0xaa3d1e/0xaa3d36; creature_raw+0x20 NAME[0]
reference	data/vanilla/vanilla_creatures/objects/creature_other.txt	7	FOXSQUIRREL		NAME	1	fox squirrel	fox squirrel	狐松鼠	data/runtime/rulesets/zh-Hans/creatures/caste.toml | data/runtime/rulesets/zh-Hans/creatures/name.toml	狐松鼠	狐松鼠	creature_raw.NAME[0]; singular; caste=-1; no CASTE_NAME or juvenile substitution	0xaa3bd0(race,out,plural=false,caste=-1); r9w==0xffff -> 0xaa3d69 -> 0xaa3d1e/0xaa3d36; creature_raw+0x20 NAME[0]
reference	data/vanilla/vanilla_creatures/objects/creature_other.txt	91	MOGHOPPER		NAME	1	moghopper	moghopper	泥跳虫	data/runtime/rulesets/zh-Hans/creatures/caste.toml | data/runtime/rulesets/zh-Hans/creatures/name.toml	泥跳虫	泥跳虫	creature_raw.NAME[0]; singular; caste=-1; no CASTE_NAME or juvenile substitution	0xaa3bd0(race,out,plural=false,caste=-1); r9w==0xffff -> 0xaa3d69 -> 0xaa3d1e/0xaa3d36; creature_raw+0x20 NAME[0]
reference	data/vanilla/vanilla_creatures/objects/creature_other.txt	165	RAT_DEMON		NAME	1	demon rat	demon rat	恶魔老鼠	data/runtime/rulesets/zh-Hans/creatures/caste.toml | data/runtime/rulesets/zh-Hans/creatures/name.toml	恶魔老鼠	恶魔鼠	creature_raw.NAME[0]; singular; caste=-1; no CASTE_NAME or juvenile substitution	0xaa3bd0(race,out,plural=false,caste=-1); r9w==0xffff -> 0xaa3d69 -> 0xaa3d1e/0xaa3d36; creature_raw+0x20 NAME[0]
reference	data/vanilla/vanilla_creatures/objects/creature_other.txt	244	WAMBLER_FLUFFY		NAME	1	fluffy wambler	fluffy wambler	蓬松毛球	data/runtime/rulesets/zh-Hans/creatures/caste.toml | data/runtime/rulesets/zh-Hans/creatures/name.toml	蓬松毛球	蓬松毛球	creature_raw.NAME[0]; singular; caste=-1; no CASTE_NAME or juvenile substitution	0xaa3bd0(race,out,plural=false,caste=-1); r9w==0xffff -> 0xaa3d69 -> 0xaa3d1e/0xaa3d36; creature_raw+0x20 NAME[0]
reference	data/vanilla/vanilla_creatures/objects/creature_other.txt	316	LIZARD_RHINO_TWO_LEGGED		NAME	1	two-legged rhino lizard	two-legged rhino lizard	双足犀蜥蜴	data/runtime/rulesets/zh-Hans/creatures/caste.toml | data/runtime/rulesets/zh-Hans/creatures/name.toml	双足犀蜥蜴	双足犀蜥蜴	creature_raw.NAME[0]; singular; caste=-1; no CASTE_NAME or juvenile substitution	0xaa3bd0(race,out,plural=false,caste=-1); r9w==0xffff -> 0xaa3d69 -> 0xaa3d1e/0xaa3d36; creature_raw+0x20 NAME[0]
reference	data/vanilla/vanilla_creatures/objects/creature_other.txt	397	WORM_KNUCKLE		NAME	1	knuckle worm	knuckle worm	关节蠕虫	data/runtime/rulesets/zh-Hans/creatures/caste.toml | data/runtime/rulesets/zh-Hans/creatures/name.toml	关节蠕虫	关节蠕虫	creature_raw.NAME[0]; singular; caste=-1; no CASTE_NAME or juvenile substitution	0xaa3bd0(race,out,plural=false,caste=-1); r9w==0xffff -> 0xaa3d69 -> 0xaa3d1e/0xaa3d36; creature_raw+0x20 NAME[0]
reference	data/vanilla/vanilla_creatures/objects/creature_other.txt	440	SPIDER_PHANTOM		NAME	1	phantom spider	phantom spider	幻影蜘蛛	data/runtime/rulesets/zh-Hans/creatures/caste.toml | data/runtime/rulesets/zh-Hans/creatures/name.toml	幻影蜘蛛	幻影蜘蛛	creature_raw.NAME[0]; singular; caste=-1; no CASTE_NAME or juvenile substitution	0xaa3bd0(race,out,plural=false,caste=-1); r9w==0xffff -> 0xaa3d69 -> 0xaa3d1e/0xaa3d36; creature_raw+0x20 NAME[0]
reference	data/vanilla/vanilla_creatures/objects/creature_other.txt	516	FLY_ACORN		NAME	1	acorn fly	acorn fly	橡子蝇	data/runtime/rulesets/zh-Hans/creatures/caste.toml | data/runtime/rulesets/zh-Hans/creatures/name.toml	橡子蝇	橡子蝇	creature_raw.NAME[0]; singular; caste=-1; no CASTE_NAME or juvenile substitution	0xaa3bd0(race,out,plural=false,caste=-1); r9w==0xffff -> 0xaa3d69 -> 0xaa3d1e/0xaa3d36; creature_raw+0x20 NAME[0]
reference	data/vanilla/vanilla_creatures/objects/creature_other.txt	571	GNAT_BLOOD		NAME	1	blood gnat	blood gnat	血飞虫	data/runtime/rulesets/zh-Hans/creatures/caste.toml | data/runtime/rulesets/zh-Hans/creatures/name.toml	血飞虫	血飞虫	creature_raw.NAME[0]; singular; caste=-1; no CASTE_NAME or juvenile substitution	0xaa3bd0(race,out,plural=false,caste=-1); r9w==0xffff -> 0xaa3d69 -> 0xaa3d1e/0xaa3d36; creature_raw+0x20 NAME[0]
reference	data/vanilla/vanilla_creatures/objects/creature_reptiles.txt	7	LIZARD		NAME	1	lizard	lizard	蜥蜴	data/runtime/rulesets/zh-Hans/creatures/caste.toml | data/runtime/rulesets/zh-Hans/creatures/name.toml	蜥蜴	蜥蜴	creature_raw.NAME[0]; singular; caste=-1; no CASTE_NAME or juvenile substitution	0xaa3bd0(race,out,plural=false,caste=-1); r9w==0xffff -> 0xaa3d69 -> 0xaa3d1e/0xaa3d36; creature_raw+0x20 NAME[0]
reference	data/vanilla/vanilla_creatures/objects/creature_reptiles.txt	100	LIZARD_MAN	SELECT_CASTE:ALL	NAME	1	lizard man	lizard man	蜥蜴人	data/runtime/rulesets/zh-Hans/creatures/caste.toml | data/runtime/rulesets/zh-Hans/creatures/name.toml	蜥蜴人	蜥蜴人	creature_raw.NAME[0]; singular; caste=-1; no CASTE_NAME or juvenile substitution	0xaa3bd0(race,out,plural=false,caste=-1); r9w==0xffff -> 0xaa3d69 -> 0xaa3d1e/0xaa3d36; creature_raw+0x20 NAME[0]
reference	data/vanilla/vanilla_creatures/objects/creature_reptiles.txt	119	GIANT_LIZARD	SELECT_CASTE:ALL	NAME	1	giant lizard	giant lizard	巨型蜥蜴	data/runtime/rulesets/zh-Hans/creatures/caste.toml | data/runtime/rulesets/zh-Hans/creatures/name.toml	巨型蜥蜴	巨蜥蜴	creature_raw.NAME[0]; singular; caste=-1; no CASTE_NAME or juvenile substitution	0xaa3bd0(race,out,plural=false,caste=-1); r9w==0xffff -> 0xaa3d69 -> 0xaa3d1e/0xaa3d36; creature_raw+0x20 NAME[0]
reference	data/vanilla/vanilla_creatures/objects/creature_reptiles.txt	139	SKINK		NAME	1	skink	skink	彩舌蜥	data/runtime/rulesets/zh-Hans/creatures/caste.toml | data/runtime/rulesets/zh-Hans/creatures/name.toml	彩舌蜥	彩舌蜥	creature_raw.NAME[0]; singular; caste=-1; no CASTE_NAME or juvenile substitution	0xaa3bd0(race,out,plural=false,caste=-1); r9w==0xffff -> 0xaa3d69 -> 0xaa3d1e/0xaa3d36; creature_raw+0x20 NAME[0]
reference	data/vanilla/vanilla_creatures/objects/creature_reptiles.txt	237	SKINK_MAN	SELECT_CASTE:ALL	NAME	1	skink man	skink man	彩舌蜥人	data/runtime/rulesets/zh-Hans/creatures/caste.toml | data/runtime/rulesets/zh-Hans/creatures/name.toml	彩舌蜥人	彩舌蜥男	creature_raw.NAME[0]; singular; caste=-1; no CASTE_NAME or juvenile substitution	0xaa3bd0(race,out,plural=false,caste=-1); r9w==0xffff -> 0xaa3d69 -> 0xaa3d1e/0xaa3d36; creature_raw+0x20 NAME[0]
reference	data/vanilla/vanilla_creatures/objects/creature_reptiles.txt	254	GIANT_SKINK	SELECT_CASTE:ALL	NAME	1	giant skink	giant skink	巨型彩舌蜥	data/runtime/rulesets/zh-Hans/creatures/caste.toml | data/runtime/rulesets/zh-Hans/creatures/name.toml	巨型彩舌蜥	巨型彩舌蜥	creature_raw.NAME[0]; singular; caste=-1; no CASTE_NAME or juvenile substitution	0xaa3bd0(race,out,plural=false,caste=-1); r9w==0xffff -> 0xaa3d69 -> 0xaa3d1e/0xaa3d36; creature_raw+0x20 NAME[0]
reference	data/vanilla/vanilla_creatures/objects/creature_reptiles.txt	273	CHAMELEON		NAME	1	chameleon	chameleon	变色蜥	data/runtime/rulesets/zh-Hans/creatures/caste.toml | data/runtime/rulesets/zh-Hans/creatures/name.toml	变色蜥	变色龙	creature_raw.NAME[0]; singular; caste=-1; no CASTE_NAME or juvenile substitution	0xaa3bd0(race,out,plural=false,caste=-1); r9w==0xffff -> 0xaa3d69 -> 0xaa3d1e/0xaa3d36; creature_raw+0x20 NAME[0]
reference	data/vanilla/vanilla_creatures/objects/creature_reptiles.txt	374	CHAMELEON_MAN	SELECT_CASTE:ALL	NAME	1	chameleon man	chameleon man	变色蜥人	data/runtime/rulesets/zh-Hans/creatures/caste.toml | data/runtime/rulesets/zh-Hans/creatures/name.toml	变色蜥人	变色蜥人	creature_raw.NAME[0]; singular; caste=-1; no CASTE_NAME or juvenile substitution	0xaa3bd0(race,out,plural=false,caste=-1); r9w==0xffff -> 0xaa3d69 -> 0xaa3d1e/0xaa3d36; creature_raw+0x20 NAME[0]
reference	data/vanilla/vanilla_creatures/objects/creature_reptiles.txt	391	GIANT_CHAMELEON	SELECT_CASTE:ALL	NAME	1	giant chameleon	giant chameleon	巨型变色蜥	data/runtime/rulesets/zh-Hans/creatures/caste.toml | data/runtime/rulesets/zh-Hans/creatures/name.toml	巨型变色蜥	巨变色蜥	creature_raw.NAME[0]; singular; caste=-1; no CASTE_NAME or juvenile substitution	0xaa3bd0(race,out,plural=false,caste=-1); r9w==0xffff -> 0xaa3d69 -> 0xaa3d1e/0xaa3d36; creature_raw+0x20 NAME[0]
reference	data/vanilla/vanilla_creatures/objects/creature_reptiles.txt	411	ANOLE		NAME	1	anole	anole	安乐蜥	data/runtime/rulesets/zh-Hans/creatures/caste.toml | data/runtime/rulesets/zh-Hans/creatures/name.toml	安乐蜥	安乐蜥	creature_raw.NAME[0]; singular; caste=-1; no CASTE_NAME or juvenile substitution	0xaa3bd0(race,out,plural=false,caste=-1); r9w==0xffff -> 0xaa3d69 -> 0xaa3d1e/0xaa3d36; creature_raw+0x20 NAME[0]
reference	data/vanilla/vanilla_creatures/objects/creature_reptiles.txt	508	ANOLE_MAN	SELECT_CASTE:ALL	NAME	1	anole man	anole man	安乐蜥人	data/runtime/rulesets/zh-Hans/creatures/caste.toml | data/runtime/rulesets/zh-Hans/creatures/name.toml	安乐蜥人	安乐蜥人	creature_raw.NAME[0]; singular; caste=-1; no CASTE_NAME or juvenile substitution	0xaa3bd0(race,out,plural=false,caste=-1); r9w==0xffff -> 0xaa3d69 -> 0xaa3d1e/0xaa3d36; creature_raw+0x20 NAME[0]
reference	data/vanilla/vanilla_creatures/objects/creature_reptiles.txt	525	GIANT_ANOLE	SELECT_CASTE:ALL	NAME	1	giant anole	giant anole	巨型安乐蜥	data/runtime/rulesets/zh-Hans/creatures/caste.toml | data/runtime/rulesets/zh-Hans/creatures/name.toml	巨型安乐蜥	巨型安乐蜥	creature_raw.NAME[0]; singular; caste=-1; no CASTE_NAME or juvenile substitution	0xaa3bd0(race,out,plural=false,caste=-1); r9w==0xffff -> 0xaa3d69 -> 0xaa3d1e/0xaa3d36; creature_raw+0x20 NAME[0]
reference	data/vanilla/vanilla_creatures/objects/creature_reptiles.txt	545	IGUANA		NAME	1	iguana	iguana	鬣蜥	data/runtime/rulesets/zh-Hans/creatures/caste.toml | data/runtime/rulesets/zh-Hans/creatures/name.toml	鬣蜥	鬣蜥	creature_raw.NAME[0]; singular; caste=-1; no CASTE_NAME or juvenile substitution	0xaa3bd0(race,out,plural=false,caste=-1); r9w==0xffff -> 0xaa3d69 -> 0xaa3d1e/0xaa3d36; creature_raw+0x20 NAME[0]
reference	data/vanilla/vanilla_creatures/objects/creature_reptiles.txt	652	IGUANA_MAN	SELECT_CASTE:ALL	NAME	1	iguana man	iguana man	鬣蜥人	data/runtime/rulesets/zh-Hans/creatures/caste.toml | data/runtime/rulesets/zh-Hans/creatures/name.toml	鬣蜥人	鬣鳞蜥人	creature_raw.NAME[0]; singular; caste=-1; no CASTE_NAME or juvenile substitution	0xaa3bd0(race,out,plural=false,caste=-1); r9w==0xffff -> 0xaa3d69 -> 0xaa3d1e/0xaa3d36; creature_raw+0x20 NAME[0]
reference	data/vanilla/vanilla_creatures/objects/creature_reptiles.txt	671	GIANT_IGUANA	SELECT_CASTE:ALL	NAME	1	giant iguana	giant iguana	巨型鬣蜥	data/runtime/rulesets/zh-Hans/creatures/caste.toml | data/runtime/rulesets/zh-Hans/creatures/name.toml	巨型鬣蜥	巨型鬣鳞蜥	creature_raw.NAME[0]; singular; caste=-1; no CASTE_NAME or juvenile substitution	0xaa3bd0(race,out,plural=false,caste=-1); r9w==0xffff -> 0xaa3d69 -> 0xaa3d1e/0xaa3d36; creature_raw+0x20 NAME[0]
reference	data/vanilla/vanilla_creatures/objects/creature_riverlakepool_new.txt	12	RIVER OTTER		NAME	1	river otter	river otter	河獭	data/runtime/rulesets/zh-Hans/creatures/caste.toml | data/runtime/rulesets/zh-Hans/creatures/name.toml	河獭	河獭	creature_raw.NAME[0]; singular; caste=-1; no CASTE_NAME or juvenile substitution	0xaa3bd0(race,out,plural=false,caste=-1); r9w==0xffff -> 0xaa3d69 -> 0xaa3d1e/0xaa3d36; creature_raw+0x20 NAME[0]
reference	data/vanilla/vanilla_creatures/objects/creature_riverlakepool_new.txt	109	SEA OTTER		NAME	1	sea otter	sea otter	海獭	data/runtime/rulesets/zh-Hans/creatures/caste.toml | data/runtime/rulesets/zh-Hans/creatures/name.toml	海獭	海獭	creature_raw.NAME[0]; singular; caste=-1; no CASTE_NAME or juvenile substitution	0xaa3bd0(race,out,plural=false,caste=-1); r9w==0xffff -> 0xaa3d69 -> 0xaa3d1e/0xaa3d36; creature_raw+0x20 NAME[0]
reference	data/vanilla/vanilla_creatures/objects/creature_riverlakepool_new.txt	220	OTTER_MAN	SELECT_CASTE:ALL	NAME	1	otter man	otter man	海獭人	data/runtime/rulesets/zh-Hans/creatures/caste.toml | data/runtime/rulesets/zh-Hans/creatures/name.toml	海獭人	水獭人	creature_raw.NAME[0]; singular; caste=-1; no CASTE_NAME or juvenile substitution	0xaa3bd0(race,out,plural=false,caste=-1); r9w==0xffff -> 0xaa3d69 -> 0xaa3d1e/0xaa3d36; creature_raw+0x20 NAME[0]
reference	data/vanilla/vanilla_creatures/objects/creature_riverlakepool_new.txt	239	GIANT_OTTER	SELECT_CASTE:ALL	NAME	1	giant otter	giant otter	巨型海獭	data/runtime/rulesets/zh-Hans/creatures/caste.toml | data/runtime/rulesets/zh-Hans/creatures/name.toml	巨型海獭	巨水獭	creature_raw.NAME[0]; singular; caste=-1; no CASTE_NAME or juvenile substitution	0xaa3bd0(race,out,plural=false,caste=-1); r9w==0xffff -> 0xaa3d69 -> 0xaa3d1e/0xaa3d36; creature_raw+0x20 NAME[0]
reference	data/vanilla/vanilla_creatures/objects/creature_riverlakepool_new.txt	264	SNAPPING TURTLE		NAME	1	common snapping turtle	common snapping turtle	鹰嘴龟	data/runtime/rulesets/zh-Hans/creatures/caste.toml | data/runtime/rulesets/zh-Hans/creatures/name.toml	鹰嘴龟	拟鳄龟	creature_raw.NAME[0]; singular; caste=-1; no CASTE_NAME or juvenile substitution	0xaa3bd0(race,out,plural=false,caste=-1); r9w==0xffff -> 0xaa3d69 -> 0xaa3d1e/0xaa3d36; creature_raw+0x20 NAME[0]
reference	data/vanilla/vanilla_creatures/objects/creature_riverlakepool_new.txt	355	ALLIGATOR SNAPPING TURTLE		NAME	1	alligator snapping turtle	alligator snapping turtle	大鳄龟	data/runtime/rulesets/zh-Hans/creatures/caste.toml | data/runtime/rulesets/zh-Hans/creatures/name.toml	大鳄龟	鳄龟	creature_raw.NAME[0]; singular; caste=-1; no CASTE_NAME or juvenile substitution	0xaa3bd0(race,out,plural=false,caste=-1); r9w==0xffff -> 0xaa3d69 -> 0xaa3d1e/0xaa3d36; creature_raw+0x20 NAME[0]
reference	data/vanilla/vanilla_creatures/objects/creature_riverlakepool_new.txt	462	SNAPPING_TURTLE_MAN	SELECT_CASTE:ALL	NAME	1	snapping turtle man	snapping turtle man	大鳄龟人	data/runtime/rulesets/zh-Hans/creatures/caste.toml | data/runtime/rulesets/zh-Hans/creatures/name.toml	大鳄龟人	鳄龟人	creature_raw.NAME[0]; singular; caste=-1; no CASTE_NAME or juvenile substitution	0xaa3bd0(race,out,plural=false,caste=-1); r9w==0xffff -> 0xaa3d69 -> 0xaa3d1e/0xaa3d36; creature_raw+0x20 NAME[0]
reference	data/vanilla/vanilla_creatures/objects/creature_riverlakepool_new.txt	479	GIANT_SNAPPING_TURTLE	SELECT_CASTE:ALL	NAME	1	giant snapping turtle	giant snapping turtle	巨型大鳄龟	data/runtime/rulesets/zh-Hans/creatures/caste.toml | data/runtime/rulesets/zh-Hans/creatures/name.toml	巨型大鳄龟	巨型拟鳄龟	creature_raw.NAME[0]; singular; caste=-1; no CASTE_NAME or juvenile substitution	0xaa3bd0(race,out,plural=false,caste=-1); r9w==0xffff -> 0xaa3d69 -> 0xaa3d1e/0xaa3d36; creature_raw+0x20 NAME[0]
reference	data/vanilla/vanilla_creatures/objects/creature_riverlakepool_new.txt	501	BEAVER		NAME	1	beaver	beaver	海狸	data/runtime/rulesets/zh-Hans/creatures/caste.toml | data/runtime/rulesets/zh-Hans/creatures/name.toml	海狸	河狸	creature_raw.NAME[0]; singular; caste=-1; no CASTE_NAME or juvenile substitution	0xaa3bd0(race,out,plural=false,caste=-1); r9w==0xffff -> 0xaa3d69 -> 0xaa3d1e/0xaa3d36; creature_raw+0x20 NAME[0]
reference	data/vanilla/vanilla_creatures/objects/creature_riverlakepool_new.txt	611	BEAVER_MAN	SELECT_CASTE:ALL	NAME	1	beaver man	beaver man	海狸人	data/runtime/rulesets/zh-Hans/creatures/caste.toml | data/runtime/rulesets/zh-Hans/creatures/name.toml	海狸人	海狸人	creature_raw.NAME[0]; singular; caste=-1; no CASTE_NAME or juvenile substitution	0xaa3bd0(race,out,plural=false,caste=-1); r9w==0xffff -> 0xaa3d69 -> 0xaa3d1e/0xaa3d36; creature_raw+0x20 NAME[0]
reference	data/vanilla/vanilla_creatures/objects/creature_riverlakepool_new.txt	630	GIANT_BEAVER	SELECT_CASTE:ALL	NAME	1	giant beaver	giant beaver	巨型海狸	data/runtime/rulesets/zh-Hans/creatures/caste.toml | data/runtime/rulesets/zh-Hans/creatures/name.toml	巨型海狸	巨海狸	creature_raw.NAME[0]; singular; caste=-1; no CASTE_NAME or juvenile substitution	0xaa3bd0(race,out,plural=false,caste=-1); r9w==0xffff -> 0xaa3d69 -> 0xaa3d1e/0xaa3d36; creature_raw+0x20 NAME[0]
reference	data/vanilla/vanilla_creatures/objects/creature_riverlakepool_new.txt	656	LEECH		NAME	1	leech	leech	水蛭	data/runtime/rulesets/zh-Hans/creatures/caste.toml | data/runtime/rulesets/zh-Hans/creatures/name.toml	水蛭	水蛭	creature_raw.NAME[0]; singular; caste=-1; no CASTE_NAME or juvenile substitution	0xaa3bd0(race,out,plural=false,caste=-1); r9w==0xffff -> 0xaa3d69 -> 0xaa3d1e/0xaa3d36; creature_raw+0x20 NAME[0]
reference	data/vanilla/vanilla_creatures/objects/creature_riverlakepool_new.txt	721	LEECH_MAN		NAME	1	leech man	leech man	水蛭人	data/runtime/rulesets/zh-Hans/creatures/caste.toml | data/runtime/rulesets/zh-Hans/creatures/name.toml	水蛭人	水蛭人	creature_raw.NAME[0]; singular; caste=-1; no CASTE_NAME or juvenile substitution	0xaa3bd0(race,out,plural=false,caste=-1); r9w==0xffff -> 0xaa3d69 -> 0xaa3d1e/0xaa3d36; creature_raw+0x20 NAME[0]
reference	data/vanilla/vanilla_creatures/objects/creature_riverlakepool_new.txt	739	GIANT_LEECH	SELECT_CASTE:ALL	NAME	1	giant leech	giant leech	巨型水蛭	data/runtime/rulesets/zh-Hans/creatures/caste.toml | data/runtime/rulesets/zh-Hans/creatures/name.toml	巨型水蛭	巨水蛭	creature_raw.NAME[0]; singular; caste=-1; no CASTE_NAME or juvenile substitution	0xaa3bd0(race,out,plural=false,caste=-1); r9w==0xffff -> 0xaa3d69 -> 0xaa3d1e/0xaa3d36; creature_raw+0x20 NAME[0]
reference	data/vanilla/vanilla_creatures/objects/creature_riverlakepool_new.txt	762	AXOLOTL		NAME	1	axolotl	axolotl	蝾螈	data/runtime/rulesets/zh-Hans/creatures/caste.toml | data/runtime/rulesets/zh-Hans/creatures/name.toml	蝾螈	美西螈	creature_raw.NAME[0]; singular; caste=-1; no CASTE_NAME or juvenile substitution	0xaa3bd0(race,out,plural=false,caste=-1); r9w==0xffff -> 0xaa3d69 -> 0xaa3d1e/0xaa3d36; creature_raw+0x20 NAME[0]
reference	data/vanilla/vanilla_creatures/objects/creature_riverlakepool_new.txt	848	AXOLOTL_MAN	SELECT_CASTE:ALL	NAME	1	axolotl man	axolotl man	蝾螈人	data/runtime/rulesets/zh-Hans/creatures/caste.toml | data/runtime/rulesets/zh-Hans/creatures/name.toml	蝾螈人	蝾螈人	creature_raw.NAME[0]; singular; caste=-1; no CASTE_NAME or juvenile substitution	0xaa3bd0(race,out,plural=false,caste=-1); r9w==0xffff -> 0xaa3d69 -> 0xaa3d1e/0xaa3d36; creature_raw+0x20 NAME[0]
reference	data/vanilla/vanilla_creatures/objects/creature_riverlakepool_new.txt	865	GIANT_AXOLOTL	SELECT_CASTE:ALL	NAME	1	giant axolotl	giant axolotl	巨型蝾螈	data/runtime/rulesets/zh-Hans/creatures/caste.toml | data/runtime/rulesets/zh-Hans/creatures/name.toml	巨型蝾螈	巨型蝾螈	creature_raw.NAME[0]; singular; caste=-1; no CASTE_NAME or juvenile substitution	0xaa3bd0(race,out,plural=false,caste=-1); r9w==0xffff -> 0xaa3d69 -> 0xaa3d1e/0xaa3d36; creature_raw+0x20 NAME[0]
reference	data/vanilla/vanilla_creatures/objects/creature_riverlakepool_new.txt	885	MINK		NAME	1	mink	mink	水貂	data/runtime/rulesets/zh-Hans/creatures/caste.toml | data/runtime/rulesets/zh-Hans/creatures/name.toml	水貂	水鼬	creature_raw.NAME[0]; singular; caste=-1; no CASTE_NAME or juvenile substitution	0xaa3bd0(race,out,plural=false,caste=-1); r9w==0xffff -> 0xaa3d69 -> 0xaa3d1e/0xaa3d36; creature_raw+0x20 NAME[0]
reference	data/vanilla/vanilla_creatures/objects/creature_riverlakepool_new.txt	994	MINK_MAN	SELECT_CASTE:ALL	NAME	1	mink man	mink man	水貂人	data/runtime/rulesets/zh-Hans/creatures/caste.toml | data/runtime/rulesets/zh-Hans/creatures/name.toml	水貂人	水貂人	creature_raw.NAME[0]; singular; caste=-1; no CASTE_NAME or juvenile substitution	0xaa3bd0(race,out,plural=false,caste=-1); r9w==0xffff -> 0xaa3d69 -> 0xaa3d1e/0xaa3d36; creature_raw+0x20 NAME[0]
reference	data/vanilla/vanilla_creatures/objects/creature_riverlakepool_new.txt	1013	GIANT_MINK	SELECT_CASTE:ALL	NAME	1	giant mink	giant mink	巨型水貂	data/runtime/rulesets/zh-Hans/creatures/caste.toml | data/runtime/rulesets/zh-Hans/creatures/name.toml	巨型水貂	巨水貂	creature_raw.NAME[0]; singular; caste=-1; no CASTE_NAME or juvenile substitution	0xaa3bd0(race,out,plural=false,caste=-1); r9w==0xffff -> 0xaa3d69 -> 0xaa3d1e/0xaa3d36; creature_raw+0x20 NAME[0]
reference	data/vanilla/vanilla_creatures/objects/creature_riverlakepool_new.txt	1036	POND_TURTLE		NAME	1	pond turtle	pond turtle	池龟	data/runtime/rulesets/zh-Hans/creatures/caste.toml | data/runtime/rulesets/zh-Hans/creatures/name.toml	池龟	池龟	creature_raw.NAME[0]; singular; caste=-1; no CASTE_NAME or juvenile substitution	0xaa3bd0(race,out,plural=false,caste=-1); r9w==0xffff -> 0xaa3d69 -> 0xaa3d1e/0xaa3d36; creature_raw+0x20 NAME[0]
reference	data/vanilla/vanilla_creatures/objects/creature_riverlakepool_new.txt	1137	POND_TURTLE_MAN	SELECT_CASTE:ALL	NAME	1	pond turtle man	pond turtle man	池龟人	data/runtime/rulesets/zh-Hans/creatures/caste.toml | data/runtime/rulesets/zh-Hans/creatures/name.toml	池龟人	池龟人	creature_raw.NAME[0]; singular; caste=-1; no CASTE_NAME or juvenile substitution	0xaa3bd0(race,out,plural=false,caste=-1); r9w==0xffff -> 0xaa3d69 -> 0xaa3d1e/0xaa3d36; creature_raw+0x20 NAME[0]
reference	data/vanilla/vanilla_creatures/objects/creature_riverlakepool_new.txt	1154	GIANT_POND_TURTLE	SELECT_CASTE:ALL	NAME	1	giant pond turtle	giant pond turtle	巨型池龟	data/runtime/rulesets/zh-Hans/creatures/caste.toml | data/runtime/rulesets/zh-Hans/creatures/name.toml	巨型池龟	巨池龟	creature_raw.NAME[0]; singular; caste=-1; no CASTE_NAME or juvenile substitution	0xaa3bd0(race,out,plural=false,caste=-1); r9w==0xffff -> 0xaa3d69 -> 0xaa3d1e/0xaa3d36; creature_raw+0x20 NAME[0]
reference	data/vanilla/vanilla_creatures/objects/creature_small_mammal_new.txt	11	HAMSTER		NAME	1	hamster	hamster	仓鼠	data/runtime/rulesets/zh-Hans/creatures/caste.toml | data/runtime/rulesets/zh-Hans/creatures/name.toml	仓鼠	仓鼠	creature_raw.NAME[0]; singular; caste=-1; no CASTE_NAME or juvenile substitution	0xaa3bd0(race,out,plural=false,caste=-1); r9w==0xffff -> 0xaa3d69 -> 0xaa3d1e/0xaa3d36; creature_raw+0x20 NAME[0]
reference	data/vanilla/vanilla_creatures/objects/creature_small_mammal_new.txt	112	HAMSTER_MAN	SELECT_CASTE:ALL	NAME	1	hamster man	hamster man	仓鼠人	data/runtime/rulesets/zh-Hans/creatures/caste.toml | data/runtime/rulesets/zh-Hans/creatures/name.toml	仓鼠人	仓鼠人	creature_raw.NAME[0]; singular; caste=-1; no CASTE_NAME or juvenile substitution	0xaa3bd0(race,out,plural=false,caste=-1); r9w==0xffff -> 0xaa3d69 -> 0xaa3d1e/0xaa3d36; creature_raw+0x20 NAME[0]
reference	data/vanilla/vanilla_creatures/objects/creature_small_mammal_new.txt	131	GIANT_HAMSTER	SELECT_CASTE:ALL	NAME	1	giant hamster	giant hamster	巨型仓鼠	data/runtime/rulesets/zh-Hans/creatures/caste.toml | data/runtime/rulesets/zh-Hans/creatures/name.toml	巨型仓鼠	巨型仓鼠	creature_raw.NAME[0]; singular; caste=-1; no CASTE_NAME or juvenile substitution	0xaa3bd0(race,out,plural=false,caste=-1); r9w==0xffff -> 0xaa3d69 -> 0xaa3d1e/0xaa3d36; creature_raw+0x20 NAME[0]
reference	data/vanilla/vanilla_creatures/objects/creature_small_mammal_new.txt	153	HEDGEHOG		NAME	1	hedgehog	hedgehog	刺猬	data/runtime/rulesets/zh-Hans/creatures/caste.toml | data/runtime/rulesets/zh-Hans/creatures/name.toml	刺猬	刺猬	creature_raw.NAME[0]; singular; caste=-1; no CASTE_NAME or juvenile substitution	0xaa3bd0(race,out,plural=false,caste=-1); r9w==0xffff -> 0xaa3d69 -> 0xaa3d1e/0xaa3d36; creature_raw+0x20 NAME[0]
reference	data/vanilla/vanilla_creatures/objects/creature_small_mammal_new.txt	262	HEDGEHOG_MAN	SELECT_CASTE:ALL	NAME	1	hedgehog man	hedgehog man	刺猬人	data/runtime/rulesets/zh-Hans/creatures/caste.toml | data/runtime/rulesets/zh-Hans/creatures/name.toml	刺猬人	刺猬人	creature_raw.NAME[0]; singular; caste=-1; no CASTE_NAME or juvenile substitution	0xaa3bd0(race,out,plural=false,caste=-1); r9w==0xffff -> 0xaa3d69 -> 0xaa3d1e/0xaa3d36; creature_raw+0x20 NAME[0]
reference	data/vanilla/vanilla_creatures/objects/creature_small_mammal_new.txt	281	GIANT_HEDGEHOG	SELECT_CASTE:ALL	NAME	1	giant hedgehog	giant hedgehog	巨型刺猬	data/runtime/rulesets/zh-Hans/creatures/caste.toml | data/runtime/rulesets/zh-Hans/creatures/name.toml	巨型刺猬	巨刺猬	creature_raw.NAME[0]; singular; caste=-1; no CASTE_NAME or juvenile substitution	0xaa3bd0(race,out,plural=false,caste=-1); r9w==0xffff -> 0xaa3d69 -> 0xaa3d1e/0xaa3d36; creature_raw+0x20 NAME[0]
reference	data/vanilla/vanilla_creatures/objects/creature_small_mammal_new.txt	303	SQUIRREL_FLYING		NAME	1	flying squirrel	flying squirrel	鼯鼠	data/runtime/rulesets/zh-Hans/creatures/caste.toml | data/runtime/rulesets/zh-Hans/creatures/name.toml	鼯鼠	鼯鼠	creature_raw.NAME[0]; singular; caste=-1; no CASTE_NAME or juvenile substitution	0xaa3bd0(race,out,plural=false,caste=-1); r9w==0xffff -> 0xaa3d69 -> 0xaa3d1e/0xaa3d36; creature_raw+0x20 NAME[0]
reference	data/vanilla/vanilla_creatures/objects/creature_small_mammal_new.txt	406	FLYING_SQUIRREL_MAN	SELECT_CASTE:ALL	NAME	1	flying squirrel man	flying squirrel man	鼯鼠人	data/runtime/rulesets/zh-Hans/creatures/caste.toml | data/runtime/rulesets/zh-Hans/creatures/name.toml	鼯鼠人	鼯鼠男	creature_raw.NAME[0]; singular; caste=-1; no CASTE_NAME or juvenile substitution	0xaa3bd0(race,out,plural=false,caste=-1); r9w==0xffff -> 0xaa3d69 -> 0xaa3d1e/0xaa3d36; creature_raw+0x20 NAME[0]
reference	data/vanilla/vanilla_creatures/objects/creature_small_mammal_new.txt	425	GIANT_FLYING_SQUIRREL	SELECT_CASTE:ALL	NAME	1	giant flying squirrel	giant flying squirrel	巨型鼯鼠	data/runtime/rulesets/zh-Hans/creatures/caste.toml | data/runtime/rulesets/zh-Hans/creatures/name.toml	巨型鼯鼠	巨鼯鼠	creature_raw.NAME[0]; singular; caste=-1; no CASTE_NAME or juvenile substitution	0xaa3bd0(race,out,plural=false,caste=-1); r9w==0xffff -> 0xaa3d69 -> 0xaa3d1e/0xaa3d36; creature_raw+0x20 NAME[0]
reference	data/vanilla/vanilla_creatures/objects/creature_small_mammals.txt	7	RAT		NAME	1	rat	rat	老鼠	data/runtime/rulesets/zh-Hans/creatures/caste.toml | data/runtime/rulesets/zh-Hans/creatures/name.toml	老鼠	鼠	creature_raw.NAME[0]; singular; caste=-1; no CASTE_NAME or juvenile substitution	0xaa3bd0(race,out,plural=false,caste=-1); r9w==0xffff -> 0xaa3d69 -> 0xaa3d1e/0xaa3d36; creature_raw+0x20 NAME[0]
reference	data/vanilla/vanilla_creatures/objects/creature_small_mammals.txt	114	RAT_MAN	SELECT_CASTE:ALL	NAME	1	rat man	rat man	老鼠人	data/runtime/rulesets/zh-Hans/creatures/caste.toml | data/runtime/rulesets/zh-Hans/creatures/name.toml	老鼠人	鼠男	creature_raw.NAME[0]; singular; caste=-1; no CASTE_NAME or juvenile substitution	0xaa3bd0(race,out,plural=false,caste=-1); r9w==0xffff -> 0xaa3d69 -> 0xaa3d1e/0xaa3d36; creature_raw+0x20 NAME[0]
reference	data/vanilla/vanilla_creatures/objects/creature_small_mammals.txt	126	SQUIRREL_GRAY		NAME	1	gray squirrel	gray squirrel	灰松鼠	data/runtime/rulesets/zh-Hans/creatures/caste.toml | data/runtime/rulesets/zh-Hans/creatures/name.toml	灰松鼠	灰松鼠	creature_raw.NAME[0]; singular; caste=-1; no CASTE_NAME or juvenile substitution	0xaa3bd0(race,out,plural=false,caste=-1); r9w==0xffff -> 0xaa3d69 -> 0xaa3d1e/0xaa3d36; creature_raw+0x20 NAME[0]
reference	data/vanilla/vanilla_creatures/objects/creature_small_mammals.txt	228	SQUIRREL_GRAY_MAN	SELECT_CASTE:ALL	NAME	1	gray squirrel man	gray squirrel man	灰松鼠人	data/runtime/rulesets/zh-Hans/creatures/caste.toml | data/runtime/rulesets/zh-Hans/creatures/name.toml	灰松鼠人	灰松鼠人	creature_raw.NAME[0]; singular; caste=-1; no CASTE_NAME or juvenile substitution	0xaa3bd0(race,out,plural=false,caste=-1); r9w==0xffff -> 0xaa3d69 -> 0xaa3d1e/0xaa3d36; creature_raw+0x20 NAME[0]
reference	data/vanilla/vanilla_creatures/objects/creature_small_mammals.txt	247	GIANT_SQUIRREL_GRAY	SELECT_CASTE:ALL	NAME	1	giant gray squirrel	giant gray squirrel	巨型灰松鼠	data/runtime/rulesets/zh-Hans/creatures/caste.toml | data/runtime/rulesets/zh-Hans/creatures/name.toml	巨型灰松鼠	巨灰松鼠	creature_raw.NAME[0]; singular; caste=-1; no CASTE_NAME or juvenile substitution	0xaa3bd0(race,out,plural=false,caste=-1); r9w==0xffff -> 0xaa3d69 -> 0xaa3d1e/0xaa3d36; creature_raw+0x20 NAME[0]
reference	data/vanilla/vanilla_creatures/objects/creature_small_mammals.txt	267	SQUIRREL_RED		NAME	1	red squirrel	red squirrel	红松鼠	data/runtime/rulesets/zh-Hans/creatures/caste.toml | data/runtime/rulesets/zh-Hans/creatures/name.toml	红松鼠	红松鼠	creature_raw.NAME[0]; singular; caste=-1; no CASTE_NAME or juvenile substitution	0xaa3bd0(race,out,plural=false,caste=-1); r9w==0xffff -> 0xaa3d69 -> 0xaa3d1e/0xaa3d36; creature_raw+0x20 NAME[0]
reference	data/vanilla/vanilla_creatures/objects/creature_small_mammals.txt	369	SQUIRREL_RED_MAN	SELECT_CASTE:ALL	NAME	1	red squirrel man	red squirrel man	红松鼠人	data/runtime/rulesets/zh-Hans/creatures/caste.toml | data/runtime/rulesets/zh-Hans/creatures/name.toml	红松鼠人	红松鼠人	creature_raw.NAME[0]; singular; caste=-1; no CASTE_NAME or juvenile substitution	0xaa3bd0(race,out,plural=false,caste=-1); r9w==0xffff -> 0xaa3d69 -> 0xaa3d1e/0xaa3d36; creature_raw+0x20 NAME[0]
reference	data/vanilla/vanilla_creatures/objects/creature_small_mammals.txt	388	GIANT_SQUIRREL_RED	SELECT_CASTE:ALL	NAME	1	giant red squirrel	giant red squirrel	巨型红松鼠	data/runtime/rulesets/zh-Hans/creatures/caste.toml | data/runtime/rulesets/zh-Hans/creatures/name.toml	巨型红松鼠	巨红松鼠	creature_raw.NAME[0]; singular; caste=-1; no CASTE_NAME or juvenile substitution	0xaa3bd0(race,out,plural=false,caste=-1); r9w==0xffff -> 0xaa3d69 -> 0xaa3d1e/0xaa3d36; creature_raw+0x20 NAME[0]
reference	data/vanilla/vanilla_creatures/objects/creature_small_mammals.txt	408	CHIPMUNK		NAME	1	chipmunk	chipmunk	花栗鼠	data/runtime/rulesets/zh-Hans/creatures/caste.toml | data/runtime/rulesets/zh-Hans/creatures/name.toml	花栗鼠	花栗鼠	creature_raw.NAME[0]; singular; caste=-1; no CASTE_NAME or juvenile substitution	0xaa3bd0(race,out,plural=false,caste=-1); r9w==0xffff -> 0xaa3d69 -> 0xaa3d1e/0xaa3d36; creature_raw+0x20 NAME[0]
reference	data/vanilla/vanilla_creatures/objects/creature_small_mammals.txt	510	CHIPMUNK_MAN	SELECT_CASTE:ALL	NAME	1	chipmunk man	chipmunk man	花栗鼠人	data/runtime/rulesets/zh-Hans/creatures/caste.toml | data/runtime/rulesets/zh-Hans/creatures/name.toml	花栗鼠人	花栗鼠人	creature_raw.NAME[0]; singular; caste=-1; no CASTE_NAME or juvenile substitution	0xaa3bd0(race,out,plural=false,caste=-1); r9w==0xffff -> 0xaa3d69 -> 0xaa3d1e/0xaa3d36; creature_raw+0x20 NAME[0]
reference	data/vanilla/vanilla_creatures/objects/creature_small_mammals.txt	529	GIANT_CHIPMUNK	SELECT_CASTE:ALL	NAME	1	giant chipmunk	giant chipmunk	巨型花栗鼠	data/runtime/rulesets/zh-Hans/creatures/caste.toml | data/runtime/rulesets/zh-Hans/creatures/name.toml	巨型花栗鼠	巨花栗鼠	creature_raw.NAME[0]; singular; caste=-1; no CASTE_NAME or juvenile substitution	0xaa3bd0(race,out,plural=false,caste=-1); r9w==0xffff -> 0xaa3d69 -> 0xaa3d1e/0xaa3d36; creature_raw+0x20 NAME[0]
reference	data/vanilla/vanilla_creatures/objects/creature_small_ocean.txt	7	MUSSEL		NAME	1	mussel	mussel	贻贝	data/runtime/rulesets/zh-Hans/creatures/caste.toml | data/runtime/rulesets/zh-Hans/creatures/name.toml	贻贝	贻贝	creature_raw.NAME[0]; singular; caste=-1; no CASTE_NAME or juvenile substitution	0xaa3bd0(race,out,plural=false,caste=-1); r9w==0xffff -> 0xaa3d69 -> 0xaa3d1e/0xaa3d36; creature_raw+0x20 NAME[0]
reference	data/vanilla/vanilla_creatures/objects/creature_small_ocean.txt	64	OYSTER		NAME	1	oyster	oyster	牡蛎	data/runtime/rulesets/zh-Hans/creatures/caste.toml | data/runtime/rulesets/zh-Hans/creatures/name.toml	牡蛎	牡蛎	creature_raw.NAME[0]; singular; caste=-1; no CASTE_NAME or juvenile substitution	0xaa3bd0(race,out,plural=false,caste=-1); r9w==0xffff -> 0xaa3d69 -> 0xaa3d1e/0xaa3d36; creature_raw+0x20 NAME[0]
reference	data/vanilla/vanilla_creatures/objects/creature_small_ocean.txt	119	FISH_SALMON		NAME	1	salmon	salmon	鲑鱼	data/runtime/rulesets/zh-Hans/creatures/caste.toml | data/runtime/rulesets/zh-Hans/creatures/name.toml	鲑鱼	鲑鱼	creature_raw.NAME[0]; singular; caste=-1; no CASTE_NAME or juvenile substitution	0xaa3bd0(race,out,plural=false,caste=-1); r9w==0xffff -> 0xaa3d69 -> 0xaa3d1e/0xaa3d36; creature_raw+0x20 NAME[0]
reference	data/vanilla/vanilla_creatures/objects/creature_small_ocean.txt	193	FISH_CLOWNFISH		NAME	1	clownfish	clownfish	小丑鱼	data/runtime/rulesets/zh-Hans/creatures/caste.toml | data/runtime/rulesets/zh-Hans/creatures/name.toml	小丑鱼	小丑鱼	creature_raw.NAME[0]; singular; caste=-1; no CASTE_NAME or juvenile substitution	0xaa3bd0(race,out,plural=false,caste=-1); r9w==0xffff -> 0xaa3d69 -> 0xaa3d1e/0xaa3d36; creature_raw+0x20 NAME[0]
reference	data/vanilla/vanilla_creatures/objects/creature_small_ocean.txt	263	FISH_HAGFISH		NAME	1	hagfish	hagfish	盲鳗	data/runtime/rulesets/zh-Hans/creatures/caste.toml | data/runtime/rulesets/zh-Hans/creatures/name.toml	盲鳗	盲鳗	creature_raw.NAME[0]; singular; caste=-1; no CASTE_NAME or juvenile substitution	0xaa3bd0(race,out,plural=false,caste=-1); r9w==0xffff -> 0xaa3d69 -> 0xaa3d1e/0xaa3d36; creature_raw+0x20 NAME[0]
reference	data/vanilla/vanilla_creatures/objects/creature_small_ocean.txt	331	FISH_LAMPREY_BROOK		NAME	1	brook lamprey	brook lamprey	河七鳃鳗	data/runtime/rulesets/zh-Hans/creatures/caste.toml | data/runtime/rulesets/zh-Hans/creatures/name.toml	河七鳃鳗	河七鳃鳗	creature_raw.NAME[0]; singular; caste=-1; no CASTE_NAME or juvenile substitution	0xaa3bd0(race,out,plural=false,caste=-1); r9w==0xffff -> 0xaa3d69 -> 0xaa3d1e/0xaa3d36; creature_raw+0x20 NAME[0]
reference	data/vanilla/vanilla_creatures/objects/creature_small_ocean.txt	400	FISH_RAY_BAT		NAME	1	bat ray	bat ray	蝠鲼	data/runtime/rulesets/zh-Hans/creatures/caste.toml | data/runtime/rulesets/zh-Hans/creatures/name.toml	蝠鲼	蝠鲼	creature_raw.NAME[0]; singular; caste=-1; no CASTE_NAME or juvenile substitution	0xaa3bd0(race,out,plural=false,caste=-1); r9w==0xffff -> 0xaa3d69 -> 0xaa3d1e/0xaa3d36; creature_raw+0x20 NAME[0]
reference	data/vanilla/vanilla_creatures/objects/creature_small_ocean.txt	468	FISH_RAY_THORNBACK		NAME	1	thornback ray	thornback ray	刺鳐	data/runtime/rulesets/zh-Hans/creatures/caste.toml | data/runtime/rulesets/zh-Hans/creatures/name.toml	刺鳐	刺鳐	creature_raw.NAME[0]; singular; caste=-1; no CASTE_NAME or juvenile substitution	0xaa3bd0(race,out,plural=false,caste=-1); r9w==0xffff -> 0xaa3d69 -> 0xaa3d1e/0xaa3d36; creature_raw+0x20 NAME[0]
reference	data/vanilla/vanilla_creatures/objects/creature_small_ocean.txt	535	FISH_RATFISH_SPOTTED		NAME	1	spotted ratfish	spotted ratfish	斑点鼠鱼	data/runtime/rulesets/zh-Hans/creatures/caste.toml | data/runtime/rulesets/zh-Hans/creatures/name.toml	斑点鼠鱼	科氏兔银鲛	creature_raw.NAME[0]; singular; caste=-1; no CASTE_NAME or juvenile substitution	0xaa3bd0(race,out,plural=false,caste=-1); r9w==0xffff -> 0xaa3d69 -> 0xaa3d1e/0xaa3d36; creature_raw+0x20 NAME[0]
reference	data/vanilla/vanilla_creatures/objects/creature_small_ocean.txt	605	FISH_HERRING		NAME	1	herring	herring	鲱鱼	data/runtime/rulesets/zh-Hans/creatures/caste.toml | data/runtime/rulesets/zh-Hans/creatures/name.toml	鲱鱼	鲱鱼	creature_raw.NAME[0]; singular; caste=-1; no CASTE_NAME or juvenile substitution	0xaa3bd0(race,out,plural=false,caste=-1); r9w==0xffff -> 0xaa3d69 -> 0xaa3d1e/0xaa3d36; creature_raw+0x20 NAME[0]
reference	data/vanilla/vanilla_creatures/objects/creature_small_ocean.txt	677	FISH_SHAD		NAME	1	shad	shad	河鲱	data/runtime/rulesets/zh-Hans/creatures/caste.toml | data/runtime/rulesets/zh-Hans/creatures/name.toml	河鲱	河鲱	creature_raw.NAME[0]; singular; caste=-1; no CASTE_NAME or juvenile substitution	0xaa3bd0(race,out,plural=false,caste=-1); r9w==0xffff -> 0xaa3d69 -> 0xaa3d1e/0xaa3d36; creature_raw+0x20 NAME[0]
reference	data/vanilla/vanilla_creatures/objects/creature_small_ocean.txt	752	FISH_ANCHOVY		NAME	1	anchovy	anchovy	凤尾鱼	data/runtime/rulesets/zh-Hans/creatures/caste.toml | data/runtime/rulesets/zh-Hans/creatures/name.toml	凤尾鱼	凤尾鱼	creature_raw.NAME[0]; singular; caste=-1; no CASTE_NAME or juvenile substitution	0xaa3bd0(race,out,plural=false,caste=-1); r9w==0xffff -> 0xaa3d69 -> 0xaa3d1e/0xaa3d36; creature_raw+0x20 NAME[0]
reference	data/vanilla/vanilla_creatures/objects/creature_small_ocean.txt	823	FISH_TROUT_STEELHEAD		NAME	1	steelhead trout	steelhead trout	硬头鳟	data/runtime/rulesets/zh-Hans/creatures/caste.toml | data/runtime/rulesets/zh-Hans/creatures/name.toml	硬头鳟	硬头鳟	creature_raw.NAME[0]; singular; caste=-1; no CASTE_NAME or juvenile substitution	0xaa3bd0(race,out,plural=false,caste=-1); r9w==0xffff -> 0xaa3d69 -> 0xaa3d1e/0xaa3d36; creature_raw+0x20 NAME[0]
reference	data/vanilla/vanilla_creatures/objects/creature_small_ocean.txt	897	FISH_HAKE		NAME	1	hake	hake	无须鳕	data/runtime/rulesets/zh-Hans/creatures/caste.toml | data/runtime/rulesets/zh-Hans/creatures/name.toml	无须鳕	无须鳕	creature_raw.NAME[0]; singular; caste=-1; no CASTE_NAME or juvenile substitution	0xaa3bd0(race,out,plural=false,caste=-1); r9w==0xffff -> 0xaa3d69 -> 0xaa3d1e/0xaa3d36; creature_raw+0x20 NAME[0]
reference	data/vanilla/vanilla_creatures/objects/creature_small_ocean.txt	969	FISH_SEAHORSE		NAME	1	seahorse	seahorse	海马	data/runtime/rulesets/zh-Hans/creatures/caste.toml | data/runtime/rulesets/zh-Hans/creatures/name.toml	海马	海马	creature_raw.NAME[0]; singular; caste=-1; no CASTE_NAME or juvenile substitution	0xaa3bd0(race,out,plural=false,caste=-1); r9w==0xffff -> 0xaa3d69 -> 0xaa3d1e/0xaa3d36; creature_raw+0x20 NAME[0]
reference	data/vanilla/vanilla_creatures/objects/creature_small_ocean.txt	1034	FISH_GLASSEYE		NAME	1	glasseye	glasseye	斑鳍大眼鲷	data/runtime/rulesets/zh-Hans/creatures/caste.toml | data/runtime/rulesets/zh-Hans/creatures/name.toml	斑鳍大眼鲷	斑鳍大眼鲷	creature_raw.NAME[0]; singular; caste=-1; no CASTE_NAME or juvenile substitution	0xaa3bd0(race,out,plural=false,caste=-1); r9w==0xffff -> 0xaa3d69 -> 0xaa3d1e/0xaa3d36; creature_raw+0x20 NAME[0]
reference	data/vanilla/vanilla_creatures/objects/creature_small_ocean.txt	1105	FISH_PUFFER_WHITE_SPOTTED		NAME	1	white-spotted puffer	white-spotted puffer	白斑河豚	data/runtime/rulesets/zh-Hans/creatures/caste.toml | data/runtime/rulesets/zh-Hans/creatures/name.toml	白斑河豚	白斑河豚	creature_raw.NAME[0]; singular; caste=-1; no CASTE_NAME or juvenile substitution	0xaa3bd0(race,out,plural=false,caste=-1); r9w==0xffff -> 0xaa3d69 -> 0xaa3d1e/0xaa3d36; creature_raw+0x20 NAME[0]
reference	data/vanilla/vanilla_creatures/objects/creature_small_ocean.txt	1169	FISH_SOLE		NAME	1	sole	sole	鳎鱼	data/runtime/rulesets/zh-Hans/creatures/caste.toml | data/runtime/rulesets/zh-Hans/creatures/name.toml	鳎鱼	鳎鱼	creature_raw.NAME[0]; singular; caste=-1; no CASTE_NAME or juvenile substitution	0xaa3bd0(race,out,plural=false,caste=-1); r9w==0xffff -> 0xaa3d69 -> 0xaa3d1e/0xaa3d36; creature_raw+0x20 NAME[0]
reference	data/vanilla/vanilla_creatures/objects/creature_small_ocean.txt	1240	FISH_FLOUNDER		NAME	1	flounder	flounder	鲽鱼	data/runtime/rulesets/zh-Hans/creatures/caste.toml | data/runtime/rulesets/zh-Hans/creatures/name.toml	鲽鱼	鲽鱼	creature_raw.NAME[0]; singular; caste=-1; no CASTE_NAME or juvenile substitution	0xaa3bd0(race,out,plural=false,caste=-1); r9w==0xffff -> 0xaa3d69 -> 0xaa3d1e/0xaa3d36; creature_raw+0x20 NAME[0]
reference	data/vanilla/vanilla_creatures/objects/creature_small_ocean.txt	1310	FISH_MACKEREL		NAME	1	mackerel	mackerel	鲭鱼	data/runtime/rulesets/zh-Hans/creatures/caste.toml | data/runtime/rulesets/zh-Hans/creatures/name.toml	鲭鱼	鲭鱼	creature_raw.NAME[0]; singular; caste=-1; no CASTE_NAME or juvenile substitution	0xaa3bd0(race,out,plural=false,caste=-1); r9w==0xffff -> 0xaa3d69 -> 0xaa3d1e/0xaa3d36; creature_raw+0x20 NAME[0]
reference	data/vanilla/vanilla_creatures/objects/creature_small_ocean.txt	1382	JELLYFISH_SEA_NETTLE		NAME	1	sea nettle jellyfish	sea nettle jellyfish	海荨麻水母	data/runtime/rulesets/zh-Hans/creatures/caste.toml | data/runtime/rulesets/zh-Hans/creatures/name.toml	海荨麻水母	海荨麻水母	creature_raw.NAME[0]; singular; caste=-1; no CASTE_NAME or juvenile substitution	0xaa3bd0(race,out,plural=false,caste=-1); r9w==0xffff -> 0xaa3d69 -> 0xaa3d1e/0xaa3d36; creature_raw+0x20 NAME[0]
reference	data/vanilla/vanilla_creatures/objects/creature_small_ocean.txt	1429	SQUID		NAME	1	squid	squid	鱿鱼	data/runtime/rulesets/zh-Hans/creatures/caste.toml | data/runtime/rulesets/zh-Hans/creatures/name.toml	鱿鱼	鱿鱼	creature_raw.NAME[0]; singular; caste=-1; no CASTE_NAME or juvenile substitution	0xaa3bd0(race,out,plural=false,caste=-1); r9w==0xffff -> 0xaa3d69 -> 0xaa3d1e/0xaa3d36; creature_raw+0x20 NAME[0]
reference	data/vanilla/vanilla_creatures/objects/creature_small_ocean.txt	1541	SQUID MAN	SELECT_CASTE:ALL	NAME	1	squid man	squid man	鱿鱼人	data/runtime/rulesets/zh-Hans/creatures/caste.toml | data/runtime/rulesets/zh-Hans/creatures/name.toml	鱿鱼人	鱿鱼人	creature_raw.NAME[0]; singular; caste=-1; no CASTE_NAME or juvenile substitution	0xaa3bd0(race,out,plural=false,caste=-1); r9w==0xffff -> 0xaa3d69 -> 0xaa3d1e/0xaa3d36; creature_raw+0x20 NAME[0]
reference	data/vanilla/vanilla_creatures/objects/creature_small_ocean.txt	1567	GIGANTIC SQUID		NAME	1	gigantic squid	gigantic squid	巨型鱿鱼	data/runtime/rulesets/zh-Hans/creatures/caste.toml | data/runtime/rulesets/zh-Hans/creatures/name.toml	巨型鱿鱼	巨鱿鱼	creature_raw.NAME[0]; singular; caste=-1; no CASTE_NAME or juvenile substitution	0xaa3bd0(race,out,plural=false,caste=-1); r9w==0xffff -> 0xaa3d69 -> 0xaa3d1e/0xaa3d36; creature_raw+0x20 NAME[0]
reference	data/vanilla/vanilla_creatures/objects/creature_small_riverlake.txt	7	FISH_LUNGFISH		NAME	1	lungfish	lungfish	肺鱼	data/runtime/rulesets/zh-Hans/creatures/caste.toml | data/runtime/rulesets/zh-Hans/creatures/name.toml	肺鱼	肺鱼	creature_raw.NAME[0]; singular; caste=-1; no CASTE_NAME or juvenile substitution	0xaa3bd0(race,out,plural=false,caste=-1); r9w==0xffff -> 0xaa3d69 -> 0xaa3d1e/0xaa3d36; creature_raw+0x20 NAME[0]
reference	data/vanilla/vanilla_creatures/objects/creature_small_riverlake.txt	88	FISH_LOACH_CLOWN		NAME	1	clown loach	clown loach	丑鳅鱼	data/runtime/rulesets/zh-Hans/creatures/caste.toml | data/runtime/rulesets/zh-Hans/creatures/name.toml	丑鳅鱼	丑鳅鱼	creature_raw.NAME[0]; singular; caste=-1; no CASTE_NAME or juvenile substitution	0xaa3bd0(race,out,plural=false,caste=-1); r9w==0xffff -> 0xaa3d69 -> 0xaa3d1e/0xaa3d36; creature_raw+0x20 NAME[0]
reference	data/vanilla/vanilla_creatures/objects/creature_small_riverlake.txt	159	FISH_BULLHEAD_BROWN		NAME	1	brown bullhead	brown bullhead	棕鲶鱼	data/runtime/rulesets/zh-Hans/creatures/caste.toml | data/runtime/rulesets/zh-Hans/creatures/name.toml	棕鲶鱼	棕鲶鱼	creature_raw.NAME[0]; singular; caste=-1; no CASTE_NAME or juvenile substitution	0xaa3bd0(race,out,plural=false,caste=-1); r9w==0xffff -> 0xaa3d69 -> 0xaa3d1e/0xaa3d36; creature_raw+0x20 NAME[0]
reference	data/vanilla/vanilla_creatures/objects/creature_small_riverlake.txt	230	FISH_BULLHEAD_YELLOW		NAME	1	yellow bullhead	yellow bullhead	黄鲶鱼	data/runtime/rulesets/zh-Hans/creatures/caste.toml | data/runtime/rulesets/zh-Hans/creatures/name.toml	黄鲶鱼	黄鲶鱼	creature_raw.NAME[0]; singular; caste=-1; no CASTE_NAME or juvenile substitution	0xaa3bd0(race,out,plural=false,caste=-1); r9w==0xffff -> 0xaa3d69 -> 0xaa3d1e/0xaa3d36; creature_raw+0x20 NAME[0]
reference	data/vanilla/vanilla_creatures/objects/creature_small_riverlake.txt	301	FISH_BULLHEAD_BLACK		NAME	1	black bullhead	black bullhead	黑鲶鱼	data/runtime/rulesets/zh-Hans/creatures/caste.toml | data/runtime/rulesets/zh-Hans/creatures/name.toml	黑鲶鱼	黑鲶鱼	creature_raw.NAME[0]; singular; caste=-1; no CASTE_NAME or juvenile substitution	0xaa3bd0(race,out,plural=false,caste=-1); r9w==0xffff -> 0xaa3d69 -> 0xaa3d1e/0xaa3d36; creature_raw+0x20 NAME[0]
reference	data/vanilla/vanilla_creatures/objects/creature_small_riverlake.txt	372	FISH_KNIFEFISH_BANDED		NAME	1	banded knifefish	banded knifefish	带状刀鱼	data/runtime/rulesets/zh-Hans/creatures/caste.toml | data/runtime/rulesets/zh-Hans/creatures/name.toml	带状刀鱼	带状刀鱼	creature_raw.NAME[0]; singular; caste=-1; no CASTE_NAME or juvenile substitution	0xaa3bd0(race,out,plural=false,caste=-1); r9w==0xffff -> 0xaa3d69 -> 0xaa3d1e/0xaa3d36; creature_raw+0x20 NAME[0]
reference	data/vanilla/vanilla_creatures/objects/creature_small_riverlake.txt	443	FISH_CHAR		NAME	1	char	char	红点鲑	data/runtime/rulesets/zh-Hans/creatures/caste.toml | data/runtime/rulesets/zh-Hans/creatures/name.toml	红点鲑	红点鲑	creature_raw.NAME[0]; singular; caste=-1; no CASTE_NAME or juvenile substitution	0xaa3bd0(race,out,plural=false,caste=-1); r9w==0xffff -> 0xaa3d69 -> 0xaa3d1e/0xaa3d36; creature_raw+0x20 NAME[0]
reference	data/vanilla/vanilla_creatures/objects/creature_small_riverlake.txt	514	FISH_TROUT_RAINBOW		NAME	1	rainbow trout	rainbow trout	虹鳟	data/runtime/rulesets/zh-Hans/creatures/caste.toml | data/runtime/rulesets/zh-Hans/creatures/name.toml	虹鳟	虹鳟	creature_raw.NAME[0]; singular; caste=-1; no CASTE_NAME or juvenile substitution	0xaa3bd0(race,out,plural=false,caste=-1); r9w==0xffff -> 0xaa3d69 -> 0xaa3d1e/0xaa3d36; creature_raw+0x20 NAME[0]
reference	data/vanilla/vanilla_creatures/objects/creature_small_riverlake.txt	585	FISH_MOLLY_SAILFIN		NAME	1	sailfin molly	sailfin molly	帆鳍花鳉	data/runtime/rulesets/zh-Hans/creatures/caste.toml | data/runtime/rulesets/zh-Hans/creatures/name.toml	帆鳍花鳉	帆鳍花鳉	creature_raw.NAME[0]; singular; caste=-1; no CASTE_NAME or juvenile substitution	0xaa3bd0(race,out,plural=false,caste=-1); r9w==0xffff -> 0xaa3d69 -> 0xaa3d1e/0xaa3d36; creature_raw+0x20 NAME[0]
reference	data/vanilla/vanilla_creatures/objects/creature_small_riverlake.txt	660	FISH_GUPPY		NAME	1	guppy	guppy	虹鳉	data/runtime/rulesets/zh-Hans/creatures/caste.toml | data/runtime/rulesets/zh-Hans/creatures/name.toml	虹鳉	虹鳉	creature_raw.NAME[0]; singular; caste=-1; no CASTE_NAME or juvenile substitution	0xaa3bd0(race,out,plural=false,caste=-1); r9w==0xffff -> 0xaa3d69 -> 0xaa3d1e/0xaa3d36; creature_raw+0x20 NAME[0]
reference	data/vanilla/vanilla_creatures/objects/creature_small_riverlake.txt	735	FISH_PERCH		NAME	1	perch	perch	鲈鱼	data/runtime/rulesets/zh-Hans/creatures/caste.toml | data/runtime/rulesets/zh-Hans/creatures/name.toml	鲈鱼	鲈鱼	creature_raw.NAME[0]; singular; caste=-1; no CASTE_NAME or juvenile substitution	0xaa3bd0(race,out,plural=false,caste=-1); r9w==0xffff -> 0xaa3d69 -> 0xaa3d1e/0xaa3d36; creature_raw+0x20 NAME[0]
reference	data/vanilla/vanilla_creatures/objects/creature_standard.txt	7	DWARF		NAME	1	dwarf	dwarf	矮人	data/runtime/rulesets/zh-Hans/creatures/caste.toml | data/runtime/rulesets/zh-Hans/creatures/name.toml	矮人	矮人	creature_raw.NAME[0]; singular; caste=-1; no CASTE_NAME or juvenile substitution	0xaa3bd0(race,out,plural=false,caste=-1); r9w==0xffff -> 0xaa3d69 -> 0xaa3d1e/0xaa3d36; creature_raw+0x20 NAME[0]
reference	data/vanilla/vanilla_creatures/objects/creature_standard.txt	454	HUMAN		NAME	1	human	human	人类	data/runtime/rulesets/zh-Hans/creatures/caste.toml | data/runtime/rulesets/zh-Hans/creatures/name.toml	人类	人类	creature_raw.NAME[0]; singular; caste=-1; no CASTE_NAME or juvenile substitution	0xaa3bd0(race,out,plural=false,caste=-1); r9w==0xffff -> 0xaa3d69 -> 0xaa3d1e/0xaa3d36; creature_raw+0x20 NAME[0]
reference	data/vanilla/vanilla_creatures/objects/creature_standard.txt	736	ELF		NAME	1	elf	elf	精灵	data/runtime/rulesets/zh-Hans/creatures/caste.toml | data/runtime/rulesets/zh-Hans/creatures/name.toml	精灵	精灵	creature_raw.NAME[0]; singular; caste=-1; no CASTE_NAME or juvenile substitution	0xaa3bd0(race,out,plural=false,caste=-1); r9w==0xffff -> 0xaa3d69 -> 0xaa3d1e/0xaa3d36; creature_raw+0x20 NAME[0]
reference	data/vanilla/vanilla_creatures/objects/creature_standard.txt	1016	GOBLIN		NAME	1	goblin	goblin	哥布林	data/runtime/rulesets/zh-Hans/creatures/caste.toml | data/runtime/rulesets/zh-Hans/creatures/name.toml	哥布林	妖精	creature_raw.NAME[0]; singular; caste=-1; no CASTE_NAME or juvenile substitution	0xaa3bd0(race,out,plural=false,caste=-1); r9w==0xffff -> 0xaa3d69 -> 0xaa3d1e/0xaa3d36; creature_raw+0x20 NAME[0]
reference	data/vanilla/vanilla_creatures/objects/creature_standard.txt	1292	KOBOLD		NAME	1	kobold	kobold	狗头人	data/runtime/rulesets/zh-Hans/creatures/caste.toml | data/runtime/rulesets/zh-Hans/creatures/name.toml	狗头人	妖鬼	creature_raw.NAME[0]; singular; caste=-1; no CASTE_NAME or juvenile substitution	0xaa3bd0(race,out,plural=false,caste=-1); r9w==0xffff -> 0xaa3d69 -> 0xaa3d1e/0xaa3d36; creature_raw+0x20 NAME[0]
reference	data/vanilla/vanilla_creatures/objects/creature_standard.txt	1529	GREMLIN		NAME	1	gremlin	gremlin	小精怪	data/runtime/rulesets/zh-Hans/creatures/caste.toml | data/runtime/rulesets/zh-Hans/creatures/name.toml	小精怪	麻烦鬼	creature_raw.NAME[0]; singular; caste=-1; no CASTE_NAME or juvenile substitution	0xaa3bd0(race,out,plural=false,caste=-1); r9w==0xffff -> 0xaa3d69 -> 0xaa3d1e/0xaa3d36; creature_raw+0x20 NAME[0]
reference	data/vanilla/vanilla_creatures/objects/creature_standard.txt	1724	TROLL		NAME	1	troll	troll	巨魔	data/runtime/rulesets/zh-Hans/creatures/caste.toml | data/runtime/rulesets/zh-Hans/creatures/name.toml	巨魔	巨魔	creature_raw.NAME[0]; singular; caste=-1; no CASTE_NAME or juvenile substitution	0xaa3bd0(race,out,plural=false,caste=-1); r9w==0xffff -> 0xaa3d69 -> 0xaa3d1e/0xaa3d36; creature_raw+0x20 NAME[0]
reference	data/vanilla/vanilla_creatures/objects/creature_standard.txt	1926	OGRE		NAME	1	ogre	ogre	食人魔	data/runtime/rulesets/zh-Hans/creatures/caste.toml | data/runtime/rulesets/zh-Hans/creatures/name.toml	食人魔	食人魔	creature_raw.NAME[0]; singular; caste=-1; no CASTE_NAME or juvenile substitution	0xaa3bd0(race,out,plural=false,caste=-1); r9w==0xffff -> 0xaa3d69 -> 0xaa3d1e/0xaa3d36; creature_raw+0x20 NAME[0]
reference	data/vanilla/vanilla_creatures/objects/creature_standard.txt	2100	UNICORN		NAME	1	unicorn	unicorn	独角兽	data/runtime/rulesets/zh-Hans/creatures/caste.toml | data/runtime/rulesets/zh-Hans/creatures/name.toml	独角兽	独角兽	creature_raw.NAME[0]; singular; caste=-1; no CASTE_NAME or juvenile substitution	0xaa3bd0(race,out,plural=false,caste=-1); r9w==0xffff -> 0xaa3d69 -> 0xaa3d1e/0xaa3d36; creature_raw+0x20 NAME[0]
reference	data/vanilla/vanilla_creatures/objects/creature_standard.txt	2216	DRAGON		NAME	1	dragon	dragon	巨龙	data/runtime/rulesets/zh-Hans/creatures/caste.toml | data/runtime/rulesets/zh-Hans/creatures/name.toml	巨龙	巨龙	creature_raw.NAME[0]; singular; caste=-1; no CASTE_NAME or juvenile substitution	0xaa3bd0(race,out,plural=false,caste=-1); r9w==0xffff -> 0xaa3d69 -> 0xaa3d1e/0xaa3d36; creature_raw+0x20 NAME[0]
reference	data/vanilla/vanilla_creatures/objects/creature_standard.txt	2352	SATYR		NAME	1	satyr	satyr	半羊人	data/runtime/rulesets/zh-Hans/creatures/caste.toml | data/runtime/rulesets/zh-Hans/creatures/name.toml	半羊人	萨堤尔	creature_raw.NAME[0]; singular; caste=-1; no CASTE_NAME or juvenile substitution	0xaa3bd0(race,out,plural=false,caste=-1); r9w==0xffff -> 0xaa3d69 -> 0xaa3d1e/0xaa3d36; creature_raw+0x20 NAME[0]
reference	data/vanilla/vanilla_creatures/objects/creature_standard.txt	2612	COLOSSUS_BRONZE		NAME	1	bronze colossus	bronze colossus	青铜巨像	data/runtime/rulesets/zh-Hans/creatures/caste.toml | data/runtime/rulesets/zh-Hans/creatures/name.toml	青铜巨像	青铜巨像	creature_raw.NAME[0]; singular; caste=-1; no CASTE_NAME or juvenile substitution	0xaa3bd0(race,out,plural=false,caste=-1); r9w==0xffff -> 0xaa3d69 -> 0xaa3d1e/0xaa3d36; creature_raw+0x20 NAME[0]
reference	data/vanilla/vanilla_creatures/objects/creature_standard.txt	2681	GIANT		NAME	1	giant	giant	巨人	data/runtime/rulesets/zh-Hans/creatures/caste.toml | data/runtime/rulesets/zh-Hans/creatures/name.toml	巨人	巨型	creature_raw.NAME[0]; singular; caste=-1; no CASTE_NAME or juvenile substitution	0xaa3bd0(race,out,plural=false,caste=-1); r9w==0xffff -> 0xaa3d69 -> 0xaa3d1e/0xaa3d36; creature_raw+0x20 NAME[0]
reference	data/vanilla/vanilla_creatures/objects/creature_standard.txt	2935	CYCLOPS		NAME	1	cyclops	cyclops	独眼巨人	data/runtime/rulesets/zh-Hans/creatures/caste.toml | data/runtime/rulesets/zh-Hans/creatures/name.toml	独眼巨人	独眼巨人	creature_raw.NAME[0]; singular; caste=-1; no CASTE_NAME or juvenile substitution	0xaa3bd0(race,out,plural=false,caste=-1); r9w==0xffff -> 0xaa3d69 -> 0xaa3d1e/0xaa3d36; creature_raw+0x20 NAME[0]
reference	data/vanilla/vanilla_creatures/objects/creature_standard.txt	3184	ETTIN		NAME	1	ettin	ettin	双头巨人	data/runtime/rulesets/zh-Hans/creatures/caste.toml | data/runtime/rulesets/zh-Hans/creatures/name.toml	双头巨人	双头巨人	creature_raw.NAME[0]; singular; caste=-1; no CASTE_NAME or juvenile substitution	0xaa3bd0(race,out,plural=false,caste=-1); r9w==0xffff -> 0xaa3d69 -> 0xaa3d1e/0xaa3d36; creature_raw+0x20 NAME[0]
reference	data/vanilla/vanilla_creatures/objects/creature_standard.txt	3439	MINOTAUR		NAME	1	minotaur	minotaur	牛头人	data/runtime/rulesets/zh-Hans/creatures/caste.toml | data/runtime/rulesets/zh-Hans/creatures/name.toml	牛头人	牛头人	creature_raw.NAME[0]; singular; caste=-1; no CASTE_NAME or juvenile substitution	0xaa3bd0(race,out,plural=false,caste=-1); r9w==0xffff -> 0xaa3d69 -> 0xaa3d1e/0xaa3d36; creature_raw+0x20 NAME[0]
reference	data/vanilla/vanilla_creatures/objects/creature_standard.txt	3626	YETI		NAME	1	yeti	yeti	雪怪	data/runtime/rulesets/zh-Hans/creatures/caste.toml | data/runtime/rulesets/zh-Hans/creatures/name.toml	雪怪	雪怪	creature_raw.NAME[0]; singular; caste=-1; no CASTE_NAME or juvenile substitution	0xaa3bd0(race,out,plural=false,caste=-1); r9w==0xffff -> 0xaa3d69 -> 0xaa3d1e/0xaa3d36; creature_raw+0x20 NAME[0]
reference	data/vanilla/vanilla_creatures/objects/creature_standard.txt	3741	SASQUATCH		NAME	1	sasquatch	sasquatch	野人	data/runtime/rulesets/zh-Hans/creatures/caste.toml | data/runtime/rulesets/zh-Hans/creatures/name.toml	野人	野人	creature_raw.NAME[0]; singular; caste=-1; no CASTE_NAME or juvenile substitution	0xaa3bd0(race,out,plural=false,caste=-1); r9w==0xffff -> 0xaa3d69 -> 0xaa3d1e/0xaa3d36; creature_raw+0x20 NAME[0]
reference	data/vanilla/vanilla_creatures/objects/creature_standard.txt	3855	BLIZZARD_MAN		NAME	1	blizzard man	blizzard man	暴雪魔人	data/runtime/rulesets/zh-Hans/creatures/caste.toml | data/runtime/rulesets/zh-Hans/creatures/name.toml	暴雪魔人	暴风雪人	creature_raw.NAME[0]; singular; caste=-1; no CASTE_NAME or juvenile substitution	0xaa3bd0(race,out,plural=false,caste=-1); r9w==0xffff -> 0xaa3d69 -> 0xaa3d1e/0xaa3d36; creature_raw+0x20 NAME[0]
reference	data/vanilla/vanilla_creatures/objects/creature_standard.txt	3939	WOLF_ICE		NAME	1	ice wolf	ice wolf	冰原狼	data/runtime/rulesets/zh-Hans/creatures/caste.toml | data/runtime/rulesets/zh-Hans/creatures/name.toml	冰原狼	冰原狼	creature_raw.NAME[0]; singular; caste=-1; no CASTE_NAME or juvenile substitution	0xaa3bd0(race,out,plural=false,caste=-1); r9w==0xffff -> 0xaa3d69 -> 0xaa3d1e/0xaa3d36; creature_raw+0x20 NAME[0]
reference	data/vanilla/vanilla_creatures/objects/creature_standard.txt	4031	FAIRY		NAME	1	fairy	fairy	小仙子	data/runtime/rulesets/zh-Hans/creatures/caste.toml | data/runtime/rulesets/zh-Hans/creatures/name.toml	小仙子	小仙子	creature_raw.NAME[0]; singular; caste=-1; no CASTE_NAME or juvenile substitution	0xaa3bd0(race,out,plural=false,caste=-1); r9w==0xffff -> 0xaa3d69 -> 0xaa3d1e/0xaa3d36; creature_raw+0x20 NAME[0]
reference	data/vanilla/vanilla_creatures/objects/creature_standard.txt	4232	PIXIE		NAME	1	pixie	pixie	小精灵	data/runtime/rulesets/zh-Hans/creatures/caste.toml | data/runtime/rulesets/zh-Hans/creatures/name.toml	小精灵	小精灵	creature_raw.NAME[0]; singular; caste=-1; no CASTE_NAME or juvenile substitution	0xaa3bd0(race,out,plural=false,caste=-1); r9w==0xffff -> 0xaa3d69 -> 0xaa3d1e/0xaa3d36; creature_raw+0x20 NAME[0]
reference	data/vanilla/vanilla_creatures/objects/creature_standard.txt	4432	BEAK_DOG		NAME	1	beak dog	beak dog	喙狗	data/runtime/rulesets/zh-Hans/creatures/caste.toml | data/runtime/rulesets/zh-Hans/creatures/name.toml	喙狗	喙狗	creature_raw.NAME[0]; singular; caste=-1; no CASTE_NAME or juvenile substitution	0xaa3bd0(race,out,plural=false,caste=-1); r9w==0xffff -> 0xaa3d69 -> 0xaa3d1e/0xaa3d36; creature_raw+0x20 NAME[0]
reference	data/vanilla/vanilla_creatures/objects/creature_standard.txt	4535	GRIMELING		NAME	1	grimeling	grimeling	沼泽草皮怪	data/runtime/rulesets/zh-Hans/creatures/caste.toml | data/runtime/rulesets/zh-Hans/creatures/name.toml	沼泽草怪	水鬼	creature_raw.NAME[0]; singular; caste=-1; no CASTE_NAME or juvenile substitution	0xaa3bd0(race,out,plural=false,caste=-1); r9w==0xffff -> 0xaa3d69 -> 0xaa3d1e/0xaa3d36; creature_raw+0x20 NAME[0]
reference	data/vanilla/vanilla_creatures/objects/creature_standard.txt	4602	BLENDEC_FOUL		NAME	1	foul blendec	foul blendec	污邪杂种	data/runtime/rulesets/zh-Hans/creatures/caste.toml | data/runtime/rulesets/zh-Hans/creatures/name.toml	污邪杂种	污邪杂种	creature_raw.NAME[0]; singular; caste=-1; no CASTE_NAME or juvenile substitution	0xaa3bd0(race,out,plural=false,caste=-1); r9w==0xffff -> 0xaa3d69 -> 0xaa3d1e/0xaa3d36; creature_raw+0x20 NAME[0]
reference	data/vanilla/vanilla_creatures/objects/creature_standard.txt	4720	STRANGLER		NAME	1	strangler	strangler	绞杀者	data/runtime/rulesets/zh-Hans/creatures/caste.toml | data/runtime/rulesets/zh-Hans/creatures/name.toml	绞杀者	绞杀者	creature_raw.NAME[0]; singular; caste=-1; no CASTE_NAME or juvenile substitution	0xaa3bd0(race,out,plural=false,caste=-1); r9w==0xffff -> 0xaa3d69 -> 0xaa3d1e/0xaa3d36; creature_raw+0x20 NAME[0]
reference	data/vanilla/vanilla_creatures/objects/creature_standard.txt	4812	NIGHTWING		NAME	1	nightwing	nightwing	夜翼	data/runtime/rulesets/zh-Hans/creatures/caste.toml | data/runtime/rulesets/zh-Hans/creatures/name.toml	夜翼	夜翼	creature_raw.NAME[0]; singular; caste=-1; no CASTE_NAME or juvenile substitution	0xaa3bd0(race,out,plural=false,caste=-1); r9w==0xffff -> 0xaa3d69 -> 0xaa3d1e/0xaa3d36; creature_raw+0x20 NAME[0]
reference	data/vanilla/vanilla_creatures/objects/creature_standard.txt	4900	HARPY		NAME	1	harpy	harpy	鹰身女妖	data/runtime/rulesets/zh-Hans/creatures/caste.toml | data/runtime/rulesets/zh-Hans/creatures/name.toml	鹰身女妖	鹰身女妖	creature_raw.NAME[0]; singular; caste=-1; no CASTE_NAME or juvenile substitution	0xaa3bd0(race,out,plural=false,caste=-1); r9w==0xffff -> 0xaa3d69 -> 0xaa3d1e/0xaa3d36; creature_raw+0x20 NAME[0]
reference	data/vanilla/vanilla_creatures/objects/creature_standard.txt	5081	HYDRA		NAME	1	hydra	hydra	九头蛇	data/runtime/rulesets/zh-Hans/creatures/caste.toml | data/runtime/rulesets/zh-Hans/creatures/name.toml	九头蛇	九头蛇	creature_raw.NAME[0]; singular; caste=-1; no CASTE_NAME or juvenile substitution	0xaa3bd0(race,out,plural=false,caste=-1); r9w==0xffff -> 0xaa3d69 -> 0xaa3d1e/0xaa3d36; creature_raw+0x20 NAME[0]
reference	data/vanilla/vanilla_creatures/objects/creature_standard.txt	5188	MERPERSON		NAME	1	merperson	merperson	人鱼	data/runtime/rulesets/zh-Hans/creatures/name.toml	人鱼	人鱼	creature_raw.NAME[0]; singular; caste=-1; no CASTE_NAME or juvenile substitution	0xaa3bd0(race,out,plural=false,caste=-1); r9w==0xffff -> 0xaa3d69 -> 0xaa3d1e/0xaa3d36; creature_raw+0x20 NAME[0]
reference	data/vanilla/vanilla_creatures/objects/creature_standard.txt	5440	SEA_SERPENT		NAME	1	sea serpent	sea serpent	海蛇	data/runtime/rulesets/zh-Hans/creatures/caste.toml | data/runtime/rulesets/zh-Hans/creatures/name.toml	海蛇	海蛇	creature_raw.NAME[0]; singular; caste=-1; no CASTE_NAME or juvenile substitution	0xaa3bd0(race,out,plural=false,caste=-1); r9w==0xffff -> 0xaa3d69 -> 0xaa3d1e/0xaa3d36; creature_raw+0x20 NAME[0]
reference	data/vanilla/vanilla_creatures/objects/creature_standard.txt	5533	SEA_MONSTER		NAME	1	sea monster	sea monster	海怪	data/runtime/rulesets/zh-Hans/creatures/caste.toml | data/runtime/rulesets/zh-Hans/creatures/name.toml	海怪	海怪	creature_raw.NAME[0]; singular; caste=-1; no CASTE_NAME or juvenile substitution	0xaa3bd0(race,out,plural=false,caste=-1); r9w==0xffff -> 0xaa3d69 -> 0xaa3d1e/0xaa3d36; creature_raw+0x20 NAME[0]
reference	data/vanilla/vanilla_creatures/objects/creature_standard.txt	5615	BIRD_ROC		NAME	1	roc	roc	大鹏鸟	data/runtime/rulesets/zh-Hans/creatures/caste.toml | data/runtime/rulesets/zh-Hans/creatures/name.toml	大鹏鸟	大鹏鸟	creature_raw.NAME[0]; singular; caste=-1; no CASTE_NAME or juvenile substitution	0xaa3bd0(race,out,plural=false,caste=-1); r9w==0xffff -> 0xaa3d69 -> 0xaa3d1e/0xaa3d36; creature_raw+0x20 NAME[0]
reference	data/vanilla/vanilla_creatures/objects/creature_subterranean.txt	7	CROCODILE_CAVE		NAME	1	cave crocodile	cave crocodile	洞穴鳄鱼	data/runtime/rulesets/zh-Hans/creatures/caste.toml | data/runtime/rulesets/zh-Hans/creatures/name.toml	洞穴鳄鱼	洞穴鳄鱼	creature_raw.NAME[0]; singular; caste=-1; no CASTE_NAME or juvenile substitution	0xaa3bd0(race,out,plural=false,caste=-1); r9w==0xffff -> 0xaa3d69 -> 0xaa3d1e/0xaa3d36; creature_raw+0x20 NAME[0]
reference	data/vanilla/vanilla_creatures/objects/creature_subterranean.txt	105	TOAD_GIANT_CAVE		NAME	1	giant cave toad	giant cave toad	巨型洞穴蟾蜍	data/runtime/rulesets/zh-Hans/creatures/caste.toml | data/runtime/rulesets/zh-Hans/creatures/name.toml	巨型洞穴蟾蜍	巨洞穴蟾蜍	creature_raw.NAME[0]; singular; caste=-1; no CASTE_NAME or juvenile substitution	0xaa3bd0(race,out,plural=false,caste=-1); r9w==0xffff -> 0xaa3d69 -> 0xaa3d1e/0xaa3d36; creature_raw+0x20 NAME[0]
reference	data/vanilla/vanilla_creatures/objects/creature_subterranean.txt	181	OLM_GIANT		NAME	1	giant olm	giant olm	巨型洞螈	data/runtime/rulesets/zh-Hans/creatures/caste.toml | data/runtime/rulesets/zh-Hans/creatures/name.toml	巨型洞螈	巨洞螈	creature_raw.NAME[0]; singular; caste=-1; no CASTE_NAME or juvenile substitution	0xaa3bd0(race,out,plural=false,caste=-1); r9w==0xffff -> 0xaa3d69 -> 0xaa3d1e/0xaa3d36; creature_raw+0x20 NAME[0]
reference	data/vanilla/vanilla_creatures/objects/creature_subterranean.txt	258	BAT_GIANT		NAME	1	giant bat	giant bat	蝙蝠	data/runtime/rulesets/zh-Hans/creatures/caste.toml | data/runtime/rulesets/zh-Hans/creatures/name.toml	蝙蝠	巨蝙蝠	creature_raw.NAME[0]; singular; caste=-1; no CASTE_NAME or juvenile substitution	0xaa3bd0(race,out,plural=false,caste=-1); r9w==0xffff -> 0xaa3d69 -> 0xaa3d1e/0xaa3d36; creature_raw+0x20 NAME[0]
reference	data/vanilla/vanilla_creatures/objects/creature_subterranean.txt	347	RAT_GIANT		NAME	1	giant rat	giant rat	巨型老鼠	data/runtime/rulesets/zh-Hans/creatures/caste.toml | data/runtime/rulesets/zh-Hans/creatures/name.toml	巨型老鼠	巨鼠	creature_raw.NAME[0]; singular; caste=-1; no CASTE_NAME or juvenile substitution	0xaa3bd0(race,out,plural=false,caste=-1); r9w==0xffff -> 0xaa3d69 -> 0xaa3d1e/0xaa3d36; creature_raw+0x20 NAME[0]
reference	data/vanilla/vanilla_creatures/objects/creature_subterranean.txt	442	RAT_LARGE		NAME	1	large rat	large rat	硕鼠	data/runtime/rulesets/zh-Hans/creatures/caste.toml | data/runtime/rulesets/zh-Hans/creatures/name.toml	硕鼠	硕鼠	creature_raw.NAME[0]; singular; caste=-1; no CASTE_NAME or juvenile substitution	0xaa3bd0(race,out,plural=false,caste=-1); r9w==0xffff -> 0xaa3d69 -> 0xaa3d1e/0xaa3d36; creature_raw+0x20 NAME[0]
reference	data/vanilla/vanilla_creatures/objects/creature_subterranean.txt	534	MOLE_DOG_NAKED		NAME	1	naked mole dog	naked mole dog	裸鼹鼠狗	data/runtime/rulesets/zh-Hans/creatures/caste.toml | data/runtime/rulesets/zh-Hans/creatures/name.toml	裸鼹鼠狗	裸鼹鼠狗	creature_raw.NAME[0]; singular; caste=-1; no CASTE_NAME or juvenile substitution	0xaa3bd0(race,out,plural=false,caste=-1); r9w==0xffff -> 0xaa3d69 -> 0xaa3d1e/0xaa3d36; creature_raw+0x20 NAME[0]
reference	data/vanilla/vanilla_creatures/objects/creature_subterranean.txt	622	TROGLODYTE		NAME	1	troglodyte	troglodyte	穴居人	data/runtime/rulesets/zh-Hans/creatures/caste.toml | data/runtime/rulesets/zh-Hans/creatures/name.toml	穴居人	穴居人	creature_raw.NAME[0]; singular; caste=-1; no CASTE_NAME or juvenile substitution	0xaa3bd0(race,out,plural=false,caste=-1); r9w==0xffff -> 0xaa3d69 -> 0xaa3d1e/0xaa3d36; creature_raw+0x20 NAME[0]
reference	data/vanilla/vanilla_creatures/objects/creature_subterranean.txt	790	MOLE_GIANT		NAME	1	giant mole	giant mole	巨型鼹鼠	data/runtime/rulesets/zh-Hans/creatures/caste.toml | data/runtime/rulesets/zh-Hans/creatures/name.toml	巨型鼹鼠	巨鼹鼠	creature_raw.NAME[0]; singular; caste=-1; no CASTE_NAME or juvenile substitution	0xaa3bd0(race,out,plural=false,caste=-1); r9w==0xffff -> 0xaa3d69 -> 0xaa3d1e/0xaa3d36; creature_raw+0x20 NAME[0]
reference	data/vanilla/vanilla_creatures/objects/creature_subterranean.txt	882	IMP_FIRE		NAME	1	fire imp	fire imp	火焰小鬼	data/runtime/rulesets/zh-Hans/creatures/caste.toml | data/runtime/rulesets/zh-Hans/creatures/name.toml	火焰小鬼	火焰妖精	creature_raw.NAME[0]; singular; caste=-1; no CASTE_NAME or juvenile substitution	0xaa3bd0(race,out,plural=false,caste=-1); r9w==0xffff -> 0xaa3d69 -> 0xaa3d1e/0xaa3d36; creature_raw+0x20 NAME[0]
reference	data/vanilla/vanilla_creatures/objects/creature_subterranean.txt	1004	SPIDER_CAVE_GIANT		NAME	1	giant cave spider	giant cave spider	巨型洞穴蜘蛛	data/runtime/rulesets/zh-Hans/creatures/caste.toml | data/runtime/rulesets/zh-Hans/creatures/name.toml	巨型洞穴蜘蛛	巨洞穴蜘蛛	creature_raw.NAME[0]; singular; caste=-1; no CASTE_NAME or juvenile substitution	0xaa3bd0(race,out,plural=false,caste=-1); r9w==0xffff -> 0xaa3d69 -> 0xaa3d1e/0xaa3d36; creature_raw+0x20 NAME[0]
reference	data/vanilla/vanilla_creatures/objects/creature_subterranean.txt	1108	SPIDER_CAVE		NAME	1	cave spider	cave spider	洞穴蜘蛛	data/runtime/rulesets/zh-Hans/creatures/caste.toml | data/runtime/rulesets/zh-Hans/creatures/name.toml	洞穴蜘蛛	洞穴蜘蛛	creature_raw.NAME[0]; singular; caste=-1; no CASTE_NAME or juvenile substitution	0xaa3bd0(race,out,plural=false,caste=-1); r9w==0xffff -> 0xaa3d69 -> 0xaa3d1e/0xaa3d36; creature_raw+0x20 NAME[0]
reference	data/vanilla/vanilla_creatures/objects/creature_subterranean.txt	1187	FISH_CAVE		NAME	1	cave fish	cave fish	洞穴鱼	data/runtime/rulesets/zh-Hans/creatures/caste.toml | data/runtime/rulesets/zh-Hans/creatures/name.toml	洞穴鱼	洞穴鱼	creature_raw.NAME[0]; singular; caste=-1; no CASTE_NAME or juvenile substitution	0xaa3bd0(race,out,plural=false,caste=-1); r9w==0xffff -> 0xaa3d69 -> 0xaa3d1e/0xaa3d36; creature_raw+0x20 NAME[0]
reference	data/vanilla/vanilla_creatures/objects/creature_subterranean.txt	1274	CAVE_FISH_MAN	SELECT_CASTE:ALL	NAME	1	cave fish man	cave fish man	洞穴鱼人	data/runtime/rulesets/zh-Hans/creatures/caste.toml | data/runtime/rulesets/zh-Hans/creatures/name.toml	洞穴鱼人	洞穴鱼人	creature_raw.NAME[0]; singular; caste=-1; no CASTE_NAME or juvenile substitution	0xaa3bd0(race,out,plural=false,caste=-1); r9w==0xffff -> 0xaa3d69 -> 0xaa3d1e/0xaa3d36; creature_raw+0x20 NAME[0]
reference	data/vanilla/vanilla_creatures/objects/creature_subterranean.txt	1285	LOBSTER_CAVE		NAME	1	cave lobster	cave lobster	洞穴龙虾	data/runtime/rulesets/zh-Hans/creatures/caste.toml | data/runtime/rulesets/zh-Hans/creatures/name.toml	洞穴龙虾	洞穴龙虾	creature_raw.NAME[0]; singular; caste=-1; no CASTE_NAME or juvenile substitution	0xaa3bd0(race,out,plural=false,caste=-1); r9w==0xffff -> 0xaa3d69 -> 0xaa3d1e/0xaa3d36; creature_raw+0x20 NAME[0]
reference	data/vanilla/vanilla_creatures/objects/creature_subterranean.txt	1341	SNAKE_FIRE		NAME	1	fire snake	fire snake	火蛇	data/runtime/rulesets/zh-Hans/creatures/caste.toml | data/runtime/rulesets/zh-Hans/creatures/name.toml	火蛇	火蛇	creature_raw.NAME[0]; singular; caste=-1; no CASTE_NAME or juvenile substitution	0xaa3bd0(race,out,plural=false,caste=-1); r9w==0xffff -> 0xaa3d69 -> 0xaa3d1e/0xaa3d36; creature_raw+0x20 NAME[0]
reference	data/vanilla/vanilla_creatures/objects/creature_subterranean.txt	1387	OLM		NAME	1	olm	olm	洞螈	data/runtime/rulesets/zh-Hans/creatures/caste.toml | data/runtime/rulesets/zh-Hans/creatures/name.toml	洞螈	洞螈	creature_raw.NAME[0]; singular; caste=-1; no CASTE_NAME or juvenile substitution	0xaa3bd0(race,out,plural=false,caste=-1); r9w==0xffff -> 0xaa3d69 -> 0xaa3d1e/0xaa3d36; creature_raw+0x20 NAME[0]
reference	data/vanilla/vanilla_creatures/objects/creature_subterranean.txt	1472	OLM_MAN	SELECT_CASTE:ALL	NAME	1	olm man	olm man	洞螈人	data/runtime/rulesets/zh-Hans/creatures/caste.toml | data/runtime/rulesets/zh-Hans/creatures/name.toml	洞螈人	洞螈人	creature_raw.NAME[0]; singular; caste=-1; no CASTE_NAME or juvenile substitution	0xaa3bd0(race,out,plural=false,caste=-1); r9w==0xffff -> 0xaa3d69 -> 0xaa3d1e/0xaa3d36; creature_raw+0x20 NAME[0]
reference	data/vanilla/vanilla_creatures/objects/creature_subterranean.txt	1483	BAT		NAME	1	bat	bat	蝙蝠	data/runtime/rulesets/zh-Hans/creatures/caste.toml | data/runtime/rulesets/zh-Hans/creatures/name.toml	蝙蝠	蝙蝠	creature_raw.NAME[0]; singular; caste=-1; no CASTE_NAME or juvenile substitution	0xaa3bd0(race,out,plural=false,caste=-1); r9w==0xffff -> 0xaa3d69 -> 0xaa3d1e/0xaa3d36; creature_raw+0x20 NAME[0]
reference	data/vanilla/vanilla_creatures/objects/creature_subterranean.txt	1598	BAT_MAN	SELECT_CASTE:ALL	NAME	1	bat man	bat man	蝙蝠人	data/runtime/rulesets/zh-Hans/creatures/caste.toml | data/runtime/rulesets/zh-Hans/creatures/name.toml	蝙蝠人	蝙蝠人	creature_raw.NAME[0]; singular; caste=-1; no CASTE_NAME or juvenile substitution	0xaa3bd0(race,out,plural=false,caste=-1); r9w==0xffff -> 0xaa3d69 -> 0xaa3d1e/0xaa3d36; creature_raw+0x20 NAME[0]
reference	data/vanilla/vanilla_creatures/objects/creature_subterranean.txt	1608	MAGGOT_PURRING		NAME	1	purring maggot	purring maggot	呼噜蛆	data/runtime/rulesets/zh-Hans/creatures/caste.toml | data/runtime/rulesets/zh-Hans/creatures/name.toml	呼噜蛆	呼噜蛆	creature_raw.NAME[0]; singular; caste=-1; no CASTE_NAME or juvenile substitution	0xaa3bd0(race,out,plural=false,caste=-1); r9w==0xffff -> 0xaa3d69 -> 0xaa3d1e/0xaa3d36; creature_raw+0x20 NAME[0]
reference	data/vanilla/vanilla_creatures/objects/creature_subterranean.txt	1667	ELEMENTMAN_FIRE		NAME	1	fire man	fire man	火人	data/runtime/rulesets/zh-Hans/creatures/caste.toml | data/runtime/rulesets/zh-Hans/creatures/name.toml	火人	火人	creature_raw.NAME[0]; singular; caste=-1; no CASTE_NAME or juvenile substitution	0xaa3bd0(race,out,plural=false,caste=-1); r9w==0xffff -> 0xaa3d69 -> 0xaa3d1e/0xaa3d36; creature_raw+0x20 NAME[0]
reference	data/vanilla/vanilla_creatures/objects/creature_subterranean.txt	1745	ELEMENTMAN_MAGMA		NAME	1	magma man	magma man	岩浆人	data/runtime/rulesets/zh-Hans/creatures/caste.toml | data/runtime/rulesets/zh-Hans/creatures/name.toml	岩浆人	岩浆人	creature_raw.NAME[0]; singular; caste=-1; no CASTE_NAME or juvenile substitution	0xaa3bd0(race,out,plural=false,caste=-1); r9w==0xffff -> 0xaa3d69 -> 0xaa3d1e/0xaa3d36; creature_raw+0x20 NAME[0]
reference	data/vanilla/vanilla_creatures/objects/creature_subterranean.txt	1822	ELEMENTMAN_IRON		NAME	1	iron man	iron man	铁人	data/runtime/rulesets/zh-Hans/creatures/caste.toml | data/runtime/rulesets/zh-Hans/creatures/name.toml	铁人	铁人	creature_raw.NAME[0]; singular; caste=-1; no CASTE_NAME or juvenile substitution	0xaa3bd0(race,out,plural=false,caste=-1); r9w==0xffff -> 0xaa3d69 -> 0xaa3d1e/0xaa3d36; creature_raw+0x20 NAME[0]
reference	data/vanilla/vanilla_creatures/objects/creature_subterranean.txt	1910	ELEMENTMAN_MUD		NAME	1	mud man	mud man	泥人	data/runtime/rulesets/zh-Hans/creatures/caste.toml | data/runtime/rulesets/zh-Hans/creatures/name.toml	泥人	泥人	creature_raw.NAME[0]; singular; caste=-1; no CASTE_NAME or juvenile substitution	0xaa3bd0(race,out,plural=false,caste=-1); r9w==0xffff -> 0xaa3d69 -> 0xaa3d1e/0xaa3d36; creature_raw+0x20 NAME[0]
reference	data/vanilla/vanilla_creatures/objects/creature_subterranean.txt	1974	BIRD_SWALLOW_CAVE		NAME	1	cave swallow	cave swallow	洞穴燕	data/runtime/rulesets/zh-Hans/creatures/caste.toml | data/runtime/rulesets/zh-Hans/creatures/name.toml	洞穴燕	洞穴燕	creature_raw.NAME[0]; singular; caste=-1; no CASTE_NAME or juvenile substitution	0xaa3bd0(race,out,plural=false,caste=-1); r9w==0xffff -> 0xaa3d69 -> 0xaa3d1e/0xaa3d36; creature_raw+0x20 NAME[0]
reference	data/vanilla/vanilla_creatures/objects/creature_subterranean.txt	2091	CAVE_SWALLOW_MAN	SELECT_CASTE:ALL	NAME	1	cave swallow man	cave swallow man	洞穴燕人	data/runtime/rulesets/zh-Hans/creatures/caste.toml | data/runtime/rulesets/zh-Hans/creatures/name.toml	洞穴燕人	洞穴燕人	creature_raw.NAME[0]; singular; caste=-1; no CASTE_NAME or juvenile substitution	0xaa3bd0(race,out,plural=false,caste=-1); r9w==0xffff -> 0xaa3d69 -> 0xaa3d1e/0xaa3d36; creature_raw+0x20 NAME[0]
reference	data/vanilla/vanilla_creatures/objects/creature_subterranean.txt	2102	BIRD_SWALLOW_CAVE_GIANT		NAME	1	giant cave swallow	giant cave swallow	巨型洞穴燕	data/runtime/rulesets/zh-Hans/creatures/caste.toml | data/runtime/rulesets/zh-Hans/creatures/name.toml	巨型洞穴燕	巨洞穴燕	creature_raw.NAME[0]; singular; caste=-1; no CASTE_NAME or juvenile substitution	0xaa3bd0(race,out,plural=false,caste=-1); r9w==0xffff -> 0xaa3d69 -> 0xaa3d1e/0xaa3d36; creature_raw+0x20 NAME[0]
reference	data/vanilla/vanilla_creatures/objects/creature_subterranean.txt	2205	AMPHIBIAN_MAN		NAME	1	amphibian man	amphibian man	地底蛙人	data/runtime/rulesets/zh-Hans/creatures/caste.toml | data/runtime/rulesets/zh-Hans/creatures/name.toml	地底蛙人	两栖动物人	creature_raw.NAME[0]; singular; caste=-1; no CASTE_NAME or juvenile substitution	0xaa3bd0(race,out,plural=false,caste=-1); r9w==0xffff -> 0xaa3d69 -> 0xaa3d1e/0xaa3d36; creature_raw+0x20 NAME[0]
reference	data/vanilla/vanilla_creatures/objects/creature_subterranean.txt	2300	REPTILE_MAN		NAME	1	reptile man	reptile man	地底蜥蜴人	data/runtime/rulesets/zh-Hans/creatures/caste.toml | data/runtime/rulesets/zh-Hans/creatures/name.toml	地底蜥蜴人	爬行动物人	creature_raw.NAME[0]; singular; caste=-1; no CASTE_NAME or juvenile substitution	0xaa3bd0(race,out,plural=false,caste=-1); r9w==0xffff -> 0xaa3d69 -> 0xaa3d1e/0xaa3d36; creature_raw+0x20 NAME[0]
reference	data/vanilla/vanilla_creatures/objects/creature_subterranean.txt	2421	SERPENT_MAN		NAME	1	serpent man	serpent man	地底蛇人	data/runtime/rulesets/zh-Hans/creatures/caste.toml | data/runtime/rulesets/zh-Hans/creatures/name.toml	地底蛇人	毒蛇人	creature_raw.NAME[0]; singular; caste=-1; no CASTE_NAME or juvenile substitution	0xaa3bd0(race,out,plural=false,caste=-1); r9w==0xffff -> 0xaa3d69 -> 0xaa3d1e/0xaa3d36; creature_raw+0x20 NAME[0]
reference	data/vanilla/vanilla_creatures/objects/creature_subterranean.txt	2561	ANT_MAN		NAME	1	antman	antman	蚂蚁人	data/runtime/rulesets/zh-Hans/creatures/name.toml	蚂蚁人	蚂蚁人	creature_raw.NAME[0]; singular; caste=-1; no CASTE_NAME or juvenile substitution	0xaa3bd0(race,out,plural=false,caste=-1); r9w==0xffff -> 0xaa3d69 -> 0xaa3d1e/0xaa3d36; creature_raw+0x20 NAME[0]
reference	data/vanilla/vanilla_creatures/objects/creature_subterranean.txt	2679	RODENT MAN		NAME	1	rodent man	rodent man	地底刺毛鼠人	data/runtime/rulesets/zh-Hans/creatures/caste.toml | data/runtime/rulesets/zh-Hans/creatures/name.toml	地底刺毛鼠人	啮齿动物人	creature_raw.NAME[0]; singular; caste=-1; no CASTE_NAME or juvenile substitution	0xaa3bd0(race,out,plural=false,caste=-1); r9w==0xffff -> 0xaa3d69 -> 0xaa3d1e/0xaa3d36; creature_raw+0x20 NAME[0]
reference	data/vanilla/vanilla_creatures/objects/creature_temperate_new.txt	13	WILD_BOAR		NAME	1	wild boar	wild boar	野猪	data/runtime/rulesets/zh-Hans/creatures/caste.toml | data/runtime/rulesets/zh-Hans/creatures/name.toml	野猪	野猪	creature_raw.NAME[0]; singular; caste=-1; no CASTE_NAME or juvenile substitution	0xaa3bd0(race,out,plural=false,caste=-1); r9w==0xffff -> 0xaa3d69 -> 0xaa3d1e/0xaa3d36; creature_raw+0x20 NAME[0]
reference	data/vanilla/vanilla_creatures/objects/creature_temperate_new.txt	138	WILD_BOAR_MAN	SELECT_CASTE:ALL	NAME	1	wild boar man	wild boar man	野猪人	data/runtime/rulesets/zh-Hans/creatures/caste.toml | data/runtime/rulesets/zh-Hans/creatures/name.toml	野猪人	野猪人	creature_raw.NAME[0]; singular; caste=-1; no CASTE_NAME or juvenile substitution	0xaa3bd0(race,out,plural=false,caste=-1); r9w==0xffff -> 0xaa3d69 -> 0xaa3d1e/0xaa3d36; creature_raw+0x20 NAME[0]
reference	data/vanilla/vanilla_creatures/objects/creature_temperate_new.txt	159	GIANT_WILD_BOAR	SELECT_CASTE:ALL	NAME	1	giant wild boar	giant wild boar	巨型野猪	data/runtime/rulesets/zh-Hans/creatures/caste.toml | data/runtime/rulesets/zh-Hans/creatures/name.toml	巨型野猪	巨野猪	creature_raw.NAME[0]; singular; caste=-1; no CASTE_NAME or juvenile substitution	0xaa3bd0(race,out,plural=false,caste=-1); r9w==0xffff -> 0xaa3d69 -> 0xaa3d1e/0xaa3d36; creature_raw+0x20 NAME[0]
reference	data/vanilla/vanilla_creatures/objects/creature_temperate_new.txt	184	COYOTE		NAME	1	coyote	coyote	郊狼	data/runtime/rulesets/zh-Hans/creatures/caste.toml | data/runtime/rulesets/zh-Hans/creatures/name.toml	郊狼	郊狼	creature_raw.NAME[0]; singular; caste=-1; no CASTE_NAME or juvenile substitution	0xaa3bd0(race,out,plural=false,caste=-1); r9w==0xffff -> 0xaa3d69 -> 0xaa3d1e/0xaa3d36; creature_raw+0x20 NAME[0]
reference	data/vanilla/vanilla_creatures/objects/creature_temperate_new.txt	301	COYOTE_MAN	SELECT_CASTE:ALL	NAME	1	coyote man	coyote man	郊狼人	data/runtime/rulesets/zh-Hans/creatures/caste.toml | data/runtime/rulesets/zh-Hans/creatures/name.toml	郊狼人	郊狼人	creature_raw.NAME[0]; singular; caste=-1; no CASTE_NAME or juvenile substitution	0xaa3bd0(race,out,plural=false,caste=-1); r9w==0xffff -> 0xaa3d69 -> 0xaa3d1e/0xaa3d36; creature_raw+0x20 NAME[0]
reference	data/vanilla/vanilla_creatures/objects/creature_temperate_new.txt	320	GIANT_COYOTE	SELECT_CASTE:ALL	NAME	1	giant coyote	giant coyote	巨型郊狼	data/runtime/rulesets/zh-Hans/creatures/caste.toml | data/runtime/rulesets/zh-Hans/creatures/name.toml	巨型郊狼	巨郊狼	creature_raw.NAME[0]; singular; caste=-1; no CASTE_NAME or juvenile substitution	0xaa3bd0(race,out,plural=false,caste=-1); r9w==0xffff -> 0xaa3d69 -> 0xaa3d1e/0xaa3d36; creature_raw+0x20 NAME[0]
reference	data/vanilla/vanilla_creatures/objects/creature_temperate_new.txt	344	KANGAROO		NAME	1	kangaroo	kangaroo	袋鼠	data/runtime/rulesets/zh-Hans/creatures/name.toml	袋鼠	袋鼠	creature_raw.NAME[0]; singular; caste=-1; no CASTE_NAME or juvenile substitution	0xaa3bd0(race,out,plural=false,caste=-1); r9w==0xffff -> 0xaa3d69 -> 0xaa3d1e/0xaa3d36; creature_raw+0x20 NAME[0]
reference	data/vanilla/vanilla_creatures/objects/creature_temperate_new.txt	488	KANGAROO_MAN	SELECT_CASTE:ALL	NAME	1	kangaroo man	kangaroo man	袋鼠人	data/runtime/rulesets/zh-Hans/creatures/caste.toml | data/runtime/rulesets/zh-Hans/creatures/name.toml	袋鼠人	袋鼠人	creature_raw.NAME[0]; singular; caste=-1; no CASTE_NAME or juvenile substitution	0xaa3bd0(race,out,plural=false,caste=-1); r9w==0xffff -> 0xaa3d69 -> 0xaa3d1e/0xaa3d36; creature_raw+0x20 NAME[0]
reference	data/vanilla/vanilla_creatures/objects/creature_temperate_new.txt	514	GIANT_KANGAROO	SELECT_CASTE:ALL	NAME	1	giant kangaroo	giant kangaroo	巨型袋鼠	data/runtime/rulesets/zh-Hans/creatures/caste.toml | data/runtime/rulesets/zh-Hans/creatures/name.toml	巨型袋鼠	巨袋鼠	creature_raw.NAME[0]; singular; caste=-1; no CASTE_NAME or juvenile substitution	0xaa3bd0(race,out,plural=false,caste=-1); r9w==0xffff -> 0xaa3d69 -> 0xaa3d1e/0xaa3d36; creature_raw+0x20 NAME[0]
reference	data/vanilla/vanilla_creatures/objects/creature_temperate_new.txt	540	KOALA		NAME	1	koala	koala	树袋熊	data/runtime/rulesets/zh-Hans/creatures/caste.toml | data/runtime/rulesets/zh-Hans/creatures/name.toml	树袋熊	树袋熊	creature_raw.NAME[0]; singular; caste=-1; no CASTE_NAME or juvenile substitution	0xaa3bd0(race,out,plural=false,caste=-1); r9w==0xffff -> 0xaa3d69 -> 0xaa3d1e/0xaa3d36; creature_raw+0x20 NAME[0]
reference	data/vanilla/vanilla_creatures/objects/creature_temperate_new.txt	649	KOALA_MAN	SELECT_CASTE:ALL	NAME	1	koala man	koala man	树袋熊人	data/runtime/rulesets/zh-Hans/creatures/caste.toml | data/runtime/rulesets/zh-Hans/creatures/name.toml	树袋熊人	树袋熊人	creature_raw.NAME[0]; singular; caste=-1; no CASTE_NAME or juvenile substitution	0xaa3bd0(race,out,plural=false,caste=-1); r9w==0xffff -> 0xaa3d69 -> 0xaa3d1e/0xaa3d36; creature_raw+0x20 NAME[0]
reference	data/vanilla/vanilla_creatures/objects/creature_temperate_new.txt	668	GIANT_KOALA	SELECT_CASTE:ALL	NAME	1	giant koala	giant koala	巨型树袋熊	data/runtime/rulesets/zh-Hans/creatures/caste.toml | data/runtime/rulesets/zh-Hans/creatures/name.toml	巨型树袋熊	巨树袋熊	creature_raw.NAME[0]; singular; caste=-1; no CASTE_NAME or juvenile substitution	0xaa3bd0(race,out,plural=false,caste=-1); r9w==0xffff -> 0xaa3d69 -> 0xaa3d1e/0xaa3d36; creature_raw+0x20 NAME[0]
reference	data/vanilla/vanilla_creatures/objects/creature_temperate_new.txt	691	ADDER		NAME	1	adder	adder	蝰蛇	data/runtime/rulesets/zh-Hans/creatures/caste.toml | data/runtime/rulesets/zh-Hans/creatures/name.toml	蝰蛇	蝰蛇	creature_raw.NAME[0]; singular; caste=-1; no CASTE_NAME or juvenile substitution	0xaa3bd0(race,out,plural=false,caste=-1); r9w==0xffff -> 0xaa3d69 -> 0xaa3d1e/0xaa3d36; creature_raw+0x20 NAME[0]
reference	data/vanilla/vanilla_creatures/objects/creature_temperate_new.txt	831	ADDER_MAN	SELECT_CASTE:ALL	NAME	1	adder man	adder man	蝰蛇人	data/runtime/rulesets/zh-Hans/creatures/caste.toml | data/runtime/rulesets/zh-Hans/creatures/name.toml	蝰蛇人	蝰蛇人	creature_raw.NAME[0]; singular; caste=-1; no CASTE_NAME or juvenile substitution	0xaa3bd0(race,out,plural=false,caste=-1); r9w==0xffff -> 0xaa3d69 -> 0xaa3d1e/0xaa3d36; creature_raw+0x20 NAME[0]
reference	data/vanilla/vanilla_creatures/objects/creature_temperate_new.txt	865	GIANT_ADDER	SELECT_CASTE:ALL	NAME	1	giant adder	giant adder	巨型蝰蛇	data/runtime/rulesets/zh-Hans/creatures/caste.toml | data/runtime/rulesets/zh-Hans/creatures/name.toml	巨型蝰蛇	巨蝰蛇	creature_raw.NAME[0]; singular; caste=-1; no CASTE_NAME or juvenile substitution	0xaa3bd0(race,out,plural=false,caste=-1); r9w==0xffff -> 0xaa3d69 -> 0xaa3d1e/0xaa3d36; creature_raw+0x20 NAME[0]
reference	data/vanilla/vanilla_creatures/objects/creature_temperate_new.txt	888	ECHIDNA		NAME	1	echidna	echidna	针鼹	data/runtime/rulesets/zh-Hans/creatures/caste.toml | data/runtime/rulesets/zh-Hans/creatures/name.toml	针鼹	针鼹猬	creature_raw.NAME[0]; singular; caste=-1; no CASTE_NAME or juvenile substitution	0xaa3bd0(race,out,plural=false,caste=-1); r9w==0xffff -> 0xaa3d69 -> 0xaa3d1e/0xaa3d36; creature_raw+0x20 NAME[0]
reference	data/vanilla/vanilla_creatures/objects/creature_temperate_new.txt	1004	ECHIDNA_MAN	SELECT_CASTE:ALL	NAME	1	echidna man	echidna man	针鼹人	data/runtime/rulesets/zh-Hans/creatures/caste.toml | data/runtime/rulesets/zh-Hans/creatures/name.toml	针鼹人	针鼹猬人	creature_raw.NAME[0]; singular; caste=-1; no CASTE_NAME or juvenile substitution	0xaa3bd0(race,out,plural=false,caste=-1); r9w==0xffff -> 0xaa3d69 -> 0xaa3d1e/0xaa3d36; creature_raw+0x20 NAME[0]
reference	data/vanilla/vanilla_creatures/objects/creature_temperate_new.txt	1023	GIANT_ECHIDNA	SELECT_CASTE:ALL	NAME	1	giant echidna	giant echidna	巨型针鼹	data/runtime/rulesets/zh-Hans/creatures/caste.toml | data/runtime/rulesets/zh-Hans/creatures/name.toml	巨型针鼹	巨针鼹猬	creature_raw.NAME[0]; singular; caste=-1; no CASTE_NAME or juvenile substitution	0xaa3bd0(race,out,plural=false,caste=-1); r9w==0xffff -> 0xaa3d69 -> 0xaa3d1e/0xaa3d36; creature_raw+0x20 NAME[0]
reference	data/vanilla/vanilla_creatures/objects/creature_temperate_new.txt	1047	PORCUPINE		NAME	1	porcupine	porcupine	豪猪	data/runtime/rulesets/zh-Hans/creatures/caste.toml | data/runtime/rulesets/zh-Hans/creatures/name.toml	豪猪	豪猪	creature_raw.NAME[0]; singular; caste=-1; no CASTE_NAME or juvenile substitution	0xaa3bd0(race,out,plural=false,caste=-1); r9w==0xffff -> 0xaa3d69 -> 0xaa3d1e/0xaa3d36; creature_raw+0x20 NAME[0]
reference	data/vanilla/vanilla_creatures/objects/creature_temperate_new.txt	1167	PORCUPINE_MAN	SELECT_CASTE:ALL	NAME	1	porcupine man	porcupine man	豪猪人	data/runtime/rulesets/zh-Hans/creatures/caste.toml | data/runtime/rulesets/zh-Hans/creatures/name.toml	豪猪人	豪猪人	creature_raw.NAME[0]; singular; caste=-1; no CASTE_NAME or juvenile substitution	0xaa3bd0(race,out,plural=false,caste=-1); r9w==0xffff -> 0xaa3d69 -> 0xaa3d1e/0xaa3d36; creature_raw+0x20 NAME[0]
reference	data/vanilla/vanilla_creatures/objects/creature_temperate_new.txt	1186	GIANT_PORCUPINE	SELECT_CASTE:ALL	NAME	1	giant porcupine	giant porcupine	巨型豪猪	data/runtime/rulesets/zh-Hans/creatures/caste.toml | data/runtime/rulesets/zh-Hans/creatures/name.toml	巨型豪猪	巨豪猪	creature_raw.NAME[0]; singular; caste=-1; no CASTE_NAME or juvenile substitution	0xaa3bd0(race,out,plural=false,caste=-1); r9w==0xffff -> 0xaa3d69 -> 0xaa3d1e/0xaa3d36; creature_raw+0x20 NAME[0]
reference	data/vanilla/vanilla_creatures/objects/creature_temperate_new.txt	1210	KINGSNAKE		NAME	1	kingsnake	kingsnake	王蛇	data/runtime/rulesets/zh-Hans/creatures/caste.toml | data/runtime/rulesets/zh-Hans/creatures/name.toml	王蛇	皇帝蛇	creature_raw.NAME[0]; singular; caste=-1; no CASTE_NAME or juvenile substitution	0xaa3bd0(race,out,plural=false,caste=-1); r9w==0xffff -> 0xaa3d69 -> 0xaa3d1e/0xaa3d36; creature_raw+0x20 NAME[0]
reference	data/vanilla/vanilla_creatures/objects/creature_temperate_new.txt	1311	KINGSNAKE_MAN	SELECT_CASTE:ALL	NAME	1	kingsnake man	kingsnake man	王蛇人	data/runtime/rulesets/zh-Hans/creatures/caste.toml | data/runtime/rulesets/zh-Hans/creatures/name.toml	王蛇人	皇帝蛇人	creature_raw.NAME[0]; singular; caste=-1; no CASTE_NAME or juvenile substitution	0xaa3bd0(race,out,plural=false,caste=-1); r9w==0xffff -> 0xaa3d69 -> 0xaa3d1e/0xaa3d36; creature_raw+0x20 NAME[0]
reference	data/vanilla/vanilla_creatures/objects/creature_temperate_new.txt	1328	GIANT_KINGSNAKE	SELECT_CASTE:ALL	NAME	1	giant kingsnake	giant kingsnake	巨型王蛇	data/runtime/rulesets/zh-Hans/creatures/caste.toml | data/runtime/rulesets/zh-Hans/creatures/name.toml	巨型王蛇	巨皇帝蛇	creature_raw.NAME[0]; singular; caste=-1; no CASTE_NAME or juvenile substitution	0xaa3bd0(race,out,plural=false,caste=-1); r9w==0xffff -> 0xaa3d69 -> 0xaa3d1e/0xaa3d36; creature_raw+0x20 NAME[0]
reference	data/vanilla/vanilla_creatures/objects/creature_temperate_new.txt	1351	GRAY_LANGUR		NAME	1	gray langur	gray langur	灰叶猴	data/runtime/rulesets/zh-Hans/creatures/caste.toml | data/runtime/rulesets/zh-Hans/creatures/name.toml	灰叶猴	灰叶猴	creature_raw.NAME[0]; singular; caste=-1; no CASTE_NAME or juvenile substitution	0xaa3bd0(race,out,plural=false,caste=-1); r9w==0xffff -> 0xaa3d69 -> 0xaa3d1e/0xaa3d36; creature_raw+0x20 NAME[0]
reference	data/vanilla/vanilla_creatures/objects/creature_temperate_new.txt	1464	GRAY_LANGUR_MAN	SELECT_CASTE:ALL	NAME	1	gray langur man	gray langur man	灰叶猴人	data/runtime/rulesets/zh-Hans/creatures/caste.toml | data/runtime/rulesets/zh-Hans/creatures/name.toml	灰叶猴人	灰叶猴人	creature_raw.NAME[0]; singular; caste=-1; no CASTE_NAME or juvenile substitution	0xaa3bd0(race,out,plural=false,caste=-1); r9w==0xffff -> 0xaa3d69 -> 0xaa3d1e/0xaa3d36; creature_raw+0x20 NAME[0]
reference	data/vanilla/vanilla_creatures/objects/creature_temperate_new.txt	1483	GIANT_GRAY_LANGUR	SELECT_CASTE:ALL	NAME	1	giant gray langur	giant gray langur	巨型灰叶猴	data/runtime/rulesets/zh-Hans/creatures/caste.toml | data/runtime/rulesets/zh-Hans/creatures/name.toml	巨型灰叶猴	巨灰叶猴	creature_raw.NAME[0]; singular; caste=-1; no CASTE_NAME or juvenile substitution	0xaa3bd0(race,out,plural=false,caste=-1); r9w==0xffff -> 0xaa3d69 -> 0xaa3d1e/0xaa3d36; creature_raw+0x20 NAME[0]
reference	data/vanilla/vanilla_creatures/objects/creature_temperate_new.txt	1507	BOBCAT		NAME	1	bobcat	bobcat	短尾猫	data/runtime/rulesets/zh-Hans/creatures/caste.toml | data/runtime/rulesets/zh-Hans/creatures/name.toml	短尾猫	短尾猫	creature_raw.NAME[0]; singular; caste=-1; no CASTE_NAME or juvenile substitution	0xaa3bd0(race,out,plural=false,caste=-1); r9w==0xffff -> 0xaa3d69 -> 0xaa3d1e/0xaa3d36; creature_raw+0x20 NAME[0]
reference	data/vanilla/vanilla_creatures/objects/creature_temperate_new.txt	1622	BOBCAT_MAN	SELECT_CASTE:ALL	NAME	1	bobcat man	bobcat man	短尾猫人	data/runtime/rulesets/zh-Hans/creatures/caste.toml | data/runtime/rulesets/zh-Hans/creatures/name.toml	短尾猫人	短尾猫人	creature_raw.NAME[0]; singular; caste=-1; no CASTE_NAME or juvenile substitution	0xaa3bd0(race,out,plural=false,caste=-1); r9w==0xffff -> 0xaa3d69 -> 0xaa3d1e/0xaa3d36; creature_raw+0x20 NAME[0]
reference	data/vanilla/vanilla_creatures/objects/creature_temperate_new.txt	1641	GIANT_BOBCAT	SELECT_CASTE:ALL	NAME	1	giant bobcat	giant bobcat	巨型短尾猫	data/runtime/rulesets/zh-Hans/creatures/caste.toml | data/runtime/rulesets/zh-Hans/creatures/name.toml	巨型短尾猫	巨山猫	creature_raw.NAME[0]; singular; caste=-1; no CASTE_NAME or juvenile substitution	0xaa3bd0(race,out,plural=false,caste=-1); r9w==0xffff -> 0xaa3d69 -> 0xaa3d1e/0xaa3d36; creature_raw+0x20 NAME[0]
reference	data/vanilla/vanilla_creatures/objects/creature_temperate_new.txt	1662	SKUNK		NAME	1	skunk	skunk	臭鼬	data/runtime/rulesets/zh-Hans/creatures/caste.toml | data/runtime/rulesets/zh-Hans/creatures/name.toml	臭鼬	臭鼬	creature_raw.NAME[0]; singular; caste=-1; no CASTE_NAME or juvenile substitution	0xaa3bd0(race,out,plural=false,caste=-1); r9w==0xffff -> 0xaa3d69 -> 0xaa3d1e/0xaa3d36; creature_raw+0x20 NAME[0]
reference	data/vanilla/vanilla_creatures/objects/creature_temperate_new.txt	1775	SKUNK_MAN	SELECT_CASTE:ALL	NAME	1	skunk man	skunk man	臭鼬人	data/runtime/rulesets/zh-Hans/creatures/caste.toml | data/runtime/rulesets/zh-Hans/creatures/name.toml	臭鼬人	臭鼬人	creature_raw.NAME[0]; singular; caste=-1; no CASTE_NAME or juvenile substitution	0xaa3bd0(race,out,plural=false,caste=-1); r9w==0xffff -> 0xaa3d69 -> 0xaa3d1e/0xaa3d36; creature_raw+0x20 NAME[0]
reference	data/vanilla/vanilla_creatures/objects/creature_temperate_new.txt	1794	GIANT_SKUNK	SELECT_CASTE:ALL	NAME	1	giant skunk	giant skunk	巨型臭鼬	data/runtime/rulesets/zh-Hans/creatures/caste.toml | data/runtime/rulesets/zh-Hans/creatures/name.toml	巨型臭鼬	巨臭鼬	creature_raw.NAME[0]; singular; caste=-1; no CASTE_NAME or juvenile substitution	0xaa3bd0(race,out,plural=false,caste=-1); r9w==0xffff -> 0xaa3d69 -> 0xaa3d1e/0xaa3d36; creature_raw+0x20 NAME[0]
reference	data/vanilla/vanilla_creatures/objects/creature_temperate_new.txt	1816	GREEN_TREE_FROG		NAME	1	green tree frog	green tree frog	绿树蛙	data/runtime/rulesets/zh-Hans/creatures/caste.toml | data/runtime/rulesets/zh-Hans/creatures/name.toml	绿树蛙	绿树蛙	creature_raw.NAME[0]; singular; caste=-1; no CASTE_NAME or juvenile substitution	0xaa3bd0(race,out,plural=false,caste=-1); r9w==0xffff -> 0xaa3d69 -> 0xaa3d1e/0xaa3d36; creature_raw+0x20 NAME[0]
reference	data/vanilla/vanilla_creatures/objects/creature_temperate_new.txt	1901	GREEN_TREE_FROG_MAN	SELECT_CASTE:ALL	NAME	1	green tree frog man	green tree frog man	绿树蛙人	data/runtime/rulesets/zh-Hans/creatures/caste.toml | data/runtime/rulesets/zh-Hans/creatures/name.toml	绿树蛙人	绿树蛙人	creature_raw.NAME[0]; singular; caste=-1; no CASTE_NAME or juvenile substitution	0xaa3bd0(race,out,plural=false,caste=-1); r9w==0xffff -> 0xaa3d69 -> 0xaa3d1e/0xaa3d36; creature_raw+0x20 NAME[0]
reference	data/vanilla/vanilla_creatures/objects/creature_temperate_new.txt	1918	GIANT_GREEN_TREE_FROG	SELECT_CASTE:ALL	NAME	1	giant green tree frog	giant green tree frog	巨型绿树蛙	data/runtime/rulesets/zh-Hans/creatures/caste.toml | data/runtime/rulesets/zh-Hans/creatures/name.toml	巨型绿树蛙	巨型绿树蛙	creature_raw.NAME[0]; singular; caste=-1; no CASTE_NAME or juvenile substitution	0xaa3bd0(race,out,plural=false,caste=-1); r9w==0xffff -> 0xaa3d69 -> 0xaa3d1e/0xaa3d36; creature_raw+0x20 NAME[0]
reference	data/vanilla/vanilla_creatures/objects/creature_temperate_new.txt	1941	HARE		NAME	1	hare	hare	野兔	data/runtime/rulesets/zh-Hans/creatures/name.toml	野兔	野兔	creature_raw.NAME[0]; singular; caste=-1; no CASTE_NAME or juvenile substitution	0xaa3bd0(race,out,plural=false,caste=-1); r9w==0xffff -> 0xaa3d69 -> 0xaa3d1e/0xaa3d36; creature_raw+0x20 NAME[0]
reference	data/vanilla/vanilla_creatures/objects/creature_temperate_new.txt	2055	HARE_MAN	SELECT_CASTE:ALL	NAME	1	hare man	hare man	野兔人	data/runtime/rulesets/zh-Hans/creatures/caste.toml | data/runtime/rulesets/zh-Hans/creatures/name.toml	野兔人	野兔人	creature_raw.NAME[0]; singular; caste=-1; no CASTE_NAME or juvenile substitution	0xaa3bd0(race,out,plural=false,caste=-1); r9w==0xffff -> 0xaa3d69 -> 0xaa3d1e/0xaa3d36; creature_raw+0x20 NAME[0]
reference	data/vanilla/vanilla_creatures/objects/creature_temperate_new.txt	2074	GIANT_HARE	SELECT_CASTE:ALL	NAME	1	giant hare	giant hare	巨型野兔	data/runtime/rulesets/zh-Hans/creatures/caste.toml | data/runtime/rulesets/zh-Hans/creatures/name.toml	巨型野兔	巨野兔	creature_raw.NAME[0]; singular; caste=-1; no CASTE_NAME or juvenile substitution	0xaa3bd0(race,out,plural=false,caste=-1); r9w==0xffff -> 0xaa3d69 -> 0xaa3d1e/0xaa3d36; creature_raw+0x20 NAME[0]
reference	data/vanilla/vanilla_creatures/objects/creature_temperate_new.txt	2096	RATTLESNAKE		NAME	1	rattlesnake	rattlesnake	响尾蛇	data/runtime/rulesets/zh-Hans/creatures/caste.toml | data/runtime/rulesets/zh-Hans/creatures/name.toml	响尾蛇	响尾蛇	creature_raw.NAME[0]; singular; caste=-1; no CASTE_NAME or juvenile substitution	0xaa3bd0(race,out,plural=false,caste=-1); r9w==0xffff -> 0xaa3d69 -> 0xaa3d1e/0xaa3d36; creature_raw+0x20 NAME[0]
reference	data/vanilla/vanilla_creatures/objects/creature_temperate_new.txt	2229	RATTLESNAKE_MAN	SELECT_CASTE:ALL	NAME	1	rattlesnake man	rattlesnake man	响尾蛇人	data/runtime/rulesets/zh-Hans/creatures/caste.toml | data/runtime/rulesets/zh-Hans/creatures/name.toml	响尾蛇人	响尾蛇人	creature_raw.NAME[0]; singular; caste=-1; no CASTE_NAME or juvenile substitution	0xaa3bd0(race,out,plural=false,caste=-1); r9w==0xffff -> 0xaa3d69 -> 0xaa3d1e/0xaa3d36; creature_raw+0x20 NAME[0]
reference	data/vanilla/vanilla_creatures/objects/creature_temperate_new.txt	2263	GIANT_RATTLESNAKE	SELECT_CASTE:ALL	NAME	1	giant rattlesnake	giant rattlesnake	巨型响尾蛇	data/runtime/rulesets/zh-Hans/creatures/caste.toml | data/runtime/rulesets/zh-Hans/creatures/name.toml	巨型响尾蛇	巨居响尾蛇	creature_raw.NAME[0]; singular; caste=-1; no CASTE_NAME or juvenile substitution	0xaa3bd0(race,out,plural=false,caste=-1); r9w==0xffff -> 0xaa3d69 -> 0xaa3d1e/0xaa3d36; creature_raw+0x20 NAME[0]
reference	data/vanilla/vanilla_creatures/objects/creature_temperate_new.txt	2285	WEASEL		NAME	1	weasel	weasel	黄鼬	data/runtime/rulesets/zh-Hans/creatures/caste.toml | data/runtime/rulesets/zh-Hans/creatures/name.toml	黄鼬	黄鼬	creature_raw.NAME[0]; singular; caste=-1; no CASTE_NAME or juvenile substitution	0xaa3bd0(race,out,plural=false,caste=-1); r9w==0xffff -> 0xaa3d69 -> 0xaa3d1e/0xaa3d36; creature_raw+0x20 NAME[0]
reference	data/vanilla/vanilla_creatures/objects/creature_temperate_new.txt	2395	WEASEL_MAN	SELECT_CASTE:ALL	NAME	1	weasel man	weasel man	黄鼬人	data/runtime/rulesets/zh-Hans/creatures/caste.toml | data/runtime/rulesets/zh-Hans/creatures/name.toml	黄鼬人	黄鼬人	creature_raw.NAME[0]; singular; caste=-1; no CASTE_NAME or juvenile substitution	0xaa3bd0(race,out,plural=false,caste=-1); r9w==0xffff -> 0xaa3d69 -> 0xaa3d1e/0xaa3d36; creature_raw+0x20 NAME[0]
reference	data/vanilla/vanilla_creatures/objects/creature_temperate_new.txt	2414	GIANT_WEASEL	SELECT_CASTE:ALL	NAME	1	giant weasel	giant weasel	巨型黄鼬	data/runtime/rulesets/zh-Hans/creatures/caste.toml | data/runtime/rulesets/zh-Hans/creatures/name.toml	巨型黄鼬	巨黄鼬	creature_raw.NAME[0]; singular; caste=-1; no CASTE_NAME or juvenile substitution	0xaa3bd0(race,out,plural=false,caste=-1); r9w==0xffff -> 0xaa3d69 -> 0xaa3d1e/0xaa3d36; creature_raw+0x20 NAME[0]
reference	data/vanilla/vanilla_creatures/objects/creature_temperate_new.txt	2438	COPPERHEAD_SNAKE		NAME	1	copperhead snake	copperhead snake	铜头蛇	data/runtime/rulesets/zh-Hans/creatures/caste.toml | data/runtime/rulesets/zh-Hans/creatures/name.toml	铜头蛇	铜头蛇	creature_raw.NAME[0]; singular; caste=-1; no CASTE_NAME or juvenile substitution	0xaa3bd0(race,out,plural=false,caste=-1); r9w==0xffff -> 0xaa3d69 -> 0xaa3d1e/0xaa3d36; creature_raw+0x20 NAME[0]
reference	data/vanilla/vanilla_creatures/objects/creature_temperate_new.txt	2567	COPPERHEAD_SNAKE_MAN	SELECT_CASTE:ALL	NAME	1	copperhead snake man	copperhead snake man	铜头蛇人	data/runtime/rulesets/zh-Hans/creatures/caste.toml | data/runtime/rulesets/zh-Hans/creatures/name.toml	铜头蛇人	铜头蛇人	creature_raw.NAME[0]; singular; caste=-1; no CASTE_NAME or juvenile substitution	0xaa3bd0(race,out,plural=false,caste=-1); r9w==0xffff -> 0xaa3d69 -> 0xaa3d1e/0xaa3d36; creature_raw+0x20 NAME[0]
reference	data/vanilla/vanilla_creatures/objects/creature_temperate_new.txt	2601	GIANT_COPPERHEAD_SNAKE	SELECT_CASTE:ALL	NAME	1	giant copperhead snake	giant copperhead snake	巨型铜头蛇	data/runtime/rulesets/zh-Hans/creatures/caste.toml | data/runtime/rulesets/zh-Hans/creatures/name.toml	巨型铜头蛇	巨铜头蛇	creature_raw.NAME[0]; singular; caste=-1; no CASTE_NAME or juvenile substitution	0xaa3bd0(race,out,plural=false,caste=-1); r9w==0xffff -> 0xaa3d69 -> 0xaa3d1e/0xaa3d36; creature_raw+0x20 NAME[0]
reference	data/vanilla/vanilla_creatures/objects/creature_temperate_new.txt	2623	IBEX		NAME	1	ibex	ibex	羱羊	data/runtime/rulesets/zh-Hans/creatures/caste.toml | data/runtime/rulesets/zh-Hans/creatures/name.toml	羱羊	羱羊	creature_raw.NAME[0]; singular; caste=-1; no CASTE_NAME or juvenile substitution	0xaa3bd0(race,out,plural=false,caste=-1); r9w==0xffff -> 0xaa3d69 -> 0xaa3d1e/0xaa3d36; creature_raw+0x20 NAME[0]
reference	data/vanilla/vanilla_creatures/objects/creature_temperate_new.txt	2742	IBEX_MAN	SELECT_CASTE:ALL	NAME	1	ibex man	ibex man	羱羊人	data/runtime/rulesets/zh-Hans/creatures/caste.toml | data/runtime/rulesets/zh-Hans/creatures/name.toml	羱羊人	羱羊人	creature_raw.NAME[0]; singular; caste=-1; no CASTE_NAME or juvenile substitution	0xaa3bd0(race,out,plural=false,caste=-1); r9w==0xffff -> 0xaa3d69 -> 0xaa3d1e/0xaa3d36; creature_raw+0x20 NAME[0]
reference	data/vanilla/vanilla_creatures/objects/creature_temperate_new.txt	2759	GIANT_IBEX	SELECT_CASTE:ALL	NAME	1	giant ibex	giant ibex	巨型羱羊	data/runtime/rulesets/zh-Hans/creatures/caste.toml | data/runtime/rulesets/zh-Hans/creatures/name.toml	巨型羱羊	巨羱羊	creature_raw.NAME[0]; singular; caste=-1; no CASTE_NAME or juvenile substitution	0xaa3bd0(race,out,plural=false,caste=-1); r9w==0xffff -> 0xaa3d69 -> 0xaa3d1e/0xaa3d36; creature_raw+0x20 NAME[0]
reference	data/vanilla/vanilla_creatures/objects/creature_temperate_new.txt	2782	WOMBAT		NAME	1	wombat	wombat	袋熊	data/runtime/rulesets/zh-Hans/creatures/caste.toml | data/runtime/rulesets/zh-Hans/creatures/name.toml	袋熊	袋熊	creature_raw.NAME[0]; singular; caste=-1; no CASTE_NAME or juvenile substitution	0xaa3bd0(race,out,plural=false,caste=-1); r9w==0xffff -> 0xaa3d69 -> 0xaa3d1e/0xaa3d36; creature_raw+0x20 NAME[0]
reference	data/vanilla/vanilla_creatures/objects/creature_temperate_new.txt	2894	WOMBAT_MAN	SELECT_CASTE:ALL	NAME	1	wombat man	wombat man	袋熊人	data/runtime/rulesets/zh-Hans/creatures/caste.toml | data/runtime/rulesets/zh-Hans/creatures/name.toml	袋熊人	袋熊人	creature_raw.NAME[0]; singular; caste=-1; no CASTE_NAME or juvenile substitution	0xaa3bd0(race,out,plural=false,caste=-1); r9w==0xffff -> 0xaa3d69 -> 0xaa3d1e/0xaa3d36; creature_raw+0x20 NAME[0]
reference	data/vanilla/vanilla_creatures/objects/creature_temperate_new.txt	2913	GIANT_WOMBAT	SELECT_CASTE:ALL	NAME	1	giant wombat	giant wombat	巨型袋熊	data/runtime/rulesets/zh-Hans/creatures/caste.toml | data/runtime/rulesets/zh-Hans/creatures/name.toml	巨型袋熊	巨袋熊	creature_raw.NAME[0]; singular; caste=-1; no CASTE_NAME or juvenile substitution	0xaa3bd0(race,out,plural=false,caste=-1); r9w==0xffff -> 0xaa3d69 -> 0xaa3d1e/0xaa3d36; creature_raw+0x20 NAME[0]
reference	data/vanilla/vanilla_creatures/objects/creature_temperate_new.txt	2936	DINGO		NAME	1	dingo	dingo	野狗	data/runtime/rulesets/zh-Hans/creatures/caste.toml | data/runtime/rulesets/zh-Hans/creatures/name.toml	野狗	野狗	creature_raw.NAME[0]; singular; caste=-1; no CASTE_NAME or juvenile substitution	0xaa3bd0(race,out,plural=false,caste=-1); r9w==0xffff -> 0xaa3d69 -> 0xaa3d1e/0xaa3d36; creature_raw+0x20 NAME[0]
reference	data/vanilla/vanilla_creatures/objects/creature_temperate_new.txt	3046	DINGO_MAN	SELECT_CASTE:ALL	NAME	1	dingo man	dingo man	野狗人	data/runtime/rulesets/zh-Hans/creatures/caste.toml | data/runtime/rulesets/zh-Hans/creatures/name.toml	野狗人	野狗人	creature_raw.NAME[0]; singular; caste=-1; no CASTE_NAME or juvenile substitution	0xaa3bd0(race,out,plural=false,caste=-1); r9w==0xffff -> 0xaa3d69 -> 0xaa3d1e/0xaa3d36; creature_raw+0x20 NAME[0]
reference	data/vanilla/vanilla_creatures/objects/creature_temperate_new.txt	3065	GIANT_DINGO	SELECT_CASTE:ALL	NAME	1	giant dingo	giant dingo	巨型野狗	data/runtime/rulesets/zh-Hans/creatures/caste.toml | data/runtime/rulesets/zh-Hans/creatures/name.toml	巨型野狗	巨野狗	creature_raw.NAME[0]; singular; caste=-1; no CASTE_NAME or juvenile substitution	0xaa3bd0(race,out,plural=false,caste=-1); r9w==0xffff -> 0xaa3d69 -> 0xaa3d1e/0xaa3d36; creature_raw+0x20 NAME[0]
reference	data/vanilla/vanilla_creatures/objects/creature_temperate_new.txt	3086	COATI		NAME	1	coati	coati	长鼻浣熊	data/runtime/rulesets/zh-Hans/creatures/caste.toml | data/runtime/rulesets/zh-Hans/creatures/name.toml	长鼻浣熊	长鼻浣熊	creature_raw.NAME[0]; singular; caste=-1; no CASTE_NAME or juvenile substitution	0xaa3bd0(race,out,plural=false,caste=-1); r9w==0xffff -> 0xaa3d69 -> 0xaa3d1e/0xaa3d36; creature_raw+0x20 NAME[0]
reference	data/vanilla/vanilla_creatures/objects/creature_temperate_new.txt	3197	COATI_MAN	SELECT_CASTE:ALL	NAME	1	coati man	coati man	长鼻浣熊人	data/runtime/rulesets/zh-Hans/creatures/caste.toml | data/runtime/rulesets/zh-Hans/creatures/name.toml	长鼻浣熊人	长鼻浣熊人	creature_raw.NAME[0]; singular; caste=-1; no CASTE_NAME or juvenile substitution	0xaa3bd0(race,out,plural=false,caste=-1); r9w==0xffff -> 0xaa3d69 -> 0xaa3d1e/0xaa3d36; creature_raw+0x20 NAME[0]
reference	data/vanilla/vanilla_creatures/objects/creature_temperate_new.txt	3216	GIANT_COATI	SELECT_CASTE:ALL	NAME	1	giant coati	giant coati	巨型长鼻浣熊	data/runtime/rulesets/zh-Hans/creatures/caste.toml | data/runtime/rulesets/zh-Hans/creatures/name.toml	巨型长鼻浣熊	巨长鼻浣熊	creature_raw.NAME[0]; singular; caste=-1; no CASTE_NAME or juvenile substitution	0xaa3bd0(race,out,plural=false,caste=-1); r9w==0xffff -> 0xaa3d69 -> 0xaa3d1e/0xaa3d36; creature_raw+0x20 NAME[0]
reference	data/vanilla/vanilla_creatures/objects/creature_temperate_new.txt	3239	OPOSSUM		NAME	1	opossum	opossum	负鼠	data/runtime/rulesets/zh-Hans/creatures/caste.toml | data/runtime/rulesets/zh-Hans/creatures/name.toml	负鼠	负鼠	creature_raw.NAME[0]; singular; caste=-1; no CASTE_NAME or juvenile substitution	0xaa3bd0(race,out,plural=false,caste=-1); r9w==0xffff -> 0xaa3d69 -> 0xaa3d1e/0xaa3d36; creature_raw+0x20 NAME[0]
reference	data/vanilla/vanilla_creatures/objects/creature_temperate_new.txt	3350	OPOSSUM_MAN	SELECT_CASTE:ALL	NAME	1	opossum man	opossum man	负鼠人	data/runtime/rulesets/zh-Hans/creatures/caste.toml | data/runtime/rulesets/zh-Hans/creatures/name.toml	负鼠人	负鼠人	creature_raw.NAME[0]; singular; caste=-1; no CASTE_NAME or juvenile substitution	0xaa3bd0(race,out,plural=false,caste=-1); r9w==0xffff -> 0xaa3d69 -> 0xaa3d1e/0xaa3d36; creature_raw+0x20 NAME[0]
reference	data/vanilla/vanilla_creatures/objects/creature_temperate_new.txt	3369	GIANT_OPOSSUM	SELECT_CASTE:ALL	NAME	1	giant opossum	giant opossum	巨型负鼠	data/runtime/rulesets/zh-Hans/creatures/caste.toml | data/runtime/rulesets/zh-Hans/creatures/name.toml	巨型负鼠	巨负鼠	creature_raw.NAME[0]; singular; caste=-1; no CASTE_NAME or juvenile substitution	0xaa3bd0(race,out,plural=false,caste=-1); r9w==0xffff -> 0xaa3d69 -> 0xaa3d1e/0xaa3d36; creature_raw+0x20 NAME[0]
reference	data/vanilla/vanilla_creatures/objects/creature_tropical_new.txt	13	MONGOOSE		NAME	1	mongoose	mongoose	獴	data/runtime/rulesets/zh-Hans/creatures/caste.toml | data/runtime/rulesets/zh-Hans/creatures/name.toml	獴	狐獴	creature_raw.NAME[0]; singular; caste=-1; no CASTE_NAME or juvenile substitution	0xaa3bd0(race,out,plural=false,caste=-1); r9w==0xffff -> 0xaa3d69 -> 0xaa3d1e/0xaa3d36; creature_raw+0x20 NAME[0]
reference	data/vanilla/vanilla_creatures/objects/creature_tropical_new.txt	123	MONGOOSE_MAN	SELECT_CASTE:ALL	NAME	1	mongoose man	mongoose man	獴人	data/runtime/rulesets/zh-Hans/creatures/caste.toml | data/runtime/rulesets/zh-Hans/creatures/name.toml	獴人	狐獴人	creature_raw.NAME[0]; singular; caste=-1; no CASTE_NAME or juvenile substitution	0xaa3bd0(race,out,plural=false,caste=-1); r9w==0xffff -> 0xaa3d69 -> 0xaa3d1e/0xaa3d36; creature_raw+0x20 NAME[0]
reference	data/vanilla/vanilla_creatures/objects/creature_tropical_new.txt	142	GIANT_MONGOOSE	SELECT_CASTE:ALL	NAME	1	giant mongoose	giant mongoose	巨型獴	data/runtime/rulesets/zh-Hans/creatures/caste.toml | data/runtime/rulesets/zh-Hans/creatures/name.toml	巨型獴	巨狐獴	creature_raw.NAME[0]; singular; caste=-1; no CASTE_NAME or juvenile substitution	0xaa3bd0(race,out,plural=false,caste=-1); r9w==0xffff -> 0xaa3d69 -> 0xaa3d1e/0xaa3d36; creature_raw+0x20 NAME[0]
reference	data/vanilla/vanilla_creatures/objects/creature_tropical_new.txt	166	HYENA		NAME	1	hyena	hyena	鬣狗	data/runtime/rulesets/zh-Hans/creatures/caste.toml | data/runtime/rulesets/zh-Hans/creatures/name.toml	鬣狗	鬣狗	creature_raw.NAME[0]; singular; caste=-1; no CASTE_NAME or juvenile substitution	0xaa3bd0(race,out,plural=false,caste=-1); r9w==0xffff -> 0xaa3d69 -> 0xaa3d1e/0xaa3d36; creature_raw+0x20 NAME[0]
reference	data/vanilla/vanilla_creatures/objects/creature_tropical_new.txt	279	HYENA_MAN	SELECT_CASTE:ALL	NAME	1	hyena man	hyena man	鬣狗人	data/runtime/rulesets/zh-Hans/creatures/caste.toml | data/runtime/rulesets/zh-Hans/creatures/name.toml	鬣狗人	鬣狗人	creature_raw.NAME[0]; singular; caste=-1; no CASTE_NAME or juvenile substitution	0xaa3bd0(race,out,plural=false,caste=-1); r9w==0xffff -> 0xaa3d69 -> 0xaa3d1e/0xaa3d36; creature_raw+0x20 NAME[0]
reference	data/vanilla/vanilla_creatures/objects/creature_tropical_new.txt	298	GIANT_HYENA	SELECT_CASTE:ALL	NAME	1	giant hyena	giant hyena	巨型鬣狗	data/runtime/rulesets/zh-Hans/creatures/caste.toml | data/runtime/rulesets/zh-Hans/creatures/name.toml	巨型鬣狗	巨鬣狗	creature_raw.NAME[0]; singular; caste=-1; no CASTE_NAME or juvenile substitution	0xaa3bd0(race,out,plural=false,caste=-1); r9w==0xffff -> 0xaa3d69 -> 0xaa3d1e/0xaa3d36; creature_raw+0x20 NAME[0]
reference	data/vanilla/vanilla_creatures/objects/creature_tropical_new.txt	322	ANACONDA		NAME	1	anaconda	anaconda	水蟒	data/runtime/rulesets/zh-Hans/creatures/caste.toml | data/runtime/rulesets/zh-Hans/creatures/name.toml	水蟒	蟒蛇	creature_raw.NAME[0]; singular; caste=-1; no CASTE_NAME or juvenile substitution	0xaa3bd0(race,out,plural=false,caste=-1); r9w==0xffff -> 0xaa3d69 -> 0xaa3d1e/0xaa3d36; creature_raw+0x20 NAME[0]
reference	data/vanilla/vanilla_creatures/objects/creature_tropical_new.txt	415	ANACONDA_MAN	SELECT_CASTE:ALL	NAME	1	anaconda man	anaconda man	水蟒人	data/runtime/rulesets/zh-Hans/creatures/caste.toml | data/runtime/rulesets/zh-Hans/creatures/name.toml	水蟒人	水蟒人	creature_raw.NAME[0]; singular; caste=-1; no CASTE_NAME or juvenile substitution	0xaa3bd0(race,out,plural=false,caste=-1); r9w==0xffff -> 0xaa3d69 -> 0xaa3d1e/0xaa3d36; creature_raw+0x20 NAME[0]
reference	data/vanilla/vanilla_creatures/objects/creature_tropical_new.txt	432	GIANT_ANACONDA	SELECT_CASTE:ALL	NAME	1	giant anaconda	giant anaconda	巨型水蟒	data/runtime/rulesets/zh-Hans/creatures/caste.toml | data/runtime/rulesets/zh-Hans/creatures/name.toml	巨型水蟒	巨蟒	creature_raw.NAME[0]; singular; caste=-1; no CASTE_NAME or juvenile substitution	0xaa3bd0(race,out,plural=false,caste=-1); r9w==0xffff -> 0xaa3d69 -> 0xaa3d1e/0xaa3d36; creature_raw+0x20 NAME[0]
reference	data/vanilla/vanilla_creatures/objects/creature_tropical_new.txt	455	MONITOR_LIZARD		NAME	1	monitor lizard	monitor lizard	巨蜥	data/runtime/rulesets/zh-Hans/creatures/caste.toml | data/runtime/rulesets/zh-Hans/creatures/name.toml	巨蜥	巨蜥	creature_raw.NAME[0]; singular; caste=-1; no CASTE_NAME or juvenile substitution	0xaa3bd0(race,out,plural=false,caste=-1); r9w==0xffff -> 0xaa3d69 -> 0xaa3d1e/0xaa3d36; creature_raw+0x20 NAME[0]
reference	data/vanilla/vanilla_creatures/objects/creature_tropical_new.txt	565	MONITOR_LIZARD_MAN	SELECT_CASTE:ALL	NAME	1	monitor lizard man	monitor lizard man	巨蜥人	data/runtime/rulesets/zh-Hans/creatures/caste.toml | data/runtime/rulesets/zh-Hans/creatures/name.toml	巨蜥人	巨蜥人	creature_raw.NAME[0]; singular; caste=-1; no CASTE_NAME or juvenile substitution	0xaa3bd0(race,out,plural=false,caste=-1); r9w==0xffff -> 0xaa3d69 -> 0xaa3d1e/0xaa3d36; creature_raw+0x20 NAME[0]
reference	data/vanilla/vanilla_creatures/objects/creature_tropical_new.txt	584	GIANT_MONITOR_LIZARD	SELECT_CASTE:ALL	NAME	1	giant monitor lizard	giant monitor lizard	巨型巨蜥	data/runtime/rulesets/zh-Hans/creatures/caste.toml | data/runtime/rulesets/zh-Hans/creatures/name.toml	巨型巨蜥	巨型巨蜥	creature_raw.NAME[0]; singular; caste=-1; no CASTE_NAME or juvenile substitution	0xaa3bd0(race,out,plural=false,caste=-1); r9w==0xffff -> 0xaa3d69 -> 0xaa3d1e/0xaa3d36; creature_raw+0x20 NAME[0]
reference	data/vanilla/vanilla_creatures/objects/creature_tropical_new.txt	607	KING_COBRA		NAME	1	king cobra	king cobra	眼镜王蛇	data/runtime/rulesets/zh-Hans/creatures/caste.toml | data/runtime/rulesets/zh-Hans/creatures/name.toml	眼镜王蛇	眼镜王蛇	creature_raw.NAME[0]; singular; caste=-1; no CASTE_NAME or juvenile substitution	0xaa3bd0(race,out,plural=false,caste=-1); r9w==0xffff -> 0xaa3d69 -> 0xaa3d1e/0xaa3d36; creature_raw+0x20 NAME[0]
reference	data/vanilla/vanilla_creatures/objects/creature_tropical_new.txt	743	KING_COBRA_MAN	SELECT_CASTE:ALL	NAME	1	king cobra man	king cobra man	眼镜王蛇人	data/runtime/rulesets/zh-Hans/creatures/caste.toml | data/runtime/rulesets/zh-Hans/creatures/name.toml	眼镜王蛇人	眼镜王蛇人	creature_raw.NAME[0]; singular; caste=-1; no CASTE_NAME or juvenile substitution	0xaa3bd0(race,out,plural=false,caste=-1); r9w==0xffff -> 0xaa3d69 -> 0xaa3d1e/0xaa3d36; creature_raw+0x20 NAME[0]
reference	data/vanilla/vanilla_creatures/objects/creature_tropical_new.txt	777	GIANT_KING_COBRA	SELECT_CASTE:ALL	NAME	1	giant king cobra	giant king cobra	巨型眼镜王蛇	data/runtime/rulesets/zh-Hans/creatures/caste.toml | data/runtime/rulesets/zh-Hans/creatures/name.toml	巨型眼镜王蛇	巨眼镜王蛇	creature_raw.NAME[0]; singular; caste=-1; no CASTE_NAME or juvenile substitution	0xaa3bd0(race,out,plural=false,caste=-1); r9w==0xffff -> 0xaa3d69 -> 0xaa3d1e/0xaa3d36; creature_raw+0x20 NAME[0]
reference	data/vanilla/vanilla_creatures/objects/creature_tropical_new.txt	799	OCELOT		NAME	1	ocelot	ocelot	豹猫	data/runtime/rulesets/zh-Hans/creatures/caste.toml | data/runtime/rulesets/zh-Hans/creatures/name.toml	豹猫	豹猫	creature_raw.NAME[0]; singular; caste=-1; no CASTE_NAME or juvenile substitution	0xaa3bd0(race,out,plural=false,caste=-1); r9w==0xffff -> 0xaa3d69 -> 0xaa3d1e/0xaa3d36; creature_raw+0x20 NAME[0]
reference	data/vanilla/vanilla_creatures/objects/creature_tropical_new.txt	912	OCELOT_MAN	SELECT_CASTE:ALL	NAME	1	ocelot man	ocelot man	豹猫人	data/runtime/rulesets/zh-Hans/creatures/caste.toml | data/runtime/rulesets/zh-Hans/creatures/name.toml	豹猫人	豹猫人	creature_raw.NAME[0]; singular; caste=-1; no CASTE_NAME or juvenile substitution	0xaa3bd0(race,out,plural=false,caste=-1); r9w==0xffff -> 0xaa3d69 -> 0xaa3d1e/0xaa3d36; creature_raw+0x20 NAME[0]
reference	data/vanilla/vanilla_creatures/objects/creature_tropical_new.txt	931	GIANT_OCELOT	SELECT_CASTE:ALL	NAME	1	giant ocelot	giant ocelot	巨型豹猫	data/runtime/rulesets/zh-Hans/creatures/caste.toml | data/runtime/rulesets/zh-Hans/creatures/name.toml	巨型豹猫	巨豹猫	creature_raw.NAME[0]; singular; caste=-1; no CASTE_NAME or juvenile substitution	0xaa3bd0(race,out,plural=false,caste=-1); r9w==0xffff -> 0xaa3d69 -> 0xaa3d1e/0xaa3d36; creature_raw+0x20 NAME[0]
reference	data/vanilla/vanilla_creatures/objects/creature_tropical_new.txt	955	JACKAL		NAME	1	jackal	jackal	豺	data/runtime/rulesets/zh-Hans/creatures/caste.toml | data/runtime/rulesets/zh-Hans/creatures/name.toml	豺	豺狼	creature_raw.NAME[0]; singular; caste=-1; no CASTE_NAME or juvenile substitution	0xaa3bd0(race,out,plural=false,caste=-1); r9w==0xffff -> 0xaa3d69 -> 0xaa3d1e/0xaa3d36; creature_raw+0x20 NAME[0]
reference	data/vanilla/vanilla_creatures/objects/creature_tropical_new.txt	1065	JACKAL_MAN	SELECT_CASTE:ALL	NAME	1	jackal man	jackal man	豺人	data/runtime/rulesets/zh-Hans/creatures/caste.toml | data/runtime/rulesets/zh-Hans/creatures/name.toml	豺人	豺狼人	creature_raw.NAME[0]; singular; caste=-1; no CASTE_NAME or juvenile substitution	0xaa3bd0(race,out,plural=false,caste=-1); r9w==0xffff -> 0xaa3d69 -> 0xaa3d1e/0xaa3d36; creature_raw+0x20 NAME[0]
reference	data/vanilla/vanilla_creatures/objects/creature_tropical_new.txt	1084	GIANT_JACKAL	SELECT_CASTE:ALL	NAME	1	giant jackal	giant jackal	巨型豺	data/runtime/rulesets/zh-Hans/creatures/caste.toml | data/runtime/rulesets/zh-Hans/creatures/name.toml	巨型豺	巨豺狼	creature_raw.NAME[0]; singular; caste=-1; no CASTE_NAME or juvenile substitution	0xaa3bd0(race,out,plural=false,caste=-1); r9w==0xffff -> 0xaa3d69 -> 0xaa3d1e/0xaa3d36; creature_raw+0x20 NAME[0]
reference	data/vanilla/vanilla_creatures/objects/creature_tropical_new.txt	1107	CAPUCHIN		NAME	1	capuchin	capuchin	卷尾猴	data/runtime/rulesets/zh-Hans/creatures/caste.toml | data/runtime/rulesets/zh-Hans/creatures/name.toml	卷尾猴	卷尾猴	creature_raw.NAME[0]; singular; caste=-1; no CASTE_NAME or juvenile substitution	0xaa3bd0(race,out,plural=false,caste=-1); r9w==0xffff -> 0xaa3d69 -> 0xaa3d1e/0xaa3d36; creature_raw+0x20 NAME[0]
reference	data/vanilla/vanilla_creatures/objects/creature_tropical_new.txt	1217	CAPUCHIN_MAN	SELECT_CASTE:ALL	NAME	1	capuchin man	capuchin man	卷尾猴人	data/runtime/rulesets/zh-Hans/creatures/caste.toml | data/runtime/rulesets/zh-Hans/creatures/name.toml	卷尾猴人	卷尾猴人	creature_raw.NAME[0]; singular; caste=-1; no CASTE_NAME or juvenile substitution	0xaa3bd0(race,out,plural=false,caste=-1); r9w==0xffff -> 0xaa3d69 -> 0xaa3d1e/0xaa3d36; creature_raw+0x20 NAME[0]
reference	data/vanilla/vanilla_creatures/objects/creature_tropical_new.txt	1236	GIANT_CAPUCHIN	SELECT_CASTE:ALL	NAME	1	giant capuchin	giant capuchin	巨型卷尾猴	data/runtime/rulesets/zh-Hans/creatures/caste.toml | data/runtime/rulesets/zh-Hans/creatures/name.toml	巨型卷尾猴	巨卷尾猴	creature_raw.NAME[0]; singular; caste=-1; no CASTE_NAME or juvenile substitution	0xaa3bd0(race,out,plural=false,caste=-1); r9w==0xffff -> 0xaa3d69 -> 0xaa3d1e/0xaa3d36; creature_raw+0x20 NAME[0]
reference	data/vanilla/vanilla_creatures/objects/creature_tropical_new.txt	1258	SLOTH		NAME	1	sloth	sloth	树懒	data/runtime/rulesets/zh-Hans/creatures/caste.toml | data/runtime/rulesets/zh-Hans/creatures/name.toml	树懒	树懒	creature_raw.NAME[0]; singular; caste=-1; no CASTE_NAME or juvenile substitution	0xaa3bd0(race,out,plural=false,caste=-1); r9w==0xffff -> 0xaa3d69 -> 0xaa3d1e/0xaa3d36; creature_raw+0x20 NAME[0]
reference	data/vanilla/vanilla_creatures/objects/creature_tropical_new.txt	1365	SLOTH_MAN	SELECT_CASTE:ALL	NAME	1	sloth man	sloth man	树懒人	data/runtime/rulesets/zh-Hans/creatures/caste.toml | data/runtime/rulesets/zh-Hans/creatures/name.toml	树懒人	树懒人	creature_raw.NAME[0]; singular; caste=-1; no CASTE_NAME or juvenile substitution	0xaa3bd0(race,out,plural=false,caste=-1); r9w==0xffff -> 0xaa3d69 -> 0xaa3d1e/0xaa3d36; creature_raw+0x20 NAME[0]
reference	data/vanilla/vanilla_creatures/objects/creature_tropical_new.txt	1384	GIANT_SLOTH	SELECT_CASTE:ALL	NAME	1	giant sloth	giant sloth	巨型树懒	data/runtime/rulesets/zh-Hans/creatures/caste.toml | data/runtime/rulesets/zh-Hans/creatures/name.toml	巨型树懒	巨树懒	creature_raw.NAME[0]; singular; caste=-1; no CASTE_NAME or juvenile substitution	0xaa3bd0(race,out,plural=false,caste=-1); r9w==0xffff -> 0xaa3d69 -> 0xaa3d1e/0xaa3d36; creature_raw+0x20 NAME[0]
reference	data/vanilla/vanilla_creatures/objects/creature_tropical_new.txt	1407	SPIDER_MONKEY		NAME	1	spider monkey	spider monkey	蜘蛛猴	data/runtime/rulesets/zh-Hans/creatures/caste.toml | data/runtime/rulesets/zh-Hans/creatures/name.toml	蜘蛛猴	蜘蛛猴	creature_raw.NAME[0]; singular; caste=-1; no CASTE_NAME or juvenile substitution	0xaa3bd0(race,out,plural=false,caste=-1); r9w==0xffff -> 0xaa3d69 -> 0xaa3d1e/0xaa3d36; creature_raw+0x20 NAME[0]
reference	data/vanilla/vanilla_creatures/objects/creature_tropical_new.txt	1515	SPIDER_MONKEY_MAN	SELECT_CASTE:ALL	NAME	1	spider monkey man	spider monkey man	蜘蛛猴人	data/runtime/rulesets/zh-Hans/creatures/caste.toml | data/runtime/rulesets/zh-Hans/creatures/name.toml	蜘蛛猴人	蜘蛛猴人	creature_raw.NAME[0]; singular; caste=-1; no CASTE_NAME or juvenile substitution	0xaa3bd0(race,out,plural=false,caste=-1); r9w==0xffff -> 0xaa3d69 -> 0xaa3d1e/0xaa3d36; creature_raw+0x20 NAME[0]
reference	data/vanilla/vanilla_creatures/objects/creature_tropical_new.txt	1534	GIANT_SPIDER_MONKEY	SELECT_CASTE:ALL	NAME	1	giant spider monkey	giant spider monkey	巨型蜘蛛猴	data/runtime/rulesets/zh-Hans/creatures/caste.toml | data/runtime/rulesets/zh-Hans/creatures/name.toml	巨型蜘蛛猴	巨蜘蛛猴	creature_raw.NAME[0]; singular; caste=-1; no CASTE_NAME or juvenile substitution	0xaa3bd0(race,out,plural=false,caste=-1); r9w==0xffff -> 0xaa3d69 -> 0xaa3d1e/0xaa3d36; creature_raw+0x20 NAME[0]
reference	data/vanilla/vanilla_creatures/objects/creature_tropical_new.txt	1556	PANGOLIN		NAME	1	pangolin	pangolin	穿山甲	data/runtime/rulesets/zh-Hans/creatures/caste.toml | data/runtime/rulesets/zh-Hans/creatures/name.toml	穿山甲	穿山甲	creature_raw.NAME[0]; singular; caste=-1; no CASTE_NAME or juvenile substitution	0xaa3bd0(race,out,plural=false,caste=-1); r9w==0xffff -> 0xaa3d69 -> 0xaa3d1e/0xaa3d36; creature_raw+0x20 NAME[0]
reference	data/vanilla/vanilla_creatures/objects/creature_tropical_new.txt	1675	PANGOLIN_MAN	SELECT_CASTE:ALL	NAME	1	pangolin man	pangolin man	穿山甲人	data/runtime/rulesets/zh-Hans/creatures/caste.toml | data/runtime/rulesets/zh-Hans/creatures/name.toml	穿山甲人	穿山甲人	creature_raw.NAME[0]; singular; caste=-1; no CASTE_NAME or juvenile substitution	0xaa3bd0(race,out,plural=false,caste=-1); r9w==0xffff -> 0xaa3d69 -> 0xaa3d1e/0xaa3d36; creature_raw+0x20 NAME[0]
reference	data/vanilla/vanilla_creatures/objects/creature_tropical_new.txt	1694	GIANT_PANGOLIN	SELECT_CASTE:ALL	NAME	1	giant pangolin	giant pangolin	巨型穿山甲	data/runtime/rulesets/zh-Hans/creatures/caste.toml | data/runtime/rulesets/zh-Hans/creatures/name.toml	巨型穿山甲	巨穿山甲	creature_raw.NAME[0]; singular; caste=-1; no CASTE_NAME or juvenile substitution	0xaa3bd0(race,out,plural=false,caste=-1); r9w==0xffff -> 0xaa3d69 -> 0xaa3d1e/0xaa3d36; creature_raw+0x20 NAME[0]
reference	data/vanilla/vanilla_creatures/objects/creature_tropical_new.txt	1715	BLACK_MAMBA		NAME	1	black mamba	black mamba	黑曼巴蛇	data/runtime/rulesets/zh-Hans/creatures/caste.toml | data/runtime/rulesets/zh-Hans/creatures/name.toml	黑曼巴蛇	黑曼巴蛇	creature_raw.NAME[0]; singular; caste=-1; no CASTE_NAME or juvenile substitution	0xaa3bd0(race,out,plural=false,caste=-1); r9w==0xffff -> 0xaa3d69 -> 0xaa3d1e/0xaa3d36; creature_raw+0x20 NAME[0]
reference	data/vanilla/vanilla_creatures/objects/creature_tropical_new.txt	1858	BLACK_MAMBA_MAN	SELECT_CASTE:ALL	NAME	1	black mamba man	black mamba man	黑曼巴蛇人	data/runtime/rulesets/zh-Hans/creatures/caste.toml | data/runtime/rulesets/zh-Hans/creatures/name.toml	黑曼巴蛇人	黑曼巴蛇人	creature_raw.NAME[0]; singular; caste=-1; no CASTE_NAME or juvenile substitution	0xaa3bd0(race,out,plural=false,caste=-1); r9w==0xffff -> 0xaa3d69 -> 0xaa3d1e/0xaa3d36; creature_raw+0x20 NAME[0]
reference	data/vanilla/vanilla_creatures/objects/creature_tropical_new.txt	1892	GIANT_BLACK_MAMBA	SELECT_CASTE:ALL	NAME	1	giant black mamba	giant black mamba	巨型黑曼巴蛇	data/runtime/rulesets/zh-Hans/creatures/caste.toml | data/runtime/rulesets/zh-Hans/creatures/name.toml	巨型黑曼巴蛇	巨黑曼巴蛇	creature_raw.NAME[0]; singular; caste=-1; no CASTE_NAME or juvenile substitution	0xaa3bd0(race,out,plural=false,caste=-1); r9w==0xffff -> 0xaa3d69 -> 0xaa3d1e/0xaa3d36; creature_raw+0x20 NAME[0]
reference	data/vanilla/vanilla_creatures/objects/creature_tropical_new.txt	1913	BEAR_SLOTH		NAME	1	sloth bear	sloth bear	懒熊	data/runtime/rulesets/zh-Hans/creatures/caste.toml | data/runtime/rulesets/zh-Hans/creatures/name.toml	懒熊	懒熊	creature_raw.NAME[0]; singular; caste=-1; no CASTE_NAME or juvenile substitution	0xaa3bd0(race,out,plural=false,caste=-1); r9w==0xffff -> 0xaa3d69 -> 0xaa3d1e/0xaa3d36; creature_raw+0x20 NAME[0]
reference	data/vanilla/vanilla_creatures/objects/creature_tropical_new.txt	2024	SLOTH_BEAR_MAN	SELECT_CASTE:ALL	NAME	1	sloth bear man	sloth bear man	懒熊人	data/runtime/rulesets/zh-Hans/creatures/caste.toml | data/runtime/rulesets/zh-Hans/creatures/name.toml	懒熊人	懒熊人	creature_raw.NAME[0]; singular; caste=-1; no CASTE_NAME or juvenile substitution	0xaa3bd0(race,out,plural=false,caste=-1); r9w==0xffff -> 0xaa3d69 -> 0xaa3d1e/0xaa3d36; creature_raw+0x20 NAME[0]
reference	data/vanilla/vanilla_creatures/objects/creature_tropical_new.txt	2043	GIANT_SLOTH_BEAR	SELECT_CASTE:ALL	NAME	1	giant sloth bear	giant sloth bear	巨型懒熊	data/runtime/rulesets/zh-Hans/creatures/caste.toml | data/runtime/rulesets/zh-Hans/creatures/name.toml	巨型懒熊	巨懒熊	creature_raw.NAME[0]; singular; caste=-1; no CASTE_NAME or juvenile substitution	0xaa3bd0(race,out,plural=false,caste=-1); r9w==0xffff -> 0xaa3d69 -> 0xaa3d1e/0xaa3d36; creature_raw+0x20 NAME[0]
reference	data/vanilla/vanilla_creatures/objects/creature_tropical_new.txt	2066	AYE-AYE		NAME	1	aye-aye	aye-aye	指猴	data/runtime/rulesets/zh-Hans/creatures/caste.toml | data/runtime/rulesets/zh-Hans/creatures/name.toml	指猴	指猴	creature_raw.NAME[0]; singular; caste=-1; no CASTE_NAME or juvenile substitution	0xaa3bd0(race,out,plural=false,caste=-1); r9w==0xffff -> 0xaa3d69 -> 0xaa3d1e/0xaa3d36; creature_raw+0x20 NAME[0]
reference	data/vanilla/vanilla_creatures/objects/creature_tropical_new.txt	2173	AYE-AYE_MAN	SELECT_CASTE:ALL	NAME	1	aye-aye man	aye-aye man	指猴人	data/runtime/rulesets/zh-Hans/creatures/caste.toml | data/runtime/rulesets/zh-Hans/creatures/name.toml	指猴人	指猴人	creature_raw.NAME[0]; singular; caste=-1; no CASTE_NAME or juvenile substitution	0xaa3bd0(race,out,plural=false,caste=-1); r9w==0xffff -> 0xaa3d69 -> 0xaa3d1e/0xaa3d36; creature_raw+0x20 NAME[0]
reference	data/vanilla/vanilla_creatures/objects/creature_tropical_new.txt	2192	GIANT_AYE-AYE	SELECT_CASTE:ALL	NAME	1	giant aye-aye	giant aye-aye	巨型指猴	data/runtime/rulesets/zh-Hans/creatures/caste.toml | data/runtime/rulesets/zh-Hans/creatures/name.toml	巨型指猴	巨指猴	creature_raw.NAME[0]; singular; caste=-1; no CASTE_NAME or juvenile substitution	0xaa3bd0(race,out,plural=false,caste=-1); r9w==0xffff -> 0xaa3d69 -> 0xaa3d1e/0xaa3d36; creature_raw+0x20 NAME[0]
reference	data/vanilla/vanilla_creatures/objects/creature_tropical_new.txt	2218	BUSHMASTER		NAME	1	bushmaster	bushmaster	巨蝮	data/runtime/rulesets/zh-Hans/creatures/caste.toml | data/runtime/rulesets/zh-Hans/creatures/name.toml	巨蝮	巨蝮	creature_raw.NAME[0]; singular; caste=-1; no CASTE_NAME or juvenile substitution	0xaa3bd0(race,out,plural=false,caste=-1); r9w==0xffff -> 0xaa3d69 -> 0xaa3d1e/0xaa3d36; creature_raw+0x20 NAME[0]
reference	data/vanilla/vanilla_creatures/objects/creature_tropical_new.txt	2357	BUSHMASTER_MAN	SELECT_CASTE:ALL	NAME	1	bushmaster man	bushmaster man	巨蝮人	data/runtime/rulesets/zh-Hans/creatures/caste.toml | data/runtime/rulesets/zh-Hans/creatures/name.toml	巨蝮人	巨蝮人	creature_raw.NAME[0]; singular; caste=-1; no CASTE_NAME or juvenile substitution	0xaa3bd0(race,out,plural=false,caste=-1); r9w==0xffff -> 0xaa3d69 -> 0xaa3d1e/0xaa3d36; creature_raw+0x20 NAME[0]
reference	data/vanilla/vanilla_creatures/objects/creature_tropical_new.txt	2391	GIANT_BUSHMASTER	SELECT_CASTE:ALL	NAME	1	giant bushmaster	giant bushmaster	巨型巨蝮	data/runtime/rulesets/zh-Hans/creatures/caste.toml | data/runtime/rulesets/zh-Hans/creatures/name.toml	巨型巨蝮	巨型巨蝮	creature_raw.NAME[0]; singular; caste=-1; no CASTE_NAME or juvenile substitution	0xaa3bd0(race,out,plural=false,caste=-1); r9w==0xffff -> 0xaa3d69 -> 0xaa3d1e/0xaa3d36; creature_raw+0x20 NAME[0]
reference	data/vanilla/vanilla_creatures/objects/creature_tropical_new.txt	2413	PYTHON		NAME	1	python	python	巨蟒	data/runtime/rulesets/zh-Hans/creatures/caste.toml | data/runtime/rulesets/zh-Hans/creatures/name.toml	巨蟒	巨蟒	creature_raw.NAME[0]; singular; caste=-1; no CASTE_NAME or juvenile substitution	0xaa3bd0(race,out,plural=false,caste=-1); r9w==0xffff -> 0xaa3d69 -> 0xaa3d1e/0xaa3d36; creature_raw+0x20 NAME[0]
reference	data/vanilla/vanilla_creatures/objects/creature_tropical_new.txt	2512	PYTHON_MAN	SELECT_CASTE:ALL	NAME	1	python man	python man	巨蟒人	data/runtime/rulesets/zh-Hans/creatures/caste.toml | data/runtime/rulesets/zh-Hans/creatures/name.toml	巨蟒人	巨蟒人	creature_raw.NAME[0]; singular; caste=-1; no CASTE_NAME or juvenile substitution	0xaa3bd0(race,out,plural=false,caste=-1); r9w==0xffff -> 0xaa3d69 -> 0xaa3d1e/0xaa3d36; creature_raw+0x20 NAME[0]
reference	data/vanilla/vanilla_creatures/objects/creature_tropical_new.txt	2529	GIANT_PYTHON	SELECT_CASTE:ALL	NAME	1	giant python	giant python	巨型巨蟒	data/runtime/rulesets/zh-Hans/creatures/caste.toml | data/runtime/rulesets/zh-Hans/creatures/name.toml	巨型巨蟒	巨型巨蟒	creature_raw.NAME[0]; singular; caste=-1; no CASTE_NAME or juvenile substitution	0xaa3bd0(race,out,plural=false,caste=-1); r9w==0xffff -> 0xaa3d69 -> 0xaa3d1e/0xaa3d36; creature_raw+0x20 NAME[0]
reference	data/vanilla/vanilla_creatures/objects/creature_tropical_new.txt	2551	TAPIR		NAME	1	tapir	tapir	貘	data/runtime/rulesets/zh-Hans/creatures/caste.toml | data/runtime/rulesets/zh-Hans/creatures/name.toml	貘	貘	creature_raw.NAME[0]; singular; caste=-1; no CASTE_NAME or juvenile substitution	0xaa3bd0(race,out,plural=false,caste=-1); r9w==0xffff -> 0xaa3d69 -> 0xaa3d1e/0xaa3d36; creature_raw+0x20 NAME[0]
reference	data/vanilla/vanilla_creatures/objects/creature_tropical_new.txt	2690	TAPIR_MAN	SELECT_CASTE:ALL	NAME	1	tapir man	tapir man	貘人	data/runtime/rulesets/zh-Hans/creatures/caste.toml | data/runtime/rulesets/zh-Hans/creatures/name.toml	貘人	貘人	creature_raw.NAME[0]; singular; caste=-1; no CASTE_NAME or juvenile substitution	0xaa3bd0(race,out,plural=false,caste=-1); r9w==0xffff -> 0xaa3d69 -> 0xaa3d1e/0xaa3d36; creature_raw+0x20 NAME[0]
reference	data/vanilla/vanilla_creatures/objects/creature_tropical_new.txt	2716	GIANT_TAPIR	SELECT_CASTE:ALL	NAME	1	giant tapir	giant tapir	巨型貘	data/runtime/rulesets/zh-Hans/creatures/caste.toml | data/runtime/rulesets/zh-Hans/creatures/name.toml	巨型貘	巨貘	creature_raw.NAME[0]; singular; caste=-1; no CASTE_NAME or juvenile substitution	0xaa3bd0(race,out,plural=false,caste=-1); r9w==0xffff -> 0xaa3d69 -> 0xaa3d1e/0xaa3d36; creature_raw+0x20 NAME[0]
reference	data/vanilla/vanilla_creatures/objects/creature_tropical_new.txt	2737	IMPALA		NAME	1	impala	impala	高角羚	data/runtime/rulesets/zh-Hans/creatures/caste.toml | data/runtime/rulesets/zh-Hans/creatures/name.toml	高角羚	高角羚	creature_raw.NAME[0]; singular; caste=-1; no CASTE_NAME or juvenile substitution	0xaa3bd0(race,out,plural=false,caste=-1); r9w==0xffff -> 0xaa3d69 -> 0xaa3d1e/0xaa3d36; creature_raw+0x20 NAME[0]
reference	data/vanilla/vanilla_creatures/objects/creature_tropical_new.txt	2850	IMPALA_MAN	SELECT_CASTE:ALL	NAME	1	impala man	impala man	高角羚人	data/runtime/rulesets/zh-Hans/creatures/caste.toml | data/runtime/rulesets/zh-Hans/creatures/name.toml	高角羚人	黑斑羚人	creature_raw.NAME[0]; singular; caste=-1; no CASTE_NAME or juvenile substitution	0xaa3bd0(race,out,plural=false,caste=-1); r9w==0xffff -> 0xaa3d69 -> 0xaa3d1e/0xaa3d36; creature_raw+0x20 NAME[0]
reference	data/vanilla/vanilla_creatures/objects/creature_tropical_new.txt	2867	GIANT_IMPALA	SELECT_CASTE:ALL	NAME	1	giant impala	giant impala	巨型高角羚	data/runtime/rulesets/zh-Hans/creatures/caste.toml | data/runtime/rulesets/zh-Hans/creatures/name.toml	巨型高角羚	巨高角羚	creature_raw.NAME[0]; singular; caste=-1; no CASTE_NAME or juvenile substitution	0xaa3bd0(race,out,plural=false,caste=-1); r9w==0xffff -> 0xaa3d69 -> 0xaa3d1e/0xaa3d36; creature_raw+0x20 NAME[0]
reference	data/vanilla/vanilla_creatures/objects/creature_tropical_new.txt	2890	AARDVARK		NAME	1	aardvark	aardvark	土豚	data/runtime/rulesets/zh-Hans/creatures/caste.toml | data/runtime/rulesets/zh-Hans/creatures/name.toml	土豚	食蚁兽	creature_raw.NAME[0]; singular; caste=-1; no CASTE_NAME or juvenile substitution	0xaa3bd0(race,out,plural=false,caste=-1); r9w==0xffff -> 0xaa3d69 -> 0xaa3d1e/0xaa3d36; creature_raw+0x20 NAME[0]
reference	data/vanilla/vanilla_creatures/objects/creature_tropical_new.txt	3001	AARDVARK_MAN	SELECT_CASTE:ALL	NAME	1	aardvark man	aardvark man	土豚人	data/runtime/rulesets/zh-Hans/creatures/caste.toml | data/runtime/rulesets/zh-Hans/creatures/name.toml	土豚人	土豚人	creature_raw.NAME[0]; singular; caste=-1; no CASTE_NAME or juvenile substitution	0xaa3bd0(race,out,plural=false,caste=-1); r9w==0xffff -> 0xaa3d69 -> 0xaa3d1e/0xaa3d36; creature_raw+0x20 NAME[0]
reference	data/vanilla/vanilla_creatures/objects/creature_tropical_new.txt	3020	GIANT_AARDVARK	SELECT_CASTE:ALL	NAME	1	giant aardvark	giant aardvark	巨型土豚	data/runtime/rulesets/zh-Hans/creatures/caste.toml | data/runtime/rulesets/zh-Hans/creatures/name.toml	巨型土豚	巨食蚁兽	creature_raw.NAME[0]; singular; caste=-1; no CASTE_NAME or juvenile substitution	0xaa3bd0(race,out,plural=false,caste=-1); r9w==0xffff -> 0xaa3d69 -> 0xaa3d1e/0xaa3d36; creature_raw+0x20 NAME[0]
reference	data/vanilla/vanilla_creatures/objects/creature_tropical_new.txt	3044	LION_TAMARIN		NAME	1	lion tamarin	lion tamarin	狮狨猴	data/runtime/rulesets/zh-Hans/creatures/caste.toml | data/runtime/rulesets/zh-Hans/creatures/name.toml	狮狨猴	狮绒猴	creature_raw.NAME[0]; singular; caste=-1; no CASTE_NAME or juvenile substitution	0xaa3bd0(race,out,plural=false,caste=-1); r9w==0xffff -> 0xaa3d69 -> 0xaa3d1e/0xaa3d36; creature_raw+0x20 NAME[0]
reference	data/vanilla/vanilla_creatures/objects/creature_tropical_new.txt	3146	LION_TAMARIN_MAN	SELECT_CASTE:ALL	NAME	1	lion tamarin man	lion tamarin man	狮狨猴人	data/runtime/rulesets/zh-Hans/creatures/caste.toml | data/runtime/rulesets/zh-Hans/creatures/name.toml	狮狨猴人	狮面绒猴人	creature_raw.NAME[0]; singular; caste=-1; no CASTE_NAME or juvenile substitution	0xaa3bd0(race,out,plural=false,caste=-1); r9w==0xffff -> 0xaa3d69 -> 0xaa3d1e/0xaa3d36; creature_raw+0x20 NAME[0]
reference	data/vanilla/vanilla_creatures/objects/creature_tropical_new.txt	3165	GIANT_LION_TAMARIN	SELECT_CASTE:ALL	NAME	1	giant lion tamarin	giant lion tamarin	巨型狮狨猴	data/runtime/rulesets/zh-Hans/creatures/caste.toml | data/runtime/rulesets/zh-Hans/creatures/name.toml	巨型狮狨猴	巨狮绒猴	creature_raw.NAME[0]; singular; caste=-1; no CASTE_NAME or juvenile substitution	0xaa3bd0(race,out,plural=false,caste=-1); r9w==0xffff -> 0xaa3d69 -> 0xaa3d1e/0xaa3d36; creature_raw+0x20 NAME[0]
reference	data/vanilla/vanilla_creatures/objects/creature_tundra_taiga_new.txt	12	STOAT		NAME	1	stoat	stoat	白鼬	data/runtime/rulesets/zh-Hans/creatures/name.toml	白鼬	白鼬	creature_raw.NAME[0]; singular; caste=-1; no CASTE_NAME or juvenile substitution	0xaa3bd0(race,out,plural=false,caste=-1); r9w==0xffff -> 0xaa3d69 -> 0xaa3d1e/0xaa3d36; creature_raw+0x20 NAME[0]
reference	data/vanilla/vanilla_creatures/objects/creature_tundra_taiga_new.txt	122	STOAT_MAN	SELECT_CASTE:ALL	NAME	1	stoat man	stoat man	白鼬人	data/runtime/rulesets/zh-Hans/creatures/caste.toml | data/runtime/rulesets/zh-Hans/creatures/name.toml	白鼬人	白鼬人	creature_raw.NAME[0]; singular; caste=-1; no CASTE_NAME or juvenile substitution	0xaa3bd0(race,out,plural=false,caste=-1); r9w==0xffff -> 0xaa3d69 -> 0xaa3d1e/0xaa3d36; creature_raw+0x20 NAME[0]
reference	data/vanilla/vanilla_creatures/objects/creature_tundra_taiga_new.txt	141	GIANT_STOAT	SELECT_CASTE:ALL	NAME	1	giant stoat	giant stoat	巨型白鼬	data/runtime/rulesets/zh-Hans/creatures/caste.toml | data/runtime/rulesets/zh-Hans/creatures/name.toml	巨型白鼬	巨白鼬	creature_raw.NAME[0]; singular; caste=-1; no CASTE_NAME or juvenile substitution	0xaa3bd0(race,out,plural=false,caste=-1); r9w==0xffff -> 0xaa3d69 -> 0xaa3d1e/0xaa3d36; creature_raw+0x20 NAME[0]
reference	data/vanilla/vanilla_creatures/objects/creature_tundra_taiga_new.txt	164	LYNX		NAME	1	lynx	lynx	猞猁	data/runtime/rulesets/zh-Hans/creatures/caste.toml | data/runtime/rulesets/zh-Hans/creatures/name.toml	猞猁	猞猁	creature_raw.NAME[0]; singular; caste=-1; no CASTE_NAME or juvenile substitution	0xaa3bd0(race,out,plural=false,caste=-1); r9w==0xffff -> 0xaa3d69 -> 0xaa3d1e/0xaa3d36; creature_raw+0x20 NAME[0]
reference	data/vanilla/vanilla_creatures/objects/creature_tundra_taiga_new.txt	274	LYNX_MAN	SELECT_CASTE:ALL	NAME	1	lynx man	lynx man	猞猁人	data/runtime/rulesets/zh-Hans/creatures/caste.toml | data/runtime/rulesets/zh-Hans/creatures/name.toml	猞猁人	猞猁人	creature_raw.NAME[0]; singular; caste=-1; no CASTE_NAME or juvenile substitution	0xaa3bd0(race,out,plural=false,caste=-1); r9w==0xffff -> 0xaa3d69 -> 0xaa3d1e/0xaa3d36; creature_raw+0x20 NAME[0]
reference	data/vanilla/vanilla_creatures/objects/creature_tundra_taiga_new.txt	293	GIANT_LYNX	SELECT_CASTE:ALL	NAME	1	giant lynx	giant lynx	巨型猞猁	data/runtime/rulesets/zh-Hans/creatures/caste.toml | data/runtime/rulesets/zh-Hans/creatures/name.toml	巨型猞猁	巨猞猁	creature_raw.NAME[0]; singular; caste=-1; no CASTE_NAME or juvenile substitution	0xaa3bd0(race,out,plural=false,caste=-1); r9w==0xffff -> 0xaa3d69 -> 0xaa3d1e/0xaa3d36; creature_raw+0x20 NAME[0]
classic	data/vanilla/vanilla_creatures/objects/creature_amphibians.txt	7	TOAD		NAME	1	toad	toad	蟾蜍	data/runtime/rulesets/zh-Hans/creatures/caste.toml | data/runtime/rulesets/zh-Hans/creatures/name.toml	蟾蜍	蟾蜍	creature_raw.NAME[0]; singular; caste=-1; no CASTE_NAME or juvenile substitution	0xaa3bd0(race,out,plural=false,caste=-1); r9w==0xffff -> 0xaa3d69 -> 0xaa3d1e/0xaa3d36; creature_raw+0x20 NAME[0]
classic	data/vanilla/vanilla_creatures/objects/creature_amphibians.txt	87	TOAD_MAN	SELECT_CASTE:ALL	NAME	1	toad man	toad man	蟾蜍人	data/runtime/rulesets/zh-Hans/creatures/caste.toml | data/runtime/rulesets/zh-Hans/creatures/name.toml	蟾蜍人	蟾蜍人	creature_raw.NAME[0]; singular; caste=-1; no CASTE_NAME or juvenile substitution	0xaa3bd0(race,out,plural=false,caste=-1); r9w==0xffff -> 0xaa3d69 -> 0xaa3d1e/0xaa3d36; creature_raw+0x20 NAME[0]
classic	data/vanilla/vanilla_creatures/objects/creature_amphibians.txt	104	GIANT_TOAD	SELECT_CASTE:ALL	NAME	1	giant toad	giant toad	巨型蟾蜍	data/runtime/rulesets/zh-Hans/creatures/caste.toml | data/runtime/rulesets/zh-Hans/creatures/name.toml	巨型蟾蜍	巨蟾蜍	creature_raw.NAME[0]; singular; caste=-1; no CASTE_NAME or juvenile substitution	0xaa3bd0(race,out,plural=false,caste=-1); r9w==0xffff -> 0xaa3d69 -> 0xaa3d1e/0xaa3d36; creature_raw+0x20 NAME[0]
classic	data/vanilla/vanilla_creatures/objects/creature_annelids.txt	7	WORM		NAME	1	worm	worm	蠕虫	data/runtime/rulesets/zh-Hans/creatures/caste.toml | data/runtime/rulesets/zh-Hans/creatures/name.toml	蠕虫	蠕虫	creature_raw.NAME[0]; singular; caste=-1; no CASTE_NAME or juvenile substitution	0xaa3bd0(race,out,plural=false,caste=-1); r9w==0xffff -> 0xaa3d69 -> 0xaa3d1e/0xaa3d36; creature_raw+0x20 NAME[0]
classic	data/vanilla/vanilla_creatures/objects/creature_annelids.txt	59	WORM_MAN		NAME	1	worm man	worm man	蠕虫人	data/runtime/rulesets/zh-Hans/creatures/caste.toml | data/runtime/rulesets/zh-Hans/creatures/name.toml	蠕虫人	蠕虫人	creature_raw.NAME[0]; singular; caste=-1; no CASTE_NAME or juvenile substitution	0xaa3bd0(race,out,plural=false,caste=-1); r9w==0xffff -> 0xaa3d69 -> 0xaa3d1e/0xaa3d36; creature_raw+0x20 NAME[0]
classic	data/vanilla/vanilla_creatures/objects/creature_birds.txt	7	BIRD_BLUEJAY		NAME	1	blue jay	blue jay	冠蓝鸦	data/runtime/rulesets/zh-Hans/creatures/caste.toml | data/runtime/rulesets/zh-Hans/creatures/name.toml	冠蓝鸦	冠蓝鸦	creature_raw.NAME[0]; singular; caste=-1; no CASTE_NAME or juvenile substitution	0xaa3bd0(race,out,plural=false,caste=-1); r9w==0xffff -> 0xaa3d69 -> 0xaa3d1e/0xaa3d36; creature_raw+0x20 NAME[0]
classic	data/vanilla/vanilla_creatures/objects/creature_birds.txt	129	BLUEJAY_MAN	SELECT_CASTE:ALL	NAME	1	bluejay man	bluejay man	冠蓝鸦人	data/runtime/rulesets/zh-Hans/creatures/caste.toml | data/runtime/rulesets/zh-Hans/creatures/name.toml	冠蓝鸦人	冠蓝鸦人	creature_raw.NAME[0]; singular; caste=-1; no CASTE_NAME or juvenile substitution	0xaa3bd0(race,out,plural=false,caste=-1); r9w==0xffff -> 0xaa3d69 -> 0xaa3d1e/0xaa3d36; creature_raw+0x20 NAME[0]
classic	data/vanilla/vanilla_creatures/objects/creature_birds.txt	146	GIANT_BLUEJAY	SELECT_CASTE:ALL	NAME	1	giant bluejay	giant bluejay	巨型冠蓝鸦	data/runtime/rulesets/zh-Hans/creatures/caste.toml | data/runtime/rulesets/zh-Hans/creatures/name.toml	巨型冠蓝鸦	巨冠蓝鸦	creature_raw.NAME[0]; singular; caste=-1; no CASTE_NAME or juvenile substitution	0xaa3bd0(race,out,plural=false,caste=-1); r9w==0xffff -> 0xaa3d69 -> 0xaa3d1e/0xaa3d36; creature_raw+0x20 NAME[0]
classic	data/vanilla/vanilla_creatures/objects/creature_birds.txt	167	BIRD_CARDINAL		NAME	1	cardinal	cardinal	红衣凤头鸟	data/runtime/rulesets/zh-Hans/creatures/caste.toml | data/runtime/rulesets/zh-Hans/creatures/name.toml	红衣凤头鸟	红雀	creature_raw.NAME[0]; singular; caste=-1; no CASTE_NAME or juvenile substitution	0xaa3bd0(race,out,plural=false,caste=-1); r9w==0xffff -> 0xaa3d69 -> 0xaa3d1e/0xaa3d36; creature_raw+0x20 NAME[0]
classic	data/vanilla/vanilla_creatures/objects/creature_birds.txt	288	CARDINAL_MAN	SELECT_CASTE:ALL	NAME	1	cardinal man	cardinal man	红衣凤头鸟人	data/runtime/rulesets/zh-Hans/creatures/caste.toml | data/runtime/rulesets/zh-Hans/creatures/name.toml	红衣凤头鸟人	红雀人	creature_raw.NAME[0]; singular; caste=-1; no CASTE_NAME or juvenile substitution	0xaa3bd0(race,out,plural=false,caste=-1); r9w==0xffff -> 0xaa3d69 -> 0xaa3d1e/0xaa3d36; creature_raw+0x20 NAME[0]
classic	data/vanilla/vanilla_creatures/objects/creature_birds.txt	305	GIANT_CARDINAL	SELECT_CASTE:ALL	NAME	1	giant cardinal	giant cardinal	巨型红衣凤头鸟	data/runtime/rulesets/zh-Hans/creatures/caste.toml | data/runtime/rulesets/zh-Hans/creatures/name.toml	巨型红衣凤头鸟	巨红雀	creature_raw.NAME[0]; singular; caste=-1; no CASTE_NAME or juvenile substitution	0xaa3bd0(race,out,plural=false,caste=-1); r9w==0xffff -> 0xaa3d69 -> 0xaa3d1e/0xaa3d36; creature_raw+0x20 NAME[0]
classic	data/vanilla/vanilla_creatures/objects/creature_birds.txt	326	BIRD_GRACKLE		NAME	1	grackle	grackle	黑羽椋鸟	data/runtime/rulesets/zh-Hans/creatures/caste.toml | data/runtime/rulesets/zh-Hans/creatures/name.toml	黑羽椋鸟	黑羽椋鸟	creature_raw.NAME[0]; singular; caste=-1; no CASTE_NAME or juvenile substitution	0xaa3bd0(race,out,plural=false,caste=-1); r9w==0xffff -> 0xaa3d69 -> 0xaa3d1e/0xaa3d36; creature_raw+0x20 NAME[0]
classic	data/vanilla/vanilla_creatures/objects/creature_birds.txt	444	GRACKLE_MAN	SELECT_CASTE:ALL	NAME	1	grackle man	grackle man	黑羽椋鸟人	data/runtime/rulesets/zh-Hans/creatures/caste.toml | data/runtime/rulesets/zh-Hans/creatures/name.toml	黑羽椋鸟人	黑羽椋鸟人	creature_raw.NAME[0]; singular; caste=-1; no CASTE_NAME or juvenile substitution	0xaa3bd0(race,out,plural=false,caste=-1); r9w==0xffff -> 0xaa3d69 -> 0xaa3d1e/0xaa3d36; creature_raw+0x20 NAME[0]
classic	data/vanilla/vanilla_creatures/objects/creature_birds.txt	461	GIANT_GRACKLE	SELECT_CASTE:ALL	NAME	1	giant grackle	giant grackle	巨型黑羽椋鸟	data/runtime/rulesets/zh-Hans/creatures/caste.toml | data/runtime/rulesets/zh-Hans/creatures/name.toml	巨型黑羽椋鸟	巨黑羽椋鸟	creature_raw.NAME[0]; singular; caste=-1; no CASTE_NAME or juvenile substitution	0xaa3bd0(race,out,plural=false,caste=-1); r9w==0xffff -> 0xaa3d69 -> 0xaa3d1e/0xaa3d36; creature_raw+0x20 NAME[0]
classic	data/vanilla/vanilla_creatures/objects/creature_birds.txt	482	BIRD_ORIOLE		NAME	1	oriole	oriole	黄鹂	data/runtime/rulesets/zh-Hans/creatures/caste.toml | data/runtime/rulesets/zh-Hans/creatures/name.toml	黄鹂	黄鹂	creature_raw.NAME[0]; singular; caste=-1; no CASTE_NAME or juvenile substitution	0xaa3bd0(race,out,plural=false,caste=-1); r9w==0xffff -> 0xaa3d69 -> 0xaa3d1e/0xaa3d36; creature_raw+0x20 NAME[0]
classic	data/vanilla/vanilla_creatures/objects/creature_birds.txt	599	ORIOLE_MAN	SELECT_CASTE:ALL	NAME	1	oriole man	oriole man	黄鹂人	data/runtime/rulesets/zh-Hans/creatures/caste.toml | data/runtime/rulesets/zh-Hans/creatures/name.toml	黄鹂人	黄鹂人	creature_raw.NAME[0]; singular; caste=-1; no CASTE_NAME or juvenile substitution	0xaa3bd0(race,out,plural=false,caste=-1); r9w==0xffff -> 0xaa3d69 -> 0xaa3d1e/0xaa3d36; creature_raw+0x20 NAME[0]
classic	data/vanilla/vanilla_creatures/objects/creature_birds.txt	616	GIANT_ORIOLE	SELECT_CASTE:ALL	NAME	1	giant oriole	giant oriole	巨型黄鹂	data/runtime/rulesets/zh-Hans/creatures/caste.toml | data/runtime/rulesets/zh-Hans/creatures/name.toml	巨型黄鹂	巨黄鹂	creature_raw.NAME[0]; singular; caste=-1; no CASTE_NAME or juvenile substitution	0xaa3bd0(race,out,plural=false,caste=-1); r9w==0xffff -> 0xaa3d69 -> 0xaa3d1e/0xaa3d36; creature_raw+0x20 NAME[0]
classic	data/vanilla/vanilla_creatures/objects/creature_birds.txt	637	BIRD_RW_BLACKBIRD		NAME	1	red-winged blackbird	red-winged blackbird	红翅黑鹂	data/runtime/rulesets/zh-Hans/creatures/caste.toml | data/runtime/rulesets/zh-Hans/creatures/name.toml	红翅黑鹂	红翅黑鹂	creature_raw.NAME[0]; singular; caste=-1; no CASTE_NAME or juvenile substitution	0xaa3bd0(race,out,plural=false,caste=-1); r9w==0xffff -> 0xaa3d69 -> 0xaa3d1e/0xaa3d36; creature_raw+0x20 NAME[0]
classic	data/vanilla/vanilla_creatures/objects/creature_birds.txt	755	RW_BLACKBIRD_MAN	SELECT_CASTE:ALL	NAME	1	red-winged blackbird man	red-winged blackbird man	红翅黑鹂人	data/runtime/rulesets/zh-Hans/creatures/caste.toml | data/runtime/rulesets/zh-Hans/creatures/name.toml	红翅黑鹂人	红翅黑鹂人	creature_raw.NAME[0]; singular; caste=-1; no CASTE_NAME or juvenile substitution	0xaa3bd0(race,out,plural=false,caste=-1); r9w==0xffff -> 0xaa3d69 -> 0xaa3d1e/0xaa3d36; creature_raw+0x20 NAME[0]
classic	data/vanilla/vanilla_creatures/objects/creature_birds.txt	772	GIANT_RW_BLACKBIRD	SELECT_CASTE:ALL	NAME	1	giant red-winged blackbird	giant red-winged blackbird	巨型红翅黑鹂	data/runtime/rulesets/zh-Hans/creatures/caste.toml | data/runtime/rulesets/zh-Hans/creatures/name.toml	巨型红翅黑鹂	巨红翅黑鹂	creature_raw.NAME[0]; singular; caste=-1; no CASTE_NAME or juvenile substitution	0xaa3bd0(race,out,plural=false,caste=-1); r9w==0xffff -> 0xaa3d69 -> 0xaa3d1e/0xaa3d36; creature_raw+0x20 NAME[0]
classic	data/vanilla/vanilla_creatures/objects/creature_birds.txt	803	BIRD_PENGUIN		NAME	1	penguin	penguin	企鹅	data/runtime/rulesets/zh-Hans/creatures/caste.toml | data/runtime/rulesets/zh-Hans/creatures/name.toml	企鹅	企鹅	creature_raw.NAME[0]; singular; caste=-1; no CASTE_NAME or juvenile substitution	0xaa3bd0(race,out,plural=false,caste=-1); r9w==0xffff -> 0xaa3d69 -> 0xaa3d1e/0xaa3d36; creature_raw+0x20 NAME[0]
classic	data/vanilla/vanilla_creatures/objects/creature_birds.txt	898	BIRD_PENGUIN_LITTLE		NAME	1	little penguin	little penguin	小企鹅	data/runtime/rulesets/zh-Hans/creatures/caste.toml | data/runtime/rulesets/zh-Hans/creatures/name.toml	小企鹅	小蓝企鹅	creature_raw.NAME[0]; singular; caste=-1; no CASTE_NAME or juvenile substitution	0xaa3bd0(race,out,plural=false,caste=-1); r9w==0xffff -> 0xaa3d69 -> 0xaa3d1e/0xaa3d36; creature_raw+0x20 NAME[0]
classic	data/vanilla/vanilla_creatures/objects/creature_birds.txt	994	BIRD_PENGUIN_EMPEROR		NAME	1	emperor penguin	emperor penguin	帝企鹅	data/runtime/rulesets/zh-Hans/creatures/caste.toml | data/runtime/rulesets/zh-Hans/creatures/name.toml	帝企鹅	帝企鹅	creature_raw.NAME[0]; singular; caste=-1; no CASTE_NAME or juvenile substitution	0xaa3bd0(race,out,plural=false,caste=-1); r9w==0xffff -> 0xaa3d69 -> 0xaa3d1e/0xaa3d36; creature_raw+0x20 NAME[0]
classic	data/vanilla/vanilla_creatures/objects/creature_birds.txt	1110	PENGUIN MAN	SELECT_CASTE:ALL	NAME	1	penguin man	penguin man	企鹅人	data/runtime/rulesets/zh-Hans/creatures/caste.toml | data/runtime/rulesets/zh-Hans/creatures/name.toml	企鹅人	企鹅人	creature_raw.NAME[0]; singular; caste=-1; no CASTE_NAME or juvenile substitution	0xaa3bd0(race,out,plural=false,caste=-1); r9w==0xffff -> 0xaa3d69 -> 0xaa3d1e/0xaa3d36; creature_raw+0x20 NAME[0]
classic	data/vanilla/vanilla_creatures/objects/creature_birds.txt	1126	BIRD_PENGUIN_GIANT		NAME	1	giant penguin	giant penguin	巨型企鹅	data/runtime/rulesets/zh-Hans/creatures/caste.toml | data/runtime/rulesets/zh-Hans/creatures/name.toml	巨型企鹅	巨企鹅	creature_raw.NAME[0]; singular; caste=-1; no CASTE_NAME or juvenile substitution	0xaa3bd0(race,out,plural=false,caste=-1); r9w==0xffff -> 0xaa3d69 -> 0xaa3d1e/0xaa3d36; creature_raw+0x20 NAME[0]
classic	data/vanilla/vanilla_creatures/objects/creature_birds.txt	1154	BIRD_FALCON_PEREGRINE		NAME	1	peregrine falcon	peregrine falcon	游隼	data/runtime/rulesets/zh-Hans/creatures/caste.toml | data/runtime/rulesets/zh-Hans/creatures/name.toml	游隼	游隼	creature_raw.NAME[0]; singular; caste=-1; no CASTE_NAME or juvenile substitution	0xaa3bd0(race,out,plural=false,caste=-1); r9w==0xffff -> 0xaa3d69 -> 0xaa3d1e/0xaa3d36; creature_raw+0x20 NAME[0]
classic	data/vanilla/vanilla_creatures/objects/creature_birds.txt	1293	PEREGRINE FALCON MAN	SELECT_CASTE:ALL	NAME	1	peregrine falcon man	peregrine falcon man	游隼人	data/runtime/rulesets/zh-Hans/creatures/caste.toml | data/runtime/rulesets/zh-Hans/creatures/name.toml	游隼人	游隼人	creature_raw.NAME[0]; singular; caste=-1; no CASTE_NAME or juvenile substitution	0xaa3bd0(race,out,plural=false,caste=-1); r9w==0xffff -> 0xaa3d69 -> 0xaa3d1e/0xaa3d36; creature_raw+0x20 NAME[0]
classic	data/vanilla/vanilla_creatures/objects/creature_birds.txt	1310	GIANT PEREGRINE FALCON	SELECT_CASTE:ALL	NAME	1	giant peregrine falcon	giant peregrine falcon	巨型游隼	data/runtime/rulesets/zh-Hans/creatures/caste.toml | data/runtime/rulesets/zh-Hans/creatures/name.toml	巨型游隼	巨游隼	creature_raw.NAME[0]; singular; caste=-1; no CASTE_NAME or juvenile substitution	0xaa3bd0(race,out,plural=false,caste=-1); r9w==0xffff -> 0xaa3d69 -> 0xaa3d1e/0xaa3d36; creature_raw+0x20 NAME[0]
classic	data/vanilla/vanilla_creatures/objects/creature_birds.txt	1339	BIRD_KIWI		NAME	1	kiwi	kiwi	鹬鸵	data/runtime/rulesets/zh-Hans/creatures/name.toml	鹬鸵	鹬鸵	creature_raw.NAME[0]; singular; caste=-1; no CASTE_NAME or juvenile substitution	0xaa3bd0(race,out,plural=false,caste=-1); r9w==0xffff -> 0xaa3d69 -> 0xaa3d1e/0xaa3d36; creature_raw+0x20 NAME[0]
classic	data/vanilla/vanilla_creatures/objects/creature_birds.txt	1449	KIWI MAN	SELECT_CASTE:ALL	NAME	1	kiwi man	kiwi man	鹬鸵人	data/runtime/rulesets/zh-Hans/creatures/caste.toml | data/runtime/rulesets/zh-Hans/creatures/name.toml	鹬鸵人	鹬鸵人	creature_raw.NAME[0]; singular; caste=-1; no CASTE_NAME or juvenile substitution	0xaa3bd0(race,out,plural=false,caste=-1); r9w==0xffff -> 0xaa3d69 -> 0xaa3d1e/0xaa3d36; creature_raw+0x20 NAME[0]
classic	data/vanilla/vanilla_creatures/objects/creature_birds.txt	1465	BIRD_KIWI_GIANT		NAME	1	giant kiwi	giant kiwi	巨型鹬鸵	data/runtime/rulesets/zh-Hans/creatures/name.toml	巨型鹬鸵	巨鹬鸵	creature_raw.NAME[0]; singular; caste=-1; no CASTE_NAME or juvenile substitution	0xaa3bd0(race,out,plural=false,caste=-1); r9w==0xffff -> 0xaa3d69 -> 0xaa3d1e/0xaa3d36; creature_raw+0x20 NAME[0]
classic	data/vanilla/vanilla_creatures/objects/creature_birds.txt	1497	BIRD_OSTRICH		NAME	1	ostrich	ostrich	鸵鸟	data/runtime/rulesets/zh-Hans/creatures/name.toml	鸵鸟	鸵鸟	creature_raw.NAME[0]; singular; caste=-1; no CASTE_NAME or juvenile substitution	0xaa3bd0(race,out,plural=false,caste=-1); r9w==0xffff -> 0xaa3d69 -> 0xaa3d1e/0xaa3d36; creature_raw+0x20 NAME[0]
classic	data/vanilla/vanilla_creatures/objects/creature_birds.txt	1632	OSTRICH MAN	SELECT_CASTE:ALL	NAME	1	ostrich man	ostrich man	鸵鸟人	data/runtime/rulesets/zh-Hans/creatures/caste.toml | data/runtime/rulesets/zh-Hans/creatures/name.toml	鸵鸟人	鸵鸟人	creature_raw.NAME[0]; singular; caste=-1; no CASTE_NAME or juvenile substitution	0xaa3bd0(race,out,plural=false,caste=-1); r9w==0xffff -> 0xaa3d69 -> 0xaa3d1e/0xaa3d36; creature_raw+0x20 NAME[0]
classic	data/vanilla/vanilla_creatures/objects/creature_birds.txt	1648	BIRD_OSTRICH_GIANT		NAME	1	giant ostrich	giant ostrich	巨型鸵鸟	data/runtime/rulesets/zh-Hans/creatures/name.toml	巨型鸵鸟	巨鸵鸟	creature_raw.NAME[0]; singular; caste=-1; no CASTE_NAME or juvenile substitution	0xaa3bd0(race,out,plural=false,caste=-1); r9w==0xffff -> 0xaa3d69 -> 0xaa3d1e/0xaa3d36; creature_raw+0x20 NAME[0]
classic	data/vanilla/vanilla_creatures/objects/creature_birds_new.txt	13	BIRD_CROW		NAME	1	crow	crow	乌鸦	data/runtime/rulesets/zh-Hans/creatures/caste.toml | data/runtime/rulesets/zh-Hans/creatures/name.toml	乌鸦	乌鸦	creature_raw.NAME[0]; singular; caste=-1; no CASTE_NAME or juvenile substitution	0xaa3bd0(race,out,plural=false,caste=-1); r9w==0xffff -> 0xaa3d69 -> 0xaa3d1e/0xaa3d36; creature_raw+0x20 NAME[0]
classic	data/vanilla/vanilla_creatures/objects/creature_birds_new.txt	135	CROW_MAN	SELECT_CASTE:ALL	NAME	1	crow man	crow man	乌鸦人	data/runtime/rulesets/zh-Hans/creatures/caste.toml | data/runtime/rulesets/zh-Hans/creatures/name.toml	乌鸦人	乌鸦人	creature_raw.NAME[0]; singular; caste=-1; no CASTE_NAME or juvenile substitution	0xaa3bd0(race,out,plural=false,caste=-1); r9w==0xffff -> 0xaa3d69 -> 0xaa3d1e/0xaa3d36; creature_raw+0x20 NAME[0]
classic	data/vanilla/vanilla_creatures/objects/creature_birds_new.txt	152	GIANT_CROW	SELECT_CASTE:ALL	NAME	1	giant crow	giant crow	巨型乌鸦	data/runtime/rulesets/zh-Hans/creatures/caste.toml | data/runtime/rulesets/zh-Hans/creatures/name.toml	巨型乌鸦	巨乌鸦	creature_raw.NAME[0]; singular; caste=-1; no CASTE_NAME or juvenile substitution	0xaa3bd0(race,out,plural=false,caste=-1); r9w==0xffff -> 0xaa3d69 -> 0xaa3d1e/0xaa3d36; creature_raw+0x20 NAME[0]
classic	data/vanilla/vanilla_creatures/objects/creature_birds_new.txt	179	BIRD_RAVEN		NAME	1	raven	raven	渡鸦	data/runtime/rulesets/zh-Hans/creatures/caste.toml | data/runtime/rulesets/zh-Hans/creatures/name.toml	渡鸦	渡鸦	creature_raw.NAME[0]; singular; caste=-1; no CASTE_NAME or juvenile substitution	0xaa3bd0(race,out,plural=false,caste=-1); r9w==0xffff -> 0xaa3d69 -> 0xaa3d1e/0xaa3d36; creature_raw+0x20 NAME[0]
classic	data/vanilla/vanilla_creatures/objects/creature_birds_new.txt	304	RAVEN_MAN	SELECT_CASTE:ALL	NAME	1	raven man	raven man	渡鸦人	data/runtime/rulesets/zh-Hans/creatures/caste.toml | data/runtime/rulesets/zh-Hans/creatures/name.toml	渡鸦人	渡鸦人	creature_raw.NAME[0]; singular; caste=-1; no CASTE_NAME or juvenile substitution	0xaa3bd0(race,out,plural=false,caste=-1); r9w==0xffff -> 0xaa3d69 -> 0xaa3d1e/0xaa3d36; creature_raw+0x20 NAME[0]
classic	data/vanilla/vanilla_creatures/objects/creature_birds_new.txt	321	GIANT_RAVEN	SELECT_CASTE:ALL	NAME	1	giant raven	giant raven	巨型渡鸦	data/runtime/rulesets/zh-Hans/creatures/caste.toml | data/runtime/rulesets/zh-Hans/creatures/name.toml	巨型渡鸦	巨渡鸦	creature_raw.NAME[0]; singular; caste=-1; no CASTE_NAME or juvenile substitution	0xaa3bd0(race,out,plural=false,caste=-1); r9w==0xffff -> 0xaa3d69 -> 0xaa3d1e/0xaa3d36; creature_raw+0x20 NAME[0]
classic	data/vanilla/vanilla_creatures/objects/creature_birds_new.txt	347	BIRD_CASSOWARY		NAME	1	cassowary	cassowary	鹤鸵	data/runtime/rulesets/zh-Hans/creatures/caste.toml | data/runtime/rulesets/zh-Hans/creatures/name.toml	鹤鸵	鹤鸵	creature_raw.NAME[0]; singular; caste=-1; no CASTE_NAME or juvenile substitution	0xaa3bd0(race,out,plural=false,caste=-1); r9w==0xffff -> 0xaa3d69 -> 0xaa3d1e/0xaa3d36; creature_raw+0x20 NAME[0]
classic	data/vanilla/vanilla_creatures/objects/creature_birds_new.txt	458	CASSOWARY_MAN	SELECT_CASTE:ALL	NAME	1	cassowary man	cassowary man	鹤鸵人	data/runtime/rulesets/zh-Hans/creatures/caste.toml | data/runtime/rulesets/zh-Hans/creatures/name.toml	鹤鸵人	鹤鸵人	creature_raw.NAME[0]; singular; caste=-1; no CASTE_NAME or juvenile substitution	0xaa3bd0(race,out,plural=false,caste=-1); r9w==0xffff -> 0xaa3d69 -> 0xaa3d1e/0xaa3d36; creature_raw+0x20 NAME[0]
classic	data/vanilla/vanilla_creatures/objects/creature_birds_new.txt	475	GIANT_CASSOWARY	SELECT_CASTE:ALL	NAME	1	giant cassowary	giant cassowary	巨型鹤鸵	data/runtime/rulesets/zh-Hans/creatures/caste.toml | data/runtime/rulesets/zh-Hans/creatures/name.toml	巨型鹤鸵	巨鹤鸵	creature_raw.NAME[0]; singular; caste=-1; no CASTE_NAME or juvenile substitution	0xaa3bd0(race,out,plural=false,caste=-1); r9w==0xffff -> 0xaa3d69 -> 0xaa3d1e/0xaa3d36; creature_raw+0x20 NAME[0]
classic	data/vanilla/vanilla_creatures/objects/creature_birds_new.txt	495	BIRD_KEA		NAME	1	kea	kea	啄羊鹦鹉	data/runtime/rulesets/zh-Hans/creatures/caste.toml | data/runtime/rulesets/zh-Hans/creatures/name.toml	啄羊鹦鹉	啄羊鹦鹉	creature_raw.NAME[0]; singular; caste=-1; no CASTE_NAME or juvenile substitution	0xaa3bd0(race,out,plural=false,caste=-1); r9w==0xffff -> 0xaa3d69 -> 0xaa3d1e/0xaa3d36; creature_raw+0x20 NAME[0]
classic	data/vanilla/vanilla_creatures/objects/creature_birds_new.txt	621	KEA_MAN	SELECT_CASTE:ALL	NAME	1	kea man	kea man	啄羊鹦鹉人	data/runtime/rulesets/zh-Hans/creatures/caste.toml | data/runtime/rulesets/zh-Hans/creatures/name.toml	啄羊鹦鹉人	啄羊鹦鹉人	creature_raw.NAME[0]; singular; caste=-1; no CASTE_NAME or juvenile substitution	0xaa3bd0(race,out,plural=false,caste=-1); r9w==0xffff -> 0xaa3d69 -> 0xaa3d1e/0xaa3d36; creature_raw+0x20 NAME[0]
classic	data/vanilla/vanilla_creatures/objects/creature_birds_new.txt	638	GIANT_KEA	SELECT_CASTE:ALL	NAME	1	giant kea	giant kea	巨型啄羊鹦鹉	data/runtime/rulesets/zh-Hans/creatures/caste.toml | data/runtime/rulesets/zh-Hans/creatures/name.toml	巨型啄羊鹦鹉	巨啄羊鹦鹉	creature_raw.NAME[0]; singular; caste=-1; no CASTE_NAME or juvenile substitution	0xaa3bd0(race,out,plural=false,caste=-1); r9w==0xffff -> 0xaa3d69 -> 0xaa3d1e/0xaa3d36; creature_raw+0x20 NAME[0]
classic	data/vanilla/vanilla_creatures/objects/creature_birds_new.txt	665	BIRD_OWL_SNOWY		NAME	1	snowy owl	snowy owl	雪鸮	data/runtime/rulesets/zh-Hans/creatures/caste.toml | data/runtime/rulesets/zh-Hans/creatures/name.toml	雪鸮	雪鸮	creature_raw.NAME[0]; singular; caste=-1; no CASTE_NAME or juvenile substitution	0xaa3bd0(race,out,plural=false,caste=-1); r9w==0xffff -> 0xaa3d69 -> 0xaa3d1e/0xaa3d36; creature_raw+0x20 NAME[0]
classic	data/vanilla/vanilla_creatures/objects/creature_birds_new.txt	788	SNOWY_OWL_MAN	SELECT_CASTE:ALL	NAME	1	snowy owl man	snowy owl man	雪鸮人	data/runtime/rulesets/zh-Hans/creatures/caste.toml | data/runtime/rulesets/zh-Hans/creatures/name.toml	雪鸮人	雪鸮人	creature_raw.NAME[0]; singular; caste=-1; no CASTE_NAME or juvenile substitution	0xaa3bd0(race,out,plural=false,caste=-1); r9w==0xffff -> 0xaa3d69 -> 0xaa3d1e/0xaa3d36; creature_raw+0x20 NAME[0]
classic	data/vanilla/vanilla_creatures/objects/creature_birds_new.txt	805	GIANT_SNOWY_OWL	SELECT_CASTE:ALL	NAME	1	giant snowy owl	giant snowy owl	巨型雪鸮	data/runtime/rulesets/zh-Hans/creatures/caste.toml | data/runtime/rulesets/zh-Hans/creatures/name.toml	巨型雪鸮	巨雪鸮	creature_raw.NAME[0]; singular; caste=-1; no CASTE_NAME or juvenile substitution	0xaa3bd0(race,out,plural=false,caste=-1); r9w==0xffff -> 0xaa3d69 -> 0xaa3d1e/0xaa3d36; creature_raw+0x20 NAME[0]
classic	data/vanilla/vanilla_creatures/objects/creature_birds_new.txt	831	SPARROW		NAME	1	sparrow	sparrow	麻雀	data/runtime/rulesets/zh-Hans/creatures/caste.toml | data/runtime/rulesets/zh-Hans/creatures/name.toml	麻雀	麻雀	creature_raw.NAME[0]; singular; caste=-1; no CASTE_NAME or juvenile substitution	0xaa3bd0(race,out,plural=false,caste=-1); r9w==0xffff -> 0xaa3d69 -> 0xaa3d1e/0xaa3d36; creature_raw+0x20 NAME[0]
classic	data/vanilla/vanilla_creatures/objects/creature_birds_new.txt	955	SPARROW_MAN	SELECT_CASTE:ALL	NAME	1	sparrow man	sparrow man	麻雀人	data/runtime/rulesets/zh-Hans/creatures/caste.toml | data/runtime/rulesets/zh-Hans/creatures/name.toml	麻雀人	雀人	creature_raw.NAME[0]; singular; caste=-1; no CASTE_NAME or juvenile substitution	0xaa3bd0(race,out,plural=false,caste=-1); r9w==0xffff -> 0xaa3d69 -> 0xaa3d1e/0xaa3d36; creature_raw+0x20 NAME[0]
classic	data/vanilla/vanilla_creatures/objects/creature_birds_new.txt	972	GIANT_SPARROW	SELECT_CASTE:ALL	NAME	1	giant sparrow	giant sparrow	巨型麻雀	data/runtime/rulesets/zh-Hans/creatures/caste.toml | data/runtime/rulesets/zh-Hans/creatures/name.toml	巨型麻雀	巨雀	creature_raw.NAME[0]; singular; caste=-1; no CASTE_NAME or juvenile substitution	0xaa3bd0(race,out,plural=false,caste=-1); r9w==0xffff -> 0xaa3d69 -> 0xaa3d1e/0xaa3d36; creature_raw+0x20 NAME[0]
classic	data/vanilla/vanilla_creatures/objects/creature_birds_new.txt	999	BIRD_STORK_WHITE		NAME	1	white stork	white stork	白鹳	data/runtime/rulesets/zh-Hans/creatures/caste.toml | data/runtime/rulesets/zh-Hans/creatures/name.toml	白鹳	白鹳	creature_raw.NAME[0]; singular; caste=-1; no CASTE_NAME or juvenile substitution	0xaa3bd0(race,out,plural=false,caste=-1); r9w==0xffff -> 0xaa3d69 -> 0xaa3d1e/0xaa3d36; creature_raw+0x20 NAME[0]
classic	data/vanilla/vanilla_creatures/objects/creature_birds_new.txt	1104	WHITE_STORK_MAN	SELECT_CASTE:ALL	NAME	1	white stork man	white stork man	白鹳人	data/runtime/rulesets/zh-Hans/creatures/caste.toml | data/runtime/rulesets/zh-Hans/creatures/name.toml	白鹳人	白鹳人	creature_raw.NAME[0]; singular; caste=-1; no CASTE_NAME or juvenile substitution	0xaa3bd0(race,out,plural=false,caste=-1); r9w==0xffff -> 0xaa3d69 -> 0xaa3d1e/0xaa3d36; creature_raw+0x20 NAME[0]
classic	data/vanilla/vanilla_creatures/objects/creature_birds_new.txt	1121	GIANT_WHITE_STORK	SELECT_CASTE:ALL	NAME	1	giant white stork	giant white stork	巨型白鹳	data/runtime/rulesets/zh-Hans/creatures/caste.toml | data/runtime/rulesets/zh-Hans/creatures/name.toml	巨型白鹳	巨白鹳	creature_raw.NAME[0]; singular; caste=-1; no CASTE_NAME or juvenile substitution	0xaa3bd0(race,out,plural=false,caste=-1); r9w==0xffff -> 0xaa3d69 -> 0xaa3d1e/0xaa3d36; creature_raw+0x20 NAME[0]
classic	data/vanilla/vanilla_creatures/objects/creature_birds_new.txt	1149	BIRD_LOON		NAME	1	loon	loon	潜鸟	data/runtime/rulesets/zh-Hans/creatures/caste.toml | data/runtime/rulesets/zh-Hans/creatures/name.toml	潜鸟	潜鸟	creature_raw.NAME[0]; singular; caste=-1; no CASTE_NAME or juvenile substitution	0xaa3bd0(race,out,plural=false,caste=-1); r9w==0xffff -> 0xaa3d69 -> 0xaa3d1e/0xaa3d36; creature_raw+0x20 NAME[0]
classic	data/vanilla/vanilla_creatures/objects/creature_birds_new.txt	1254	LOON_MAN	SELECT_CASTE:ALL	NAME	1	loon man	loon man	潜鸟人	data/runtime/rulesets/zh-Hans/creatures/caste.toml | data/runtime/rulesets/zh-Hans/creatures/name.toml	潜鸟人	潜鸟人	creature_raw.NAME[0]; singular; caste=-1; no CASTE_NAME or juvenile substitution	0xaa3bd0(race,out,plural=false,caste=-1); r9w==0xffff -> 0xaa3d69 -> 0xaa3d1e/0xaa3d36; creature_raw+0x20 NAME[0]
classic	data/vanilla/vanilla_creatures/objects/creature_birds_new.txt	1271	GIANT_LOON	SELECT_CASTE:ALL	NAME	1	giant loon	giant loon	巨型潜鸟	data/runtime/rulesets/zh-Hans/creatures/caste.toml | data/runtime/rulesets/zh-Hans/creatures/name.toml	巨型潜鸟	巨潜鸟	creature_raw.NAME[0]; singular; caste=-1; no CASTE_NAME or juvenile substitution	0xaa3bd0(race,out,plural=false,caste=-1); r9w==0xffff -> 0xaa3d69 -> 0xaa3d1e/0xaa3d36; creature_raw+0x20 NAME[0]
classic	data/vanilla/vanilla_creatures/objects/creature_birds_new.txt	1297	BIRD_OWL_BARN		NAME	1	barn owl	barn owl	仓鸮	data/runtime/rulesets/zh-Hans/creatures/caste.toml | data/runtime/rulesets/zh-Hans/creatures/name.toml	仓鸮	仓鸮	creature_raw.NAME[0]; singular; caste=-1; no CASTE_NAME or juvenile substitution	0xaa3bd0(race,out,plural=false,caste=-1); r9w==0xffff -> 0xaa3d69 -> 0xaa3d1e/0xaa3d36; creature_raw+0x20 NAME[0]
classic	data/vanilla/vanilla_creatures/objects/creature_birds_new.txt	1423	BARN_OWL_MAN	SELECT_CASTE:ALL	NAME	1	barn owl man	barn owl man	仓鸮人	data/runtime/rulesets/zh-Hans/creatures/caste.toml | data/runtime/rulesets/zh-Hans/creatures/name.toml	仓鸮人	仓鸮人	creature_raw.NAME[0]; singular; caste=-1; no CASTE_NAME or juvenile substitution	0xaa3bd0(race,out,plural=false,caste=-1); r9w==0xffff -> 0xaa3d69 -> 0xaa3d1e/0xaa3d36; creature_raw+0x20 NAME[0]
classic	data/vanilla/vanilla_creatures/objects/creature_birds_new.txt	1440	GIANT_BARN_OWL	SELECT_CASTE:ALL	NAME	1	giant barn owl	giant barn owl	巨型仓鸮	data/runtime/rulesets/zh-Hans/creatures/caste.toml | data/runtime/rulesets/zh-Hans/creatures/name.toml	巨型仓鸮	巨仓鸮	creature_raw.NAME[0]; singular; caste=-1; no CASTE_NAME or juvenile substitution	0xaa3bd0(race,out,plural=false,caste=-1); r9w==0xffff -> 0xaa3d69 -> 0xaa3d1e/0xaa3d36; creature_raw+0x20 NAME[0]
classic	data/vanilla/vanilla_creatures/objects/creature_birds_new.txt	1465	BIRD_PARAKEET		NAME	1	parakeet	parakeet	长尾鹦鹉	data/runtime/rulesets/zh-Hans/creatures/caste.toml | data/runtime/rulesets/zh-Hans/creatures/name.toml	长尾鹦鹉	长尾鹦鹉	creature_raw.NAME[0]; singular; caste=-1; no CASTE_NAME or juvenile substitution	0xaa3bd0(race,out,plural=false,caste=-1); r9w==0xffff -> 0xaa3d69 -> 0xaa3d1e/0xaa3d36; creature_raw+0x20 NAME[0]
classic	data/vanilla/vanilla_creatures/objects/creature_birds_new.txt	1586	PARAKEET_MAN	SELECT_CASTE:ALL	NAME	1	parakeet man	parakeet man	长尾鹦鹉人	data/runtime/rulesets/zh-Hans/creatures/caste.toml | data/runtime/rulesets/zh-Hans/creatures/name.toml	长尾鹦鹉人	长尾鹦鹉人	creature_raw.NAME[0]; singular; caste=-1; no CASTE_NAME or juvenile substitution	0xaa3bd0(race,out,plural=false,caste=-1); r9w==0xffff -> 0xaa3d69 -> 0xaa3d1e/0xaa3d36; creature_raw+0x20 NAME[0]
classic	data/vanilla/vanilla_creatures/objects/creature_birds_new.txt	1603	GIANT_PARAKEET	SELECT_CASTE:ALL	NAME	1	giant parakeet	giant parakeet	巨型长尾鹦鹉	data/runtime/rulesets/zh-Hans/creatures/caste.toml | data/runtime/rulesets/zh-Hans/creatures/name.toml	巨型长尾鹦鹉	巨长尾鹦鹉	creature_raw.NAME[0]; singular; caste=-1; no CASTE_NAME or juvenile substitution	0xaa3bd0(race,out,plural=false,caste=-1); r9w==0xffff -> 0xaa3d69 -> 0xaa3d1e/0xaa3d36; creature_raw+0x20 NAME[0]
classic	data/vanilla/vanilla_creatures/objects/creature_birds_new.txt	1629	BIRD_KAKAPO		NAME	1	kakapo	kakapo	鸮鹦鹉	data/runtime/rulesets/zh-Hans/creatures/caste.toml | data/runtime/rulesets/zh-Hans/creatures/name.toml	鸮鹦鹉	鸮鹦鹉	creature_raw.NAME[0]; singular; caste=-1; no CASTE_NAME or juvenile substitution	0xaa3bd0(race,out,plural=false,caste=-1); r9w==0xffff -> 0xaa3d69 -> 0xaa3d1e/0xaa3d36; creature_raw+0x20 NAME[0]
classic	data/vanilla/vanilla_creatures/objects/creature_birds_new.txt	1735	KAKAPO_MAN	SELECT_CASTE:ALL	NAME	1	kakapo man	kakapo man	鸮鹦鹉人	data/runtime/rulesets/zh-Hans/creatures/caste.toml | data/runtime/rulesets/zh-Hans/creatures/name.toml	鸮鹦鹉人	鸮鹦鹉人	creature_raw.NAME[0]; singular; caste=-1; no CASTE_NAME or juvenile substitution	0xaa3bd0(race,out,plural=false,caste=-1); r9w==0xffff -> 0xaa3d69 -> 0xaa3d1e/0xaa3d36; creature_raw+0x20 NAME[0]
classic	data/vanilla/vanilla_creatures/objects/creature_birds_new.txt	1752	GIANT_KAKAPO	SELECT_CASTE:ALL	NAME	1	giant kakapo	giant kakapo	巨型鸮鹦鹉	data/runtime/rulesets/zh-Hans/creatures/caste.toml | data/runtime/rulesets/zh-Hans/creatures/name.toml	巨型鸮鹦鹉	巨鸮鹦鹉	creature_raw.NAME[0]; singular; caste=-1; no CASTE_NAME or juvenile substitution	0xaa3bd0(race,out,plural=false,caste=-1); r9w==0xffff -> 0xaa3d69 -> 0xaa3d1e/0xaa3d36; creature_raw+0x20 NAME[0]
classic	data/vanilla/vanilla_creatures/objects/creature_birds_new.txt	1778	BIRD_PARROT_GREY		NAME	1	grey parrot	grey parrot	灰鹦鹉	data/runtime/rulesets/zh-Hans/creatures/caste.toml | data/runtime/rulesets/zh-Hans/creatures/name.toml	灰鹦鹉	灰鹦鹉	creature_raw.NAME[0]; singular; caste=-1; no CASTE_NAME or juvenile substitution	0xaa3bd0(race,out,plural=false,caste=-1); r9w==0xffff -> 0xaa3d69 -> 0xaa3d1e/0xaa3d36; creature_raw+0x20 NAME[0]
classic	data/vanilla/vanilla_creatures/objects/creature_birds_new.txt	1883	GREY_PARROT_MAN	SELECT_CASTE:ALL	NAME	1	grey parrot man	grey parrot man	灰鹦鹉人	data/runtime/rulesets/zh-Hans/creatures/caste.toml | data/runtime/rulesets/zh-Hans/creatures/name.toml	灰鹦鹉人	灰鹦鹉人	creature_raw.NAME[0]; singular; caste=-1; no CASTE_NAME or juvenile substitution	0xaa3bd0(race,out,plural=false,caste=-1); r9w==0xffff -> 0xaa3d69 -> 0xaa3d1e/0xaa3d36; creature_raw+0x20 NAME[0]
classic	data/vanilla/vanilla_creatures/objects/creature_birds_new.txt	1900	GIANT_GREY_PARROT	SELECT_CASTE:ALL	NAME	1	giant grey parrot	giant grey parrot	巨型灰鹦鹉	data/runtime/rulesets/zh-Hans/creatures/caste.toml | data/runtime/rulesets/zh-Hans/creatures/name.toml	巨型灰鹦鹉	巨灰鹦鹉	creature_raw.NAME[0]; singular; caste=-1; no CASTE_NAME or juvenile substitution	0xaa3bd0(race,out,plural=false,caste=-1); r9w==0xffff -> 0xaa3d69 -> 0xaa3d1e/0xaa3d36; creature_raw+0x20 NAME[0]
classic	data/vanilla/vanilla_creatures/objects/creature_birds_new.txt	1926	BIRD_PUFFIN		NAME	1	puffin	puffin	海鹦	data/runtime/rulesets/zh-Hans/creatures/caste.toml | data/runtime/rulesets/zh-Hans/creatures/name.toml	海鹦	海鹦	creature_raw.NAME[0]; singular; caste=-1; no CASTE_NAME or juvenile substitution	0xaa3bd0(race,out,plural=false,caste=-1); r9w==0xffff -> 0xaa3d69 -> 0xaa3d1e/0xaa3d36; creature_raw+0x20 NAME[0]
classic	data/vanilla/vanilla_creatures/objects/creature_birds_new.txt	2028	PUFFIN_MAN	SELECT_CASTE:ALL	NAME	1	puffin man	puffin man	海鹦人	data/runtime/rulesets/zh-Hans/creatures/caste.toml | data/runtime/rulesets/zh-Hans/creatures/name.toml	海鹦人	海鹦人	creature_raw.NAME[0]; singular; caste=-1; no CASTE_NAME or juvenile substitution	0xaa3bd0(race,out,plural=false,caste=-1); r9w==0xffff -> 0xaa3d69 -> 0xaa3d1e/0xaa3d36; creature_raw+0x20 NAME[0]
classic	data/vanilla/vanilla_creatures/objects/creature_birds_new.txt	2045	GIANT_PUFFIN	SELECT_CASTE:ALL	NAME	1	giant puffin	giant puffin	巨型海鹦	data/runtime/rulesets/zh-Hans/creatures/caste.toml | data/runtime/rulesets/zh-Hans/creatures/name.toml	巨型海鹦	巨海鹦	creature_raw.NAME[0]; singular; caste=-1; no CASTE_NAME or juvenile substitution	0xaa3bd0(race,out,plural=false,caste=-1); r9w==0xffff -> 0xaa3d69 -> 0xaa3d1e/0xaa3d36; creature_raw+0x20 NAME[0]
classic	data/vanilla/vanilla_creatures/objects/creature_birds_new.txt	2069	BIRD_SWAN		NAME	1	swan	swan	天鹅	data/runtime/rulesets/zh-Hans/creatures/name.toml	天鹅	天鹅	creature_raw.NAME[0]; singular; caste=-1; no CASTE_NAME or juvenile substitution	0xaa3bd0(race,out,plural=false,caste=-1); r9w==0xffff -> 0xaa3d69 -> 0xaa3d1e/0xaa3d36; creature_raw+0x20 NAME[0]
classic	data/vanilla/vanilla_creatures/objects/creature_birds_new.txt	2173	SWAN_MAN	SELECT_CASTE:ALL	NAME	1	swan man	swan man	天鹅人	data/runtime/rulesets/zh-Hans/creatures/caste.toml | data/runtime/rulesets/zh-Hans/creatures/name.toml	天鹅人	天鹅人	creature_raw.NAME[0]; singular; caste=-1; no CASTE_NAME or juvenile substitution	0xaa3bd0(race,out,plural=false,caste=-1); r9w==0xffff -> 0xaa3d69 -> 0xaa3d1e/0xaa3d36; creature_raw+0x20 NAME[0]
classic	data/vanilla/vanilla_creatures/objects/creature_birds_new.txt	2190	GIANT_SWAN	SELECT_CASTE:ALL	NAME	1	giant swan	giant swan	巨型天鹅	data/runtime/rulesets/zh-Hans/creatures/caste.toml | data/runtime/rulesets/zh-Hans/creatures/name.toml	巨型天鹅	巨天鹅	creature_raw.NAME[0]; singular; caste=-1; no CASTE_NAME or juvenile substitution	0xaa3bd0(race,out,plural=false,caste=-1); r9w==0xffff -> 0xaa3d69 -> 0xaa3d1e/0xaa3d36; creature_raw+0x20 NAME[0]
classic	data/vanilla/vanilla_creatures/objects/creature_birds_new.txt	2214	BIRD_LORIKEET		NAME	1	lorikeet	lorikeet	吸蜜鹦鹉	data/runtime/rulesets/zh-Hans/creatures/caste.toml | data/runtime/rulesets/zh-Hans/creatures/name.toml	吸蜜鹦鹉	吸蜜鹦鹉	creature_raw.NAME[0]; singular; caste=-1; no CASTE_NAME or juvenile substitution	0xaa3bd0(race,out,plural=false,caste=-1); r9w==0xffff -> 0xaa3d69 -> 0xaa3d1e/0xaa3d36; creature_raw+0x20 NAME[0]
classic	data/vanilla/vanilla_creatures/objects/creature_birds_new.txt	2333	LORIKEET_MAN	SELECT_CASTE:ALL	NAME	1	lorikeet man	lorikeet man	吸蜜鹦鹉人	data/runtime/rulesets/zh-Hans/creatures/caste.toml | data/runtime/rulesets/zh-Hans/creatures/name.toml	吸蜜鹦鹉人	吸蜜鹦鹉人	creature_raw.NAME[0]; singular; caste=-1; no CASTE_NAME or juvenile substitution	0xaa3bd0(race,out,plural=false,caste=-1); r9w==0xffff -> 0xaa3d69 -> 0xaa3d1e/0xaa3d36; creature_raw+0x20 NAME[0]
classic	data/vanilla/vanilla_creatures/objects/creature_birds_new.txt	2350	GIANT_LORIKEET	SELECT_CASTE:ALL	NAME	1	giant lorikeet	giant lorikeet	巨型吸蜜鹦鹉	data/runtime/rulesets/zh-Hans/creatures/caste.toml | data/runtime/rulesets/zh-Hans/creatures/name.toml	巨型吸蜜鹦鹉	巨吸蜜鹦鹉	creature_raw.NAME[0]; singular; caste=-1; no CASTE_NAME or juvenile substitution	0xaa3bd0(race,out,plural=false,caste=-1); r9w==0xffff -> 0xaa3d69 -> 0xaa3d1e/0xaa3d36; creature_raw+0x20 NAME[0]
classic	data/vanilla/vanilla_creatures/objects/creature_birds_new.txt	2376	BIRD_WREN		NAME	1	wren	wren	鹪鹩	data/runtime/rulesets/zh-Hans/creatures/caste.toml | data/runtime/rulesets/zh-Hans/creatures/name.toml	鹪鹩	鹪鹩	creature_raw.NAME[0]; singular; caste=-1; no CASTE_NAME or juvenile substitution	0xaa3bd0(race,out,plural=false,caste=-1); r9w==0xffff -> 0xaa3d69 -> 0xaa3d1e/0xaa3d36; creature_raw+0x20 NAME[0]
classic	data/vanilla/vanilla_creatures/objects/creature_birds_new.txt	2498	WREN_MAN	SELECT_CASTE:ALL	NAME	1	wren man	wren man	鹪鹩人	data/runtime/rulesets/zh-Hans/creatures/caste.toml | data/runtime/rulesets/zh-Hans/creatures/name.toml	鹪鹩人	鹪鹩人	creature_raw.NAME[0]; singular; caste=-1; no CASTE_NAME or juvenile substitution	0xaa3bd0(race,out,plural=false,caste=-1); r9w==0xffff -> 0xaa3d69 -> 0xaa3d1e/0xaa3d36; creature_raw+0x20 NAME[0]
classic	data/vanilla/vanilla_creatures/objects/creature_birds_new.txt	2515	GIANT_WREN	SELECT_CASTE:ALL	NAME	1	giant wren	giant wren	巨型鹪鹩	data/runtime/rulesets/zh-Hans/creatures/caste.toml | data/runtime/rulesets/zh-Hans/creatures/name.toml	巨型鹪鹩	巨鹪鹩	creature_raw.NAME[0]; singular; caste=-1; no CASTE_NAME or juvenile substitution	0xaa3bd0(race,out,plural=false,caste=-1); r9w==0xffff -> 0xaa3d69 -> 0xaa3d1e/0xaa3d36; creature_raw+0x20 NAME[0]
classic	data/vanilla/vanilla_creatures/objects/creature_birds_new.txt	2540	BIRD_OSPREY		NAME	1	osprey	osprey	鱼鹰	data/runtime/rulesets/zh-Hans/creatures/caste.toml | data/runtime/rulesets/zh-Hans/creatures/name.toml	鱼鹰	鱼鹰	creature_raw.NAME[0]; singular; caste=-1; no CASTE_NAME or juvenile substitution	0xaa3bd0(race,out,plural=false,caste=-1); r9w==0xffff -> 0xaa3d69 -> 0xaa3d1e/0xaa3d36; creature_raw+0x20 NAME[0]
classic	data/vanilla/vanilla_creatures/objects/creature_birds_new.txt	2665	OSPREY_MAN	SELECT_CASTE:ALL	NAME	1	osprey man	osprey man	鱼鹰人	data/runtime/rulesets/zh-Hans/creatures/caste.toml | data/runtime/rulesets/zh-Hans/creatures/name.toml	鱼鹰人	鱼鹰人	creature_raw.NAME[0]; singular; caste=-1; no CASTE_NAME or juvenile substitution	0xaa3bd0(race,out,plural=false,caste=-1); r9w==0xffff -> 0xaa3d69 -> 0xaa3d1e/0xaa3d36; creature_raw+0x20 NAME[0]
classic	data/vanilla/vanilla_creatures/objects/creature_birds_new.txt	2682	GIANT_OSPREY	SELECT_CASTE:ALL	NAME	1	giant osprey	giant osprey	巨型鱼鹰	data/runtime/rulesets/zh-Hans/creatures/caste.toml | data/runtime/rulesets/zh-Hans/creatures/name.toml	巨型鱼鹰	巨鱼鹰	creature_raw.NAME[0]; singular; caste=-1; no CASTE_NAME or juvenile substitution	0xaa3bd0(race,out,plural=false,caste=-1); r9w==0xffff -> 0xaa3d69 -> 0xaa3d1e/0xaa3d36; creature_raw+0x20 NAME[0]
classic	data/vanilla/vanilla_creatures/objects/creature_birds_new.txt	2706	BIRD_EMU		NAME	1	emu	emu	鸸鹋	data/runtime/rulesets/zh-Hans/creatures/caste.toml | data/runtime/rulesets/zh-Hans/creatures/name.toml	鸸鹋	鸸鹋	creature_raw.NAME[0]; singular; caste=-1; no CASTE_NAME or juvenile substitution	0xaa3bd0(race,out,plural=false,caste=-1); r9w==0xffff -> 0xaa3d69 -> 0xaa3d1e/0xaa3d36; creature_raw+0x20 NAME[0]
classic	data/vanilla/vanilla_creatures/objects/creature_birds_new.txt	2820	EMU_MAN	SELECT_CASTE:ALL	NAME	1	emu man	emu man	鸸鹋人	data/runtime/rulesets/zh-Hans/creatures/caste.toml | data/runtime/rulesets/zh-Hans/creatures/name.toml	鸸鹋人	鸸鹋人	creature_raw.NAME[0]; singular; caste=-1; no CASTE_NAME or juvenile substitution	0xaa3bd0(race,out,plural=false,caste=-1); r9w==0xffff -> 0xaa3d69 -> 0xaa3d1e/0xaa3d36; creature_raw+0x20 NAME[0]
classic	data/vanilla/vanilla_creatures/objects/creature_birds_new.txt	2837	GIANT_EMU	SELECT_CASTE:ALL	NAME	1	giant emu	giant emu	巨型鸸鹋	data/runtime/rulesets/zh-Hans/creatures/caste.toml | data/runtime/rulesets/zh-Hans/creatures/name.toml	巨型鸸鹋	巨鸸鹋	creature_raw.NAME[0]; singular; caste=-1; no CASTE_NAME or juvenile substitution	0xaa3bd0(race,out,plural=false,caste=-1); r9w==0xffff -> 0xaa3d69 -> 0xaa3d1e/0xaa3d36; creature_raw+0x20 NAME[0]
classic	data/vanilla/vanilla_creatures/objects/creature_birds_new.txt	2861	BIRD_COCKATIEL		NAME	1	cockatiel	cockatiel	玄凤鹦鹉	data/runtime/rulesets/zh-Hans/creatures/caste.toml | data/runtime/rulesets/zh-Hans/creatures/name.toml	玄凤鹦鹉	玄凤鹦鹉	creature_raw.NAME[0]; singular; caste=-1; no CASTE_NAME or juvenile substitution	0xaa3bd0(race,out,plural=false,caste=-1); r9w==0xffff -> 0xaa3d69 -> 0xaa3d1e/0xaa3d36; creature_raw+0x20 NAME[0]
classic	data/vanilla/vanilla_creatures/objects/creature_birds_new.txt	2979	COCKATIEL_MAN	SELECT_CASTE:ALL	NAME	1	cockatiel man	cockatiel man	玄凤鹦鹉人	data/runtime/rulesets/zh-Hans/creatures/caste.toml | data/runtime/rulesets/zh-Hans/creatures/name.toml	玄凤鹦鹉人	玄凤鹦鹉人	creature_raw.NAME[0]; singular; caste=-1; no CASTE_NAME or juvenile substitution	0xaa3bd0(race,out,plural=false,caste=-1); r9w==0xffff -> 0xaa3d69 -> 0xaa3d1e/0xaa3d36; creature_raw+0x20 NAME[0]
classic	data/vanilla/vanilla_creatures/objects/creature_birds_new.txt	2996	GIANT_COCKATIEL	SELECT_CASTE:ALL	NAME	1	giant cockatiel	giant cockatiel	巨型玄凤鹦鹉	data/runtime/rulesets/zh-Hans/creatures/caste.toml | data/runtime/rulesets/zh-Hans/creatures/name.toml	巨型玄凤鹦鹉	巨玄凤鹦鹉鹉	creature_raw.NAME[0]; singular; caste=-1; no CASTE_NAME or juvenile substitution	0xaa3bd0(race,out,plural=false,caste=-1); r9w==0xffff -> 0xaa3d69 -> 0xaa3d1e/0xaa3d36; creature_raw+0x20 NAME[0]
classic	data/vanilla/vanilla_creatures/objects/creature_birds_new.txt	3019	BIRD_LOVEBIRD_PEACH-FACED		NAME	1	peach-faced lovebird	peach-faced lovebird	桃面爱情鸟	data/runtime/rulesets/zh-Hans/creatures/caste.toml | data/runtime/rulesets/zh-Hans/creatures/name.toml	桃面爱情鸟	桃面爱情鸟	creature_raw.NAME[0]; singular; caste=-1; no CASTE_NAME or juvenile substitution	0xaa3bd0(race,out,plural=false,caste=-1); r9w==0xffff -> 0xaa3d69 -> 0xaa3d1e/0xaa3d36; creature_raw+0x20 NAME[0]
classic	data/vanilla/vanilla_creatures/objects/creature_birds_new.txt	3139	PEACH-FACED_LOVEBIRD_MAN	SELECT_CASTE:ALL	NAME	1	peach-faced lovebird man	peach-faced lovebird man	桃面爱情鸟人	data/runtime/rulesets/zh-Hans/creatures/caste.toml | data/runtime/rulesets/zh-Hans/creatures/name.toml	桃面爱情鸟人	桃面爱情鸟人	creature_raw.NAME[0]; singular; caste=-1; no CASTE_NAME or juvenile substitution	0xaa3bd0(race,out,plural=false,caste=-1); r9w==0xffff -> 0xaa3d69 -> 0xaa3d1e/0xaa3d36; creature_raw+0x20 NAME[0]
classic	data/vanilla/vanilla_creatures/objects/creature_birds_new.txt	3156	GIANT_PEACH-FACED_LOVEBIRD	SELECT_CASTE:ALL	NAME	1	giant peach-faced lovebird	giant peach-faced lovebird	巨型桃面爱情鸟	data/runtime/rulesets/zh-Hans/creatures/caste.toml | data/runtime/rulesets/zh-Hans/creatures/name.toml	巨型桃面爱情鸟	巨桃面爱情鸟	creature_raw.NAME[0]; singular; caste=-1; no CASTE_NAME or juvenile substitution	0xaa3bd0(race,out,plural=false,caste=-1); r9w==0xffff -> 0xaa3d69 -> 0xaa3d1e/0xaa3d36; creature_raw+0x20 NAME[0]
classic	data/vanilla/vanilla_creatures/objects/creature_birds_new.txt	3181	BIRD_MAGPIE		NAME	1	magpie	magpie	喜鹊	data/runtime/rulesets/zh-Hans/creatures/caste.toml | data/runtime/rulesets/zh-Hans/creatures/name.toml	喜鹊	喜鹊	creature_raw.NAME[0]; singular; caste=-1; no CASTE_NAME or juvenile substitution	0xaa3bd0(race,out,plural=false,caste=-1); r9w==0xffff -> 0xaa3d69 -> 0xaa3d1e/0xaa3d36; creature_raw+0x20 NAME[0]
classic	data/vanilla/vanilla_creatures/objects/creature_birds_new.txt	3301	MAGPIE_MAN	SELECT_CASTE:ALL	NAME	1	magpie man	magpie man	喜鹊人	data/runtime/rulesets/zh-Hans/creatures/caste.toml | data/runtime/rulesets/zh-Hans/creatures/name.toml	喜鹊人	喜鹊人	creature_raw.NAME[0]; singular; caste=-1; no CASTE_NAME or juvenile substitution	0xaa3bd0(race,out,plural=false,caste=-1); r9w==0xffff -> 0xaa3d69 -> 0xaa3d1e/0xaa3d36; creature_raw+0x20 NAME[0]
classic	data/vanilla/vanilla_creatures/objects/creature_birds_new.txt	3318	GIANT_MAGPIE	SELECT_CASTE:ALL	NAME	1	giant magpie	giant magpie	巨型喜鹊	data/runtime/rulesets/zh-Hans/creatures/caste.toml | data/runtime/rulesets/zh-Hans/creatures/name.toml	巨型喜鹊	巨喜鹊	creature_raw.NAME[0]; singular; caste=-1; no CASTE_NAME or juvenile substitution	0xaa3bd0(race,out,plural=false,caste=-1); r9w==0xffff -> 0xaa3d69 -> 0xaa3d1e/0xaa3d36; creature_raw+0x20 NAME[0]
classic	data/vanilla/vanilla_creatures/objects/creature_birds_new.txt	3342	BIRD_KESTREL		NAME	1	kestrel	kestrel	红隼	data/runtime/rulesets/zh-Hans/creatures/caste.toml | data/runtime/rulesets/zh-Hans/creatures/name.toml	红隼	茶隼	creature_raw.NAME[0]; singular; caste=-1; no CASTE_NAME or juvenile substitution	0xaa3bd0(race,out,plural=false,caste=-1); r9w==0xffff -> 0xaa3d69 -> 0xaa3d1e/0xaa3d36; creature_raw+0x20 NAME[0]
classic	data/vanilla/vanilla_creatures/objects/creature_birds_new.txt	3468	KESTREL_MAN	SELECT_CASTE:ALL	NAME	1	kestrel man	kestrel man	红隼人	data/runtime/rulesets/zh-Hans/creatures/caste.toml | data/runtime/rulesets/zh-Hans/creatures/name.toml	红隼人	茶隼人	creature_raw.NAME[0]; singular; caste=-1; no CASTE_NAME or juvenile substitution	0xaa3bd0(race,out,plural=false,caste=-1); r9w==0xffff -> 0xaa3d69 -> 0xaa3d1e/0xaa3d36; creature_raw+0x20 NAME[0]
classic	data/vanilla/vanilla_creatures/objects/creature_birds_new.txt	3485	GIANT_KESTREL	SELECT_CASTE:ALL	NAME	1	giant kestrel	giant kestrel	巨型红隼	data/runtime/rulesets/zh-Hans/creatures/caste.toml | data/runtime/rulesets/zh-Hans/creatures/name.toml	巨型红隼	巨茶隼	creature_raw.NAME[0]; singular; caste=-1; no CASTE_NAME or juvenile substitution	0xaa3bd0(race,out,plural=false,caste=-1); r9w==0xffff -> 0xaa3d69 -> 0xaa3d1e/0xaa3d36; creature_raw+0x20 NAME[0]
classic	data/vanilla/vanilla_creatures/objects/creature_birds_new.txt	3508	BIRD_ALBATROSS		NAME	1	albatross	albatross	信天翁	data/runtime/rulesets/zh-Hans/creatures/caste.toml | data/runtime/rulesets/zh-Hans/creatures/name.toml	信天翁	信天翁	creature_raw.NAME[0]; singular; caste=-1; no CASTE_NAME or juvenile substitution	0xaa3bd0(race,out,plural=false,caste=-1); r9w==0xffff -> 0xaa3d69 -> 0xaa3d1e/0xaa3d36; creature_raw+0x20 NAME[0]
classic	data/vanilla/vanilla_creatures/objects/creature_birds_new.txt	3612	ALBATROSS_MAN	SELECT_CASTE:ALL	NAME	1	albatross man	albatross man	信天翁人	data/runtime/rulesets/zh-Hans/creatures/caste.toml | data/runtime/rulesets/zh-Hans/creatures/name.toml	信天翁人	信天翁人	creature_raw.NAME[0]; singular; caste=-1; no CASTE_NAME or juvenile substitution	0xaa3bd0(race,out,plural=false,caste=-1); r9w==0xffff -> 0xaa3d69 -> 0xaa3d1e/0xaa3d36; creature_raw+0x20 NAME[0]
classic	data/vanilla/vanilla_creatures/objects/creature_birds_new.txt	3629	GIANT_ALBATROSS	SELECT_CASTE:ALL	NAME	1	giant albatross	giant albatross	巨型信天翁	data/runtime/rulesets/zh-Hans/creatures/caste.toml | data/runtime/rulesets/zh-Hans/creatures/name.toml	巨型信天翁	巨信天翁	creature_raw.NAME[0]; singular; caste=-1; no CASTE_NAME or juvenile substitution	0xaa3bd0(race,out,plural=false,caste=-1); r9w==0xffff -> 0xaa3d69 -> 0xaa3d1e/0xaa3d36; creature_raw+0x20 NAME[0]
classic	data/vanilla/vanilla_creatures/objects/creature_birds_new.txt	3654	BIRD_OWL_GREAT_HORNED		NAME	1	great horned owl	great horned owl	大角鸮	data/runtime/rulesets/zh-Hans/creatures/caste.toml | data/runtime/rulesets/zh-Hans/creatures/name.toml	大角鸮	大雕鸮	creature_raw.NAME[0]; singular; caste=-1; no CASTE_NAME or juvenile substitution	0xaa3bd0(race,out,plural=false,caste=-1); r9w==0xffff -> 0xaa3d69 -> 0xaa3d1e/0xaa3d36; creature_raw+0x20 NAME[0]
classic	data/vanilla/vanilla_creatures/objects/creature_birds_new.txt	3782	GREAT_HORNED_OWL_MAN	SELECT_CASTE:ALL	NAME	1	great horned owl man	great horned owl man	大角鸮人	data/runtime/rulesets/zh-Hans/creatures/caste.toml | data/runtime/rulesets/zh-Hans/creatures/name.toml	大角鸮人	大雕鸮人	creature_raw.NAME[0]; singular; caste=-1; no CASTE_NAME or juvenile substitution	0xaa3bd0(race,out,plural=false,caste=-1); r9w==0xffff -> 0xaa3d69 -> 0xaa3d1e/0xaa3d36; creature_raw+0x20 NAME[0]
classic	data/vanilla/vanilla_creatures/objects/creature_birds_new.txt	3799	GIANT_GREAT_HORNED_OWL	SELECT_CASTE:ALL	NAME	1	giant great horned owl	giant great horned owl	巨型大角鸮	data/runtime/rulesets/zh-Hans/creatures/caste.toml | data/runtime/rulesets/zh-Hans/creatures/name.toml	巨型大角鸮	巨大雕鸮	creature_raw.NAME[0]; singular; caste=-1; no CASTE_NAME or juvenile substitution	0xaa3bd0(race,out,plural=false,caste=-1); r9w==0xffff -> 0xaa3d69 -> 0xaa3d1e/0xaa3d36; creature_raw+0x20 NAME[0]
classic	data/vanilla/vanilla_creatures/objects/creature_birds_new.txt	3824	BIRD_EAGLE		NAME	1	eagle	eagle	鹰	data/runtime/rulesets/zh-Hans/creatures/caste.toml | data/runtime/rulesets/zh-Hans/creatures/name.toml	鹰	雕	creature_raw.NAME[0]; singular; caste=-1; no CASTE_NAME or juvenile substitution	0xaa3bd0(race,out,plural=false,caste=-1); r9w==0xffff -> 0xaa3d69 -> 0xaa3d1e/0xaa3d36; creature_raw+0x20 NAME[0]
classic	data/vanilla/vanilla_creatures/objects/creature_birds_new.txt	3950	EAGLE_MAN	SELECT_CASTE:ALL	NAME	1	eagle man	eagle man	鹰人	data/runtime/rulesets/zh-Hans/creatures/caste.toml | data/runtime/rulesets/zh-Hans/creatures/name.toml	鹰人	雕人	creature_raw.NAME[0]; singular; caste=-1; no CASTE_NAME or juvenile substitution	0xaa3bd0(race,out,plural=false,caste=-1); r9w==0xffff -> 0xaa3d69 -> 0xaa3d1e/0xaa3d36; creature_raw+0x20 NAME[0]
classic	data/vanilla/vanilla_creatures/objects/creature_birds_new.txt	3967	GIANT_EAGLE	SELECT_CASTE:ALL	NAME	1	giant eagle	giant eagle	巨型鹰	data/runtime/rulesets/zh-Hans/creatures/caste.toml | data/runtime/rulesets/zh-Hans/creatures/name.toml	巨型鹰	巨雕	creature_raw.NAME[0]; singular; caste=-1; no CASTE_NAME or juvenile substitution	0xaa3bd0(race,out,plural=false,caste=-1); r9w==0xffff -> 0xaa3d69 -> 0xaa3d1e/0xaa3d36; creature_raw+0x20 NAME[0]
classic	data/vanilla/vanilla_creatures/objects/creature_birds_new.txt	3991	BIRD_HORNBILL		NAME	1	hornbill	hornbill	犀鸟	data/runtime/rulesets/zh-Hans/creatures/caste.toml | data/runtime/rulesets/zh-Hans/creatures/name.toml	犀鸟	犀鸟	creature_raw.NAME[0]; singular; caste=-1; no CASTE_NAME or juvenile substitution	0xaa3bd0(race,out,plural=false,caste=-1); r9w==0xffff -> 0xaa3d69 -> 0xaa3d1e/0xaa3d36; creature_raw+0x20 NAME[0]
classic	data/vanilla/vanilla_creatures/objects/creature_birds_new.txt	4109	HORNBILL_MAN	SELECT_CASTE:ALL	NAME	1	hornbill man	hornbill man	犀鸟人	data/runtime/rulesets/zh-Hans/creatures/caste.toml | data/runtime/rulesets/zh-Hans/creatures/name.toml	犀鸟人	犀鸟人	creature_raw.NAME[0]; singular; caste=-1; no CASTE_NAME or juvenile substitution	0xaa3bd0(race,out,plural=false,caste=-1); r9w==0xffff -> 0xaa3d69 -> 0xaa3d1e/0xaa3d36; creature_raw+0x20 NAME[0]
classic	data/vanilla/vanilla_creatures/objects/creature_birds_new.txt	4126	GIANT_HORNBILL	SELECT_CASTE:ALL	NAME	1	giant hornbill	giant hornbill	巨型犀鸟	data/runtime/rulesets/zh-Hans/creatures/caste.toml | data/runtime/rulesets/zh-Hans/creatures/name.toml	巨型犀鸟	巨犀鸟	creature_raw.NAME[0]; singular; caste=-1; no CASTE_NAME or juvenile substitution	0xaa3bd0(race,out,plural=false,caste=-1); r9w==0xffff -> 0xaa3d69 -> 0xaa3d1e/0xaa3d36; creature_raw+0x20 NAME[0]
classic	data/vanilla/vanilla_creatures/objects/creature_birds_new.txt	4150	BIRD_LOVEBIRD_MASKED		NAME	1	masked lovebird	masked lovebird	蒙面爱情鸟	data/runtime/rulesets/zh-Hans/creatures/caste.toml | data/runtime/rulesets/zh-Hans/creatures/name.toml	蒙面爱情鸟	蒙面爱情鸟	creature_raw.NAME[0]; singular; caste=-1; no CASTE_NAME or juvenile substitution	0xaa3bd0(race,out,plural=false,caste=-1); r9w==0xffff -> 0xaa3d69 -> 0xaa3d1e/0xaa3d36; creature_raw+0x20 NAME[0]
classic	data/vanilla/vanilla_creatures/objects/creature_birds_new.txt	4267	MASKED_LOVEBIRD_MAN	SELECT_CASTE:ALL	NAME	1	masked lovebird man	masked lovebird man	蒙面爱情鸟人	data/runtime/rulesets/zh-Hans/creatures/caste.toml | data/runtime/rulesets/zh-Hans/creatures/name.toml	蒙面爱情鸟人	蒙面爱情鸟人	creature_raw.NAME[0]; singular; caste=-1; no CASTE_NAME or juvenile substitution	0xaa3bd0(race,out,plural=false,caste=-1); r9w==0xffff -> 0xaa3d69 -> 0xaa3d1e/0xaa3d36; creature_raw+0x20 NAME[0]
classic	data/vanilla/vanilla_creatures/objects/creature_birds_new.txt	4284	GIANT_MASKED_LOVEBIRD	SELECT_CASTE:ALL	NAME	1	giant masked lovebird	giant masked lovebird	巨型蒙面爱情鸟	data/runtime/rulesets/zh-Hans/creatures/caste.toml | data/runtime/rulesets/zh-Hans/creatures/name.toml	巨型蒙面爱情鸟	巨蒙面爱情鸟	creature_raw.NAME[0]; singular; caste=-1; no CASTE_NAME or juvenile substitution	0xaa3bd0(race,out,plural=false,caste=-1); r9w==0xffff -> 0xaa3d69 -> 0xaa3d1e/0xaa3d36; creature_raw+0x20 NAME[0]
classic	data/vanilla/vanilla_creatures/objects/creature_birds_new.txt	4307	BIRD_BUSHTIT		NAME	1	bushtit	bushtit	丛山雀	data/runtime/rulesets/zh-Hans/creatures/caste.toml | data/runtime/rulesets/zh-Hans/creatures/name.toml	丛山雀	丛山雀	creature_raw.NAME[0]; singular; caste=-1; no CASTE_NAME or juvenile substitution	0xaa3bd0(race,out,plural=false,caste=-1); r9w==0xffff -> 0xaa3d69 -> 0xaa3d1e/0xaa3d36; creature_raw+0x20 NAME[0]
classic	data/vanilla/vanilla_creatures/objects/creature_birds_new.txt	4425	BUSHTIT_MAN	SELECT_CASTE:ALL	NAME	1	bushtit man	bushtit man	丛山雀人	data/runtime/rulesets/zh-Hans/creatures/caste.toml | data/runtime/rulesets/zh-Hans/creatures/name.toml	丛山雀人	丛山雀人	creature_raw.NAME[0]; singular; caste=-1; no CASTE_NAME or juvenile substitution	0xaa3bd0(race,out,plural=false,caste=-1); r9w==0xffff -> 0xaa3d69 -> 0xaa3d1e/0xaa3d36; creature_raw+0x20 NAME[0]
classic	data/vanilla/vanilla_creatures/objects/creature_birds_new.txt	4442	GIANT_BUSHTIT	SELECT_CASTE:ALL	NAME	1	giant bushtit	giant bushtit	巨型丛山雀	data/runtime/rulesets/zh-Hans/creatures/caste.toml | data/runtime/rulesets/zh-Hans/creatures/name.toml	巨型丛山雀	巨丛山雀	creature_raw.NAME[0]; singular; caste=-1; no CASTE_NAME or juvenile substitution	0xaa3bd0(race,out,plural=false,caste=-1); r9w==0xffff -> 0xaa3d69 -> 0xaa3d1e/0xaa3d36; creature_raw+0x20 NAME[0]
classic	data/vanilla/vanilla_creatures/objects/creature_bug_slug_new.txt	11	DAMSELFLY		NAME	1	damselfly	damselfly	蓝蜻蛉	data/runtime/rulesets/zh-Hans/creatures/caste.toml | data/runtime/rulesets/zh-Hans/creatures/name.toml	蓝蜻蛉	豆娘	creature_raw.NAME[0]; singular; caste=-1; no CASTE_NAME or juvenile substitution	0xaa3bd0(race,out,plural=false,caste=-1); r9w==0xffff -> 0xaa3d69 -> 0xaa3d1e/0xaa3d36; creature_raw+0x20 NAME[0]
classic	data/vanilla/vanilla_creatures/objects/creature_bug_slug_new.txt	78	DAMSELFLY_MAN	SELECT_CASTE:ALL	NAME	1	damselfly man	damselfly man	蓝蜻蛉人	data/runtime/rulesets/zh-Hans/creatures/caste.toml | data/runtime/rulesets/zh-Hans/creatures/name.toml	蓝蜻蛉人	豆娘人	creature_raw.NAME[0]; singular; caste=-1; no CASTE_NAME or juvenile substitution	0xaa3bd0(race,out,plural=false,caste=-1); r9w==0xffff -> 0xaa3d69 -> 0xaa3d1e/0xaa3d36; creature_raw+0x20 NAME[0]
classic	data/vanilla/vanilla_creatures/objects/creature_bug_slug_new.txt	95	GIANT_DAMSELFLY	SELECT_CASTE:ALL	NAME	1	giant damselfly	giant damselfly	巨型蓝蜻蛉	data/runtime/rulesets/zh-Hans/creatures/caste.toml | data/runtime/rulesets/zh-Hans/creatures/name.toml	巨型蓝蜻蛉	巨豆娘	creature_raw.NAME[0]; singular; caste=-1; no CASTE_NAME or juvenile substitution	0xaa3bd0(race,out,plural=false,caste=-1); r9w==0xffff -> 0xaa3d69 -> 0xaa3d1e/0xaa3d36; creature_raw+0x20 NAME[0]
classic	data/vanilla/vanilla_creatures/objects/creature_bug_slug_new.txt	120	MOTH		NAME	1	moth	moth	飞蛾	data/runtime/rulesets/zh-Hans/creatures/caste.toml | data/runtime/rulesets/zh-Hans/creatures/name.toml	飞蛾	蛾	creature_raw.NAME[0]; singular; caste=-1; no CASTE_NAME or juvenile substitution	0xaa3bd0(race,out,plural=false,caste=-1); r9w==0xffff -> 0xaa3d69 -> 0xaa3d1e/0xaa3d36; creature_raw+0x20 NAME[0]
classic	data/vanilla/vanilla_creatures/objects/creature_bug_slug_new.txt	186	MOTH_MAN	SELECT_CASTE:ALL	NAME	1	moth man	moth man	飞蛾人	data/runtime/rulesets/zh-Hans/creatures/caste.toml | data/runtime/rulesets/zh-Hans/creatures/name.toml	飞蛾人	蛾人	creature_raw.NAME[0]; singular; caste=-1; no CASTE_NAME or juvenile substitution	0xaa3bd0(race,out,plural=false,caste=-1); r9w==0xffff -> 0xaa3d69 -> 0xaa3d1e/0xaa3d36; creature_raw+0x20 NAME[0]
classic	data/vanilla/vanilla_creatures/objects/creature_bug_slug_new.txt	203	GIANT_MOTH	SELECT_CASTE:ALL	NAME	1	giant moth	giant moth	巨型飞蛾	data/runtime/rulesets/zh-Hans/creatures/caste.toml | data/runtime/rulesets/zh-Hans/creatures/name.toml	巨型飞蛾	巨蛾	creature_raw.NAME[0]; singular; caste=-1; no CASTE_NAME or juvenile substitution	0xaa3bd0(race,out,plural=false,caste=-1); r9w==0xffff -> 0xaa3d69 -> 0xaa3d1e/0xaa3d36; creature_raw+0x20 NAME[0]
classic	data/vanilla/vanilla_creatures/objects/creature_bug_slug_new.txt	226	GRASSHOPPER		NAME	1	grasshopper	grasshopper	蚱蜢	data/runtime/rulesets/zh-Hans/creatures/caste.toml | data/runtime/rulesets/zh-Hans/creatures/name.toml	蚱蜢	草蜢	creature_raw.NAME[0]; singular; caste=-1; no CASTE_NAME or juvenile substitution	0xaa3bd0(race,out,plural=false,caste=-1); r9w==0xffff -> 0xaa3d69 -> 0xaa3d1e/0xaa3d36; creature_raw+0x20 NAME[0]
classic	data/vanilla/vanilla_creatures/objects/creature_bug_slug_new.txt	290	GRASSHOPPER_MAN	SELECT_CASTE:ALL	NAME	1	grasshopper man	grasshopper man	蚱蜢人	data/runtime/rulesets/zh-Hans/creatures/caste.toml | data/runtime/rulesets/zh-Hans/creatures/name.toml	蚱蜢人	草蜢人	creature_raw.NAME[0]; singular; caste=-1; no CASTE_NAME or juvenile substitution	0xaa3bd0(race,out,plural=false,caste=-1); r9w==0xffff -> 0xaa3d69 -> 0xaa3d1e/0xaa3d36; creature_raw+0x20 NAME[0]
classic	data/vanilla/vanilla_creatures/objects/creature_bug_slug_new.txt	307	GIANT_GRASSHOPPER	SELECT_CASTE:ALL	NAME	1	giant grasshopper	giant grasshopper	巨型蚱蜢	data/runtime/rulesets/zh-Hans/creatures/caste.toml | data/runtime/rulesets/zh-Hans/creatures/name.toml	巨型蚱蜢	巨草蜢	creature_raw.NAME[0]; singular; caste=-1; no CASTE_NAME or juvenile substitution	0xaa3bd0(race,out,plural=false,caste=-1); r9w==0xffff -> 0xaa3d69 -> 0xaa3d1e/0xaa3d36; creature_raw+0x20 NAME[0]
classic	data/vanilla/vanilla_creatures/objects/creature_bug_slug_new.txt	329	BARK_SCORPION		NAME	1	bark scorpion	bark scorpion	树皮蝎	data/runtime/rulesets/zh-Hans/creatures/caste.toml | data/runtime/rulesets/zh-Hans/creatures/name.toml	树皮蝎	木蝎	creature_raw.NAME[0]; singular; caste=-1; no CASTE_NAME or juvenile substitution	0xaa3bd0(race,out,plural=false,caste=-1); r9w==0xffff -> 0xaa3d69 -> 0xaa3d1e/0xaa3d36; creature_raw+0x20 NAME[0]
classic	data/vanilla/vanilla_creatures/objects/creature_bug_slug_new.txt	439	BARK_SCORPION_MAN	SELECT_CASTE:ALL	NAME	1	bark scorpion man	bark scorpion man	树皮蝎人	data/runtime/rulesets/zh-Hans/creatures/caste.toml | data/runtime/rulesets/zh-Hans/creatures/name.toml	树皮蝎人	木蝎人	creature_raw.NAME[0]; singular; caste=-1; no CASTE_NAME or juvenile substitution	0xaa3bd0(race,out,plural=false,caste=-1); r9w==0xffff -> 0xaa3d69 -> 0xaa3d1e/0xaa3d36; creature_raw+0x20 NAME[0]
classic	data/vanilla/vanilla_creatures/objects/creature_bug_slug_new.txt	473	GIANT_BARK_SCORPION	SELECT_CASTE:ALL	NAME	1	giant bark scorpion	giant bark scorpion	巨型树皮蝎	data/runtime/rulesets/zh-Hans/creatures/caste.toml | data/runtime/rulesets/zh-Hans/creatures/name.toml	巨型树皮蝎	巨木蝎	creature_raw.NAME[0]; singular; caste=-1; no CASTE_NAME or juvenile substitution	0xaa3bd0(race,out,plural=false,caste=-1); r9w==0xffff -> 0xaa3d69 -> 0xaa3d1e/0xaa3d36; creature_raw+0x20 NAME[0]
classic	data/vanilla/vanilla_creatures/objects/creature_bug_slug_new.txt	494	MANTIS		NAME	1	mantis	mantis	螳螂	data/runtime/rulesets/zh-Hans/creatures/caste.toml | data/runtime/rulesets/zh-Hans/creatures/name.toml	螳螂	螳螂	creature_raw.NAME[0]; singular; caste=-1; no CASTE_NAME or juvenile substitution	0xaa3bd0(race,out,plural=false,caste=-1); r9w==0xffff -> 0xaa3d69 -> 0xaa3d1e/0xaa3d36; creature_raw+0x20 NAME[0]
classic	data/vanilla/vanilla_creatures/objects/creature_bug_slug_new.txt	565	MANTIS_MAN	SELECT_CASTE:ALL	NAME	1	mantis man	mantis man	螳螂人	data/runtime/rulesets/zh-Hans/creatures/caste.toml | data/runtime/rulesets/zh-Hans/creatures/name.toml	螳螂人	螳螂人	creature_raw.NAME[0]; singular; caste=-1; no CASTE_NAME or juvenile substitution	0xaa3bd0(race,out,plural=false,caste=-1); r9w==0xffff -> 0xaa3d69 -> 0xaa3d1e/0xaa3d36; creature_raw+0x20 NAME[0]
classic	data/vanilla/vanilla_creatures/objects/creature_bug_slug_new.txt	582	GIANT_MANTIS	SELECT_CASTE:ALL	NAME	1	giant mantis	giant mantis	巨型螳螂	data/runtime/rulesets/zh-Hans/creatures/caste.toml | data/runtime/rulesets/zh-Hans/creatures/name.toml	巨型螳螂	巨螳螂	creature_raw.NAME[0]; singular; caste=-1; no CASTE_NAME or juvenile substitution	0xaa3bd0(race,out,plural=false,caste=-1); r9w==0xffff -> 0xaa3d69 -> 0xaa3d1e/0xaa3d36; creature_raw+0x20 NAME[0]
classic	data/vanilla/vanilla_creatures/objects/creature_bug_slug_new.txt	606	TICK		NAME	1	tick	tick	蜱虫	data/runtime/rulesets/zh-Hans/creatures/caste.toml | data/runtime/rulesets/zh-Hans/creatures/name.toml	蜱虫	蜱虫	creature_raw.NAME[0]; singular; caste=-1; no CASTE_NAME or juvenile substitution	0xaa3bd0(race,out,plural=false,caste=-1); r9w==0xffff -> 0xaa3d69 -> 0xaa3d1e/0xaa3d36; creature_raw+0x20 NAME[0]
classic	data/vanilla/vanilla_creatures/objects/creature_bug_slug_new.txt	674	TICK_MAN	SELECT_CASTE:ALL	NAME	1	tick man	tick man	蜱虫人	data/runtime/rulesets/zh-Hans/creatures/caste.toml | data/runtime/rulesets/zh-Hans/creatures/name.toml	蜱虫人	蜱人	creature_raw.NAME[0]; singular; caste=-1; no CASTE_NAME or juvenile substitution	0xaa3bd0(race,out,plural=false,caste=-1); r9w==0xffff -> 0xaa3d69 -> 0xaa3d1e/0xaa3d36; creature_raw+0x20 NAME[0]
classic	data/vanilla/vanilla_creatures/objects/creature_bug_slug_new.txt	691	GIANT_TICK	SELECT_CASTE:ALL	NAME	1	giant tick	giant tick	巨型蜱虫	data/runtime/rulesets/zh-Hans/creatures/caste.toml | data/runtime/rulesets/zh-Hans/creatures/name.toml	巨型蜱虫	巨蜱虫	creature_raw.NAME[0]; singular; caste=-1; no CASTE_NAME or juvenile substitution	0xaa3bd0(race,out,plural=false,caste=-1); r9w==0xffff -> 0xaa3d69 -> 0xaa3d1e/0xaa3d36; creature_raw+0x20 NAME[0]
classic	data/vanilla/vanilla_creatures/objects/creature_bug_slug_new.txt	714	LOUSE		NAME	1	louse	louse	虱子	data/runtime/rulesets/zh-Hans/creatures/caste.toml | data/runtime/rulesets/zh-Hans/creatures/name.toml	虱子	虱	creature_raw.NAME[0]; singular; caste=-1; no CASTE_NAME or juvenile substitution	0xaa3bd0(race,out,plural=false,caste=-1); r9w==0xffff -> 0xaa3d69 -> 0xaa3d1e/0xaa3d36; creature_raw+0x20 NAME[0]
classic	data/vanilla/vanilla_creatures/objects/creature_bug_slug_new.txt	781	LOUSE_MAN	SELECT_CASTE:ALL	NAME	1	louse man	louse man	虱子人	data/runtime/rulesets/zh-Hans/creatures/caste.toml | data/runtime/rulesets/zh-Hans/creatures/name.toml	虱子人	虱人	creature_raw.NAME[0]; singular; caste=-1; no CASTE_NAME or juvenile substitution	0xaa3bd0(race,out,plural=false,caste=-1); r9w==0xffff -> 0xaa3d69 -> 0xaa3d1e/0xaa3d36; creature_raw+0x20 NAME[0]
classic	data/vanilla/vanilla_creatures/objects/creature_bug_slug_new.txt	798	GIANT_LOUSE	SELECT_CASTE:ALL	NAME	1	giant louse	giant louse	巨型虱子	data/runtime/rulesets/zh-Hans/creatures/caste.toml | data/runtime/rulesets/zh-Hans/creatures/name.toml	巨型虱子	巨虱	creature_raw.NAME[0]; singular; caste=-1; no CASTE_NAME or juvenile substitution	0xaa3bd0(race,out,plural=false,caste=-1); r9w==0xffff -> 0xaa3d69 -> 0xaa3d1e/0xaa3d36; creature_raw+0x20 NAME[0]
classic	data/vanilla/vanilla_creatures/objects/creature_bug_slug_new.txt	820	THRIPS		NAME	1	thrips	thrips	蓟马	data/runtime/rulesets/zh-Hans/creatures/caste.toml | data/runtime/rulesets/zh-Hans/creatures/name.toml	蓟马	蓟马	creature_raw.NAME[0]; singular; caste=-1; no CASTE_NAME or juvenile substitution	0xaa3bd0(race,out,plural=false,caste=-1); r9w==0xffff -> 0xaa3d69 -> 0xaa3d1e/0xaa3d36; creature_raw+0x20 NAME[0]
classic	data/vanilla/vanilla_creatures/objects/creature_bug_slug_new.txt	889	THRIPS_MAN	SELECT_CASTE:ALL	NAME	1	thrips man	thrips man	蓟马人	data/runtime/rulesets/zh-Hans/creatures/caste.toml | data/runtime/rulesets/zh-Hans/creatures/name.toml	蓟马人	蓟马人	creature_raw.NAME[0]; singular; caste=-1; no CASTE_NAME or juvenile substitution	0xaa3bd0(race,out,plural=false,caste=-1); r9w==0xffff -> 0xaa3d69 -> 0xaa3d1e/0xaa3d36; creature_raw+0x20 NAME[0]
classic	data/vanilla/vanilla_creatures/objects/creature_bug_slug_new.txt	906	GIANT_THRIPS	SELECT_CASTE:ALL	NAME	1	giant thrips	giant thrips	巨型蓟马	data/runtime/rulesets/zh-Hans/creatures/caste.toml | data/runtime/rulesets/zh-Hans/creatures/name.toml	巨型蓟马	巨蓟马	creature_raw.NAME[0]; singular; caste=-1; no CASTE_NAME or juvenile substitution	0xaa3bd0(race,out,plural=false,caste=-1); r9w==0xffff -> 0xaa3d69 -> 0xaa3d1e/0xaa3d36; creature_raw+0x20 NAME[0]
classic	data/vanilla/vanilla_creatures/objects/creature_bug_slug_new.txt	927	SLUG		NAME	1	slug	slug	蛞蝓	data/runtime/rulesets/zh-Hans/creatures/caste.toml | data/runtime/rulesets/zh-Hans/creatures/name.toml	蛞蝓	蛞蝓	creature_raw.NAME[0]; singular; caste=-1; no CASTE_NAME or juvenile substitution	0xaa3bd0(race,out,plural=false,caste=-1); r9w==0xffff -> 0xaa3d69 -> 0xaa3d1e/0xaa3d36; creature_raw+0x20 NAME[0]
classic	data/vanilla/vanilla_creatures/objects/creature_bug_slug_new.txt	977	SLUG_MAN		NAME	1	slug man	slug man	蛞蝓人	data/runtime/rulesets/zh-Hans/creatures/caste.toml | data/runtime/rulesets/zh-Hans/creatures/name.toml	蛞蝓人	蛞蝓人	creature_raw.NAME[0]; singular; caste=-1; no CASTE_NAME or juvenile substitution	0xaa3bd0(race,out,plural=false,caste=-1); r9w==0xffff -> 0xaa3d69 -> 0xaa3d1e/0xaa3d36; creature_raw+0x20 NAME[0]
classic	data/vanilla/vanilla_creatures/objects/creature_bug_slug_new.txt	995	GIANT_SLUG	SELECT_CASTE:ALL	NAME	1	giant slug	giant slug	巨型蛞蝓	data/runtime/rulesets/zh-Hans/creatures/caste.toml | data/runtime/rulesets/zh-Hans/creatures/name.toml	巨型蛞蝓	巨蛞蝓	creature_raw.NAME[0]; singular; caste=-1; no CASTE_NAME or juvenile substitution	0xaa3bd0(race,out,plural=false,caste=-1); r9w==0xffff -> 0xaa3d69 -> 0xaa3d1e/0xaa3d36; creature_raw+0x20 NAME[0]
classic	data/vanilla/vanilla_creatures/objects/creature_bug_slug_new.txt	1014	MOSQUITO		NAME	1	mosquito	mosquito	蚊子	data/runtime/rulesets/zh-Hans/creatures/caste.toml | data/runtime/rulesets/zh-Hans/creatures/name.toml	蚊子	蚊	creature_raw.NAME[0]; singular; caste=-1; no CASTE_NAME or juvenile substitution	0xaa3bd0(race,out,plural=false,caste=-1); r9w==0xffff -> 0xaa3d69 -> 0xaa3d1e/0xaa3d36; creature_raw+0x20 NAME[0]
classic	data/vanilla/vanilla_creatures/objects/creature_bug_slug_new.txt	1087	MOSQUITO_MAN	SELECT_CASTE:ALL	NAME	1	mosquito man	mosquito man	蚊子人	data/runtime/rulesets/zh-Hans/creatures/caste.toml | data/runtime/rulesets/zh-Hans/creatures/name.toml	蚊子人	蚊人	creature_raw.NAME[0]; singular; caste=-1; no CASTE_NAME or juvenile substitution	0xaa3bd0(race,out,plural=false,caste=-1); r9w==0xffff -> 0xaa3d69 -> 0xaa3d1e/0xaa3d36; creature_raw+0x20 NAME[0]
classic	data/vanilla/vanilla_creatures/objects/creature_bug_slug_new.txt	1104	GIANT_MOSQUITO	SELECT_CASTE:ALL	NAME	1	giant mosquito	giant mosquito	巨型蚊子	data/runtime/rulesets/zh-Hans/creatures/caste.toml | data/runtime/rulesets/zh-Hans/creatures/name.toml	巨型蚊子	巨蚊	creature_raw.NAME[0]; singular; caste=-1; no CASTE_NAME or juvenile substitution	0xaa3bd0(race,out,plural=false,caste=-1); r9w==0xffff -> 0xaa3d69 -> 0xaa3d1e/0xaa3d36; creature_raw+0x20 NAME[0]
classic	data/vanilla/vanilla_creatures/objects/creature_bug_slug_new.txt	1128	SPIDER_JUMPING		NAME	1	jumping spider	jumping spider	跳蛛	data/runtime/rulesets/zh-Hans/creatures/caste.toml | data/runtime/rulesets/zh-Hans/creatures/name.toml	跳蛛	蝇虎	creature_raw.NAME[0]; singular; caste=-1; no CASTE_NAME or juvenile substitution	0xaa3bd0(race,out,plural=false,caste=-1); r9w==0xffff -> 0xaa3d69 -> 0xaa3d1e/0xaa3d36; creature_raw+0x20 NAME[0]
classic	data/vanilla/vanilla_creatures/objects/creature_bug_slug_new.txt	1194	JUMPING_SPIDER_MAN	SELECT_CASTE:ALL	NAME	1	jumping spider man	jumping spider man	跳蛛人	data/runtime/rulesets/zh-Hans/creatures/caste.toml | data/runtime/rulesets/zh-Hans/creatures/name.toml	跳蛛人	蝇虎人	creature_raw.NAME[0]; singular; caste=-1; no CASTE_NAME or juvenile substitution	0xaa3bd0(race,out,plural=false,caste=-1); r9w==0xffff -> 0xaa3d69 -> 0xaa3d1e/0xaa3d36; creature_raw+0x20 NAME[0]
classic	data/vanilla/vanilla_creatures/objects/creature_bug_slug_new.txt	1212	GIANT_JUMPING_SPIDER	SELECT_CASTE:ALL	NAME	1	giant jumping spider	giant jumping spider	巨型跳蛛	data/runtime/rulesets/zh-Hans/creatures/caste.toml | data/runtime/rulesets/zh-Hans/creatures/name.toml	巨型跳蛛	巨蝇虎	creature_raw.NAME[0]; singular; caste=-1; no CASTE_NAME or juvenile substitution	0xaa3bd0(race,out,plural=false,caste=-1); r9w==0xffff -> 0xaa3d69 -> 0xaa3d1e/0xaa3d36; creature_raw+0x20 NAME[0]
classic	data/vanilla/vanilla_creatures/objects/creature_bug_slug_new.txt	1234	TERMITE		NAME	1	termite	termite	白蚁	data/runtime/rulesets/zh-Hans/creatures/name.toml	白蚁	白蚁	creature_raw.NAME[0]; singular; caste=-1; no CASTE_NAME or juvenile substitution	0xaa3bd0(race,out,plural=false,caste=-1); r9w==0xffff -> 0xaa3d69 -> 0xaa3d1e/0xaa3d36; creature_raw+0x20 NAME[0]
classic	data/vanilla/vanilla_creatures/objects/creature_bug_slug_new.txt	1301	MOON_SNAIL		NAME	1	moon snail	moon snail	月亮蜗牛	data/runtime/rulesets/zh-Hans/creatures/caste.toml | data/runtime/rulesets/zh-Hans/creatures/name.toml	月亮蜗牛	玉螺	creature_raw.NAME[0]; singular; caste=-1; no CASTE_NAME or juvenile substitution	0xaa3bd0(race,out,plural=false,caste=-1); r9w==0xffff -> 0xaa3d69 -> 0xaa3d1e/0xaa3d36; creature_raw+0x20 NAME[0]
classic	data/vanilla/vanilla_creatures/objects/creature_bug_slug_new.txt	1370	MOON_SNAIL_MAN	SELECT_CASTE:ALL	NAME	1	moon snail man	moon snail man	月亮蜗牛人	data/runtime/rulesets/zh-Hans/creatures/caste.toml | data/runtime/rulesets/zh-Hans/creatures/name.toml	月亮蜗牛人	玉螺人	creature_raw.NAME[0]; singular; caste=-1; no CASTE_NAME or juvenile substitution	0xaa3bd0(race,out,plural=false,caste=-1); r9w==0xffff -> 0xaa3d69 -> 0xaa3d1e/0xaa3d36; creature_raw+0x20 NAME[0]
classic	data/vanilla/vanilla_creatures/objects/creature_bug_slug_new.txt	1387	GIANT_MOON_SNAIL	SELECT_CASTE:ALL	NAME	1	giant moon snail	giant moon snail	巨型月亮蜗牛	data/runtime/rulesets/zh-Hans/creatures/caste.toml | data/runtime/rulesets/zh-Hans/creatures/name.toml	巨型月亮蜗牛	巨玉螺	creature_raw.NAME[0]; singular; caste=-1; no CASTE_NAME or juvenile substitution	0xaa3bd0(race,out,plural=false,caste=-1); r9w==0xffff -> 0xaa3d69 -> 0xaa3d1e/0xaa3d36; creature_raw+0x20 NAME[0]
classic	data/vanilla/vanilla_creatures/objects/creature_bug_slug_new.txt	1409	SPIDER_BROWN_RECLUSE		NAME	1	brown recluse spider	brown recluse spider	棕色遁蛛	data/runtime/rulesets/zh-Hans/creatures/caste.toml | data/runtime/rulesets/zh-Hans/creatures/name.toml	棕色遁蛛	棕色遁蛛	creature_raw.NAME[0]; singular; caste=-1; no CASTE_NAME or juvenile substitution	0xaa3bd0(race,out,plural=false,caste=-1); r9w==0xffff -> 0xaa3d69 -> 0xaa3d1e/0xaa3d36; creature_raw+0x20 NAME[0]
classic	data/vanilla/vanilla_creatures/objects/creature_bug_slug_new.txt	1514	BROWN_RECLUSE_SPIDER_MAN	SELECT_CASTE:ALL	NAME	1	brown recluse spider man	brown recluse spider man	棕色遁蛛人	data/runtime/rulesets/zh-Hans/creatures/caste.toml | data/runtime/rulesets/zh-Hans/creatures/name.toml	棕色遁蛛人	棕色遁蛛人	creature_raw.NAME[0]; singular; caste=-1; no CASTE_NAME or juvenile substitution	0xaa3bd0(race,out,plural=false,caste=-1); r9w==0xffff -> 0xaa3d69 -> 0xaa3d1e/0xaa3d36; creature_raw+0x20 NAME[0]
classic	data/vanilla/vanilla_creatures/objects/creature_bug_slug_new.txt	1549	GIANT_BROWN_RECLUSE_SPIDER	SELECT_CASTE:ALL	NAME	1	giant brown recluse spider	giant brown recluse spider	巨型棕色遁蛛	data/runtime/rulesets/zh-Hans/creatures/caste.toml | data/runtime/rulesets/zh-Hans/creatures/name.toml	巨型棕色遁蛛	巨棕色遁蛛	creature_raw.NAME[0]; singular; caste=-1; no CASTE_NAME or juvenile substitution	0xaa3bd0(race,out,plural=false,caste=-1); r9w==0xffff -> 0xaa3d69 -> 0xaa3d1e/0xaa3d36; creature_raw+0x20 NAME[0]
classic	data/vanilla/vanilla_creatures/objects/creature_bug_slug_new.txt	1570	SNAIL		NAME	1	snail	snail	蜗牛	data/runtime/rulesets/zh-Hans/creatures/caste.toml | data/runtime/rulesets/zh-Hans/creatures/name.toml	蜗牛	蜗牛	creature_raw.NAME[0]; singular; caste=-1; no CASTE_NAME or juvenile substitution	0xaa3bd0(race,out,plural=false,caste=-1); r9w==0xffff -> 0xaa3d69 -> 0xaa3d1e/0xaa3d36; creature_raw+0x20 NAME[0]
classic	data/vanilla/vanilla_creatures/objects/creature_bug_slug_new.txt	1627	SNAIL_MAN		NAME	1	snail man	snail man	蜗牛人	data/runtime/rulesets/zh-Hans/creatures/caste.toml | data/runtime/rulesets/zh-Hans/creatures/name.toml	蜗牛人	蜗人	creature_raw.NAME[0]; singular; caste=-1; no CASTE_NAME or juvenile substitution	0xaa3bd0(race,out,plural=false,caste=-1); r9w==0xffff -> 0xaa3d69 -> 0xaa3d1e/0xaa3d36; creature_raw+0x20 NAME[0]
classic	data/vanilla/vanilla_creatures/objects/creature_bug_slug_new.txt	1645	GIANT_SNAIL	SELECT_CASTE:ALL	NAME	1	giant snail	giant snail	巨型蜗牛	data/runtime/rulesets/zh-Hans/creatures/caste.toml | data/runtime/rulesets/zh-Hans/creatures/name.toml	巨型蜗牛	巨蜗	creature_raw.NAME[0]; singular; caste=-1; no CASTE_NAME or juvenile substitution	0xaa3bd0(race,out,plural=false,caste=-1); r9w==0xffff -> 0xaa3d69 -> 0xaa3d1e/0xaa3d36; creature_raw+0x20 NAME[0]
classic	data/vanilla/vanilla_creatures/objects/creature_desert_new.txt	11	GECKO_LEOPARD		NAME	1	leopard gecko	leopard gecko	豹纹壁虎	data/runtime/rulesets/zh-Hans/creatures/caste.toml | data/runtime/rulesets/zh-Hans/creatures/name.toml	豹纹壁虎	豹纹壁虎	creature_raw.NAME[0]; singular; caste=-1; no CASTE_NAME or juvenile substitution	0xaa3bd0(race,out,plural=false,caste=-1); r9w==0xffff -> 0xaa3d69 -> 0xaa3d1e/0xaa3d36; creature_raw+0x20 NAME[0]
classic	data/vanilla/vanilla_creatures/objects/creature_desert_new.txt	100	LEOPARD_GECKO_MAN	SELECT_CASTE:ALL	NAME	1	leopard gecko man	leopard gecko man	豹纹壁虎人	data/runtime/rulesets/zh-Hans/creatures/caste.toml | data/runtime/rulesets/zh-Hans/creatures/name.toml	豹纹壁虎人	豹纹壁虎人	creature_raw.NAME[0]; singular; caste=-1; no CASTE_NAME or juvenile substitution	0xaa3bd0(race,out,plural=false,caste=-1); r9w==0xffff -> 0xaa3d69 -> 0xaa3d1e/0xaa3d36; creature_raw+0x20 NAME[0]
classic	data/vanilla/vanilla_creatures/objects/creature_desert_new.txt	117	GIANT_LEOPARD_GECKO	SELECT_CASTE:ALL	NAME	1	giant leopard gecko	giant leopard gecko	巨型豹纹壁虎	data/runtime/rulesets/zh-Hans/creatures/caste.toml | data/runtime/rulesets/zh-Hans/creatures/name.toml	巨型豹纹壁虎	巨豹纹壁虎	creature_raw.NAME[0]; singular; caste=-1; no CASTE_NAME or juvenile substitution	0xaa3bd0(race,out,plural=false,caste=-1); r9w==0xffff -> 0xaa3d69 -> 0xaa3d1e/0xaa3d36; creature_raw+0x20 NAME[0]
classic	data/vanilla/vanilla_creatures/objects/creature_desert_new.txt	140	DESERT TORTOISE		NAME	1	desert tortoise	desert tortoise	沙漠陆龟	data/runtime/rulesets/zh-Hans/creatures/caste.toml | data/runtime/rulesets/zh-Hans/creatures/name.toml	沙漠陆龟	沙漠地鼠龟	creature_raw.NAME[0]; singular; caste=-1; no CASTE_NAME or juvenile substitution	0xaa3bd0(race,out,plural=false,caste=-1); r9w==0xffff -> 0xaa3d69 -> 0xaa3d1e/0xaa3d36; creature_raw+0x20 NAME[0]
classic	data/vanilla/vanilla_creatures/objects/creature_desert_new.txt	242	DESERT_TORTOISE_MAN	SELECT_CASTE:ALL	NAME	1	desert tortoise man	desert tortoise man	沙漠陆龟人	data/runtime/rulesets/zh-Hans/creatures/caste.toml | data/runtime/rulesets/zh-Hans/creatures/name.toml	沙漠陆龟人	沙漠地鼠龟人	creature_raw.NAME[0]; singular; caste=-1; no CASTE_NAME or juvenile substitution	0xaa3bd0(race,out,plural=false,caste=-1); r9w==0xffff -> 0xaa3d69 -> 0xaa3d1e/0xaa3d36; creature_raw+0x20 NAME[0]
classic	data/vanilla/vanilla_creatures/objects/creature_desert_new.txt	259	GIANT_DESERT_TORTOISE	SELECT_CASTE:ALL	NAME	1	giant desert tortoise	giant desert tortoise	巨型沙漠陆龟	data/runtime/rulesets/zh-Hans/creatures/caste.toml | data/runtime/rulesets/zh-Hans/creatures/name.toml	巨型沙漠陆龟	巨沙漠地鼠龟	creature_raw.NAME[0]; singular; caste=-1; no CASTE_NAME or juvenile substitution	0xaa3bd0(race,out,plural=false,caste=-1); r9w==0xffff -> 0xaa3d69 -> 0xaa3d1e/0xaa3d36; creature_raw+0x20 NAME[0]
classic	data/vanilla/vanilla_creatures/objects/creature_desert_new.txt	283	GILA_MONSTER		NAME	1	gila monster	gila monster	毒蜥	data/runtime/rulesets/zh-Hans/creatures/caste.toml | data/runtime/rulesets/zh-Hans/creatures/name.toml	毒蜥	希拉毒蜥	creature_raw.NAME[0]; singular; caste=-1; no CASTE_NAME or juvenile substitution	0xaa3bd0(race,out,plural=false,caste=-1); r9w==0xffff -> 0xaa3d69 -> 0xaa3d1e/0xaa3d36; creature_raw+0x20 NAME[0]
classic	data/vanilla/vanilla_creatures/objects/creature_desert_new.txt	426	GILA_MONSTER_MAN	SELECT_CASTE:ALL	NAME	1	gila monster man	gila monster man	毒蜥人	data/runtime/rulesets/zh-Hans/creatures/caste.toml | data/runtime/rulesets/zh-Hans/creatures/name.toml	毒蜥人	希拉毒蜥人	creature_raw.NAME[0]; singular; caste=-1; no CASTE_NAME or juvenile substitution	0xaa3bd0(race,out,plural=false,caste=-1); r9w==0xffff -> 0xaa3d69 -> 0xaa3d1e/0xaa3d36; creature_raw+0x20 NAME[0]
classic	data/vanilla/vanilla_creatures/objects/creature_desert_new.txt	460	GIANT_GILA_MONSTER	SELECT_CASTE:ALL	NAME	1	giant gila monster	giant gila monster	巨型毒蜥	data/runtime/rulesets/zh-Hans/creatures/caste.toml | data/runtime/rulesets/zh-Hans/creatures/name.toml	巨型毒蜥	巨希拉毒蜥	creature_raw.NAME[0]; singular; caste=-1; no CASTE_NAME or juvenile substitution	0xaa3bd0(race,out,plural=false,caste=-1); r9w==0xffff -> 0xaa3d69 -> 0xaa3d1e/0xaa3d36; creature_raw+0x20 NAME[0]
classic	data/vanilla/vanilla_creatures/objects/creature_domestic.txt	7	DOG		NAME	1	dog	dog	家犬	data/runtime/rulesets/zh-Hans/creatures/caste.toml | data/runtime/rulesets/zh-Hans/creatures/name.toml	狗	狗	creature_raw.NAME[0]; singular; caste=-1; no CASTE_NAME or juvenile substitution	0xaa3bd0(race,out,plural=false,caste=-1); r9w==0xffff -> 0xaa3d69 -> 0xaa3d1e/0xaa3d36; creature_raw+0x20 NAME[0]
classic	data/vanilla/vanilla_creatures/objects/creature_domestic.txt	127	CAT		NAME	1	cat	cat	家猫	data/runtime/rulesets/zh-Hans/creatures/caste.toml | data/runtime/rulesets/zh-Hans/creatures/name.toml	猫	猫	creature_raw.NAME[0]; singular; caste=-1; no CASTE_NAME or juvenile substitution	0xaa3bd0(race,out,plural=false,caste=-1); r9w==0xffff -> 0xaa3d69 -> 0xaa3d1e/0xaa3d36; creature_raw+0x20 NAME[0]
classic	data/vanilla/vanilla_creatures/objects/creature_domestic.txt	277	MULE		NAME	1	mule	mule	骡子	data/runtime/rulesets/zh-Hans/creatures/caste.toml | data/runtime/rulesets/zh-Hans/creatures/name.toml	骡子	骡子	creature_raw.NAME[0]; singular; caste=-1; no CASTE_NAME or juvenile substitution	0xaa3bd0(race,out,plural=false,caste=-1); r9w==0xffff -> 0xaa3d69 -> 0xaa3d1e/0xaa3d36; creature_raw+0x20 NAME[0]
classic	data/vanilla/vanilla_creatures/objects/creature_domestic.txt	367	DONKEY		NAME	1	donkey	donkey	驴	data/runtime/rulesets/zh-Hans/creatures/caste.toml | data/runtime/rulesets/zh-Hans/creatures/name.toml	驴	驴	creature_raw.NAME[0]; singular; caste=-1; no CASTE_NAME or juvenile substitution	0xaa3bd0(race,out,plural=false,caste=-1); r9w==0xffff -> 0xaa3d69 -> 0xaa3d1e/0xaa3d36; creature_raw+0x20 NAME[0]
classic	data/vanilla/vanilla_creatures/objects/creature_domestic.txt	481	HORSE		NAME	1	horse	horse	马	data/runtime/rulesets/zh-Hans/creatures/caste.toml | data/runtime/rulesets/zh-Hans/creatures/name.toml	马	马	creature_raw.NAME[0]; singular; caste=-1; no CASTE_NAME or juvenile substitution	0xaa3bd0(race,out,plural=false,caste=-1); r9w==0xffff -> 0xaa3d69 -> 0xaa3d1e/0xaa3d36; creature_raw+0x20 NAME[0]
classic	data/vanilla/vanilla_creatures/objects/creature_domestic.txt	599	COW		NAME	1	cow	cow	牛	data/runtime/rulesets/zh-Hans/creatures/caste.toml | data/runtime/rulesets/zh-Hans/creatures/name.toml	牛	牛	creature_raw.NAME[0]; singular; caste=-1; no CASTE_NAME or juvenile substitution	0xaa3bd0(race,out,plural=false,caste=-1); r9w==0xffff -> 0xaa3d69 -> 0xaa3d1e/0xaa3d36; creature_raw+0x20 NAME[0]
classic	data/vanilla/vanilla_creatures/objects/creature_domestic.txt	728	SHEEP		NAME	1	sheep	sheep	羊	data/runtime/rulesets/zh-Hans/creatures/name.toml	羊	羊	creature_raw.NAME[0]; singular; caste=-1; no CASTE_NAME or juvenile substitution	0xaa3bd0(race,out,plural=false,caste=-1); r9w==0xffff -> 0xaa3d69 -> 0xaa3d1e/0xaa3d36; creature_raw+0x20 NAME[0]
classic	data/vanilla/vanilla_creatures/objects/creature_domestic.txt	871	PIG		NAME	1	pig	pig	家猪	data/runtime/rulesets/zh-Hans/creatures/name.toml	猪	猪	creature_raw.NAME[0]; singular; caste=-1; no CASTE_NAME or juvenile substitution	0xaa3bd0(race,out,plural=false,caste=-1); r9w==0xffff -> 0xaa3d69 -> 0xaa3d1e/0xaa3d36; creature_raw+0x20 NAME[0]
classic	data/vanilla/vanilla_creatures/objects/creature_domestic.txt	986	GOAT		NAME	1	goat	goat	山羊	data/runtime/rulesets/zh-Hans/creatures/name.toml	山羊	山羊	creature_raw.NAME[0]; singular; caste=-1; no CASTE_NAME or juvenile substitution	0xaa3bd0(race,out,plural=false,caste=-1); r9w==0xffff -> 0xaa3d69 -> 0xaa3d1e/0xaa3d36; creature_raw+0x20 NAME[0]
classic	data/vanilla/vanilla_creatures/objects/creature_domestic.txt	1116	BIRD_CHICKEN		NAME	1	chicken	chicken	家鸡	data/runtime/rulesets/zh-Hans/creatures/name.toml	鸡	鸡	creature_raw.NAME[0]; singular; caste=-1; no CASTE_NAME or juvenile substitution	0xaa3bd0(race,out,plural=false,caste=-1); r9w==0xffff -> 0xaa3d69 -> 0xaa3d1e/0xaa3d36; creature_raw+0x20 NAME[0]
classic	data/vanilla/vanilla_creatures/objects/creature_domestic.txt	1216	CAVY		NAME	1	cavy	cavy	豚鼠	data/runtime/rulesets/zh-Hans/creatures/name.toml	豚鼠	豚鼠	creature_raw.NAME[0]; singular; caste=-1; no CASTE_NAME or juvenile substitution	0xaa3bd0(race,out,plural=false,caste=-1); r9w==0xffff -> 0xaa3d69 -> 0xaa3d1e/0xaa3d36; creature_raw+0x20 NAME[0]
classic	data/vanilla/vanilla_creatures/objects/creature_domestic.txt	1312	BIRD_DUCK		NAME	1	duck	duck	鸭	data/runtime/rulesets/zh-Hans/creatures/caste.toml | data/runtime/rulesets/zh-Hans/creatures/name.toml	鸭	鸭	creature_raw.NAME[0]; singular; caste=-1; no CASTE_NAME or juvenile substitution	0xaa3bd0(race,out,plural=false,caste=-1); r9w==0xffff -> 0xaa3d69 -> 0xaa3d1e/0xaa3d36; creature_raw+0x20 NAME[0]
classic	data/vanilla/vanilla_creatures/objects/creature_domestic.txt	1404	WATER_BUFFALO		NAME	1	water buffalo	water buffalo	水牛	data/runtime/rulesets/zh-Hans/creatures/name.toml	水牛	水牛	creature_raw.NAME[0]; singular; caste=-1; no CASTE_NAME or juvenile substitution	0xaa3bd0(race,out,plural=false,caste=-1); r9w==0xffff -> 0xaa3d69 -> 0xaa3d1e/0xaa3d36; creature_raw+0x20 NAME[0]
classic	data/vanilla/vanilla_creatures/objects/creature_domestic.txt	1531	REINDEER		NAME	1	reindeer	reindeer	驯鹿	data/runtime/rulesets/zh-Hans/creatures/name.toml	驯鹿	驯鹿	creature_raw.NAME[0]; singular; caste=-1; no CASTE_NAME or juvenile substitution	0xaa3bd0(race,out,plural=false,caste=-1); r9w==0xffff -> 0xaa3d69 -> 0xaa3d1e/0xaa3d36; creature_raw+0x20 NAME[0]
classic	data/vanilla/vanilla_creatures/objects/creature_domestic.txt	1662	BIRD_GOOSE		NAME	1	goose	goose	家鹅	data/runtime/rulesets/zh-Hans/creatures/caste.toml | data/runtime/rulesets/zh-Hans/creatures/name.toml	鹅	鹅	creature_raw.NAME[0]; singular; caste=-1; no CASTE_NAME or juvenile substitution	0xaa3bd0(race,out,plural=false,caste=-1); r9w==0xffff -> 0xaa3d69 -> 0xaa3d1e/0xaa3d36; creature_raw+0x20 NAME[0]
classic	data/vanilla/vanilla_creatures/objects/creature_domestic.txt	1754	YAK		NAME	1	yak	yak	牦牛	data/runtime/rulesets/zh-Hans/creatures/name.toml	牦牛	牦牛	creature_raw.NAME[0]; singular; caste=-1; no CASTE_NAME or juvenile substitution	0xaa3bd0(race,out,plural=false,caste=-1); r9w==0xffff -> 0xaa3d69 -> 0xaa3d1e/0xaa3d36; creature_raw+0x20 NAME[0]
classic	data/vanilla/vanilla_creatures/objects/creature_domestic.txt	1881	LLAMA		NAME	1	llama	llama	无峰驼	data/runtime/rulesets/zh-Hans/creatures/caste.toml | data/runtime/rulesets/zh-Hans/creatures/name.toml	无峰驼	骆马	creature_raw.NAME[0]; singular; caste=-1; no CASTE_NAME or juvenile substitution	0xaa3bd0(race,out,plural=false,caste=-1); r9w==0xffff -> 0xaa3d69 -> 0xaa3d1e/0xaa3d36; creature_raw+0x20 NAME[0]
classic	data/vanilla/vanilla_creatures/objects/creature_domestic.txt	2010	ALPACA		NAME	1	alpaca	alpaca	羊驼	data/runtime/rulesets/zh-Hans/creatures/caste.toml | data/runtime/rulesets/zh-Hans/creatures/name.toml	羊驼	羊驼	creature_raw.NAME[0]; singular; caste=-1; no CASTE_NAME or juvenile substitution	0xaa3bd0(race,out,plural=false,caste=-1); r9w==0xffff -> 0xaa3d69 -> 0xaa3d1e/0xaa3d36; creature_raw+0x20 NAME[0]
classic	data/vanilla/vanilla_creatures/objects/creature_domestic.txt	2137	BIRD_GUINEAFOWL		NAME	1	guineafowl	guineafowl	珍珠鸡	data/runtime/rulesets/zh-Hans/creatures/name.toml	珍珠鸡	珍珠鸡	creature_raw.NAME[0]; singular; caste=-1; no CASTE_NAME or juvenile substitution	0xaa3bd0(race,out,plural=false,caste=-1); r9w==0xffff -> 0xaa3d69 -> 0xaa3d1e/0xaa3d36; creature_raw+0x20 NAME[0]
classic	data/vanilla/vanilla_creatures/objects/creature_domestic.txt	2236	BIRD_PEAFOWL_BLUE		NAME	1	blue peafowl	blue peafowl	蓝孔雀	data/runtime/rulesets/zh-Hans/creatures/name.toml	蓝孔雀	蓝孔雀	creature_raw.NAME[0]; singular; caste=-1; no CASTE_NAME or juvenile substitution	0xaa3bd0(race,out,plural=false,caste=-1); r9w==0xffff -> 0xaa3d69 -> 0xaa3d1e/0xaa3d36; creature_raw+0x20 NAME[0]
classic	data/vanilla/vanilla_creatures/objects/creature_domestic.txt	2345	BIRD_TURKEY		NAME	1	turkey	turkey	火鸡	data/runtime/rulesets/zh-Hans/creatures/name.toml	火鸡	火鸡	creature_raw.NAME[0]; singular; caste=-1; no CASTE_NAME or juvenile substitution	0xaa3bd0(race,out,plural=false,caste=-1); r9w==0xffff -> 0xaa3d69 -> 0xaa3d1e/0xaa3d36; creature_raw+0x20 NAME[0]
classic	data/vanilla/vanilla_creatures/objects/creature_domestic.txt	2451	RABBIT		NAME	1	rabbit	rabbit	家兔	data/runtime/rulesets/zh-Hans/creatures/name.toml	兔	兔	creature_raw.NAME[0]; singular; caste=-1; no CASTE_NAME or juvenile substitution	0xaa3bd0(race,out,plural=false,caste=-1); r9w==0xffff -> 0xaa3d69 -> 0xaa3d1e/0xaa3d36; creature_raw+0x20 NAME[0]
classic	data/vanilla/vanilla_creatures/objects/creature_equipment.txt	7	EQUIPMENT_WAGON		NAME	1	wagon	wagon	货车	data/runtime/rulesets/zh-Hans/creatures/caste.toml | data/runtime/rulesets/zh-Hans/creatures/name.toml	货车	货车	creature_raw.NAME[0]; singular; caste=-1; no CASTE_NAME or juvenile substitution	0xaa3bd0(race,out,plural=false,caste=-1); r9w==0xffff -> 0xaa3d69 -> 0xaa3d1e/0xaa3d36; creature_raw+0x20 NAME[0]
classic	data/vanilla/vanilla_creatures/objects/creature_fanciful.txt	6	CHIMERA		NAME	1	chimera	chimera	奇美拉	data/runtime/rulesets/zh-Hans/creatures/name.toml	奇美拉	奇美拉	creature_raw.NAME[0]; singular; caste=-1; no CASTE_NAME or juvenile substitution	0xaa3bd0(race,out,plural=false,caste=-1); r9w==0xffff -> 0xaa3d69 -> 0xaa3d1e/0xaa3d36; creature_raw+0x20 NAME[0]
classic	data/vanilla/vanilla_creatures/objects/creature_fanciful.txt	14	CENTAUR		NAME	1	centaur	centaur	半人马	data/runtime/rulesets/zh-Hans/creatures/caste.toml | data/runtime/rulesets/zh-Hans/creatures/name.toml	半人马	半人马	creature_raw.NAME[0]; singular; caste=-1; no CASTE_NAME or juvenile substitution	0xaa3bd0(race,out,plural=false,caste=-1); r9w==0xffff -> 0xaa3d69 -> 0xaa3d1e/0xaa3d36; creature_raw+0x20 NAME[0]
classic	data/vanilla/vanilla_creatures/objects/creature_fanciful.txt	28	GRIFFON		NAME	1	griffon	griffon	狮鹫	data/runtime/rulesets/zh-Hans/creatures/caste.toml | data/runtime/rulesets/zh-Hans/creatures/name.toml	狮鹫	狮鹫	creature_raw.NAME[0]; singular; caste=-1; no CASTE_NAME or juvenile substitution	0xaa3bd0(race,out,plural=false,caste=-1); r9w==0xffff -> 0xaa3d69 -> 0xaa3d1e/0xaa3d36; creature_raw+0x20 NAME[0]
classic	data/vanilla/vanilla_creatures/objects/creature_insects.txt	7	FLY		NAME	1	fly	fly	苍蝇	data/runtime/rulesets/zh-Hans/creatures/caste.toml | data/runtime/rulesets/zh-Hans/creatures/name.toml	苍蝇	蝇	creature_raw.NAME[0]; singular; caste=-1; no CASTE_NAME or juvenile substitution	0xaa3bd0(race,out,plural=false,caste=-1); r9w==0xffff -> 0xaa3d69 -> 0xaa3d1e/0xaa3d36; creature_raw+0x20 NAME[0]
classic	data/vanilla/vanilla_creatures/objects/creature_insects.txt	77	FLY_MAN	SELECT_CASTE:ALL	NAME	1	fly man	fly man	苍蝇人	data/runtime/rulesets/zh-Hans/creatures/caste.toml | data/runtime/rulesets/zh-Hans/creatures/name.toml	苍蝇人	蝇人	creature_raw.NAME[0]; singular; caste=-1; no CASTE_NAME or juvenile substitution	0xaa3bd0(race,out,plural=false,caste=-1); r9w==0xffff -> 0xaa3d69 -> 0xaa3d1e/0xaa3d36; creature_raw+0x20 NAME[0]
classic	data/vanilla/vanilla_creatures/objects/creature_insects.txt	94	GIANT_FLY	SELECT_CASTE:ALL	NAME	1	giant fly	giant fly	巨型苍蝇	data/runtime/rulesets/zh-Hans/creatures/caste.toml | data/runtime/rulesets/zh-Hans/creatures/name.toml	巨型苍蝇	巨蝇	creature_raw.NAME[0]; singular; caste=-1; no CASTE_NAME or juvenile substitution	0xaa3bd0(race,out,plural=false,caste=-1); r9w==0xffff -> 0xaa3d69 -> 0xaa3d1e/0xaa3d36; creature_raw+0x20 NAME[0]
classic	data/vanilla/vanilla_creatures/objects/creature_insects.txt	113	ROACH_LARGE		NAME	1	large roach	large roach	大蟑螂	data/runtime/rulesets/zh-Hans/creatures/caste.toml | data/runtime/rulesets/zh-Hans/creatures/name.toml	大蟑螂	大蟑螂	creature_raw.NAME[0]; singular; caste=-1; no CASTE_NAME or juvenile substitution	0xaa3bd0(race,out,plural=false,caste=-1); r9w==0xffff -> 0xaa3d69 -> 0xaa3d1e/0xaa3d36; creature_raw+0x20 NAME[0]
classic	data/vanilla/vanilla_creatures/objects/creature_insects.txt	183	ROACH_MAN	SELECT_CASTE:ALL	NAME	1	roach man	roach man	蟑螂人	data/runtime/rulesets/zh-Hans/creatures/caste.toml | data/runtime/rulesets/zh-Hans/creatures/name.toml	蟑螂人	蟑螂人	creature_raw.NAME[0]; singular; caste=-1; no CASTE_NAME or juvenile substitution	0xaa3bd0(race,out,plural=false,caste=-1); r9w==0xffff -> 0xaa3d69 -> 0xaa3d1e/0xaa3d36; creature_raw+0x20 NAME[0]
classic	data/vanilla/vanilla_creatures/objects/creature_insects.txt	200	GIANT_ROACH	SELECT_CASTE:ALL	NAME	1	giant roach	giant roach	巨型蟑螂	data/runtime/rulesets/zh-Hans/creatures/caste.toml | data/runtime/rulesets/zh-Hans/creatures/name.toml	巨型蟑螂	巨蟑螂	creature_raw.NAME[0]; singular; caste=-1; no CASTE_NAME or juvenile substitution	0xaa3bd0(race,out,plural=false,caste=-1); r9w==0xffff -> 0xaa3d69 -> 0xaa3d1e/0xaa3d36; creature_raw+0x20 NAME[0]
classic	data/vanilla/vanilla_creatures/objects/creature_insects.txt	219	BEETLE		NAME	1	beetle	beetle	甲虫	data/runtime/rulesets/zh-Hans/creatures/caste.toml | data/runtime/rulesets/zh-Hans/creatures/name.toml	甲虫	甲虫	creature_raw.NAME[0]; singular; caste=-1; no CASTE_NAME or juvenile substitution	0xaa3bd0(race,out,plural=false,caste=-1); r9w==0xffff -> 0xaa3d69 -> 0xaa3d1e/0xaa3d36; creature_raw+0x20 NAME[0]
classic	data/vanilla/vanilla_creatures/objects/creature_insects.txt	286	BEETLE_MAN	SELECT_CASTE:ALL	NAME	1	beetle man	beetle man	甲虫人	data/runtime/rulesets/zh-Hans/creatures/caste.toml | data/runtime/rulesets/zh-Hans/creatures/name.toml	甲虫人	甲虫人	creature_raw.NAME[0]; singular; caste=-1; no CASTE_NAME or juvenile substitution	0xaa3bd0(race,out,plural=false,caste=-1); r9w==0xffff -> 0xaa3d69 -> 0xaa3d1e/0xaa3d36; creature_raw+0x20 NAME[0]
classic	data/vanilla/vanilla_creatures/objects/creature_insects.txt	303	GIANT_BEETLE	SELECT_CASTE:ALL	NAME	1	giant beetle	giant beetle	巨型甲虫	data/runtime/rulesets/zh-Hans/creatures/caste.toml | data/runtime/rulesets/zh-Hans/creatures/name.toml	巨型甲虫	巨甲虫	creature_raw.NAME[0]; singular; caste=-1; no CASTE_NAME or juvenile substitution	0xaa3bd0(race,out,plural=false,caste=-1); r9w==0xffff -> 0xaa3d69 -> 0xaa3d1e/0xaa3d36; creature_raw+0x20 NAME[0]
classic	data/vanilla/vanilla_creatures/objects/creature_insects.txt	321	ANT		NAME	1	ant	ant	蚂蚁	data/runtime/rulesets/zh-Hans/creatures/name.toml	蚂蚁	蚂蚁	creature_raw.NAME[0]; singular; caste=-1; no CASTE_NAME or juvenile substitution	0xaa3bd0(race,out,plural=false,caste=-1); r9w==0xffff -> 0xaa3d69 -> 0xaa3d1e/0xaa3d36; creature_raw+0x20 NAME[0]
classic	data/vanilla/vanilla_creatures/objects/creature_insects.txt	401	BUTTERFLY_MONARCH		NAME	1	monarch butterfly	monarch butterfly	帝王蝶	data/runtime/rulesets/zh-Hans/creatures/caste.toml | data/runtime/rulesets/zh-Hans/creatures/name.toml	帝王蝶	帝王蝶	creature_raw.NAME[0]; singular; caste=-1; no CASTE_NAME or juvenile substitution	0xaa3bd0(race,out,plural=false,caste=-1); r9w==0xffff -> 0xaa3d69 -> 0xaa3d1e/0xaa3d36; creature_raw+0x20 NAME[0]
classic	data/vanilla/vanilla_creatures/objects/creature_insects.txt	467	BUTTERFLY_MONARCH_MAN	SELECT_CASTE:ALL	NAME	1	monarch butterfly man	monarch butterfly man	帝王蝶人	data/runtime/rulesets/zh-Hans/creatures/caste.toml | data/runtime/rulesets/zh-Hans/creatures/name.toml	帝王蝶人	帝王蝶人	creature_raw.NAME[0]; singular; caste=-1; no CASTE_NAME or juvenile substitution	0xaa3bd0(race,out,plural=false,caste=-1); r9w==0xffff -> 0xaa3d69 -> 0xaa3d1e/0xaa3d36; creature_raw+0x20 NAME[0]
classic	data/vanilla/vanilla_creatures/objects/creature_insects.txt	484	GIANT_BUTTERFLY_MONARCH	SELECT_CASTE:ALL	NAME	1	giant monarch butterfly	giant monarch butterfly	巨型帝王蝶	data/runtime/rulesets/zh-Hans/creatures/caste.toml | data/runtime/rulesets/zh-Hans/creatures/name.toml	巨型帝王蝶	巨帝王蝶	creature_raw.NAME[0]; singular; caste=-1; no CASTE_NAME or juvenile substitution	0xaa3bd0(race,out,plural=false,caste=-1); r9w==0xffff -> 0xaa3d69 -> 0xaa3d1e/0xaa3d36; creature_raw+0x20 NAME[0]
classic	data/vanilla/vanilla_creatures/objects/creature_insects.txt	503	FIREFLY		NAME	1	firefly	firefly	萤火虫	data/runtime/rulesets/zh-Hans/creatures/caste.toml | data/runtime/rulesets/zh-Hans/creatures/name.toml	萤火虫	萤火虫	creature_raw.NAME[0]; singular; caste=-1; no CASTE_NAME or juvenile substitution	0xaa3bd0(race,out,plural=false,caste=-1); r9w==0xffff -> 0xaa3d69 -> 0xaa3d1e/0xaa3d36; creature_raw+0x20 NAME[0]
classic	data/vanilla/vanilla_creatures/objects/creature_insects.txt	572	FIREFLY_MAN	SELECT_CASTE:ALL	NAME	1	firefly man	firefly man	萤火虫人	data/runtime/rulesets/zh-Hans/creatures/caste.toml | data/runtime/rulesets/zh-Hans/creatures/name.toml	萤火虫人	萤火虫人	creature_raw.NAME[0]; singular; caste=-1; no CASTE_NAME or juvenile substitution	0xaa3bd0(race,out,plural=false,caste=-1); r9w==0xffff -> 0xaa3d69 -> 0xaa3d1e/0xaa3d36; creature_raw+0x20 NAME[0]
classic	data/vanilla/vanilla_creatures/objects/creature_insects.txt	589	GIANT_FIREFLY	SELECT_CASTE:ALL	NAME	1	giant firefly	giant firefly	巨型萤火虫	data/runtime/rulesets/zh-Hans/creatures/caste.toml | data/runtime/rulesets/zh-Hans/creatures/name.toml	巨型萤火虫	巨萤火虫	creature_raw.NAME[0]; singular; caste=-1; no CASTE_NAME or juvenile substitution	0xaa3bd0(race,out,plural=false,caste=-1); r9w==0xffff -> 0xaa3d69 -> 0xaa3d1e/0xaa3d36; creature_raw+0x20 NAME[0]
classic	data/vanilla/vanilla_creatures/objects/creature_insects.txt	608	DRAGONFLY		NAME	1	dragonfly	dragonfly	蜻蜓	data/runtime/rulesets/zh-Hans/creatures/caste.toml | data/runtime/rulesets/zh-Hans/creatures/name.toml	蜻蜓	蜻蜓	creature_raw.NAME[0]; singular; caste=-1; no CASTE_NAME or juvenile substitution	0xaa3bd0(race,out,plural=false,caste=-1); r9w==0xffff -> 0xaa3d69 -> 0xaa3d1e/0xaa3d36; creature_raw+0x20 NAME[0]
classic	data/vanilla/vanilla_creatures/objects/creature_insects.txt	675	DRAGONFLY_MAN	SELECT_CASTE:ALL	NAME	1	dragonfly man	dragonfly man	蜻蜓人	data/runtime/rulesets/zh-Hans/creatures/caste.toml | data/runtime/rulesets/zh-Hans/creatures/name.toml	蜻蜓人	蜻蜓人	creature_raw.NAME[0]; singular; caste=-1; no CASTE_NAME or juvenile substitution	0xaa3bd0(race,out,plural=false,caste=-1); r9w==0xffff -> 0xaa3d69 -> 0xaa3d1e/0xaa3d36; creature_raw+0x20 NAME[0]
classic	data/vanilla/vanilla_creatures/objects/creature_insects.txt	692	GIANT_DRAGONFLY	SELECT_CASTE:ALL	NAME	1	giant dragonfly	giant dragonfly	巨型蜻蜓	data/runtime/rulesets/zh-Hans/creatures/caste.toml | data/runtime/rulesets/zh-Hans/creatures/name.toml	巨型蜻蜓	巨蜻蜓	creature_raw.NAME[0]; singular; caste=-1; no CASTE_NAME or juvenile substitution	0xaa3bd0(race,out,plural=false,caste=-1); r9w==0xffff -> 0xaa3d69 -> 0xaa3d1e/0xaa3d36; creature_raw+0x20 NAME[0]
classic	data/vanilla/vanilla_creatures/objects/creature_insects.txt	718	HONEY_BEE		NAME	1	honey bee	honey bee	蜜蜂	data/runtime/rulesets/zh-Hans/creatures/name.toml	蜜蜂	蜜蜂	creature_raw.NAME[0]; singular; caste=-1; no CASTE_NAME or juvenile substitution	0xaa3bd0(race,out,plural=false,caste=-1); r9w==0xffff -> 0xaa3d69 -> 0xaa3d1e/0xaa3d36; creature_raw+0x20 NAME[0]
classic	data/vanilla/vanilla_creatures/objects/creature_insects.txt	843	BUMBLEBEE		NAME	1	bumblebee	bumblebee	大黄蜂	data/runtime/rulesets/zh-Hans/creatures/name.toml	大黄蜂	熊蜂	creature_raw.NAME[0]; singular; caste=-1; no CASTE_NAME or juvenile substitution	0xaa3bd0(race,out,plural=false,caste=-1); r9w==0xffff -> 0xaa3d69 -> 0xaa3d1e/0xaa3d36; creature_raw+0x20 NAME[0]
classic	data/vanilla/vanilla_creatures/objects/creature_large_mountain.txt	7	GOAT_MOUNTAIN		NAME	1	mountain goat	mountain goat	雪羊	data/runtime/rulesets/zh-Hans/creatures/caste.toml | data/runtime/rulesets/zh-Hans/creatures/name.toml	雪羊	雪羊	creature_raw.NAME[0]; singular; caste=-1; no CASTE_NAME or juvenile substitution	0xaa3bd0(race,out,plural=false,caste=-1); r9w==0xffff -> 0xaa3d69 -> 0xaa3d1e/0xaa3d36; creature_raw+0x20 NAME[0]
classic	data/vanilla/vanilla_creatures/objects/creature_large_mountain.txt	127	GOAT_MOUNTAIN_MAN	SELECT_CASTE:ALL	NAME	1	mountain goat man	mountain goat man	雪羊人	data/runtime/rulesets/zh-Hans/creatures/caste.toml | data/runtime/rulesets/zh-Hans/creatures/name.toml	雪羊人	雪羊人	creature_raw.NAME[0]; singular; caste=-1; no CASTE_NAME or juvenile substitution	0xaa3bd0(race,out,plural=false,caste=-1); r9w==0xffff -> 0xaa3d69 -> 0xaa3d1e/0xaa3d36; creature_raw+0x20 NAME[0]
classic	data/vanilla/vanilla_creatures/objects/creature_large_mountain.txt	144	GIANT_GOAT_MOUNTAIN	SELECT_CASTE:ALL	NAME	1	giant mountain goat	giant mountain goat	巨型雪羊	data/runtime/rulesets/zh-Hans/creatures/caste.toml | data/runtime/rulesets/zh-Hans/creatures/name.toml	巨型雪羊	巨雪羊	creature_raw.NAME[0]; singular; caste=-1; no CASTE_NAME or juvenile substitution	0xaa3bd0(race,out,plural=false,caste=-1); r9w==0xffff -> 0xaa3d69 -> 0xaa3d1e/0xaa3d36; creature_raw+0x20 NAME[0]
classic	data/vanilla/vanilla_creatures/objects/creature_large_mountain.txt	165	MARMOT_HOARY		NAME	1	hoary marmot	hoary marmot	花白旱獭	data/runtime/rulesets/zh-Hans/creatures/caste.toml | data/runtime/rulesets/zh-Hans/creatures/name.toml	花白旱獭	花白旱獭	creature_raw.NAME[0]; singular; caste=-1; no CASTE_NAME or juvenile substitution	0xaa3bd0(race,out,plural=false,caste=-1); r9w==0xffff -> 0xaa3d69 -> 0xaa3d1e/0xaa3d36; creature_raw+0x20 NAME[0]
classic	data/vanilla/vanilla_creatures/objects/creature_large_mountain.txt	275	MARMOT_HOARY_MAN	SELECT_CASTE:ALL	NAME	1	hoary marmot man	hoary marmot man	花白旱獭人	data/runtime/rulesets/zh-Hans/creatures/caste.toml | data/runtime/rulesets/zh-Hans/creatures/name.toml	花白旱獭人	花白旱獭人	creature_raw.NAME[0]; singular; caste=-1; no CASTE_NAME or juvenile substitution	0xaa3bd0(race,out,plural=false,caste=-1); r9w==0xffff -> 0xaa3d69 -> 0xaa3d1e/0xaa3d36; creature_raw+0x20 NAME[0]
classic	data/vanilla/vanilla_creatures/objects/creature_large_mountain.txt	294	GIANT_MARMOT_HOARY	SELECT_CASTE:ALL	NAME	1	giant hoary marmot	giant hoary marmot	巨型花白旱獭	data/runtime/rulesets/zh-Hans/creatures/caste.toml | data/runtime/rulesets/zh-Hans/creatures/name.toml	巨型花白旱獭	巨花白旱獭	creature_raw.NAME[0]; singular; caste=-1; no CASTE_NAME or juvenile substitution	0xaa3bd0(race,out,plural=false,caste=-1); r9w==0xffff -> 0xaa3d69 -> 0xaa3d1e/0xaa3d36; creature_raw+0x20 NAME[0]
classic	data/vanilla/vanilla_creatures/objects/creature_large_mountain.txt	313	GNOME_MOUNTAIN		NAME	1	mountain gnome	mountain gnome	山岭地精	data/runtime/rulesets/zh-Hans/creatures/caste.toml | data/runtime/rulesets/zh-Hans/creatures/name.toml	山岭地精	山地精;山地精	creature_raw.NAME[0]; singular; caste=-1; no CASTE_NAME or juvenile substitution	0xaa3bd0(race,out,plural=false,caste=-1); r9w==0xffff -> 0xaa3d69 -> 0xaa3d1e/0xaa3d36; creature_raw+0x20 NAME[0]
classic	data/vanilla/vanilla_creatures/objects/creature_large_mountain.txt	557	GNOME_DARK		NAME	1	dark gnome	dark gnome	黑暗地精	data/runtime/rulesets/zh-Hans/creatures/caste.toml | data/runtime/rulesets/zh-Hans/creatures/name.toml	黑暗地精	黑暗侏儒	creature_raw.NAME[0]; singular; caste=-1; no CASTE_NAME or juvenile substitution	0xaa3bd0(race,out,plural=false,caste=-1); r9w==0xffff -> 0xaa3d69 -> 0xaa3d1e/0xaa3d36; creature_raw+0x20 NAME[0]
classic	data/vanilla/vanilla_creatures/objects/creature_large_ocean.txt	7	WALRUS		NAME	1	walrus	walrus	海象	data/runtime/rulesets/zh-Hans/creatures/caste.toml | data/runtime/rulesets/zh-Hans/creatures/name.toml	海象	海象	creature_raw.NAME[0]; singular; caste=-1; no CASTE_NAME or juvenile substitution	0xaa3bd0(race,out,plural=false,caste=-1); r9w==0xffff -> 0xaa3d69 -> 0xaa3d1e/0xaa3d36; creature_raw+0x20 NAME[0]
classic	data/vanilla/vanilla_creatures/objects/creature_large_ocean.txt	97	WALRUS_MAN	SELECT_CASTE:ALL	NAME	1	walrus man	walrus man	海象人	data/runtime/rulesets/zh-Hans/creatures/caste.toml | data/runtime/rulesets/zh-Hans/creatures/name.toml	海象人	海象人	creature_raw.NAME[0]; singular; caste=-1; no CASTE_NAME or juvenile substitution	0xaa3bd0(race,out,plural=false,caste=-1); r9w==0xffff -> 0xaa3d69 -> 0xaa3d1e/0xaa3d36; creature_raw+0x20 NAME[0]
classic	data/vanilla/vanilla_creatures/objects/creature_large_ocean.txt	114	GIANT_WALRUS	SELECT_CASTE:ALL	NAME	1	giant walrus	giant walrus	巨型海象	data/runtime/rulesets/zh-Hans/creatures/caste.toml | data/runtime/rulesets/zh-Hans/creatures/name.toml	巨型海象	巨海象	creature_raw.NAME[0]; singular; caste=-1; no CASTE_NAME or juvenile substitution	0xaa3bd0(race,out,plural=false,caste=-1); r9w==0xffff -> 0xaa3d69 -> 0xaa3d1e/0xaa3d36; creature_raw+0x20 NAME[0]
classic	data/vanilla/vanilla_creatures/objects/creature_large_ocean.txt	134	FISH_LAMPREY_SEA		NAME	1	sea lamprey	sea lamprey	海七鳃鳗	data/runtime/rulesets/zh-Hans/creatures/caste.toml | data/runtime/rulesets/zh-Hans/creatures/name.toml	海七鳃鳗	七鳃鳗	creature_raw.NAME[0]; singular; caste=-1; no CASTE_NAME or juvenile substitution	0xaa3bd0(race,out,plural=false,caste=-1); r9w==0xffff -> 0xaa3d69 -> 0xaa3d1e/0xaa3d36; creature_raw+0x20 NAME[0]
classic	data/vanilla/vanilla_creatures/objects/creature_large_ocean.txt	220	SHARK_GREAT_WHITE		NAME	1	great white shark	great white shark	大白鲨	data/runtime/rulesets/zh-Hans/creatures/caste.toml | data/runtime/rulesets/zh-Hans/creatures/name.toml	大白鲨	大白鲨	creature_raw.NAME[0]; singular; caste=-1; no CASTE_NAME or juvenile substitution	0xaa3bd0(race,out,plural=false,caste=-1); r9w==0xffff -> 0xaa3d69 -> 0xaa3d1e/0xaa3d36; creature_raw+0x20 NAME[0]
classic	data/vanilla/vanilla_creatures/objects/creature_large_ocean.txt	300	SHARK_FRILL		NAME	1	frill shark	frill shark	皱鳃鲨	data/runtime/rulesets/zh-Hans/creatures/caste.toml | data/runtime/rulesets/zh-Hans/creatures/name.toml	皱鳃鲨	皱鳃鲨	creature_raw.NAME[0]; singular; caste=-1; no CASTE_NAME or juvenile substitution	0xaa3bd0(race,out,plural=false,caste=-1); r9w==0xffff -> 0xaa3d69 -> 0xaa3d1e/0xaa3d36; creature_raw+0x20 NAME[0]
classic	data/vanilla/vanilla_creatures/objects/creature_large_ocean.txt	380	SHARK_SPINY_DOGFISH		NAME	1	spiny dogfish	spiny dogfish	白斑角鲨	data/runtime/rulesets/zh-Hans/creatures/caste.toml | data/runtime/rulesets/zh-Hans/creatures/name.toml	白斑角鲨	白斑角鲨	creature_raw.NAME[0]; singular; caste=-1; no CASTE_NAME or juvenile substitution	0xaa3bd0(race,out,plural=false,caste=-1); r9w==0xffff -> 0xaa3d69 -> 0xaa3d1e/0xaa3d36; creature_raw+0x20 NAME[0]
classic	data/vanilla/vanilla_creatures/objects/creature_large_ocean.txt	460	SHARK_WOBBEGONG_SPOTTED		NAME	1	spotted wobbegong	spotted wobbegong	斑纹须鲨	data/runtime/rulesets/zh-Hans/creatures/caste.toml | data/runtime/rulesets/zh-Hans/creatures/name.toml	斑纹须鲨	斑纹须鲨	creature_raw.NAME[0]; singular; caste=-1; no CASTE_NAME or juvenile substitution	0xaa3bd0(race,out,plural=false,caste=-1); r9w==0xffff -> 0xaa3d69 -> 0xaa3d1e/0xaa3d36; creature_raw+0x20 NAME[0]
classic	data/vanilla/vanilla_creatures/objects/creature_large_ocean.txt	540	SHARK_WHALE		NAME	1	whale shark	whale shark	鲸鲨	data/runtime/rulesets/zh-Hans/creatures/caste.toml | data/runtime/rulesets/zh-Hans/creatures/name.toml	鲸鲨	鲸鲨	creature_raw.NAME[0]; singular; caste=-1; no CASTE_NAME or juvenile substitution	0xaa3bd0(race,out,plural=false,caste=-1); r9w==0xffff -> 0xaa3d69 -> 0xaa3d1e/0xaa3d36; creature_raw+0x20 NAME[0]
classic	data/vanilla/vanilla_creatures/objects/creature_large_ocean.txt	610	SHARK_BASKING		NAME	1	basking shark	basking shark	姥鲨	data/runtime/rulesets/zh-Hans/creatures/caste.toml | data/runtime/rulesets/zh-Hans/creatures/name.toml	姥鲨	姥鲨	creature_raw.NAME[0]; singular; caste=-1; no CASTE_NAME or juvenile substitution	0xaa3bd0(race,out,plural=false,caste=-1); r9w==0xffff -> 0xaa3d69 -> 0xaa3d1e/0xaa3d36; creature_raw+0x20 NAME[0]
classic	data/vanilla/vanilla_creatures/objects/creature_large_ocean.txt	680	SHARK_NURSE		NAME	1	nurse shark	nurse shark	铰口鲨	data/runtime/rulesets/zh-Hans/creatures/caste.toml | data/runtime/rulesets/zh-Hans/creatures/name.toml	铰口鲨	铰口鲨	creature_raw.NAME[0]; singular; caste=-1; no CASTE_NAME or juvenile substitution	0xaa3bd0(race,out,plural=false,caste=-1); r9w==0xffff -> 0xaa3d69 -> 0xaa3d1e/0xaa3d36; creature_raw+0x20 NAME[0]
classic	data/vanilla/vanilla_creatures/objects/creature_large_ocean.txt	759	SHARK_MAKO_SHORTFIN		NAME	1	shortfin mako shark	shortfin mako shark	短鳍鲭鲨	data/runtime/rulesets/zh-Hans/creatures/caste.toml | data/runtime/rulesets/zh-Hans/creatures/name.toml	短鳍鲭鲨	尖吻鲭鲨	creature_raw.NAME[0]; singular; caste=-1; no CASTE_NAME or juvenile substitution	0xaa3bd0(race,out,plural=false,caste=-1); r9w==0xffff -> 0xaa3d69 -> 0xaa3d1e/0xaa3d36; creature_raw+0x20 NAME[0]
classic	data/vanilla/vanilla_creatures/objects/creature_large_ocean.txt	839	SHARK_MAKO_LONGFIN		NAME	1	longfin mako shark	longfin mako shark	长鳍鲭鲨	data/runtime/rulesets/zh-Hans/creatures/caste.toml | data/runtime/rulesets/zh-Hans/creatures/name.toml	长鳍鲭鲨	长鳍鲭鲨	creature_raw.NAME[0]; singular; caste=-1; no CASTE_NAME or juvenile substitution	0xaa3bd0(race,out,plural=false,caste=-1); r9w==0xffff -> 0xaa3d69 -> 0xaa3d1e/0xaa3d36; creature_raw+0x20 NAME[0]
classic	data/vanilla/vanilla_creatures/objects/creature_large_ocean.txt	919	SHARK_TIGER		NAME	1	tiger shark	tiger shark	虎鲨	data/runtime/rulesets/zh-Hans/creatures/caste.toml | data/runtime/rulesets/zh-Hans/creatures/name.toml	虎鲨	鼬鲨	creature_raw.NAME[0]; singular; caste=-1; no CASTE_NAME or juvenile substitution	0xaa3bd0(race,out,plural=false,caste=-1); r9w==0xffff -> 0xaa3d69 -> 0xaa3d1e/0xaa3d36; creature_raw+0x20 NAME[0]
classic	data/vanilla/vanilla_creatures/objects/creature_large_ocean.txt	998	SHARK_BULL		NAME	1	bull shark	bull shark	牛鲨	data/runtime/rulesets/zh-Hans/creatures/caste.toml | data/runtime/rulesets/zh-Hans/creatures/name.toml	牛鲨	公牛鲨	creature_raw.NAME[0]; singular; caste=-1; no CASTE_NAME or juvenile substitution	0xaa3bd0(race,out,plural=false,caste=-1); r9w==0xffff -> 0xaa3d69 -> 0xaa3d1e/0xaa3d36; creature_raw+0x20 NAME[0]
classic	data/vanilla/vanilla_creatures/objects/creature_large_ocean.txt	1077	SHARK_REEF_BLACKTIP		NAME	1	blacktip reef shark	blacktip reef shark	黑鳍礁鲨	data/runtime/rulesets/zh-Hans/creatures/caste.toml | data/runtime/rulesets/zh-Hans/creatures/name.toml	黑鳍礁鲨	乌翅真鲨	creature_raw.NAME[0]; singular; caste=-1; no CASTE_NAME or juvenile substitution	0xaa3bd0(race,out,plural=false,caste=-1); r9w==0xffff -> 0xaa3d69 -> 0xaa3d1e/0xaa3d36; creature_raw+0x20 NAME[0]
classic	data/vanilla/vanilla_creatures/objects/creature_large_ocean.txt	1157	SHARK_REEF_WHITETIP		NAME	1	whitetip reef shark	whitetip reef shark	白鳍礁鲨	data/runtime/rulesets/zh-Hans/creatures/caste.toml | data/runtime/rulesets/zh-Hans/creatures/name.toml	白鳍礁鲨	灰三齿鲨	creature_raw.NAME[0]; singular; caste=-1; no CASTE_NAME or juvenile substitution	0xaa3bd0(race,out,plural=false,caste=-1); r9w==0xffff -> 0xaa3d69 -> 0xaa3d1e/0xaa3d36; creature_raw+0x20 NAME[0]
classic	data/vanilla/vanilla_creatures/objects/creature_large_ocean.txt	1236	SHARK_BLUE		NAME	1	blue shark	blue shark	大青鲨	data/runtime/rulesets/zh-Hans/creatures/caste.toml | data/runtime/rulesets/zh-Hans/creatures/name.toml	大青鲨	大青鲨	creature_raw.NAME[0]; singular; caste=-1; no CASTE_NAME or juvenile substitution	0xaa3bd0(race,out,plural=false,caste=-1); r9w==0xffff -> 0xaa3d69 -> 0xaa3d1e/0xaa3d36; creature_raw+0x20 NAME[0]
classic	data/vanilla/vanilla_creatures/objects/creature_large_ocean.txt	1315	SHARK_HAMMERHEAD		NAME	1	hammerhead shark	hammerhead shark	锤头鲨	data/runtime/rulesets/zh-Hans/creatures/caste.toml | data/runtime/rulesets/zh-Hans/creatures/name.toml	锤头鲨	双髻鲨	creature_raw.NAME[0]; singular; caste=-1; no CASTE_NAME or juvenile substitution	0xaa3bd0(race,out,plural=false,caste=-1); r9w==0xffff -> 0xaa3d69 -> 0xaa3d1e/0xaa3d36; creature_raw+0x20 NAME[0]
classic	data/vanilla/vanilla_creatures/objects/creature_large_ocean.txt	1395	SHARK_ANGEL		NAME	1	angelshark	angelshark	扁鲨	data/runtime/rulesets/zh-Hans/creatures/caste.toml | data/runtime/rulesets/zh-Hans/creatures/name.toml	扁鲨	扁鲨	creature_raw.NAME[0]; singular; caste=-1; no CASTE_NAME or juvenile substitution	0xaa3bd0(race,out,plural=false,caste=-1); r9w==0xffff -> 0xaa3d69 -> 0xaa3d1e/0xaa3d36; creature_raw+0x20 NAME[0]
classic	data/vanilla/vanilla_creatures/objects/creature_large_ocean.txt	1475	FISH_SKATE_COMMON		NAME	1	common skate	common skate	鳐鱼	data/runtime/rulesets/zh-Hans/creatures/caste.toml | data/runtime/rulesets/zh-Hans/creatures/name.toml	鳐鱼	无鳍鳐	creature_raw.NAME[0]; singular; caste=-1; no CASTE_NAME or juvenile substitution	0xaa3bd0(race,out,plural=false,caste=-1); r9w==0xffff -> 0xaa3d69 -> 0xaa3d1e/0xaa3d36; creature_raw+0x20 NAME[0]
classic	data/vanilla/vanilla_creatures/objects/creature_large_ocean.txt	1547	FISH_RAY_MANTA		NAME	1	manta ray	manta ray	蝠鲼	data/runtime/rulesets/zh-Hans/creatures/caste.toml | data/runtime/rulesets/zh-Hans/creatures/name.toml	蝠鲼	蝠鲼	creature_raw.NAME[0]; singular; caste=-1; no CASTE_NAME or juvenile substitution	0xaa3bd0(race,out,plural=false,caste=-1); r9w==0xffff -> 0xaa3d69 -> 0xaa3d1e/0xaa3d36; creature_raw+0x20 NAME[0]
classic	data/vanilla/vanilla_creatures/objects/creature_large_ocean.txt	1609	FISH_STINGRAY		NAME	1	stingray	stingray	刺魟	data/runtime/rulesets/zh-Hans/creatures/caste.toml | data/runtime/rulesets/zh-Hans/creatures/name.toml	刺魟	𫚉鱼	creature_raw.NAME[0]; singular; caste=-1; no CASTE_NAME or juvenile substitution	0xaa3bd0(race,out,plural=false,caste=-1); r9w==0xffff -> 0xaa3d69 -> 0xaa3d1e/0xaa3d36; creature_raw+0x20 NAME[0]
classic	data/vanilla/vanilla_creatures/objects/creature_large_ocean.txt	1687	FISH_COELACANTH		NAME	1	coelacanth	coelacanth	腔棘鱼	data/runtime/rulesets/zh-Hans/creatures/caste.toml | data/runtime/rulesets/zh-Hans/creatures/name.toml	腔棘鱼	腔棘鱼	creature_raw.NAME[0]; singular; caste=-1; no CASTE_NAME or juvenile substitution	0xaa3bd0(race,out,plural=false,caste=-1); r9w==0xffff -> 0xaa3d69 -> 0xaa3d1e/0xaa3d36; creature_raw+0x20 NAME[0]
classic	data/vanilla/vanilla_creatures/objects/creature_large_ocean.txt	1769	FISH_STURGEON		NAME	1	sturgeon	sturgeon	鲟鱼	data/runtime/rulesets/zh-Hans/creatures/caste.toml | data/runtime/rulesets/zh-Hans/creatures/name.toml	鲟鱼	鲟	creature_raw.NAME[0]; singular; caste=-1; no CASTE_NAME or juvenile substitution	0xaa3bd0(race,out,plural=false,caste=-1); r9w==0xffff -> 0xaa3d69 -> 0xaa3d1e/0xaa3d36; creature_raw+0x20 NAME[0]
classic	data/vanilla/vanilla_creatures/objects/creature_large_ocean.txt	1855	FISH_CONGER_EEL		NAME	1	conger eel	conger eel	康吉鳗	data/runtime/rulesets/zh-Hans/creatures/caste.toml | data/runtime/rulesets/zh-Hans/creatures/name.toml	康吉鳗	康吉鳗	creature_raw.NAME[0]; singular; caste=-1; no CASTE_NAME or juvenile substitution	0xaa3bd0(race,out,plural=false,caste=-1); r9w==0xffff -> 0xaa3d69 -> 0xaa3d1e/0xaa3d36; creature_raw+0x20 NAME[0]
classic	data/vanilla/vanilla_creatures/objects/creature_large_ocean.txt	1924	FISH_MILKFISH		NAME	1	milkfish	milkfish	遮目鱼	data/runtime/rulesets/zh-Hans/creatures/caste.toml | data/runtime/rulesets/zh-Hans/creatures/name.toml	遮目鱼	遮目鱼	creature_raw.NAME[0]; singular; caste=-1; no CASTE_NAME or juvenile substitution	0xaa3bd0(race,out,plural=false,caste=-1); r9w==0xffff -> 0xaa3d69 -> 0xaa3d1e/0xaa3d36; creature_raw+0x20 NAME[0]
classic	data/vanilla/vanilla_creatures/objects/creature_large_ocean.txt	2013	FISH_COD		NAME	1	cod	cod	鳕鱼	data/runtime/rulesets/zh-Hans/creatures/caste.toml | data/runtime/rulesets/zh-Hans/creatures/name.toml	鳕鱼	鳕鱼	creature_raw.NAME[0]; singular; caste=-1; no CASTE_NAME or juvenile substitution	0xaa3bd0(race,out,plural=false,caste=-1); r9w==0xffff -> 0xaa3d69 -> 0xaa3d1e/0xaa3d36; creature_raw+0x20 NAME[0]
classic	data/vanilla/vanilla_creatures/objects/creature_large_ocean.txt	2097	FISH_OPAH		NAME	1	opah	opah	圆月鱼	data/runtime/rulesets/zh-Hans/creatures/caste.toml | data/runtime/rulesets/zh-Hans/creatures/name.toml	圆月鱼	圆月鱼	creature_raw.NAME[0]; singular; caste=-1; no CASTE_NAME or juvenile substitution	0xaa3bd0(race,out,plural=false,caste=-1); r9w==0xffff -> 0xaa3d69 -> 0xaa3d1e/0xaa3d36; creature_raw+0x20 NAME[0]
classic	data/vanilla/vanilla_creatures/objects/creature_large_ocean.txt	2180	FISH_GROUPER_GIANT		NAME	1	giant grouper	giant grouper	巨型石斑鱼	data/runtime/rulesets/zh-Hans/creatures/caste.toml | data/runtime/rulesets/zh-Hans/creatures/name.toml	巨型石斑鱼	鞍带石斑鱼	creature_raw.NAME[0]; singular; caste=-1; no CASTE_NAME or juvenile substitution	0xaa3bd0(race,out,plural=false,caste=-1); r9w==0xffff -> 0xaa3d69 -> 0xaa3d1e/0xaa3d36; creature_raw+0x20 NAME[0]
classic	data/vanilla/vanilla_creatures/objects/creature_large_ocean.txt	2262	FISH_BLUEFISH		NAME	1	bluefish	bluefish	扁鲹	data/runtime/rulesets/zh-Hans/creatures/caste.toml | data/runtime/rulesets/zh-Hans/creatures/name.toml	扁鲹	 扁鲹	creature_raw.NAME[0]; singular; caste=-1; no CASTE_NAME or juvenile substitution	0xaa3bd0(race,out,plural=false,caste=-1); r9w==0xffff -> 0xaa3d69 -> 0xaa3d1e/0xaa3d36; creature_raw+0x20 NAME[0]
classic	data/vanilla/vanilla_creatures/objects/creature_large_ocean.txt	2346	FISH_SUNFISH_OCEAN		NAME	1	ocean sunfish	ocean sunfish	翻车鲀	data/runtime/rulesets/zh-Hans/creatures/caste.toml | data/runtime/rulesets/zh-Hans/creatures/name.toml	翻车鲀	 翻车鲀	creature_raw.NAME[0]; singular; caste=-1; no CASTE_NAME or juvenile substitution	0xaa3bd0(race,out,plural=false,caste=-1); r9w==0xffff -> 0xaa3d69 -> 0xaa3d1e/0xaa3d36; creature_raw+0x20 NAME[0]
classic	data/vanilla/vanilla_creatures/objects/creature_large_ocean.txt	2430	FISH_SWORDFISH		NAME	1	swordfish	swordfish	剑鱼	data/runtime/rulesets/zh-Hans/creatures/caste.toml | data/runtime/rulesets/zh-Hans/creatures/name.toml	剑鱼	 剑鱼	creature_raw.NAME[0]; singular; caste=-1; no CASTE_NAME or juvenile substitution	0xaa3bd0(race,out,plural=false,caste=-1); r9w==0xffff -> 0xaa3d69 -> 0xaa3d1e/0xaa3d36; creature_raw+0x20 NAME[0]
classic	data/vanilla/vanilla_creatures/objects/creature_large_ocean.txt	2514	FISH_MARLIN		NAME	1	marlin	marlin	枪鱼	data/runtime/rulesets/zh-Hans/creatures/caste.toml | data/runtime/rulesets/zh-Hans/creatures/name.toml	枪鱼	 枪鱼	creature_raw.NAME[0]; singular; caste=-1; no CASTE_NAME or juvenile substitution	0xaa3bd0(race,out,plural=false,caste=-1); r9w==0xffff -> 0xaa3d69 -> 0xaa3d1e/0xaa3d36; creature_raw+0x20 NAME[0]
classic	data/vanilla/vanilla_creatures/objects/creature_large_ocean.txt	2598	FISH_HALIBUT		NAME	1	halibut	halibut	大比目鱼	data/runtime/rulesets/zh-Hans/creatures/caste.toml | data/runtime/rulesets/zh-Hans/creatures/name.toml	大比目鱼	 大比目鱼	creature_raw.NAME[0]; singular; caste=-1; no CASTE_NAME or juvenile substitution	0xaa3bd0(race,out,plural=false,caste=-1); r9w==0xffff -> 0xaa3d69 -> 0xaa3d1e/0xaa3d36; creature_raw+0x20 NAME[0]
classic	data/vanilla/vanilla_creatures/objects/creature_large_ocean.txt	2681	FISH_BARRACUDA_GREAT		NAME	1	great barracuda	great barracuda	大梭鱼	data/runtime/rulesets/zh-Hans/creatures/caste.toml | data/runtime/rulesets/zh-Hans/creatures/name.toml	大梭鱼	 大梭鱼	creature_raw.NAME[0]; singular; caste=-1; no CASTE_NAME or juvenile substitution	0xaa3bd0(race,out,plural=false,caste=-1); r9w==0xffff -> 0xaa3d69 -> 0xaa3d1e/0xaa3d36; creature_raw+0x20 NAME[0]
classic	data/vanilla/vanilla_creatures/objects/creature_large_ocean.txt	2766	FISH_TUNA_BLUEFIN		NAME	1	bluefin tuna	bluefin tuna	蓝鳍金枪鱼	data/runtime/rulesets/zh-Hans/creatures/caste.toml | data/runtime/rulesets/zh-Hans/creatures/name.toml	蓝鳍金枪鱼	 蓝鳍金枪鱼	creature_raw.NAME[0]; singular; caste=-1; no CASTE_NAME or juvenile substitution	0xaa3bd0(race,out,plural=false,caste=-1); r9w==0xffff -> 0xaa3d69 -> 0xaa3d1e/0xaa3d36; creature_raw+0x20 NAME[0]
classic	data/vanilla/vanilla_creatures/objects/creature_large_ocean.txt	2859	NARWHAL		NAME	1	narwhal	narwhal	独角鲸	data/runtime/rulesets/zh-Hans/creatures/caste.toml | data/runtime/rulesets/zh-Hans/creatures/name.toml	独角鲸	 独角鲸	creature_raw.NAME[0]; singular; caste=-1; no CASTE_NAME or juvenile substitution	0xaa3bd0(race,out,plural=false,caste=-1); r9w==0xffff -> 0xaa3d69 -> 0xaa3d1e/0xaa3d36; creature_raw+0x20 NAME[0]
classic	data/vanilla/vanilla_creatures/objects/creature_large_ocean.txt	2967	NARWHAL MAN	SELECT_CASTE:ALL	NAME	1	narwhal man	narwhal man	独角鲸人	data/runtime/rulesets/zh-Hans/creatures/caste.toml | data/runtime/rulesets/zh-Hans/creatures/name.toml	独角鲸人	独角鲸人	creature_raw.NAME[0]; singular; caste=-1; no CASTE_NAME or juvenile substitution	0xaa3bd0(race,out,plural=false,caste=-1); r9w==0xffff -> 0xaa3d69 -> 0xaa3d1e/0xaa3d36; creature_raw+0x20 NAME[0]
classic	data/vanilla/vanilla_creatures/objects/creature_large_ocean.txt	2983	NARWHAL, GIANT		NAME	1	giant narwhal	giant narwhal	巨型独角鲸	data/runtime/rulesets/zh-Hans/creatures/caste.toml | data/runtime/rulesets/zh-Hans/creatures/name.toml	巨型独角鲸	巨型独角鲸	creature_raw.NAME[0]; singular; caste=-1; no CASTE_NAME or juvenile substitution	0xaa3bd0(race,out,plural=false,caste=-1); r9w==0xffff -> 0xaa3d69 -> 0xaa3d1e/0xaa3d36; creature_raw+0x20 NAME[0]
classic	data/vanilla/vanilla_creatures/objects/creature_large_riverlake.txt	7	HIPPO		NAME	1	hippo	hippo	河马	data/runtime/rulesets/zh-Hans/creatures/caste.toml | data/runtime/rulesets/zh-Hans/creatures/name.toml	河马	河马	creature_raw.NAME[0]; singular; caste=-1; no CASTE_NAME or juvenile substitution	0xaa3bd0(race,out,plural=false,caste=-1); r9w==0xffff -> 0xaa3d69 -> 0xaa3d1e/0xaa3d36; creature_raw+0x20 NAME[0]
classic	data/vanilla/vanilla_creatures/objects/creature_large_riverlake.txt	115	HIPPO_MAN	SELECT_CASTE:ALL	NAME	1	hippo man	hippo man	河马人	data/runtime/rulesets/zh-Hans/creatures/caste.toml | data/runtime/rulesets/zh-Hans/creatures/name.toml	河马人	河马人	creature_raw.NAME[0]; singular; caste=-1; no CASTE_NAME or juvenile substitution	0xaa3bd0(race,out,plural=false,caste=-1); r9w==0xffff -> 0xaa3d69 -> 0xaa3d1e/0xaa3d36; creature_raw+0x20 NAME[0]
classic	data/vanilla/vanilla_creatures/objects/creature_large_riverlake.txt	132	GIANT_HIPPO	SELECT_CASTE:ALL	NAME	1	giant hippo	giant hippo	巨型河马	data/runtime/rulesets/zh-Hans/creatures/caste.toml | data/runtime/rulesets/zh-Hans/creatures/name.toml	巨型河马	巨河马	creature_raw.NAME[0]; singular; caste=-1; no CASTE_NAME or juvenile substitution	0xaa3bd0(race,out,plural=false,caste=-1); r9w==0xffff -> 0xaa3d69 -> 0xaa3d1e/0xaa3d36; creature_raw+0x20 NAME[0]
classic	data/vanilla/vanilla_creatures/objects/creature_large_riverlake.txt	151	FISH_GAR_LONGNOSE		NAME	1	longnose gar	longnose gar	长鼻雀鳝	data/runtime/rulesets/zh-Hans/creatures/caste.toml | data/runtime/rulesets/zh-Hans/creatures/name.toml	长鼻雀鳝	长鼻雀鳝	creature_raw.NAME[0]; singular; caste=-1; no CASTE_NAME or juvenile substitution	0xaa3bd0(race,out,plural=false,caste=-1); r9w==0xffff -> 0xaa3d69 -> 0xaa3d1e/0xaa3d36; creature_raw+0x20 NAME[0]
classic	data/vanilla/vanilla_creatures/objects/creature_large_riverlake.txt	238	FISH_CARP		NAME	1	carp	carp	鲤鱼	data/runtime/rulesets/zh-Hans/creatures/caste.toml | data/runtime/rulesets/zh-Hans/creatures/name.toml	鲤鱼	鲤鱼	creature_raw.NAME[0]; singular; caste=-1; no CASTE_NAME or juvenile substitution	0xaa3bd0(race,out,plural=false,caste=-1); r9w==0xffff -> 0xaa3d69 -> 0xaa3d1e/0xaa3d36; creature_raw+0x20 NAME[0]
classic	data/vanilla/vanilla_creatures/objects/creature_large_riverlake.txt	324	FISH_TIGERFISH		NAME	1	tigerfish	tigerfish	虎鱼	data/runtime/rulesets/zh-Hans/creatures/caste.toml | data/runtime/rulesets/zh-Hans/creatures/name.toml	虎鱼	虎鱼	creature_raw.NAME[0]; singular; caste=-1; no CASTE_NAME or juvenile substitution	0xaa3bd0(race,out,plural=false,caste=-1); r9w==0xffff -> 0xaa3d69 -> 0xaa3d1e/0xaa3d36; creature_raw+0x20 NAME[0]
classic	data/vanilla/vanilla_creatures/objects/creature_large_riverlake.txt	410	FISH_PIKE		NAME	1	pike	pike	狗鱼	data/runtime/rulesets/zh-Hans/creatures/caste.toml | data/runtime/rulesets/zh-Hans/creatures/name.toml	狗鱼	海狼鱼	creature_raw.NAME[0]; singular; caste=-1; no CASTE_NAME or juvenile substitution	0xaa3bd0(race,out,plural=false,caste=-1); r9w==0xffff -> 0xaa3d69 -> 0xaa3d1e/0xaa3d36; creature_raw+0x20 NAME[0]
classic	data/vanilla/vanilla_creatures/objects/creature_large_riverlake.txt	506	PLATYPUS		NAME	1	platypus	platypus	鸭嘴兽	data/runtime/rulesets/zh-Hans/creatures/caste.toml | data/runtime/rulesets/zh-Hans/creatures/name.toml	鸭嘴兽	鸭嘴兽	creature_raw.NAME[0]; singular; caste=-1; no CASTE_NAME or juvenile substitution	0xaa3bd0(race,out,plural=false,caste=-1); r9w==0xffff -> 0xaa3d69 -> 0xaa3d1e/0xaa3d36; creature_raw+0x20 NAME[0]
classic	data/vanilla/vanilla_creatures/objects/creature_large_riverlake.txt	678	PLATYPUS MAN	SELECT_CASTE:ALL	NAME	1	platypus man	platypus man	鸭嘴兽人	data/runtime/rulesets/zh-Hans/creatures/caste.toml | data/runtime/rulesets/zh-Hans/creatures/name.toml	鸭嘴兽人	鸭嘴兽人	creature_raw.NAME[0]; singular; caste=-1; no CASTE_NAME or juvenile substitution	0xaa3bd0(race,out,plural=false,caste=-1); r9w==0xffff -> 0xaa3d69 -> 0xaa3d1e/0xaa3d36; creature_raw+0x20 NAME[0]
classic	data/vanilla/vanilla_creatures/objects/creature_large_riverlake.txt	711	PLATYPUS, GIANT		NAME	1	giant platypus	giant platypus	巨型鸭嘴兽	data/runtime/rulesets/zh-Hans/creatures/caste.toml | data/runtime/rulesets/zh-Hans/creatures/name.toml	巨型鸭嘴兽	巨鸭嘴兽	creature_raw.NAME[0]; singular; caste=-1; no CASTE_NAME or juvenile substitution	0xaa3bd0(race,out,plural=false,caste=-1); r9w==0xffff -> 0xaa3d69 -> 0xaa3d1e/0xaa3d36; creature_raw+0x20 NAME[0]
classic	data/vanilla/vanilla_creatures/objects/creature_large_temperate.txt	7	BEAR_GRIZZLY		NAME	1	grizzly bear	grizzly bear	灰熊	data/runtime/rulesets/zh-Hans/creatures/caste.toml | data/runtime/rulesets/zh-Hans/creatures/name.toml	灰熊	灰熊	creature_raw.NAME[0]; singular; caste=-1; no CASTE_NAME or juvenile substitution	0xaa3bd0(race,out,plural=false,caste=-1); r9w==0xffff -> 0xaa3d69 -> 0xaa3d1e/0xaa3d36; creature_raw+0x20 NAME[0]
classic	data/vanilla/vanilla_creatures/objects/creature_large_temperate.txt	124	BEAR_GRIZZLY_MAN	SELECT_CASTE:ALL	NAME	1	grizzly bear man	grizzly bear man	灰熊人	data/runtime/rulesets/zh-Hans/creatures/caste.toml | data/runtime/rulesets/zh-Hans/creatures/name.toml	灰熊人	灰熊人	creature_raw.NAME[0]; singular; caste=-1; no CASTE_NAME or juvenile substitution	0xaa3bd0(race,out,plural=false,caste=-1); r9w==0xffff -> 0xaa3d69 -> 0xaa3d1e/0xaa3d36; creature_raw+0x20 NAME[0]
classic	data/vanilla/vanilla_creatures/objects/creature_large_temperate.txt	143	GIANT_BEAR_GRIZZLY	SELECT_CASTE:ALL	NAME	1	giant grizzly bear	giant grizzly bear	巨型灰熊	data/runtime/rulesets/zh-Hans/creatures/caste.toml | data/runtime/rulesets/zh-Hans/creatures/name.toml	巨型灰熊	巨灰熊	creature_raw.NAME[0]; singular; caste=-1; no CASTE_NAME or juvenile substitution	0xaa3bd0(race,out,plural=false,caste=-1); r9w==0xffff -> 0xaa3d69 -> 0xaa3d1e/0xaa3d36; creature_raw+0x20 NAME[0]
classic	data/vanilla/vanilla_creatures/objects/creature_large_temperate.txt	163	BEAR_BLACK		NAME	1	black bear	black bear	黑熊	data/runtime/rulesets/zh-Hans/creatures/caste.toml | data/runtime/rulesets/zh-Hans/creatures/name.toml	黑熊	黑熊	creature_raw.NAME[0]; singular; caste=-1; no CASTE_NAME or juvenile substitution	0xaa3bd0(race,out,plural=false,caste=-1); r9w==0xffff -> 0xaa3d69 -> 0xaa3d1e/0xaa3d36; creature_raw+0x20 NAME[0]
classic	data/vanilla/vanilla_creatures/objects/creature_large_temperate.txt	278	BEAR_BLACK_MAN	SELECT_CASTE:ALL	NAME	1	black bear man	black bear man	黑熊人	data/runtime/rulesets/zh-Hans/creatures/caste.toml | data/runtime/rulesets/zh-Hans/creatures/name.toml	黑熊人	黑熊人	creature_raw.NAME[0]; singular; caste=-1; no CASTE_NAME or juvenile substitution	0xaa3bd0(race,out,plural=false,caste=-1); r9w==0xffff -> 0xaa3d69 -> 0xaa3d1e/0xaa3d36; creature_raw+0x20 NAME[0]
classic	data/vanilla/vanilla_creatures/objects/creature_large_temperate.txt	297	GIANT_BEAR_BLACK	SELECT_CASTE:ALL	NAME	1	giant black bear	giant black bear	巨型黑熊	data/runtime/rulesets/zh-Hans/creatures/caste.toml | data/runtime/rulesets/zh-Hans/creatures/name.toml	巨型黑熊	巨黑熊	creature_raw.NAME[0]; singular; caste=-1; no CASTE_NAME or juvenile substitution	0xaa3bd0(race,out,plural=false,caste=-1); r9w==0xffff -> 0xaa3d69 -> 0xaa3d1e/0xaa3d36; creature_raw+0x20 NAME[0]
classic	data/vanilla/vanilla_creatures/objects/creature_large_temperate.txt	317	DEER		NAME	1	deer	deer	鹿	data/runtime/rulesets/zh-Hans/creatures/caste.toml | data/runtime/rulesets/zh-Hans/creatures/name.toml	鹿	鹿	creature_raw.NAME[0]; singular; caste=-1; no CASTE_NAME or juvenile substitution	0xaa3bd0(race,out,plural=false,caste=-1); r9w==0xffff -> 0xaa3d69 -> 0xaa3d1e/0xaa3d36; creature_raw+0x20 NAME[0]
classic	data/vanilla/vanilla_creatures/objects/creature_large_temperate.txt	443	DEER_MAN	SELECT_CASTE:ALL	NAME	1	deer man	deer man	鹿人	data/runtime/rulesets/zh-Hans/creatures/caste.toml | data/runtime/rulesets/zh-Hans/creatures/name.toml	鹿人	鹿人	creature_raw.NAME[0]; singular; caste=-1; no CASTE_NAME or juvenile substitution	0xaa3bd0(race,out,plural=false,caste=-1); r9w==0xffff -> 0xaa3d69 -> 0xaa3d1e/0xaa3d36; creature_raw+0x20 NAME[0]
classic	data/vanilla/vanilla_creatures/objects/creature_large_temperate.txt	460	GIANT_DEER	SELECT_CASTE:ALL	NAME	1	giant deer	giant deer	巨型鹿	data/runtime/rulesets/zh-Hans/creatures/caste.toml | data/runtime/rulesets/zh-Hans/creatures/name.toml	巨型鹿	巨鹿	creature_raw.NAME[0]; singular; caste=-1; no CASTE_NAME or juvenile substitution	0xaa3bd0(race,out,plural=false,caste=-1); r9w==0xffff -> 0xaa3d69 -> 0xaa3d1e/0xaa3d36; creature_raw+0x20 NAME[0]
classic	data/vanilla/vanilla_creatures/objects/creature_large_temperate.txt	479	FOX		NAME	1	fox	fox	狐狸	data/runtime/rulesets/zh-Hans/creatures/caste.toml | data/runtime/rulesets/zh-Hans/creatures/name.toml	狐狸	狐狸	creature_raw.NAME[0]; singular; caste=-1; no CASTE_NAME or juvenile substitution	0xaa3bd0(race,out,plural=false,caste=-1); r9w==0xffff -> 0xaa3d69 -> 0xaa3d1e/0xaa3d36; creature_raw+0x20 NAME[0]
classic	data/vanilla/vanilla_creatures/objects/creature_large_temperate.txt	588	FOX_MAN	SELECT_CASTE:ALL	NAME	1	fox man	fox man	狐狸人	data/runtime/rulesets/zh-Hans/creatures/caste.toml | data/runtime/rulesets/zh-Hans/creatures/name.toml	狐狸人	狐人	creature_raw.NAME[0]; singular; caste=-1; no CASTE_NAME or juvenile substitution	0xaa3bd0(race,out,plural=false,caste=-1); r9w==0xffff -> 0xaa3d69 -> 0xaa3d1e/0xaa3d36; creature_raw+0x20 NAME[0]
classic	data/vanilla/vanilla_creatures/objects/creature_large_temperate.txt	607	GIANT_FOX	SELECT_CASTE:ALL	NAME	1	giant fox	giant fox	巨型狐狸	data/runtime/rulesets/zh-Hans/creatures/caste.toml | data/runtime/rulesets/zh-Hans/creatures/name.toml	巨型狐狸	巨狐	creature_raw.NAME[0]; singular; caste=-1; no CASTE_NAME or juvenile substitution	0xaa3bd0(race,out,plural=false,caste=-1); r9w==0xffff -> 0xaa3d69 -> 0xaa3d1e/0xaa3d36; creature_raw+0x20 NAME[0]
classic	data/vanilla/vanilla_creatures/objects/creature_large_temperate.txt	626	RACCOON		NAME	1	raccoon	raccoon	浣熊	data/runtime/rulesets/zh-Hans/creatures/caste.toml | data/runtime/rulesets/zh-Hans/creatures/name.toml	浣熊	浣熊	creature_raw.NAME[0]; singular; caste=-1; no CASTE_NAME or juvenile substitution	0xaa3bd0(race,out,plural=false,caste=-1); r9w==0xffff -> 0xaa3d69 -> 0xaa3d1e/0xaa3d36; creature_raw+0x20 NAME[0]
classic	data/vanilla/vanilla_creatures/objects/creature_large_temperate.txt	737	RACCOON_MAN	SELECT_CASTE:ALL	NAME	1	raccoon man	raccoon man	浣熊人	data/runtime/rulesets/zh-Hans/creatures/caste.toml | data/runtime/rulesets/zh-Hans/creatures/name.toml	浣熊人	浣熊人	creature_raw.NAME[0]; singular; caste=-1; no CASTE_NAME or juvenile substitution	0xaa3bd0(race,out,plural=false,caste=-1); r9w==0xffff -> 0xaa3d69 -> 0xaa3d1e/0xaa3d36; creature_raw+0x20 NAME[0]
classic	data/vanilla/vanilla_creatures/objects/creature_large_temperate.txt	756	GIANT_RACCOON	SELECT_CASTE:ALL	NAME	1	giant raccoon	giant raccoon	巨型浣熊	data/runtime/rulesets/zh-Hans/creatures/caste.toml | data/runtime/rulesets/zh-Hans/creatures/name.toml	巨型浣熊	巨型浣熊	creature_raw.NAME[0]; singular; caste=-1; no CASTE_NAME or juvenile substitution	0xaa3bd0(race,out,plural=false,caste=-1); r9w==0xffff -> 0xaa3d69 -> 0xaa3d1e/0xaa3d36; creature_raw+0x20 NAME[0]
classic	data/vanilla/vanilla_creatures/objects/creature_large_temperate.txt	776	MACAQUE_RHESUS		NAME	1	rhesus macaque	rhesus macaque	猕猴	data/runtime/rulesets/zh-Hans/creatures/caste.toml | data/runtime/rulesets/zh-Hans/creatures/name.toml	猕猴	猕猴	creature_raw.NAME[0]; singular; caste=-1; no CASTE_NAME or juvenile substitution	0xaa3bd0(race,out,plural=false,caste=-1); r9w==0xffff -> 0xaa3d69 -> 0xaa3d1e/0xaa3d36; creature_raw+0x20 NAME[0]
classic	data/vanilla/vanilla_creatures/objects/creature_large_temperate.txt	886	MACAQUE_RHESUS_MAN	SELECT_CASTE:ALL	NAME	1	rhesus macaque man	rhesus macaque man	猕猴人	data/runtime/rulesets/zh-Hans/creatures/caste.toml | data/runtime/rulesets/zh-Hans/creatures/name.toml	猕猴人	猕猴人	creature_raw.NAME[0]; singular; caste=-1; no CASTE_NAME or juvenile substitution	0xaa3bd0(race,out,plural=false,caste=-1); r9w==0xffff -> 0xaa3d69 -> 0xaa3d1e/0xaa3d36; creature_raw+0x20 NAME[0]
classic	data/vanilla/vanilla_creatures/objects/creature_large_temperate.txt	905	GIANT_MACAQUE_RHESUS	SELECT_CASTE:ALL	NAME	1	giant rhesus macaque	giant rhesus macaque	巨型猕猴	data/runtime/rulesets/zh-Hans/creatures/caste.toml | data/runtime/rulesets/zh-Hans/creatures/name.toml	巨型猕猴	巨型猕猴	creature_raw.NAME[0]; singular; caste=-1; no CASTE_NAME or juvenile substitution	0xaa3bd0(race,out,plural=false,caste=-1); r9w==0xffff -> 0xaa3d69 -> 0xaa3d1e/0xaa3d36; creature_raw+0x20 NAME[0]
classic	data/vanilla/vanilla_creatures/objects/creature_large_temperate.txt	924	COUGAR		NAME	1	cougar	cougar	美洲狮	data/runtime/rulesets/zh-Hans/creatures/caste.toml | data/runtime/rulesets/zh-Hans/creatures/name.toml	美洲狮	美洲狮	creature_raw.NAME[0]; singular; caste=-1; no CASTE_NAME or juvenile substitution	0xaa3bd0(race,out,plural=false,caste=-1); r9w==0xffff -> 0xaa3d69 -> 0xaa3d1e/0xaa3d36; creature_raw+0x20 NAME[0]
classic	data/vanilla/vanilla_creatures/objects/creature_large_temperate.txt	1036	COUGAR_MAN	SELECT_CASTE:ALL	NAME	1	cougar man	cougar man	美洲狮人	data/runtime/rulesets/zh-Hans/creatures/caste.toml | data/runtime/rulesets/zh-Hans/creatures/name.toml	美洲狮人	美洲豹人	creature_raw.NAME[0]; singular; caste=-1; no CASTE_NAME or juvenile substitution	0xaa3bd0(race,out,plural=false,caste=-1); r9w==0xffff -> 0xaa3d69 -> 0xaa3d1e/0xaa3d36; creature_raw+0x20 NAME[0]
classic	data/vanilla/vanilla_creatures/objects/creature_large_temperate.txt	1055	GIANT_COUGAR	SELECT_CASTE:ALL	NAME	1	giant cougar	giant cougar	巨型美洲狮	data/runtime/rulesets/zh-Hans/creatures/caste.toml | data/runtime/rulesets/zh-Hans/creatures/name.toml	巨型美洲狮	巨美洲狮	creature_raw.NAME[0]; singular; caste=-1; no CASTE_NAME or juvenile substitution	0xaa3bd0(race,out,plural=false,caste=-1); r9w==0xffff -> 0xaa3d69 -> 0xaa3d1e/0xaa3d36; creature_raw+0x20 NAME[0]
classic	data/vanilla/vanilla_creatures/objects/creature_large_temperate.txt	1075	WOLF		NAME	1	wolf	wolf	狼	data/runtime/rulesets/zh-Hans/creatures/caste.toml | data/runtime/rulesets/zh-Hans/creatures/name.toml	狼	狼	creature_raw.NAME[0]; singular; caste=-1; no CASTE_NAME or juvenile substitution	0xaa3bd0(race,out,plural=false,caste=-1); r9w==0xffff -> 0xaa3d69 -> 0xaa3d1e/0xaa3d36; creature_raw+0x20 NAME[0]
classic	data/vanilla/vanilla_creatures/objects/creature_large_temperate.txt	1187	WOLF_MAN	SELECT_CASTE:ALL	NAME	1	wolf man	wolf man	狼人	data/runtime/rulesets/zh-Hans/creatures/caste.toml | data/runtime/rulesets/zh-Hans/creatures/name.toml	狼人	狼人	creature_raw.NAME[0]; singular; caste=-1; no CASTE_NAME or juvenile substitution	0xaa3bd0(race,out,plural=false,caste=-1); r9w==0xffff -> 0xaa3d69 -> 0xaa3d1e/0xaa3d36; creature_raw+0x20 NAME[0]
classic	data/vanilla/vanilla_creatures/objects/creature_large_temperate.txt	1206	GIANT_WOLF	SELECT_CASTE:ALL	NAME	1	giant wolf	giant wolf	巨型狼	data/runtime/rulesets/zh-Hans/creatures/caste.toml | data/runtime/rulesets/zh-Hans/creatures/name.toml	巨型狼	巨狼	creature_raw.NAME[0]; singular; caste=-1; no CASTE_NAME or juvenile substitution	0xaa3bd0(race,out,plural=false,caste=-1); r9w==0xffff -> 0xaa3d69 -> 0xaa3d1e/0xaa3d36; creature_raw+0x20 NAME[0]
classic	data/vanilla/vanilla_creatures/objects/creature_large_temperate.txt	1225	GROUNDHOG		NAME	1	groundhog	groundhog	土拨鼠	data/runtime/rulesets/zh-Hans/creatures/caste.toml | data/runtime/rulesets/zh-Hans/creatures/name.toml	土拨鼠	土拨鼠	creature_raw.NAME[0]; singular; caste=-1; no CASTE_NAME or juvenile substitution	0xaa3bd0(race,out,plural=false,caste=-1); r9w==0xffff -> 0xaa3d69 -> 0xaa3d1e/0xaa3d36; creature_raw+0x20 NAME[0]
classic	data/vanilla/vanilla_creatures/objects/creature_large_temperate.txt	1337	GROUNDHOG_MAN	SELECT_CASTE:ALL	NAME	1	groundhog man	groundhog man	土拨鼠人	data/runtime/rulesets/zh-Hans/creatures/caste.toml | data/runtime/rulesets/zh-Hans/creatures/name.toml	土拨鼠人	土拨鼠人	creature_raw.NAME[0]; singular; caste=-1; no CASTE_NAME or juvenile substitution	0xaa3bd0(race,out,plural=false,caste=-1); r9w==0xffff -> 0xaa3d69 -> 0xaa3d1e/0xaa3d36; creature_raw+0x20 NAME[0]
classic	data/vanilla/vanilla_creatures/objects/creature_large_temperate.txt	1356	GIANT_GROUNDHOG	SELECT_CASTE:ALL	NAME	1	giant groundhog	giant groundhog	巨型土拨鼠	data/runtime/rulesets/zh-Hans/creatures/caste.toml | data/runtime/rulesets/zh-Hans/creatures/name.toml	巨型土拨鼠	巨土拨鼠	creature_raw.NAME[0]; singular; caste=-1; no CASTE_NAME or juvenile substitution	0xaa3bd0(race,out,plural=false,caste=-1); r9w==0xffff -> 0xaa3d69 -> 0xaa3d1e/0xaa3d36; creature_raw+0x20 NAME[0]
classic	data/vanilla/vanilla_creatures/objects/creature_large_temperate.txt	1375	ALLIGATOR		NAME	1	alligator	alligator	短吻鳄	data/runtime/rulesets/zh-Hans/creatures/caste.toml | data/runtime/rulesets/zh-Hans/creatures/name.toml	短吻鳄	短吻鳄	creature_raw.NAME[0]; singular; caste=-1; no CASTE_NAME or juvenile substitution	0xaa3bd0(race,out,plural=false,caste=-1); r9w==0xffff -> 0xaa3d69 -> 0xaa3d1e/0xaa3d36; creature_raw+0x20 NAME[0]
classic	data/vanilla/vanilla_creatures/objects/creature_large_temperate.txt	1495	ALLIGATOR_MAN	SELECT_CASTE:ALL	NAME	1	alligator man	alligator man	短吻鳄人	data/runtime/rulesets/zh-Hans/creatures/caste.toml | data/runtime/rulesets/zh-Hans/creatures/name.toml	短吻鳄人	短吻鳄人	creature_raw.NAME[0]; singular; caste=-1; no CASTE_NAME or juvenile substitution	0xaa3bd0(race,out,plural=false,caste=-1); r9w==0xffff -> 0xaa3d69 -> 0xaa3d1e/0xaa3d36; creature_raw+0x20 NAME[0]
classic	data/vanilla/vanilla_creatures/objects/creature_large_temperate.txt	1514	GIANT_ALLIGATOR	SELECT_CASTE:ALL	NAME	1	giant alligator	giant alligator	巨型短吻鳄	data/runtime/rulesets/zh-Hans/creatures/caste.toml | data/runtime/rulesets/zh-Hans/creatures/name.toml	巨型短吻鳄	巨短吻鳄	creature_raw.NAME[0]; singular; caste=-1; no CASTE_NAME or juvenile substitution	0xaa3bd0(race,out,plural=false,caste=-1); r9w==0xffff -> 0xaa3d69 -> 0xaa3d1e/0xaa3d36; creature_raw+0x20 NAME[0]
classic	data/vanilla/vanilla_creatures/objects/creature_large_temperate.txt	1533	BIRD_BUZZARD		NAME	1	buzzard	buzzard	秃鹰	data/runtime/rulesets/zh-Hans/creatures/caste.toml | data/runtime/rulesets/zh-Hans/creatures/name.toml	秃鹰	秃鹰	creature_raw.NAME[0]; singular; caste=-1; no CASTE_NAME or juvenile substitution	0xaa3bd0(race,out,plural=false,caste=-1); r9w==0xffff -> 0xaa3d69 -> 0xaa3d1e/0xaa3d36; creature_raw+0x20 NAME[0]
classic	data/vanilla/vanilla_creatures/objects/creature_large_temperate.txt	1656	BUZZARD_MAN	SELECT_CASTE:ALL	NAME	1	buzzard man	buzzard man	秃鹰人	data/runtime/rulesets/zh-Hans/creatures/caste.toml | data/runtime/rulesets/zh-Hans/creatures/name.toml	秃鹰人	秃鹰人	creature_raw.NAME[0]; singular; caste=-1; no CASTE_NAME or juvenile substitution	0xaa3bd0(race,out,plural=false,caste=-1); r9w==0xffff -> 0xaa3d69 -> 0xaa3d1e/0xaa3d36; creature_raw+0x20 NAME[0]
classic	data/vanilla/vanilla_creatures/objects/creature_large_temperate.txt	1673	GIANT_BUZZARD	SELECT_CASTE:ALL	NAME	1	giant buzzard	giant buzzard	巨型秃鹰	data/runtime/rulesets/zh-Hans/creatures/caste.toml | data/runtime/rulesets/zh-Hans/creatures/name.toml	巨型秃鹰	巨秃鹰	creature_raw.NAME[0]; singular; caste=-1; no CASTE_NAME or juvenile substitution	0xaa3bd0(race,out,plural=false,caste=-1); r9w==0xffff -> 0xaa3d69 -> 0xaa3d1e/0xaa3d36; creature_raw+0x20 NAME[0]
classic	data/vanilla/vanilla_creatures/objects/creature_large_temperate.txt	1701	PANDA		NAME	1	panda	panda	熊猫	data/runtime/rulesets/zh-Hans/creatures/caste.toml | data/runtime/rulesets/zh-Hans/creatures/name.toml	熊猫	熊猫	creature_raw.NAME[0]; singular; caste=-1; no CASTE_NAME or juvenile substitution	0xaa3bd0(race,out,plural=false,caste=-1); r9w==0xffff -> 0xaa3d69 -> 0xaa3d1e/0xaa3d36; creature_raw+0x20 NAME[0]
classic	data/vanilla/vanilla_creatures/objects/creature_large_temperate.txt	1824	PANDA, GIGANTIC		NAME	1	gigantic panda	gigantic panda	巨型熊猫	data/runtime/rulesets/zh-Hans/creatures/caste.toml | data/runtime/rulesets/zh-Hans/creatures/name.toml	巨型熊猫	巨熊猫	creature_raw.NAME[0]; singular; caste=-1; no CASTE_NAME or juvenile substitution	0xaa3bd0(race,out,plural=false,caste=-1); r9w==0xffff -> 0xaa3d69 -> 0xaa3d1e/0xaa3d36; creature_raw+0x20 NAME[0]
classic	data/vanilla/vanilla_creatures/objects/creature_large_temperate.txt	1881	PANDA MAN	SELECT_CASTE:ALL	NAME	1	panda man	panda man	熊猫人	data/runtime/rulesets/zh-Hans/creatures/caste.toml | data/runtime/rulesets/zh-Hans/creatures/name.toml	熊猫人	熊猫人	creature_raw.NAME[0]; singular; caste=-1; no CASTE_NAME or juvenile substitution	0xaa3bd0(race,out,plural=false,caste=-1); r9w==0xffff -> 0xaa3d69 -> 0xaa3d1e/0xaa3d36; creature_raw+0x20 NAME[0]
classic	data/vanilla/vanilla_creatures/objects/creature_large_temperate.txt	1900	CAPYBARA		NAME	1	capybara	capybara	水豚	data/runtime/rulesets/zh-Hans/creatures/caste.toml | data/runtime/rulesets/zh-Hans/creatures/name.toml	水豚	水豚	creature_raw.NAME[0]; singular; caste=-1; no CASTE_NAME or juvenile substitution	0xaa3bd0(race,out,plural=false,caste=-1); r9w==0xffff -> 0xaa3d69 -> 0xaa3d1e/0xaa3d36; creature_raw+0x20 NAME[0]
classic	data/vanilla/vanilla_creatures/objects/creature_large_temperate.txt	2008	CAPYBARA, GIANT	SELECT_CASTE:ALL	NAME	1	giant capybara	giant capybara	巨型水豚	data/runtime/rulesets/zh-Hans/creatures/caste.toml | data/runtime/rulesets/zh-Hans/creatures/name.toml	巨型水豚	巨水豚	creature_raw.NAME[0]; singular; caste=-1; no CASTE_NAME or juvenile substitution	0xaa3bd0(race,out,plural=false,caste=-1); r9w==0xffff -> 0xaa3d69 -> 0xaa3d1e/0xaa3d36; creature_raw+0x20 NAME[0]
classic	data/vanilla/vanilla_creatures/objects/creature_large_temperate.txt	2051	CAPYBARA MAN	SELECT_CASTE:ALL	NAME	1	capybara man	capybara man	水豚人	data/runtime/rulesets/zh-Hans/creatures/caste.toml | data/runtime/rulesets/zh-Hans/creatures/name.toml	水豚人	水豚人	creature_raw.NAME[0]; singular; caste=-1; no CASTE_NAME or juvenile substitution	0xaa3bd0(race,out,plural=false,caste=-1); r9w==0xffff -> 0xaa3d69 -> 0xaa3d1e/0xaa3d36; creature_raw+0x20 NAME[0]
classic	data/vanilla/vanilla_creatures/objects/creature_large_temperate.txt	2067	BADGER		NAME	1	badger	badger	鼬獾	data/runtime/rulesets/zh-Hans/creatures/name.toml	鼬獾	獾	creature_raw.NAME[0]; singular; caste=-1; no CASTE_NAME or juvenile substitution	0xaa3bd0(race,out,plural=false,caste=-1); r9w==0xffff -> 0xaa3d69 -> 0xaa3d1e/0xaa3d36; creature_raw+0x20 NAME[0]
classic	data/vanilla/vanilla_creatures/objects/creature_large_temperate.txt	2198	BADGER MAN	SELECT_CASTE:ALL	NAME	1	badger man	badger man	鼬獾人	data/runtime/rulesets/zh-Hans/creatures/caste.toml | data/runtime/rulesets/zh-Hans/creatures/name.toml	鼬獾人	獾人	creature_raw.NAME[0]; singular; caste=-1; no CASTE_NAME or juvenile substitution	0xaa3bd0(race,out,plural=false,caste=-1); r9w==0xffff -> 0xaa3d69 -> 0xaa3d1e/0xaa3d36; creature_raw+0x20 NAME[0]
classic	data/vanilla/vanilla_creatures/objects/creature_large_temperate.txt	2227	BADGER, GIANT	SELECT_CASTE:ALL	NAME	1	giant badger	giant badger	巨型鼬獾	data/runtime/rulesets/zh-Hans/creatures/name.toml	巨型鼬獾	巨獾	creature_raw.NAME[0]; singular; caste=-1; no CASTE_NAME or juvenile substitution	0xaa3bd0(race,out,plural=false,caste=-1); r9w==0xffff -> 0xaa3d69 -> 0xaa3d1e/0xaa3d36; creature_raw+0x20 NAME[0]
classic	data/vanilla/vanilla_creatures/objects/creature_large_temperate.txt	2258	MOOSE		NAME	1	moose	moose	驼鹿	data/runtime/rulesets/zh-Hans/creatures/name.toml	驼鹿	驼鹿	creature_raw.NAME[0]; singular; caste=-1; no CASTE_NAME or juvenile substitution	0xaa3bd0(race,out,plural=false,caste=-1); r9w==0xffff -> 0xaa3d69 -> 0xaa3d1e/0xaa3d36; creature_raw+0x20 NAME[0]
classic	data/vanilla/vanilla_creatures/objects/creature_large_temperate.txt	2394	MOOSE MAN	SELECT_CASTE:ALL	NAME	1	moose man	moose man	驼鹿人	data/runtime/rulesets/zh-Hans/creatures/caste.toml | data/runtime/rulesets/zh-Hans/creatures/name.toml	驼鹿人	驼鹿人	creature_raw.NAME[0]; singular; caste=-1; no CASTE_NAME or juvenile substitution	0xaa3bd0(race,out,plural=false,caste=-1); r9w==0xffff -> 0xaa3d69 -> 0xaa3d1e/0xaa3d36; creature_raw+0x20 NAME[0]
classic	data/vanilla/vanilla_creatures/objects/creature_large_temperate.txt	2410	MOOSE, GIANT		NAME	1	giant moose	giant moose	巨型驼鹿	data/runtime/rulesets/zh-Hans/creatures/name.toml	巨型驼鹿	巨驼鹿	creature_raw.NAME[0]; singular; caste=-1; no CASTE_NAME or juvenile substitution	0xaa3bd0(race,out,plural=false,caste=-1); r9w==0xffff -> 0xaa3d69 -> 0xaa3d1e/0xaa3d36; creature_raw+0x20 NAME[0]
classic	data/vanilla/vanilla_creatures/objects/creature_large_temperate.txt	2441	RED PANDA		NAME	1	red panda	red panda	红熊猫	data/runtime/rulesets/zh-Hans/creatures/name.toml	红熊猫	小熊猫	creature_raw.NAME[0]; singular; caste=-1; no CASTE_NAME or juvenile substitution	0xaa3bd0(race,out,plural=false,caste=-1); r9w==0xffff -> 0xaa3d69 -> 0xaa3d1e/0xaa3d36; creature_raw+0x20 NAME[0]
classic	data/vanilla/vanilla_creatures/objects/creature_large_temperate.txt	2591	RED PANDA MAN	SELECT_CASTE:ALL	NAME	1	red panda man	red panda man	红熊猫人	data/runtime/rulesets/zh-Hans/creatures/caste.toml | data/runtime/rulesets/zh-Hans/creatures/name.toml	红熊猫人	小熊猫人	creature_raw.NAME[0]; singular; caste=-1; no CASTE_NAME or juvenile substitution	0xaa3bd0(race,out,plural=false,caste=-1); r9w==0xffff -> 0xaa3d69 -> 0xaa3d1e/0xaa3d36; creature_raw+0x20 NAME[0]
classic	data/vanilla/vanilla_creatures/objects/creature_large_temperate.txt	2621	RED PANDA, GIANT		NAME	1	giant red panda	giant red panda	巨型红熊猫	data/runtime/rulesets/zh-Hans/creatures/name.toml	巨型红熊猫	巨型小熊猫	creature_raw.NAME[0]; singular; caste=-1; no CASTE_NAME or juvenile substitution	0xaa3bd0(race,out,plural=false,caste=-1); r9w==0xffff -> 0xaa3d69 -> 0xaa3d1e/0xaa3d36; creature_raw+0x20 NAME[0]
classic	data/vanilla/vanilla_creatures/objects/creature_large_tropical.txt	7	ELEPHANT		NAME	1	elephant	elephant	大象	data/runtime/rulesets/zh-Hans/creatures/caste.toml | data/runtime/rulesets/zh-Hans/creatures/name.toml	大象	大象	creature_raw.NAME[0]; singular; caste=-1; no CASTE_NAME or juvenile substitution	0xaa3bd0(race,out,plural=false,caste=-1); r9w==0xffff -> 0xaa3d69 -> 0xaa3d1e/0xaa3d36; creature_raw+0x20 NAME[0]
classic	data/vanilla/vanilla_creatures/objects/creature_large_tropical.txt	124	ELEPHANT_MAN	SELECT_CASTE:ALL	NAME	1	elephant man	elephant man	大象人	data/runtime/rulesets/zh-Hans/creatures/caste.toml | data/runtime/rulesets/zh-Hans/creatures/name.toml	大象人	大象人	creature_raw.NAME[0]; singular; caste=-1; no CASTE_NAME or juvenile substitution	0xaa3bd0(race,out,plural=false,caste=-1); r9w==0xffff -> 0xaa3d69 -> 0xaa3d1e/0xaa3d36; creature_raw+0x20 NAME[0]
classic	data/vanilla/vanilla_creatures/objects/creature_large_tropical.txt	145	GIANT_ELEPHANT	SELECT_CASTE:ALL	NAME	1	giant elephant	giant elephant	巨型大象	data/runtime/rulesets/zh-Hans/creatures/caste.toml | data/runtime/rulesets/zh-Hans/creatures/name.toml	巨型大象	巨象	creature_raw.NAME[0]; singular; caste=-1; no CASTE_NAME or juvenile substitution	0xaa3bd0(race,out,plural=false,caste=-1); r9w==0xffff -> 0xaa3d69 -> 0xaa3d1e/0xaa3d36; creature_raw+0x20 NAME[0]
classic	data/vanilla/vanilla_creatures/objects/creature_large_tropical.txt	175	WARTHOG		NAME	1	warthog	warthog	疣猪	data/runtime/rulesets/zh-Hans/creatures/caste.toml | data/runtime/rulesets/zh-Hans/creatures/name.toml	疣猪	疣猪	creature_raw.NAME[0]; singular; caste=-1; no CASTE_NAME or juvenile substitution	0xaa3bd0(race,out,plural=false,caste=-1); r9w==0xffff -> 0xaa3d69 -> 0xaa3d1e/0xaa3d36; creature_raw+0x20 NAME[0]
classic	data/vanilla/vanilla_creatures/objects/creature_large_tropical.txt	297	WARTHOG_MAN	SELECT_CASTE:ALL	NAME	1	warthog man	warthog man	疣猪人	data/runtime/rulesets/zh-Hans/creatures/caste.toml | data/runtime/rulesets/zh-Hans/creatures/name.toml	疣猪人	疣猪人	creature_raw.NAME[0]; singular; caste=-1; no CASTE_NAME or juvenile substitution	0xaa3bd0(race,out,plural=false,caste=-1); r9w==0xffff -> 0xaa3d69 -> 0xaa3d1e/0xaa3d36; creature_raw+0x20 NAME[0]
classic	data/vanilla/vanilla_creatures/objects/creature_large_tropical.txt	318	GIANT_WARTHOG	SELECT_CASTE:ALL	NAME	1	giant warthog	giant warthog	巨型疣猪	data/runtime/rulesets/zh-Hans/creatures/caste.toml | data/runtime/rulesets/zh-Hans/creatures/name.toml	巨型疣猪	巨型疣猪	creature_raw.NAME[0]; singular; caste=-1; no CASTE_NAME or juvenile substitution	0xaa3bd0(race,out,plural=false,caste=-1); r9w==0xffff -> 0xaa3d69 -> 0xaa3d1e/0xaa3d36; creature_raw+0x20 NAME[0]
classic	data/vanilla/vanilla_creatures/objects/creature_large_tropical.txt	337	LION		NAME	1	lion	lion	狮子	data/runtime/rulesets/zh-Hans/creatures/caste.toml | data/runtime/rulesets/zh-Hans/creatures/name.toml	狮子	狮子	creature_raw.NAME[0]; singular; caste=-1; no CASTE_NAME or juvenile substitution	0xaa3bd0(race,out,plural=false,caste=-1); r9w==0xffff -> 0xaa3d69 -> 0xaa3d1e/0xaa3d36; creature_raw+0x20 NAME[0]
classic	data/vanilla/vanilla_creatures/objects/creature_large_tropical.txt	448	LION_MAN	SELECT_CASTE:ALL	NAME	1	lion man	lion man	狮子人	data/runtime/rulesets/zh-Hans/creatures/caste.toml | data/runtime/rulesets/zh-Hans/creatures/name.toml	狮子人	狮人	creature_raw.NAME[0]; singular; caste=-1; no CASTE_NAME or juvenile substitution	0xaa3bd0(race,out,plural=false,caste=-1); r9w==0xffff -> 0xaa3d69 -> 0xaa3d1e/0xaa3d36; creature_raw+0x20 NAME[0]
classic	data/vanilla/vanilla_creatures/objects/creature_large_tropical.txt	467	GIANT_LION	SELECT_CASTE:ALL	NAME	1	giant lion	giant lion	巨型狮子	data/runtime/rulesets/zh-Hans/creatures/caste.toml | data/runtime/rulesets/zh-Hans/creatures/name.toml	巨型狮子	巨型狮子	creature_raw.NAME[0]; singular; caste=-1; no CASTE_NAME or juvenile substitution	0xaa3bd0(race,out,plural=false,caste=-1); r9w==0xffff -> 0xaa3d69 -> 0xaa3d1e/0xaa3d36; creature_raw+0x20 NAME[0]
classic	data/vanilla/vanilla_creatures/objects/creature_large_tropical.txt	486	LEOPARD		NAME	1	leopard	leopard	花豹	data/runtime/rulesets/zh-Hans/creatures/caste.toml | data/runtime/rulesets/zh-Hans/creatures/name.toml	花豹	豹子	creature_raw.NAME[0]; singular; caste=-1; no CASTE_NAME or juvenile substitution	0xaa3bd0(race,out,plural=false,caste=-1); r9w==0xffff -> 0xaa3d69 -> 0xaa3d1e/0xaa3d36; creature_raw+0x20 NAME[0]
classic	data/vanilla/vanilla_creatures/objects/creature_large_tropical.txt	597	LEOPARD_MAN	SELECT_CASTE:ALL	NAME	1	leopard man	leopard man	花豹人	data/runtime/rulesets/zh-Hans/creatures/caste.toml | data/runtime/rulesets/zh-Hans/creatures/name.toml	花豹人	豹人	creature_raw.NAME[0]; singular; caste=-1; no CASTE_NAME or juvenile substitution	0xaa3bd0(race,out,plural=false,caste=-1); r9w==0xffff -> 0xaa3d69 -> 0xaa3d1e/0xaa3d36; creature_raw+0x20 NAME[0]
classic	data/vanilla/vanilla_creatures/objects/creature_large_tropical.txt	616	GIANT_LEOPARD	SELECT_CASTE:ALL	NAME	1	giant leopard	giant leopard	巨型花豹	data/runtime/rulesets/zh-Hans/creatures/caste.toml | data/runtime/rulesets/zh-Hans/creatures/name.toml	巨型花豹	巨豹	creature_raw.NAME[0]; singular; caste=-1; no CASTE_NAME or juvenile substitution	0xaa3bd0(race,out,plural=false,caste=-1); r9w==0xffff -> 0xaa3d69 -> 0xaa3d1e/0xaa3d36; creature_raw+0x20 NAME[0]
classic	data/vanilla/vanilla_creatures/objects/creature_large_tropical.txt	635	JAGUAR		NAME	1	jaguar	jaguar	美洲豹	data/runtime/rulesets/zh-Hans/creatures/caste.toml | data/runtime/rulesets/zh-Hans/creatures/name.toml	美洲豹	捷豹	creature_raw.NAME[0]; singular; caste=-1; no CASTE_NAME or juvenile substitution	0xaa3bd0(race,out,plural=false,caste=-1); r9w==0xffff -> 0xaa3d69 -> 0xaa3d1e/0xaa3d36; creature_raw+0x20 NAME[0]
classic	data/vanilla/vanilla_creatures/objects/creature_large_tropical.txt	746	JAGUAR_MAN	SELECT_CASTE:ALL	NAME	1	jaguar man	jaguar man	美洲豹人	data/runtime/rulesets/zh-Hans/creatures/caste.toml | data/runtime/rulesets/zh-Hans/creatures/name.toml	美洲豹人	美洲豹男	creature_raw.NAME[0]; singular; caste=-1; no CASTE_NAME or juvenile substitution	0xaa3bd0(race,out,plural=false,caste=-1); r9w==0xffff -> 0xaa3d69 -> 0xaa3d1e/0xaa3d36; creature_raw+0x20 NAME[0]
classic	data/vanilla/vanilla_creatures/objects/creature_large_tropical.txt	765	GIANT_JAGUAR	SELECT_CASTE:ALL	NAME	1	giant jaguar	giant jaguar	巨型美洲豹	data/runtime/rulesets/zh-Hans/creatures/caste.toml | data/runtime/rulesets/zh-Hans/creatures/name.toml	巨型美洲豹	巨型捷豹	creature_raw.NAME[0]; singular; caste=-1; no CASTE_NAME or juvenile substitution	0xaa3bd0(race,out,plural=false,caste=-1); r9w==0xffff -> 0xaa3d69 -> 0xaa3d1e/0xaa3d36; creature_raw+0x20 NAME[0]
classic	data/vanilla/vanilla_creatures/objects/creature_large_tropical.txt	784	TIGER		NAME	1	tiger	tiger	虎	data/runtime/rulesets/zh-Hans/creatures/caste.toml | data/runtime/rulesets/zh-Hans/creatures/name.toml	虎	老虎	creature_raw.NAME[0]; singular; caste=-1; no CASTE_NAME or juvenile substitution	0xaa3bd0(race,out,plural=false,caste=-1); r9w==0xffff -> 0xaa3d69 -> 0xaa3d1e/0xaa3d36; creature_raw+0x20 NAME[0]
classic	data/vanilla/vanilla_creatures/objects/creature_large_tropical.txt	897	TIGER_MAN	SELECT_CASTE:ALL	NAME	1	tiger man	tiger man	虎人	data/runtime/rulesets/zh-Hans/creatures/caste.toml | data/runtime/rulesets/zh-Hans/creatures/name.toml	虎人	老虎男	creature_raw.NAME[0]; singular; caste=-1; no CASTE_NAME or juvenile substitution	0xaa3bd0(race,out,plural=false,caste=-1); r9w==0xffff -> 0xaa3d69 -> 0xaa3d1e/0xaa3d36; creature_raw+0x20 NAME[0]
classic	data/vanilla/vanilla_creatures/objects/creature_large_tropical.txt	916	GIANT_TIGER	SELECT_CASTE:ALL	NAME	1	giant tiger	giant tiger	巨型虎	data/runtime/rulesets/zh-Hans/creatures/caste.toml | data/runtime/rulesets/zh-Hans/creatures/name.toml	巨型虎	巨型老虎	creature_raw.NAME[0]; singular; caste=-1; no CASTE_NAME or juvenile substitution	0xaa3bd0(race,out,plural=false,caste=-1); r9w==0xffff -> 0xaa3d69 -> 0xaa3d1e/0xaa3d36; creature_raw+0x20 NAME[0]
classic	data/vanilla/vanilla_creatures/objects/creature_large_tropical.txt	935	CHEETAH		NAME	1	cheetah	cheetah	猎豹	data/runtime/rulesets/zh-Hans/creatures/caste.toml | data/runtime/rulesets/zh-Hans/creatures/name.toml	猎豹	猎豹	creature_raw.NAME[0]; singular; caste=-1; no CASTE_NAME or juvenile substitution	0xaa3bd0(race,out,plural=false,caste=-1); r9w==0xffff -> 0xaa3d69 -> 0xaa3d1e/0xaa3d36; creature_raw+0x20 NAME[0]
classic	data/vanilla/vanilla_creatures/objects/creature_large_tropical.txt	1045	CHEETAH_MAN	SELECT_CASTE:ALL	NAME	1	cheetah man	cheetah man	猎豹人	data/runtime/rulesets/zh-Hans/creatures/caste.toml | data/runtime/rulesets/zh-Hans/creatures/name.toml	猎豹人	猎豹男	creature_raw.NAME[0]; singular; caste=-1; no CASTE_NAME or juvenile substitution	0xaa3bd0(race,out,plural=false,caste=-1); r9w==0xffff -> 0xaa3d69 -> 0xaa3d1e/0xaa3d36; creature_raw+0x20 NAME[0]
classic	data/vanilla/vanilla_creatures/objects/creature_large_tropical.txt	1064	GIANT_CHEETAH	SELECT_CASTE:ALL	NAME	1	giant cheetah	giant cheetah	巨型猎豹	data/runtime/rulesets/zh-Hans/creatures/caste.toml | data/runtime/rulesets/zh-Hans/creatures/name.toml	巨型猎豹	巨型猎豹	creature_raw.NAME[0]; singular; caste=-1; no CASTE_NAME or juvenile substitution	0xaa3bd0(race,out,plural=false,caste=-1); r9w==0xffff -> 0xaa3d69 -> 0xaa3d1e/0xaa3d36; creature_raw+0x20 NAME[0]
classic	data/vanilla/vanilla_creatures/objects/creature_large_tropical.txt	1083	GAZELLE		NAME	1	gazelle	gazelle	瞪羚	data/runtime/rulesets/zh-Hans/creatures/caste.toml | data/runtime/rulesets/zh-Hans/creatures/name.toml	瞪羚	羚羊	creature_raw.NAME[0]; singular; caste=-1; no CASTE_NAME or juvenile substitution	0xaa3bd0(race,out,plural=false,caste=-1); r9w==0xffff -> 0xaa3d69 -> 0xaa3d1e/0xaa3d36; creature_raw+0x20 NAME[0]
classic	data/vanilla/vanilla_creatures/objects/creature_large_tropical.txt	1196	GAZELLE_MAN	SELECT_CASTE:ALL	NAME	1	gazelle man	gazelle man	瞪羚人	data/runtime/rulesets/zh-Hans/creatures/caste.toml | data/runtime/rulesets/zh-Hans/creatures/name.toml	瞪羚人	羚羊男	creature_raw.NAME[0]; singular; caste=-1; no CASTE_NAME or juvenile substitution	0xaa3bd0(race,out,plural=false,caste=-1); r9w==0xffff -> 0xaa3d69 -> 0xaa3d1e/0xaa3d36; creature_raw+0x20 NAME[0]
classic	data/vanilla/vanilla_creatures/objects/creature_large_tropical.txt	1213	GIANT_GAZELLE	SELECT_CASTE:ALL	NAME	1	giant gazelle	giant gazelle	巨型瞪羚	data/runtime/rulesets/zh-Hans/creatures/caste.toml | data/runtime/rulesets/zh-Hans/creatures/name.toml	巨型瞪羚	巨型羚羊	creature_raw.NAME[0]; singular; caste=-1; no CASTE_NAME or juvenile substitution	0xaa3bd0(race,out,plural=false,caste=-1); r9w==0xffff -> 0xaa3d69 -> 0xaa3d1e/0xaa3d36; creature_raw+0x20 NAME[0]
classic	data/vanilla/vanilla_creatures/objects/creature_large_tropical.txt	1232	MANDRILL		NAME	1	mandrill	mandrill	山魈	data/runtime/rulesets/zh-Hans/creatures/caste.toml | data/runtime/rulesets/zh-Hans/creatures/name.toml	山魈	山魈	creature_raw.NAME[0]; singular; caste=-1; no CASTE_NAME or juvenile substitution	0xaa3bd0(race,out,plural=false,caste=-1); r9w==0xffff -> 0xaa3d69 -> 0xaa3d1e/0xaa3d36; creature_raw+0x20 NAME[0]
classic	data/vanilla/vanilla_creatures/objects/creature_large_tropical.txt	1341	MANDRILL_MAN	SELECT_CASTE:ALL	NAME	1	mandrill man	mandrill man	山魈人	data/runtime/rulesets/zh-Hans/creatures/caste.toml | data/runtime/rulesets/zh-Hans/creatures/name.toml	山魈人	山魈男	creature_raw.NAME[0]; singular; caste=-1; no CASTE_NAME or juvenile substitution	0xaa3bd0(race,out,plural=false,caste=-1); r9w==0xffff -> 0xaa3d69 -> 0xaa3d1e/0xaa3d36; creature_raw+0x20 NAME[0]
classic	data/vanilla/vanilla_creatures/objects/creature_large_tropical.txt	1360	GIANT_MANDRILL	SELECT_CASTE:ALL	NAME	1	giant mandrill	giant mandrill	巨型山魈	data/runtime/rulesets/zh-Hans/creatures/caste.toml | data/runtime/rulesets/zh-Hans/creatures/name.toml	巨型山魈	巨型山魈	creature_raw.NAME[0]; singular; caste=-1; no CASTE_NAME or juvenile substitution	0xaa3bd0(race,out,plural=false,caste=-1); r9w==0xffff -> 0xaa3d69 -> 0xaa3d1e/0xaa3d36; creature_raw+0x20 NAME[0]
classic	data/vanilla/vanilla_creatures/objects/creature_large_tropical.txt	1379	CHIMPANZEE		NAME	1	chimpanzee	chimpanzee	黑猩猩	data/runtime/rulesets/zh-Hans/creatures/caste.toml | data/runtime/rulesets/zh-Hans/creatures/name.toml	黑猩猩	黑猩猩	creature_raw.NAME[0]; singular; caste=-1; no CASTE_NAME or juvenile substitution	0xaa3bd0(race,out,plural=false,caste=-1); r9w==0xffff -> 0xaa3d69 -> 0xaa3d1e/0xaa3d36; creature_raw+0x20 NAME[0]
classic	data/vanilla/vanilla_creatures/objects/creature_large_tropical.txt	1471	BONOBO		NAME	1	bonobo	bonobo	倭黑猩猩	data/runtime/rulesets/zh-Hans/creatures/caste.toml | data/runtime/rulesets/zh-Hans/creatures/name.toml	倭黑猩猩	倭黑猩猩	creature_raw.NAME[0]; singular; caste=-1; no CASTE_NAME or juvenile substitution	0xaa3bd0(race,out,plural=false,caste=-1); r9w==0xffff -> 0xaa3d69 -> 0xaa3d1e/0xaa3d36; creature_raw+0x20 NAME[0]
classic	data/vanilla/vanilla_creatures/objects/creature_large_tropical.txt	1563	GORILLA		NAME	1	gorilla	gorilla	大猩猩	data/runtime/rulesets/zh-Hans/creatures/caste.toml | data/runtime/rulesets/zh-Hans/creatures/name.toml	大猩猩	大猩猩	creature_raw.NAME[0]; singular; caste=-1; no CASTE_NAME or juvenile substitution	0xaa3bd0(race,out,plural=false,caste=-1); r9w==0xffff -> 0xaa3d69 -> 0xaa3d1e/0xaa3d36; creature_raw+0x20 NAME[0]
classic	data/vanilla/vanilla_creatures/objects/creature_large_tropical.txt	1658	ORANGUTAN		NAME	1	orangutan	orangutan	红毛猩猩	data/runtime/rulesets/zh-Hans/creatures/caste.toml | data/runtime/rulesets/zh-Hans/creatures/name.toml	红毛猩猩	红毛猩猩	creature_raw.NAME[0]; singular; caste=-1; no CASTE_NAME or juvenile substitution	0xaa3bd0(race,out,plural=false,caste=-1); r9w==0xffff -> 0xaa3d69 -> 0xaa3d1e/0xaa3d36; creature_raw+0x20 NAME[0]
classic	data/vanilla/vanilla_creatures/objects/creature_large_tropical.txt	1750	GIBBON_SIAMANG		NAME	1	siamang	siamang	合趾猿	data/runtime/rulesets/zh-Hans/creatures/caste.toml | data/runtime/rulesets/zh-Hans/creatures/name.toml	合趾猿	合趾猿	creature_raw.NAME[0]; singular; caste=-1; no CASTE_NAME or juvenile substitution	0xaa3bd0(race,out,plural=false,caste=-1); r9w==0xffff -> 0xaa3d69 -> 0xaa3d1e/0xaa3d36; creature_raw+0x20 NAME[0]
classic	data/vanilla/vanilla_creatures/objects/creature_large_tropical.txt	1842	GIBBON_WHITE_HANDED		NAME	1	white-handed gibbon	white-handed gibbon	白掌长臂猿	data/runtime/rulesets/zh-Hans/creatures/caste.toml | data/runtime/rulesets/zh-Hans/creatures/name.toml	白掌长臂猿	白掌长臂猿	creature_raw.NAME[0]; singular; caste=-1; no CASTE_NAME or juvenile substitution	0xaa3bd0(race,out,plural=false,caste=-1); r9w==0xffff -> 0xaa3d69 -> 0xaa3d1e/0xaa3d36; creature_raw+0x20 NAME[0]
classic	data/vanilla/vanilla_creatures/objects/creature_large_tropical.txt	1935	GIBBON_BLACK_HANDED		NAME	1	black-handed gibbon	black-handed gibbon	黑掌长臂猿	data/runtime/rulesets/zh-Hans/creatures/caste.toml | data/runtime/rulesets/zh-Hans/creatures/name.toml	黑掌长臂猿	黑掌长臂猿	creature_raw.NAME[0]; singular; caste=-1; no CASTE_NAME or juvenile substitution	0xaa3bd0(race,out,plural=false,caste=-1); r9w==0xffff -> 0xaa3d69 -> 0xaa3d1e/0xaa3d36; creature_raw+0x20 NAME[0]
classic	data/vanilla/vanilla_creatures/objects/creature_large_tropical.txt	2028	GIBBON_GRAY		NAME	1	gray gibbon	gray gibbon	灰长臂猿	data/runtime/rulesets/zh-Hans/creatures/caste.toml | data/runtime/rulesets/zh-Hans/creatures/name.toml	灰长臂猿	灰色长臂猿	creature_raw.NAME[0]; singular; caste=-1; no CASTE_NAME or juvenile substitution	0xaa3bd0(race,out,plural=false,caste=-1); r9w==0xffff -> 0xaa3d69 -> 0xaa3d1e/0xaa3d36; creature_raw+0x20 NAME[0]
classic	data/vanilla/vanilla_creatures/objects/creature_large_tropical.txt	2120	GIBBON_SILVERY		NAME	1	silvery gibbon	silvery gibbon	银白长臂猿	data/runtime/rulesets/zh-Hans/creatures/caste.toml | data/runtime/rulesets/zh-Hans/creatures/name.toml	银白长臂猿	银色长臂猿	creature_raw.NAME[0]; singular; caste=-1; no CASTE_NAME or juvenile substitution	0xaa3bd0(race,out,plural=false,caste=-1); r9w==0xffff -> 0xaa3d69 -> 0xaa3d1e/0xaa3d36; creature_raw+0x20 NAME[0]
classic	data/vanilla/vanilla_creatures/objects/creature_large_tropical.txt	2212	GIBBON_PILEATED		NAME	1	pileated gibbon	pileated gibbon	羽冠长臂猿	data/runtime/rulesets/zh-Hans/creatures/caste.toml | data/runtime/rulesets/zh-Hans/creatures/name.toml	羽冠长臂猿	黑冠长臂猿	creature_raw.NAME[0]; singular; caste=-1; no CASTE_NAME or juvenile substitution	0xaa3bd0(race,out,plural=false,caste=-1); r9w==0xffff -> 0xaa3d69 -> 0xaa3d1e/0xaa3d36; creature_raw+0x20 NAME[0]
classic	data/vanilla/vanilla_creatures/objects/creature_large_tropical.txt	2307	GIBBON_BILOU		NAME	1	bilou	bilou	矮长臂猿	data/runtime/rulesets/zh-Hans/creatures/caste.toml | data/runtime/rulesets/zh-Hans/creatures/name.toml	矮长臂猿	倭长臂猿	creature_raw.NAME[0]; singular; caste=-1; no CASTE_NAME or juvenile substitution	0xaa3bd0(race,out,plural=false,caste=-1); r9w==0xffff -> 0xaa3d69 -> 0xaa3d1e/0xaa3d36; creature_raw+0x20 NAME[0]
classic	data/vanilla/vanilla_creatures/objects/creature_large_tropical.txt	2399	GIBBON_WHITE_BROWED		NAME	1	white-browed gibbon	white-browed gibbon	白眉长臂猿	data/runtime/rulesets/zh-Hans/creatures/caste.toml | data/runtime/rulesets/zh-Hans/creatures/name.toml	白眉长臂猿	白眉长臂猿	creature_raw.NAME[0]; singular; caste=-1; no CASTE_NAME or juvenile substitution	0xaa3bd0(race,out,plural=false,caste=-1); r9w==0xffff -> 0xaa3d69 -> 0xaa3d1e/0xaa3d36; creature_raw+0x20 NAME[0]
classic	data/vanilla/vanilla_creatures/objects/creature_large_tropical.txt	2491	GIBBON_BLACK_CRESTED		NAME	1	black-crested gibbon	black-crested gibbon	黑冠长臂猿	data/runtime/rulesets/zh-Hans/creatures/caste.toml | data/runtime/rulesets/zh-Hans/creatures/name.toml	黑冠长臂猿	黑冠长臂猿	creature_raw.NAME[0]; singular; caste=-1; no CASTE_NAME or juvenile substitution	0xaa3bd0(race,out,plural=false,caste=-1); r9w==0xffff -> 0xaa3d69 -> 0xaa3d1e/0xaa3d36; creature_raw+0x20 NAME[0]
classic	data/vanilla/vanilla_creatures/objects/creature_large_tropical.txt	2583	CAMEL_1_HUMP		NAME	1	one-humped camel	one-humped camel	单峰骆驼	data/runtime/rulesets/zh-Hans/creatures/caste.toml | data/runtime/rulesets/zh-Hans/creatures/name.toml	单峰骆驼	单峰驼	creature_raw.NAME[0]; singular; caste=-1; no CASTE_NAME or juvenile substitution	0xaa3bd0(race,out,plural=false,caste=-1); r9w==0xffff -> 0xaa3d69 -> 0xaa3d1e/0xaa3d36; creature_raw+0x20 NAME[0]
classic	data/vanilla/vanilla_creatures/objects/creature_large_tropical.txt	2725	CAMEL_1_HUMP_MAN	SELECT_CASTE:ALL	NAME	1	one-humped camel man	one-humped camel man	单峰骆驼人	data/runtime/rulesets/zh-Hans/creatures/caste.toml | data/runtime/rulesets/zh-Hans/creatures/name.toml	单峰骆驼人	单峰驼人	creature_raw.NAME[0]; singular; caste=-1; no CASTE_NAME or juvenile substitution	0xaa3bd0(race,out,plural=false,caste=-1); r9w==0xffff -> 0xaa3d69 -> 0xaa3d1e/0xaa3d36; creature_raw+0x20 NAME[0]
classic	data/vanilla/vanilla_creatures/objects/creature_large_tropical.txt	2755	GIANT_CAMEL_1_HUMP	SELECT_CASTE:ALL	NAME	1	giant one-humped camel	giant one-humped camel	巨型单峰骆驼	data/runtime/rulesets/zh-Hans/creatures/caste.toml | data/runtime/rulesets/zh-Hans/creatures/name.toml	巨型单峰骆驼	巨单峰驼	creature_raw.NAME[0]; singular; caste=-1; no CASTE_NAME or juvenile substitution	0xaa3bd0(race,out,plural=false,caste=-1); r9w==0xffff -> 0xaa3d69 -> 0xaa3d1e/0xaa3d36; creature_raw+0x20 NAME[0]
classic	data/vanilla/vanilla_creatures/objects/creature_large_tropical.txt	2774	CAMEL_2_HUMP		NAME	1	two-humped camel	two-humped camel	双峰骆驼	data/runtime/rulesets/zh-Hans/creatures/caste.toml | data/runtime/rulesets/zh-Hans/creatures/name.toml	双峰骆驼	双峰驼	creature_raw.NAME[0]; singular; caste=-1; no CASTE_NAME or juvenile substitution	0xaa3bd0(race,out,plural=false,caste=-1); r9w==0xffff -> 0xaa3d69 -> 0xaa3d1e/0xaa3d36; creature_raw+0x20 NAME[0]
classic	data/vanilla/vanilla_creatures/objects/creature_large_tropical.txt	2916	CAMEL_2_HUMP_MAN	SELECT_CASTE:ALL	NAME	1	two-humped camel man	two-humped camel man	双峰骆驼人	data/runtime/rulesets/zh-Hans/creatures/caste.toml | data/runtime/rulesets/zh-Hans/creatures/name.toml	双峰骆驼人	双峰驼人	creature_raw.NAME[0]; singular; caste=-1; no CASTE_NAME or juvenile substitution	0xaa3bd0(race,out,plural=false,caste=-1); r9w==0xffff -> 0xaa3d69 -> 0xaa3d1e/0xaa3d36; creature_raw+0x20 NAME[0]
classic	data/vanilla/vanilla_creatures/objects/creature_large_tropical.txt	2946	GIANT_CAMEL_2_HUMP	SELECT_CASTE:ALL	NAME	1	giant two-humped camel	giant two-humped camel	巨型双峰骆驼	data/runtime/rulesets/zh-Hans/creatures/caste.toml | data/runtime/rulesets/zh-Hans/creatures/name.toml	巨型双峰骆驼	巨双峰驼	creature_raw.NAME[0]; singular; caste=-1; no CASTE_NAME or juvenile substitution	0xaa3bd0(race,out,plural=false,caste=-1); r9w==0xffff -> 0xaa3d69 -> 0xaa3d1e/0xaa3d36; creature_raw+0x20 NAME[0]
classic	data/vanilla/vanilla_creatures/objects/creature_large_tropical.txt	2965	CROCODILE_SALTWATER		NAME	1	saltwater crocodile	saltwater crocodile	咸水鳄	data/runtime/rulesets/zh-Hans/creatures/caste.toml | data/runtime/rulesets/zh-Hans/creatures/name.toml	咸水鳄	咸水鳄	creature_raw.NAME[0]; singular; caste=-1; no CASTE_NAME or juvenile substitution	0xaa3bd0(race,out,plural=false,caste=-1); r9w==0xffff -> 0xaa3d69 -> 0xaa3d1e/0xaa3d36; creature_raw+0x20 NAME[0]
classic	data/vanilla/vanilla_creatures/objects/creature_large_tropical.txt	3085	CROCODILE_SALTWATER_MAN	SELECT_CASTE:ALL	NAME	1	saltwater crocodile man	saltwater crocodile man	咸水鳄人	data/runtime/rulesets/zh-Hans/creatures/caste.toml | data/runtime/rulesets/zh-Hans/creatures/name.toml	咸水鳄人	咸水鳄人	creature_raw.NAME[0]; singular; caste=-1; no CASTE_NAME or juvenile substitution	0xaa3bd0(race,out,plural=false,caste=-1); r9w==0xffff -> 0xaa3d69 -> 0xaa3d1e/0xaa3d36; creature_raw+0x20 NAME[0]
classic	data/vanilla/vanilla_creatures/objects/creature_large_tropical.txt	3104	GIANT_CROCODILE_SALTWATER	SELECT_CASTE:ALL	NAME	1	giant saltwater crocodile	giant saltwater crocodile	巨型咸水鳄	data/runtime/rulesets/zh-Hans/creatures/caste.toml | data/runtime/rulesets/zh-Hans/creatures/name.toml	巨型咸水鳄	巨咸水鳄	creature_raw.NAME[0]; singular; caste=-1; no CASTE_NAME or juvenile substitution	0xaa3bd0(race,out,plural=false,caste=-1); r9w==0xffff -> 0xaa3d69 -> 0xaa3d1e/0xaa3d36; creature_raw+0x20 NAME[0]
classic	data/vanilla/vanilla_creatures/objects/creature_large_tropical.txt	3123	BIRD_VULTURE		NAME	1	vulture	vulture	秃鹫	data/runtime/rulesets/zh-Hans/creatures/caste.toml | data/runtime/rulesets/zh-Hans/creatures/name.toml	秃鹫	秃鹫	creature_raw.NAME[0]; singular; caste=-1; no CASTE_NAME or juvenile substitution	0xaa3bd0(race,out,plural=false,caste=-1); r9w==0xffff -> 0xaa3d69 -> 0xaa3d1e/0xaa3d36; creature_raw+0x20 NAME[0]
classic	data/vanilla/vanilla_creatures/objects/creature_large_tropical.txt	3244	VULTURE_MAN	SELECT_CASTE:ALL	NAME	1	vulture man	vulture man	秃鹫人	data/runtime/rulesets/zh-Hans/creatures/caste.toml | data/runtime/rulesets/zh-Hans/creatures/name.toml	秃鹫人	秃鹫人	creature_raw.NAME[0]; singular; caste=-1; no CASTE_NAME or juvenile substitution	0xaa3bd0(race,out,plural=false,caste=-1); r9w==0xffff -> 0xaa3d69 -> 0xaa3d1e/0xaa3d36; creature_raw+0x20 NAME[0]
classic	data/vanilla/vanilla_creatures/objects/creature_large_tropical.txt	3261	GIANT_VULTURE	SELECT_CASTE:ALL	NAME	1	giant vulture	giant vulture	巨型秃鹫	data/runtime/rulesets/zh-Hans/creatures/caste.toml | data/runtime/rulesets/zh-Hans/creatures/name.toml	巨型秃鹫	巨秃鹫	creature_raw.NAME[0]; singular; caste=-1; no CASTE_NAME or juvenile substitution	0xaa3bd0(race,out,plural=false,caste=-1); r9w==0xffff -> 0xaa3d69 -> 0xaa3d1e/0xaa3d36; creature_raw+0x20 NAME[0]
classic	data/vanilla/vanilla_creatures/objects/creature_large_tropical.txt	3281	RHINOCEROS		NAME	1	rhinoceros	rhinoceros	犀牛	data/runtime/rulesets/zh-Hans/creatures/caste.toml | data/runtime/rulesets/zh-Hans/creatures/name.toml	犀牛	犀牛	creature_raw.NAME[0]; singular; caste=-1; no CASTE_NAME or juvenile substitution	0xaa3bd0(race,out,plural=false,caste=-1); r9w==0xffff -> 0xaa3d69 -> 0xaa3d1e/0xaa3d36; creature_raw+0x20 NAME[0]
classic	data/vanilla/vanilla_creatures/objects/creature_large_tropical.txt	3391	RHINOCEROS_MAN	SELECT_CASTE:ALL	NAME	1	rhinoceros man	rhinoceros man	犀牛人	data/runtime/rulesets/zh-Hans/creatures/caste.toml | data/runtime/rulesets/zh-Hans/creatures/name.toml	犀牛人	犀牛人	creature_raw.NAME[0]; singular; caste=-1; no CASTE_NAME or juvenile substitution	0xaa3bd0(race,out,plural=false,caste=-1); r9w==0xffff -> 0xaa3d69 -> 0xaa3d1e/0xaa3d36; creature_raw+0x20 NAME[0]
classic	data/vanilla/vanilla_creatures/objects/creature_large_tropical.txt	3412	GIANT_RHINOCEROS	SELECT_CASTE:ALL	NAME	1	giant rhinoceros	giant rhinoceros	巨型犀牛	data/runtime/rulesets/zh-Hans/creatures/caste.toml | data/runtime/rulesets/zh-Hans/creatures/name.toml	巨型犀牛	巨犀牛	creature_raw.NAME[0]; singular; caste=-1; no CASTE_NAME or juvenile substitution	0xaa3bd0(race,out,plural=false,caste=-1); r9w==0xffff -> 0xaa3d69 -> 0xaa3d1e/0xaa3d36; creature_raw+0x20 NAME[0]
classic	data/vanilla/vanilla_creatures/objects/creature_large_tropical.txt	3431	GIRAFFE		NAME	1	giraffe	giraffe	长颈鹿	data/runtime/rulesets/zh-Hans/creatures/caste.toml | data/runtime/rulesets/zh-Hans/creatures/name.toml	长颈鹿	长颈鹿	creature_raw.NAME[0]; singular; caste=-1; no CASTE_NAME or juvenile substitution	0xaa3bd0(race,out,plural=false,caste=-1); r9w==0xffff -> 0xaa3d69 -> 0xaa3d1e/0xaa3d36; creature_raw+0x20 NAME[0]
classic	data/vanilla/vanilla_creatures/objects/creature_large_tropical.txt	3529	GIRAFFE_MAN	SELECT_CASTE:ALL	NAME	1	giraffe man	giraffe man	长颈鹿人	data/runtime/rulesets/zh-Hans/creatures/caste.toml | data/runtime/rulesets/zh-Hans/creatures/name.toml	长颈鹿人	长颈鹿人	creature_raw.NAME[0]; singular; caste=-1; no CASTE_NAME or juvenile substitution	0xaa3bd0(race,out,plural=false,caste=-1); r9w==0xffff -> 0xaa3d69 -> 0xaa3d1e/0xaa3d36; creature_raw+0x20 NAME[0]
classic	data/vanilla/vanilla_creatures/objects/creature_large_tropical.txt	3550	GIANT_GIRAFFE	SELECT_CASTE:ALL	NAME	1	giant giraffe	giant giraffe	巨型长颈鹿	data/runtime/rulesets/zh-Hans/creatures/caste.toml | data/runtime/rulesets/zh-Hans/creatures/name.toml	巨型长颈鹿	巨长颈鹿	creature_raw.NAME[0]; singular; caste=-1; no CASTE_NAME or juvenile substitution	0xaa3bd0(race,out,plural=false,caste=-1); r9w==0xffff -> 0xaa3d69 -> 0xaa3d1e/0xaa3d36; creature_raw+0x20 NAME[0]
classic	data/vanilla/vanilla_creatures/objects/creature_large_tropical.txt	3568	HONEY BADGER		NAME	1	honey badger	honey badger	蜜獾	data/runtime/rulesets/zh-Hans/creatures/caste.toml | data/runtime/rulesets/zh-Hans/creatures/name.toml	蜜獾	蜜獾	creature_raw.NAME[0]; singular; caste=-1; no CASTE_NAME or juvenile substitution	0xaa3bd0(race,out,plural=false,caste=-1); r9w==0xffff -> 0xaa3d69 -> 0xaa3d1e/0xaa3d36; creature_raw+0x20 NAME[0]
classic	data/vanilla/vanilla_creatures/objects/creature_large_tropical.txt	3697	HONEY BADGER MAN	SELECT_CASTE:ALL	NAME	1	honey badger man	honey badger man	蜜獾人	data/runtime/rulesets/zh-Hans/creatures/caste.toml | data/runtime/rulesets/zh-Hans/creatures/name.toml	蜜獾人	蜜獾人	creature_raw.NAME[0]; singular; caste=-1; no CASTE_NAME or juvenile substitution	0xaa3bd0(race,out,plural=false,caste=-1); r9w==0xffff -> 0xaa3d69 -> 0xaa3d1e/0xaa3d36; creature_raw+0x20 NAME[0]
classic	data/vanilla/vanilla_creatures/objects/creature_large_tropical.txt	3726	HONEY BADGER, GIANT	SELECT_CASTE:ALL	NAME	1	giant honey badger	giant honey badger	巨型蜜獾	data/runtime/rulesets/zh-Hans/creatures/caste.toml | data/runtime/rulesets/zh-Hans/creatures/name.toml	巨型蜜獾	巨蜜獾	creature_raw.NAME[0]; singular; caste=-1; no CASTE_NAME or juvenile substitution	0xaa3bd0(race,out,plural=false,caste=-1); r9w==0xffff -> 0xaa3d69 -> 0xaa3d1e/0xaa3d36; creature_raw+0x20 NAME[0]
classic	data/vanilla/vanilla_creatures/objects/creature_large_tropical.txt	3754	GIANT TORTOISE		NAME	1	giant tortoise	giant tortoise	巨型陆龟	data/runtime/rulesets/zh-Hans/creatures/caste.toml | data/runtime/rulesets/zh-Hans/creatures/name.toml	巨型陆龟	陆龟	creature_raw.NAME[0]; singular; caste=-1; no CASTE_NAME or juvenile substitution	0xaa3bd0(race,out,plural=false,caste=-1); r9w==0xffff -> 0xaa3d69 -> 0xaa3d1e/0xaa3d36; creature_raw+0x20 NAME[0]
classic	data/vanilla/vanilla_creatures/objects/creature_large_tropical.txt	3859	GIANT TORTOISE MAN	SELECT_CASTE:ALL	NAME	1	giant tortoise man	giant tortoise man	巨型陆龟人	data/runtime/rulesets/zh-Hans/creatures/caste.toml | data/runtime/rulesets/zh-Hans/creatures/name.toml	巨型陆龟人	陆龟人	creature_raw.NAME[0]; singular; caste=-1; no CASTE_NAME or juvenile substitution	0xaa3bd0(race,out,plural=false,caste=-1); r9w==0xffff -> 0xaa3d69 -> 0xaa3d1e/0xaa3d36; creature_raw+0x20 NAME[0]
classic	data/vanilla/vanilla_creatures/objects/creature_large_tropical.txt	3875	GIGANTIC TORTOISE		NAME	1	gigantic tortoise	gigantic tortoise	巨型陆龟	data/runtime/rulesets/zh-Hans/creatures/caste.toml | data/runtime/rulesets/zh-Hans/creatures/name.toml	巨型陆龟	巨陆龟	creature_raw.NAME[0]; singular; caste=-1; no CASTE_NAME or juvenile substitution	0xaa3bd0(race,out,plural=false,caste=-1); r9w==0xffff -> 0xaa3d69 -> 0xaa3d1e/0xaa3d36; creature_raw+0x20 NAME[0]
classic	data/vanilla/vanilla_creatures/objects/creature_large_tropical.txt	3901	ARMADILLO		NAME	1	armadillo	armadillo	犰狳	data/runtime/rulesets/zh-Hans/creatures/name.toml	犰狳	犰狳	creature_raw.NAME[0]; singular; caste=-1; no CASTE_NAME or juvenile substitution	0xaa3bd0(race,out,plural=false,caste=-1); r9w==0xffff -> 0xaa3d69 -> 0xaa3d1e/0xaa3d36; creature_raw+0x20 NAME[0]
classic	data/vanilla/vanilla_creatures/objects/creature_large_tropical.txt	4004	ARMADILLO MAN	SELECT_CASTE:ALL	NAME	1	armadillo man	armadillo man	犰狳人	data/runtime/rulesets/zh-Hans/creatures/caste.toml | data/runtime/rulesets/zh-Hans/creatures/name.toml	犰狳人	犰狳人	creature_raw.NAME[0]; singular; caste=-1; no CASTE_NAME or juvenile substitution	0xaa3bd0(race,out,plural=false,caste=-1); r9w==0xffff -> 0xaa3d69 -> 0xaa3d1e/0xaa3d36; creature_raw+0x20 NAME[0]
classic	data/vanilla/vanilla_creatures/objects/creature_large_tropical.txt	4020	ARMADILLO, GIANT		NAME	1	giant armadillo	giant armadillo	巨型犰狳	data/runtime/rulesets/zh-Hans/creatures/name.toml	巨型犰狳	巨犰狳	creature_raw.NAME[0]; singular; caste=-1; no CASTE_NAME or juvenile substitution	0xaa3bd0(race,out,plural=false,caste=-1); r9w==0xffff -> 0xaa3d69 -> 0xaa3d1e/0xaa3d36; creature_raw+0x20 NAME[0]
classic	data/vanilla/vanilla_creatures/objects/creature_large_tundra.txt	7	MUSKOX		NAME	1	muskox	muskox	麝牛	data/runtime/rulesets/zh-Hans/creatures/caste.toml | data/runtime/rulesets/zh-Hans/creatures/name.toml	麝牛	麝牛	creature_raw.NAME[0]; singular; caste=-1; no CASTE_NAME or juvenile substitution	0xaa3bd0(race,out,plural=false,caste=-1); r9w==0xffff -> 0xaa3d69 -> 0xaa3d1e/0xaa3d36; creature_raw+0x20 NAME[0]
classic	data/vanilla/vanilla_creatures/objects/creature_large_tundra.txt	130	MUSKOX_MAN	SELECT_CASTE:ALL	NAME	1	muskox man	muskox man	麝牛人	data/runtime/rulesets/zh-Hans/creatures/caste.toml | data/runtime/rulesets/zh-Hans/creatures/name.toml	麝牛人	麝牛人	creature_raw.NAME[0]; singular; caste=-1; no CASTE_NAME or juvenile substitution	0xaa3bd0(race,out,plural=false,caste=-1); r9w==0xffff -> 0xaa3d69 -> 0xaa3d1e/0xaa3d36; creature_raw+0x20 NAME[0]
classic	data/vanilla/vanilla_creatures/objects/creature_large_tundra.txt	147	GIANT_MUSKOX	SELECT_CASTE:ALL	NAME	1	giant muskox	giant muskox	巨型麝牛	data/runtime/rulesets/zh-Hans/creatures/caste.toml | data/runtime/rulesets/zh-Hans/creatures/name.toml	巨型麝牛	巨麝牛	creature_raw.NAME[0]; singular; caste=-1; no CASTE_NAME or juvenile substitution	0xaa3bd0(race,out,plural=false,caste=-1); r9w==0xffff -> 0xaa3d69 -> 0xaa3d1e/0xaa3d36; creature_raw+0x20 NAME[0]
classic	data/vanilla/vanilla_creatures/objects/creature_large_tundra.txt	166	ELK		NAME	1	elk	elk	麋鹿	data/runtime/rulesets/zh-Hans/creatures/caste.toml | data/runtime/rulesets/zh-Hans/creatures/name.toml	麋鹿	麋鹿	creature_raw.NAME[0]; singular; caste=-1; no CASTE_NAME or juvenile substitution	0xaa3bd0(race,out,plural=false,caste=-1); r9w==0xffff -> 0xaa3d69 -> 0xaa3d1e/0xaa3d36; creature_raw+0x20 NAME[0]
classic	data/vanilla/vanilla_creatures/objects/creature_large_tundra.txt	291	ELK_MAN	SELECT_CASTE:ALL	NAME	1	elk man	elk man	麋鹿人	data/runtime/rulesets/zh-Hans/creatures/caste.toml | data/runtime/rulesets/zh-Hans/creatures/name.toml	麋鹿人	麋鹿人	creature_raw.NAME[0]; singular; caste=-1; no CASTE_NAME or juvenile substitution	0xaa3bd0(race,out,plural=false,caste=-1); r9w==0xffff -> 0xaa3d69 -> 0xaa3d1e/0xaa3d36; creature_raw+0x20 NAME[0]
classic	data/vanilla/vanilla_creatures/objects/creature_large_tundra.txt	308	GIANT_ELK	SELECT_CASTE:ALL	NAME	1	giant elk	giant elk	巨型麋鹿	data/runtime/rulesets/zh-Hans/creatures/caste.toml | data/runtime/rulesets/zh-Hans/creatures/name.toml	巨型麋鹿	巨麋鹿	creature_raw.NAME[0]; singular; caste=-1; no CASTE_NAME or juvenile substitution	0xaa3bd0(race,out,plural=false,caste=-1); r9w==0xffff -> 0xaa3d69 -> 0xaa3d1e/0xaa3d36; creature_raw+0x20 NAME[0]
classic	data/vanilla/vanilla_creatures/objects/creature_large_tundra.txt	327	BEAR_POLAR		NAME	1	polar bear	polar bear	北极熊	data/runtime/rulesets/zh-Hans/creatures/caste.toml | data/runtime/rulesets/zh-Hans/creatures/name.toml	北极熊	北极熊	creature_raw.NAME[0]; singular; caste=-1; no CASTE_NAME or juvenile substitution	0xaa3bd0(race,out,plural=false,caste=-1); r9w==0xffff -> 0xaa3d69 -> 0xaa3d1e/0xaa3d36; creature_raw+0x20 NAME[0]
classic	data/vanilla/vanilla_creatures/objects/creature_large_tundra.txt	445	BEAR_POLAR_MAN	SELECT_CASTE:ALL	NAME	1	polar bear man	polar bear man	北极熊人	data/runtime/rulesets/zh-Hans/creatures/caste.toml | data/runtime/rulesets/zh-Hans/creatures/name.toml	北极熊人	北极熊人	creature_raw.NAME[0]; singular; caste=-1; no CASTE_NAME or juvenile substitution	0xaa3bd0(race,out,plural=false,caste=-1); r9w==0xffff -> 0xaa3d69 -> 0xaa3d1e/0xaa3d36; creature_raw+0x20 NAME[0]
classic	data/vanilla/vanilla_creatures/objects/creature_large_tundra.txt	464	GIANT_BEAR_POLAR	SELECT_CASTE:ALL	NAME	1	giant polar bear	giant polar bear	巨型北极熊	data/runtime/rulesets/zh-Hans/creatures/caste.toml | data/runtime/rulesets/zh-Hans/creatures/name.toml	巨型北极熊	巨北极熊	creature_raw.NAME[0]; singular; caste=-1; no CASTE_NAME or juvenile substitution	0xaa3bd0(race,out,plural=false,caste=-1); r9w==0xffff -> 0xaa3d69 -> 0xaa3d1e/0xaa3d36; creature_raw+0x20 NAME[0]
classic	data/vanilla/vanilla_creatures/objects/creature_mountain_new.txt	12	WOLVERINE		NAME	1	wolverine	wolverine	狼獾	data/runtime/rulesets/zh-Hans/creatures/caste.toml | data/runtime/rulesets/zh-Hans/creatures/name.toml	狼獾	狼獾	creature_raw.NAME[0]; singular; caste=-1; no CASTE_NAME or juvenile substitution	0xaa3bd0(race,out,plural=false,caste=-1); r9w==0xffff -> 0xaa3d69 -> 0xaa3d1e/0xaa3d36; creature_raw+0x20 NAME[0]
classic	data/vanilla/vanilla_creatures/objects/creature_mountain_new.txt	132	WOLVERINE_MAN	SELECT_CASTE:ALL	NAME	1	wolverine man	wolverine man	狼獾人	data/runtime/rulesets/zh-Hans/creatures/caste.toml | data/runtime/rulesets/zh-Hans/creatures/name.toml	狼獾人	狼獾人	creature_raw.NAME[0]; singular; caste=-1; no CASTE_NAME or juvenile substitution	0xaa3bd0(race,out,plural=false,caste=-1); r9w==0xffff -> 0xaa3d69 -> 0xaa3d1e/0xaa3d36; creature_raw+0x20 NAME[0]
classic	data/vanilla/vanilla_creatures/objects/creature_mountain_new.txt	151	GIANT_WOLVERINE	SELECT_CASTE:ALL	NAME	1	giant wolverine	giant wolverine	巨型狼獾	data/runtime/rulesets/zh-Hans/creatures/caste.toml | data/runtime/rulesets/zh-Hans/creatures/name.toml	巨型狼獾	巨狼獾	creature_raw.NAME[0]; singular; caste=-1; no CASTE_NAME or juvenile substitution	0xaa3bd0(race,out,plural=false,caste=-1); r9w==0xffff -> 0xaa3d69 -> 0xaa3d1e/0xaa3d36; creature_raw+0x20 NAME[0]
classic	data/vanilla/vanilla_creatures/objects/creature_mountain_new.txt	172	CHINCHILLA		NAME	1	chinchilla	chinchilla	毛丝鼠	data/runtime/rulesets/zh-Hans/creatures/caste.toml | data/runtime/rulesets/zh-Hans/creatures/name.toml	毛丝鼠	毛丝鼠	creature_raw.NAME[0]; singular; caste=-1; no CASTE_NAME or juvenile substitution	0xaa3bd0(race,out,plural=false,caste=-1); r9w==0xffff -> 0xaa3d69 -> 0xaa3d1e/0xaa3d36; creature_raw+0x20 NAME[0]
classic	data/vanilla/vanilla_creatures/objects/creature_mountain_new.txt	278	CHINCHILLA_MAN	SELECT_CASTE:ALL	NAME	1	chinchilla man	chinchilla man	毛丝鼠人	data/runtime/rulesets/zh-Hans/creatures/caste.toml | data/runtime/rulesets/zh-Hans/creatures/name.toml	毛丝鼠人	毛丝鼠人	creature_raw.NAME[0]; singular; caste=-1; no CASTE_NAME or juvenile substitution	0xaa3bd0(race,out,plural=false,caste=-1); r9w==0xffff -> 0xaa3d69 -> 0xaa3d1e/0xaa3d36; creature_raw+0x20 NAME[0]
classic	data/vanilla/vanilla_creatures/objects/creature_mountain_new.txt	297	GIANT_CHINCHILLA	SELECT_CASTE:ALL	NAME	1	giant chinchilla	giant chinchilla	巨型毛丝鼠	data/runtime/rulesets/zh-Hans/creatures/caste.toml | data/runtime/rulesets/zh-Hans/creatures/name.toml	巨型毛丝鼠	巨毛丝鼠	creature_raw.NAME[0]; singular; caste=-1; no CASTE_NAME or juvenile substitution	0xaa3bd0(race,out,plural=false,caste=-1); r9w==0xffff -> 0xaa3d69 -> 0xaa3d1e/0xaa3d36; creature_raw+0x20 NAME[0]
classic	data/vanilla/vanilla_creatures/objects/creature_next_underground.txt	8	FLOATING_GUTS		NAME	1	floating guts	floating guts	浮脏怪	data/runtime/rulesets/zh-Hans/creatures/caste.toml | data/runtime/rulesets/zh-Hans/creatures/name.toml	浮脏怪	飘浮内脏	creature_raw.NAME[0]; singular; caste=-1; no CASTE_NAME or juvenile substitution	0xaa3bd0(race,out,plural=false,caste=-1); r9w==0xffff -> 0xaa3d69 -> 0xaa3d1e/0xaa3d36; creature_raw+0x20 NAME[0]
classic	data/vanilla/vanilla_creatures/objects/creature_next_underground.txt	62	DRUNIAN		NAME	1	drunian	drunian	鬃面窃兽	data/runtime/rulesets/zh-Hans/creatures/caste.toml | data/runtime/rulesets/zh-Hans/creatures/name.toml	鬃面窃兽	德鲁尼安人	creature_raw.NAME[0]; singular; caste=-1; no CASTE_NAME or juvenile substitution	0xaa3bd0(race,out,plural=false,caste=-1); r9w==0xffff -> 0xaa3d69 -> 0xaa3d1e/0xaa3d36; creature_raw+0x20 NAME[0]
classic	data/vanilla/vanilla_creatures/objects/creature_next_underground.txt	154	CREEPING_EYE		NAME	1	creeping eye	creeping eye	爬壁魔眼	data/runtime/rulesets/zh-Hans/creatures/caste.toml | data/runtime/rulesets/zh-Hans/creatures/name.toml	爬壁魔眼	爬行之眼	creature_raw.NAME[0]; singular; caste=-1; no CASTE_NAME or juvenile substitution	0xaa3bd0(race,out,plural=false,caste=-1); r9w==0xffff -> 0xaa3d69 -> 0xaa3d1e/0xaa3d36; creature_raw+0x20 NAME[0]
classic	data/vanilla/vanilla_creatures/objects/creature_next_underground.txt	208	VORACIOUS_CAVE_CRAWLER		NAME	1	voracious cave crawler	voracious cave crawler	贪食穴行兽	data/runtime/rulesets/zh-Hans/creatures/caste.toml | data/runtime/rulesets/zh-Hans/creatures/name.toml	贪食穴行兽	贪婪洞穴行者	creature_raw.NAME[0]; singular; caste=-1; no CASTE_NAME or juvenile substitution	0xaa3bd0(race,out,plural=false,caste=-1); r9w==0xffff -> 0xaa3d69 -> 0xaa3d1e/0xaa3d36; creature_raw+0x20 NAME[0]
classic	data/vanilla/vanilla_creatures/objects/creature_next_underground.txt	280	BLIND_CAVE_OGRE		NAME	1	blind cave ogre	blind cave ogre	盲眼洞穴食人魔	data/runtime/rulesets/zh-Hans/creatures/caste.toml | data/runtime/rulesets/zh-Hans/creatures/name.toml	盲眼洞穴食人魔	盲洞穴食人魔	creature_raw.NAME[0]; singular; caste=-1; no CASTE_NAME or juvenile substitution	0xaa3bd0(race,out,plural=false,caste=-1); r9w==0xffff -> 0xaa3d69 -> 0xaa3d1e/0xaa3d36; creature_raw+0x20 NAME[0]
classic	data/vanilla/vanilla_creatures/objects/creature_next_underground.txt	375	CAP_HOPPER		NAME	1	cap hopper	cap hopper	菌盖跳螈	data/runtime/rulesets/zh-Hans/creatures/caste.toml | data/runtime/rulesets/zh-Hans/creatures/name.toml	菌盖跳螈	跳帽蜥	creature_raw.NAME[0]; singular; caste=-1; no CASTE_NAME or juvenile substitution	0xaa3bd0(race,out,plural=false,caste=-1); r9w==0xffff -> 0xaa3d69 -> 0xaa3d1e/0xaa3d36; creature_raw+0x20 NAME[0]
classic	data/vanilla/vanilla_creatures/objects/creature_next_underground.txt	445	MAGMA_CRAB		NAME	1	magma crab	magma crab	熔岩螃蟹	data/runtime/rulesets/zh-Hans/creatures/caste.toml | data/runtime/rulesets/zh-Hans/creatures/name.toml	熔岩螃蟹	熔岩螃蟹	creature_raw.NAME[0]; singular; caste=-1; no CASTE_NAME or juvenile substitution	0xaa3bd0(race,out,plural=false,caste=-1); r9w==0xffff -> 0xaa3d69 -> 0xaa3d1e/0xaa3d36; creature_raw+0x20 NAME[0]
classic	data/vanilla/vanilla_creatures/objects/creature_next_underground.txt	510	CRUNDLE		NAME	1	crundle	crundle	爪角怪	data/runtime/rulesets/zh-Hans/creatures/caste.toml | data/runtime/rulesets/zh-Hans/creatures/name.toml	爪角怪	爪角怪	creature_raw.NAME[0]; singular; caste=-1; no CASTE_NAME or juvenile substitution	0xaa3bd0(race,out,plural=false,caste=-1); r9w==0xffff -> 0xaa3d69 -> 0xaa3d1e/0xaa3d36; creature_raw+0x20 NAME[0]
classic	data/vanilla/vanilla_creatures/objects/creature_next_underground.txt	632	HUNGRY_HEAD		NAME	1	hungry head	hungry head	饥饿之颅	data/runtime/rulesets/zh-Hans/creatures/caste.toml | data/runtime/rulesets/zh-Hans/creatures/name.toml	饥饿之颅	饥饿之颅	creature_raw.NAME[0]; singular; caste=-1; no CASTE_NAME or juvenile substitution	0xaa3bd0(race,out,plural=false,caste=-1); r9w==0xffff -> 0xaa3d69 -> 0xaa3d1e/0xaa3d36; creature_raw+0x20 NAME[0]
classic	data/vanilla/vanilla_creatures/objects/creature_next_underground.txt	704	FLESH_BALL		NAME	1	flesh ball	flesh ball	血肉之球	data/runtime/rulesets/zh-Hans/creatures/caste.toml | data/runtime/rulesets/zh-Hans/creatures/name.toml	血肉之球	血肉之球	creature_raw.NAME[0]; singular; caste=-1; no CASTE_NAME or juvenile substitution	0xaa3bd0(race,out,plural=false,caste=-1); r9w==0xffff -> 0xaa3d69 -> 0xaa3d1e/0xaa3d36; creature_raw+0x20 NAME[0]
classic	data/vanilla/vanilla_creatures/objects/creature_next_underground.txt	748	ELK_BIRD		NAME	1	elk bird	elk bird	麋鹿鸟	data/runtime/rulesets/zh-Hans/creatures/caste.toml | data/runtime/rulesets/zh-Hans/creatures/name.toml	麋鹿鸟	麋鹿鸟	creature_raw.NAME[0]; singular; caste=-1; no CASTE_NAME or juvenile substitution	0xaa3bd0(race,out,plural=false,caste=-1); r9w==0xffff -> 0xaa3d69 -> 0xaa3d1e/0xaa3d36; creature_raw+0x20 NAME[0]
classic	data/vanilla/vanilla_creatures/objects/creature_next_underground.txt	861	HELMET_SNAKE		NAME	1	helmet snake	helmet snake	头盔蛇	data/runtime/rulesets/zh-Hans/creatures/caste.toml | data/runtime/rulesets/zh-Hans/creatures/name.toml	头盔蛇	头盔蛇	creature_raw.NAME[0]; singular; caste=-1; no CASTE_NAME or juvenile substitution	0xaa3bd0(race,out,plural=false,caste=-1); r9w==0xffff -> 0xaa3d69 -> 0xaa3d1e/0xaa3d36; creature_raw+0x20 NAME[0]
classic	data/vanilla/vanilla_creatures/objects/creature_next_underground.txt	974	GREEN_DEVOURER		NAME	1	green devourer	green devourer	绿色吞噬者	data/runtime/rulesets/zh-Hans/creatures/caste.toml | data/runtime/rulesets/zh-Hans/creatures/name.toml	绿色吞噬者	绿色吞噬者	creature_raw.NAME[0]; singular; caste=-1; no CASTE_NAME or juvenile substitution	0xaa3bd0(race,out,plural=false,caste=-1); r9w==0xffff -> 0xaa3d69 -> 0xaa3d1e/0xaa3d36; creature_raw+0x20 NAME[0]
classic	data/vanilla/vanilla_creatures/objects/creature_next_underground.txt	1044	RUTHERER		NAME	1	rutherer	rutherer	厚毛巨尾兽	data/runtime/rulesets/zh-Hans/creatures/caste.toml | data/runtime/rulesets/zh-Hans/creatures/name.toml	厚毛巨尾兽	厚毛巨尾兽	creature_raw.NAME[0]; singular; caste=-1; no CASTE_NAME or juvenile substitution	0xaa3bd0(race,out,plural=false,caste=-1); r9w==0xffff -> 0xaa3d69 -> 0xaa3d1e/0xaa3d36; creature_raw+0x20 NAME[0]
classic	data/vanilla/vanilla_creatures/objects/creature_next_underground.txt	1132	CREEPY_CRAWLER		NAME	1	creepy crawler	creepy crawler	恐怖爬行者	data/runtime/rulesets/zh-Hans/creatures/caste.toml | data/runtime/rulesets/zh-Hans/creatures/name.toml	恐怖爬行者	恐怖爬行者	creature_raw.NAME[0]; singular; caste=-1; no CASTE_NAME or juvenile substitution	0xaa3bd0(race,out,plural=false,caste=-1); r9w==0xffff -> 0xaa3d69 -> 0xaa3d1e/0xaa3d36; creature_raw+0x20 NAME[0]
classic	data/vanilla/vanilla_creatures/objects/creature_next_underground.txt	1178	DRALTHA		NAME	1	draltha	draltha	食菇兽	data/runtime/rulesets/zh-Hans/creatures/caste.toml | data/runtime/rulesets/zh-Hans/creatures/name.toml	食菇兽	食菇兽	creature_raw.NAME[0]; singular; caste=-1; no CASTE_NAME or juvenile substitution	0xaa3bd0(race,out,plural=false,caste=-1); r9w==0xffff -> 0xaa3d69 -> 0xaa3d1e/0xaa3d36; creature_raw+0x20 NAME[0]
classic	data/vanilla/vanilla_creatures/objects/creature_next_underground.txt	1266	GIANT_EARTHWORM		NAME	1	giant earthworm	giant earthworm	巨型蚯蚓	data/runtime/rulesets/zh-Hans/creatures/caste.toml | data/runtime/rulesets/zh-Hans/creatures/name.toml	巨型蚯蚓	巨型蚯蚓	creature_raw.NAME[0]; singular; caste=-1; no CASTE_NAME or juvenile substitution	0xaa3bd0(race,out,plural=false,caste=-1); r9w==0xffff -> 0xaa3d69 -> 0xaa3d1e/0xaa3d36; creature_raw+0x20 NAME[0]
classic	data/vanilla/vanilla_creatures/objects/creature_next_underground.txt	1315	BLOOD_MAN		NAME	1	blood man	blood man	血人	data/runtime/rulesets/zh-Hans/creatures/caste.toml | data/runtime/rulesets/zh-Hans/creatures/name.toml	血人	血人	creature_raw.NAME[0]; singular; caste=-1; no CASTE_NAME or juvenile substitution	0xaa3bd0(race,out,plural=false,caste=-1); r9w==0xffff -> 0xaa3d69 -> 0xaa3d1e/0xaa3d36; creature_raw+0x20 NAME[0]
classic	data/vanilla/vanilla_creatures/objects/creature_next_underground.txt	1388	BUGBAT		NAME	1	bugbat	bugbat	虫蝠	data/runtime/rulesets/zh-Hans/creatures/caste.toml | data/runtime/rulesets/zh-Hans/creatures/name.toml	虫蝠	虫蝠	creature_raw.NAME[0]; singular; caste=-1; no CASTE_NAME or juvenile substitution	0xaa3bd0(race,out,plural=false,caste=-1); r9w==0xffff -> 0xaa3d69 -> 0xaa3d1e/0xaa3d36; creature_raw+0x20 NAME[0]
classic	data/vanilla/vanilla_creatures/objects/creature_next_underground.txt	1472	MANERA		NAME	1	manera	manera	倒吊鲨齿怪	data/runtime/rulesets/zh-Hans/creatures/caste.toml | data/runtime/rulesets/zh-Hans/creatures/name.toml	倒吊鲨齿怪	倒吊鲨齿怪	creature_raw.NAME[0]; singular; caste=-1; no CASTE_NAME or juvenile substitution	0xaa3bd0(race,out,plural=false,caste=-1); r9w==0xffff -> 0xaa3d69 -> 0xaa3d1e/0xaa3d36; creature_raw+0x20 NAME[0]
classic	data/vanilla/vanilla_creatures/objects/creature_next_underground.txt	1555	MOLEMARIAN		NAME	1	molemarian	molemarian	半身鼹鼠兽	data/runtime/rulesets/zh-Hans/creatures/caste.toml | data/runtime/rulesets/zh-Hans/creatures/name.toml	半身鼹鼠兽	半身鼹鼠兽	creature_raw.NAME[0]; singular; caste=-1; no CASTE_NAME or juvenile substitution	0xaa3bd0(race,out,plural=false,caste=-1); r9w==0xffff -> 0xaa3d69 -> 0xaa3d1e/0xaa3d36; creature_raw+0x20 NAME[0]
classic	data/vanilla/vanilla_creatures/objects/creature_next_underground.txt	1646	JABBERER		NAME	1	jabberer	jabberer	宽喙巨兽	data/runtime/rulesets/zh-Hans/creatures/caste.toml | data/runtime/rulesets/zh-Hans/creatures/name.toml	宽喙巨兽	宽喙巨兽	creature_raw.NAME[0]; singular; caste=-1; no CASTE_NAME or juvenile substitution	0xaa3bd0(race,out,plural=false,caste=-1); r9w==0xffff -> 0xaa3d69 -> 0xaa3d1e/0xaa3d36; creature_raw+0x20 NAME[0]
classic	data/vanilla/vanilla_creatures/objects/creature_next_underground.txt	1752	POND_GRABBER		NAME	1	pond grabber	pond grabber	池塘掠取者	data/runtime/rulesets/zh-Hans/creatures/caste.toml | data/runtime/rulesets/zh-Hans/creatures/name.toml	池塘掠取者	池塘掠取者	creature_raw.NAME[0]; singular; caste=-1; no CASTE_NAME or juvenile substitution	0xaa3bd0(race,out,plural=false,caste=-1); r9w==0xffff -> 0xaa3d69 -> 0xaa3d1e/0xaa3d36; creature_raw+0x20 NAME[0]
classic	data/vanilla/vanilla_creatures/objects/creature_next_underground.txt	1823	BLIND_CAVE_BEAR		NAME	1	blind cave bear	blind cave bear	盲洞穴熊	data/runtime/rulesets/zh-Hans/creatures/caste.toml | data/runtime/rulesets/zh-Hans/creatures/name.toml	盲洞穴熊	盲洞穴熊	creature_raw.NAME[0]; singular; caste=-1; no CASTE_NAME or juvenile substitution	0xaa3bd0(race,out,plural=false,caste=-1); r9w==0xffff -> 0xaa3d69 -> 0xaa3d1e/0xaa3d36; creature_raw+0x20 NAME[0]
classic	data/vanilla/vanilla_creatures/objects/creature_next_underground.txt	1910	CAVE_DRAGON		NAME	1	cave dragon	cave dragon	洞穴龙	data/runtime/rulesets/zh-Hans/creatures/caste.toml | data/runtime/rulesets/zh-Hans/creatures/name.toml	洞穴龙	洞穴龙	creature_raw.NAME[0]; singular; caste=-1; no CASTE_NAME or juvenile substitution	0xaa3bd0(race,out,plural=false,caste=-1); r9w==0xffff -> 0xaa3d69 -> 0xaa3d1e/0xaa3d36; creature_raw+0x20 NAME[0]
classic	data/vanilla/vanilla_creatures/objects/creature_next_underground.txt	2019	REACHER		NAME	1	reacher	reacher	诱抵者	data/runtime/rulesets/zh-Hans/creatures/caste.toml | data/runtime/rulesets/zh-Hans/creatures/name.toml	诱抵者	诱抵者	creature_raw.NAME[0]; singular; caste=-1; no CASTE_NAME or juvenile substitution	0xaa3bd0(race,out,plural=false,caste=-1); r9w==0xffff -> 0xaa3d69 -> 0xaa3d1e/0xaa3d36; creature_raw+0x20 NAME[0]
classic	data/vanilla/vanilla_creatures/objects/creature_next_underground.txt	2124	ELEMENTMAN_GABBRO		NAME	1	gabbro man	gabbro man	辉长岩人 	data/runtime/rulesets/zh-Hans/creatures/caste.toml | data/runtime/rulesets/zh-Hans/creatures/name.toml	辉长岩人 	辉长岩人	creature_raw.NAME[0]; singular; caste=-1; no CASTE_NAME or juvenile substitution	0xaa3bd0(race,out,plural=false,caste=-1); r9w==0xffff -> 0xaa3d69 -> 0xaa3d1e/0xaa3d36; creature_raw+0x20 NAME[0]
classic	data/vanilla/vanilla_creatures/objects/creature_next_underground.txt	2186	GORLAK		NAME	1	gorlak	gorlak	獠牙怪	data/runtime/rulesets/zh-Hans/creatures/caste.toml | data/runtime/rulesets/zh-Hans/creatures/name.toml	獠牙怪	獠牙怪	creature_raw.NAME[0]; singular; caste=-1; no CASTE_NAME or juvenile substitution	0xaa3bd0(race,out,plural=false,caste=-1); r9w==0xffff -> 0xaa3d69 -> 0xaa3d1e/0xaa3d36; creature_raw+0x20 NAME[0]
classic	data/vanilla/vanilla_creatures/objects/creature_next_underground.txt	2324	CAVE_FLOATER		NAME	1	cave floater	cave floater	洞穴飘浮者	data/runtime/rulesets/zh-Hans/creatures/caste.toml | data/runtime/rulesets/zh-Hans/creatures/name.toml	洞穴飘浮者	洞穴漂浮者	creature_raw.NAME[0]; singular; caste=-1; no CASTE_NAME or juvenile substitution	0xaa3bd0(race,out,plural=false,caste=-1); r9w==0xffff -> 0xaa3d69 -> 0xaa3d1e/0xaa3d36; creature_raw+0x20 NAME[0]
classic	data/vanilla/vanilla_creatures/objects/creature_next_underground.txt	2413	PLUMP_HELMET_MAN		NAME	1	plump helmet man	plump helmet man	肉盔菇人	data/runtime/rulesets/zh-Hans/creatures/caste.toml | data/runtime/rulesets/zh-Hans/creatures/name.toml	肉盔菇人	肉盔菇人	creature_raw.NAME[0]; singular; caste=-1; no CASTE_NAME or juvenile substitution	0xaa3bd0(race,out,plural=false,caste=-1); r9w==0xffff -> 0xaa3d69 -> 0xaa3d1e/0xaa3d36; creature_raw+0x20 NAME[0]
classic	data/vanilla/vanilla_creatures/objects/creature_next_underground.txt	2502	CAVE_BLOB		NAME	1	cave blob	cave blob	洞穴滴团	data/runtime/rulesets/zh-Hans/creatures/caste.toml | data/runtime/rulesets/zh-Hans/creatures/name.toml	洞穴滴团	洞穴滴团	creature_raw.NAME[0]; singular; caste=-1; no CASTE_NAME or juvenile substitution	0xaa3bd0(race,out,plural=false,caste=-1); r9w==0xffff -> 0xaa3d69 -> 0xaa3d1e/0xaa3d36; creature_raw+0x20 NAME[0]
classic	data/vanilla/vanilla_creatures/objects/creature_next_underground.txt	2576	ELEMENTMAN_AMETHYST		NAME	1	amethyst man	amethyst man	紫水晶人	data/runtime/rulesets/zh-Hans/creatures/caste.toml | data/runtime/rulesets/zh-Hans/creatures/name.toml	紫水晶人	紫水晶人	creature_raw.NAME[0]; singular; caste=-1; no CASTE_NAME or juvenile substitution	0xaa3bd0(race,out,plural=false,caste=-1); r9w==0xffff -> 0xaa3d69 -> 0xaa3d1e/0xaa3d36; creature_raw+0x20 NAME[0]
classic	data/vanilla/vanilla_creatures/objects/creature_ocean_new.txt	13	OCTOPUS		NAME	1	octopus	octopus	章鱼	data/runtime/rulesets/zh-Hans/creatures/caste.toml | data/runtime/rulesets/zh-Hans/creatures/name.toml	章鱼	章鱼	creature_raw.NAME[0]; singular; caste=-1; no CASTE_NAME or juvenile substitution	0xaa3bd0(race,out,plural=false,caste=-1); r9w==0xffff -> 0xaa3d69 -> 0xaa3d1e/0xaa3d36; creature_raw+0x20 NAME[0]
classic	data/vanilla/vanilla_creatures/objects/creature_ocean_new.txt	124	OCTOPUS_MAN	SELECT_CASTE:ALL	NAME	1	octopus man	octopus man	章鱼人	data/runtime/rulesets/zh-Hans/creatures/caste.toml | data/runtime/rulesets/zh-Hans/creatures/name.toml	章鱼人	章鱼人	creature_raw.NAME[0]; singular; caste=-1; no CASTE_NAME or juvenile substitution	0xaa3bd0(race,out,plural=false,caste=-1); r9w==0xffff -> 0xaa3d69 -> 0xaa3d1e/0xaa3d36; creature_raw+0x20 NAME[0]
classic	data/vanilla/vanilla_creatures/objects/creature_ocean_new.txt	150	GIANT_OCTOPUS	SELECT_CASTE:ALL	NAME	1	giant octopus	giant octopus	巨型章鱼	data/runtime/rulesets/zh-Hans/creatures/caste.toml | data/runtime/rulesets/zh-Hans/creatures/name.toml	巨型章鱼	巨章鱼	creature_raw.NAME[0]; singular; caste=-1; no CASTE_NAME or juvenile substitution	0xaa3bd0(race,out,plural=false,caste=-1); r9w==0xffff -> 0xaa3d69 -> 0xaa3d1e/0xaa3d36; creature_raw+0x20 NAME[0]
classic	data/vanilla/vanilla_creatures/objects/creature_ocean_new.txt	171	CRAB		NAME	1	crab	crab	螃蟹	data/runtime/rulesets/zh-Hans/creatures/caste.toml | data/runtime/rulesets/zh-Hans/creatures/name.toml	螃蟹	螃蟹	creature_raw.NAME[0]; singular; caste=-1; no CASTE_NAME or juvenile substitution	0xaa3bd0(race,out,plural=false,caste=-1); r9w==0xffff -> 0xaa3d69 -> 0xaa3d1e/0xaa3d36; creature_raw+0x20 NAME[0]
classic	data/vanilla/vanilla_creatures/objects/creature_ocean_new.txt	243	CRAB_MAN	SELECT_CASTE:ALL	NAME	1	crab man	crab man	螃蟹人	data/runtime/rulesets/zh-Hans/creatures/caste.toml | data/runtime/rulesets/zh-Hans/creatures/name.toml	螃蟹人	螃蟹人	creature_raw.NAME[0]; singular; caste=-1; no CASTE_NAME or juvenile substitution	0xaa3bd0(race,out,plural=false,caste=-1); r9w==0xffff -> 0xaa3d69 -> 0xaa3d1e/0xaa3d36; creature_raw+0x20 NAME[0]
classic	data/vanilla/vanilla_creatures/objects/creature_ocean_new.txt	260	GIANT_CRAB	SELECT_CASTE:ALL	NAME	1	giant crab	giant crab	巨型螃蟹	data/runtime/rulesets/zh-Hans/creatures/caste.toml | data/runtime/rulesets/zh-Hans/creatures/name.toml	巨型螃蟹	巨蟹	creature_raw.NAME[0]; singular; caste=-1; no CASTE_NAME or juvenile substitution	0xaa3bd0(race,out,plural=false,caste=-1); r9w==0xffff -> 0xaa3d69 -> 0xaa3d1e/0xaa3d36; creature_raw+0x20 NAME[0]
classic	data/vanilla/vanilla_creatures/objects/creature_ocean_new.txt	283	LEOPARD_SEAL		NAME	1	leopard seal	leopard seal	豹形海豹	data/runtime/rulesets/zh-Hans/creatures/caste.toml | data/runtime/rulesets/zh-Hans/creatures/name.toml	豹形海豹	豹形海豹	creature_raw.NAME[0]; singular; caste=-1; no CASTE_NAME or juvenile substitution	0xaa3bd0(race,out,plural=false,caste=-1); r9w==0xffff -> 0xaa3d69 -> 0xaa3d1e/0xaa3d36; creature_raw+0x20 NAME[0]
classic	data/vanilla/vanilla_creatures/objects/creature_ocean_new.txt	375	LEOPARD_SEAL_MAN	SELECT_CASTE:ALL	NAME	1	leopard seal man	leopard seal man	豹形海豹人	data/runtime/rulesets/zh-Hans/creatures/caste.toml | data/runtime/rulesets/zh-Hans/creatures/name.toml	豹形海豹人	豹形海豹人	creature_raw.NAME[0]; singular; caste=-1; no CASTE_NAME or juvenile substitution	0xaa3bd0(race,out,plural=false,caste=-1); r9w==0xffff -> 0xaa3d69 -> 0xaa3d1e/0xaa3d36; creature_raw+0x20 NAME[0]
classic	data/vanilla/vanilla_creatures/objects/creature_ocean_new.txt	392	GIANT_LEOPARD_SEAL	SELECT_CASTE:ALL	NAME	1	giant leopard seal	giant leopard seal	巨型豹形海豹	data/runtime/rulesets/zh-Hans/creatures/caste.toml | data/runtime/rulesets/zh-Hans/creatures/name.toml	巨型豹形海豹	巨豹形海豹	creature_raw.NAME[0]; singular; caste=-1; no CASTE_NAME or juvenile substitution	0xaa3bd0(race,out,plural=false,caste=-1); r9w==0xffff -> 0xaa3d69 -> 0xaa3d1e/0xaa3d36; creature_raw+0x20 NAME[0]
classic	data/vanilla/vanilla_creatures/objects/creature_ocean_new.txt	416	CUTTLEFISH		NAME	1	cuttlefish	cuttlefish	墨鱼	data/runtime/rulesets/zh-Hans/creatures/caste.toml | data/runtime/rulesets/zh-Hans/creatures/name.toml	墨鱼	墨鱼	creature_raw.NAME[0]; singular; caste=-1; no CASTE_NAME or juvenile substitution	0xaa3bd0(race,out,plural=false,caste=-1); r9w==0xffff -> 0xaa3d69 -> 0xaa3d1e/0xaa3d36; creature_raw+0x20 NAME[0]
classic	data/vanilla/vanilla_creatures/objects/creature_ocean_new.txt	528	CUTTLEFISH_MAN	SELECT_CASTE:ALL	NAME	1	cuttlefish man	cuttlefish man	墨鱼人	data/runtime/rulesets/zh-Hans/creatures/caste.toml | data/runtime/rulesets/zh-Hans/creatures/name.toml	墨鱼人	墨鱼人	creature_raw.NAME[0]; singular; caste=-1; no CASTE_NAME or juvenile substitution	0xaa3bd0(race,out,plural=false,caste=-1); r9w==0xffff -> 0xaa3d69 -> 0xaa3d1e/0xaa3d36; creature_raw+0x20 NAME[0]
classic	data/vanilla/vanilla_creatures/objects/creature_ocean_new.txt	554	GIANT_CUTTLEFISH	SELECT_CASTE:ALL	NAME	1	giant cuttlefish	giant cuttlefish	巨型墨鱼	data/runtime/rulesets/zh-Hans/creatures/caste.toml | data/runtime/rulesets/zh-Hans/creatures/name.toml	巨型墨鱼	巨墨鱼	creature_raw.NAME[0]; singular; caste=-1; no CASTE_NAME or juvenile substitution	0xaa3bd0(race,out,plural=false,caste=-1); r9w==0xffff -> 0xaa3d69 -> 0xaa3d1e/0xaa3d36; creature_raw+0x20 NAME[0]
classic	data/vanilla/vanilla_creatures/objects/creature_ocean_new.txt	574	ORCA		NAME	1	orca	orca	逆戟鲸	data/runtime/rulesets/zh-Hans/creatures/caste.toml | data/runtime/rulesets/zh-Hans/creatures/name.toml	逆戟鲸	虎鲸	creature_raw.NAME[0]; singular; caste=-1; no CASTE_NAME or juvenile substitution	0xaa3bd0(race,out,plural=false,caste=-1); r9w==0xffff -> 0xaa3d69 -> 0xaa3d1e/0xaa3d36; creature_raw+0x20 NAME[0]
classic	data/vanilla/vanilla_creatures/objects/creature_ocean_new.txt	670	ORCA_MAN	SELECT_CASTE:ALL	NAME	1	orca man	orca man	逆戟鲸人	data/runtime/rulesets/zh-Hans/creatures/caste.toml | data/runtime/rulesets/zh-Hans/creatures/name.toml	逆戟鲸人	虎鲸人	creature_raw.NAME[0]; singular; caste=-1; no CASTE_NAME or juvenile substitution	0xaa3bd0(race,out,plural=false,caste=-1); r9w==0xffff -> 0xaa3d69 -> 0xaa3d1e/0xaa3d36; creature_raw+0x20 NAME[0]
classic	data/vanilla/vanilla_creatures/objects/creature_ocean_new.txt	687	GIANT_ORCA	SELECT_CASTE:ALL	NAME	1	giant orca	giant orca	巨型逆戟鲸	data/runtime/rulesets/zh-Hans/creatures/caste.toml | data/runtime/rulesets/zh-Hans/creatures/name.toml	巨型逆戟鲸	巨虎鲸	creature_raw.NAME[0]; singular; caste=-1; no CASTE_NAME or juvenile substitution	0xaa3bd0(race,out,plural=false,caste=-1); r9w==0xffff -> 0xaa3d69 -> 0xaa3d1e/0xaa3d36; creature_raw+0x20 NAME[0]
classic	data/vanilla/vanilla_creatures/objects/creature_ocean_new.txt	707	SPONGE		NAME	1	sponge	sponge	海绵	data/runtime/rulesets/zh-Hans/creatures/caste.toml | data/runtime/rulesets/zh-Hans/creatures/name.toml	海绵	海绵	creature_raw.NAME[0]; singular; caste=-1; no CASTE_NAME or juvenile substitution	0xaa3bd0(race,out,plural=false,caste=-1); r9w==0xffff -> 0xaa3d69 -> 0xaa3d1e/0xaa3d36; creature_raw+0x20 NAME[0]
classic	data/vanilla/vanilla_creatures/objects/creature_ocean_new.txt	760	SPONGE_MAN		NAME	1	sponge man	sponge man	海绵人	data/runtime/rulesets/zh-Hans/creatures/caste.toml | data/runtime/rulesets/zh-Hans/creatures/name.toml	海绵人	海绵人	creature_raw.NAME[0]; singular; caste=-1; no CASTE_NAME or juvenile substitution	0xaa3bd0(race,out,plural=false,caste=-1); r9w==0xffff -> 0xaa3d69 -> 0xaa3d1e/0xaa3d36; creature_raw+0x20 NAME[0]
classic	data/vanilla/vanilla_creatures/objects/creature_ocean_new.txt	778	GIANT_SPONGE	SELECT_CASTE:ALL	NAME	1	giant sponge	giant sponge	巨型海绵	data/runtime/rulesets/zh-Hans/creatures/caste.toml | data/runtime/rulesets/zh-Hans/creatures/name.toml	巨型海绵	巨海绵	creature_raw.NAME[0]; singular; caste=-1; no CASTE_NAME or juvenile substitution	0xaa3bd0(race,out,plural=false,caste=-1); r9w==0xffff -> 0xaa3d69 -> 0xaa3d1e/0xaa3d36; creature_raw+0x20 NAME[0]
classic	data/vanilla/vanilla_creatures/objects/creature_ocean_new.txt	796	HORSESHOE_CRAB		NAME	1	horseshoe crab	horseshoe crab	马蹄蟹	data/runtime/rulesets/zh-Hans/creatures/caste.toml | data/runtime/rulesets/zh-Hans/creatures/name.toml	马蹄蟹	鲎	creature_raw.NAME[0]; singular; caste=-1; no CASTE_NAME or juvenile substitution	0xaa3bd0(race,out,plural=false,caste=-1); r9w==0xffff -> 0xaa3d69 -> 0xaa3d1e/0xaa3d36; creature_raw+0x20 NAME[0]
classic	data/vanilla/vanilla_creatures/objects/creature_ocean_new.txt	860	HORSESHOE_CRAB_MAN	SELECT_CASTE:ALL	NAME	1	horseshoe crab man	horseshoe crab man	马蹄蟹人	data/runtime/rulesets/zh-Hans/creatures/caste.toml | data/runtime/rulesets/zh-Hans/creatures/name.toml	马蹄蟹人	鲎人	creature_raw.NAME[0]; singular; caste=-1; no CASTE_NAME or juvenile substitution	0xaa3bd0(race,out,plural=false,caste=-1); r9w==0xffff -> 0xaa3d69 -> 0xaa3d1e/0xaa3d36; creature_raw+0x20 NAME[0]
classic	data/vanilla/vanilla_creatures/objects/creature_ocean_new.txt	877	GIANT_HORSESHOE_CRAB	SELECT_CASTE:ALL	NAME	1	giant horseshoe crab	giant horseshoe crab	巨型马蹄蟹	data/runtime/rulesets/zh-Hans/creatures/caste.toml | data/runtime/rulesets/zh-Hans/creatures/name.toml	巨型马蹄蟹	巨鲎	creature_raw.NAME[0]; singular; caste=-1; no CASTE_NAME or juvenile substitution	0xaa3bd0(race,out,plural=false,caste=-1); r9w==0xffff -> 0xaa3d69 -> 0xaa3d1e/0xaa3d36; creature_raw+0x20 NAME[0]
classic	data/vanilla/vanilla_creatures/objects/creature_ocean_new.txt	898	SPERM_WHALE		NAME	1	sperm whale	sperm whale	抹香鲸	data/runtime/rulesets/zh-Hans/creatures/caste.toml | data/runtime/rulesets/zh-Hans/creatures/name.toml	抹香鲸	抹香鲸	creature_raw.NAME[0]; singular; caste=-1; no CASTE_NAME or juvenile substitution	0xaa3bd0(race,out,plural=false,caste=-1); r9w==0xffff -> 0xaa3d69 -> 0xaa3d1e/0xaa3d36; creature_raw+0x20 NAME[0]
classic	data/vanilla/vanilla_creatures/objects/creature_ocean_new.txt	995	SPERM_WHALE_MAN	SELECT_CASTE:ALL	NAME	1	sperm whale man	sperm whale man	抹香鲸人	data/runtime/rulesets/zh-Hans/creatures/caste.toml | data/runtime/rulesets/zh-Hans/creatures/name.toml	抹香鲸人	抹香鲸人	creature_raw.NAME[0]; singular; caste=-1; no CASTE_NAME or juvenile substitution	0xaa3bd0(race,out,plural=false,caste=-1); r9w==0xffff -> 0xaa3d69 -> 0xaa3d1e/0xaa3d36; creature_raw+0x20 NAME[0]
classic	data/vanilla/vanilla_creatures/objects/creature_ocean_new.txt	1012	GIANT_SPERM_WHALE	SELECT_CASTE:ALL	NAME	1	giant sperm whale	giant sperm whale	巨型抹香鲸	data/runtime/rulesets/zh-Hans/creatures/caste.toml | data/runtime/rulesets/zh-Hans/creatures/name.toml	巨型抹香鲸	巨抹香鲸	creature_raw.NAME[0]; singular; caste=-1; no CASTE_NAME or juvenile substitution	0xaa3bd0(race,out,plural=false,caste=-1); r9w==0xffff -> 0xaa3d69 -> 0xaa3d1e/0xaa3d36; creature_raw+0x20 NAME[0]
classic	data/vanilla/vanilla_creatures/objects/creature_ocean_new.txt	1034	ELEPHANT_SEAL		NAME	1	elephant seal	elephant seal	象海豹	data/runtime/rulesets/zh-Hans/creatures/caste.toml | data/runtime/rulesets/zh-Hans/creatures/name.toml	象海豹	海象	creature_raw.NAME[0]; singular; caste=-1; no CASTE_NAME or juvenile substitution	0xaa3bd0(race,out,plural=false,caste=-1); r9w==0xffff -> 0xaa3d69 -> 0xaa3d1e/0xaa3d36; creature_raw+0x20 NAME[0]
classic	data/vanilla/vanilla_creatures/objects/creature_ocean_new.txt	1130	ELEPHANT_SEAL_MAN	SELECT_CASTE:ALL	NAME	1	elephant seal man	elephant seal man	象海豹人	data/runtime/rulesets/zh-Hans/creatures/caste.toml | data/runtime/rulesets/zh-Hans/creatures/name.toml	象海豹人	海象人	creature_raw.NAME[0]; singular; caste=-1; no CASTE_NAME or juvenile substitution	0xaa3bd0(race,out,plural=false,caste=-1); r9w==0xffff -> 0xaa3d69 -> 0xaa3d1e/0xaa3d36; creature_raw+0x20 NAME[0]
classic	data/vanilla/vanilla_creatures/objects/creature_ocean_new.txt	1147	GIANT_ELEPHANT_SEAL	SELECT_CASTE:ALL	NAME	1	giant elephant seal	giant elephant seal	巨型象海豹	data/runtime/rulesets/zh-Hans/creatures/caste.toml | data/runtime/rulesets/zh-Hans/creatures/name.toml	巨型象海豹	巨海象	creature_raw.NAME[0]; singular; caste=-1; no CASTE_NAME or juvenile substitution	0xaa3bd0(race,out,plural=false,caste=-1); r9w==0xffff -> 0xaa3d69 -> 0xaa3d1e/0xaa3d36; creature_raw+0x20 NAME[0]
classic	data/vanilla/vanilla_creatures/objects/creature_ocean_new.txt	1169	HARP_SEAL		NAME	1	harp seal	harp seal	竖琴海豹	data/runtime/rulesets/zh-Hans/creatures/caste.toml | data/runtime/rulesets/zh-Hans/creatures/name.toml	竖琴海豹	竖琴海豹	creature_raw.NAME[0]; singular; caste=-1; no CASTE_NAME or juvenile substitution	0xaa3bd0(race,out,plural=false,caste=-1); r9w==0xffff -> 0xaa3d69 -> 0xaa3d1e/0xaa3d36; creature_raw+0x20 NAME[0]
classic	data/vanilla/vanilla_creatures/objects/creature_ocean_new.txt	1261	HARP_SEAL_MAN	SELECT_CASTE:ALL	NAME	1	harp seal man	harp seal man	竖琴海豹人	data/runtime/rulesets/zh-Hans/creatures/caste.toml | data/runtime/rulesets/zh-Hans/creatures/name.toml	竖琴海豹人	竖琴海豹人	creature_raw.NAME[0]; singular; caste=-1; no CASTE_NAME or juvenile substitution	0xaa3bd0(race,out,plural=false,caste=-1); r9w==0xffff -> 0xaa3d69 -> 0xaa3d1e/0xaa3d36; creature_raw+0x20 NAME[0]
classic	data/vanilla/vanilla_creatures/objects/creature_ocean_new.txt	1278	GIANT_HARP_SEAL	SELECT_CASTE:ALL	NAME	1	giant harp seal	giant harp seal	巨型竖琴海豹	data/runtime/rulesets/zh-Hans/creatures/caste.toml | data/runtime/rulesets/zh-Hans/creatures/name.toml	巨型竖琴海豹	巨竖琴海象	creature_raw.NAME[0]; singular; caste=-1; no CASTE_NAME or juvenile substitution	0xaa3bd0(race,out,plural=false,caste=-1); r9w==0xffff -> 0xaa3d69 -> 0xaa3d1e/0xaa3d36; creature_raw+0x20 NAME[0]
classic	data/vanilla/vanilla_creatures/objects/creature_ocean_new.txt	1301	NAUTILUS		NAME	1	nautilus	nautilus	鹦鹉螺	data/runtime/rulesets/zh-Hans/creatures/caste.toml | data/runtime/rulesets/zh-Hans/creatures/name.toml	鹦鹉螺	鹦鹉螺	creature_raw.NAME[0]; singular; caste=-1; no CASTE_NAME or juvenile substitution	0xaa3bd0(race,out,plural=false,caste=-1); r9w==0xffff -> 0xaa3d69 -> 0xaa3d1e/0xaa3d36; creature_raw+0x20 NAME[0]
classic	data/vanilla/vanilla_creatures/objects/creature_ocean_new.txt	1387	NAUTILUS_MAN	SELECT_CASTE:ALL	NAME	1	nautilus man	nautilus man	鹦鹉螺人	data/runtime/rulesets/zh-Hans/creatures/caste.toml | data/runtime/rulesets/zh-Hans/creatures/name.toml	鹦鹉螺人	鹦鹉螺人	creature_raw.NAME[0]; singular; caste=-1; no CASTE_NAME or juvenile substitution	0xaa3bd0(race,out,plural=false,caste=-1); r9w==0xffff -> 0xaa3d69 -> 0xaa3d1e/0xaa3d36; creature_raw+0x20 NAME[0]
classic	data/vanilla/vanilla_creatures/objects/creature_ocean_new.txt	1404	GIANT_NAUTILUS	SELECT_CASTE:ALL	NAME	1	giant nautilus	giant nautilus	巨型鹦鹉螺	data/runtime/rulesets/zh-Hans/creatures/caste.toml | data/runtime/rulesets/zh-Hans/creatures/name.toml	巨型鹦鹉螺	巨鹦鹉螺	creature_raw.NAME[0]; singular; caste=-1; no CASTE_NAME or juvenile substitution	0xaa3bd0(race,out,plural=false,caste=-1); r9w==0xffff -> 0xaa3d69 -> 0xaa3d1e/0xaa3d36; creature_raw+0x20 NAME[0]
classic	data/vanilla/vanilla_creatures/objects/creature_other.txt	7	FOXSQUIRREL		NAME	1	fox squirrel	fox squirrel	狐松鼠	data/runtime/rulesets/zh-Hans/creatures/caste.toml | data/runtime/rulesets/zh-Hans/creatures/name.toml	狐松鼠	狐松鼠	creature_raw.NAME[0]; singular; caste=-1; no CASTE_NAME or juvenile substitution	0xaa3bd0(race,out,plural=false,caste=-1); r9w==0xffff -> 0xaa3d69 -> 0xaa3d1e/0xaa3d36; creature_raw+0x20 NAME[0]
classic	data/vanilla/vanilla_creatures/objects/creature_other.txt	91	MOGHOPPER		NAME	1	moghopper	moghopper	泥跳虫	data/runtime/rulesets/zh-Hans/creatures/caste.toml | data/runtime/rulesets/zh-Hans/creatures/name.toml	泥跳虫	泥跳虫	creature_raw.NAME[0]; singular; caste=-1; no CASTE_NAME or juvenile substitution	0xaa3bd0(race,out,plural=false,caste=-1); r9w==0xffff -> 0xaa3d69 -> 0xaa3d1e/0xaa3d36; creature_raw+0x20 NAME[0]
classic	data/vanilla/vanilla_creatures/objects/creature_other.txt	165	RAT_DEMON		NAME	1	demon rat	demon rat	恶魔老鼠	data/runtime/rulesets/zh-Hans/creatures/caste.toml | data/runtime/rulesets/zh-Hans/creatures/name.toml	恶魔老鼠	恶魔鼠	creature_raw.NAME[0]; singular; caste=-1; no CASTE_NAME or juvenile substitution	0xaa3bd0(race,out,plural=false,caste=-1); r9w==0xffff -> 0xaa3d69 -> 0xaa3d1e/0xaa3d36; creature_raw+0x20 NAME[0]
classic	data/vanilla/vanilla_creatures/objects/creature_other.txt	244	WAMBLER_FLUFFY		NAME	1	fluffy wambler	fluffy wambler	蓬松毛球	data/runtime/rulesets/zh-Hans/creatures/caste.toml | data/runtime/rulesets/zh-Hans/creatures/name.toml	蓬松毛球	蓬松毛球	creature_raw.NAME[0]; singular; caste=-1; no CASTE_NAME or juvenile substitution	0xaa3bd0(race,out,plural=false,caste=-1); r9w==0xffff -> 0xaa3d69 -> 0xaa3d1e/0xaa3d36; creature_raw+0x20 NAME[0]
classic	data/vanilla/vanilla_creatures/objects/creature_other.txt	316	LIZARD_RHINO_TWO_LEGGED		NAME	1	two-legged rhino lizard	two-legged rhino lizard	双足犀蜥蜴	data/runtime/rulesets/zh-Hans/creatures/caste.toml | data/runtime/rulesets/zh-Hans/creatures/name.toml	双足犀蜥蜴	双足犀蜥蜴	creature_raw.NAME[0]; singular; caste=-1; no CASTE_NAME or juvenile substitution	0xaa3bd0(race,out,plural=false,caste=-1); r9w==0xffff -> 0xaa3d69 -> 0xaa3d1e/0xaa3d36; creature_raw+0x20 NAME[0]
classic	data/vanilla/vanilla_creatures/objects/creature_other.txt	397	WORM_KNUCKLE		NAME	1	knuckle worm	knuckle worm	关节蠕虫	data/runtime/rulesets/zh-Hans/creatures/caste.toml | data/runtime/rulesets/zh-Hans/creatures/name.toml	关节蠕虫	关节蠕虫	creature_raw.NAME[0]; singular; caste=-1; no CASTE_NAME or juvenile substitution	0xaa3bd0(race,out,plural=false,caste=-1); r9w==0xffff -> 0xaa3d69 -> 0xaa3d1e/0xaa3d36; creature_raw+0x20 NAME[0]
classic	data/vanilla/vanilla_creatures/objects/creature_other.txt	440	SPIDER_PHANTOM		NAME	1	phantom spider	phantom spider	幻影蜘蛛	data/runtime/rulesets/zh-Hans/creatures/caste.toml | data/runtime/rulesets/zh-Hans/creatures/name.toml	幻影蜘蛛	幻影蜘蛛	creature_raw.NAME[0]; singular; caste=-1; no CASTE_NAME or juvenile substitution	0xaa3bd0(race,out,plural=false,caste=-1); r9w==0xffff -> 0xaa3d69 -> 0xaa3d1e/0xaa3d36; creature_raw+0x20 NAME[0]
classic	data/vanilla/vanilla_creatures/objects/creature_other.txt	516	FLY_ACORN		NAME	1	acorn fly	acorn fly	橡子蝇	data/runtime/rulesets/zh-Hans/creatures/caste.toml | data/runtime/rulesets/zh-Hans/creatures/name.toml	橡子蝇	橡子蝇	creature_raw.NAME[0]; singular; caste=-1; no CASTE_NAME or juvenile substitution	0xaa3bd0(race,out,plural=false,caste=-1); r9w==0xffff -> 0xaa3d69 -> 0xaa3d1e/0xaa3d36; creature_raw+0x20 NAME[0]
classic	data/vanilla/vanilla_creatures/objects/creature_other.txt	571	GNAT_BLOOD		NAME	1	blood gnat	blood gnat	血飞虫	data/runtime/rulesets/zh-Hans/creatures/caste.toml | data/runtime/rulesets/zh-Hans/creatures/name.toml	血飞虫	血飞虫	creature_raw.NAME[0]; singular; caste=-1; no CASTE_NAME or juvenile substitution	0xaa3bd0(race,out,plural=false,caste=-1); r9w==0xffff -> 0xaa3d69 -> 0xaa3d1e/0xaa3d36; creature_raw+0x20 NAME[0]
classic	data/vanilla/vanilla_creatures/objects/creature_reptiles.txt	7	LIZARD		NAME	1	lizard	lizard	蜥蜴	data/runtime/rulesets/zh-Hans/creatures/caste.toml | data/runtime/rulesets/zh-Hans/creatures/name.toml	蜥蜴	蜥蜴	creature_raw.NAME[0]; singular; caste=-1; no CASTE_NAME or juvenile substitution	0xaa3bd0(race,out,plural=false,caste=-1); r9w==0xffff -> 0xaa3d69 -> 0xaa3d1e/0xaa3d36; creature_raw+0x20 NAME[0]
classic	data/vanilla/vanilla_creatures/objects/creature_reptiles.txt	100	LIZARD_MAN	SELECT_CASTE:ALL	NAME	1	lizard man	lizard man	蜥蜴人	data/runtime/rulesets/zh-Hans/creatures/caste.toml | data/runtime/rulesets/zh-Hans/creatures/name.toml	蜥蜴人	蜥蜴人	creature_raw.NAME[0]; singular; caste=-1; no CASTE_NAME or juvenile substitution	0xaa3bd0(race,out,plural=false,caste=-1); r9w==0xffff -> 0xaa3d69 -> 0xaa3d1e/0xaa3d36; creature_raw+0x20 NAME[0]
classic	data/vanilla/vanilla_creatures/objects/creature_reptiles.txt	119	GIANT_LIZARD	SELECT_CASTE:ALL	NAME	1	giant lizard	giant lizard	巨型蜥蜴	data/runtime/rulesets/zh-Hans/creatures/caste.toml | data/runtime/rulesets/zh-Hans/creatures/name.toml	巨型蜥蜴	巨蜥蜴	creature_raw.NAME[0]; singular; caste=-1; no CASTE_NAME or juvenile substitution	0xaa3bd0(race,out,plural=false,caste=-1); r9w==0xffff -> 0xaa3d69 -> 0xaa3d1e/0xaa3d36; creature_raw+0x20 NAME[0]
classic	data/vanilla/vanilla_creatures/objects/creature_reptiles.txt	139	SKINK		NAME	1	skink	skink	彩舌蜥	data/runtime/rulesets/zh-Hans/creatures/caste.toml | data/runtime/rulesets/zh-Hans/creatures/name.toml	彩舌蜥	彩舌蜥	creature_raw.NAME[0]; singular; caste=-1; no CASTE_NAME or juvenile substitution	0xaa3bd0(race,out,plural=false,caste=-1); r9w==0xffff -> 0xaa3d69 -> 0xaa3d1e/0xaa3d36; creature_raw+0x20 NAME[0]
classic	data/vanilla/vanilla_creatures/objects/creature_reptiles.txt	237	SKINK_MAN	SELECT_CASTE:ALL	NAME	1	skink man	skink man	彩舌蜥人	data/runtime/rulesets/zh-Hans/creatures/caste.toml | data/runtime/rulesets/zh-Hans/creatures/name.toml	彩舌蜥人	彩舌蜥男	creature_raw.NAME[0]; singular; caste=-1; no CASTE_NAME or juvenile substitution	0xaa3bd0(race,out,plural=false,caste=-1); r9w==0xffff -> 0xaa3d69 -> 0xaa3d1e/0xaa3d36; creature_raw+0x20 NAME[0]
classic	data/vanilla/vanilla_creatures/objects/creature_reptiles.txt	254	GIANT_SKINK	SELECT_CASTE:ALL	NAME	1	giant skink	giant skink	巨型彩舌蜥	data/runtime/rulesets/zh-Hans/creatures/caste.toml | data/runtime/rulesets/zh-Hans/creatures/name.toml	巨型彩舌蜥	巨型彩舌蜥	creature_raw.NAME[0]; singular; caste=-1; no CASTE_NAME or juvenile substitution	0xaa3bd0(race,out,plural=false,caste=-1); r9w==0xffff -> 0xaa3d69 -> 0xaa3d1e/0xaa3d36; creature_raw+0x20 NAME[0]
classic	data/vanilla/vanilla_creatures/objects/creature_reptiles.txt	273	CHAMELEON		NAME	1	chameleon	chameleon	变色蜥	data/runtime/rulesets/zh-Hans/creatures/caste.toml | data/runtime/rulesets/zh-Hans/creatures/name.toml	变色蜥	变色龙	creature_raw.NAME[0]; singular; caste=-1; no CASTE_NAME or juvenile substitution	0xaa3bd0(race,out,plural=false,caste=-1); r9w==0xffff -> 0xaa3d69 -> 0xaa3d1e/0xaa3d36; creature_raw+0x20 NAME[0]
classic	data/vanilla/vanilla_creatures/objects/creature_reptiles.txt	374	CHAMELEON_MAN	SELECT_CASTE:ALL	NAME	1	chameleon man	chameleon man	变色蜥人	data/runtime/rulesets/zh-Hans/creatures/caste.toml | data/runtime/rulesets/zh-Hans/creatures/name.toml	变色蜥人	变色蜥人	creature_raw.NAME[0]; singular; caste=-1; no CASTE_NAME or juvenile substitution	0xaa3bd0(race,out,plural=false,caste=-1); r9w==0xffff -> 0xaa3d69 -> 0xaa3d1e/0xaa3d36; creature_raw+0x20 NAME[0]
classic	data/vanilla/vanilla_creatures/objects/creature_reptiles.txt	391	GIANT_CHAMELEON	SELECT_CASTE:ALL	NAME	1	giant chameleon	giant chameleon	巨型变色蜥	data/runtime/rulesets/zh-Hans/creatures/caste.toml | data/runtime/rulesets/zh-Hans/creatures/name.toml	巨型变色蜥	巨变色蜥	creature_raw.NAME[0]; singular; caste=-1; no CASTE_NAME or juvenile substitution	0xaa3bd0(race,out,plural=false,caste=-1); r9w==0xffff -> 0xaa3d69 -> 0xaa3d1e/0xaa3d36; creature_raw+0x20 NAME[0]
classic	data/vanilla/vanilla_creatures/objects/creature_reptiles.txt	411	ANOLE		NAME	1	anole	anole	安乐蜥	data/runtime/rulesets/zh-Hans/creatures/caste.toml | data/runtime/rulesets/zh-Hans/creatures/name.toml	安乐蜥	安乐蜥	creature_raw.NAME[0]; singular; caste=-1; no CASTE_NAME or juvenile substitution	0xaa3bd0(race,out,plural=false,caste=-1); r9w==0xffff -> 0xaa3d69 -> 0xaa3d1e/0xaa3d36; creature_raw+0x20 NAME[0]
classic	data/vanilla/vanilla_creatures/objects/creature_reptiles.txt	508	ANOLE_MAN	SELECT_CASTE:ALL	NAME	1	anole man	anole man	安乐蜥人	data/runtime/rulesets/zh-Hans/creatures/caste.toml | data/runtime/rulesets/zh-Hans/creatures/name.toml	安乐蜥人	安乐蜥人	creature_raw.NAME[0]; singular; caste=-1; no CASTE_NAME or juvenile substitution	0xaa3bd0(race,out,plural=false,caste=-1); r9w==0xffff -> 0xaa3d69 -> 0xaa3d1e/0xaa3d36; creature_raw+0x20 NAME[0]
classic	data/vanilla/vanilla_creatures/objects/creature_reptiles.txt	525	GIANT_ANOLE	SELECT_CASTE:ALL	NAME	1	giant anole	giant anole	巨型安乐蜥	data/runtime/rulesets/zh-Hans/creatures/caste.toml | data/runtime/rulesets/zh-Hans/creatures/name.toml	巨型安乐蜥	巨型安乐蜥	creature_raw.NAME[0]; singular; caste=-1; no CASTE_NAME or juvenile substitution	0xaa3bd0(race,out,plural=false,caste=-1); r9w==0xffff -> 0xaa3d69 -> 0xaa3d1e/0xaa3d36; creature_raw+0x20 NAME[0]
classic	data/vanilla/vanilla_creatures/objects/creature_reptiles.txt	545	IGUANA		NAME	1	iguana	iguana	鬣蜥	data/runtime/rulesets/zh-Hans/creatures/caste.toml | data/runtime/rulesets/zh-Hans/creatures/name.toml	鬣蜥	鬣蜥	creature_raw.NAME[0]; singular; caste=-1; no CASTE_NAME or juvenile substitution	0xaa3bd0(race,out,plural=false,caste=-1); r9w==0xffff -> 0xaa3d69 -> 0xaa3d1e/0xaa3d36; creature_raw+0x20 NAME[0]
classic	data/vanilla/vanilla_creatures/objects/creature_reptiles.txt	652	IGUANA_MAN	SELECT_CASTE:ALL	NAME	1	iguana man	iguana man	鬣蜥人	data/runtime/rulesets/zh-Hans/creatures/caste.toml | data/runtime/rulesets/zh-Hans/creatures/name.toml	鬣蜥人	鬣鳞蜥人	creature_raw.NAME[0]; singular; caste=-1; no CASTE_NAME or juvenile substitution	0xaa3bd0(race,out,plural=false,caste=-1); r9w==0xffff -> 0xaa3d69 -> 0xaa3d1e/0xaa3d36; creature_raw+0x20 NAME[0]
classic	data/vanilla/vanilla_creatures/objects/creature_reptiles.txt	671	GIANT_IGUANA	SELECT_CASTE:ALL	NAME	1	giant iguana	giant iguana	巨型鬣蜥	data/runtime/rulesets/zh-Hans/creatures/caste.toml | data/runtime/rulesets/zh-Hans/creatures/name.toml	巨型鬣蜥	巨型鬣鳞蜥	creature_raw.NAME[0]; singular; caste=-1; no CASTE_NAME or juvenile substitution	0xaa3bd0(race,out,plural=false,caste=-1); r9w==0xffff -> 0xaa3d69 -> 0xaa3d1e/0xaa3d36; creature_raw+0x20 NAME[0]
classic	data/vanilla/vanilla_creatures/objects/creature_riverlakepool_new.txt	12	RIVER OTTER		NAME	1	river otter	river otter	河獭	data/runtime/rulesets/zh-Hans/creatures/caste.toml | data/runtime/rulesets/zh-Hans/creatures/name.toml	河獭	河獭	creature_raw.NAME[0]; singular; caste=-1; no CASTE_NAME or juvenile substitution	0xaa3bd0(race,out,plural=false,caste=-1); r9w==0xffff -> 0xaa3d69 -> 0xaa3d1e/0xaa3d36; creature_raw+0x20 NAME[0]
classic	data/vanilla/vanilla_creatures/objects/creature_riverlakepool_new.txt	109	SEA OTTER		NAME	1	sea otter	sea otter	海獭	data/runtime/rulesets/zh-Hans/creatures/caste.toml | data/runtime/rulesets/zh-Hans/creatures/name.toml	海獭	海獭	creature_raw.NAME[0]; singular; caste=-1; no CASTE_NAME or juvenile substitution	0xaa3bd0(race,out,plural=false,caste=-1); r9w==0xffff -> 0xaa3d69 -> 0xaa3d1e/0xaa3d36; creature_raw+0x20 NAME[0]
classic	data/vanilla/vanilla_creatures/objects/creature_riverlakepool_new.txt	220	OTTER_MAN	SELECT_CASTE:ALL	NAME	1	otter man	otter man	海獭人	data/runtime/rulesets/zh-Hans/creatures/caste.toml | data/runtime/rulesets/zh-Hans/creatures/name.toml	海獭人	水獭人	creature_raw.NAME[0]; singular; caste=-1; no CASTE_NAME or juvenile substitution	0xaa3bd0(race,out,plural=false,caste=-1); r9w==0xffff -> 0xaa3d69 -> 0xaa3d1e/0xaa3d36; creature_raw+0x20 NAME[0]
classic	data/vanilla/vanilla_creatures/objects/creature_riverlakepool_new.txt	239	GIANT_OTTER	SELECT_CASTE:ALL	NAME	1	giant otter	giant otter	巨型海獭	data/runtime/rulesets/zh-Hans/creatures/caste.toml | data/runtime/rulesets/zh-Hans/creatures/name.toml	巨型海獭	巨水獭	creature_raw.NAME[0]; singular; caste=-1; no CASTE_NAME or juvenile substitution	0xaa3bd0(race,out,plural=false,caste=-1); r9w==0xffff -> 0xaa3d69 -> 0xaa3d1e/0xaa3d36; creature_raw+0x20 NAME[0]
classic	data/vanilla/vanilla_creatures/objects/creature_riverlakepool_new.txt	264	SNAPPING TURTLE		NAME	1	common snapping turtle	common snapping turtle	鹰嘴龟	data/runtime/rulesets/zh-Hans/creatures/caste.toml | data/runtime/rulesets/zh-Hans/creatures/name.toml	鹰嘴龟	拟鳄龟	creature_raw.NAME[0]; singular; caste=-1; no CASTE_NAME or juvenile substitution	0xaa3bd0(race,out,plural=false,caste=-1); r9w==0xffff -> 0xaa3d69 -> 0xaa3d1e/0xaa3d36; creature_raw+0x20 NAME[0]
classic	data/vanilla/vanilla_creatures/objects/creature_riverlakepool_new.txt	355	ALLIGATOR SNAPPING TURTLE		NAME	1	alligator snapping turtle	alligator snapping turtle	大鳄龟	data/runtime/rulesets/zh-Hans/creatures/caste.toml | data/runtime/rulesets/zh-Hans/creatures/name.toml	大鳄龟	鳄龟	creature_raw.NAME[0]; singular; caste=-1; no CASTE_NAME or juvenile substitution	0xaa3bd0(race,out,plural=false,caste=-1); r9w==0xffff -> 0xaa3d69 -> 0xaa3d1e/0xaa3d36; creature_raw+0x20 NAME[0]
classic	data/vanilla/vanilla_creatures/objects/creature_riverlakepool_new.txt	462	SNAPPING_TURTLE_MAN	SELECT_CASTE:ALL	NAME	1	snapping turtle man	snapping turtle man	大鳄龟人	data/runtime/rulesets/zh-Hans/creatures/caste.toml | data/runtime/rulesets/zh-Hans/creatures/name.toml	大鳄龟人	鳄龟人	creature_raw.NAME[0]; singular; caste=-1; no CASTE_NAME or juvenile substitution	0xaa3bd0(race,out,plural=false,caste=-1); r9w==0xffff -> 0xaa3d69 -> 0xaa3d1e/0xaa3d36; creature_raw+0x20 NAME[0]
classic	data/vanilla/vanilla_creatures/objects/creature_riverlakepool_new.txt	479	GIANT_SNAPPING_TURTLE	SELECT_CASTE:ALL	NAME	1	giant snapping turtle	giant snapping turtle	巨型大鳄龟	data/runtime/rulesets/zh-Hans/creatures/caste.toml | data/runtime/rulesets/zh-Hans/creatures/name.toml	巨型大鳄龟	巨型拟鳄龟	creature_raw.NAME[0]; singular; caste=-1; no CASTE_NAME or juvenile substitution	0xaa3bd0(race,out,plural=false,caste=-1); r9w==0xffff -> 0xaa3d69 -> 0xaa3d1e/0xaa3d36; creature_raw+0x20 NAME[0]
classic	data/vanilla/vanilla_creatures/objects/creature_riverlakepool_new.txt	501	BEAVER		NAME	1	beaver	beaver	海狸	data/runtime/rulesets/zh-Hans/creatures/caste.toml | data/runtime/rulesets/zh-Hans/creatures/name.toml	海狸	河狸	creature_raw.NAME[0]; singular; caste=-1; no CASTE_NAME or juvenile substitution	0xaa3bd0(race,out,plural=false,caste=-1); r9w==0xffff -> 0xaa3d69 -> 0xaa3d1e/0xaa3d36; creature_raw+0x20 NAME[0]
classic	data/vanilla/vanilla_creatures/objects/creature_riverlakepool_new.txt	611	BEAVER_MAN	SELECT_CASTE:ALL	NAME	1	beaver man	beaver man	海狸人	data/runtime/rulesets/zh-Hans/creatures/caste.toml | data/runtime/rulesets/zh-Hans/creatures/name.toml	海狸人	海狸人	creature_raw.NAME[0]; singular; caste=-1; no CASTE_NAME or juvenile substitution	0xaa3bd0(race,out,plural=false,caste=-1); r9w==0xffff -> 0xaa3d69 -> 0xaa3d1e/0xaa3d36; creature_raw+0x20 NAME[0]
classic	data/vanilla/vanilla_creatures/objects/creature_riverlakepool_new.txt	630	GIANT_BEAVER	SELECT_CASTE:ALL	NAME	1	giant beaver	giant beaver	巨型海狸	data/runtime/rulesets/zh-Hans/creatures/caste.toml | data/runtime/rulesets/zh-Hans/creatures/name.toml	巨型海狸	巨海狸	creature_raw.NAME[0]; singular; caste=-1; no CASTE_NAME or juvenile substitution	0xaa3bd0(race,out,plural=false,caste=-1); r9w==0xffff -> 0xaa3d69 -> 0xaa3d1e/0xaa3d36; creature_raw+0x20 NAME[0]
classic	data/vanilla/vanilla_creatures/objects/creature_riverlakepool_new.txt	656	LEECH		NAME	1	leech	leech	水蛭	data/runtime/rulesets/zh-Hans/creatures/caste.toml | data/runtime/rulesets/zh-Hans/creatures/name.toml	水蛭	水蛭	creature_raw.NAME[0]; singular; caste=-1; no CASTE_NAME or juvenile substitution	0xaa3bd0(race,out,plural=false,caste=-1); r9w==0xffff -> 0xaa3d69 -> 0xaa3d1e/0xaa3d36; creature_raw+0x20 NAME[0]
classic	data/vanilla/vanilla_creatures/objects/creature_riverlakepool_new.txt	721	LEECH_MAN		NAME	1	leech man	leech man	水蛭人	data/runtime/rulesets/zh-Hans/creatures/caste.toml | data/runtime/rulesets/zh-Hans/creatures/name.toml	水蛭人	水蛭人	creature_raw.NAME[0]; singular; caste=-1; no CASTE_NAME or juvenile substitution	0xaa3bd0(race,out,plural=false,caste=-1); r9w==0xffff -> 0xaa3d69 -> 0xaa3d1e/0xaa3d36; creature_raw+0x20 NAME[0]
classic	data/vanilla/vanilla_creatures/objects/creature_riverlakepool_new.txt	739	GIANT_LEECH	SELECT_CASTE:ALL	NAME	1	giant leech	giant leech	巨型水蛭	data/runtime/rulesets/zh-Hans/creatures/caste.toml | data/runtime/rulesets/zh-Hans/creatures/name.toml	巨型水蛭	巨水蛭	creature_raw.NAME[0]; singular; caste=-1; no CASTE_NAME or juvenile substitution	0xaa3bd0(race,out,plural=false,caste=-1); r9w==0xffff -> 0xaa3d69 -> 0xaa3d1e/0xaa3d36; creature_raw+0x20 NAME[0]
classic	data/vanilla/vanilla_creatures/objects/creature_riverlakepool_new.txt	762	AXOLOTL		NAME	1	axolotl	axolotl	蝾螈	data/runtime/rulesets/zh-Hans/creatures/caste.toml | data/runtime/rulesets/zh-Hans/creatures/name.toml	蝾螈	美西螈	creature_raw.NAME[0]; singular; caste=-1; no CASTE_NAME or juvenile substitution	0xaa3bd0(race,out,plural=false,caste=-1); r9w==0xffff -> 0xaa3d69 -> 0xaa3d1e/0xaa3d36; creature_raw+0x20 NAME[0]
classic	data/vanilla/vanilla_creatures/objects/creature_riverlakepool_new.txt	848	AXOLOTL_MAN	SELECT_CASTE:ALL	NAME	1	axolotl man	axolotl man	蝾螈人	data/runtime/rulesets/zh-Hans/creatures/caste.toml | data/runtime/rulesets/zh-Hans/creatures/name.toml	蝾螈人	蝾螈人	creature_raw.NAME[0]; singular; caste=-1; no CASTE_NAME or juvenile substitution	0xaa3bd0(race,out,plural=false,caste=-1); r9w==0xffff -> 0xaa3d69 -> 0xaa3d1e/0xaa3d36; creature_raw+0x20 NAME[0]
classic	data/vanilla/vanilla_creatures/objects/creature_riverlakepool_new.txt	865	GIANT_AXOLOTL	SELECT_CASTE:ALL	NAME	1	giant axolotl	giant axolotl	巨型蝾螈	data/runtime/rulesets/zh-Hans/creatures/caste.toml | data/runtime/rulesets/zh-Hans/creatures/name.toml	巨型蝾螈	巨型蝾螈	creature_raw.NAME[0]; singular; caste=-1; no CASTE_NAME or juvenile substitution	0xaa3bd0(race,out,plural=false,caste=-1); r9w==0xffff -> 0xaa3d69 -> 0xaa3d1e/0xaa3d36; creature_raw+0x20 NAME[0]
classic	data/vanilla/vanilla_creatures/objects/creature_riverlakepool_new.txt	885	MINK		NAME	1	mink	mink	水貂	data/runtime/rulesets/zh-Hans/creatures/caste.toml | data/runtime/rulesets/zh-Hans/creatures/name.toml	水貂	水鼬	creature_raw.NAME[0]; singular; caste=-1; no CASTE_NAME or juvenile substitution	0xaa3bd0(race,out,plural=false,caste=-1); r9w==0xffff -> 0xaa3d69 -> 0xaa3d1e/0xaa3d36; creature_raw+0x20 NAME[0]
classic	data/vanilla/vanilla_creatures/objects/creature_riverlakepool_new.txt	994	MINK_MAN	SELECT_CASTE:ALL	NAME	1	mink man	mink man	水貂人	data/runtime/rulesets/zh-Hans/creatures/caste.toml | data/runtime/rulesets/zh-Hans/creatures/name.toml	水貂人	水貂人	creature_raw.NAME[0]; singular; caste=-1; no CASTE_NAME or juvenile substitution	0xaa3bd0(race,out,plural=false,caste=-1); r9w==0xffff -> 0xaa3d69 -> 0xaa3d1e/0xaa3d36; creature_raw+0x20 NAME[0]
classic	data/vanilla/vanilla_creatures/objects/creature_riverlakepool_new.txt	1013	GIANT_MINK	SELECT_CASTE:ALL	NAME	1	giant mink	giant mink	巨型水貂	data/runtime/rulesets/zh-Hans/creatures/caste.toml | data/runtime/rulesets/zh-Hans/creatures/name.toml	巨型水貂	巨水貂	creature_raw.NAME[0]; singular; caste=-1; no CASTE_NAME or juvenile substitution	0xaa3bd0(race,out,plural=false,caste=-1); r9w==0xffff -> 0xaa3d69 -> 0xaa3d1e/0xaa3d36; creature_raw+0x20 NAME[0]
classic	data/vanilla/vanilla_creatures/objects/creature_riverlakepool_new.txt	1036	POND_TURTLE		NAME	1	pond turtle	pond turtle	池龟	data/runtime/rulesets/zh-Hans/creatures/caste.toml | data/runtime/rulesets/zh-Hans/creatures/name.toml	池龟	池龟	creature_raw.NAME[0]; singular; caste=-1; no CASTE_NAME or juvenile substitution	0xaa3bd0(race,out,plural=false,caste=-1); r9w==0xffff -> 0xaa3d69 -> 0xaa3d1e/0xaa3d36; creature_raw+0x20 NAME[0]
classic	data/vanilla/vanilla_creatures/objects/creature_riverlakepool_new.txt	1137	POND_TURTLE_MAN	SELECT_CASTE:ALL	NAME	1	pond turtle man	pond turtle man	池龟人	data/runtime/rulesets/zh-Hans/creatures/caste.toml | data/runtime/rulesets/zh-Hans/creatures/name.toml	池龟人	池龟人	creature_raw.NAME[0]; singular; caste=-1; no CASTE_NAME or juvenile substitution	0xaa3bd0(race,out,plural=false,caste=-1); r9w==0xffff -> 0xaa3d69 -> 0xaa3d1e/0xaa3d36; creature_raw+0x20 NAME[0]
classic	data/vanilla/vanilla_creatures/objects/creature_riverlakepool_new.txt	1154	GIANT_POND_TURTLE	SELECT_CASTE:ALL	NAME	1	giant pond turtle	giant pond turtle	巨型池龟	data/runtime/rulesets/zh-Hans/creatures/caste.toml | data/runtime/rulesets/zh-Hans/creatures/name.toml	巨型池龟	巨池龟	creature_raw.NAME[0]; singular; caste=-1; no CASTE_NAME or juvenile substitution	0xaa3bd0(race,out,plural=false,caste=-1); r9w==0xffff -> 0xaa3d69 -> 0xaa3d1e/0xaa3d36; creature_raw+0x20 NAME[0]
classic	data/vanilla/vanilla_creatures/objects/creature_small_mammal_new.txt	11	HAMSTER		NAME	1	hamster	hamster	仓鼠	data/runtime/rulesets/zh-Hans/creatures/caste.toml | data/runtime/rulesets/zh-Hans/creatures/name.toml	仓鼠	仓鼠	creature_raw.NAME[0]; singular; caste=-1; no CASTE_NAME or juvenile substitution	0xaa3bd0(race,out,plural=false,caste=-1); r9w==0xffff -> 0xaa3d69 -> 0xaa3d1e/0xaa3d36; creature_raw+0x20 NAME[0]
classic	data/vanilla/vanilla_creatures/objects/creature_small_mammal_new.txt	112	HAMSTER_MAN	SELECT_CASTE:ALL	NAME	1	hamster man	hamster man	仓鼠人	data/runtime/rulesets/zh-Hans/creatures/caste.toml | data/runtime/rulesets/zh-Hans/creatures/name.toml	仓鼠人	仓鼠人	creature_raw.NAME[0]; singular; caste=-1; no CASTE_NAME or juvenile substitution	0xaa3bd0(race,out,plural=false,caste=-1); r9w==0xffff -> 0xaa3d69 -> 0xaa3d1e/0xaa3d36; creature_raw+0x20 NAME[0]
classic	data/vanilla/vanilla_creatures/objects/creature_small_mammal_new.txt	131	GIANT_HAMSTER	SELECT_CASTE:ALL	NAME	1	giant hamster	giant hamster	巨型仓鼠	data/runtime/rulesets/zh-Hans/creatures/caste.toml | data/runtime/rulesets/zh-Hans/creatures/name.toml	巨型仓鼠	巨型仓鼠	creature_raw.NAME[0]; singular; caste=-1; no CASTE_NAME or juvenile substitution	0xaa3bd0(race,out,plural=false,caste=-1); r9w==0xffff -> 0xaa3d69 -> 0xaa3d1e/0xaa3d36; creature_raw+0x20 NAME[0]
classic	data/vanilla/vanilla_creatures/objects/creature_small_mammal_new.txt	153	HEDGEHOG		NAME	1	hedgehog	hedgehog	刺猬	data/runtime/rulesets/zh-Hans/creatures/caste.toml | data/runtime/rulesets/zh-Hans/creatures/name.toml	刺猬	刺猬	creature_raw.NAME[0]; singular; caste=-1; no CASTE_NAME or juvenile substitution	0xaa3bd0(race,out,plural=false,caste=-1); r9w==0xffff -> 0xaa3d69 -> 0xaa3d1e/0xaa3d36; creature_raw+0x20 NAME[0]
classic	data/vanilla/vanilla_creatures/objects/creature_small_mammal_new.txt	262	HEDGEHOG_MAN	SELECT_CASTE:ALL	NAME	1	hedgehog man	hedgehog man	刺猬人	data/runtime/rulesets/zh-Hans/creatures/caste.toml | data/runtime/rulesets/zh-Hans/creatures/name.toml	刺猬人	刺猬人	creature_raw.NAME[0]; singular; caste=-1; no CASTE_NAME or juvenile substitution	0xaa3bd0(race,out,plural=false,caste=-1); r9w==0xffff -> 0xaa3d69 -> 0xaa3d1e/0xaa3d36; creature_raw+0x20 NAME[0]
classic	data/vanilla/vanilla_creatures/objects/creature_small_mammal_new.txt	281	GIANT_HEDGEHOG	SELECT_CASTE:ALL	NAME	1	giant hedgehog	giant hedgehog	巨型刺猬	data/runtime/rulesets/zh-Hans/creatures/caste.toml | data/runtime/rulesets/zh-Hans/creatures/name.toml	巨型刺猬	巨刺猬	creature_raw.NAME[0]; singular; caste=-1; no CASTE_NAME or juvenile substitution	0xaa3bd0(race,out,plural=false,caste=-1); r9w==0xffff -> 0xaa3d69 -> 0xaa3d1e/0xaa3d36; creature_raw+0x20 NAME[0]
classic	data/vanilla/vanilla_creatures/objects/creature_small_mammal_new.txt	303	SQUIRREL_FLYING		NAME	1	flying squirrel	flying squirrel	鼯鼠	data/runtime/rulesets/zh-Hans/creatures/caste.toml | data/runtime/rulesets/zh-Hans/creatures/name.toml	鼯鼠	鼯鼠	creature_raw.NAME[0]; singular; caste=-1; no CASTE_NAME or juvenile substitution	0xaa3bd0(race,out,plural=false,caste=-1); r9w==0xffff -> 0xaa3d69 -> 0xaa3d1e/0xaa3d36; creature_raw+0x20 NAME[0]
classic	data/vanilla/vanilla_creatures/objects/creature_small_mammal_new.txt	406	FLYING_SQUIRREL_MAN	SELECT_CASTE:ALL	NAME	1	flying squirrel man	flying squirrel man	鼯鼠人	data/runtime/rulesets/zh-Hans/creatures/caste.toml | data/runtime/rulesets/zh-Hans/creatures/name.toml	鼯鼠人	鼯鼠男	creature_raw.NAME[0]; singular; caste=-1; no CASTE_NAME or juvenile substitution	0xaa3bd0(race,out,plural=false,caste=-1); r9w==0xffff -> 0xaa3d69 -> 0xaa3d1e/0xaa3d36; creature_raw+0x20 NAME[0]
classic	data/vanilla/vanilla_creatures/objects/creature_small_mammal_new.txt	425	GIANT_FLYING_SQUIRREL	SELECT_CASTE:ALL	NAME	1	giant flying squirrel	giant flying squirrel	巨型鼯鼠	data/runtime/rulesets/zh-Hans/creatures/caste.toml | data/runtime/rulesets/zh-Hans/creatures/name.toml	巨型鼯鼠	巨鼯鼠	creature_raw.NAME[0]; singular; caste=-1; no CASTE_NAME or juvenile substitution	0xaa3bd0(race,out,plural=false,caste=-1); r9w==0xffff -> 0xaa3d69 -> 0xaa3d1e/0xaa3d36; creature_raw+0x20 NAME[0]
classic	data/vanilla/vanilla_creatures/objects/creature_small_mammals.txt	7	RAT		NAME	1	rat	rat	老鼠	data/runtime/rulesets/zh-Hans/creatures/caste.toml | data/runtime/rulesets/zh-Hans/creatures/name.toml	老鼠	鼠	creature_raw.NAME[0]; singular; caste=-1; no CASTE_NAME or juvenile substitution	0xaa3bd0(race,out,plural=false,caste=-1); r9w==0xffff -> 0xaa3d69 -> 0xaa3d1e/0xaa3d36; creature_raw+0x20 NAME[0]
classic	data/vanilla/vanilla_creatures/objects/creature_small_mammals.txt	114	RAT_MAN	SELECT_CASTE:ALL	NAME	1	rat man	rat man	老鼠人	data/runtime/rulesets/zh-Hans/creatures/caste.toml | data/runtime/rulesets/zh-Hans/creatures/name.toml	老鼠人	鼠男	creature_raw.NAME[0]; singular; caste=-1; no CASTE_NAME or juvenile substitution	0xaa3bd0(race,out,plural=false,caste=-1); r9w==0xffff -> 0xaa3d69 -> 0xaa3d1e/0xaa3d36; creature_raw+0x20 NAME[0]
classic	data/vanilla/vanilla_creatures/objects/creature_small_mammals.txt	126	SQUIRREL_GRAY		NAME	1	gray squirrel	gray squirrel	灰松鼠	data/runtime/rulesets/zh-Hans/creatures/caste.toml | data/runtime/rulesets/zh-Hans/creatures/name.toml	灰松鼠	灰松鼠	creature_raw.NAME[0]; singular; caste=-1; no CASTE_NAME or juvenile substitution	0xaa3bd0(race,out,plural=false,caste=-1); r9w==0xffff -> 0xaa3d69 -> 0xaa3d1e/0xaa3d36; creature_raw+0x20 NAME[0]
classic	data/vanilla/vanilla_creatures/objects/creature_small_mammals.txt	228	SQUIRREL_GRAY_MAN	SELECT_CASTE:ALL	NAME	1	gray squirrel man	gray squirrel man	灰松鼠人	data/runtime/rulesets/zh-Hans/creatures/caste.toml | data/runtime/rulesets/zh-Hans/creatures/name.toml	灰松鼠人	灰松鼠人	creature_raw.NAME[0]; singular; caste=-1; no CASTE_NAME or juvenile substitution	0xaa3bd0(race,out,plural=false,caste=-1); r9w==0xffff -> 0xaa3d69 -> 0xaa3d1e/0xaa3d36; creature_raw+0x20 NAME[0]
classic	data/vanilla/vanilla_creatures/objects/creature_small_mammals.txt	247	GIANT_SQUIRREL_GRAY	SELECT_CASTE:ALL	NAME	1	giant gray squirrel	giant gray squirrel	巨型灰松鼠	data/runtime/rulesets/zh-Hans/creatures/caste.toml | data/runtime/rulesets/zh-Hans/creatures/name.toml	巨型灰松鼠	巨灰松鼠	creature_raw.NAME[0]; singular; caste=-1; no CASTE_NAME or juvenile substitution	0xaa3bd0(race,out,plural=false,caste=-1); r9w==0xffff -> 0xaa3d69 -> 0xaa3d1e/0xaa3d36; creature_raw+0x20 NAME[0]
classic	data/vanilla/vanilla_creatures/objects/creature_small_mammals.txt	267	SQUIRREL_RED		NAME	1	red squirrel	red squirrel	红松鼠	data/runtime/rulesets/zh-Hans/creatures/caste.toml | data/runtime/rulesets/zh-Hans/creatures/name.toml	红松鼠	红松鼠	creature_raw.NAME[0]; singular; caste=-1; no CASTE_NAME or juvenile substitution	0xaa3bd0(race,out,plural=false,caste=-1); r9w==0xffff -> 0xaa3d69 -> 0xaa3d1e/0xaa3d36; creature_raw+0x20 NAME[0]
classic	data/vanilla/vanilla_creatures/objects/creature_small_mammals.txt	369	SQUIRREL_RED_MAN	SELECT_CASTE:ALL	NAME	1	red squirrel man	red squirrel man	红松鼠人	data/runtime/rulesets/zh-Hans/creatures/caste.toml | data/runtime/rulesets/zh-Hans/creatures/name.toml	红松鼠人	红松鼠人	creature_raw.NAME[0]; singular; caste=-1; no CASTE_NAME or juvenile substitution	0xaa3bd0(race,out,plural=false,caste=-1); r9w==0xffff -> 0xaa3d69 -> 0xaa3d1e/0xaa3d36; creature_raw+0x20 NAME[0]
classic	data/vanilla/vanilla_creatures/objects/creature_small_mammals.txt	388	GIANT_SQUIRREL_RED	SELECT_CASTE:ALL	NAME	1	giant red squirrel	giant red squirrel	巨型红松鼠	data/runtime/rulesets/zh-Hans/creatures/caste.toml | data/runtime/rulesets/zh-Hans/creatures/name.toml	巨型红松鼠	巨红松鼠	creature_raw.NAME[0]; singular; caste=-1; no CASTE_NAME or juvenile substitution	0xaa3bd0(race,out,plural=false,caste=-1); r9w==0xffff -> 0xaa3d69 -> 0xaa3d1e/0xaa3d36; creature_raw+0x20 NAME[0]
classic	data/vanilla/vanilla_creatures/objects/creature_small_mammals.txt	408	CHIPMUNK		NAME	1	chipmunk	chipmunk	花栗鼠	data/runtime/rulesets/zh-Hans/creatures/caste.toml | data/runtime/rulesets/zh-Hans/creatures/name.toml	花栗鼠	花栗鼠	creature_raw.NAME[0]; singular; caste=-1; no CASTE_NAME or juvenile substitution	0xaa3bd0(race,out,plural=false,caste=-1); r9w==0xffff -> 0xaa3d69 -> 0xaa3d1e/0xaa3d36; creature_raw+0x20 NAME[0]
classic	data/vanilla/vanilla_creatures/objects/creature_small_mammals.txt	510	CHIPMUNK_MAN	SELECT_CASTE:ALL	NAME	1	chipmunk man	chipmunk man	花栗鼠人	data/runtime/rulesets/zh-Hans/creatures/caste.toml | data/runtime/rulesets/zh-Hans/creatures/name.toml	花栗鼠人	花栗鼠人	creature_raw.NAME[0]; singular; caste=-1; no CASTE_NAME or juvenile substitution	0xaa3bd0(race,out,plural=false,caste=-1); r9w==0xffff -> 0xaa3d69 -> 0xaa3d1e/0xaa3d36; creature_raw+0x20 NAME[0]
classic	data/vanilla/vanilla_creatures/objects/creature_small_mammals.txt	529	GIANT_CHIPMUNK	SELECT_CASTE:ALL	NAME	1	giant chipmunk	giant chipmunk	巨型花栗鼠	data/runtime/rulesets/zh-Hans/creatures/caste.toml | data/runtime/rulesets/zh-Hans/creatures/name.toml	巨型花栗鼠	巨花栗鼠	creature_raw.NAME[0]; singular; caste=-1; no CASTE_NAME or juvenile substitution	0xaa3bd0(race,out,plural=false,caste=-1); r9w==0xffff -> 0xaa3d69 -> 0xaa3d1e/0xaa3d36; creature_raw+0x20 NAME[0]
classic	data/vanilla/vanilla_creatures/objects/creature_small_ocean.txt	7	MUSSEL		NAME	1	mussel	mussel	贻贝	data/runtime/rulesets/zh-Hans/creatures/caste.toml | data/runtime/rulesets/zh-Hans/creatures/name.toml	贻贝	贻贝	creature_raw.NAME[0]; singular; caste=-1; no CASTE_NAME or juvenile substitution	0xaa3bd0(race,out,plural=false,caste=-1); r9w==0xffff -> 0xaa3d69 -> 0xaa3d1e/0xaa3d36; creature_raw+0x20 NAME[0]
classic	data/vanilla/vanilla_creatures/objects/creature_small_ocean.txt	64	OYSTER		NAME	1	oyster	oyster	牡蛎	data/runtime/rulesets/zh-Hans/creatures/caste.toml | data/runtime/rulesets/zh-Hans/creatures/name.toml	牡蛎	牡蛎	creature_raw.NAME[0]; singular; caste=-1; no CASTE_NAME or juvenile substitution	0xaa3bd0(race,out,plural=false,caste=-1); r9w==0xffff -> 0xaa3d69 -> 0xaa3d1e/0xaa3d36; creature_raw+0x20 NAME[0]
classic	data/vanilla/vanilla_creatures/objects/creature_small_ocean.txt	119	FISH_SALMON		NAME	1	salmon	salmon	鲑鱼	data/runtime/rulesets/zh-Hans/creatures/caste.toml | data/runtime/rulesets/zh-Hans/creatures/name.toml	鲑鱼	鲑鱼	creature_raw.NAME[0]; singular; caste=-1; no CASTE_NAME or juvenile substitution	0xaa3bd0(race,out,plural=false,caste=-1); r9w==0xffff -> 0xaa3d69 -> 0xaa3d1e/0xaa3d36; creature_raw+0x20 NAME[0]
classic	data/vanilla/vanilla_creatures/objects/creature_small_ocean.txt	193	FISH_CLOWNFISH		NAME	1	clownfish	clownfish	小丑鱼	data/runtime/rulesets/zh-Hans/creatures/caste.toml | data/runtime/rulesets/zh-Hans/creatures/name.toml	小丑鱼	小丑鱼	creature_raw.NAME[0]; singular; caste=-1; no CASTE_NAME or juvenile substitution	0xaa3bd0(race,out,plural=false,caste=-1); r9w==0xffff -> 0xaa3d69 -> 0xaa3d1e/0xaa3d36; creature_raw+0x20 NAME[0]
classic	data/vanilla/vanilla_creatures/objects/creature_small_ocean.txt	263	FISH_HAGFISH		NAME	1	hagfish	hagfish	盲鳗	data/runtime/rulesets/zh-Hans/creatures/caste.toml | data/runtime/rulesets/zh-Hans/creatures/name.toml	盲鳗	盲鳗	creature_raw.NAME[0]; singular; caste=-1; no CASTE_NAME or juvenile substitution	0xaa3bd0(race,out,plural=false,caste=-1); r9w==0xffff -> 0xaa3d69 -> 0xaa3d1e/0xaa3d36; creature_raw+0x20 NAME[0]
classic	data/vanilla/vanilla_creatures/objects/creature_small_ocean.txt	331	FISH_LAMPREY_BROOK		NAME	1	brook lamprey	brook lamprey	河七鳃鳗	data/runtime/rulesets/zh-Hans/creatures/caste.toml | data/runtime/rulesets/zh-Hans/creatures/name.toml	河七鳃鳗	河七鳃鳗	creature_raw.NAME[0]; singular; caste=-1; no CASTE_NAME or juvenile substitution	0xaa3bd0(race,out,plural=false,caste=-1); r9w==0xffff -> 0xaa3d69 -> 0xaa3d1e/0xaa3d36; creature_raw+0x20 NAME[0]
classic	data/vanilla/vanilla_creatures/objects/creature_small_ocean.txt	400	FISH_RAY_BAT		NAME	1	bat ray	bat ray	蝠鲼	data/runtime/rulesets/zh-Hans/creatures/caste.toml | data/runtime/rulesets/zh-Hans/creatures/name.toml	蝠鲼	蝠鲼	creature_raw.NAME[0]; singular; caste=-1; no CASTE_NAME or juvenile substitution	0xaa3bd0(race,out,plural=false,caste=-1); r9w==0xffff -> 0xaa3d69 -> 0xaa3d1e/0xaa3d36; creature_raw+0x20 NAME[0]
classic	data/vanilla/vanilla_creatures/objects/creature_small_ocean.txt	468	FISH_RAY_THORNBACK		NAME	1	thornback ray	thornback ray	刺鳐	data/runtime/rulesets/zh-Hans/creatures/caste.toml | data/runtime/rulesets/zh-Hans/creatures/name.toml	刺鳐	刺鳐	creature_raw.NAME[0]; singular; caste=-1; no CASTE_NAME or juvenile substitution	0xaa3bd0(race,out,plural=false,caste=-1); r9w==0xffff -> 0xaa3d69 -> 0xaa3d1e/0xaa3d36; creature_raw+0x20 NAME[0]
classic	data/vanilla/vanilla_creatures/objects/creature_small_ocean.txt	535	FISH_RATFISH_SPOTTED		NAME	1	spotted ratfish	spotted ratfish	斑点鼠鱼	data/runtime/rulesets/zh-Hans/creatures/caste.toml | data/runtime/rulesets/zh-Hans/creatures/name.toml	斑点鼠鱼	科氏兔银鲛	creature_raw.NAME[0]; singular; caste=-1; no CASTE_NAME or juvenile substitution	0xaa3bd0(race,out,plural=false,caste=-1); r9w==0xffff -> 0xaa3d69 -> 0xaa3d1e/0xaa3d36; creature_raw+0x20 NAME[0]
classic	data/vanilla/vanilla_creatures/objects/creature_small_ocean.txt	605	FISH_HERRING		NAME	1	herring	herring	鲱鱼	data/runtime/rulesets/zh-Hans/creatures/caste.toml | data/runtime/rulesets/zh-Hans/creatures/name.toml	鲱鱼	鲱鱼	creature_raw.NAME[0]; singular; caste=-1; no CASTE_NAME or juvenile substitution	0xaa3bd0(race,out,plural=false,caste=-1); r9w==0xffff -> 0xaa3d69 -> 0xaa3d1e/0xaa3d36; creature_raw+0x20 NAME[0]
classic	data/vanilla/vanilla_creatures/objects/creature_small_ocean.txt	677	FISH_SHAD		NAME	1	shad	shad	河鲱	data/runtime/rulesets/zh-Hans/creatures/caste.toml | data/runtime/rulesets/zh-Hans/creatures/name.toml	河鲱	河鲱	creature_raw.NAME[0]; singular; caste=-1; no CASTE_NAME or juvenile substitution	0xaa3bd0(race,out,plural=false,caste=-1); r9w==0xffff -> 0xaa3d69 -> 0xaa3d1e/0xaa3d36; creature_raw+0x20 NAME[0]
classic	data/vanilla/vanilla_creatures/objects/creature_small_ocean.txt	752	FISH_ANCHOVY		NAME	1	anchovy	anchovy	凤尾鱼	data/runtime/rulesets/zh-Hans/creatures/caste.toml | data/runtime/rulesets/zh-Hans/creatures/name.toml	凤尾鱼	凤尾鱼	creature_raw.NAME[0]; singular; caste=-1; no CASTE_NAME or juvenile substitution	0xaa3bd0(race,out,plural=false,caste=-1); r9w==0xffff -> 0xaa3d69 -> 0xaa3d1e/0xaa3d36; creature_raw+0x20 NAME[0]
classic	data/vanilla/vanilla_creatures/objects/creature_small_ocean.txt	823	FISH_TROUT_STEELHEAD		NAME	1	steelhead trout	steelhead trout	硬头鳟	data/runtime/rulesets/zh-Hans/creatures/caste.toml | data/runtime/rulesets/zh-Hans/creatures/name.toml	硬头鳟	硬头鳟	creature_raw.NAME[0]; singular; caste=-1; no CASTE_NAME or juvenile substitution	0xaa3bd0(race,out,plural=false,caste=-1); r9w==0xffff -> 0xaa3d69 -> 0xaa3d1e/0xaa3d36; creature_raw+0x20 NAME[0]
classic	data/vanilla/vanilla_creatures/objects/creature_small_ocean.txt	897	FISH_HAKE		NAME	1	hake	hake	无须鳕	data/runtime/rulesets/zh-Hans/creatures/caste.toml | data/runtime/rulesets/zh-Hans/creatures/name.toml	无须鳕	无须鳕	creature_raw.NAME[0]; singular; caste=-1; no CASTE_NAME or juvenile substitution	0xaa3bd0(race,out,plural=false,caste=-1); r9w==0xffff -> 0xaa3d69 -> 0xaa3d1e/0xaa3d36; creature_raw+0x20 NAME[0]
classic	data/vanilla/vanilla_creatures/objects/creature_small_ocean.txt	969	FISH_SEAHORSE		NAME	1	seahorse	seahorse	海马	data/runtime/rulesets/zh-Hans/creatures/caste.toml | data/runtime/rulesets/zh-Hans/creatures/name.toml	海马	海马	creature_raw.NAME[0]; singular; caste=-1; no CASTE_NAME or juvenile substitution	0xaa3bd0(race,out,plural=false,caste=-1); r9w==0xffff -> 0xaa3d69 -> 0xaa3d1e/0xaa3d36; creature_raw+0x20 NAME[0]
classic	data/vanilla/vanilla_creatures/objects/creature_small_ocean.txt	1034	FISH_GLASSEYE		NAME	1	glasseye	glasseye	斑鳍大眼鲷	data/runtime/rulesets/zh-Hans/creatures/caste.toml | data/runtime/rulesets/zh-Hans/creatures/name.toml	斑鳍大眼鲷	斑鳍大眼鲷	creature_raw.NAME[0]; singular; caste=-1; no CASTE_NAME or juvenile substitution	0xaa3bd0(race,out,plural=false,caste=-1); r9w==0xffff -> 0xaa3d69 -> 0xaa3d1e/0xaa3d36; creature_raw+0x20 NAME[0]
classic	data/vanilla/vanilla_creatures/objects/creature_small_ocean.txt	1105	FISH_PUFFER_WHITE_SPOTTED		NAME	1	white-spotted puffer	white-spotted puffer	白斑河豚	data/runtime/rulesets/zh-Hans/creatures/caste.toml | data/runtime/rulesets/zh-Hans/creatures/name.toml	白斑河豚	白斑河豚	creature_raw.NAME[0]; singular; caste=-1; no CASTE_NAME or juvenile substitution	0xaa3bd0(race,out,plural=false,caste=-1); r9w==0xffff -> 0xaa3d69 -> 0xaa3d1e/0xaa3d36; creature_raw+0x20 NAME[0]
classic	data/vanilla/vanilla_creatures/objects/creature_small_ocean.txt	1169	FISH_SOLE		NAME	1	sole	sole	鳎鱼	data/runtime/rulesets/zh-Hans/creatures/caste.toml | data/runtime/rulesets/zh-Hans/creatures/name.toml	鳎鱼	鳎鱼	creature_raw.NAME[0]; singular; caste=-1; no CASTE_NAME or juvenile substitution	0xaa3bd0(race,out,plural=false,caste=-1); r9w==0xffff -> 0xaa3d69 -> 0xaa3d1e/0xaa3d36; creature_raw+0x20 NAME[0]
classic	data/vanilla/vanilla_creatures/objects/creature_small_ocean.txt	1240	FISH_FLOUNDER		NAME	1	flounder	flounder	鲽鱼	data/runtime/rulesets/zh-Hans/creatures/caste.toml | data/runtime/rulesets/zh-Hans/creatures/name.toml	鲽鱼	鲽鱼	creature_raw.NAME[0]; singular; caste=-1; no CASTE_NAME or juvenile substitution	0xaa3bd0(race,out,plural=false,caste=-1); r9w==0xffff -> 0xaa3d69 -> 0xaa3d1e/0xaa3d36; creature_raw+0x20 NAME[0]
classic	data/vanilla/vanilla_creatures/objects/creature_small_ocean.txt	1310	FISH_MACKEREL		NAME	1	mackerel	mackerel	鲭鱼	data/runtime/rulesets/zh-Hans/creatures/caste.toml | data/runtime/rulesets/zh-Hans/creatures/name.toml	鲭鱼	鲭鱼	creature_raw.NAME[0]; singular; caste=-1; no CASTE_NAME or juvenile substitution	0xaa3bd0(race,out,plural=false,caste=-1); r9w==0xffff -> 0xaa3d69 -> 0xaa3d1e/0xaa3d36; creature_raw+0x20 NAME[0]
classic	data/vanilla/vanilla_creatures/objects/creature_small_ocean.txt	1382	JELLYFISH_SEA_NETTLE		NAME	1	sea nettle jellyfish	sea nettle jellyfish	海荨麻水母	data/runtime/rulesets/zh-Hans/creatures/caste.toml | data/runtime/rulesets/zh-Hans/creatures/name.toml	海荨麻水母	海荨麻水母	creature_raw.NAME[0]; singular; caste=-1; no CASTE_NAME or juvenile substitution	0xaa3bd0(race,out,plural=false,caste=-1); r9w==0xffff -> 0xaa3d69 -> 0xaa3d1e/0xaa3d36; creature_raw+0x20 NAME[0]
classic	data/vanilla/vanilla_creatures/objects/creature_small_ocean.txt	1429	SQUID		NAME	1	squid	squid	鱿鱼	data/runtime/rulesets/zh-Hans/creatures/caste.toml | data/runtime/rulesets/zh-Hans/creatures/name.toml	鱿鱼	鱿鱼	creature_raw.NAME[0]; singular; caste=-1; no CASTE_NAME or juvenile substitution	0xaa3bd0(race,out,plural=false,caste=-1); r9w==0xffff -> 0xaa3d69 -> 0xaa3d1e/0xaa3d36; creature_raw+0x20 NAME[0]
classic	data/vanilla/vanilla_creatures/objects/creature_small_ocean.txt	1541	SQUID MAN	SELECT_CASTE:ALL	NAME	1	squid man	squid man	鱿鱼人	data/runtime/rulesets/zh-Hans/creatures/caste.toml | data/runtime/rulesets/zh-Hans/creatures/name.toml	鱿鱼人	鱿鱼人	creature_raw.NAME[0]; singular; caste=-1; no CASTE_NAME or juvenile substitution	0xaa3bd0(race,out,plural=false,caste=-1); r9w==0xffff -> 0xaa3d69 -> 0xaa3d1e/0xaa3d36; creature_raw+0x20 NAME[0]
classic	data/vanilla/vanilla_creatures/objects/creature_small_ocean.txt	1567	GIGANTIC SQUID		NAME	1	gigantic squid	gigantic squid	巨型鱿鱼	data/runtime/rulesets/zh-Hans/creatures/caste.toml | data/runtime/rulesets/zh-Hans/creatures/name.toml	巨型鱿鱼	巨鱿鱼	creature_raw.NAME[0]; singular; caste=-1; no CASTE_NAME or juvenile substitution	0xaa3bd0(race,out,plural=false,caste=-1); r9w==0xffff -> 0xaa3d69 -> 0xaa3d1e/0xaa3d36; creature_raw+0x20 NAME[0]
classic	data/vanilla/vanilla_creatures/objects/creature_small_riverlake.txt	7	FISH_LUNGFISH		NAME	1	lungfish	lungfish	肺鱼	data/runtime/rulesets/zh-Hans/creatures/caste.toml | data/runtime/rulesets/zh-Hans/creatures/name.toml	肺鱼	肺鱼	creature_raw.NAME[0]; singular; caste=-1; no CASTE_NAME or juvenile substitution	0xaa3bd0(race,out,plural=false,caste=-1); r9w==0xffff -> 0xaa3d69 -> 0xaa3d1e/0xaa3d36; creature_raw+0x20 NAME[0]
classic	data/vanilla/vanilla_creatures/objects/creature_small_riverlake.txt	88	FISH_LOACH_CLOWN		NAME	1	clown loach	clown loach	丑鳅鱼	data/runtime/rulesets/zh-Hans/creatures/caste.toml | data/runtime/rulesets/zh-Hans/creatures/name.toml	丑鳅鱼	丑鳅鱼	creature_raw.NAME[0]; singular; caste=-1; no CASTE_NAME or juvenile substitution	0xaa3bd0(race,out,plural=false,caste=-1); r9w==0xffff -> 0xaa3d69 -> 0xaa3d1e/0xaa3d36; creature_raw+0x20 NAME[0]
classic	data/vanilla/vanilla_creatures/objects/creature_small_riverlake.txt	159	FISH_BULLHEAD_BROWN		NAME	1	brown bullhead	brown bullhead	棕鲶鱼	data/runtime/rulesets/zh-Hans/creatures/caste.toml | data/runtime/rulesets/zh-Hans/creatures/name.toml	棕鲶鱼	棕鲶鱼	creature_raw.NAME[0]; singular; caste=-1; no CASTE_NAME or juvenile substitution	0xaa3bd0(race,out,plural=false,caste=-1); r9w==0xffff -> 0xaa3d69 -> 0xaa3d1e/0xaa3d36; creature_raw+0x20 NAME[0]
classic	data/vanilla/vanilla_creatures/objects/creature_small_riverlake.txt	230	FISH_BULLHEAD_YELLOW		NAME	1	yellow bullhead	yellow bullhead	黄鲶鱼	data/runtime/rulesets/zh-Hans/creatures/caste.toml | data/runtime/rulesets/zh-Hans/creatures/name.toml	黄鲶鱼	黄鲶鱼	creature_raw.NAME[0]; singular; caste=-1; no CASTE_NAME or juvenile substitution	0xaa3bd0(race,out,plural=false,caste=-1); r9w==0xffff -> 0xaa3d69 -> 0xaa3d1e/0xaa3d36; creature_raw+0x20 NAME[0]
classic	data/vanilla/vanilla_creatures/objects/creature_small_riverlake.txt	301	FISH_BULLHEAD_BLACK		NAME	1	black bullhead	black bullhead	黑鲶鱼	data/runtime/rulesets/zh-Hans/creatures/caste.toml | data/runtime/rulesets/zh-Hans/creatures/name.toml	黑鲶鱼	黑鲶鱼	creature_raw.NAME[0]; singular; caste=-1; no CASTE_NAME or juvenile substitution	0xaa3bd0(race,out,plural=false,caste=-1); r9w==0xffff -> 0xaa3d69 -> 0xaa3d1e/0xaa3d36; creature_raw+0x20 NAME[0]
classic	data/vanilla/vanilla_creatures/objects/creature_small_riverlake.txt	372	FISH_KNIFEFISH_BANDED		NAME	1	banded knifefish	banded knifefish	带状刀鱼	data/runtime/rulesets/zh-Hans/creatures/caste.toml | data/runtime/rulesets/zh-Hans/creatures/name.toml	带状刀鱼	带状刀鱼	creature_raw.NAME[0]; singular; caste=-1; no CASTE_NAME or juvenile substitution	0xaa3bd0(race,out,plural=false,caste=-1); r9w==0xffff -> 0xaa3d69 -> 0xaa3d1e/0xaa3d36; creature_raw+0x20 NAME[0]
classic	data/vanilla/vanilla_creatures/objects/creature_small_riverlake.txt	443	FISH_CHAR		NAME	1	char	char	红点鲑	data/runtime/rulesets/zh-Hans/creatures/caste.toml | data/runtime/rulesets/zh-Hans/creatures/name.toml	红点鲑	红点鲑	creature_raw.NAME[0]; singular; caste=-1; no CASTE_NAME or juvenile substitution	0xaa3bd0(race,out,plural=false,caste=-1); r9w==0xffff -> 0xaa3d69 -> 0xaa3d1e/0xaa3d36; creature_raw+0x20 NAME[0]
classic	data/vanilla/vanilla_creatures/objects/creature_small_riverlake.txt	514	FISH_TROUT_RAINBOW		NAME	1	rainbow trout	rainbow trout	虹鳟	data/runtime/rulesets/zh-Hans/creatures/caste.toml | data/runtime/rulesets/zh-Hans/creatures/name.toml	虹鳟	虹鳟	creature_raw.NAME[0]; singular; caste=-1; no CASTE_NAME or juvenile substitution	0xaa3bd0(race,out,plural=false,caste=-1); r9w==0xffff -> 0xaa3d69 -> 0xaa3d1e/0xaa3d36; creature_raw+0x20 NAME[0]
classic	data/vanilla/vanilla_creatures/objects/creature_small_riverlake.txt	585	FISH_MOLLY_SAILFIN		NAME	1	sailfin molly	sailfin molly	帆鳍花鳉	data/runtime/rulesets/zh-Hans/creatures/caste.toml | data/runtime/rulesets/zh-Hans/creatures/name.toml	帆鳍花鳉	帆鳍花鳉	creature_raw.NAME[0]; singular; caste=-1; no CASTE_NAME or juvenile substitution	0xaa3bd0(race,out,plural=false,caste=-1); r9w==0xffff -> 0xaa3d69 -> 0xaa3d1e/0xaa3d36; creature_raw+0x20 NAME[0]
classic	data/vanilla/vanilla_creatures/objects/creature_small_riverlake.txt	660	FISH_GUPPY		NAME	1	guppy	guppy	虹鳉	data/runtime/rulesets/zh-Hans/creatures/caste.toml | data/runtime/rulesets/zh-Hans/creatures/name.toml	虹鳉	虹鳉	creature_raw.NAME[0]; singular; caste=-1; no CASTE_NAME or juvenile substitution	0xaa3bd0(race,out,plural=false,caste=-1); r9w==0xffff -> 0xaa3d69 -> 0xaa3d1e/0xaa3d36; creature_raw+0x20 NAME[0]
classic	data/vanilla/vanilla_creatures/objects/creature_small_riverlake.txt	735	FISH_PERCH		NAME	1	perch	perch	鲈鱼	data/runtime/rulesets/zh-Hans/creatures/caste.toml | data/runtime/rulesets/zh-Hans/creatures/name.toml	鲈鱼	鲈鱼	creature_raw.NAME[0]; singular; caste=-1; no CASTE_NAME or juvenile substitution	0xaa3bd0(race,out,plural=false,caste=-1); r9w==0xffff -> 0xaa3d69 -> 0xaa3d1e/0xaa3d36; creature_raw+0x20 NAME[0]
classic	data/vanilla/vanilla_creatures/objects/creature_standard.txt	7	DWARF		NAME	1	dwarf	dwarf	矮人	data/runtime/rulesets/zh-Hans/creatures/caste.toml | data/runtime/rulesets/zh-Hans/creatures/name.toml	矮人	矮人	creature_raw.NAME[0]; singular; caste=-1; no CASTE_NAME or juvenile substitution	0xaa3bd0(race,out,plural=false,caste=-1); r9w==0xffff -> 0xaa3d69 -> 0xaa3d1e/0xaa3d36; creature_raw+0x20 NAME[0]
classic	data/vanilla/vanilla_creatures/objects/creature_standard.txt	454	HUMAN		NAME	1	human	human	人类	data/runtime/rulesets/zh-Hans/creatures/caste.toml | data/runtime/rulesets/zh-Hans/creatures/name.toml	人类	人类	creature_raw.NAME[0]; singular; caste=-1; no CASTE_NAME or juvenile substitution	0xaa3bd0(race,out,plural=false,caste=-1); r9w==0xffff -> 0xaa3d69 -> 0xaa3d1e/0xaa3d36; creature_raw+0x20 NAME[0]
classic	data/vanilla/vanilla_creatures/objects/creature_standard.txt	736	ELF		NAME	1	elf	elf	精灵	data/runtime/rulesets/zh-Hans/creatures/caste.toml | data/runtime/rulesets/zh-Hans/creatures/name.toml	精灵	精灵	creature_raw.NAME[0]; singular; caste=-1; no CASTE_NAME or juvenile substitution	0xaa3bd0(race,out,plural=false,caste=-1); r9w==0xffff -> 0xaa3d69 -> 0xaa3d1e/0xaa3d36; creature_raw+0x20 NAME[0]
classic	data/vanilla/vanilla_creatures/objects/creature_standard.txt	1016	GOBLIN		NAME	1	goblin	goblin	哥布林	data/runtime/rulesets/zh-Hans/creatures/caste.toml | data/runtime/rulesets/zh-Hans/creatures/name.toml	哥布林	妖精	creature_raw.NAME[0]; singular; caste=-1; no CASTE_NAME or juvenile substitution	0xaa3bd0(race,out,plural=false,caste=-1); r9w==0xffff -> 0xaa3d69 -> 0xaa3d1e/0xaa3d36; creature_raw+0x20 NAME[0]
classic	data/vanilla/vanilla_creatures/objects/creature_standard.txt	1292	KOBOLD		NAME	1	kobold	kobold	狗头人	data/runtime/rulesets/zh-Hans/creatures/caste.toml | data/runtime/rulesets/zh-Hans/creatures/name.toml	狗头人	妖鬼	creature_raw.NAME[0]; singular; caste=-1; no CASTE_NAME or juvenile substitution	0xaa3bd0(race,out,plural=false,caste=-1); r9w==0xffff -> 0xaa3d69 -> 0xaa3d1e/0xaa3d36; creature_raw+0x20 NAME[0]
classic	data/vanilla/vanilla_creatures/objects/creature_standard.txt	1529	GREMLIN		NAME	1	gremlin	gremlin	小精怪	data/runtime/rulesets/zh-Hans/creatures/caste.toml | data/runtime/rulesets/zh-Hans/creatures/name.toml	小精怪	麻烦鬼	creature_raw.NAME[0]; singular; caste=-1; no CASTE_NAME or juvenile substitution	0xaa3bd0(race,out,plural=false,caste=-1); r9w==0xffff -> 0xaa3d69 -> 0xaa3d1e/0xaa3d36; creature_raw+0x20 NAME[0]
classic	data/vanilla/vanilla_creatures/objects/creature_standard.txt	1724	TROLL		NAME	1	troll	troll	巨魔	data/runtime/rulesets/zh-Hans/creatures/caste.toml | data/runtime/rulesets/zh-Hans/creatures/name.toml	巨魔	巨魔	creature_raw.NAME[0]; singular; caste=-1; no CASTE_NAME or juvenile substitution	0xaa3bd0(race,out,plural=false,caste=-1); r9w==0xffff -> 0xaa3d69 -> 0xaa3d1e/0xaa3d36; creature_raw+0x20 NAME[0]
classic	data/vanilla/vanilla_creatures/objects/creature_standard.txt	1926	OGRE		NAME	1	ogre	ogre	食人魔	data/runtime/rulesets/zh-Hans/creatures/caste.toml | data/runtime/rulesets/zh-Hans/creatures/name.toml	食人魔	食人魔	creature_raw.NAME[0]; singular; caste=-1; no CASTE_NAME or juvenile substitution	0xaa3bd0(race,out,plural=false,caste=-1); r9w==0xffff -> 0xaa3d69 -> 0xaa3d1e/0xaa3d36; creature_raw+0x20 NAME[0]
classic	data/vanilla/vanilla_creatures/objects/creature_standard.txt	2100	UNICORN		NAME	1	unicorn	unicorn	独角兽	data/runtime/rulesets/zh-Hans/creatures/caste.toml | data/runtime/rulesets/zh-Hans/creatures/name.toml	独角兽	独角兽	creature_raw.NAME[0]; singular; caste=-1; no CASTE_NAME or juvenile substitution	0xaa3bd0(race,out,plural=false,caste=-1); r9w==0xffff -> 0xaa3d69 -> 0xaa3d1e/0xaa3d36; creature_raw+0x20 NAME[0]
classic	data/vanilla/vanilla_creatures/objects/creature_standard.txt	2216	DRAGON		NAME	1	dragon	dragon	巨龙	data/runtime/rulesets/zh-Hans/creatures/caste.toml | data/runtime/rulesets/zh-Hans/creatures/name.toml	巨龙	巨龙	creature_raw.NAME[0]; singular; caste=-1; no CASTE_NAME or juvenile substitution	0xaa3bd0(race,out,plural=false,caste=-1); r9w==0xffff -> 0xaa3d69 -> 0xaa3d1e/0xaa3d36; creature_raw+0x20 NAME[0]
classic	data/vanilla/vanilla_creatures/objects/creature_standard.txt	2352	SATYR		NAME	1	satyr	satyr	半羊人	data/runtime/rulesets/zh-Hans/creatures/caste.toml | data/runtime/rulesets/zh-Hans/creatures/name.toml	半羊人	萨堤尔	creature_raw.NAME[0]; singular; caste=-1; no CASTE_NAME or juvenile substitution	0xaa3bd0(race,out,plural=false,caste=-1); r9w==0xffff -> 0xaa3d69 -> 0xaa3d1e/0xaa3d36; creature_raw+0x20 NAME[0]
classic	data/vanilla/vanilla_creatures/objects/creature_standard.txt	2612	COLOSSUS_BRONZE		NAME	1	bronze colossus	bronze colossus	青铜巨像	data/runtime/rulesets/zh-Hans/creatures/caste.toml | data/runtime/rulesets/zh-Hans/creatures/name.toml	青铜巨像	青铜巨像	creature_raw.NAME[0]; singular; caste=-1; no CASTE_NAME or juvenile substitution	0xaa3bd0(race,out,plural=false,caste=-1); r9w==0xffff -> 0xaa3d69 -> 0xaa3d1e/0xaa3d36; creature_raw+0x20 NAME[0]
classic	data/vanilla/vanilla_creatures/objects/creature_standard.txt	2681	GIANT		NAME	1	giant	giant	巨人	data/runtime/rulesets/zh-Hans/creatures/caste.toml | data/runtime/rulesets/zh-Hans/creatures/name.toml	巨人	巨型	creature_raw.NAME[0]; singular; caste=-1; no CASTE_NAME or juvenile substitution	0xaa3bd0(race,out,plural=false,caste=-1); r9w==0xffff -> 0xaa3d69 -> 0xaa3d1e/0xaa3d36; creature_raw+0x20 NAME[0]
classic	data/vanilla/vanilla_creatures/objects/creature_standard.txt	2935	CYCLOPS		NAME	1	cyclops	cyclops	独眼巨人	data/runtime/rulesets/zh-Hans/creatures/caste.toml | data/runtime/rulesets/zh-Hans/creatures/name.toml	独眼巨人	独眼巨人	creature_raw.NAME[0]; singular; caste=-1; no CASTE_NAME or juvenile substitution	0xaa3bd0(race,out,plural=false,caste=-1); r9w==0xffff -> 0xaa3d69 -> 0xaa3d1e/0xaa3d36; creature_raw+0x20 NAME[0]
classic	data/vanilla/vanilla_creatures/objects/creature_standard.txt	3184	ETTIN		NAME	1	ettin	ettin	双头巨人	data/runtime/rulesets/zh-Hans/creatures/caste.toml | data/runtime/rulesets/zh-Hans/creatures/name.toml	双头巨人	双头巨人	creature_raw.NAME[0]; singular; caste=-1; no CASTE_NAME or juvenile substitution	0xaa3bd0(race,out,plural=false,caste=-1); r9w==0xffff -> 0xaa3d69 -> 0xaa3d1e/0xaa3d36; creature_raw+0x20 NAME[0]
classic	data/vanilla/vanilla_creatures/objects/creature_standard.txt	3439	MINOTAUR		NAME	1	minotaur	minotaur	牛头人	data/runtime/rulesets/zh-Hans/creatures/caste.toml | data/runtime/rulesets/zh-Hans/creatures/name.toml	牛头人	牛头人	creature_raw.NAME[0]; singular; caste=-1; no CASTE_NAME or juvenile substitution	0xaa3bd0(race,out,plural=false,caste=-1); r9w==0xffff -> 0xaa3d69 -> 0xaa3d1e/0xaa3d36; creature_raw+0x20 NAME[0]
classic	data/vanilla/vanilla_creatures/objects/creature_standard.txt	3626	YETI		NAME	1	yeti	yeti	雪怪	data/runtime/rulesets/zh-Hans/creatures/caste.toml | data/runtime/rulesets/zh-Hans/creatures/name.toml	雪怪	雪怪	creature_raw.NAME[0]; singular; caste=-1; no CASTE_NAME or juvenile substitution	0xaa3bd0(race,out,plural=false,caste=-1); r9w==0xffff -> 0xaa3d69 -> 0xaa3d1e/0xaa3d36; creature_raw+0x20 NAME[0]
classic	data/vanilla/vanilla_creatures/objects/creature_standard.txt	3741	SASQUATCH		NAME	1	sasquatch	sasquatch	野人	data/runtime/rulesets/zh-Hans/creatures/caste.toml | data/runtime/rulesets/zh-Hans/creatures/name.toml	野人	野人	creature_raw.NAME[0]; singular; caste=-1; no CASTE_NAME or juvenile substitution	0xaa3bd0(race,out,plural=false,caste=-1); r9w==0xffff -> 0xaa3d69 -> 0xaa3d1e/0xaa3d36; creature_raw+0x20 NAME[0]
classic	data/vanilla/vanilla_creatures/objects/creature_standard.txt	3855	BLIZZARD_MAN		NAME	1	blizzard man	blizzard man	暴雪魔人	data/runtime/rulesets/zh-Hans/creatures/caste.toml | data/runtime/rulesets/zh-Hans/creatures/name.toml	暴雪魔人	暴风雪人	creature_raw.NAME[0]; singular; caste=-1; no CASTE_NAME or juvenile substitution	0xaa3bd0(race,out,plural=false,caste=-1); r9w==0xffff -> 0xaa3d69 -> 0xaa3d1e/0xaa3d36; creature_raw+0x20 NAME[0]
classic	data/vanilla/vanilla_creatures/objects/creature_standard.txt	3939	WOLF_ICE		NAME	1	ice wolf	ice wolf	冰原狼	data/runtime/rulesets/zh-Hans/creatures/caste.toml | data/runtime/rulesets/zh-Hans/creatures/name.toml	冰原狼	冰原狼	creature_raw.NAME[0]; singular; caste=-1; no CASTE_NAME or juvenile substitution	0xaa3bd0(race,out,plural=false,caste=-1); r9w==0xffff -> 0xaa3d69 -> 0xaa3d1e/0xaa3d36; creature_raw+0x20 NAME[0]
classic	data/vanilla/vanilla_creatures/objects/creature_standard.txt	4031	FAIRY		NAME	1	fairy	fairy	小仙子	data/runtime/rulesets/zh-Hans/creatures/caste.toml | data/runtime/rulesets/zh-Hans/creatures/name.toml	小仙子	小仙子	creature_raw.NAME[0]; singular; caste=-1; no CASTE_NAME or juvenile substitution	0xaa3bd0(race,out,plural=false,caste=-1); r9w==0xffff -> 0xaa3d69 -> 0xaa3d1e/0xaa3d36; creature_raw+0x20 NAME[0]
classic	data/vanilla/vanilla_creatures/objects/creature_standard.txt	4232	PIXIE		NAME	1	pixie	pixie	小精灵	data/runtime/rulesets/zh-Hans/creatures/caste.toml | data/runtime/rulesets/zh-Hans/creatures/name.toml	小精灵	小精灵	creature_raw.NAME[0]; singular; caste=-1; no CASTE_NAME or juvenile substitution	0xaa3bd0(race,out,plural=false,caste=-1); r9w==0xffff -> 0xaa3d69 -> 0xaa3d1e/0xaa3d36; creature_raw+0x20 NAME[0]
classic	data/vanilla/vanilla_creatures/objects/creature_standard.txt	4432	BEAK_DOG		NAME	1	beak dog	beak dog	喙狗	data/runtime/rulesets/zh-Hans/creatures/caste.toml | data/runtime/rulesets/zh-Hans/creatures/name.toml	喙狗	喙狗	creature_raw.NAME[0]; singular; caste=-1; no CASTE_NAME or juvenile substitution	0xaa3bd0(race,out,plural=false,caste=-1); r9w==0xffff -> 0xaa3d69 -> 0xaa3d1e/0xaa3d36; creature_raw+0x20 NAME[0]
classic	data/vanilla/vanilla_creatures/objects/creature_standard.txt	4535	GRIMELING		NAME	1	grimeling	grimeling	沼泽草皮怪	data/runtime/rulesets/zh-Hans/creatures/caste.toml | data/runtime/rulesets/zh-Hans/creatures/name.toml	沼泽草怪	水鬼	creature_raw.NAME[0]; singular; caste=-1; no CASTE_NAME or juvenile substitution	0xaa3bd0(race,out,plural=false,caste=-1); r9w==0xffff -> 0xaa3d69 -> 0xaa3d1e/0xaa3d36; creature_raw+0x20 NAME[0]
classic	data/vanilla/vanilla_creatures/objects/creature_standard.txt	4602	BLENDEC_FOUL		NAME	1	foul blendec	foul blendec	污邪杂种	data/runtime/rulesets/zh-Hans/creatures/caste.toml | data/runtime/rulesets/zh-Hans/creatures/name.toml	污邪杂种	污邪杂种	creature_raw.NAME[0]; singular; caste=-1; no CASTE_NAME or juvenile substitution	0xaa3bd0(race,out,plural=false,caste=-1); r9w==0xffff -> 0xaa3d69 -> 0xaa3d1e/0xaa3d36; creature_raw+0x20 NAME[0]
classic	data/vanilla/vanilla_creatures/objects/creature_standard.txt	4720	STRANGLER		NAME	1	strangler	strangler	绞杀者	data/runtime/rulesets/zh-Hans/creatures/caste.toml | data/runtime/rulesets/zh-Hans/creatures/name.toml	绞杀者	绞杀者	creature_raw.NAME[0]; singular; caste=-1; no CASTE_NAME or juvenile substitution	0xaa3bd0(race,out,plural=false,caste=-1); r9w==0xffff -> 0xaa3d69 -> 0xaa3d1e/0xaa3d36; creature_raw+0x20 NAME[0]
classic	data/vanilla/vanilla_creatures/objects/creature_standard.txt	4812	NIGHTWING		NAME	1	nightwing	nightwing	夜翼	data/runtime/rulesets/zh-Hans/creatures/caste.toml | data/runtime/rulesets/zh-Hans/creatures/name.toml	夜翼	夜翼	creature_raw.NAME[0]; singular; caste=-1; no CASTE_NAME or juvenile substitution	0xaa3bd0(race,out,plural=false,caste=-1); r9w==0xffff -> 0xaa3d69 -> 0xaa3d1e/0xaa3d36; creature_raw+0x20 NAME[0]
classic	data/vanilla/vanilla_creatures/objects/creature_standard.txt	4900	HARPY		NAME	1	harpy	harpy	鹰身女妖	data/runtime/rulesets/zh-Hans/creatures/caste.toml | data/runtime/rulesets/zh-Hans/creatures/name.toml	鹰身女妖	鹰身女妖	creature_raw.NAME[0]; singular; caste=-1; no CASTE_NAME or juvenile substitution	0xaa3bd0(race,out,plural=false,caste=-1); r9w==0xffff -> 0xaa3d69 -> 0xaa3d1e/0xaa3d36; creature_raw+0x20 NAME[0]
classic	data/vanilla/vanilla_creatures/objects/creature_standard.txt	5081	HYDRA		NAME	1	hydra	hydra	九头蛇	data/runtime/rulesets/zh-Hans/creatures/caste.toml | data/runtime/rulesets/zh-Hans/creatures/name.toml	九头蛇	九头蛇	creature_raw.NAME[0]; singular; caste=-1; no CASTE_NAME or juvenile substitution	0xaa3bd0(race,out,plural=false,caste=-1); r9w==0xffff -> 0xaa3d69 -> 0xaa3d1e/0xaa3d36; creature_raw+0x20 NAME[0]
classic	data/vanilla/vanilla_creatures/objects/creature_standard.txt	5188	MERPERSON		NAME	1	merperson	merperson	人鱼	data/runtime/rulesets/zh-Hans/creatures/name.toml	人鱼	人鱼	creature_raw.NAME[0]; singular; caste=-1; no CASTE_NAME or juvenile substitution	0xaa3bd0(race,out,plural=false,caste=-1); r9w==0xffff -> 0xaa3d69 -> 0xaa3d1e/0xaa3d36; creature_raw+0x20 NAME[0]
classic	data/vanilla/vanilla_creatures/objects/creature_standard.txt	5440	SEA_SERPENT		NAME	1	sea serpent	sea serpent	海蛇	data/runtime/rulesets/zh-Hans/creatures/caste.toml | data/runtime/rulesets/zh-Hans/creatures/name.toml	海蛇	海蛇	creature_raw.NAME[0]; singular; caste=-1; no CASTE_NAME or juvenile substitution	0xaa3bd0(race,out,plural=false,caste=-1); r9w==0xffff -> 0xaa3d69 -> 0xaa3d1e/0xaa3d36; creature_raw+0x20 NAME[0]
classic	data/vanilla/vanilla_creatures/objects/creature_standard.txt	5533	SEA_MONSTER		NAME	1	sea monster	sea monster	海怪	data/runtime/rulesets/zh-Hans/creatures/caste.toml | data/runtime/rulesets/zh-Hans/creatures/name.toml	海怪	海怪	creature_raw.NAME[0]; singular; caste=-1; no CASTE_NAME or juvenile substitution	0xaa3bd0(race,out,plural=false,caste=-1); r9w==0xffff -> 0xaa3d69 -> 0xaa3d1e/0xaa3d36; creature_raw+0x20 NAME[0]
classic	data/vanilla/vanilla_creatures/objects/creature_standard.txt	5615	BIRD_ROC		NAME	1	roc	roc	大鹏鸟	data/runtime/rulesets/zh-Hans/creatures/caste.toml | data/runtime/rulesets/zh-Hans/creatures/name.toml	大鹏鸟	大鹏鸟	creature_raw.NAME[0]; singular; caste=-1; no CASTE_NAME or juvenile substitution	0xaa3bd0(race,out,plural=false,caste=-1); r9w==0xffff -> 0xaa3d69 -> 0xaa3d1e/0xaa3d36; creature_raw+0x20 NAME[0]
classic	data/vanilla/vanilla_creatures/objects/creature_subterranean.txt	7	CROCODILE_CAVE		NAME	1	cave crocodile	cave crocodile	洞穴鳄鱼	data/runtime/rulesets/zh-Hans/creatures/caste.toml | data/runtime/rulesets/zh-Hans/creatures/name.toml	洞穴鳄鱼	洞穴鳄鱼	creature_raw.NAME[0]; singular; caste=-1; no CASTE_NAME or juvenile substitution	0xaa3bd0(race,out,plural=false,caste=-1); r9w==0xffff -> 0xaa3d69 -> 0xaa3d1e/0xaa3d36; creature_raw+0x20 NAME[0]
classic	data/vanilla/vanilla_creatures/objects/creature_subterranean.txt	105	TOAD_GIANT_CAVE		NAME	1	giant cave toad	giant cave toad	巨型洞穴蟾蜍	data/runtime/rulesets/zh-Hans/creatures/caste.toml | data/runtime/rulesets/zh-Hans/creatures/name.toml	巨型洞穴蟾蜍	巨洞穴蟾蜍	creature_raw.NAME[0]; singular; caste=-1; no CASTE_NAME or juvenile substitution	0xaa3bd0(race,out,plural=false,caste=-1); r9w==0xffff -> 0xaa3d69 -> 0xaa3d1e/0xaa3d36; creature_raw+0x20 NAME[0]
classic	data/vanilla/vanilla_creatures/objects/creature_subterranean.txt	181	OLM_GIANT		NAME	1	giant olm	giant olm	巨型洞螈	data/runtime/rulesets/zh-Hans/creatures/caste.toml | data/runtime/rulesets/zh-Hans/creatures/name.toml	巨型洞螈	巨洞螈	creature_raw.NAME[0]; singular; caste=-1; no CASTE_NAME or juvenile substitution	0xaa3bd0(race,out,plural=false,caste=-1); r9w==0xffff -> 0xaa3d69 -> 0xaa3d1e/0xaa3d36; creature_raw+0x20 NAME[0]
classic	data/vanilla/vanilla_creatures/objects/creature_subterranean.txt	258	BAT_GIANT		NAME	1	giant bat	giant bat	蝙蝠	data/runtime/rulesets/zh-Hans/creatures/caste.toml | data/runtime/rulesets/zh-Hans/creatures/name.toml	蝙蝠	巨蝙蝠	creature_raw.NAME[0]; singular; caste=-1; no CASTE_NAME or juvenile substitution	0xaa3bd0(race,out,plural=false,caste=-1); r9w==0xffff -> 0xaa3d69 -> 0xaa3d1e/0xaa3d36; creature_raw+0x20 NAME[0]
classic	data/vanilla/vanilla_creatures/objects/creature_subterranean.txt	347	RAT_GIANT		NAME	1	giant rat	giant rat	巨型老鼠	data/runtime/rulesets/zh-Hans/creatures/caste.toml | data/runtime/rulesets/zh-Hans/creatures/name.toml	巨型老鼠	巨鼠	creature_raw.NAME[0]; singular; caste=-1; no CASTE_NAME or juvenile substitution	0xaa3bd0(race,out,plural=false,caste=-1); r9w==0xffff -> 0xaa3d69 -> 0xaa3d1e/0xaa3d36; creature_raw+0x20 NAME[0]
classic	data/vanilla/vanilla_creatures/objects/creature_subterranean.txt	442	RAT_LARGE		NAME	1	large rat	large rat	硕鼠	data/runtime/rulesets/zh-Hans/creatures/caste.toml | data/runtime/rulesets/zh-Hans/creatures/name.toml	硕鼠	硕鼠	creature_raw.NAME[0]; singular; caste=-1; no CASTE_NAME or juvenile substitution	0xaa3bd0(race,out,plural=false,caste=-1); r9w==0xffff -> 0xaa3d69 -> 0xaa3d1e/0xaa3d36; creature_raw+0x20 NAME[0]
classic	data/vanilla/vanilla_creatures/objects/creature_subterranean.txt	534	MOLE_DOG_NAKED		NAME	1	naked mole dog	naked mole dog	裸鼹鼠狗	data/runtime/rulesets/zh-Hans/creatures/caste.toml | data/runtime/rulesets/zh-Hans/creatures/name.toml	裸鼹鼠狗	裸鼹鼠狗	creature_raw.NAME[0]; singular; caste=-1; no CASTE_NAME or juvenile substitution	0xaa3bd0(race,out,plural=false,caste=-1); r9w==0xffff -> 0xaa3d69 -> 0xaa3d1e/0xaa3d36; creature_raw+0x20 NAME[0]
classic	data/vanilla/vanilla_creatures/objects/creature_subterranean.txt	622	TROGLODYTE		NAME	1	troglodyte	troglodyte	穴居人	data/runtime/rulesets/zh-Hans/creatures/caste.toml | data/runtime/rulesets/zh-Hans/creatures/name.toml	穴居人	穴居人	creature_raw.NAME[0]; singular; caste=-1; no CASTE_NAME or juvenile substitution	0xaa3bd0(race,out,plural=false,caste=-1); r9w==0xffff -> 0xaa3d69 -> 0xaa3d1e/0xaa3d36; creature_raw+0x20 NAME[0]
classic	data/vanilla/vanilla_creatures/objects/creature_subterranean.txt	790	MOLE_GIANT		NAME	1	giant mole	giant mole	巨型鼹鼠	data/runtime/rulesets/zh-Hans/creatures/caste.toml | data/runtime/rulesets/zh-Hans/creatures/name.toml	巨型鼹鼠	巨鼹鼠	creature_raw.NAME[0]; singular; caste=-1; no CASTE_NAME or juvenile substitution	0xaa3bd0(race,out,plural=false,caste=-1); r9w==0xffff -> 0xaa3d69 -> 0xaa3d1e/0xaa3d36; creature_raw+0x20 NAME[0]
classic	data/vanilla/vanilla_creatures/objects/creature_subterranean.txt	882	IMP_FIRE		NAME	1	fire imp	fire imp	火焰小鬼	data/runtime/rulesets/zh-Hans/creatures/caste.toml | data/runtime/rulesets/zh-Hans/creatures/name.toml	火焰小鬼	火焰妖精	creature_raw.NAME[0]; singular; caste=-1; no CASTE_NAME or juvenile substitution	0xaa3bd0(race,out,plural=false,caste=-1); r9w==0xffff -> 0xaa3d69 -> 0xaa3d1e/0xaa3d36; creature_raw+0x20 NAME[0]
classic	data/vanilla/vanilla_creatures/objects/creature_subterranean.txt	1004	SPIDER_CAVE_GIANT		NAME	1	giant cave spider	giant cave spider	巨型洞穴蜘蛛	data/runtime/rulesets/zh-Hans/creatures/caste.toml | data/runtime/rulesets/zh-Hans/creatures/name.toml	巨型洞穴蜘蛛	巨洞穴蜘蛛	creature_raw.NAME[0]; singular; caste=-1; no CASTE_NAME or juvenile substitution	0xaa3bd0(race,out,plural=false,caste=-1); r9w==0xffff -> 0xaa3d69 -> 0xaa3d1e/0xaa3d36; creature_raw+0x20 NAME[0]
classic	data/vanilla/vanilla_creatures/objects/creature_subterranean.txt	1108	SPIDER_CAVE		NAME	1	cave spider	cave spider	洞穴蜘蛛	data/runtime/rulesets/zh-Hans/creatures/caste.toml | data/runtime/rulesets/zh-Hans/creatures/name.toml	洞穴蜘蛛	洞穴蜘蛛	creature_raw.NAME[0]; singular; caste=-1; no CASTE_NAME or juvenile substitution	0xaa3bd0(race,out,plural=false,caste=-1); r9w==0xffff -> 0xaa3d69 -> 0xaa3d1e/0xaa3d36; creature_raw+0x20 NAME[0]
classic	data/vanilla/vanilla_creatures/objects/creature_subterranean.txt	1187	FISH_CAVE		NAME	1	cave fish	cave fish	洞穴鱼	data/runtime/rulesets/zh-Hans/creatures/caste.toml | data/runtime/rulesets/zh-Hans/creatures/name.toml	洞穴鱼	洞穴鱼	creature_raw.NAME[0]; singular; caste=-1; no CASTE_NAME or juvenile substitution	0xaa3bd0(race,out,plural=false,caste=-1); r9w==0xffff -> 0xaa3d69 -> 0xaa3d1e/0xaa3d36; creature_raw+0x20 NAME[0]
classic	data/vanilla/vanilla_creatures/objects/creature_subterranean.txt	1274	CAVE_FISH_MAN	SELECT_CASTE:ALL	NAME	1	cave fish man	cave fish man	洞穴鱼人	data/runtime/rulesets/zh-Hans/creatures/caste.toml | data/runtime/rulesets/zh-Hans/creatures/name.toml	洞穴鱼人	洞穴鱼人	creature_raw.NAME[0]; singular; caste=-1; no CASTE_NAME or juvenile substitution	0xaa3bd0(race,out,plural=false,caste=-1); r9w==0xffff -> 0xaa3d69 -> 0xaa3d1e/0xaa3d36; creature_raw+0x20 NAME[0]
classic	data/vanilla/vanilla_creatures/objects/creature_subterranean.txt	1285	LOBSTER_CAVE		NAME	1	cave lobster	cave lobster	洞穴龙虾	data/runtime/rulesets/zh-Hans/creatures/caste.toml | data/runtime/rulesets/zh-Hans/creatures/name.toml	洞穴龙虾	洞穴龙虾	creature_raw.NAME[0]; singular; caste=-1; no CASTE_NAME or juvenile substitution	0xaa3bd0(race,out,plural=false,caste=-1); r9w==0xffff -> 0xaa3d69 -> 0xaa3d1e/0xaa3d36; creature_raw+0x20 NAME[0]
classic	data/vanilla/vanilla_creatures/objects/creature_subterranean.txt	1341	SNAKE_FIRE		NAME	1	fire snake	fire snake	火蛇	data/runtime/rulesets/zh-Hans/creatures/caste.toml | data/runtime/rulesets/zh-Hans/creatures/name.toml	火蛇	火蛇	creature_raw.NAME[0]; singular; caste=-1; no CASTE_NAME or juvenile substitution	0xaa3bd0(race,out,plural=false,caste=-1); r9w==0xffff -> 0xaa3d69 -> 0xaa3d1e/0xaa3d36; creature_raw+0x20 NAME[0]
classic	data/vanilla/vanilla_creatures/objects/creature_subterranean.txt	1387	OLM		NAME	1	olm	olm	洞螈	data/runtime/rulesets/zh-Hans/creatures/caste.toml | data/runtime/rulesets/zh-Hans/creatures/name.toml	洞螈	洞螈	creature_raw.NAME[0]; singular; caste=-1; no CASTE_NAME or juvenile substitution	0xaa3bd0(race,out,plural=false,caste=-1); r9w==0xffff -> 0xaa3d69 -> 0xaa3d1e/0xaa3d36; creature_raw+0x20 NAME[0]
classic	data/vanilla/vanilla_creatures/objects/creature_subterranean.txt	1472	OLM_MAN	SELECT_CASTE:ALL	NAME	1	olm man	olm man	洞螈人	data/runtime/rulesets/zh-Hans/creatures/caste.toml | data/runtime/rulesets/zh-Hans/creatures/name.toml	洞螈人	洞螈人	creature_raw.NAME[0]; singular; caste=-1; no CASTE_NAME or juvenile substitution	0xaa3bd0(race,out,plural=false,caste=-1); r9w==0xffff -> 0xaa3d69 -> 0xaa3d1e/0xaa3d36; creature_raw+0x20 NAME[0]
classic	data/vanilla/vanilla_creatures/objects/creature_subterranean.txt	1483	BAT		NAME	1	bat	bat	蝙蝠	data/runtime/rulesets/zh-Hans/creatures/caste.toml | data/runtime/rulesets/zh-Hans/creatures/name.toml	蝙蝠	蝙蝠	creature_raw.NAME[0]; singular; caste=-1; no CASTE_NAME or juvenile substitution	0xaa3bd0(race,out,plural=false,caste=-1); r9w==0xffff -> 0xaa3d69 -> 0xaa3d1e/0xaa3d36; creature_raw+0x20 NAME[0]
classic	data/vanilla/vanilla_creatures/objects/creature_subterranean.txt	1598	BAT_MAN	SELECT_CASTE:ALL	NAME	1	bat man	bat man	蝙蝠人	data/runtime/rulesets/zh-Hans/creatures/caste.toml | data/runtime/rulesets/zh-Hans/creatures/name.toml	蝙蝠人	蝙蝠人	creature_raw.NAME[0]; singular; caste=-1; no CASTE_NAME or juvenile substitution	0xaa3bd0(race,out,plural=false,caste=-1); r9w==0xffff -> 0xaa3d69 -> 0xaa3d1e/0xaa3d36; creature_raw+0x20 NAME[0]
classic	data/vanilla/vanilla_creatures/objects/creature_subterranean.txt	1608	MAGGOT_PURRING		NAME	1	purring maggot	purring maggot	呼噜蛆	data/runtime/rulesets/zh-Hans/creatures/caste.toml | data/runtime/rulesets/zh-Hans/creatures/name.toml	呼噜蛆	呼噜蛆	creature_raw.NAME[0]; singular; caste=-1; no CASTE_NAME or juvenile substitution	0xaa3bd0(race,out,plural=false,caste=-1); r9w==0xffff -> 0xaa3d69 -> 0xaa3d1e/0xaa3d36; creature_raw+0x20 NAME[0]
classic	data/vanilla/vanilla_creatures/objects/creature_subterranean.txt	1667	ELEMENTMAN_FIRE		NAME	1	fire man	fire man	火人	data/runtime/rulesets/zh-Hans/creatures/caste.toml | data/runtime/rulesets/zh-Hans/creatures/name.toml	火人	火人	creature_raw.NAME[0]; singular; caste=-1; no CASTE_NAME or juvenile substitution	0xaa3bd0(race,out,plural=false,caste=-1); r9w==0xffff -> 0xaa3d69 -> 0xaa3d1e/0xaa3d36; creature_raw+0x20 NAME[0]
classic	data/vanilla/vanilla_creatures/objects/creature_subterranean.txt	1745	ELEMENTMAN_MAGMA		NAME	1	magma man	magma man	岩浆人	data/runtime/rulesets/zh-Hans/creatures/caste.toml | data/runtime/rulesets/zh-Hans/creatures/name.toml	岩浆人	岩浆人	creature_raw.NAME[0]; singular; caste=-1; no CASTE_NAME or juvenile substitution	0xaa3bd0(race,out,plural=false,caste=-1); r9w==0xffff -> 0xaa3d69 -> 0xaa3d1e/0xaa3d36; creature_raw+0x20 NAME[0]
classic	data/vanilla/vanilla_creatures/objects/creature_subterranean.txt	1822	ELEMENTMAN_IRON		NAME	1	iron man	iron man	铁人	data/runtime/rulesets/zh-Hans/creatures/caste.toml | data/runtime/rulesets/zh-Hans/creatures/name.toml	铁人	铁人	creature_raw.NAME[0]; singular; caste=-1; no CASTE_NAME or juvenile substitution	0xaa3bd0(race,out,plural=false,caste=-1); r9w==0xffff -> 0xaa3d69 -> 0xaa3d1e/0xaa3d36; creature_raw+0x20 NAME[0]
classic	data/vanilla/vanilla_creatures/objects/creature_subterranean.txt	1910	ELEMENTMAN_MUD		NAME	1	mud man	mud man	泥人	data/runtime/rulesets/zh-Hans/creatures/caste.toml | data/runtime/rulesets/zh-Hans/creatures/name.toml	泥人	泥人	creature_raw.NAME[0]; singular; caste=-1; no CASTE_NAME or juvenile substitution	0xaa3bd0(race,out,plural=false,caste=-1); r9w==0xffff -> 0xaa3d69 -> 0xaa3d1e/0xaa3d36; creature_raw+0x20 NAME[0]
classic	data/vanilla/vanilla_creatures/objects/creature_subterranean.txt	1974	BIRD_SWALLOW_CAVE		NAME	1	cave swallow	cave swallow	洞穴燕	data/runtime/rulesets/zh-Hans/creatures/caste.toml | data/runtime/rulesets/zh-Hans/creatures/name.toml	洞穴燕	洞穴燕	creature_raw.NAME[0]; singular; caste=-1; no CASTE_NAME or juvenile substitution	0xaa3bd0(race,out,plural=false,caste=-1); r9w==0xffff -> 0xaa3d69 -> 0xaa3d1e/0xaa3d36; creature_raw+0x20 NAME[0]
classic	data/vanilla/vanilla_creatures/objects/creature_subterranean.txt	2091	CAVE_SWALLOW_MAN	SELECT_CASTE:ALL	NAME	1	cave swallow man	cave swallow man	洞穴燕人	data/runtime/rulesets/zh-Hans/creatures/caste.toml | data/runtime/rulesets/zh-Hans/creatures/name.toml	洞穴燕人	洞穴燕人	creature_raw.NAME[0]; singular; caste=-1; no CASTE_NAME or juvenile substitution	0xaa3bd0(race,out,plural=false,caste=-1); r9w==0xffff -> 0xaa3d69 -> 0xaa3d1e/0xaa3d36; creature_raw+0x20 NAME[0]
classic	data/vanilla/vanilla_creatures/objects/creature_subterranean.txt	2102	BIRD_SWALLOW_CAVE_GIANT		NAME	1	giant cave swallow	giant cave swallow	巨型洞穴燕	data/runtime/rulesets/zh-Hans/creatures/caste.toml | data/runtime/rulesets/zh-Hans/creatures/name.toml	巨型洞穴燕	巨洞穴燕	creature_raw.NAME[0]; singular; caste=-1; no CASTE_NAME or juvenile substitution	0xaa3bd0(race,out,plural=false,caste=-1); r9w==0xffff -> 0xaa3d69 -> 0xaa3d1e/0xaa3d36; creature_raw+0x20 NAME[0]
classic	data/vanilla/vanilla_creatures/objects/creature_subterranean.txt	2205	AMPHIBIAN_MAN		NAME	1	amphibian man	amphibian man	地底蛙人	data/runtime/rulesets/zh-Hans/creatures/caste.toml | data/runtime/rulesets/zh-Hans/creatures/name.toml	地底蛙人	两栖动物人	creature_raw.NAME[0]; singular; caste=-1; no CASTE_NAME or juvenile substitution	0xaa3bd0(race,out,plural=false,caste=-1); r9w==0xffff -> 0xaa3d69 -> 0xaa3d1e/0xaa3d36; creature_raw+0x20 NAME[0]
classic	data/vanilla/vanilla_creatures/objects/creature_subterranean.txt	2300	REPTILE_MAN		NAME	1	reptile man	reptile man	地底蜥蜴人	data/runtime/rulesets/zh-Hans/creatures/caste.toml | data/runtime/rulesets/zh-Hans/creatures/name.toml	地底蜥蜴人	爬行动物人	creature_raw.NAME[0]; singular; caste=-1; no CASTE_NAME or juvenile substitution	0xaa3bd0(race,out,plural=false,caste=-1); r9w==0xffff -> 0xaa3d69 -> 0xaa3d1e/0xaa3d36; creature_raw+0x20 NAME[0]
classic	data/vanilla/vanilla_creatures/objects/creature_subterranean.txt	2421	SERPENT_MAN		NAME	1	serpent man	serpent man	地底蛇人	data/runtime/rulesets/zh-Hans/creatures/caste.toml | data/runtime/rulesets/zh-Hans/creatures/name.toml	地底蛇人	毒蛇人	creature_raw.NAME[0]; singular; caste=-1; no CASTE_NAME or juvenile substitution	0xaa3bd0(race,out,plural=false,caste=-1); r9w==0xffff -> 0xaa3d69 -> 0xaa3d1e/0xaa3d36; creature_raw+0x20 NAME[0]
classic	data/vanilla/vanilla_creatures/objects/creature_subterranean.txt	2561	ANT_MAN		NAME	1	antman	antman	蚂蚁人	data/runtime/rulesets/zh-Hans/creatures/name.toml	蚂蚁人	蚂蚁人	creature_raw.NAME[0]; singular; caste=-1; no CASTE_NAME or juvenile substitution	0xaa3bd0(race,out,plural=false,caste=-1); r9w==0xffff -> 0xaa3d69 -> 0xaa3d1e/0xaa3d36; creature_raw+0x20 NAME[0]
classic	data/vanilla/vanilla_creatures/objects/creature_subterranean.txt	2679	RODENT MAN		NAME	1	rodent man	rodent man	地底刺毛鼠人	data/runtime/rulesets/zh-Hans/creatures/caste.toml | data/runtime/rulesets/zh-Hans/creatures/name.toml	地底刺毛鼠人	啮齿动物人	creature_raw.NAME[0]; singular; caste=-1; no CASTE_NAME or juvenile substitution	0xaa3bd0(race,out,plural=false,caste=-1); r9w==0xffff -> 0xaa3d69 -> 0xaa3d1e/0xaa3d36; creature_raw+0x20 NAME[0]
classic	data/vanilla/vanilla_creatures/objects/creature_temperate_new.txt	13	WILD_BOAR		NAME	1	wild boar	wild boar	野猪	data/runtime/rulesets/zh-Hans/creatures/caste.toml | data/runtime/rulesets/zh-Hans/creatures/name.toml	野猪	野猪	creature_raw.NAME[0]; singular; caste=-1; no CASTE_NAME or juvenile substitution	0xaa3bd0(race,out,plural=false,caste=-1); r9w==0xffff -> 0xaa3d69 -> 0xaa3d1e/0xaa3d36; creature_raw+0x20 NAME[0]
classic	data/vanilla/vanilla_creatures/objects/creature_temperate_new.txt	138	WILD_BOAR_MAN	SELECT_CASTE:ALL	NAME	1	wild boar man	wild boar man	野猪人	data/runtime/rulesets/zh-Hans/creatures/caste.toml | data/runtime/rulesets/zh-Hans/creatures/name.toml	野猪人	野猪人	creature_raw.NAME[0]; singular; caste=-1; no CASTE_NAME or juvenile substitution	0xaa3bd0(race,out,plural=false,caste=-1); r9w==0xffff -> 0xaa3d69 -> 0xaa3d1e/0xaa3d36; creature_raw+0x20 NAME[0]
classic	data/vanilla/vanilla_creatures/objects/creature_temperate_new.txt	159	GIANT_WILD_BOAR	SELECT_CASTE:ALL	NAME	1	giant wild boar	giant wild boar	巨型野猪	data/runtime/rulesets/zh-Hans/creatures/caste.toml | data/runtime/rulesets/zh-Hans/creatures/name.toml	巨型野猪	巨野猪	creature_raw.NAME[0]; singular; caste=-1; no CASTE_NAME or juvenile substitution	0xaa3bd0(race,out,plural=false,caste=-1); r9w==0xffff -> 0xaa3d69 -> 0xaa3d1e/0xaa3d36; creature_raw+0x20 NAME[0]
classic	data/vanilla/vanilla_creatures/objects/creature_temperate_new.txt	184	COYOTE		NAME	1	coyote	coyote	郊狼	data/runtime/rulesets/zh-Hans/creatures/caste.toml | data/runtime/rulesets/zh-Hans/creatures/name.toml	郊狼	郊狼	creature_raw.NAME[0]; singular; caste=-1; no CASTE_NAME or juvenile substitution	0xaa3bd0(race,out,plural=false,caste=-1); r9w==0xffff -> 0xaa3d69 -> 0xaa3d1e/0xaa3d36; creature_raw+0x20 NAME[0]
classic	data/vanilla/vanilla_creatures/objects/creature_temperate_new.txt	301	COYOTE_MAN	SELECT_CASTE:ALL	NAME	1	coyote man	coyote man	郊狼人	data/runtime/rulesets/zh-Hans/creatures/caste.toml | data/runtime/rulesets/zh-Hans/creatures/name.toml	郊狼人	郊狼人	creature_raw.NAME[0]; singular; caste=-1; no CASTE_NAME or juvenile substitution	0xaa3bd0(race,out,plural=false,caste=-1); r9w==0xffff -> 0xaa3d69 -> 0xaa3d1e/0xaa3d36; creature_raw+0x20 NAME[0]
classic	data/vanilla/vanilla_creatures/objects/creature_temperate_new.txt	320	GIANT_COYOTE	SELECT_CASTE:ALL	NAME	1	giant coyote	giant coyote	巨型郊狼	data/runtime/rulesets/zh-Hans/creatures/caste.toml | data/runtime/rulesets/zh-Hans/creatures/name.toml	巨型郊狼	巨郊狼	creature_raw.NAME[0]; singular; caste=-1; no CASTE_NAME or juvenile substitution	0xaa3bd0(race,out,plural=false,caste=-1); r9w==0xffff -> 0xaa3d69 -> 0xaa3d1e/0xaa3d36; creature_raw+0x20 NAME[0]
classic	data/vanilla/vanilla_creatures/objects/creature_temperate_new.txt	344	KANGAROO		NAME	1	kangaroo	kangaroo	袋鼠	data/runtime/rulesets/zh-Hans/creatures/name.toml	袋鼠	袋鼠	creature_raw.NAME[0]; singular; caste=-1; no CASTE_NAME or juvenile substitution	0xaa3bd0(race,out,plural=false,caste=-1); r9w==0xffff -> 0xaa3d69 -> 0xaa3d1e/0xaa3d36; creature_raw+0x20 NAME[0]
classic	data/vanilla/vanilla_creatures/objects/creature_temperate_new.txt	488	KANGAROO_MAN	SELECT_CASTE:ALL	NAME	1	kangaroo man	kangaroo man	袋鼠人	data/runtime/rulesets/zh-Hans/creatures/caste.toml | data/runtime/rulesets/zh-Hans/creatures/name.toml	袋鼠人	袋鼠人	creature_raw.NAME[0]; singular; caste=-1; no CASTE_NAME or juvenile substitution	0xaa3bd0(race,out,plural=false,caste=-1); r9w==0xffff -> 0xaa3d69 -> 0xaa3d1e/0xaa3d36; creature_raw+0x20 NAME[0]
classic	data/vanilla/vanilla_creatures/objects/creature_temperate_new.txt	514	GIANT_KANGAROO	SELECT_CASTE:ALL	NAME	1	giant kangaroo	giant kangaroo	巨型袋鼠	data/runtime/rulesets/zh-Hans/creatures/caste.toml | data/runtime/rulesets/zh-Hans/creatures/name.toml	巨型袋鼠	巨袋鼠	creature_raw.NAME[0]; singular; caste=-1; no CASTE_NAME or juvenile substitution	0xaa3bd0(race,out,plural=false,caste=-1); r9w==0xffff -> 0xaa3d69 -> 0xaa3d1e/0xaa3d36; creature_raw+0x20 NAME[0]
classic	data/vanilla/vanilla_creatures/objects/creature_temperate_new.txt	540	KOALA		NAME	1	koala	koala	树袋熊	data/runtime/rulesets/zh-Hans/creatures/caste.toml | data/runtime/rulesets/zh-Hans/creatures/name.toml	树袋熊	树袋熊	creature_raw.NAME[0]; singular; caste=-1; no CASTE_NAME or juvenile substitution	0xaa3bd0(race,out,plural=false,caste=-1); r9w==0xffff -> 0xaa3d69 -> 0xaa3d1e/0xaa3d36; creature_raw+0x20 NAME[0]
classic	data/vanilla/vanilla_creatures/objects/creature_temperate_new.txt	649	KOALA_MAN	SELECT_CASTE:ALL	NAME	1	koala man	koala man	树袋熊人	data/runtime/rulesets/zh-Hans/creatures/caste.toml | data/runtime/rulesets/zh-Hans/creatures/name.toml	树袋熊人	树袋熊人	creature_raw.NAME[0]; singular; caste=-1; no CASTE_NAME or juvenile substitution	0xaa3bd0(race,out,plural=false,caste=-1); r9w==0xffff -> 0xaa3d69 -> 0xaa3d1e/0xaa3d36; creature_raw+0x20 NAME[0]
classic	data/vanilla/vanilla_creatures/objects/creature_temperate_new.txt	668	GIANT_KOALA	SELECT_CASTE:ALL	NAME	1	giant koala	giant koala	巨型树袋熊	data/runtime/rulesets/zh-Hans/creatures/caste.toml | data/runtime/rulesets/zh-Hans/creatures/name.toml	巨型树袋熊	巨树袋熊	creature_raw.NAME[0]; singular; caste=-1; no CASTE_NAME or juvenile substitution	0xaa3bd0(race,out,plural=false,caste=-1); r9w==0xffff -> 0xaa3d69 -> 0xaa3d1e/0xaa3d36; creature_raw+0x20 NAME[0]
classic	data/vanilla/vanilla_creatures/objects/creature_temperate_new.txt	691	ADDER		NAME	1	adder	adder	蝰蛇	data/runtime/rulesets/zh-Hans/creatures/caste.toml | data/runtime/rulesets/zh-Hans/creatures/name.toml	蝰蛇	蝰蛇	creature_raw.NAME[0]; singular; caste=-1; no CASTE_NAME or juvenile substitution	0xaa3bd0(race,out,plural=false,caste=-1); r9w==0xffff -> 0xaa3d69 -> 0xaa3d1e/0xaa3d36; creature_raw+0x20 NAME[0]
classic	data/vanilla/vanilla_creatures/objects/creature_temperate_new.txt	831	ADDER_MAN	SELECT_CASTE:ALL	NAME	1	adder man	adder man	蝰蛇人	data/runtime/rulesets/zh-Hans/creatures/caste.toml | data/runtime/rulesets/zh-Hans/creatures/name.toml	蝰蛇人	蝰蛇人	creature_raw.NAME[0]; singular; caste=-1; no CASTE_NAME or juvenile substitution	0xaa3bd0(race,out,plural=false,caste=-1); r9w==0xffff -> 0xaa3d69 -> 0xaa3d1e/0xaa3d36; creature_raw+0x20 NAME[0]
classic	data/vanilla/vanilla_creatures/objects/creature_temperate_new.txt	865	GIANT_ADDER	SELECT_CASTE:ALL	NAME	1	giant adder	giant adder	巨型蝰蛇	data/runtime/rulesets/zh-Hans/creatures/caste.toml | data/runtime/rulesets/zh-Hans/creatures/name.toml	巨型蝰蛇	巨蝰蛇	creature_raw.NAME[0]; singular; caste=-1; no CASTE_NAME or juvenile substitution	0xaa3bd0(race,out,plural=false,caste=-1); r9w==0xffff -> 0xaa3d69 -> 0xaa3d1e/0xaa3d36; creature_raw+0x20 NAME[0]
classic	data/vanilla/vanilla_creatures/objects/creature_temperate_new.txt	888	ECHIDNA		NAME	1	echidna	echidna	针鼹	data/runtime/rulesets/zh-Hans/creatures/caste.toml | data/runtime/rulesets/zh-Hans/creatures/name.toml	针鼹	针鼹猬	creature_raw.NAME[0]; singular; caste=-1; no CASTE_NAME or juvenile substitution	0xaa3bd0(race,out,plural=false,caste=-1); r9w==0xffff -> 0xaa3d69 -> 0xaa3d1e/0xaa3d36; creature_raw+0x20 NAME[0]
classic	data/vanilla/vanilla_creatures/objects/creature_temperate_new.txt	1004	ECHIDNA_MAN	SELECT_CASTE:ALL	NAME	1	echidna man	echidna man	针鼹人	data/runtime/rulesets/zh-Hans/creatures/caste.toml | data/runtime/rulesets/zh-Hans/creatures/name.toml	针鼹人	针鼹猬人	creature_raw.NAME[0]; singular; caste=-1; no CASTE_NAME or juvenile substitution	0xaa3bd0(race,out,plural=false,caste=-1); r9w==0xffff -> 0xaa3d69 -> 0xaa3d1e/0xaa3d36; creature_raw+0x20 NAME[0]
classic	data/vanilla/vanilla_creatures/objects/creature_temperate_new.txt	1023	GIANT_ECHIDNA	SELECT_CASTE:ALL	NAME	1	giant echidna	giant echidna	巨型针鼹	data/runtime/rulesets/zh-Hans/creatures/caste.toml | data/runtime/rulesets/zh-Hans/creatures/name.toml	巨型针鼹	巨针鼹猬	creature_raw.NAME[0]; singular; caste=-1; no CASTE_NAME or juvenile substitution	0xaa3bd0(race,out,plural=false,caste=-1); r9w==0xffff -> 0xaa3d69 -> 0xaa3d1e/0xaa3d36; creature_raw+0x20 NAME[0]
classic	data/vanilla/vanilla_creatures/objects/creature_temperate_new.txt	1047	PORCUPINE		NAME	1	porcupine	porcupine	豪猪	data/runtime/rulesets/zh-Hans/creatures/caste.toml | data/runtime/rulesets/zh-Hans/creatures/name.toml	豪猪	豪猪	creature_raw.NAME[0]; singular; caste=-1; no CASTE_NAME or juvenile substitution	0xaa3bd0(race,out,plural=false,caste=-1); r9w==0xffff -> 0xaa3d69 -> 0xaa3d1e/0xaa3d36; creature_raw+0x20 NAME[0]
classic	data/vanilla/vanilla_creatures/objects/creature_temperate_new.txt	1167	PORCUPINE_MAN	SELECT_CASTE:ALL	NAME	1	porcupine man	porcupine man	豪猪人	data/runtime/rulesets/zh-Hans/creatures/caste.toml | data/runtime/rulesets/zh-Hans/creatures/name.toml	豪猪人	豪猪人	creature_raw.NAME[0]; singular; caste=-1; no CASTE_NAME or juvenile substitution	0xaa3bd0(race,out,plural=false,caste=-1); r9w==0xffff -> 0xaa3d69 -> 0xaa3d1e/0xaa3d36; creature_raw+0x20 NAME[0]
classic	data/vanilla/vanilla_creatures/objects/creature_temperate_new.txt	1186	GIANT_PORCUPINE	SELECT_CASTE:ALL	NAME	1	giant porcupine	giant porcupine	巨型豪猪	data/runtime/rulesets/zh-Hans/creatures/caste.toml | data/runtime/rulesets/zh-Hans/creatures/name.toml	巨型豪猪	巨豪猪	creature_raw.NAME[0]; singular; caste=-1; no CASTE_NAME or juvenile substitution	0xaa3bd0(race,out,plural=false,caste=-1); r9w==0xffff -> 0xaa3d69 -> 0xaa3d1e/0xaa3d36; creature_raw+0x20 NAME[0]
classic	data/vanilla/vanilla_creatures/objects/creature_temperate_new.txt	1210	KINGSNAKE		NAME	1	kingsnake	kingsnake	王蛇	data/runtime/rulesets/zh-Hans/creatures/caste.toml | data/runtime/rulesets/zh-Hans/creatures/name.toml	王蛇	皇帝蛇	creature_raw.NAME[0]; singular; caste=-1; no CASTE_NAME or juvenile substitution	0xaa3bd0(race,out,plural=false,caste=-1); r9w==0xffff -> 0xaa3d69 -> 0xaa3d1e/0xaa3d36; creature_raw+0x20 NAME[0]
classic	data/vanilla/vanilla_creatures/objects/creature_temperate_new.txt	1311	KINGSNAKE_MAN	SELECT_CASTE:ALL	NAME	1	kingsnake man	kingsnake man	王蛇人	data/runtime/rulesets/zh-Hans/creatures/caste.toml | data/runtime/rulesets/zh-Hans/creatures/name.toml	王蛇人	皇帝蛇人	creature_raw.NAME[0]; singular; caste=-1; no CASTE_NAME or juvenile substitution	0xaa3bd0(race,out,plural=false,caste=-1); r9w==0xffff -> 0xaa3d69 -> 0xaa3d1e/0xaa3d36; creature_raw+0x20 NAME[0]
classic	data/vanilla/vanilla_creatures/objects/creature_temperate_new.txt	1328	GIANT_KINGSNAKE	SELECT_CASTE:ALL	NAME	1	giant kingsnake	giant kingsnake	巨型王蛇	data/runtime/rulesets/zh-Hans/creatures/caste.toml | data/runtime/rulesets/zh-Hans/creatures/name.toml	巨型王蛇	巨皇帝蛇	creature_raw.NAME[0]; singular; caste=-1; no CASTE_NAME or juvenile substitution	0xaa3bd0(race,out,plural=false,caste=-1); r9w==0xffff -> 0xaa3d69 -> 0xaa3d1e/0xaa3d36; creature_raw+0x20 NAME[0]
classic	data/vanilla/vanilla_creatures/objects/creature_temperate_new.txt	1351	GRAY_LANGUR		NAME	1	gray langur	gray langur	灰叶猴	data/runtime/rulesets/zh-Hans/creatures/caste.toml | data/runtime/rulesets/zh-Hans/creatures/name.toml	灰叶猴	灰叶猴	creature_raw.NAME[0]; singular; caste=-1; no CASTE_NAME or juvenile substitution	0xaa3bd0(race,out,plural=false,caste=-1); r9w==0xffff -> 0xaa3d69 -> 0xaa3d1e/0xaa3d36; creature_raw+0x20 NAME[0]
classic	data/vanilla/vanilla_creatures/objects/creature_temperate_new.txt	1464	GRAY_LANGUR_MAN	SELECT_CASTE:ALL	NAME	1	gray langur man	gray langur man	灰叶猴人	data/runtime/rulesets/zh-Hans/creatures/caste.toml | data/runtime/rulesets/zh-Hans/creatures/name.toml	灰叶猴人	灰叶猴人	creature_raw.NAME[0]; singular; caste=-1; no CASTE_NAME or juvenile substitution	0xaa3bd0(race,out,plural=false,caste=-1); r9w==0xffff -> 0xaa3d69 -> 0xaa3d1e/0xaa3d36; creature_raw+0x20 NAME[0]
classic	data/vanilla/vanilla_creatures/objects/creature_temperate_new.txt	1483	GIANT_GRAY_LANGUR	SELECT_CASTE:ALL	NAME	1	giant gray langur	giant gray langur	巨型灰叶猴	data/runtime/rulesets/zh-Hans/creatures/caste.toml | data/runtime/rulesets/zh-Hans/creatures/name.toml	巨型灰叶猴	巨灰叶猴	creature_raw.NAME[0]; singular; caste=-1; no CASTE_NAME or juvenile substitution	0xaa3bd0(race,out,plural=false,caste=-1); r9w==0xffff -> 0xaa3d69 -> 0xaa3d1e/0xaa3d36; creature_raw+0x20 NAME[0]
classic	data/vanilla/vanilla_creatures/objects/creature_temperate_new.txt	1507	BOBCAT		NAME	1	bobcat	bobcat	短尾猫	data/runtime/rulesets/zh-Hans/creatures/caste.toml | data/runtime/rulesets/zh-Hans/creatures/name.toml	短尾猫	短尾猫	creature_raw.NAME[0]; singular; caste=-1; no CASTE_NAME or juvenile substitution	0xaa3bd0(race,out,plural=false,caste=-1); r9w==0xffff -> 0xaa3d69 -> 0xaa3d1e/0xaa3d36; creature_raw+0x20 NAME[0]
classic	data/vanilla/vanilla_creatures/objects/creature_temperate_new.txt	1622	BOBCAT_MAN	SELECT_CASTE:ALL	NAME	1	bobcat man	bobcat man	短尾猫人	data/runtime/rulesets/zh-Hans/creatures/caste.toml | data/runtime/rulesets/zh-Hans/creatures/name.toml	短尾猫人	短尾猫人	creature_raw.NAME[0]; singular; caste=-1; no CASTE_NAME or juvenile substitution	0xaa3bd0(race,out,plural=false,caste=-1); r9w==0xffff -> 0xaa3d69 -> 0xaa3d1e/0xaa3d36; creature_raw+0x20 NAME[0]
classic	data/vanilla/vanilla_creatures/objects/creature_temperate_new.txt	1641	GIANT_BOBCAT	SELECT_CASTE:ALL	NAME	1	giant bobcat	giant bobcat	巨型短尾猫	data/runtime/rulesets/zh-Hans/creatures/caste.toml | data/runtime/rulesets/zh-Hans/creatures/name.toml	巨型短尾猫	巨山猫	creature_raw.NAME[0]; singular; caste=-1; no CASTE_NAME or juvenile substitution	0xaa3bd0(race,out,plural=false,caste=-1); r9w==0xffff -> 0xaa3d69 -> 0xaa3d1e/0xaa3d36; creature_raw+0x20 NAME[0]
classic	data/vanilla/vanilla_creatures/objects/creature_temperate_new.txt	1662	SKUNK		NAME	1	skunk	skunk	臭鼬	data/runtime/rulesets/zh-Hans/creatures/caste.toml | data/runtime/rulesets/zh-Hans/creatures/name.toml	臭鼬	臭鼬	creature_raw.NAME[0]; singular; caste=-1; no CASTE_NAME or juvenile substitution	0xaa3bd0(race,out,plural=false,caste=-1); r9w==0xffff -> 0xaa3d69 -> 0xaa3d1e/0xaa3d36; creature_raw+0x20 NAME[0]
classic	data/vanilla/vanilla_creatures/objects/creature_temperate_new.txt	1775	SKUNK_MAN	SELECT_CASTE:ALL	NAME	1	skunk man	skunk man	臭鼬人	data/runtime/rulesets/zh-Hans/creatures/caste.toml | data/runtime/rulesets/zh-Hans/creatures/name.toml	臭鼬人	臭鼬人	creature_raw.NAME[0]; singular; caste=-1; no CASTE_NAME or juvenile substitution	0xaa3bd0(race,out,plural=false,caste=-1); r9w==0xffff -> 0xaa3d69 -> 0xaa3d1e/0xaa3d36; creature_raw+0x20 NAME[0]
classic	data/vanilla/vanilla_creatures/objects/creature_temperate_new.txt	1794	GIANT_SKUNK	SELECT_CASTE:ALL	NAME	1	giant skunk	giant skunk	巨型臭鼬	data/runtime/rulesets/zh-Hans/creatures/caste.toml | data/runtime/rulesets/zh-Hans/creatures/name.toml	巨型臭鼬	巨臭鼬	creature_raw.NAME[0]; singular; caste=-1; no CASTE_NAME or juvenile substitution	0xaa3bd0(race,out,plural=false,caste=-1); r9w==0xffff -> 0xaa3d69 -> 0xaa3d1e/0xaa3d36; creature_raw+0x20 NAME[0]
classic	data/vanilla/vanilla_creatures/objects/creature_temperate_new.txt	1816	GREEN_TREE_FROG		NAME	1	green tree frog	green tree frog	绿树蛙	data/runtime/rulesets/zh-Hans/creatures/caste.toml | data/runtime/rulesets/zh-Hans/creatures/name.toml	绿树蛙	绿树蛙	creature_raw.NAME[0]; singular; caste=-1; no CASTE_NAME or juvenile substitution	0xaa3bd0(race,out,plural=false,caste=-1); r9w==0xffff -> 0xaa3d69 -> 0xaa3d1e/0xaa3d36; creature_raw+0x20 NAME[0]
classic	data/vanilla/vanilla_creatures/objects/creature_temperate_new.txt	1901	GREEN_TREE_FROG_MAN	SELECT_CASTE:ALL	NAME	1	green tree frog man	green tree frog man	绿树蛙人	data/runtime/rulesets/zh-Hans/creatures/caste.toml | data/runtime/rulesets/zh-Hans/creatures/name.toml	绿树蛙人	绿树蛙人	creature_raw.NAME[0]; singular; caste=-1; no CASTE_NAME or juvenile substitution	0xaa3bd0(race,out,plural=false,caste=-1); r9w==0xffff -> 0xaa3d69 -> 0xaa3d1e/0xaa3d36; creature_raw+0x20 NAME[0]
classic	data/vanilla/vanilla_creatures/objects/creature_temperate_new.txt	1918	GIANT_GREEN_TREE_FROG	SELECT_CASTE:ALL	NAME	1	giant green tree frog	giant green tree frog	巨型绿树蛙	data/runtime/rulesets/zh-Hans/creatures/caste.toml | data/runtime/rulesets/zh-Hans/creatures/name.toml	巨型绿树蛙	巨型绿树蛙	creature_raw.NAME[0]; singular; caste=-1; no CASTE_NAME or juvenile substitution	0xaa3bd0(race,out,plural=false,caste=-1); r9w==0xffff -> 0xaa3d69 -> 0xaa3d1e/0xaa3d36; creature_raw+0x20 NAME[0]
classic	data/vanilla/vanilla_creatures/objects/creature_temperate_new.txt	1941	HARE		NAME	1	hare	hare	野兔	data/runtime/rulesets/zh-Hans/creatures/name.toml	野兔	野兔	creature_raw.NAME[0]; singular; caste=-1; no CASTE_NAME or juvenile substitution	0xaa3bd0(race,out,plural=false,caste=-1); r9w==0xffff -> 0xaa3d69 -> 0xaa3d1e/0xaa3d36; creature_raw+0x20 NAME[0]
classic	data/vanilla/vanilla_creatures/objects/creature_temperate_new.txt	2055	HARE_MAN	SELECT_CASTE:ALL	NAME	1	hare man	hare man	野兔人	data/runtime/rulesets/zh-Hans/creatures/caste.toml | data/runtime/rulesets/zh-Hans/creatures/name.toml	野兔人	野兔人	creature_raw.NAME[0]; singular; caste=-1; no CASTE_NAME or juvenile substitution	0xaa3bd0(race,out,plural=false,caste=-1); r9w==0xffff -> 0xaa3d69 -> 0xaa3d1e/0xaa3d36; creature_raw+0x20 NAME[0]
classic	data/vanilla/vanilla_creatures/objects/creature_temperate_new.txt	2074	GIANT_HARE	SELECT_CASTE:ALL	NAME	1	giant hare	giant hare	巨型野兔	data/runtime/rulesets/zh-Hans/creatures/caste.toml | data/runtime/rulesets/zh-Hans/creatures/name.toml	巨型野兔	巨野兔	creature_raw.NAME[0]; singular; caste=-1; no CASTE_NAME or juvenile substitution	0xaa3bd0(race,out,plural=false,caste=-1); r9w==0xffff -> 0xaa3d69 -> 0xaa3d1e/0xaa3d36; creature_raw+0x20 NAME[0]
classic	data/vanilla/vanilla_creatures/objects/creature_temperate_new.txt	2096	RATTLESNAKE		NAME	1	rattlesnake	rattlesnake	响尾蛇	data/runtime/rulesets/zh-Hans/creatures/caste.toml | data/runtime/rulesets/zh-Hans/creatures/name.toml	响尾蛇	响尾蛇	creature_raw.NAME[0]; singular; caste=-1; no CASTE_NAME or juvenile substitution	0xaa3bd0(race,out,plural=false,caste=-1); r9w==0xffff -> 0xaa3d69 -> 0xaa3d1e/0xaa3d36; creature_raw+0x20 NAME[0]
classic	data/vanilla/vanilla_creatures/objects/creature_temperate_new.txt	2229	RATTLESNAKE_MAN	SELECT_CASTE:ALL	NAME	1	rattlesnake man	rattlesnake man	响尾蛇人	data/runtime/rulesets/zh-Hans/creatures/caste.toml | data/runtime/rulesets/zh-Hans/creatures/name.toml	响尾蛇人	响尾蛇人	creature_raw.NAME[0]; singular; caste=-1; no CASTE_NAME or juvenile substitution	0xaa3bd0(race,out,plural=false,caste=-1); r9w==0xffff -> 0xaa3d69 -> 0xaa3d1e/0xaa3d36; creature_raw+0x20 NAME[0]
classic	data/vanilla/vanilla_creatures/objects/creature_temperate_new.txt	2263	GIANT_RATTLESNAKE	SELECT_CASTE:ALL	NAME	1	giant rattlesnake	giant rattlesnake	巨型响尾蛇	data/runtime/rulesets/zh-Hans/creatures/caste.toml | data/runtime/rulesets/zh-Hans/creatures/name.toml	巨型响尾蛇	巨居响尾蛇	creature_raw.NAME[0]; singular; caste=-1; no CASTE_NAME or juvenile substitution	0xaa3bd0(race,out,plural=false,caste=-1); r9w==0xffff -> 0xaa3d69 -> 0xaa3d1e/0xaa3d36; creature_raw+0x20 NAME[0]
classic	data/vanilla/vanilla_creatures/objects/creature_temperate_new.txt	2285	WEASEL		NAME	1	weasel	weasel	黄鼬	data/runtime/rulesets/zh-Hans/creatures/caste.toml | data/runtime/rulesets/zh-Hans/creatures/name.toml	黄鼬	黄鼬	creature_raw.NAME[0]; singular; caste=-1; no CASTE_NAME or juvenile substitution	0xaa3bd0(race,out,plural=false,caste=-1); r9w==0xffff -> 0xaa3d69 -> 0xaa3d1e/0xaa3d36; creature_raw+0x20 NAME[0]
classic	data/vanilla/vanilla_creatures/objects/creature_temperate_new.txt	2395	WEASEL_MAN	SELECT_CASTE:ALL	NAME	1	weasel man	weasel man	黄鼬人	data/runtime/rulesets/zh-Hans/creatures/caste.toml | data/runtime/rulesets/zh-Hans/creatures/name.toml	黄鼬人	黄鼬人	creature_raw.NAME[0]; singular; caste=-1; no CASTE_NAME or juvenile substitution	0xaa3bd0(race,out,plural=false,caste=-1); r9w==0xffff -> 0xaa3d69 -> 0xaa3d1e/0xaa3d36; creature_raw+0x20 NAME[0]
classic	data/vanilla/vanilla_creatures/objects/creature_temperate_new.txt	2414	GIANT_WEASEL	SELECT_CASTE:ALL	NAME	1	giant weasel	giant weasel	巨型黄鼬	data/runtime/rulesets/zh-Hans/creatures/caste.toml | data/runtime/rulesets/zh-Hans/creatures/name.toml	巨型黄鼬	巨黄鼬	creature_raw.NAME[0]; singular; caste=-1; no CASTE_NAME or juvenile substitution	0xaa3bd0(race,out,plural=false,caste=-1); r9w==0xffff -> 0xaa3d69 -> 0xaa3d1e/0xaa3d36; creature_raw+0x20 NAME[0]
classic	data/vanilla/vanilla_creatures/objects/creature_temperate_new.txt	2438	COPPERHEAD_SNAKE		NAME	1	copperhead snake	copperhead snake	铜头蛇	data/runtime/rulesets/zh-Hans/creatures/caste.toml | data/runtime/rulesets/zh-Hans/creatures/name.toml	铜头蛇	铜头蛇	creature_raw.NAME[0]; singular; caste=-1; no CASTE_NAME or juvenile substitution	0xaa3bd0(race,out,plural=false,caste=-1); r9w==0xffff -> 0xaa3d69 -> 0xaa3d1e/0xaa3d36; creature_raw+0x20 NAME[0]
classic	data/vanilla/vanilla_creatures/objects/creature_temperate_new.txt	2567	COPPERHEAD_SNAKE_MAN	SELECT_CASTE:ALL	NAME	1	copperhead snake man	copperhead snake man	铜头蛇人	data/runtime/rulesets/zh-Hans/creatures/caste.toml | data/runtime/rulesets/zh-Hans/creatures/name.toml	铜头蛇人	铜头蛇人	creature_raw.NAME[0]; singular; caste=-1; no CASTE_NAME or juvenile substitution	0xaa3bd0(race,out,plural=false,caste=-1); r9w==0xffff -> 0xaa3d69 -> 0xaa3d1e/0xaa3d36; creature_raw+0x20 NAME[0]
classic	data/vanilla/vanilla_creatures/objects/creature_temperate_new.txt	2601	GIANT_COPPERHEAD_SNAKE	SELECT_CASTE:ALL	NAME	1	giant copperhead snake	giant copperhead snake	巨型铜头蛇	data/runtime/rulesets/zh-Hans/creatures/caste.toml | data/runtime/rulesets/zh-Hans/creatures/name.toml	巨型铜头蛇	巨铜头蛇	creature_raw.NAME[0]; singular; caste=-1; no CASTE_NAME or juvenile substitution	0xaa3bd0(race,out,plural=false,caste=-1); r9w==0xffff -> 0xaa3d69 -> 0xaa3d1e/0xaa3d36; creature_raw+0x20 NAME[0]
classic	data/vanilla/vanilla_creatures/objects/creature_temperate_new.txt	2623	IBEX		NAME	1	ibex	ibex	羱羊	data/runtime/rulesets/zh-Hans/creatures/caste.toml | data/runtime/rulesets/zh-Hans/creatures/name.toml	羱羊	羱羊	creature_raw.NAME[0]; singular; caste=-1; no CASTE_NAME or juvenile substitution	0xaa3bd0(race,out,plural=false,caste=-1); r9w==0xffff -> 0xaa3d69 -> 0xaa3d1e/0xaa3d36; creature_raw+0x20 NAME[0]
classic	data/vanilla/vanilla_creatures/objects/creature_temperate_new.txt	2742	IBEX_MAN	SELECT_CASTE:ALL	NAME	1	ibex man	ibex man	羱羊人	data/runtime/rulesets/zh-Hans/creatures/caste.toml | data/runtime/rulesets/zh-Hans/creatures/name.toml	羱羊人	羱羊人	creature_raw.NAME[0]; singular; caste=-1; no CASTE_NAME or juvenile substitution	0xaa3bd0(race,out,plural=false,caste=-1); r9w==0xffff -> 0xaa3d69 -> 0xaa3d1e/0xaa3d36; creature_raw+0x20 NAME[0]
classic	data/vanilla/vanilla_creatures/objects/creature_temperate_new.txt	2759	GIANT_IBEX	SELECT_CASTE:ALL	NAME	1	giant ibex	giant ibex	巨型羱羊	data/runtime/rulesets/zh-Hans/creatures/caste.toml | data/runtime/rulesets/zh-Hans/creatures/name.toml	巨型羱羊	巨羱羊	creature_raw.NAME[0]; singular; caste=-1; no CASTE_NAME or juvenile substitution	0xaa3bd0(race,out,plural=false,caste=-1); r9w==0xffff -> 0xaa3d69 -> 0xaa3d1e/0xaa3d36; creature_raw+0x20 NAME[0]
classic	data/vanilla/vanilla_creatures/objects/creature_temperate_new.txt	2782	WOMBAT		NAME	1	wombat	wombat	袋熊	data/runtime/rulesets/zh-Hans/creatures/caste.toml | data/runtime/rulesets/zh-Hans/creatures/name.toml	袋熊	袋熊	creature_raw.NAME[0]; singular; caste=-1; no CASTE_NAME or juvenile substitution	0xaa3bd0(race,out,plural=false,caste=-1); r9w==0xffff -> 0xaa3d69 -> 0xaa3d1e/0xaa3d36; creature_raw+0x20 NAME[0]
classic	data/vanilla/vanilla_creatures/objects/creature_temperate_new.txt	2894	WOMBAT_MAN	SELECT_CASTE:ALL	NAME	1	wombat man	wombat man	袋熊人	data/runtime/rulesets/zh-Hans/creatures/caste.toml | data/runtime/rulesets/zh-Hans/creatures/name.toml	袋熊人	袋熊人	creature_raw.NAME[0]; singular; caste=-1; no CASTE_NAME or juvenile substitution	0xaa3bd0(race,out,plural=false,caste=-1); r9w==0xffff -> 0xaa3d69 -> 0xaa3d1e/0xaa3d36; creature_raw+0x20 NAME[0]
classic	data/vanilla/vanilla_creatures/objects/creature_temperate_new.txt	2913	GIANT_WOMBAT	SELECT_CASTE:ALL	NAME	1	giant wombat	giant wombat	巨型袋熊	data/runtime/rulesets/zh-Hans/creatures/caste.toml | data/runtime/rulesets/zh-Hans/creatures/name.toml	巨型袋熊	巨袋熊	creature_raw.NAME[0]; singular; caste=-1; no CASTE_NAME or juvenile substitution	0xaa3bd0(race,out,plural=false,caste=-1); r9w==0xffff -> 0xaa3d69 -> 0xaa3d1e/0xaa3d36; creature_raw+0x20 NAME[0]
classic	data/vanilla/vanilla_creatures/objects/creature_temperate_new.txt	2936	DINGO		NAME	1	dingo	dingo	野狗	data/runtime/rulesets/zh-Hans/creatures/caste.toml | data/runtime/rulesets/zh-Hans/creatures/name.toml	野狗	野狗	creature_raw.NAME[0]; singular; caste=-1; no CASTE_NAME or juvenile substitution	0xaa3bd0(race,out,plural=false,caste=-1); r9w==0xffff -> 0xaa3d69 -> 0xaa3d1e/0xaa3d36; creature_raw+0x20 NAME[0]
classic	data/vanilla/vanilla_creatures/objects/creature_temperate_new.txt	3046	DINGO_MAN	SELECT_CASTE:ALL	NAME	1	dingo man	dingo man	野狗人	data/runtime/rulesets/zh-Hans/creatures/caste.toml | data/runtime/rulesets/zh-Hans/creatures/name.toml	野狗人	野狗人	creature_raw.NAME[0]; singular; caste=-1; no CASTE_NAME or juvenile substitution	0xaa3bd0(race,out,plural=false,caste=-1); r9w==0xffff -> 0xaa3d69 -> 0xaa3d1e/0xaa3d36; creature_raw+0x20 NAME[0]
classic	data/vanilla/vanilla_creatures/objects/creature_temperate_new.txt	3065	GIANT_DINGO	SELECT_CASTE:ALL	NAME	1	giant dingo	giant dingo	巨型野狗	data/runtime/rulesets/zh-Hans/creatures/caste.toml | data/runtime/rulesets/zh-Hans/creatures/name.toml	巨型野狗	巨野狗	creature_raw.NAME[0]; singular; caste=-1; no CASTE_NAME or juvenile substitution	0xaa3bd0(race,out,plural=false,caste=-1); r9w==0xffff -> 0xaa3d69 -> 0xaa3d1e/0xaa3d36; creature_raw+0x20 NAME[0]
classic	data/vanilla/vanilla_creatures/objects/creature_temperate_new.txt	3086	COATI		NAME	1	coati	coati	长鼻浣熊	data/runtime/rulesets/zh-Hans/creatures/caste.toml | data/runtime/rulesets/zh-Hans/creatures/name.toml	长鼻浣熊	长鼻浣熊	creature_raw.NAME[0]; singular; caste=-1; no CASTE_NAME or juvenile substitution	0xaa3bd0(race,out,plural=false,caste=-1); r9w==0xffff -> 0xaa3d69 -> 0xaa3d1e/0xaa3d36; creature_raw+0x20 NAME[0]
classic	data/vanilla/vanilla_creatures/objects/creature_temperate_new.txt	3197	COATI_MAN	SELECT_CASTE:ALL	NAME	1	coati man	coati man	长鼻浣熊人	data/runtime/rulesets/zh-Hans/creatures/caste.toml | data/runtime/rulesets/zh-Hans/creatures/name.toml	长鼻浣熊人	长鼻浣熊人	creature_raw.NAME[0]; singular; caste=-1; no CASTE_NAME or juvenile substitution	0xaa3bd0(race,out,plural=false,caste=-1); r9w==0xffff -> 0xaa3d69 -> 0xaa3d1e/0xaa3d36; creature_raw+0x20 NAME[0]
classic	data/vanilla/vanilla_creatures/objects/creature_temperate_new.txt	3216	GIANT_COATI	SELECT_CASTE:ALL	NAME	1	giant coati	giant coati	巨型长鼻浣熊	data/runtime/rulesets/zh-Hans/creatures/caste.toml | data/runtime/rulesets/zh-Hans/creatures/name.toml	巨型长鼻浣熊	巨长鼻浣熊	creature_raw.NAME[0]; singular; caste=-1; no CASTE_NAME or juvenile substitution	0xaa3bd0(race,out,plural=false,caste=-1); r9w==0xffff -> 0xaa3d69 -> 0xaa3d1e/0xaa3d36; creature_raw+0x20 NAME[0]
classic	data/vanilla/vanilla_creatures/objects/creature_temperate_new.txt	3239	OPOSSUM		NAME	1	opossum	opossum	负鼠	data/runtime/rulesets/zh-Hans/creatures/caste.toml | data/runtime/rulesets/zh-Hans/creatures/name.toml	负鼠	负鼠	creature_raw.NAME[0]; singular; caste=-1; no CASTE_NAME or juvenile substitution	0xaa3bd0(race,out,plural=false,caste=-1); r9w==0xffff -> 0xaa3d69 -> 0xaa3d1e/0xaa3d36; creature_raw+0x20 NAME[0]
classic	data/vanilla/vanilla_creatures/objects/creature_temperate_new.txt	3350	OPOSSUM_MAN	SELECT_CASTE:ALL	NAME	1	opossum man	opossum man	负鼠人	data/runtime/rulesets/zh-Hans/creatures/caste.toml | data/runtime/rulesets/zh-Hans/creatures/name.toml	负鼠人	负鼠人	creature_raw.NAME[0]; singular; caste=-1; no CASTE_NAME or juvenile substitution	0xaa3bd0(race,out,plural=false,caste=-1); r9w==0xffff -> 0xaa3d69 -> 0xaa3d1e/0xaa3d36; creature_raw+0x20 NAME[0]
classic	data/vanilla/vanilla_creatures/objects/creature_temperate_new.txt	3369	GIANT_OPOSSUM	SELECT_CASTE:ALL	NAME	1	giant opossum	giant opossum	巨型负鼠	data/runtime/rulesets/zh-Hans/creatures/caste.toml | data/runtime/rulesets/zh-Hans/creatures/name.toml	巨型负鼠	巨负鼠	creature_raw.NAME[0]; singular; caste=-1; no CASTE_NAME or juvenile substitution	0xaa3bd0(race,out,plural=false,caste=-1); r9w==0xffff -> 0xaa3d69 -> 0xaa3d1e/0xaa3d36; creature_raw+0x20 NAME[0]
classic	data/vanilla/vanilla_creatures/objects/creature_tropical_new.txt	13	MONGOOSE		NAME	1	mongoose	mongoose	獴	data/runtime/rulesets/zh-Hans/creatures/caste.toml | data/runtime/rulesets/zh-Hans/creatures/name.toml	獴	狐獴	creature_raw.NAME[0]; singular; caste=-1; no CASTE_NAME or juvenile substitution	0xaa3bd0(race,out,plural=false,caste=-1); r9w==0xffff -> 0xaa3d69 -> 0xaa3d1e/0xaa3d36; creature_raw+0x20 NAME[0]
classic	data/vanilla/vanilla_creatures/objects/creature_tropical_new.txt	123	MONGOOSE_MAN	SELECT_CASTE:ALL	NAME	1	mongoose man	mongoose man	獴人	data/runtime/rulesets/zh-Hans/creatures/caste.toml | data/runtime/rulesets/zh-Hans/creatures/name.toml	獴人	狐獴人	creature_raw.NAME[0]; singular; caste=-1; no CASTE_NAME or juvenile substitution	0xaa3bd0(race,out,plural=false,caste=-1); r9w==0xffff -> 0xaa3d69 -> 0xaa3d1e/0xaa3d36; creature_raw+0x20 NAME[0]
classic	data/vanilla/vanilla_creatures/objects/creature_tropical_new.txt	142	GIANT_MONGOOSE	SELECT_CASTE:ALL	NAME	1	giant mongoose	giant mongoose	巨型獴	data/runtime/rulesets/zh-Hans/creatures/caste.toml | data/runtime/rulesets/zh-Hans/creatures/name.toml	巨型獴	巨狐獴	creature_raw.NAME[0]; singular; caste=-1; no CASTE_NAME or juvenile substitution	0xaa3bd0(race,out,plural=false,caste=-1); r9w==0xffff -> 0xaa3d69 -> 0xaa3d1e/0xaa3d36; creature_raw+0x20 NAME[0]
classic	data/vanilla/vanilla_creatures/objects/creature_tropical_new.txt	166	HYENA		NAME	1	hyena	hyena	鬣狗	data/runtime/rulesets/zh-Hans/creatures/caste.toml | data/runtime/rulesets/zh-Hans/creatures/name.toml	鬣狗	鬣狗	creature_raw.NAME[0]; singular; caste=-1; no CASTE_NAME or juvenile substitution	0xaa3bd0(race,out,plural=false,caste=-1); r9w==0xffff -> 0xaa3d69 -> 0xaa3d1e/0xaa3d36; creature_raw+0x20 NAME[0]
classic	data/vanilla/vanilla_creatures/objects/creature_tropical_new.txt	279	HYENA_MAN	SELECT_CASTE:ALL	NAME	1	hyena man	hyena man	鬣狗人	data/runtime/rulesets/zh-Hans/creatures/caste.toml | data/runtime/rulesets/zh-Hans/creatures/name.toml	鬣狗人	鬣狗人	creature_raw.NAME[0]; singular; caste=-1; no CASTE_NAME or juvenile substitution	0xaa3bd0(race,out,plural=false,caste=-1); r9w==0xffff -> 0xaa3d69 -> 0xaa3d1e/0xaa3d36; creature_raw+0x20 NAME[0]
classic	data/vanilla/vanilla_creatures/objects/creature_tropical_new.txt	298	GIANT_HYENA	SELECT_CASTE:ALL	NAME	1	giant hyena	giant hyena	巨型鬣狗	data/runtime/rulesets/zh-Hans/creatures/caste.toml | data/runtime/rulesets/zh-Hans/creatures/name.toml	巨型鬣狗	巨鬣狗	creature_raw.NAME[0]; singular; caste=-1; no CASTE_NAME or juvenile substitution	0xaa3bd0(race,out,plural=false,caste=-1); r9w==0xffff -> 0xaa3d69 -> 0xaa3d1e/0xaa3d36; creature_raw+0x20 NAME[0]
classic	data/vanilla/vanilla_creatures/objects/creature_tropical_new.txt	322	ANACONDA		NAME	1	anaconda	anaconda	水蟒	data/runtime/rulesets/zh-Hans/creatures/caste.toml | data/runtime/rulesets/zh-Hans/creatures/name.toml	水蟒	蟒蛇	creature_raw.NAME[0]; singular; caste=-1; no CASTE_NAME or juvenile substitution	0xaa3bd0(race,out,plural=false,caste=-1); r9w==0xffff -> 0xaa3d69 -> 0xaa3d1e/0xaa3d36; creature_raw+0x20 NAME[0]
classic	data/vanilla/vanilla_creatures/objects/creature_tropical_new.txt	415	ANACONDA_MAN	SELECT_CASTE:ALL	NAME	1	anaconda man	anaconda man	水蟒人	data/runtime/rulesets/zh-Hans/creatures/caste.toml | data/runtime/rulesets/zh-Hans/creatures/name.toml	水蟒人	水蟒人	creature_raw.NAME[0]; singular; caste=-1; no CASTE_NAME or juvenile substitution	0xaa3bd0(race,out,plural=false,caste=-1); r9w==0xffff -> 0xaa3d69 -> 0xaa3d1e/0xaa3d36; creature_raw+0x20 NAME[0]
classic	data/vanilla/vanilla_creatures/objects/creature_tropical_new.txt	432	GIANT_ANACONDA	SELECT_CASTE:ALL	NAME	1	giant anaconda	giant anaconda	巨型水蟒	data/runtime/rulesets/zh-Hans/creatures/caste.toml | data/runtime/rulesets/zh-Hans/creatures/name.toml	巨型水蟒	巨蟒	creature_raw.NAME[0]; singular; caste=-1; no CASTE_NAME or juvenile substitution	0xaa3bd0(race,out,plural=false,caste=-1); r9w==0xffff -> 0xaa3d69 -> 0xaa3d1e/0xaa3d36; creature_raw+0x20 NAME[0]
classic	data/vanilla/vanilla_creatures/objects/creature_tropical_new.txt	455	MONITOR_LIZARD		NAME	1	monitor lizard	monitor lizard	巨蜥	data/runtime/rulesets/zh-Hans/creatures/caste.toml | data/runtime/rulesets/zh-Hans/creatures/name.toml	巨蜥	巨蜥	creature_raw.NAME[0]; singular; caste=-1; no CASTE_NAME or juvenile substitution	0xaa3bd0(race,out,plural=false,caste=-1); r9w==0xffff -> 0xaa3d69 -> 0xaa3d1e/0xaa3d36; creature_raw+0x20 NAME[0]
classic	data/vanilla/vanilla_creatures/objects/creature_tropical_new.txt	565	MONITOR_LIZARD_MAN	SELECT_CASTE:ALL	NAME	1	monitor lizard man	monitor lizard man	巨蜥人	data/runtime/rulesets/zh-Hans/creatures/caste.toml | data/runtime/rulesets/zh-Hans/creatures/name.toml	巨蜥人	巨蜥人	creature_raw.NAME[0]; singular; caste=-1; no CASTE_NAME or juvenile substitution	0xaa3bd0(race,out,plural=false,caste=-1); r9w==0xffff -> 0xaa3d69 -> 0xaa3d1e/0xaa3d36; creature_raw+0x20 NAME[0]
classic	data/vanilla/vanilla_creatures/objects/creature_tropical_new.txt	584	GIANT_MONITOR_LIZARD	SELECT_CASTE:ALL	NAME	1	giant monitor lizard	giant monitor lizard	巨型巨蜥	data/runtime/rulesets/zh-Hans/creatures/caste.toml | data/runtime/rulesets/zh-Hans/creatures/name.toml	巨型巨蜥	巨型巨蜥	creature_raw.NAME[0]; singular; caste=-1; no CASTE_NAME or juvenile substitution	0xaa3bd0(race,out,plural=false,caste=-1); r9w==0xffff -> 0xaa3d69 -> 0xaa3d1e/0xaa3d36; creature_raw+0x20 NAME[0]
classic	data/vanilla/vanilla_creatures/objects/creature_tropical_new.txt	607	KING_COBRA		NAME	1	king cobra	king cobra	眼镜王蛇	data/runtime/rulesets/zh-Hans/creatures/caste.toml | data/runtime/rulesets/zh-Hans/creatures/name.toml	眼镜王蛇	眼镜王蛇	creature_raw.NAME[0]; singular; caste=-1; no CASTE_NAME or juvenile substitution	0xaa3bd0(race,out,plural=false,caste=-1); r9w==0xffff -> 0xaa3d69 -> 0xaa3d1e/0xaa3d36; creature_raw+0x20 NAME[0]
classic	data/vanilla/vanilla_creatures/objects/creature_tropical_new.txt	743	KING_COBRA_MAN	SELECT_CASTE:ALL	NAME	1	king cobra man	king cobra man	眼镜王蛇人	data/runtime/rulesets/zh-Hans/creatures/caste.toml | data/runtime/rulesets/zh-Hans/creatures/name.toml	眼镜王蛇人	眼镜王蛇人	creature_raw.NAME[0]; singular; caste=-1; no CASTE_NAME or juvenile substitution	0xaa3bd0(race,out,plural=false,caste=-1); r9w==0xffff -> 0xaa3d69 -> 0xaa3d1e/0xaa3d36; creature_raw+0x20 NAME[0]
classic	data/vanilla/vanilla_creatures/objects/creature_tropical_new.txt	777	GIANT_KING_COBRA	SELECT_CASTE:ALL	NAME	1	giant king cobra	giant king cobra	巨型眼镜王蛇	data/runtime/rulesets/zh-Hans/creatures/caste.toml | data/runtime/rulesets/zh-Hans/creatures/name.toml	巨型眼镜王蛇	巨眼镜王蛇	creature_raw.NAME[0]; singular; caste=-1; no CASTE_NAME or juvenile substitution	0xaa3bd0(race,out,plural=false,caste=-1); r9w==0xffff -> 0xaa3d69 -> 0xaa3d1e/0xaa3d36; creature_raw+0x20 NAME[0]
classic	data/vanilla/vanilla_creatures/objects/creature_tropical_new.txt	799	OCELOT		NAME	1	ocelot	ocelot	豹猫	data/runtime/rulesets/zh-Hans/creatures/caste.toml | data/runtime/rulesets/zh-Hans/creatures/name.toml	豹猫	豹猫	creature_raw.NAME[0]; singular; caste=-1; no CASTE_NAME or juvenile substitution	0xaa3bd0(race,out,plural=false,caste=-1); r9w==0xffff -> 0xaa3d69 -> 0xaa3d1e/0xaa3d36; creature_raw+0x20 NAME[0]
classic	data/vanilla/vanilla_creatures/objects/creature_tropical_new.txt	912	OCELOT_MAN	SELECT_CASTE:ALL	NAME	1	ocelot man	ocelot man	豹猫人	data/runtime/rulesets/zh-Hans/creatures/caste.toml | data/runtime/rulesets/zh-Hans/creatures/name.toml	豹猫人	豹猫人	creature_raw.NAME[0]; singular; caste=-1; no CASTE_NAME or juvenile substitution	0xaa3bd0(race,out,plural=false,caste=-1); r9w==0xffff -> 0xaa3d69 -> 0xaa3d1e/0xaa3d36; creature_raw+0x20 NAME[0]
classic	data/vanilla/vanilla_creatures/objects/creature_tropical_new.txt	931	GIANT_OCELOT	SELECT_CASTE:ALL	NAME	1	giant ocelot	giant ocelot	巨型豹猫	data/runtime/rulesets/zh-Hans/creatures/caste.toml | data/runtime/rulesets/zh-Hans/creatures/name.toml	巨型豹猫	巨豹猫	creature_raw.NAME[0]; singular; caste=-1; no CASTE_NAME or juvenile substitution	0xaa3bd0(race,out,plural=false,caste=-1); r9w==0xffff -> 0xaa3d69 -> 0xaa3d1e/0xaa3d36; creature_raw+0x20 NAME[0]
classic	data/vanilla/vanilla_creatures/objects/creature_tropical_new.txt	955	JACKAL		NAME	1	jackal	jackal	豺	data/runtime/rulesets/zh-Hans/creatures/caste.toml | data/runtime/rulesets/zh-Hans/creatures/name.toml	豺	豺狼	creature_raw.NAME[0]; singular; caste=-1; no CASTE_NAME or juvenile substitution	0xaa3bd0(race,out,plural=false,caste=-1); r9w==0xffff -> 0xaa3d69 -> 0xaa3d1e/0xaa3d36; creature_raw+0x20 NAME[0]
classic	data/vanilla/vanilla_creatures/objects/creature_tropical_new.txt	1065	JACKAL_MAN	SELECT_CASTE:ALL	NAME	1	jackal man	jackal man	豺人	data/runtime/rulesets/zh-Hans/creatures/caste.toml | data/runtime/rulesets/zh-Hans/creatures/name.toml	豺人	豺狼人	creature_raw.NAME[0]; singular; caste=-1; no CASTE_NAME or juvenile substitution	0xaa3bd0(race,out,plural=false,caste=-1); r9w==0xffff -> 0xaa3d69 -> 0xaa3d1e/0xaa3d36; creature_raw+0x20 NAME[0]
classic	data/vanilla/vanilla_creatures/objects/creature_tropical_new.txt	1084	GIANT_JACKAL	SELECT_CASTE:ALL	NAME	1	giant jackal	giant jackal	巨型豺	data/runtime/rulesets/zh-Hans/creatures/caste.toml | data/runtime/rulesets/zh-Hans/creatures/name.toml	巨型豺	巨豺狼	creature_raw.NAME[0]; singular; caste=-1; no CASTE_NAME or juvenile substitution	0xaa3bd0(race,out,plural=false,caste=-1); r9w==0xffff -> 0xaa3d69 -> 0xaa3d1e/0xaa3d36; creature_raw+0x20 NAME[0]
classic	data/vanilla/vanilla_creatures/objects/creature_tropical_new.txt	1107	CAPUCHIN		NAME	1	capuchin	capuchin	卷尾猴	data/runtime/rulesets/zh-Hans/creatures/caste.toml | data/runtime/rulesets/zh-Hans/creatures/name.toml	卷尾猴	卷尾猴	creature_raw.NAME[0]; singular; caste=-1; no CASTE_NAME or juvenile substitution	0xaa3bd0(race,out,plural=false,caste=-1); r9w==0xffff -> 0xaa3d69 -> 0xaa3d1e/0xaa3d36; creature_raw+0x20 NAME[0]
classic	data/vanilla/vanilla_creatures/objects/creature_tropical_new.txt	1217	CAPUCHIN_MAN	SELECT_CASTE:ALL	NAME	1	capuchin man	capuchin man	卷尾猴人	data/runtime/rulesets/zh-Hans/creatures/caste.toml | data/runtime/rulesets/zh-Hans/creatures/name.toml	卷尾猴人	卷尾猴人	creature_raw.NAME[0]; singular; caste=-1; no CASTE_NAME or juvenile substitution	0xaa3bd0(race,out,plural=false,caste=-1); r9w==0xffff -> 0xaa3d69 -> 0xaa3d1e/0xaa3d36; creature_raw+0x20 NAME[0]
classic	data/vanilla/vanilla_creatures/objects/creature_tropical_new.txt	1236	GIANT_CAPUCHIN	SELECT_CASTE:ALL	NAME	1	giant capuchin	giant capuchin	巨型卷尾猴	data/runtime/rulesets/zh-Hans/creatures/caste.toml | data/runtime/rulesets/zh-Hans/creatures/name.toml	巨型卷尾猴	巨卷尾猴	creature_raw.NAME[0]; singular; caste=-1; no CASTE_NAME or juvenile substitution	0xaa3bd0(race,out,plural=false,caste=-1); r9w==0xffff -> 0xaa3d69 -> 0xaa3d1e/0xaa3d36; creature_raw+0x20 NAME[0]
classic	data/vanilla/vanilla_creatures/objects/creature_tropical_new.txt	1258	SLOTH		NAME	1	sloth	sloth	树懒	data/runtime/rulesets/zh-Hans/creatures/caste.toml | data/runtime/rulesets/zh-Hans/creatures/name.toml	树懒	树懒	creature_raw.NAME[0]; singular; caste=-1; no CASTE_NAME or juvenile substitution	0xaa3bd0(race,out,plural=false,caste=-1); r9w==0xffff -> 0xaa3d69 -> 0xaa3d1e/0xaa3d36; creature_raw+0x20 NAME[0]
classic	data/vanilla/vanilla_creatures/objects/creature_tropical_new.txt	1365	SLOTH_MAN	SELECT_CASTE:ALL	NAME	1	sloth man	sloth man	树懒人	data/runtime/rulesets/zh-Hans/creatures/caste.toml | data/runtime/rulesets/zh-Hans/creatures/name.toml	树懒人	树懒人	creature_raw.NAME[0]; singular; caste=-1; no CASTE_NAME or juvenile substitution	0xaa3bd0(race,out,plural=false,caste=-1); r9w==0xffff -> 0xaa3d69 -> 0xaa3d1e/0xaa3d36; creature_raw+0x20 NAME[0]
classic	data/vanilla/vanilla_creatures/objects/creature_tropical_new.txt	1384	GIANT_SLOTH	SELECT_CASTE:ALL	NAME	1	giant sloth	giant sloth	巨型树懒	data/runtime/rulesets/zh-Hans/creatures/caste.toml | data/runtime/rulesets/zh-Hans/creatures/name.toml	巨型树懒	巨树懒	creature_raw.NAME[0]; singular; caste=-1; no CASTE_NAME or juvenile substitution	0xaa3bd0(race,out,plural=false,caste=-1); r9w==0xffff -> 0xaa3d69 -> 0xaa3d1e/0xaa3d36; creature_raw+0x20 NAME[0]
classic	data/vanilla/vanilla_creatures/objects/creature_tropical_new.txt	1407	SPIDER_MONKEY		NAME	1	spider monkey	spider monkey	蜘蛛猴	data/runtime/rulesets/zh-Hans/creatures/caste.toml | data/runtime/rulesets/zh-Hans/creatures/name.toml	蜘蛛猴	蜘蛛猴	creature_raw.NAME[0]; singular; caste=-1; no CASTE_NAME or juvenile substitution	0xaa3bd0(race,out,plural=false,caste=-1); r9w==0xffff -> 0xaa3d69 -> 0xaa3d1e/0xaa3d36; creature_raw+0x20 NAME[0]
classic	data/vanilla/vanilla_creatures/objects/creature_tropical_new.txt	1515	SPIDER_MONKEY_MAN	SELECT_CASTE:ALL	NAME	1	spider monkey man	spider monkey man	蜘蛛猴人	data/runtime/rulesets/zh-Hans/creatures/caste.toml | data/runtime/rulesets/zh-Hans/creatures/name.toml	蜘蛛猴人	蜘蛛猴人	creature_raw.NAME[0]; singular; caste=-1; no CASTE_NAME or juvenile substitution	0xaa3bd0(race,out,plural=false,caste=-1); r9w==0xffff -> 0xaa3d69 -> 0xaa3d1e/0xaa3d36; creature_raw+0x20 NAME[0]
classic	data/vanilla/vanilla_creatures/objects/creature_tropical_new.txt	1534	GIANT_SPIDER_MONKEY	SELECT_CASTE:ALL	NAME	1	giant spider monkey	giant spider monkey	巨型蜘蛛猴	data/runtime/rulesets/zh-Hans/creatures/caste.toml | data/runtime/rulesets/zh-Hans/creatures/name.toml	巨型蜘蛛猴	巨蜘蛛猴	creature_raw.NAME[0]; singular; caste=-1; no CASTE_NAME or juvenile substitution	0xaa3bd0(race,out,plural=false,caste=-1); r9w==0xffff -> 0xaa3d69 -> 0xaa3d1e/0xaa3d36; creature_raw+0x20 NAME[0]
classic	data/vanilla/vanilla_creatures/objects/creature_tropical_new.txt	1556	PANGOLIN		NAME	1	pangolin	pangolin	穿山甲	data/runtime/rulesets/zh-Hans/creatures/caste.toml | data/runtime/rulesets/zh-Hans/creatures/name.toml	穿山甲	穿山甲	creature_raw.NAME[0]; singular; caste=-1; no CASTE_NAME or juvenile substitution	0xaa3bd0(race,out,plural=false,caste=-1); r9w==0xffff -> 0xaa3d69 -> 0xaa3d1e/0xaa3d36; creature_raw+0x20 NAME[0]
classic	data/vanilla/vanilla_creatures/objects/creature_tropical_new.txt	1675	PANGOLIN_MAN	SELECT_CASTE:ALL	NAME	1	pangolin man	pangolin man	穿山甲人	data/runtime/rulesets/zh-Hans/creatures/caste.toml | data/runtime/rulesets/zh-Hans/creatures/name.toml	穿山甲人	穿山甲人	creature_raw.NAME[0]; singular; caste=-1; no CASTE_NAME or juvenile substitution	0xaa3bd0(race,out,plural=false,caste=-1); r9w==0xffff -> 0xaa3d69 -> 0xaa3d1e/0xaa3d36; creature_raw+0x20 NAME[0]
classic	data/vanilla/vanilla_creatures/objects/creature_tropical_new.txt	1694	GIANT_PANGOLIN	SELECT_CASTE:ALL	NAME	1	giant pangolin	giant pangolin	巨型穿山甲	data/runtime/rulesets/zh-Hans/creatures/caste.toml | data/runtime/rulesets/zh-Hans/creatures/name.toml	巨型穿山甲	巨穿山甲	creature_raw.NAME[0]; singular; caste=-1; no CASTE_NAME or juvenile substitution	0xaa3bd0(race,out,plural=false,caste=-1); r9w==0xffff -> 0xaa3d69 -> 0xaa3d1e/0xaa3d36; creature_raw+0x20 NAME[0]
classic	data/vanilla/vanilla_creatures/objects/creature_tropical_new.txt	1715	BLACK_MAMBA		NAME	1	black mamba	black mamba	黑曼巴蛇	data/runtime/rulesets/zh-Hans/creatures/caste.toml | data/runtime/rulesets/zh-Hans/creatures/name.toml	黑曼巴蛇	黑曼巴蛇	creature_raw.NAME[0]; singular; caste=-1; no CASTE_NAME or juvenile substitution	0xaa3bd0(race,out,plural=false,caste=-1); r9w==0xffff -> 0xaa3d69 -> 0xaa3d1e/0xaa3d36; creature_raw+0x20 NAME[0]
classic	data/vanilla/vanilla_creatures/objects/creature_tropical_new.txt	1858	BLACK_MAMBA_MAN	SELECT_CASTE:ALL	NAME	1	black mamba man	black mamba man	黑曼巴蛇人	data/runtime/rulesets/zh-Hans/creatures/caste.toml | data/runtime/rulesets/zh-Hans/creatures/name.toml	黑曼巴蛇人	黑曼巴蛇人	creature_raw.NAME[0]; singular; caste=-1; no CASTE_NAME or juvenile substitution	0xaa3bd0(race,out,plural=false,caste=-1); r9w==0xffff -> 0xaa3d69 -> 0xaa3d1e/0xaa3d36; creature_raw+0x20 NAME[0]
classic	data/vanilla/vanilla_creatures/objects/creature_tropical_new.txt	1892	GIANT_BLACK_MAMBA	SELECT_CASTE:ALL	NAME	1	giant black mamba	giant black mamba	巨型黑曼巴蛇	data/runtime/rulesets/zh-Hans/creatures/caste.toml | data/runtime/rulesets/zh-Hans/creatures/name.toml	巨型黑曼巴蛇	巨黑曼巴蛇	creature_raw.NAME[0]; singular; caste=-1; no CASTE_NAME or juvenile substitution	0xaa3bd0(race,out,plural=false,caste=-1); r9w==0xffff -> 0xaa3d69 -> 0xaa3d1e/0xaa3d36; creature_raw+0x20 NAME[0]
classic	data/vanilla/vanilla_creatures/objects/creature_tropical_new.txt	1913	BEAR_SLOTH		NAME	1	sloth bear	sloth bear	懒熊	data/runtime/rulesets/zh-Hans/creatures/caste.toml | data/runtime/rulesets/zh-Hans/creatures/name.toml	懒熊	懒熊	creature_raw.NAME[0]; singular; caste=-1; no CASTE_NAME or juvenile substitution	0xaa3bd0(race,out,plural=false,caste=-1); r9w==0xffff -> 0xaa3d69 -> 0xaa3d1e/0xaa3d36; creature_raw+0x20 NAME[0]
classic	data/vanilla/vanilla_creatures/objects/creature_tropical_new.txt	2024	SLOTH_BEAR_MAN	SELECT_CASTE:ALL	NAME	1	sloth bear man	sloth bear man	懒熊人	data/runtime/rulesets/zh-Hans/creatures/caste.toml | data/runtime/rulesets/zh-Hans/creatures/name.toml	懒熊人	懒熊人	creature_raw.NAME[0]; singular; caste=-1; no CASTE_NAME or juvenile substitution	0xaa3bd0(race,out,plural=false,caste=-1); r9w==0xffff -> 0xaa3d69 -> 0xaa3d1e/0xaa3d36; creature_raw+0x20 NAME[0]
classic	data/vanilla/vanilla_creatures/objects/creature_tropical_new.txt	2043	GIANT_SLOTH_BEAR	SELECT_CASTE:ALL	NAME	1	giant sloth bear	giant sloth bear	巨型懒熊	data/runtime/rulesets/zh-Hans/creatures/caste.toml | data/runtime/rulesets/zh-Hans/creatures/name.toml	巨型懒熊	巨懒熊	creature_raw.NAME[0]; singular; caste=-1; no CASTE_NAME or juvenile substitution	0xaa3bd0(race,out,plural=false,caste=-1); r9w==0xffff -> 0xaa3d69 -> 0xaa3d1e/0xaa3d36; creature_raw+0x20 NAME[0]
classic	data/vanilla/vanilla_creatures/objects/creature_tropical_new.txt	2066	AYE-AYE		NAME	1	aye-aye	aye-aye	指猴	data/runtime/rulesets/zh-Hans/creatures/caste.toml | data/runtime/rulesets/zh-Hans/creatures/name.toml	指猴	指猴	creature_raw.NAME[0]; singular; caste=-1; no CASTE_NAME or juvenile substitution	0xaa3bd0(race,out,plural=false,caste=-1); r9w==0xffff -> 0xaa3d69 -> 0xaa3d1e/0xaa3d36; creature_raw+0x20 NAME[0]
classic	data/vanilla/vanilla_creatures/objects/creature_tropical_new.txt	2173	AYE-AYE_MAN	SELECT_CASTE:ALL	NAME	1	aye-aye man	aye-aye man	指猴人	data/runtime/rulesets/zh-Hans/creatures/caste.toml | data/runtime/rulesets/zh-Hans/creatures/name.toml	指猴人	指猴人	creature_raw.NAME[0]; singular; caste=-1; no CASTE_NAME or juvenile substitution	0xaa3bd0(race,out,plural=false,caste=-1); r9w==0xffff -> 0xaa3d69 -> 0xaa3d1e/0xaa3d36; creature_raw+0x20 NAME[0]
classic	data/vanilla/vanilla_creatures/objects/creature_tropical_new.txt	2192	GIANT_AYE-AYE	SELECT_CASTE:ALL	NAME	1	giant aye-aye	giant aye-aye	巨型指猴	data/runtime/rulesets/zh-Hans/creatures/caste.toml | data/runtime/rulesets/zh-Hans/creatures/name.toml	巨型指猴	巨指猴	creature_raw.NAME[0]; singular; caste=-1; no CASTE_NAME or juvenile substitution	0xaa3bd0(race,out,plural=false,caste=-1); r9w==0xffff -> 0xaa3d69 -> 0xaa3d1e/0xaa3d36; creature_raw+0x20 NAME[0]
classic	data/vanilla/vanilla_creatures/objects/creature_tropical_new.txt	2218	BUSHMASTER		NAME	1	bushmaster	bushmaster	巨蝮	data/runtime/rulesets/zh-Hans/creatures/caste.toml | data/runtime/rulesets/zh-Hans/creatures/name.toml	巨蝮	巨蝮	creature_raw.NAME[0]; singular; caste=-1; no CASTE_NAME or juvenile substitution	0xaa3bd0(race,out,plural=false,caste=-1); r9w==0xffff -> 0xaa3d69 -> 0xaa3d1e/0xaa3d36; creature_raw+0x20 NAME[0]
classic	data/vanilla/vanilla_creatures/objects/creature_tropical_new.txt	2357	BUSHMASTER_MAN	SELECT_CASTE:ALL	NAME	1	bushmaster man	bushmaster man	巨蝮人	data/runtime/rulesets/zh-Hans/creatures/caste.toml | data/runtime/rulesets/zh-Hans/creatures/name.toml	巨蝮人	巨蝮人	creature_raw.NAME[0]; singular; caste=-1; no CASTE_NAME or juvenile substitution	0xaa3bd0(race,out,plural=false,caste=-1); r9w==0xffff -> 0xaa3d69 -> 0xaa3d1e/0xaa3d36; creature_raw+0x20 NAME[0]
classic	data/vanilla/vanilla_creatures/objects/creature_tropical_new.txt	2391	GIANT_BUSHMASTER	SELECT_CASTE:ALL	NAME	1	giant bushmaster	giant bushmaster	巨型巨蝮	data/runtime/rulesets/zh-Hans/creatures/caste.toml | data/runtime/rulesets/zh-Hans/creatures/name.toml	巨型巨蝮	巨型巨蝮	creature_raw.NAME[0]; singular; caste=-1; no CASTE_NAME or juvenile substitution	0xaa3bd0(race,out,plural=false,caste=-1); r9w==0xffff -> 0xaa3d69 -> 0xaa3d1e/0xaa3d36; creature_raw+0x20 NAME[0]
classic	data/vanilla/vanilla_creatures/objects/creature_tropical_new.txt	2413	PYTHON		NAME	1	python	python	巨蟒	data/runtime/rulesets/zh-Hans/creatures/caste.toml | data/runtime/rulesets/zh-Hans/creatures/name.toml	巨蟒	巨蟒	creature_raw.NAME[0]; singular; caste=-1; no CASTE_NAME or juvenile substitution	0xaa3bd0(race,out,plural=false,caste=-1); r9w==0xffff -> 0xaa3d69 -> 0xaa3d1e/0xaa3d36; creature_raw+0x20 NAME[0]
classic	data/vanilla/vanilla_creatures/objects/creature_tropical_new.txt	2512	PYTHON_MAN	SELECT_CASTE:ALL	NAME	1	python man	python man	巨蟒人	data/runtime/rulesets/zh-Hans/creatures/caste.toml | data/runtime/rulesets/zh-Hans/creatures/name.toml	巨蟒人	巨蟒人	creature_raw.NAME[0]; singular; caste=-1; no CASTE_NAME or juvenile substitution	0xaa3bd0(race,out,plural=false,caste=-1); r9w==0xffff -> 0xaa3d69 -> 0xaa3d1e/0xaa3d36; creature_raw+0x20 NAME[0]
classic	data/vanilla/vanilla_creatures/objects/creature_tropical_new.txt	2529	GIANT_PYTHON	SELECT_CASTE:ALL	NAME	1	giant python	giant python	巨型巨蟒	data/runtime/rulesets/zh-Hans/creatures/caste.toml | data/runtime/rulesets/zh-Hans/creatures/name.toml	巨型巨蟒	巨型巨蟒	creature_raw.NAME[0]; singular; caste=-1; no CASTE_NAME or juvenile substitution	0xaa3bd0(race,out,plural=false,caste=-1); r9w==0xffff -> 0xaa3d69 -> 0xaa3d1e/0xaa3d36; creature_raw+0x20 NAME[0]
classic	data/vanilla/vanilla_creatures/objects/creature_tropical_new.txt	2551	TAPIR		NAME	1	tapir	tapir	貘	data/runtime/rulesets/zh-Hans/creatures/caste.toml | data/runtime/rulesets/zh-Hans/creatures/name.toml	貘	貘	creature_raw.NAME[0]; singular; caste=-1; no CASTE_NAME or juvenile substitution	0xaa3bd0(race,out,plural=false,caste=-1); r9w==0xffff -> 0xaa3d69 -> 0xaa3d1e/0xaa3d36; creature_raw+0x20 NAME[0]
classic	data/vanilla/vanilla_creatures/objects/creature_tropical_new.txt	2690	TAPIR_MAN	SELECT_CASTE:ALL	NAME	1	tapir man	tapir man	貘人	data/runtime/rulesets/zh-Hans/creatures/caste.toml | data/runtime/rulesets/zh-Hans/creatures/name.toml	貘人	貘人	creature_raw.NAME[0]; singular; caste=-1; no CASTE_NAME or juvenile substitution	0xaa3bd0(race,out,plural=false,caste=-1); r9w==0xffff -> 0xaa3d69 -> 0xaa3d1e/0xaa3d36; creature_raw+0x20 NAME[0]
classic	data/vanilla/vanilla_creatures/objects/creature_tropical_new.txt	2716	GIANT_TAPIR	SELECT_CASTE:ALL	NAME	1	giant tapir	giant tapir	巨型貘	data/runtime/rulesets/zh-Hans/creatures/caste.toml | data/runtime/rulesets/zh-Hans/creatures/name.toml	巨型貘	巨貘	creature_raw.NAME[0]; singular; caste=-1; no CASTE_NAME or juvenile substitution	0xaa3bd0(race,out,plural=false,caste=-1); r9w==0xffff -> 0xaa3d69 -> 0xaa3d1e/0xaa3d36; creature_raw+0x20 NAME[0]
classic	data/vanilla/vanilla_creatures/objects/creature_tropical_new.txt	2737	IMPALA		NAME	1	impala	impala	高角羚	data/runtime/rulesets/zh-Hans/creatures/caste.toml | data/runtime/rulesets/zh-Hans/creatures/name.toml	高角羚	高角羚	creature_raw.NAME[0]; singular; caste=-1; no CASTE_NAME or juvenile substitution	0xaa3bd0(race,out,plural=false,caste=-1); r9w==0xffff -> 0xaa3d69 -> 0xaa3d1e/0xaa3d36; creature_raw+0x20 NAME[0]
classic	data/vanilla/vanilla_creatures/objects/creature_tropical_new.txt	2850	IMPALA_MAN	SELECT_CASTE:ALL	NAME	1	impala man	impala man	高角羚人	data/runtime/rulesets/zh-Hans/creatures/caste.toml | data/runtime/rulesets/zh-Hans/creatures/name.toml	高角羚人	黑斑羚人	creature_raw.NAME[0]; singular; caste=-1; no CASTE_NAME or juvenile substitution	0xaa3bd0(race,out,plural=false,caste=-1); r9w==0xffff -> 0xaa3d69 -> 0xaa3d1e/0xaa3d36; creature_raw+0x20 NAME[0]
classic	data/vanilla/vanilla_creatures/objects/creature_tropical_new.txt	2867	GIANT_IMPALA	SELECT_CASTE:ALL	NAME	1	giant impala	giant impala	巨型高角羚	data/runtime/rulesets/zh-Hans/creatures/caste.toml | data/runtime/rulesets/zh-Hans/creatures/name.toml	巨型高角羚	巨高角羚	creature_raw.NAME[0]; singular; caste=-1; no CASTE_NAME or juvenile substitution	0xaa3bd0(race,out,plural=false,caste=-1); r9w==0xffff -> 0xaa3d69 -> 0xaa3d1e/0xaa3d36; creature_raw+0x20 NAME[0]
classic	data/vanilla/vanilla_creatures/objects/creature_tropical_new.txt	2890	AARDVARK		NAME	1	aardvark	aardvark	土豚	data/runtime/rulesets/zh-Hans/creatures/caste.toml | data/runtime/rulesets/zh-Hans/creatures/name.toml	土豚	食蚁兽	creature_raw.NAME[0]; singular; caste=-1; no CASTE_NAME or juvenile substitution	0xaa3bd0(race,out,plural=false,caste=-1); r9w==0xffff -> 0xaa3d69 -> 0xaa3d1e/0xaa3d36; creature_raw+0x20 NAME[0]
classic	data/vanilla/vanilla_creatures/objects/creature_tropical_new.txt	3001	AARDVARK_MAN	SELECT_CASTE:ALL	NAME	1	aardvark man	aardvark man	土豚人	data/runtime/rulesets/zh-Hans/creatures/caste.toml | data/runtime/rulesets/zh-Hans/creatures/name.toml	土豚人	土豚人	creature_raw.NAME[0]; singular; caste=-1; no CASTE_NAME or juvenile substitution	0xaa3bd0(race,out,plural=false,caste=-1); r9w==0xffff -> 0xaa3d69 -> 0xaa3d1e/0xaa3d36; creature_raw+0x20 NAME[0]
classic	data/vanilla/vanilla_creatures/objects/creature_tropical_new.txt	3020	GIANT_AARDVARK	SELECT_CASTE:ALL	NAME	1	giant aardvark	giant aardvark	巨型土豚	data/runtime/rulesets/zh-Hans/creatures/caste.toml | data/runtime/rulesets/zh-Hans/creatures/name.toml	巨型土豚	巨食蚁兽	creature_raw.NAME[0]; singular; caste=-1; no CASTE_NAME or juvenile substitution	0xaa3bd0(race,out,plural=false,caste=-1); r9w==0xffff -> 0xaa3d69 -> 0xaa3d1e/0xaa3d36; creature_raw+0x20 NAME[0]
classic	data/vanilla/vanilla_creatures/objects/creature_tropical_new.txt	3044	LION_TAMARIN		NAME	1	lion tamarin	lion tamarin	狮狨猴	data/runtime/rulesets/zh-Hans/creatures/caste.toml | data/runtime/rulesets/zh-Hans/creatures/name.toml	狮狨猴	狮绒猴	creature_raw.NAME[0]; singular; caste=-1; no CASTE_NAME or juvenile substitution	0xaa3bd0(race,out,plural=false,caste=-1); r9w==0xffff -> 0xaa3d69 -> 0xaa3d1e/0xaa3d36; creature_raw+0x20 NAME[0]
classic	data/vanilla/vanilla_creatures/objects/creature_tropical_new.txt	3146	LION_TAMARIN_MAN	SELECT_CASTE:ALL	NAME	1	lion tamarin man	lion tamarin man	狮狨猴人	data/runtime/rulesets/zh-Hans/creatures/caste.toml | data/runtime/rulesets/zh-Hans/creatures/name.toml	狮狨猴人	狮面绒猴人	creature_raw.NAME[0]; singular; caste=-1; no CASTE_NAME or juvenile substitution	0xaa3bd0(race,out,plural=false,caste=-1); r9w==0xffff -> 0xaa3d69 -> 0xaa3d1e/0xaa3d36; creature_raw+0x20 NAME[0]
classic	data/vanilla/vanilla_creatures/objects/creature_tropical_new.txt	3165	GIANT_LION_TAMARIN	SELECT_CASTE:ALL	NAME	1	giant lion tamarin	giant lion tamarin	巨型狮狨猴	data/runtime/rulesets/zh-Hans/creatures/caste.toml | data/runtime/rulesets/zh-Hans/creatures/name.toml	巨型狮狨猴	巨狮绒猴	creature_raw.NAME[0]; singular; caste=-1; no CASTE_NAME or juvenile substitution	0xaa3bd0(race,out,plural=false,caste=-1); r9w==0xffff -> 0xaa3d69 -> 0xaa3d1e/0xaa3d36; creature_raw+0x20 NAME[0]
classic	data/vanilla/vanilla_creatures/objects/creature_tundra_taiga_new.txt	12	STOAT		NAME	1	stoat	stoat	白鼬	data/runtime/rulesets/zh-Hans/creatures/name.toml	白鼬	白鼬	creature_raw.NAME[0]; singular; caste=-1; no CASTE_NAME or juvenile substitution	0xaa3bd0(race,out,plural=false,caste=-1); r9w==0xffff -> 0xaa3d69 -> 0xaa3d1e/0xaa3d36; creature_raw+0x20 NAME[0]
classic	data/vanilla/vanilla_creatures/objects/creature_tundra_taiga_new.txt	122	STOAT_MAN	SELECT_CASTE:ALL	NAME	1	stoat man	stoat man	白鼬人	data/runtime/rulesets/zh-Hans/creatures/caste.toml | data/runtime/rulesets/zh-Hans/creatures/name.toml	白鼬人	白鼬人	creature_raw.NAME[0]; singular; caste=-1; no CASTE_NAME or juvenile substitution	0xaa3bd0(race,out,plural=false,caste=-1); r9w==0xffff -> 0xaa3d69 -> 0xaa3d1e/0xaa3d36; creature_raw+0x20 NAME[0]
classic	data/vanilla/vanilla_creatures/objects/creature_tundra_taiga_new.txt	141	GIANT_STOAT	SELECT_CASTE:ALL	NAME	1	giant stoat	giant stoat	巨型白鼬	data/runtime/rulesets/zh-Hans/creatures/caste.toml | data/runtime/rulesets/zh-Hans/creatures/name.toml	巨型白鼬	巨白鼬	creature_raw.NAME[0]; singular; caste=-1; no CASTE_NAME or juvenile substitution	0xaa3bd0(race,out,plural=false,caste=-1); r9w==0xffff -> 0xaa3d69 -> 0xaa3d1e/0xaa3d36; creature_raw+0x20 NAME[0]
classic	data/vanilla/vanilla_creatures/objects/creature_tundra_taiga_new.txt	164	LYNX		NAME	1	lynx	lynx	猞猁	data/runtime/rulesets/zh-Hans/creatures/caste.toml | data/runtime/rulesets/zh-Hans/creatures/name.toml	猞猁	猞猁	creature_raw.NAME[0]; singular; caste=-1; no CASTE_NAME or juvenile substitution	0xaa3bd0(race,out,plural=false,caste=-1); r9w==0xffff -> 0xaa3d69 -> 0xaa3d1e/0xaa3d36; creature_raw+0x20 NAME[0]
classic	data/vanilla/vanilla_creatures/objects/creature_tundra_taiga_new.txt	274	LYNX_MAN	SELECT_CASTE:ALL	NAME	1	lynx man	lynx man	猞猁人	data/runtime/rulesets/zh-Hans/creatures/caste.toml | data/runtime/rulesets/zh-Hans/creatures/name.toml	猞猁人	猞猁人	creature_raw.NAME[0]; singular; caste=-1; no CASTE_NAME or juvenile substitution	0xaa3bd0(race,out,plural=false,caste=-1); r9w==0xffff -> 0xaa3d69 -> 0xaa3d1e/0xaa3d36; creature_raw+0x20 NAME[0]
classic	data/vanilla/vanilla_creatures/objects/creature_tundra_taiga_new.txt	293	GIANT_LYNX	SELECT_CASTE:ALL	NAME	1	giant lynx	giant lynx	巨型猞猁	data/runtime/rulesets/zh-Hans/creatures/caste.toml | data/runtime/rulesets/zh-Hans/creatures/name.toml	巨型猞猁	巨猞猁	creature_raw.NAME[0]; singular; caste=-1; no CASTE_NAME or juvenile substitution	0xaa3bd0(race,out,plural=false,caste=-1); r9w==0xffff -> 0xaa3d69 -> 0xaa3d1e/0xaa3d36; creature_raw+0x20 NAME[0]
