edition	constructor	function_start	instruction	operation	operands
reference	demand-change	0x14134ac10	0x14134ac4d	je	0x14134ba65
reference	demand-change	0x14134ac10	0x14134ac7d	js	0x14134ae28
reference	demand-change	0x14134ac10	0x14134acaf	jle	0x14134ae1b
reference	demand-change	0x14134ac10	0x14134acbc	jne	0x14134accc
reference	demand-change	0x14134ac10	0x14134acc5	jne	0x14134acd9
reference	demand-change	0x14134ac10	0x14134acc7	jmp	0x14134add7
reference	demand-change	0x14134ac10	0x14134acd3	je	0x14134add7
reference	demand-change	0x14134ac10	0x14134acf6	call	0x141330c30
reference	demand-change	0x14134ac10	0x14134ad0c	call	0x14006fa10
reference	demand-change	0x14134ac10	0x14134ad96	call	0x1400e3c20
reference	demand-change	0x14134ac10	0x14134ada4	jbe	0x14134add7
reference	demand-change	0x14134ac10	0x14134adb7	jb	0x14134add2
reference	demand-change	0x14134ac10	0x14134adcc	ja	0x14134af50
reference	demand-change	0x14134ac10	0x14134add2	call	0x141539680
reference	demand-change	0x14134ac10	0x14134ade7	call	0x141539680
reference	demand-change	0x14134ac10	0x14134ae08	call	0x14153ae1a
reference	demand-change	0x14134ac10	0x14134ae22	jns	0x14134ac90
reference	demand-change	0x14134ac10	0x14134ae2f	jne	0x14134ba65
reference	demand-change	0x14134ac10	0x14134ae3f	jne	0x14134ba65
reference	demand-change	0x14134ac10	0x14134ae4d	jne	0x14134ba65
reference	demand-change	0x14134ac10	0x14134ae5e	je	0x14134ba65
reference	demand-change	0x14134ac10	0x14134ae68	je	0x14134ba65
reference	demand-change	0x14134ac10	0x14134ae76	jg	0x14134ba65
reference	demand-change	0x14134ac10	0x14134ae84	jge	0x14134ba65
reference	demand-change	0x14134ac10	0x14134ae91	jge	0x14134ba65
reference	demand-change	0x14134ac10	0x14134ae9e	jg	0x14134ba65
reference	demand-change	0x14134ac10	0x14134aeac	jg	0x14134ba65
reference	demand-change	0x14134ac10	0x14134aeba	jg	0x14134ba65
reference	demand-change	0x14134ac10	0x14134aec7	jg	0x14134ba65
reference	demand-change	0x14134ac10	0x14134aed4	jg	0x14134ba65
reference	demand-change	0x14134ac10	0x14134aedd	call	0x14014d940
reference	demand-change	0x14134ac10	0x14134aee4	jg	0x14134ba65
reference	demand-change	0x14134ac10	0x14134aeed	call	0x14138ed20
reference	demand-change	0x14134ac10	0x14134aef4	je	0x14134ba65
reference	demand-change	0x14134ac10	0x14134af23	je	0x14134af7d
reference	demand-change	0x14134ac10	0x14134af3b	jl	0x14134af5a
reference	demand-change	0x14134ac10	0x14134af42	call	0x14134a920
reference	demand-change	0x14134ac10	0x14134af49	je	0x14134af57
reference	demand-change	0x14134ac10	0x14134af4e	jmp	0x14134af5a
reference	demand-change	0x14134ac10	0x14134af50	call	QWORD PTR [rip+0x29abd2]        # 0x1415e5b28
reference	demand-change	0x14134ac10	0x14134af7b	jb	0x14134af30
reference	demand-change	0x14134ac10	0x14134af83	call	0x14134bf80
reference	demand-change	0x14134ac10	0x14134af96	jl	0x14134afa6
reference	demand-change	0x14134ac10	0x14134af9c	jl	0x14134afa6
reference	demand-change	0x14134ac10	0x14134afa1	jmp	0x14134b02d
reference	demand-change	0x14134ac10	0x14134afa9	call	0x14134bf80
reference	demand-change	0x14134ac10	0x14134afb2	jl	0x14134afbf
reference	demand-change	0x14134ac10	0x14134afb8	jl	0x14134afbf
reference	demand-change	0x14134ac10	0x14134afbd	jmp	0x14134b02d
reference	demand-change	0x14134ac10	0x14134afc2	call	0x14134bf80
reference	demand-change	0x14134ac10	0x14134afcc	jl	0x14134afd9
reference	demand-change	0x14134ac10	0x14134afd2	jl	0x14134afd9
reference	demand-change	0x14134ac10	0x14134afd7	jmp	0x14134b02d
reference	demand-change	0x14134ac10	0x14134afdc	call	0x14134bf80
reference	demand-change	0x14134ac10	0x14134afe5	jg	0x14134aff4
reference	demand-change	0x14134ac10	0x14134afeb	jg	0x14134aff4
reference	demand-change	0x14134ac10	0x14134aff2	jmp	0x14134b02d
reference	demand-change	0x14134ac10	0x14134aff7	call	0x14134bf80
reference	demand-change	0x14134ac10	0x14134b002	jg	0x14134b011
reference	demand-change	0x14134ac10	0x14134b008	jg	0x14134b011
reference	demand-change	0x14134ac10	0x14134b00f	jmp	0x14134b02d
reference	demand-change	0x14134ac10	0x14134b014	call	0x14134bf80
reference	demand-change	0x14134ac10	0x14134b020	jg	0x14134b063
reference	demand-change	0x14134ac10	0x14134b026	jg	0x14134b063
reference	demand-change	0x14134ac10	0x14134b05e	call	0x1413eff80
reference	demand-change	0x14134ac10	0x14134b078	call	0x14134bf80
reference	demand-change	0x14134ac10	0x14134b083	jae	0x14134ba65
reference	demand-change	0x14134ac10	0x14134b092	jbe	0x14134b0d2
reference	demand-change	0x14134ac10	0x14134b094	call	0x140eb68b0
reference	demand-change	0x14134ac10	0x14134b0cc	jne	0x14134ba65
reference	demand-change	0x14134ac10	0x14134b0e3	jae	0x14134b101
reference	demand-change	0x14134ac10	0x14134b0ec	je	0x14134b0f4
reference	demand-change	0x14134ac10	0x14134b0f2	jmp	0x14134b0e0
reference	demand-change	0x14134ac10	0x14134b0fb	jne	0x14134ba65
reference	demand-change	0x14134ac10	0x14134b14c	call	0x14134a5e0
reference	demand-change	0x14134ac10	0x14134b154	jle	0x14134b171
reference	demand-change	0x14134ac10	0x14134b167	call	0x140071040
reference	demand-change	0x14134ac10	0x14134b17a	jle	0x14134b1b2
reference	demand-change	0x14134ac10	0x14134b185	je	0x14134b196
reference	demand-change	0x14134ac10	0x14134b194	jmp	0x14134b1b2
reference	demand-change	0x14134ac10	0x14134b1a3	call	0x140071040
reference	demand-change	0x14134ac10	0x14134b1b6	jle	0x14134b1ee
reference	demand-change	0x14134ac10	0x14134b1c1	je	0x14134b1d2
reference	demand-change	0x14134ac10	0x14134b1d0	jmp	0x14134b1ee
reference	demand-change	0x14134ac10	0x14134b1df	call	0x140071040
reference	demand-change	0x14134ac10	0x14134b1f8	jle	0x14134b22b
reference	demand-change	0x14134ac10	0x14134b203	je	0x14134b214
reference	demand-change	0x14134ac10	0x14134b212	jmp	0x14134b22b
reference	demand-change	0x14134ac10	0x14134b221	call	0x140071040
reference	demand-change	0x14134ac10	0x14134b236	je	0x14134ba33
reference	demand-change	0x14134ac10	0x14134b23f	ja	0x14134b245
reference	demand-change	0x14134ac10	0x14134b243	jmp	0x14134b27b
reference	demand-change	0x14134ac10	0x14134b245	call	0x140eb68b0
reference	demand-change	0x14134ac10	0x14134b2b0	je	0x14134b3af
reference	demand-change	0x14134ac10	0x14134b2cf	jne	0x14134b377
reference	demand-change	0x14134ac10	0x14134b2d9	je	0x14134b377
reference	demand-change	0x14134ac10	0x14134b2e8	ja	0x14134b377
reference	demand-change	0x14134ac10	0x14134b304	jmp	rcx
reference	demand-change	0x14134ac10	0x14134b30c	je	0x14134b31a
reference	demand-change	0x14134ac10	0x14134b318	jmp	0x14134b332
reference	demand-change	0x14134ac10	0x14134b325	call	0x140287020
reference	demand-change	0x14134ac10	0x14134b34f	je	0x14134b35f
reference	demand-change	0x14134ac10	0x14134b35d	jmp	0x14134b377
reference	demand-change	0x14134ac10	0x14134b36a	call	0x140071040
reference	demand-change	0x14134ac10	0x14134b3a4	jb	0x14134b2c0
reference	demand-change	0x14134ac10	0x14134b3c3	je	0x14134b451
reference	demand-change	0x14134ac10	0x14134b3c9	call	0x140eb68b0
reference	demand-change	0x14134ac10	0x14134b3f9	jae	0x14134b457
reference	demand-change	0x14134ac10	0x14134b3fe	ja	0x14134b404
reference	demand-change	0x14134ac10	0x14134b402	jmp	0x14134b43a
reference	demand-change	0x14134ac10	0x14134b404	call	0x140eb68b0
reference	demand-change	0x14134ac10	0x14134b44c	jmp	0x14134b5aa
reference	demand-change	0x14134ac10	0x14134b457	call	0x140eb68b0
reference	demand-change	0x14134ac10	0x14134b481	jae	0x14134b5a0
reference	demand-change	0x14134ac10	0x14134b4ad	jmp	rcx
reference	demand-change	0x14134ac10	0x14134b4bb	jmp	0x14134b5aa
reference	demand-change	0x14134ac10	0x14134b4cc	jmp	0x14134b5aa
reference	demand-change	0x14134ac10	0x14134b4d5	jne	0x14134b5a0
reference	demand-change	0x14134ac10	0x14134b4f5	je	0x14134b519
reference	demand-change	0x14134ac10	0x14134b509	je	0x14134b519
reference	demand-change	0x14134ac10	0x14134b517	jb	0x14134b500
reference	demand-change	0x14134ac10	0x14134b530	jmp	0x14134b5aa
reference	demand-change	0x14134ac10	0x14134b53e	jmp	0x14134b5aa
reference	demand-change	0x14134ac10	0x14134b54c	jmp	0x14134b5aa
reference	demand-change	0x14134ac10	0x14134b55a	jmp	0x14134b5aa
reference	demand-change	0x14134ac10	0x14134b568	jmp	0x14134b5aa
reference	demand-change	0x14134ac10	0x14134b576	jmp	0x14134b5aa
reference	demand-change	0x14134ac10	0x14134b584	jmp	0x14134b5aa
reference	demand-change	0x14134ac10	0x14134b590	jmp	0x14134b5aa
reference	demand-change	0x14134ac10	0x14134b59e	jmp	0x14134b5aa
reference	demand-change	0x14134ac10	0x14134b5cf	je	0x14134b6fd
reference	demand-change	0x14134ac10	0x14134b5f0	jne	0x14134b6cf
reference	demand-change	0x14134ac10	0x14134b5fb	je	0x14134b6cf
reference	demand-change	0x14134ac10	0x14134b612	call	0x1408c03a0
reference	demand-change	0x14134ac10	0x14134b619	je	0x14134b6cf
reference	demand-change	0x14134ac10	0x14134b640	call	0x14143f880
reference	demand-change	0x14134ac10	0x14134b647	je	0x14134b6cf
reference	demand-change	0x14134ac10	0x14134b66b	je	0x14134b67a
reference	demand-change	0x14134ac10	0x14134b678	jmp	0x14134b68e
reference	demand-change	0x14134ac10	0x14134b685	call	0x140071040
reference	demand-change	0x14134ac10	0x14134b6ac	je	0x14134b6bb
reference	demand-change	0x14134ac10	0x14134b6b9	jmp	0x14134b6cf
reference	demand-change	0x14134ac10	0x14134b6c6	call	0x140071040
reference	demand-change	0x14134ac10	0x14134b6f5	jb	0x14134b5e0
reference	demand-change	0x14134ac10	0x14134b707	je	0x14134b78d
reference	demand-change	0x14134ac10	0x14134b710	ja	0x14134b716
reference	demand-change	0x14134ac10	0x14134b714	jmp	0x14134b74e
reference	demand-change	0x14134ac10	0x14134b716	call	0x140eb68b0
reference	demand-change	0x14134ac10	0x14134b767	jne	0x14134b85c
reference	demand-change	0x14134ac10	0x14134b772	jne	0x14134b811
reference	demand-change	0x14134ac10	0x14134b782	jne	0x14134b873
reference	demand-change	0x14134ac10	0x14134b788	jmp	0x14134ba33
reference	demand-change	0x14134ac10	0x14134b79c	jne	0x14134b76d
reference	demand-change	0x14134ac10	0x14134b79e	call	0x140eb68b0
reference	demand-change	0x14134ac10	0x14134b7cc	jb	0x14134b86d
reference	demand-change	0x14134ac10	0x14134b7d2	call	0x140eb68b0
reference	demand-change	0x14134ac10	0x14134b801	jb	0x14134b80a
reference	demand-change	0x14134ac10	0x14134b808	jmp	0x14134b873
reference	demand-change	0x14134ac10	0x14134b80f	jmp	0x14134b873
reference	demand-change	0x14134ac10	0x14134b816	jne	0x14134b82a
reference	demand-change	0x14134ac10	0x14134b823	jne	0x14134b873
reference	demand-change	0x14134ac10	0x14134b825	jmp	0x14134ba33
reference	demand-change	0x14134ac10	0x14134b82f	jne	0x14134b843
reference	demand-change	0x14134ac10	0x14134b83c	jne	0x14134b873
reference	demand-change	0x14134ac10	0x14134b83e	jmp	0x14134ba33
reference	demand-change	0x14134ac10	0x14134b848	jne	0x14134b85c
reference	demand-change	0x14134ac10	0x14134b855	jne	0x14134b873
reference	demand-change	0x14134ac10	0x14134b857	jmp	0x14134ba33
reference	demand-change	0x14134ac10	0x14134b861	jne	0x14134b86d
reference	demand-change	0x14134ac10	0x14134b867	je	0x14134ba33
reference	demand-change	0x14134ac10	0x14134b87a	jne	0x14134b88a
reference	demand-change	0x14134ac10	0x14134b883	jne	0x14134b897
reference	demand-change	0x14134ac10	0x14134b885	jmp	0x14134b99f
reference	demand-change	0x14134ac10	0x14134b891	je	0x14134b99f
reference	demand-change	0x14134ac10	0x14134b8bb	call	0x141330c30
reference	demand-change	0x14134ac10	0x14134b8d1	call	0x14006fa10
reference	demand-change	0x14134ac10	0x14134b95b	call	0x1400e3c20
reference	demand-change	0x14134ac10	0x14134b969	jbe	0x14134b99f
reference	demand-change	0x14134ac10	0x14134b97c	jb	0x14134b99a
reference	demand-change	0x14134ac10	0x14134b991	jbe	0x14134b99a
reference	demand-change	0x14134ac10	0x14134b993	call	QWORD PTR [rip+0x29a18f]        # 0x1415e5b28
reference	demand-change	0x14134ac10	0x14134b99a	call	0x141539680
reference	demand-change	0x14134ac10	0x14134b9a4	call	0x141539690
reference	demand-change	0x14134ac10	0x14134b9cf	call	0x140eb68b0
reference	demand-change	0x14134ac10	0x14134ba1d	je	0x14134ba29
reference	demand-change	0x14134ac10	0x14134ba27	jmp	0x14134ba33
reference	demand-change	0x14134ac10	0x14134ba2d	call	0x1400bad30
reference	demand-change	0x14134ac10	0x14134ba38	call	0x14006f7b0
reference	demand-change	0x14134ac10	0x14134ba42	call	0x14006f7b0
reference	demand-change	0x14134ac10	0x14134ba4c	call	0x14006f7b0
reference	demand-change	0x14134ac10	0x14134ba56	call	0x14006f7b0
reference	demand-change	0x14134ac10	0x14134ba60	call	0x14006f750
reference	demand-change	0x14134ac10	0x14134ba6c	call	0x141539660
reference	demand-change	0x14134ac10	0x14134bb10	js	0x14134bac7
reference	mandate-cancel	0x140e39910	0x140e3994f	je	0x140e3fcbf
reference	mandate-cancel	0x140e39910	0x140e39962	call	0x14006f690
reference	mandate-cancel	0x140e39910	0x140e3998c	jne	0x140e3999a
reference	mandate-cancel	0x140e39910	0x140e3998e	call	0x140ab44d0
reference	mandate-cancel	0x140e39910	0x140e399b7	jne	0x140e399cc
reference	mandate-cancel	0x140e39910	0x140e399c0	call	0x140e65a50
reference	mandate-cancel	0x140e39910	0x140e399f7	jne	0x140e39a99
reference	mandate-cancel	0x140e39910	0x140e39a08	call	0x14006f240
reference	mandate-cancel	0x140e39910	0x140e39a18	call	0x14006f230
reference	mandate-cancel	0x140e39910	0x140e39a2a	call	0x14006ee20
reference	mandate-cancel	0x140e39910	0x140e39a34	call	0x1400657b0
reference	mandate-cancel	0x140e39910	0x140e39a3b	je	0x140e39a92
reference	mandate-cancel	0x140e39910	0x140e39a44	call	0x14006ee10
reference	mandate-cancel	0x140e39910	0x140e39a64	call	0x1409e57d0
reference	mandate-cancel	0x140e39910	0x140e39a6d	call	0x14006ee00
reference	mandate-cancel	0x140e39910	0x140e39a7f	call	0x14006ee20
reference	mandate-cancel	0x140e39910	0x140e39a89	call	0x1400657b0
reference	mandate-cancel	0x140e39910	0x140e39a90	jne	0x140e39a40
reference	mandate-cancel	0x140e39910	0x140e39abc	jne	0x140e39aca
reference	mandate-cancel	0x140e39910	0x140e39abe	call	0x140e365c0
reference	mandate-cancel	0x140e39910	0x140e39aed	jne	0x140e39b02
reference	mandate-cancel	0x140e39910	0x140e39af6	call	0x1402b5990
reference	mandate-cancel	0x140e39910	0x140e39b32	jne	0x140e39e9c
reference	mandate-cancel	0x140e39910	0x140e39b60	call	0x14006f240
reference	mandate-cancel	0x140e39910	0x140e39b70	call	0x14006f230
reference	mandate-cancel	0x140e39910	0x140e39b82	call	0x14006ee20
reference	mandate-cancel	0x140e39910	0x140e39b8c	call	0x1400657b0
reference	mandate-cancel	0x140e39910	0x140e39b93	je	0x140e39e95
reference	mandate-cancel	0x140e39910	0x140e39ba4	call	0x14006ee10
reference	mandate-cancel	0x140e39910	0x140e39bcb	jne	0x140e39e65
reference	mandate-cancel	0x140e39910	0x140e39bd8	call	0x140065b00
reference	mandate-cancel	0x140e39910	0x140e39be9	call	0x14006f240
reference	mandate-cancel	0x140e39910	0x140e39bf9	call	0x14006f230
reference	mandate-cancel	0x140e39910	0x140e39c0b	call	0x14006ee20
reference	mandate-cancel	0x140e39910	0x140e39c15	call	0x1400657b0
reference	mandate-cancel	0x140e39910	0x140e39c1c	je	0x140e39d9a
reference	mandate-cancel	0x140e39910	0x140e39c26	call	0x14006ee10
reference	mandate-cancel	0x140e39910	0x140e39c34	call	0x1400726e0
reference	mandate-cancel	0x140e39910	0x140e39c40	je	0x140e39d6d
reference	mandate-cancel	0x140e39910	0x140e39c4f	call	0x14006f240
reference	mandate-cancel	0x140e39910	0x140e39c60	call	0x14006f230
reference	mandate-cancel	0x140e39910	0x140e39c73	call	0x14006ee20
reference	mandate-cancel	0x140e39910	0x140e39c7d	call	0x1400657b0
reference	mandate-cancel	0x140e39910	0x140e39c84	je	0x140e39d6d
reference	mandate-cancel	0x140e39910	0x140e39c95	call	0x14006ee10
reference	mandate-cancel	0x140e39910	0x140e39ca0	call	QWORD PTR [rax+0x10]
reference	mandate-cancel	0x140e39910	0x140e39ca6	jne	0x140e39cc3
reference	mandate-cancel	0x140e39910	0x140e39cad	call	0x14006ee10
reference	mandate-cancel	0x140e39910	0x140e39cb8	call	QWORD PTR [rax+0x60]
reference	mandate-cancel	0x140e39910	0x140e39cc1	je	0x140e39cf0
reference	mandate-cancel	0x140e39910	0x140e39cc8	call	0x14006ee00
reference	mandate-cancel	0x140e39910	0x140e39cdb	call	0x14006ee20
reference	mandate-cancel	0x140e39910	0x140e39ce5	call	0x1400657b0
reference	mandate-cancel	0x140e39910	0x140e39cec	jne	0x140e39c90
reference	mandate-cancel	0x140e39910	0x140e39cee	jmp	0x140e39d6d
reference	mandate-cancel	0x140e39910	0x140e39cf5	call	0x14006ee10
reference	mandate-cancel	0x140e39910	0x140e39d04	call	0x140072230
reference	mandate-cancel	0x140e39910	0x140e39d0d	call	0x140072230
reference	mandate-cancel	0x140e39910	0x140e39d2f	call	0x140c8bc60
reference	mandate-cancel	0x140e39910	0x140e39d36	jne	0x140e39d69
reference	mandate-cancel	0x140e39910	0x140e39d3f	call	0x140c8e1d0
reference	mandate-cancel	0x140e39910	0x140e39d46	jne	0x140e39d69
reference	mandate-cancel	0x140e39910	0x140e39d4d	je	0x140e39d61
reference	mandate-cancel	0x140e39910	0x140e39d5a	call	0x1400b9980
reference	mandate-cancel	0x140e39910	0x140e39d5f	jmp	0x140e39d6d
reference	mandate-cancel	0x140e39910	0x140e39d67	jmp	0x140e39d6d
reference	mandate-cancel	0x140e39910	0x140e39d71	call	0x14006f350
reference	mandate-cancel	0x140e39910	0x140e39d83	call	0x14006ee20
reference	mandate-cancel	0x140e39910	0x140e39d8d	call	0x1400657b0
reference	mandate-cancel	0x140e39910	0x140e39d94	jne	0x140e39c22
reference	mandate-cancel	0x140e39910	0x140e39da6	call	0x14006f240
reference	mandate-cancel	0x140e39910	0x140e39db6	call	0x14006f230
reference	mandate-cancel	0x140e39910	0x140e39dc9	call	0x14006ee20
reference	mandate-cancel	0x140e39910	0x140e39dd3	call	0x1400657b0
reference	mandate-cancel	0x140e39910	0x140e39dda	je	0x140e39e59
reference	mandate-cancel	0x140e39910	0x140e39de5	call	0x14006ee10
reference	mandate-cancel	0x140e39910	0x140e39df7	call	0x140284a90
reference	mandate-cancel	0x140e39910	0x140e39e01	call	0x14006ee10
reference	mandate-cancel	0x140e39910	0x140e39e15	call	0x140cb1420
reference	mandate-cancel	0x140e39910	0x140e39e1f	call	0x14006ee10
reference	mandate-cancel	0x140e39910	0x140e39e33	call	0x14006ee00
reference	mandate-cancel	0x140e39910	0x140e39e46	call	0x14006ee20
reference	mandate-cancel	0x140e39910	0x140e39e50	call	0x1400657b0
reference	mandate-cancel	0x140e39910	0x140e39e57	jne	0x140e39de0
reference	mandate-cancel	0x140e39910	0x140e39e60	call	0x140067160
reference	mandate-cancel	0x140e39910	0x140e39e69	call	0x14006ee00
reference	mandate-cancel	0x140e39910	0x140e39e7e	call	0x14006ee20
reference	mandate-cancel	0x140e39910	0x140e39e88	call	0x1400657b0
reference	mandate-cancel	0x140e39910	0x140e39e8f	jne	0x140e39ba0
reference	mandate-cancel	0x140e39910	0x140e39ebe	jne	0x140e3a0ec
reference	mandate-cancel	0x140e39910	0x140e39ecf	call	0x14006f240
reference	mandate-cancel	0x140e39910	0x140e39edf	call	0x14006f230
reference	mandate-cancel	0x140e39910	0x140e39ef1	call	0x14006ee20
reference	mandate-cancel	0x140e39910	0x140e39efb	call	0x1400657b0
reference	mandate-cancel	0x140e39910	0x140e39f02	je	0x140e3a0ec
reference	mandate-cancel	0x140e39910	0x140e39f24	call	0x14006ee10
reference	mandate-cancel	0x140e39910	0x140e39f38	jne	0x140e3a0bf
reference	mandate-cancel	0x140e39910	0x140e39f4a	jne	0x140e3a0bf
reference	mandate-cancel	0x140e39910	0x140e39f54	jne	0x140e3a0bf
reference	mandate-cancel	0x140e39910	0x140e39f65	jne	0x140e3a0bf
reference	mandate-cancel	0x140e39910	0x140e39f7a	js	0x140e3a0bf
reference	mandate-cancel	0x140e39910	0x140e39f8f	jl	0x140e39f96
reference	mandate-cancel	0x140e39910	0x140e39f94	jmp	0x140e39fa0
reference	mandate-cancel	0x140e39910	0x140e39f99	jne	0x140e39fa0
reference	mandate-cancel	0x140e39910	0x140e39fa5	jge	0x140e39fb0
reference	mandate-cancel	0x140e39910	0x140e39faa	je	0x140e3a0bf
reference	mandate-cancel	0x140e39910	0x140e39fc5	call	0x140073b70
reference	mandate-cancel	0x140e39910	0x140e39fd0	je	0x140e3a0bf
reference	mandate-cancel	0x140e39910	0x140e39fdd	call	0x14006f690
reference	mandate-cancel	0x140e39910	0x140e39fea	call	0x14006f690
reference	mandate-cancel	0x140e39910	0x140e39ff3	call	0x1413e5a90
reference	mandate-cancel	0x140e39910	0x140e39ffb	je	0x140e3a003
reference	mandate-cancel	0x140e39910	0x140e3a001	jne	0x140e3a016
reference	mandate-cancel	0x140e39910	0x140e3a011	call	0x14006f580
reference	mandate-cancel	0x140e39910	0x140e3a023	call	0x141330c30
reference	mandate-cancel	0x140e39910	0x140e3a036	call	0x1400b9d10
reference	mandate-cancel	0x140e39910	0x140e3a049	call	0x14006f560
reference	mandate-cancel	0x140e39910	0x140e3a055	call	0x14007dbe0
reference	mandate-cancel	0x140e39910	0x140e3a06b	jne	0x140e3a074
reference	mandate-cancel	0x140e39910	0x140e3a0a0	call	0x1400e3c20
reference	mandate-cancel	0x140e39910	0x140e3a0ad	call	0x140067e30
reference	mandate-cancel	0x140e39910	0x140e3a0ba	call	0x140067e30
reference	mandate-cancel	0x140e39910	0x140e3a0c3	call	0x14006ee00
reference	mandate-cancel	0x140e39910	0x140e3a0d5	call	0x14006ee20
reference	mandate-cancel	0x140e39910	0x140e3a0df	call	0x1400657b0
reference	mandate-cancel	0x140e39910	0x140e3a0e6	jne	0x140e39f20
reference	mandate-cancel	0x140e39910	0x140e3a0f5	call	0x140e65a20
reference	mandate-cancel	0x140e39910	0x140e3a101	call	0x140e65a30
reference	mandate-cancel	0x140e39910	0x140e3a10d	call	0x14006ee50
reference	mandate-cancel	0x140e39910	0x140e3a118	js	0x140e3a13f
reference	mandate-cancel	0x140e39910	0x140e3a12a	call	0x14006f220
reference	mandate-cancel	0x140e39910	0x140e3a132	call	0x140e53870
reference	mandate-cancel	0x140e39910	0x140e3a13d	jns	0x140e3a120
reference	mandate-cancel	0x140e39910	0x140e3a158	jne	0x140e3a329
reference	mandate-cancel	0x140e39910	0x140e3a165	je	0x140e3a329
reference	mandate-cancel	0x140e39910	0x140e3a172	jne	0x140e3a2bb
reference	mandate-cancel	0x140e39910	0x140e3a181	call	0x14006ee50
reference	mandate-cancel	0x140e39910	0x140e3a189	je	0x140e3a2c2
reference	mandate-cancel	0x140e39910	0x140e3a19b	call	0x14006f220
reference	mandate-cancel	0x140e39910	0x140e3a1aa	jne	0x140e3a29f
reference	mandate-cancel	0x140e39910	0x140e3a1ba	call	0x14006f220
reference	mandate-cancel	0x140e39910	0x140e3a1c9	jne	0x140e3a29f
reference	mandate-cancel	0x140e39910	0x140e3a1d9	call	0x14006f220
reference	mandate-cancel	0x140e39910	0x140e3a1e1	call	0x14136e800
reference	mandate-cancel	0x140e39910	0x140e3a1e8	jne	0x140e3a29f
reference	mandate-cancel	0x140e39910	0x140e3a1f8	call	0x14006f220
reference	mandate-cancel	0x140e39910	0x140e3a20b	ja	0x140e3a29f
reference	mandate-cancel	0x140e39910	0x140e3a225	jmp	rcx
reference	mandate-cancel	0x140e39910	0x140e3a231	call	0x14006f220
reference	mandate-cancel	0x140e39910	0x140e3a240	jge	0x140e3a29f
reference	mandate-cancel	0x140e39910	0x140e3a249	call	0x140072510
reference	mandate-cancel	0x140e39910	0x140e3a26c	call	0x14006f220
reference	mandate-cancel	0x140e39910	0x140e3a27b	call	0x1413eff80
reference	mandate-cancel	0x140e39910	0x140e3a28a	call	0x14006f220
reference	mandate-cancel	0x140e39910	0x140e3a29a	call	0x141341e60
reference	mandate-cancel	0x140e39910	0x140e3a2ab	call	0x14006ee50
reference	mandate-cancel	0x140e39910	0x140e3a2b3	jb	0x140e3a191
reference	mandate-cancel	0x140e39910	0x140e3a2b9	jmp	0x140e3a2c2
reference	mandate-cancel	0x140e39910	0x140e3a2cb	call	0x14006ee50
reference	mandate-cancel	0x140e39910	0x140e3a2d3	je	0x140e3a329
reference	mandate-cancel	0x140e39910	0x140e3a2ea	call	0x14006f220
reference	mandate-cancel	0x140e39910	0x140e3a2f9	jne	0x140e3a313
reference	mandate-cancel	0x140e39910	0x140e3a305	call	0x14006f220
reference	mandate-cancel	0x140e39910	0x140e3a31f	call	0x14006ee50
reference	mandate-cancel	0x140e39910	0x140e3a327	jb	0x140e3a2e0
reference	mandate-cancel	0x140e39910	0x140e3a330	jne	0x140e3a53d
reference	mandate-cancel	0x140e39910	0x140e3a340	jne	0x140e3a54a
reference	mandate-cancel	0x140e39910	0x140e3a42d	call	0x14153aa96
reference	mandate-cancel	0x140e39910	0x140e3a441	call	0x14153aa96
reference	mandate-cancel	0x140e39910	0x140e3a455	call	0x14153aa96
reference	mandate-cancel	0x140e39910	0x140e3a469	call	0x14153aa96
reference	mandate-cancel	0x140e39910	0x140e3a47d	call	0x14153aa96
reference	mandate-cancel	0x140e39910	0x140e3a491	call	0x14153aa96
reference	mandate-cancel	0x140e39910	0x140e3a4a5	call	0x14153aa96
reference	mandate-cancel	0x140e39910	0x140e3a4b1	call	0x14006ee50
reference	mandate-cancel	0x140e39910	0x140e3a4bd	js	0x140e3a53d
reference	mandate-cancel	0x140e39910	0x140e3a4ea	call	0x14006f220
reference	mandate-cancel	0x140e39910	0x140e3a503	call	0x14006f220
reference	mandate-cancel	0x140e39910	0x140e3a518	jge	0x140e3a4e0
reference	mandate-cancel	0x140e39910	0x140e3a524	call	0x14006f220
reference	mandate-cancel	0x140e39910	0x140e3a53b	jns	0x140e3a4d0
reference	mandate-cancel	0x140e39910	0x140e3a544	je	0x140e3a73a
reference	mandate-cancel	0x140e39910	0x140e3a551	jne	0x140e3b03e
reference	mandate-cancel	0x140e39910	0x140e3a564	call	0x14007daf0
reference	mandate-cancel	0x140e39910	0x140e3a57b	call	0x14006f240
reference	mandate-cancel	0x140e39910	0x140e3a58b	call	0x14006f230
reference	mandate-cancel	0x140e39910	0x140e3a59e	call	0x14006ee20
reference	mandate-cancel	0x140e39910	0x140e3a5a8	call	0x1400657b0
reference	mandate-cancel	0x140e39910	0x140e3a5af	je	0x140e3a666
reference	mandate-cancel	0x140e39910	0x140e3a5ba	call	0x14006ee10
reference	mandate-cancel	0x140e39910	0x140e3a5c8	jne	0x140e3a632
reference	mandate-cancel	0x140e39910	0x140e3a5cf	call	0x14006ee10
reference	mandate-cancel	0x140e39910	0x140e3a5d7	call	0x140075110
reference	mandate-cancel	0x140e39910	0x140e3a5df	jne	0x140e3a632
reference	mandate-cancel	0x140e39910	0x140e3a5e6	call	0x14006ee10
reference	mandate-cancel	0x140e39910	0x140e3a5f7	jne	0x140e3a632
reference	mandate-cancel	0x140e39910	0x140e3a5fe	call	0x14006ee10
reference	mandate-cancel	0x140e39910	0x140e3a614	call	0x14006ee10
reference	mandate-cancel	0x140e39910	0x140e3a630	jl	0x140e3a663
reference	mandate-cancel	0x140e39910	0x140e3a637	call	0x14006ee00
reference	mandate-cancel	0x140e39910	0x140e3a64a	call	0x14006ee20
reference	mandate-cancel	0x140e39910	0x140e3a654	call	0x1400657b0
reference	mandate-cancel	0x140e39910	0x140e3a65b	jne	0x140e3a5b5
reference	mandate-cancel	0x140e39910	0x140e3a661	jmp	0x140e3a666
reference	mandate-cancel	0x140e39910	0x140e3a674	call	0x1407c8660
reference	mandate-cancel	0x140e39910	0x140e3a67c	je	0x140e3a6cb
reference	mandate-cancel	0x140e39910	0x140e3a68a	call	0x1407c8650
reference	mandate-cancel	0x140e39910	0x140e3a696	jne	0x140e3a6b0
reference	mandate-cancel	0x140e39910	0x140e3a6a2	call	0x1407c8650
reference	mandate-cancel	0x140e39910	0x140e3a6ae	je	0x140e3a6c8
reference	mandate-cancel	0x140e39910	0x140e3a6bc	call	0x1407c8660
reference	mandate-cancel	0x140e39910	0x140e3a6c4	jb	0x140e3a680
reference	mandate-cancel	0x140e39910	0x140e3a6c6	jmp	0x140e3a6cb
reference	mandate-cancel	0x140e39910	0x140e3a6ce	jne	0x140e3a738
reference	mandate-cancel	0x140e39910	0x140e3a6d3	jne	0x140e3a738
reference	mandate-cancel	0x140e39910	0x140e3a6d8	je	0x140e3a738
reference	mandate-cancel	0x140e39910	0x140e3a6df	call	0x141539690
reference	mandate-cancel	0x140e39910	0x140e3a6ee	call	0x1407910c0
reference	mandate-cancel	0x140e39910	0x140e3a70f	call	0x140071f30
reference	mandate-cancel	0x140e39910	0x140e3a733	call	0x1409e43f0
reference	mandate-cancel	0x140e39910	0x140e3a741	jne	0x140e3b03e
reference	mandate-cancel	0x140e39910	0x140e3a74e	call	0x140e65b70
reference	mandate-cancel	0x140e39910	0x140e3a75a	call	0x14138b870
reference	mandate-cancel	0x140e39910	0x140e3a76c	call	0x14007daf0
reference	mandate-cancel	0x140e39910	0x140e3a77e	call	0x14006ee50
reference	mandate-cancel	0x140e39910	0x140e3a786	je	0x140e3bb4c
reference	mandate-cancel	0x140e39910	0x140e3a79a	call	0x14006f220
reference	mandate-cancel	0x140e39910	0x140e3a7a9	jne	0x140e3b01e
reference	mandate-cancel	0x140e39910	0x140e3a7b9	call	0x14006f220
reference	mandate-cancel	0x140e39910	0x140e3a7c8	jne	0x140e3a7eb
reference	mandate-cancel	0x140e39910	0x140e3a7d4	call	0x14006f220
reference	mandate-cancel	0x140e39910	0x140e3a7e5	jne	0x140e3b01e
reference	mandate-cancel	0x140e39910	0x140e3a7ef	call	0x140065b00
reference	mandate-cancel	0x140e39910	0x140e3a7ff	call	0x14006f220
reference	mandate-cancel	0x140e39910	0x140e3a813	call	0x14006f240
reference	mandate-cancel	0x140e39910	0x140e3a823	call	0x14006f230
reference	mandate-cancel	0x140e39910	0x140e3a836	call	0x14006ee20
reference	mandate-cancel	0x140e39910	0x140e3a840	call	0x1400657b0
reference	mandate-cancel	0x140e39910	0x140e3a847	je	0x140e3aa7d
reference	mandate-cancel	0x140e39910	0x140e3a855	call	0x14006ee10
reference	mandate-cancel	0x140e39910	0x140e3a85d	call	0x140075110
reference	mandate-cancel	0x140e39910	0x140e3a865	jne	0x140e3aa4e
reference	mandate-cancel	0x140e39910	0x140e3a870	call	0x14006ee10
reference	mandate-cancel	0x140e39910	0x140e3a881	jne	0x140e3aa4e
reference	mandate-cancel	0x140e39910	0x140e3a892	call	0x14006f240
reference	mandate-cancel	0x140e39910	0x140e3a8a2	call	0x14006f230
reference	mandate-cancel	0x140e39910	0x140e3a8b4	call	0x14006ee20
reference	mandate-cancel	0x140e39910	0x140e3a8be	call	0x1400657b0
reference	mandate-cancel	0x140e39910	0x140e3a8c5	je	0x140e3a91a
reference	mandate-cancel	0x140e39910	0x140e3a8cb	call	0x14006ee10
reference	mandate-cancel	0x140e39910	0x140e3a8d7	je	0x140e3a8f1
reference	mandate-cancel	0x140e39910	0x140e3a8de	call	0x14006ee10
reference	mandate-cancel	0x140e39910	0x140e3a8eb	je	0x140e3aa4e
reference	mandate-cancel	0x140e39910	0x140e3a8f5	call	0x14006ee00
reference	mandate-cancel	0x140e39910	0x140e3a907	call	0x14006ee20
reference	mandate-cancel	0x140e39910	0x140e3a911	call	0x1400657b0
reference	mandate-cancel	0x140e39910	0x140e3a918	jne	0x140e3a8c7
reference	mandate-cancel	0x140e39910	0x140e3a925	call	0x14006f240
reference	mandate-cancel	0x140e39910	0x140e3a935	call	0x14006f230
reference	mandate-cancel	0x140e39910	0x140e3a947	call	0x14006ee20
reference	mandate-cancel	0x140e39910	0x140e3a951	call	0x1400657b0
reference	mandate-cancel	0x140e39910	0x140e3a958	je	0x140e3a9af
reference	mandate-cancel	0x140e39910	0x140e3a964	call	0x14006ee10
reference	mandate-cancel	0x140e39910	0x140e3a978	call	0x14006ee10
reference	mandate-cancel	0x140e39910	0x140e3a980	je	0x140e3aa4e
reference	mandate-cancel	0x140e39910	0x140e3a98a	call	0x14006ee00
reference	mandate-cancel	0x140e39910	0x140e3a99c	call	0x14006ee20
reference	mandate-cancel	0x140e39910	0x140e3a9a6	call	0x1400657b0
reference	mandate-cancel	0x140e39910	0x140e3a9ad	jne	0x140e3a960
reference	mandate-cancel	0x140e39910	0x140e3a9ba	call	0x14006f240
reference	mandate-cancel	0x140e39910	0x140e3a9ca	call	0x14006f230
reference	mandate-cancel	0x140e39910	0x140e3a9dc	call	0x14006ee20
reference	mandate-cancel	0x140e39910	0x140e3a9e6	call	0x1400657b0
reference	mandate-cancel	0x140e39910	0x140e3a9ed	je	0x140e3aa38
reference	mandate-cancel	0x140e39910	0x140e3a9f4	call	0x14006ee10
reference	mandate-cancel	0x140e39910	0x140e3aa05	call	0x14006ee10
reference	mandate-cancel	0x140e39910	0x140e3aa0d	je	0x140e3aa4e
reference	mandate-cancel	0x140e39910	0x140e3aa13	call	0x14006ee00
reference	mandate-cancel	0x140e39910	0x140e3aa25	call	0x14006ee20
reference	mandate-cancel	0x140e39910	0x140e3aa2f	call	0x1400657b0
reference	mandate-cancel	0x140e39910	0x140e3aa36	jne	0x140e3a9f0
reference	mandate-cancel	0x140e39910	0x140e3aa3d	call	0x14006ee10
reference	mandate-cancel	0x140e39910	0x140e3aa49	call	0x1400b9980
reference	mandate-cancel	0x140e39910	0x140e3aa53	call	0x14006ee00
reference	mandate-cancel	0x140e39910	0x140e3aa66	call	0x14006ee20
reference	mandate-cancel	0x140e39910	0x140e3aa70	call	0x1400657b0
reference	mandate-cancel	0x140e39910	0x140e3aa77	jne	0x140e3a850
reference	mandate-cancel	0x140e39910	0x140e3aa85	call	0x14006f240
reference	mandate-cancel	0x140e39910	0x140e3aa92	call	0x14006f230
reference	mandate-cancel	0x140e39910	0x140e3aaa4	call	0x14006ee20
reference	mandate-cancel	0x140e39910	0x140e3aaae	call	0x1400657b0
reference	mandate-cancel	0x140e39910	0x140e3aab5	je	0x140e3ab08
reference	mandate-cancel	0x140e39910	0x140e3aabb	call	0x14006ee10
reference	mandate-cancel	0x140e39910	0x140e3aacb	call	0x14006ee10
reference	mandate-cancel	0x140e39910	0x140e3aada	call	0x1400ff2d0
reference	mandate-cancel	0x140e39910	0x140e3aae3	call	0x14006ee00
reference	mandate-cancel	0x140e39910	0x140e3aaf5	call	0x14006ee20
reference	mandate-cancel	0x140e39910	0x140e3aaff	call	0x1400657b0
reference	mandate-cancel	0x140e39910	0x140e3ab06	jne	0x140e3aab7
reference	mandate-cancel	0x140e39910	0x140e3ab12	call	0x14006f220
reference	mandate-cancel	0x140e39910	0x140e3ab28	jne	0x140e3ae8b
reference	mandate-cancel	0x140e39910	0x140e3ab2e	call	0x14006f220
reference	mandate-cancel	0x140e39910	0x140e3ab41	call	0x14006f240
reference	mandate-cancel	0x140e39910	0x140e3ab51	call	0x14006f230
reference	mandate-cancel	0x140e39910	0x140e3ab63	call	0x14006ee20
reference	mandate-cancel	0x140e39910	0x140e3ab6d	call	0x1400657b0
reference	mandate-cancel	0x140e39910	0x140e3ab74	je	0x140e3ac2a
reference	mandate-cancel	0x140e39910	0x140e3ab84	call	0x14006ee10
reference	mandate-cancel	0x140e39910	0x140e3ab92	jne	0x140e3abfd
reference	mandate-cancel	0x140e39910	0x140e3ab98	call	0x14006ee10
reference	mandate-cancel	0x140e39910	0x140e3aba0	call	0x140075110
reference	mandate-cancel	0x140e39910	0x140e3aba8	jne	0x140e3abfd
reference	mandate-cancel	0x140e39910	0x140e3abae	call	0x14006ee10
reference	mandate-cancel	0x140e39910	0x140e3abbf	jne	0x140e3abfd
reference	mandate-cancel	0x140e39910	0x140e3abc5	call	0x14006ee10
reference	mandate-cancel	0x140e39910	0x140e3abda	call	0x14006ee10
reference	mandate-cancel	0x140e39910	0x140e3abf7	jl	0x140e3b015
reference	mandate-cancel	0x140e39910	0x140e3ac01	call	0x14006ee00
reference	mandate-cancel	0x140e39910	0x140e3ac13	call	0x14006ee20
reference	mandate-cancel	0x140e39910	0x140e3ac1d	call	0x1400657b0
reference	mandate-cancel	0x140e39910	0x140e3ac24	jne	0x140e3ab80
reference	mandate-cancel	0x140e39910	0x140e3ac33	jne	0x140e3ac5c
reference	mandate-cancel	0x140e39910	0x140e3ac49	je	0x140e3b015
reference	mandate-cancel	0x140e39910	0x140e3ac52	call	0x14091e570
reference	mandate-cancel	0x140e39910	0x140e3ac57	jmp	0x140e3b015
reference	mandate-cancel	0x140e39910	0x140e3ac69	je	0x140e3ada8
reference	mandate-cancel	0x140e39910	0x140e3ac76	call	0x1400ffa90
reference	mandate-cancel	0x140e39910	0x140e3ac84	call	0x140997980
reference	mandate-cancel	0x140e39910	0x140e3ac94	jbe	0x140e3ada8
reference	mandate-cancel	0x140e39910	0x140e3acaa	call	0x140071f90
reference	mandate-cancel	0x140e39910	0x140e3acb1	jne	0x140e3acd5
reference	mandate-cancel	0x140e39910	0x140e3acc3	call	0x140071f90
reference	mandate-cancel	0x140e39910	0x140e3ace5	call	0x140071f90
reference	mandate-cancel	0x140e39910	0x140e3acec	jne	0x140e3ad10
reference	mandate-cancel	0x140e39910	0x140e3acfe	call	0x140071f90
reference	mandate-cancel	0x140e39910	0x140e3ad20	call	0x140071f90
reference	mandate-cancel	0x140e39910	0x140e3ad27	je	0x140e3ad4b
reference	mandate-cancel	0x140e39910	0x140e3ad39	call	0x140071f90
reference	mandate-cancel	0x140e39910	0x140e3ad5b	call	0x140071f90
reference	mandate-cancel	0x140e39910	0x140e3ad62	je	0x140e3ad86
reference	mandate-cancel	0x140e39910	0x140e3ad74	call	0x140071f90
reference	mandate-cancel	0x140e39910	0x140e3ad96	call	0x140071f90
reference	mandate-cancel	0x140e39910	0x140e3adab	call	0x140955a80
reference	mandate-cancel	0x140e39910	0x140e3adb2	je	0x140e3b015
reference	mandate-cancel	0x140e39910	0x140e3adc3	je	0x140e3ae6f
reference	mandate-cancel	0x140e39910	0x140e3adcc	je	0x140e3ae6f
reference	mandate-cancel	0x140e39910	0x140e3add4	jne	0x140e3ae6f
reference	mandate-cancel	0x140e39910	0x140e3aded	je	0x140e3b015
reference	mandate-cancel	0x140e39910	0x140e3adf6	call	0x14091e570
reference	mandate-cancel	0x140e39910	0x140e3ae0b	call	0x140071f90
reference	mandate-cancel	0x140e39910	0x140e3ae12	je	0x140e3ae62
reference	mandate-cancel	0x140e39910	0x140e3ae2a	call	0x14006f220
reference	mandate-cancel	0x140e39910	0x140e3ae42	call	0x140b5cc10
reference	mandate-cancel	0x140e39910	0x140e3ae4c	je	0x140e3ae58
reference	mandate-cancel	0x140e39910	0x140e3ae4e	call	0x140e5d220
reference	mandate-cancel	0x140e39910	0x140e3ae53	jmp	0x140e3b015
reference	mandate-cancel	0x140e39910	0x140e3ae58	call	0x140e457a0
reference	mandate-cancel	0x140e39910	0x140e3ae5d	jmp	0x140e3b015
reference	mandate-cancel	0x140e39910	0x140e3ae65	call	0x140e5d220
reference	mandate-cancel	0x140e39910	0x140e3ae6a	jmp	0x140e3b015
reference	mandate-cancel	0x140e39910	0x140e3ae79	call	0x14006f220
reference	mandate-cancel	0x140e39910	0x140e3ae81	call	0x140e5f7b0
reference	mandate-cancel	0x140e39910	0x140e3ae86	jmp	0x140e3b015
reference	mandate-cancel	0x140e39910	0x140e3ae8b	call	0x14006f220
reference	mandate-cancel	0x140e39910	0x140e3ae97	jne	0x140e3b015
reference	mandate-cancel	0x140e39910	0x140e3aea7	call	0x14006f220
reference	mandate-cancel	0x140e39910	0x140e3aeb2	call	0x14091e3c0
reference	mandate-cancel	0x140e39910	0x140e3aec1	je	0x140e3b015
reference	mandate-cancel	0x140e39910	0x140e3aece	jne	0x140e3b015
reference	mandate-cancel	0x140e39910	0x140e3aee0	call	0x140071f30
reference	mandate-cancel	0x140e39910	0x140e3aeeb	jge	0x140e3b015
reference	mandate-cancel	0x140e39910	0x140e3aefd	call	0x14006f240
reference	mandate-cancel	0x140e39910	0x140e3af0d	call	0x14006f230
reference	mandate-cancel	0x140e39910	0x140e3af20	call	0x14006ee20
reference	mandate-cancel	0x140e39910	0x140e3af2a	call	0x1400657b0
reference	mandate-cancel	0x140e39910	0x140e3af31	je	0x140e3afec
reference	mandate-cancel	0x140e39910	0x140e3af45	call	0x14006ee10
reference	mandate-cancel	0x140e39910	0x140e3af53	jne	0x140e3afbd
reference	mandate-cancel	0x140e39910	0x140e3af5a	call	0x14006ee10
reference	mandate-cancel	0x140e39910	0x140e3af62	call	0x140075110
reference	mandate-cancel	0x140e39910	0x140e3af6a	jne	0x140e3afbd
reference	mandate-cancel	0x140e39910	0x140e3af71	call	0x14006ee10
reference	mandate-cancel	0x140e39910	0x140e3af82	jne	0x140e3afbd
reference	mandate-cancel	0x140e39910	0x140e3af89	call	0x14006ee10
reference	mandate-cancel	0x140e39910	0x140e3af9f	call	0x14006ee10
reference	mandate-cancel	0x140e39910	0x140e3afbb	jl	0x140e3afec
reference	mandate-cancel	0x140e39910	0x140e3afc2	call	0x14006ee00
reference	mandate-cancel	0x140e39910	0x140e3afd5	call	0x14006ee20
reference	mandate-cancel	0x140e39910	0x140e3afdf	call	0x1400657b0
reference	mandate-cancel	0x140e39910	0x140e3afe6	jne	0x140e3af40
reference	mandate-cancel	0x140e39910	0x140e3aff9	call	0x14006ee20
reference	mandate-cancel	0x140e39910	0x140e3b003	call	0x140071e60
reference	mandate-cancel	0x140e39910	0x140e3b00a	je	0x140e3b015
reference	mandate-cancel	0x140e39910	0x140e3b00f	call	0x140e5f890
reference	mandate-cancel	0x140e39910	0x140e3b019	call	0x140067160
reference	mandate-cancel	0x140e39910	0x140e3b02b	call	0x14006ee50
reference	mandate-cancel	0x140e39910	0x140e3b033	jb	0x140e3a790
reference	mandate-cancel	0x140e39910	0x140e3b039	jmp	0x140e3bb4c
reference	mandate-cancel	0x140e39910	0x140e3b060	jne	0x140e3ba01
reference	mandate-cancel	0x140e39910	0x140e3b06d	call	0x140e65b70
reference	mandate-cancel	0x140e39910	0x140e3b079	je	0x140e3bb4c
reference	mandate-cancel	0x140e39910	0x140e3b087	jl	0x140e3bb4c
reference	mandate-cancel	0x140e39910	0x140e3b091	call	0x140065b00
reference	mandate-cancel	0x140e39910	0x140e3b09b	call	0x140065b00
reference	mandate-cancel	0x140e39910	0x140e3b0a8	call	0x140065b00
reference	mandate-cancel	0x140e39910	0x140e3b0b6	je	0x140e3b0c0
reference	mandate-cancel	0x140e39910	0x140e3b0ba	jne	0x140e3b9dc
reference	mandate-cancel	0x140e39910	0x140e3b0cd	call	0x14007daf0
reference	mandate-cancel	0x140e39910	0x140e3b0dc	je	0x140e3b9dc
reference	mandate-cancel	0x140e39910	0x140e3b0ed	call	0x14006f240
reference	mandate-cancel	0x140e39910	0x140e3b0fd	call	0x14006f230
reference	mandate-cancel	0x140e39910	0x140e3b10f	call	0x14006ee20
reference	mandate-cancel	0x140e39910	0x140e3b119	call	0x1400657b0
reference	mandate-cancel	0x140e39910	0x140e3b120	je	0x140e3b9dc
reference	mandate-cancel	0x140e39910	0x140e3b12a	call	0x14006ee10
reference	mandate-cancel	0x140e39910	0x140e3b139	je	0x140e3b169
reference	mandate-cancel	0x140e39910	0x140e3b13f	call	0x14006ee00
reference	mandate-cancel	0x140e39910	0x140e3b151	call	0x14006ee20
reference	mandate-cancel	0x140e39910	0x140e3b15b	call	0x1400657b0
reference	mandate-cancel	0x140e39910	0x140e3b162	jne	0x140e3b126
reference	mandate-cancel	0x140e39910	0x140e3b164	jmp	0x140e3b9dc
reference	mandate-cancel	0x140e39910	0x140e3b175	call	0x14006f240
reference	mandate-cancel	0x140e39910	0x140e3b185	call	0x14006f230
reference	mandate-cancel	0x140e39910	0x140e3b198	call	0x14006ee20
reference	mandate-cancel	0x140e39910	0x140e3b1a2	call	0x1400657b0
reference	mandate-cancel	0x140e39910	0x140e3b1a9	je	0x140e3b9dc
reference	mandate-cancel	0x140e39910	0x140e3b1b5	call	0x14006ee10
reference	mandate-cancel	0x140e39910	0x140e3b1c4	call	0x14006ee10
reference	mandate-cancel	0x140e39910	0x140e3b1d4	je	0x140e3b201
reference	mandate-cancel	0x140e39910	0x140e3b1d6	call	0x14006ee00
reference	mandate-cancel	0x140e39910	0x140e3b1e9	call	0x14006ee20
reference	mandate-cancel	0x140e39910	0x140e3b1f3	call	0x1400657b0
reference	mandate-cancel	0x140e39910	0x140e3b1fa	jne	0x140e3b1b0
reference	mandate-cancel	0x140e39910	0x140e3b1fc	jmp	0x140e3b9dc
reference	mandate-cancel	0x140e39910	0x140e3b201	call	0x14006ee10
reference	mandate-cancel	0x140e39910	0x140e3b213	call	0x140067dc0
reference	mandate-cancel	0x140e39910	0x140e3b220	call	0x14006ee10
reference	mandate-cancel	0x140e39910	0x140e3b22c	call	0x1400b9980
reference	mandate-cancel	0x140e39910	0x140e3b236	call	0x14006ee10
reference	mandate-cancel	0x140e39910	0x140e3b246	call	0x14006f410
reference	mandate-cancel	0x140e39910	0x140e3b256	call	0x14006f410
reference	mandate-cancel	0x140e39910	0x140e3b25e	je	0x140e3b9dc
reference	mandate-cancel	0x140e39910	0x140e3b271	call	0x1413cc4d0
reference	mandate-cancel	0x140e39910	0x140e3b27c	je	0x140e3b9dc
reference	mandate-cancel	0x140e39910	0x140e3b289	jne	0x140e3b9dc
reference	mandate-cancel	0x140e39910	0x140e3b2af	call	0x14134a5e0
reference	mandate-cancel	0x140e39910	0x140e3b2be	call	0x14134a830
reference	mandate-cancel	0x140e39910	0x140e3b2de	jl	0x140e3b9dc
reference	mandate-cancel	0x140e39910	0x140e3b2ec	jl	0x140e3b2d0
reference	mandate-cancel	0x140e39910	0x140e3b300	call	0x14136ccc0
reference	mandate-cancel	0x140e39910	0x140e3b317	call	0x14134c0c0
reference	mandate-cancel	0x140e39910	0x140e3b337	call	0x14134c2c0
reference	mandate-cancel	0x140e39910	0x140e3b357	call	0x14134c4c0
reference	mandate-cancel	0x140e39910	0x140e3b37a	call	0x14134c6c0
reference	mandate-cancel	0x140e39910	0x140e3b385	jl	0x140e3b9dc
reference	mandate-cancel	0x140e39910	0x140e3b38d	je	0x140e3b9dc
reference	mandate-cancel	0x140e39910	0x140e3b3a2	jne	0x140e3b7c6
reference	mandate-cancel	0x140e39910	0x140e3b3b2	call	0x14006ee50
reference	mandate-cancel	0x140e39910	0x140e3b3ba	je	0x140e3b50f
reference	mandate-cancel	0x140e39910	0x140e3b3da	call	0x14006f220
reference	mandate-cancel	0x140e39910	0x140e3b3e9	jne	0x140e3b4f5
reference	mandate-cancel	0x140e39910	0x140e3b3fb	call	0x14006f240
reference	mandate-cancel	0x140e39910	0x140e3b40b	call	0x14006f230
reference	mandate-cancel	0x140e39910	0x140e3b41e	call	0x14006ee20
reference	mandate-cancel	0x140e39910	0x140e3b428	call	0x1400657b0
reference	mandate-cancel	0x140e39910	0x140e3b42f	je	0x140e3b4f5
reference	mandate-cancel	0x140e39910	0x140e3b43a	call	0x14006ee10
reference	mandate-cancel	0x140e39910	0x140e3b445	call	QWORD PTR [rax+0xd0]
reference	mandate-cancel	0x140e39910	0x140e3b44d	jne	0x140e3b4c6
reference	mandate-cancel	0x140e39910	0x140e3b454	call	0x14006ee10
reference	mandate-cancel	0x140e39910	0x140e3b463	call	0x14006ee50
reference	mandate-cancel	0x140e39910	0x140e3b46b	je	0x140e3b4c6
reference	mandate-cancel	0x140e39910	0x140e3b476	call	0x14006f220
reference	mandate-cancel	0x140e39910	0x140e3b484	je	0x140e3b4c6
reference	mandate-cancel	0x140e39910	0x140e3b48c	call	QWORD PTR [rax]
reference	mandate-cancel	0x140e39910	0x140e3b492	jne	0x140e3b4c6
reference	mandate-cancel	0x140e39910	0x140e3b49a	call	QWORD PTR [rax+0x10]
reference	mandate-cancel	0x140e39910	0x140e3b4a0	jne	0x140e3b4c6
reference	mandate-cancel	0x140e39910	0x140e3b4a8	call	QWORD PTR [rax+0x18]
reference	mandate-cancel	0x140e39910	0x140e3b4ba	call	0x14014d7f0
reference	mandate-cancel	0x140e39910	0x140e3b4c1	je	0x140e3b4c6
reference	mandate-cancel	0x140e39910	0x140e3b4cb	call	0x14006ee00
reference	mandate-cancel	0x140e39910	0x140e3b4de	call	0x14006ee20
reference	mandate-cancel	0x140e39910	0x140e3b4e8	call	0x1400657b0
reference	mandate-cancel	0x140e39910	0x140e3b4ef	jne	0x140e3b435
reference	mandate-cancel	0x140e39910	0x140e3b501	call	0x14006ee50
reference	mandate-cancel	0x140e39910	0x140e3b509	jb	0x140e3b3d0
reference	mandate-cancel	0x140e39910	0x140e3b513	call	0x14006ee50
reference	mandate-cancel	0x140e39910	0x140e3b51f	je	0x140e3b67e
reference	mandate-cancel	0x140e39910	0x140e3b531	call	0x14006f240
reference	mandate-cancel	0x140e39910	0x140e3b541	call	0x14006f230
reference	mandate-cancel	0x140e39910	0x140e3b554	call	0x14006ee20
reference	mandate-cancel	0x140e39910	0x140e3b55e	call	0x1400657b0
reference	mandate-cancel	0x140e39910	0x140e3b565	je	0x140e3b67e
reference	mandate-cancel	0x140e39910	0x140e3b576	call	0x14006ee10
reference	mandate-cancel	0x140e39910	0x140e3b582	jne	0x140e3b64f
reference	mandate-cancel	0x140e39910	0x140e3b58d	call	0x14006ee10
reference	mandate-cancel	0x140e39910	0x140e3b59e	call	0x14006f220
reference	mandate-cancel	0x140e39910	0x140e3b5a8	jne	0x140e3b64f
reference	mandate-cancel	0x140e39910	0x140e3b5b3	call	0x14006ee10
reference	mandate-cancel	0x140e39910	0x140e3b5bf	jne	0x140e3b64f
reference	mandate-cancel	0x140e39910	0x140e3b5ca	call	0x14006ee10
reference	mandate-cancel	0x140e39910	0x140e3b5db	call	0x1400727e0
reference	mandate-cancel	0x140e39910	0x140e3b5e6	je	0x140e3b64f
reference	mandate-cancel	0x140e39910	0x140e3b5f2	je	0x140e3b64f
reference	mandate-cancel	0x140e39910	0x140e3b600	call	0x140c8baa0
reference	mandate-cancel	0x140e39910	0x140e3b60a	je	0x140e3b64f
reference	mandate-cancel	0x140e39910	0x140e3b61a	jne	0x140e3b64f
reference	mandate-cancel	0x140e39910	0x140e3b61f	call	QWORD PTR [rax+0x38]
reference	mandate-cancel	0x140e39910	0x140e3b625	jne	0x140e3b64f
reference	mandate-cancel	0x140e39910	0x140e3b631	call	QWORD PTR [rax+0x40]
reference	mandate-cancel	0x140e39910	0x140e3b643	call	0x14014d7f0
reference	mandate-cancel	0x140e39910	0x140e3b64a	je	0x140e3b64f
reference	mandate-cancel	0x140e39910	0x140e3b654	call	0x14006ee00
reference	mandate-cancel	0x140e39910	0x140e3b667	call	0x14006ee20
reference	mandate-cancel	0x140e39910	0x140e3b671	call	0x1400657b0
reference	mandate-cancel	0x140e39910	0x140e3b678	jne	0x140e3b571
reference	mandate-cancel	0x140e39910	0x140e3b681	je	0x140e3b7c6
reference	mandate-cancel	0x140e39910	0x140e3b68b	jl	0x140e3b7c6
reference	mandate-cancel	0x140e39910	0x140e3b69f	call	0x140068150
reference	mandate-cancel	0x140e39910	0x140e3b6ac	je	0x140e3b766
reference	mandate-cancel	0x140e39910	0x140e3b6bc	call	0x14006ee50
reference	mandate-cancel	0x140e39910	0x140e3b6c7	js	0x140e3b6f1
reference	mandate-cancel	0x140e39910	0x140e3b6da	call	0x14006f220
reference	mandate-cancel	0x140e39910	0x140e3b6e5	jne	0x140e3b6ee
reference	mandate-cancel	0x140e39910	0x140e3b6ea	jns	0x140e3b6d0
reference	mandate-cancel	0x140e39910	0x140e3b6ec	jmp	0x140e3b6f1
reference	mandate-cancel	0x140e39910	0x140e3b6f8	call	0x14006ee50
reference	mandate-cancel	0x140e39910	0x140e3b703	js	0x140e3b72c
reference	mandate-cancel	0x140e39910	0x140e3b71a	call	0x14006f220
reference	mandate-cancel	0x140e39910	0x140e3b725	jne	0x140e3b731
reference	mandate-cancel	0x140e39910	0x140e3b72a	jns	0x140e3b710
reference	mandate-cancel	0x140e39910	0x140e3b72f	je	0x140e3b73a
reference	mandate-cancel	0x140e39910	0x140e3b738	jmp	0x140e3b75a
reference	mandate-cancel	0x140e39910	0x140e3b741	call	0x14006f370
reference	mandate-cancel	0x140e39910	0x140e3b751	jae	0x140e3b75a
reference	mandate-cancel	0x140e39910	0x140e3b761	call	0x14006f560
reference	mandate-cancel	0x140e39910	0x140e3b76d	call	0x14007dbe0
reference	mandate-cancel	0x140e39910	0x140e3b7a4	call	0x1400e3c20
reference	mandate-cancel	0x140e39910	0x140e3b7c1	jmp	0x140e3b9cf
reference	mandate-cancel	0x140e39910	0x140e3b7c9	jne	0x140e3b9dc
reference	mandate-cancel	0x140e39910	0x140e3b7de	call	0x141367430
reference	mandate-cancel	0x140e39910	0x140e3b7ea	call	0x14006f690
reference	mandate-cancel	0x140e39910	0x140e3b7f7	call	0x14006f690
reference	mandate-cancel	0x140e39910	0x140e3b807	call	0x141331500
reference	mandate-cancel	0x140e39910	0x140e3b813	call	0x14052d650
reference	mandate-cancel	0x140e39910	0x140e3b826	call	0x1400b9d10
reference	mandate-cancel	0x140e39910	0x140e3b839	call	0x14006f560
reference	mandate-cancel	0x140e39910	0x140e3b845	je	0x140e3b933
reference	mandate-cancel	0x140e39910	0x140e3b852	call	0x14006ee50
reference	mandate-cancel	0x140e39910	0x140e3b85a	jne	0x140e3b871
reference	mandate-cancel	0x140e39910	0x140e3b863	call	0x14006ee50
reference	mandate-cancel	0x140e39910	0x140e3b86b	je	0x140e3b933
reference	mandate-cancel	0x140e39910	0x140e3b87f	call	0x14006f560
reference	mandate-cancel	0x140e39910	0x140e3b892	call	0x14006f560
reference	mandate-cancel	0x140e39910	0x140e3b8a5	call	0x14006f560
reference	mandate-cancel	0x140e39910	0x140e3b8b4	call	0x14006ee50
reference	mandate-cancel	0x140e39910	0x140e3b8bf	js	0x140e3b8e2
reference	mandate-cancel	0x140e39910	0x140e3b8cb	call	0x14006f220
reference	mandate-cancel	0x140e39910	0x140e3b8d6	jne	0x140e3b8df
reference	mandate-cancel	0x140e39910	0x140e3b8db	jns	0x140e3b8c1
reference	mandate-cancel	0x140e39910	0x140e3b8dd	jmp	0x140e3b8e2
reference	mandate-cancel	0x140e39910	0x140e3b8e9	call	0x14006ee50
reference	mandate-cancel	0x140e39910	0x140e3b8f4	js	0x140e3b91c
reference	mandate-cancel	0x140e39910	0x140e3b90a	call	0x14006f220
reference	mandate-cancel	0x140e39910	0x140e3b915	jne	0x140e3b921
reference	mandate-cancel	0x140e39910	0x140e3b91a	jns	0x140e3b900
reference	mandate-cancel	0x140e39910	0x140e3b91f	je	0x140e3b92a
reference	mandate-cancel	0x140e39910	0x140e3b928	jmp	0x140e3b93a
reference	mandate-cancel	0x140e39910	0x140e3b931	jmp	0x140e3b93a
reference	mandate-cancel	0x140e39910	0x140e3b941	call	0x14006f560
reference	mandate-cancel	0x140e39910	0x140e3b94d	call	0x14007dbe0
reference	mandate-cancel	0x140e39910	0x140e3b9a5	call	0x1400e3c20
reference	mandate-cancel	0x140e39910	0x140e3b9c9	call	0x140067e30
reference	mandate-cancel	0x140e39910	0x140e3b9d6	call	0x140067e30
reference	mandate-cancel	0x140e39910	0x140e3b9e3	call	0x140065b20
reference	mandate-cancel	0x140e39910	0x140e3b9ed	call	0x140065b20
reference	mandate-cancel	0x140e39910	0x140e3b9f7	call	0x140067160
reference	mandate-cancel	0x140e39910	0x140e3b9fc	jmp	0x140e3bb4c
reference	mandate-cancel	0x140e39910	0x140e3ba1f	jne	0x140e3bb4c
reference	mandate-cancel	0x140e39910	0x140e3ba2c	call	0x140e64380
reference	mandate-cancel	0x140e39910	0x140e3ba38	jne	0x140e3bb4c
reference	mandate-cancel	0x140e39910	0x140e3ba47	je	0x140e3ba6c
reference	mandate-cancel	0x140e39910	0x140e3ba66	jl	0x140e3bb4c
reference	mandate-cancel	0x140e39910	0x140e3ba7a	call	0x140068150
reference	mandate-cancel	0x140e39910	0x140e3ba87	call	0x14006ee50
reference	mandate-cancel	0x140e39910	0x140e3ba9d	je	0x140e3baa6
reference	mandate-cancel	0x140e39910	0x140e3baa6	call	0x14006f560
reference	mandate-cancel	0x140e39910	0x140e3bab2	call	0x14006ee50
reference	mandate-cancel	0x140e39910	0x140e3bac8	je	0x140e3bad1
reference	mandate-cancel	0x140e39910	0x140e3bad1	call	0x14006f560
reference	mandate-cancel	0x140e39910	0x140e3bae4	call	0x14006f560
reference	mandate-cancel	0x140e39910	0x140e3baf0	call	0x14007dbe0
reference	mandate-cancel	0x140e39910	0x140e3bb23	call	0x1400e3c20
reference	mandate-cancel	0x140e39910	0x140e3bb47	call	0x140067e30
reference	mandate-cancel	0x140e39910	0x140e3bb53	jne	0x140e3bb5f
reference	mandate-cancel	0x140e39910	0x140e3bb55	call	0x140e5eff0
reference	mandate-cancel	0x140e39910	0x140e3bb5a	call	0x140e5f480
reference	mandate-cancel	0x140e39910	0x140e3bb66	call	0x1407c8660
reference	mandate-cancel	0x140e39910	0x140e3bb72	js	0x140e3c179
reference	mandate-cancel	0x140e39910	0x140e3bb8a	call	0x1407c8650
reference	mandate-cancel	0x140e39910	0x140e3bb9c	jne	0x140e3c16c
reference	mandate-cancel	0x140e39910	0x140e3bbac	call	0x1407c8650
reference	mandate-cancel	0x140e39910	0x140e3bbbe	jg	0x140e3c16c
reference	mandate-cancel	0x140e39910	0x140e3bbce	call	0x1407c8650
reference	mandate-cancel	0x140e39910	0x140e3bbdd	ja	0x140e3c141
reference	mandate-cancel	0x140e39910	0x140e3bbf4	jmp	rcx
reference	mandate-cancel	0x140e39910	0x140e3bc04	call	0x1408d95a0
reference	mandate-cancel	0x140e39910	0x140e3bc19	call	0x14006ee50
reference	mandate-cancel	0x140e39910	0x140e3bc21	je	0x140e3bc7a
reference	mandate-cancel	0x140e39910	0x140e3bc3a	call	0x1407c8650
reference	mandate-cancel	0x140e39910	0x140e3bc53	call	0x14006f220
reference	mandate-cancel	0x140e39910	0x140e3bc5e	je	0x140e3c141
reference	mandate-cancel	0x140e39910	0x140e3bc70	call	0x14006ee50
reference	mandate-cancel	0x140e39910	0x140e3bc78	jb	0x140e3bc30
reference	mandate-cancel	0x140e39910	0x140e3bc7e	jne	0x140e3c141
reference	mandate-cancel	0x140e39910	0x140e3bc8e	call	0x1407c8650
reference	mandate-cancel	0x140e39910	0x140e3bc96	call	0x140e41870
reference	mandate-cancel	0x140e39910	0x140e3bc9b	jmp	0x140e3c141
reference	mandate-cancel	0x140e39910	0x140e3bcae	call	0x1408d95a0
reference	mandate-cancel	0x140e39910	0x140e3bcc3	call	0x14006ee50
reference	mandate-cancel	0x140e39910	0x140e3bccb	je	0x140e3bd1a
reference	mandate-cancel	0x140e39910	0x140e3bcda	call	0x1407c8650
reference	mandate-cancel	0x140e39910	0x140e3bcf3	call	0x14006f220
reference	mandate-cancel	0x140e39910	0x140e3bcfe	je	0x140e3c141
reference	mandate-cancel	0x140e39910	0x140e3bd10	call	0x14006ee50
reference	mandate-cancel	0x140e39910	0x140e3bd18	jb	0x140e3bcd0
reference	mandate-cancel	0x140e39910	0x140e3bd1e	jne	0x140e3c141
reference	mandate-cancel	0x140e39910	0x140e3bd2e	call	0x1407c8650
reference	mandate-cancel	0x140e39910	0x140e3bd36	call	0x140e42d20
reference	mandate-cancel	0x140e39910	0x140e3bd3b	jmp	0x140e3c141
reference	mandate-cancel	0x140e39910	0x140e3bd4e	call	0x1408d95a0
reference	mandate-cancel	0x140e39910	0x140e3bd60	jne	0x140e3bd74
reference	mandate-cancel	0x140e39910	0x140e3bd62	call	0x1407c8650
reference	mandate-cancel	0x140e39910	0x140e3bd6a	call	0x140e46c20
reference	mandate-cancel	0x140e39910	0x140e3bd6f	jmp	0x140e3c141
reference	mandate-cancel	0x140e39910	0x140e3bd74	call	0x1407c8650
reference	mandate-cancel	0x140e39910	0x140e3bd88	jge	0x140e3bd91
reference	mandate-cancel	0x140e39910	0x140e3bd9b	call	0x1407c8650
reference	mandate-cancel	0x140e39910	0x140e3bda6	jmp	0x140e3c16c
reference	mandate-cancel	0x140e39910	0x140e3bdb9	call	0x1408d95a0
reference	mandate-cancel	0x140e39910	0x140e3bdcb	jne	0x140e3bd74
reference	mandate-cancel	0x140e39910	0x140e3bdcd	call	0x1407c8650
reference	mandate-cancel	0x140e39910	0x140e3bdd5	call	0x140e4b750
reference	mandate-cancel	0x140e39910	0x140e3bdda	jmp	0x140e3c141
reference	mandate-cancel	0x140e39910	0x140e3bde9	call	0x1407c8650
reference	mandate-cancel	0x140e39910	0x140e3bdf4	call	0x140e51490
reference	mandate-cancel	0x140e39910	0x140e3bdfb	je	0x140e3c141
reference	mandate-cancel	0x140e39910	0x140e3be0b	call	0x1407c8650
reference	mandate-cancel	0x140e39910	0x140e3be23	jl	0x140e3c16c
reference	mandate-cancel	0x140e39910	0x140e3be33	jmp	0x140e3bd74
reference	mandate-cancel	0x140e39910	0x140e3be42	call	0x1407c8650
reference	mandate-cancel	0x140e39910	0x140e3be4d	call	0x140e506a0
reference	mandate-cancel	0x140e39910	0x140e3be52	jmp	0x140e3c141
reference	mandate-cancel	0x140e39910	0x140e3be6b	jl	0x140e3be90
reference	mandate-cancel	0x140e39910	0x140e3be6d	call	0x1407c8650
reference	mandate-cancel	0x140e39910	0x140e3be86	call	0x140aa0790
reference	mandate-cancel	0x140e39910	0x140e3be8b	jmp	0x140e3c141
reference	mandate-cancel	0x140e39910	0x140e3be90	call	0x1407c8650
reference	mandate-cancel	0x140e39910	0x140e3beab	call	0x140aa0790
reference	mandate-cancel	0x140e39910	0x140e3beb0	jmp	0x140e3c141
reference	mandate-cancel	0x140e39910	0x140e3bec9	jl	0x140e3beee
reference	mandate-cancel	0x140e39910	0x140e3becb	call	0x1407c8650
reference	mandate-cancel	0x140e39910	0x140e3bee4	call	0x140aa0790
reference	mandate-cancel	0x140e39910	0x140e3bee9	jmp	0x140e3c141
reference	mandate-cancel	0x140e39910	0x140e3beee	call	0x1407c8650
reference	mandate-cancel	0x140e39910	0x140e3bf07	call	0x140aa0790
reference	mandate-cancel	0x140e39910	0x140e3bf0c	jmp	0x140e3c141
reference	mandate-cancel	0x140e39910	0x140e3bf1b	call	0x1407c8650
reference	mandate-cancel	0x140e39910	0x140e3bf34	call	0x140aa0790
reference	mandate-cancel	0x140e39910	0x140e3bf39	jmp	0x140e3c141
reference	mandate-cancel	0x140e39910	0x140e3bf48	call	0x1407c8650
reference	mandate-cancel	0x140e39910	0x140e3bf55	je	0x140e3c141
reference	mandate-cancel	0x140e39910	0x140e3bf68	call	0x14007daf0
reference	mandate-cancel	0x140e39910	0x140e3bf7a	call	0x1407c8650
reference	mandate-cancel	0x140e39910	0x140e3bf8c	jne	0x140e3c114
reference	mandate-cancel	0x140e39910	0x140e3bf97	je	0x140e3c0f4
reference	mandate-cancel	0x140e39910	0x140e3bfa7	call	0x1400ffa90
reference	mandate-cancel	0x140e39910	0x140e3bfb6	call	0x140997980
reference	mandate-cancel	0x140e39910	0x140e3bfc8	jbe	0x140e3c0eb
reference	mandate-cancel	0x140e39910	0x140e3bfde	call	0x140071f90
reference	mandate-cancel	0x140e39910	0x140e3bfe5	jne	0x140e3c009
reference	mandate-cancel	0x140e39910	0x140e3bff7	call	0x140071f90
reference	mandate-cancel	0x140e39910	0x140e3c019	call	0x140071f90
reference	mandate-cancel	0x140e39910	0x140e3c020	jne	0x140e3c044
reference	mandate-cancel	0x140e39910	0x140e3c032	call	0x140071f90
reference	mandate-cancel	0x140e39910	0x140e3c054	call	0x140071f90
reference	mandate-cancel	0x140e39910	0x140e3c05b	je	0x140e3c07f
reference	mandate-cancel	0x140e39910	0x140e3c06d	call	0x140071f90
reference	mandate-cancel	0x140e39910	0x140e3c08f	call	0x140071f90
reference	mandate-cancel	0x140e39910	0x140e3c096	je	0x140e3c0ba
reference	mandate-cancel	0x140e39910	0x140e3c0a8	call	0x140071f90
reference	mandate-cancel	0x140e39910	0x140e3c0ca	call	0x140071f90
reference	mandate-cancel	0x140e39910	0x140e3c0e9	je	0x140e3c126
reference	mandate-cancel	0x140e39910	0x140e3c0ee	je	0x140e3c126
reference	mandate-cancel	0x140e39910	0x140e3c0f2	jne	0x140e3c126
reference	mandate-cancel	0x140e39910	0x140e3c0f7	call	0x1409360d0
reference	mandate-cancel	0x140e39910	0x140e3c0ff	call	0x1409159a0
reference	mandate-cancel	0x140e39910	0x140e3c106	je	0x140e3c141
reference	mandate-cancel	0x140e39910	0x140e3c10b	call	0x140915c30
reference	mandate-cancel	0x140e39910	0x140e3c112	jmp	0x140e3c124
reference	mandate-cancel	0x140e39910	0x140e3c118	jne	0x140e3c141
reference	mandate-cancel	0x140e39910	0x140e3c124	je	0x140e3c141
reference	mandate-cancel	0x140e39910	0x140e3c130	call	0x1407c8650
reference	mandate-cancel	0x140e39910	0x140e3c13c	call	0x140915f10
reference	mandate-cancel	0x140e39910	0x140e3c14b	call	0x1407c8650
reference	mandate-cancel	0x140e39910	0x140e3c158	call	0x141539680
reference	mandate-cancel	0x140e39910	0x140e3c167	call	0x1409e43c0
reference	mandate-cancel	0x140e39910	0x140e3c173	jns	0x140e3bb80
reference	mandate-cancel	0x140e39910	0x140e3c186	jne	0x140e3c191
reference	mandate-cancel	0x140e39910	0x140e3c18f	je	0x140e3c19a
reference	mandate-cancel	0x140e39910	0x140e3c198	je	0x140e3c1b9
reference	mandate-cancel	0x140e39910	0x140e3c1a4	je	0x140e3c1ab
reference	mandate-cancel	0x140e39910	0x140e3c1a6	call	0x140999aa0
reference	mandate-cancel	0x140e39910	0x140e3c1b4	call	0x140e646f0
reference	mandate-cancel	0x140e39910	0x140e3c1d8	jne	0x140e3c3e8
reference	mandate-cancel	0x140e39910	0x140e3c1fe	call	0x14006ee50
reference	mandate-cancel	0x140e39910	0x140e3c206	je	0x140e3c370
reference	mandate-cancel	0x140e39910	0x140e3c22a	call	0x14006f220
reference	mandate-cancel	0x140e39910	0x140e3c239	jne	0x140e3c34d
reference	mandate-cancel	0x140e39910	0x140e3c249	call	0x14006f220
reference	mandate-cancel	0x140e39910	0x140e3c258	jne	0x140e3c34d
reference	mandate-cancel	0x140e39910	0x140e3c268	call	0x14006f220
reference	mandate-cancel	0x140e39910	0x140e3c27a	jne	0x140e3c34d
reference	mandate-cancel	0x140e39910	0x140e3c28a	call	0x14006f220
reference	mandate-cancel	0x140e39910	0x140e3c292	call	0x14138eb00
reference	mandate-cancel	0x140e39910	0x140e3c299	je	0x140e3c34d
reference	mandate-cancel	0x140e39910	0x140e3c2a9	call	0x14006f220
reference	mandate-cancel	0x140e39910	0x140e3c2b9	jne	0x140e3c34d
reference	mandate-cancel	0x140e39910	0x140e3c2c9	call	0x14006f220
reference	mandate-cancel	0x140e39910	0x140e3c2d8	jne	0x140e3c34d
reference	mandate-cancel	0x140e39910	0x140e3c2e4	call	0x14006f220
reference	mandate-cancel	0x140e39910	0x140e3c2f3	jne	0x140e3c2ff
reference	mandate-cancel	0x140e39910	0x140e3c2fd	jmp	0x140e3c34d
reference	mandate-cancel	0x140e39910	0x140e3c310	call	0x14006f220
reference	mandate-cancel	0x140e39910	0x140e3c326	call	0x14006f220
reference	mandate-cancel	0x140e39910	0x140e3c339	js	0x140e3c34d
reference	mandate-cancel	0x140e39910	0x140e3c33e	jge	0x140e3c34d
reference	mandate-cancel	0x140e39910	0x140e3c35a	call	0x14006ee50
reference	mandate-cancel	0x140e39910	0x140e3c362	jb	0x140e3c220
reference	mandate-cancel	0x140e39910	0x140e3c3a2	jge	0x140e3c3bb
reference	mandate-cancel	0x140e39910	0x140e3c3b6	call	0x140aa0790
reference	mandate-cancel	0x140e39910	0x140e3c3c4	jge	0x140e3c3db
reference	mandate-cancel	0x140e39910	0x140e3c3d6	call	0x140aa0790
reference	mandate-cancel	0x140e39910	0x140e3c3e6	jl	0x140e3c3c2
reference	mandate-cancel	0x140e39910	0x140e3c3ef	call	0x14006ee50
reference	mandate-cancel	0x140e39910	0x140e3c3ff	js	0x140e3c61d
reference	mandate-cancel	0x140e39910	0x140e3c43f	jle	0x140e3c60d
reference	mandate-cancel	0x140e39910	0x140e3c44f	call	0x14006f220
reference	mandate-cancel	0x140e39910	0x140e3c45b	je	0x140e3c7a6
reference	mandate-cancel	0x140e39910	0x140e3c46b	call	0x14006f220
reference	mandate-cancel	0x140e39910	0x140e3c478	je	0x140e3c497
reference	mandate-cancel	0x140e39910	0x140e3c484	call	0x14006f220
reference	mandate-cancel	0x140e39910	0x140e3c491	jne	0x140e3c51c
reference	mandate-cancel	0x140e39910	0x140e3c4a1	call	0x14006f220
reference	mandate-cancel	0x140e39910	0x140e3c4b7	call	0x14006f220
reference	mandate-cancel	0x140e39910	0x140e3c4ca	jne	0x140e3c4dd
reference	mandate-cancel	0x140e39910	0x140e3c4cc	call	0x140072510
reference	mandate-cancel	0x140e39910	0x140e3c4db	jmp	0x140e3c4ec
reference	mandate-cancel	0x140e39910	0x140e3c4dd	call	0x140072510
reference	mandate-cancel	0x140e39910	0x140e3c500	call	0x14006f220
reference	mandate-cancel	0x140e39910	0x140e3c512	call	0x1413eff80
reference	mandate-cancel	0x140e39910	0x140e3c526	call	0x14006f220
reference	mandate-cancel	0x140e39910	0x140e3c533	je	0x140e3c54e
reference	mandate-cancel	0x140e39910	0x140e3c53f	call	0x14006f220
reference	mandate-cancel	0x140e39910	0x140e3c54c	jne	0x140e3c5aa
reference	mandate-cancel	0x140e39910	0x140e3c558	call	0x14006f220
reference	mandate-cancel	0x140e39910	0x140e3c564	je	0x140e3c591
reference	mandate-cancel	0x140e39910	0x140e3c57a	call	0x14006f220
reference	mandate-cancel	0x140e39910	0x140e3c584	call	0x140e526b0
reference	mandate-cancel	0x140e39910	0x140e3c58d	jne	0x140e3c570
reference	mandate-cancel	0x140e39910	0x140e3c58f	jmp	0x140e3c5aa
reference	mandate-cancel	0x140e39910	0x140e3c59b	call	0x14006f220
reference	mandate-cancel	0x140e39910	0x140e3c5a5	call	0x140e526b0
reference	mandate-cancel	0x140e39910	0x140e3c5c2	call	0x141330c30
reference	mandate-cancel	0x140e39910	0x140e3c5db	call	0x14006fa10
reference	mandate-cancel	0x140e39910	0x140e3c5e7	jne	0x140e3c6d0
reference	mandate-cancel	0x140e39910	0x140e3c5f4	jne	0x140e3c6dd
reference	mandate-cancel	0x140e39910	0x140e3c608	call	0x140a6a7d0
reference	mandate-cancel	0x140e39910	0x140e3c617	jns	0x140e3c420
reference	mandate-cancel	0x140e39910	0x140e3c635	call	0x14006f740
reference	mandate-cancel	0x140e39910	0x140e3c653	call	0x14006f740
reference	mandate-cancel	0x140e39910	0x140e3c66e	jae	0x140e3c81b
reference	mandate-cancel	0x140e39910	0x140e3c67b	call	0x14006ee10
reference	mandate-cancel	0x140e39910	0x140e3c687	je	0x140e3c6c2
reference	mandate-cancel	0x140e39910	0x140e3c690	call	0x14006ee10
reference	mandate-cancel	0x140e39910	0x140e3c6a2	call	0x140072570
reference	mandate-cancel	0x140e39910	0x140e3c6aa	jne	0x140e3c6c2
reference	mandate-cancel	0x140e39910	0x140e3c6b3	call	0x14006ee10
reference	mandate-cancel	0x140e39910	0x140e3c6c9	call	0x14006ee00
reference	mandate-cancel	0x140e39910	0x140e3c6ce	jmp	0x140e3c660
reference	mandate-cancel	0x140e39910	0x140e3c6d7	je	0x140e3c5fa
reference	mandate-cancel	0x140e39910	0x140e3c6e4	call	0x14007dbe0
reference	mandate-cancel	0x140e39910	0x140e3c70c	call	0x14006f220
reference	mandate-cancel	0x140e39910	0x140e3c72f	call	0x14006f220
reference	mandate-cancel	0x140e39910	0x140e3c752	call	0x14006f220
reference	mandate-cancel	0x140e39910	0x140e3c775	call	0x14006f220
reference	mandate-cancel	0x140e39910	0x140e3c79c	call	0x1400e3c20
reference	mandate-cancel	0x140e39910	0x140e3c7a1	jmp	0x140e3c5fa
reference	mandate-cancel	0x140e39910	0x140e3c7b4	call	0x14006f560
reference	mandate-cancel	0x140e39910	0x140e3c7ca	call	0x14007de30
reference	mandate-cancel	0x140e39910	0x140e3c7d1	je	0x140e3c5ff
reference	mandate-cancel	0x140e39910	0x140e3c7de	call	0x14007dbe0
reference	mandate-cancel	0x140e39910	0x140e3c811	call	0x1400e3c20
reference	mandate-cancel	0x140e39910	0x140e3c816	jmp	0x140e3c5ff
reference	mandate-cancel	0x140e39910	0x140e3c822	call	0x140283640
reference	mandate-cancel	0x140e39910	0x140e3c83a	call	0x14006f240
reference	mandate-cancel	0x140e39910	0x140e3c854	call	0x14006f230
reference	mandate-cancel	0x140e39910	0x140e3c86b	jae	0x140e3caa6
reference	mandate-cancel	0x140e39910	0x140e3c875	call	0x14006ee10
reference	mandate-cancel	0x140e39910	0x140e3c883	call	0x140075500
reference	mandate-cancel	0x140e39910	0x140e3c88e	je	0x140e3ca98
reference	mandate-cancel	0x140e39910	0x140e3c89e	call	0x140283700
reference	mandate-cancel	0x140e39910	0x140e3c8ae	je	0x140e3c8d6
reference	mandate-cancel	0x140e39910	0x140e3c8b7	call	0x140072570
reference	mandate-cancel	0x140e39910	0x140e3c8bf	jne	0x140e3c8d6
reference	mandate-cancel	0x140e39910	0x140e3c8c6	call	0x1400ff870
reference	mandate-cancel	0x140e39910	0x140e3c8e2	call	0x14006ee50
reference	mandate-cancel	0x140e39910	0x140e3c8ee	js	0x140e3c977
reference	mandate-cancel	0x140e39910	0x140e3c91b	je	0x140e3c937
reference	mandate-cancel	0x140e39910	0x140e3c922	call	QWORD PTR [r8+0x28]
reference	mandate-cancel	0x140e39910	0x140e3c930	call	0x1400b99a0
reference	mandate-cancel	0x140e39910	0x140e3c935	jmp	0x140e3c96a
reference	mandate-cancel	0x140e39910	0x140e3c937	call	QWORD PTR [r8+0x50]
reference	mandate-cancel	0x140e39910	0x140e3c93d	je	0x140e3c95e
reference	mandate-cancel	0x140e39910	0x140e3c94a	call	QWORD PTR [rax+0x28]
reference	mandate-cancel	0x140e39910	0x140e3c957	call	0x1400b99a0
reference	mandate-cancel	0x140e39910	0x140e3c95c	jmp	0x140e3c96a
reference	mandate-cancel	0x140e39910	0x140e3c961	jne	0x140e3c96a
reference	mandate-cancel	0x140e39910	0x140e3c975	jns	0x140e3c900
reference	mandate-cancel	0x140e39910	0x140e3c981	je	0x140e3c9b2
reference	mandate-cancel	0x140e39910	0x140e3c985	je	0x140e3c9b2
reference	mandate-cancel	0x140e39910	0x140e3c98e	call	0x140072570
reference	mandate-cancel	0x140e39910	0x140e3c996	je	0x140e3c9b2
reference	mandate-cancel	0x140e39910	0x140e3c9a2	call	0x1400ba150
reference	mandate-cancel	0x140e39910	0x140e3c9c5	call	0x14006f740
reference	mandate-cancel	0x140e39910	0x140e3c9df	call	0x14006f740
reference	mandate-cancel	0x140e39910	0x140e3c9f7	jae	0x140e3ca8e
reference	mandate-cancel	0x140e39910	0x140e3ca02	call	0x14006ee10
reference	mandate-cancel	0x140e39910	0x140e3ca0e	call	0x14006ee50
reference	mandate-cancel	0x140e39910	0x140e3ca19	js	0x140e3ca7b
reference	mandate-cancel	0x140e39910	0x140e3ca46	call	QWORD PTR [rax+0x50]
reference	mandate-cancel	0x140e39910	0x140e3ca4b	je	0x140e3ca6f
reference	mandate-cancel	0x140e39910	0x140e3ca58	call	QWORD PTR [rax+0x28]
reference	mandate-cancel	0x140e39910	0x140e3ca6a	call	0x1400b99a0
reference	mandate-cancel	0x140e39910	0x140e3ca79	jns	0x140e3ca30
reference	mandate-cancel	0x140e39910	0x140e3ca89	jmp	0x140e3c9f0
reference	mandate-cancel	0x140e39910	0x140e3ca93	call	0x1402837d0
reference	mandate-cancel	0x140e39910	0x140e3ca9c	call	0x14006f350
reference	mandate-cancel	0x140e39910	0x140e3caa1	jmp	0x140e3c860
reference	mandate-cancel	0x140e39910	0x140e3caab	call	0x1402837d0
reference	mandate-cancel	0x140e39910	0x140e3cab7	call	0x140283640
reference	mandate-cancel	0x140e39910	0x140e3cb25	jne	0x140e3cbc6
reference	mandate-cancel	0x140e39910	0x140e3cb4a	je	0x140e3cbc6
reference	mandate-cancel	0x140e39910	0x140e3cb61	call	0x140075500
reference	mandate-cancel	0x140e39910	0x140e3cb6c	je	0x140e3cb98
reference	mandate-cancel	0x140e39910	0x140e3cb78	call	0x140283700
reference	mandate-cancel	0x140e39910	0x140e3cb88	call	0x1410f10e0
reference	mandate-cancel	0x140e39910	0x140e3cb93	call	0x1402837d0
reference	mandate-cancel	0x140e39910	0x140e3cbbd	jb	0x140e3cb50
reference	mandate-cancel	0x140e39910	0x140e3cbcf	jne	0x140e3cbdd
reference	mandate-cancel	0x140e39910	0x140e3cbfc	je	0x140e3cc03
reference	mandate-cancel	0x140e39910	0x140e3cc01	jne	0x140e3cc3e
reference	mandate-cancel	0x140e39910	0x140e3cc07	jae	0x140e3cc15
reference	mandate-cancel	0x140e39910	0x140e3cc10	call	0x140e6c780
reference	mandate-cancel	0x140e39910	0x140e3cc20	call	0x140e6d4c0
reference	mandate-cancel	0x140e39910	0x140e3cc2c	call	0x140e6b2a0
reference	mandate-cancel	0x140e39910	0x140e3cc38	call	0x140e6c220
reference	mandate-cancel	0x140e39910	0x140e3cc43	call	0x1402837d0
reference	mandate-cancel	0x140e39910	0x140e3cc60	je	0x140e3cd9c
reference	mandate-cancel	0x140e39910	0x140e3cc7a	call	0x14006f220
reference	mandate-cancel	0x140e39910	0x140e3cc89	jne	0x140e3cd7c
reference	mandate-cancel	0x140e39910	0x140e3cc99	call	0x14006f220
reference	mandate-cancel	0x140e39910	0x140e3cca1	call	0x14138ed20
reference	mandate-cancel	0x140e39910	0x140e3cca8	je	0x140e3cd7c
reference	mandate-cancel	0x140e39910	0x140e3ccb8	call	0x14006f220
reference	mandate-cancel	0x140e39910	0x140e3ccc0	call	0x14134be40
reference	mandate-cancel	0x140e39910	0x140e3ccc7	jg	0x140e3cce8
reference	mandate-cancel	0x140e39910	0x140e3ccd3	call	0x14006f220
reference	mandate-cancel	0x140e39910	0x140e3ccdb	call	0x14134bf80
reference	mandate-cancel	0x140e39910	0x140e3cce2	jle	0x140e3cd7c
reference	mandate-cancel	0x140e39910	0x140e3ccf2	call	0x14006f220
reference	mandate-cancel	0x140e39910	0x140e3cd01	jle	0x140e3cd1b
reference	mandate-cancel	0x140e39910	0x140e3cd0d	call	0x14006f220
reference	mandate-cancel	0x140e39910	0x140e3cd25	call	0x14006f220
reference	mandate-cancel	0x140e39910	0x140e3cd34	jle	0x140e3cd4e
reference	mandate-cancel	0x140e39910	0x140e3cd40	call	0x14006f220
reference	mandate-cancel	0x140e39910	0x140e3cd58	call	0x14006f220
reference	mandate-cancel	0x140e39910	0x140e3cd60	call	0x14134ac10
reference	mandate-cancel	0x140e39910	0x140e3cd6f	call	0x14006f220
reference	mandate-cancel	0x140e39910	0x140e3cd77	call	0x14134de20
reference	mandate-cancel	0x140e39910	0x140e3cd96	jb	0x140e3cc70
reference	mandate-cancel	0x140e39910	0x140e3cdbe	jne	0x140e3cf1b
reference	mandate-cancel	0x140e39910	0x140e3cdcb	je	0x140e3cf1b
reference	mandate-cancel	0x140e39910	0x140e3cddf	call	0x14006ee50
reference	mandate-cancel	0x140e39910	0x140e3cde7	je	0x140e3cf1b
reference	mandate-cancel	0x140e39910	0x140e3cdfb	call	0x14006ee50
reference	mandate-cancel	0x140e39910	0x140e3ce03	call	0x140071f30
reference	mandate-cancel	0x140e39910	0x140e3ce12	call	0x14006f220
reference	mandate-cancel	0x140e39910	0x140e3ce24	call	0x140067dc0
reference	mandate-cancel	0x140e39910	0x140e3ce2c	je	0x140e3cf1b
reference	mandate-cancel	0x140e39910	0x140e3ce3f	call	0x140073b70
reference	mandate-cancel	0x140e39910	0x140e3ce4a	je	0x140e3cf1b
reference	mandate-cancel	0x140e39910	0x140e3ce91	call	0x140073200
reference	mandate-cancel	0x140e39910	0x140e3cef5	call	0x14014d940
reference	mandate-cancel	0x140e39910	0x140e3cf05	call	0x14138ed20
reference	mandate-cancel	0x140e39910	0x140e3cf0c	je	0x140e3cf1b
reference	mandate-cancel	0x140e39910	0x140e3cf11	je	0x140e3cf1b
reference	mandate-cancel	0x140e39910	0x140e3cf16	call	0x140c8e3a0
reference	mandate-cancel	0x140e39910	0x140e3cf22	jne	0x140e3d027
reference	mandate-cancel	0x140e39910	0x140e3cf36	call	0x14006ee50
reference	mandate-cancel	0x140e39910	0x140e3cf3e	je	0x140e3d027
reference	mandate-cancel	0x140e39910	0x140e3cf52	call	0x14006ee50
reference	mandate-cancel	0x140e39910	0x140e3cf5a	call	0x140071f30
reference	mandate-cancel	0x140e39910	0x140e3cf69	call	0x14006f220
reference	mandate-cancel	0x140e39910	0x140e3cf7b	call	0x140067dc0
reference	mandate-cancel	0x140e39910	0x140e3cf83	je	0x140e3d027
reference	mandate-cancel	0x140e39910	0x140e3cf96	call	0x140073b70
reference	mandate-cancel	0x140e39910	0x140e3cfa7	je	0x140e3d02d
reference	mandate-cancel	0x140e39910	0x140e3cfff	call	0x140073200
reference	mandate-cancel	0x140e39910	0x140e3d00f	call	0x14138ed20
reference	mandate-cancel	0x140e39910	0x140e3d016	je	0x140e3d02d
reference	mandate-cancel	0x140e39910	0x140e3d01b	je	0x140e3d02d
reference	mandate-cancel	0x140e39910	0x140e3d020	call	0x141370000
reference	mandate-cancel	0x140e39910	0x140e3d025	jmp	0x140e3d02d
reference	mandate-cancel	0x140e39910	0x140e3d04f	jne	0x140e3d092
reference	mandate-cancel	0x140e39910	0x140e3d05f	call	0x14006ee50
reference	mandate-cancel	0x140e39910	0x140e3d067	je	0x140e3d092
reference	mandate-cancel	0x140e39910	0x140e3d073	jg	0x140e3d088
reference	mandate-cancel	0x140e39910	0x140e3d081	call	0x140abd7d0
reference	mandate-cancel	0x140e39910	0x140e3d086	jmp	0x140e3d092
reference	mandate-cancel	0x140e39910	0x140e3d0b3	jne	0x140e3d3aa
reference	mandate-cancel	0x140e39910	0x140e3d0c0	je	0x140e3d3aa
reference	mandate-cancel	0x140e39910	0x140e3d0de	je	0x140e3d3aa
reference	mandate-cancel	0x140e39910	0x140e3d0fa	call	0x14006f220
reference	mandate-cancel	0x140e39910	0x140e3d109	jne	0x140e3d38a
reference	mandate-cancel	0x140e39910	0x140e3d119	call	0x14006f220
reference	mandate-cancel	0x140e39910	0x140e3d128	jne	0x140e3d38a
reference	mandate-cancel	0x140e39910	0x140e3d138	call	0x14006f220
reference	mandate-cancel	0x140e39910	0x140e3d148	jne	0x140e3d38a
reference	mandate-cancel	0x140e39910	0x140e3d158	call	0x14006f220
reference	mandate-cancel	0x140e39910	0x140e3d160	call	0x14138ed20
reference	mandate-cancel	0x140e39910	0x140e3d167	je	0x140e3d38a
reference	mandate-cancel	0x140e39910	0x140e3d177	call	0x14006f220
reference	mandate-cancel	0x140e39910	0x140e3d186	call	0x140a804c0
reference	mandate-cancel	0x140e39910	0x140e3d18d	je	0x140e3d38a
reference	mandate-cancel	0x140e39910	0x140e3d19d	call	0x14006f220
reference	mandate-cancel	0x140e39910	0x140e3d1aa	call	0x140073230
reference	mandate-cancel	0x140e39910	0x140e3d1b1	je	0x140e3d38a
reference	mandate-cancel	0x140e39910	0x140e3d1c1	call	0x14006f220
reference	mandate-cancel	0x140e39910	0x140e3d1c9	call	0x14136e800
reference	mandate-cancel	0x140e39910	0x140e3d1d0	jne	0x140e3d38a
reference	mandate-cancel	0x140e39910	0x140e3d1e0	call	0x14006f220
reference	mandate-cancel	0x140e39910	0x140e3d1f0	je	0x140e3d347
reference	mandate-cancel	0x140e39910	0x140e3d200	call	0x14006f220
reference	mandate-cancel	0x140e39910	0x140e3d210	je	0x140e3d347
reference	mandate-cancel	0x140e39910	0x140e3d220	call	0x14006f220
reference	mandate-cancel	0x140e39910	0x140e3d230	je	0x140e3d347
reference	mandate-cancel	0x140e39910	0x140e3d240	call	0x14006f220
reference	mandate-cancel	0x140e39910	0x140e3d250	je	0x140e3d347
reference	mandate-cancel	0x140e39910	0x140e3d260	call	0x14006f220
reference	mandate-cancel	0x140e39910	0x140e3d270	je	0x140e3d347
reference	mandate-cancel	0x140e39910	0x140e3d280	call	0x14006f220
reference	mandate-cancel	0x140e39910	0x140e3d290	je	0x140e3d347
reference	mandate-cancel	0x140e39910	0x140e3d2a0	call	0x14006f220
reference	mandate-cancel	0x140e39910	0x140e3d2b0	je	0x140e3d347
reference	mandate-cancel	0x140e39910	0x140e3d2c0	call	0x14006f220
reference	mandate-cancel	0x140e39910	0x140e3d2d0	je	0x140e3d347
reference	mandate-cancel	0x140e39910	0x140e3d2dc	call	0x14006f220
reference	mandate-cancel	0x140e39910	0x140e3d2ec	je	0x140e3d347
reference	mandate-cancel	0x140e39910	0x140e3d2f8	call	0x14006f220
reference	mandate-cancel	0x140e39910	0x140e3d308	je	0x140e3d347
reference	mandate-cancel	0x140e39910	0x140e3d314	call	0x14006f220
reference	mandate-cancel	0x140e39910	0x140e3d32d	je	0x140e3d33b
reference	mandate-cancel	0x140e39910	0x140e3d32f	call	0x14006f220
reference	mandate-cancel	0x140e39910	0x140e3d339	jmp	0x140e3d382
reference	mandate-cancel	0x140e39910	0x140e3d33b	call	0x14006f220
reference	mandate-cancel	0x140e39910	0x140e3d345	jmp	0x140e3d382
reference	mandate-cancel	0x140e39910	0x140e3d351	call	0x14006f220
reference	mandate-cancel	0x140e39910	0x140e3d36a	je	0x140e3d378
reference	mandate-cancel	0x140e39910	0x140e3d36c	call	0x14006f220
reference	mandate-cancel	0x140e39910	0x140e3d376	jmp	0x140e3d382
reference	mandate-cancel	0x140e39910	0x140e3d378	call	0x14006f220
reference	mandate-cancel	0x140e39910	0x140e3d385	call	0x14136b890
reference	mandate-cancel	0x140e39910	0x140e3d3a4	jb	0x140e3d0f0
reference	mandate-cancel	0x140e39910	0x140e3d3b1	je	0x140e3d3de
reference	mandate-cancel	0x140e39910	0x140e3d3d2	jne	0x140e3d3d9
reference	mandate-cancel	0x140e39910	0x140e3d3d4	call	0x1402b9040
reference	mandate-cancel	0x140e39910	0x140e3d3d9	call	0x1402b97b0
reference	mandate-cancel	0x140e39910	0x140e3d3e5	je	0x140e3d40e
reference	mandate-cancel	0x140e39910	0x140e3d3f5	call	0x14006ee50
reference	mandate-cancel	0x140e39910	0x140e3d3fd	je	0x140e3d40e
reference	mandate-cancel	0x140e39910	0x140e3d407	jne	0x140e3d40e
reference	mandate-cancel	0x140e39910	0x140e3d409	call	0x140e40e50
reference	mandate-cancel	0x140e39910	0x140e3d426	je	0x140e3d56a
reference	mandate-cancel	0x140e39910	0x140e3d44a	call	0x14006f220
reference	mandate-cancel	0x140e39910	0x140e3d459	jne	0x140e3d54a
reference	mandate-cancel	0x140e39910	0x140e3d469	call	0x14006f220
reference	mandate-cancel	0x140e39910	0x140e3d471	call	0x14138ed20
reference	mandate-cancel	0x140e39910	0x140e3d478	je	0x140e3d54a
reference	mandate-cancel	0x140e39910	0x140e3d488	call	0x14006f220
reference	mandate-cancel	0x140e39910	0x140e3d4a8	call	0x1413b9c00
reference	mandate-cancel	0x140e39910	0x140e3d4af	je	0x140e3d54a
reference	mandate-cancel	0x140e39910	0x140e3d4d7	jne	0x140e3d54a
reference	mandate-cancel	0x140e39910	0x140e3d4e3	call	0x14006f220
reference	mandate-cancel	0x140e39910	0x140e3d4f0	call	0x1400737b0
reference	mandate-cancel	0x140e39910	0x140e3d4f8	jne	0x140e3d54a
reference	mandate-cancel	0x140e39910	0x140e3d4fa	call	0x140e52290
reference	mandate-cancel	0x140e39910	0x140e3d502	call	0x140e52370
reference	mandate-cancel	0x140e39910	0x140e3d50a	jge	0x140e3d54a
reference	mandate-cancel	0x140e39910	0x140e3d513	call	0x140072510
reference	mandate-cancel	0x140e39910	0x140e3d536	call	0x14006f220
reference	mandate-cancel	0x140e39910	0x140e3d545	call	0x1413eff80
reference	mandate-cancel	0x140e39910	0x140e3d564	jb	0x140e3d440
reference	mandate-cancel	0x140e39910	0x140e3d571	call	0x14006ee50
reference	mandate-cancel	0x140e39910	0x140e3d57c	js	0x140e3d6d9
reference	mandate-cancel	0x140e39910	0x140e3d5a3	je	0x140e3d652
reference	mandate-cancel	0x140e39910	0x140e3d5d3	jg	0x140e3d652
reference	mandate-cancel	0x140e39910	0x140e3d5df	call	0x14006f220
reference	mandate-cancel	0x140e39910	0x140e3d5f2	call	0x140e638d0
reference	mandate-cancel	0x140e39910	0x140e3d5fe	call	0x140e64380
reference	mandate-cancel	0x140e39910	0x140e3d60a	call	0x140e640d0
reference	mandate-cancel	0x140e39910	0x140e3d616	call	0x140e637a0
reference	mandate-cancel	0x140e39910	0x140e3d625	call	0x14006f220
reference	mandate-cancel	0x140e39910	0x140e3d638	call	0x140e3fdf0
reference	mandate-cancel	0x140e39910	0x140e3d644	call	0x140e532f0
reference	mandate-cancel	0x140e39910	0x140e3d64b	jne	0x140e3d652
reference	mandate-cancel	0x140e39910	0x140e3d64d	call	0x140abe7d0
reference	mandate-cancel	0x140e39910	0x140e3d665	je	0x140e3d6c9
reference	mandate-cancel	0x140e39910	0x140e3d67b	call	0x140e53370
reference	mandate-cancel	0x140e39910	0x140e3d682	je	0x140e3d6c9
reference	mandate-cancel	0x140e39910	0x140e3d68e	call	0x14006f220
reference	mandate-cancel	0x140e39910	0x140e3d699	je	0x140e3d6a5
reference	mandate-cancel	0x140e39910	0x140e3d6a0	call	0x140e407c0
reference	mandate-cancel	0x140e39910	0x140e3d6af	call	0x1400b99a0
reference	mandate-cancel	0x140e39910	0x140e3d6bb	call	0x140e532f0
reference	mandate-cancel	0x140e39910	0x140e3d6c2	jne	0x140e3d6c9
reference	mandate-cancel	0x140e39910	0x140e3d6c4	call	0x140abe7d0
reference	mandate-cancel	0x140e39910	0x140e3d6d3	jns	0x140e3d590
reference	mandate-cancel	0x140e39910	0x140e3d6eb	call	0x14006f740
reference	mandate-cancel	0x140e39910	0x140e3d702	call	0x14006f740
reference	mandate-cancel	0x140e39910	0x140e3d70f	je	0x140e3d7f3
reference	mandate-cancel	0x140e39910	0x140e3d72a	jne	0x140e3d7e1
reference	mandate-cancel	0x140e39910	0x140e3d730	call	0x1413b3090
reference	mandate-cancel	0x140e39910	0x140e3d73b	je	0x140e3d7dd
reference	mandate-cancel	0x140e39910	0x140e3d74b	je	0x140e3d7dd
reference	mandate-cancel	0x140e39910	0x140e3d758	je	0x140e3d7dd
reference	mandate-cancel	0x140e39910	0x140e3d75e	call	0x14006ee50
reference	mandate-cancel	0x140e39910	0x140e3d766	jl	0x140e3d7dd
reference	mandate-cancel	0x140e39910	0x140e3d77e	call	0x14006f220
reference	mandate-cancel	0x140e39910	0x140e3d792	jg	0x140e3d7d5
reference	mandate-cancel	0x140e39910	0x140e3d79a	jle	0x140e3d7d5
reference	mandate-cancel	0x140e39910	0x140e3d79f	jge	0x140e3d7d5
reference	mandate-cancel	0x140e39910	0x140e3d7a5	call	0x14006f370
reference	mandate-cancel	0x140e39910	0x140e3d7ad	jne	0x140e3d7d5
reference	mandate-cancel	0x140e39910	0x140e3d7b3	jge	0x140e3d7d5
reference	mandate-cancel	0x140e39910	0x140e3d7bd	call	0x140b4c760
reference	mandate-cancel	0x140e39910	0x140e3d7d0	call	0x1400b99a0
reference	mandate-cancel	0x140e39910	0x140e3d7db	jns	0x140e3d770
reference	mandate-cancel	0x140e39910	0x140e3d7ed	jne	0x140e3d720
reference	mandate-cancel	0x140e39910	0x140e3d80f	js	0x140e3fca6
reference	mandate-cancel	0x140e39910	0x140e3d83b	call	0x14006f220
reference	mandate-cancel	0x140e39910	0x140e3d853	jne	0x140e3d91c
reference	mandate-cancel	0x140e39910	0x140e3d85e	jae	0x140e3d91c
reference	mandate-cancel	0x140e39910	0x140e3d86e	je	0x140e3d89a
reference	mandate-cancel	0x140e39910	0x140e3d894	jl	0x140e3d91c
reference	mandate-cancel	0x140e39910	0x140e3d8a5	call	0x14007daf0
reference	mandate-cancel	0x140e39910	0x140e3d8ad	je	0x140e3d90d
reference	mandate-cancel	0x140e39910	0x140e3d8bf	call	0x1400b9dc0
reference	mandate-cancel	0x140e39910	0x140e3d8ca	jne	0x140e3d8fb
reference	mandate-cancel	0x140e39910	0x140e3d8d1	call	0x141539690
reference	mandate-cancel	0x140e39910	0x140e3d8e0	call	0x1408f97f0
reference	mandate-cancel	0x140e39910	0x140e3d8f6	call	0x1400ba380
reference	mandate-cancel	0x140e39910	0x140e3d903	call	0x1401095e0
reference	mandate-cancel	0x140e39910	0x140e3d91e	je	0x140e3fc8f
reference	mandate-cancel	0x140e39910	0x140e3d929	jle	0x140e3fc8f
reference	mandate-cancel	0x140e39910	0x140e3d931	je	0x140e3df99
reference	mandate-cancel	0x140e39910	0x140e3d93e	jne	0x140e3d9e2
reference	mandate-cancel	0x140e39910	0x140e3d94a	jne	0x140e3d9e2
reference	mandate-cancel	0x140e39910	0x140e3d957	call	0x14006ee50
reference	mandate-cancel	0x140e39910	0x140e3d962	js	0x140e3d9e2
reference	mandate-cancel	0x140e39910	0x140e3d97a	call	0x14006f220
reference	mandate-cancel	0x140e39910	0x140e3d989	je	0x140e3d9a6
reference	mandate-cancel	0x140e39910	0x140e3d995	call	0x14006f220
reference	mandate-cancel	0x140e39910	0x140e3d9a4	je	0x140e3d9da
reference	mandate-cancel	0x140e39910	0x140e3d9b0	call	0x14006f220
reference	mandate-cancel	0x140e39910	0x140e3d9c1	jne	0x140e3d9da
reference	mandate-cancel	0x140e39910	0x140e3d9cd	call	0x14006f220
reference	mandate-cancel	0x140e39910	0x140e3d9d5	call	0x141365010
reference	mandate-cancel	0x140e39910	0x140e3d9e0	jns	0x140e3d970
reference	mandate-cancel	0x140e39910	0x140e3d9e7	jg	0x140e3da0a
reference	mandate-cancel	0x140e39910	0x140e3d9ee	je	0x140e3d9ff
reference	mandate-cancel	0x140e39910	0x140e3d9fa	call	0x140e632b0
reference	mandate-cancel	0x140e39910	0x140e3da04	jle	0x140e3fc8f
reference	mandate-cancel	0x140e39910	0x140e3da11	je	0x140e3fc8f
reference	mandate-cancel	0x140e39910	0x140e3da19	je	0x140e3da82
reference	mandate-cancel	0x140e39910	0x140e3da28	je	0x140e3da55
reference	mandate-cancel	0x140e39910	0x140e3da42	jl	0x140e3fc8f
reference	mandate-cancel	0x140e39910	0x140e3da4b	call	0x140e6e6d0
reference	mandate-cancel	0x140e39910	0x140e3da50	jmp	0x140e3fc8f
reference	mandate-cancel	0x140e39910	0x140e3da6f	jl	0x140e3fc8f
reference	mandate-cancel	0x140e39910	0x140e3da78	call	0x140e6e6d0
reference	mandate-cancel	0x140e39910	0x140e3da7d	jmp	0x140e3fc8f
reference	mandate-cancel	0x140e39910	0x140e3da90	call	0x14006ee50
reference	mandate-cancel	0x140e39910	0x140e3da9f	js	0x140e3df7d
reference	mandate-cancel	0x140e39910	0x140e3dac1	call	0x14006f220
reference	mandate-cancel	0x140e39910	0x140e3dacf	je	0x140e3df70
reference	mandate-cancel	0x140e39910	0x140e3dadc	call	0x1413cc4d0
reference	mandate-cancel	0x140e39910	0x140e3daeb	je	0x140e3df70
reference	mandate-cancel	0x140e39910	0x140e3daf8	jne	0x140e3df70
reference	mandate-cancel	0x140e39910	0x140e3db01	call	0x14138ed20
reference	mandate-cancel	0x140e39910	0x140e3db08	je	0x140e3df70
reference	mandate-cancel	0x140e39910	0x140e3db1d	call	0x14006f240
reference	mandate-cancel	0x140e39910	0x140e3db31	call	0x14006f230
reference	mandate-cancel	0x140e39910	0x140e3db49	call	0x14006ee20
reference	mandate-cancel	0x140e39910	0x140e3db53	call	0x1400657b0
reference	mandate-cancel	0x140e39910	0x140e3db5a	je	0x140e3dbac
reference	mandate-cancel	0x140e39910	0x140e3db67	call	0x14006ee10
reference	mandate-cancel	0x140e39910	0x140e3db74	je	0x140e3df70
reference	mandate-cancel	0x140e39910	0x140e3db81	call	0x14006ee00
reference	mandate-cancel	0x140e39910	0x140e3db99	call	0x14006ee20
reference	mandate-cancel	0x140e39910	0x140e3dba3	call	0x1400657b0
reference	mandate-cancel	0x140e39910	0x140e3dbaa	jne	0x140e3db60
reference	mandate-cancel	0x140e39910	0x140e3dbb7	call	0x14007daf0
reference	mandate-cancel	0x140e39910	0x140e3dbc6	je	0x140e3df7d
reference	mandate-cancel	0x140e39910	0x140e3dbd3	je	0x140e3dc17
reference	mandate-cancel	0x140e39910	0x140e3dbdc	call	0x140072570
reference	mandate-cancel	0x140e39910	0x140e3dbe7	je	0x140e3dc17
reference	mandate-cancel	0x140e39910	0x140e3dbec	call	0x140075110
reference	mandate-cancel	0x140e39910	0x140e3dbf4	jne	0x140e3dc17
reference	mandate-cancel	0x140e39910	0x140e3dc06	call	0x1400727e0
reference	mandate-cancel	0x140e39910	0x140e3dc11	jne	0x140e3df0e
reference	mandate-cancel	0x140e39910	0x140e3dc2c	call	0x14006f240
reference	mandate-cancel	0x140e39910	0x140e3dc3f	call	0x14006f230
reference	mandate-cancel	0x140e39910	0x140e3dc57	call	0x14006ee20
reference	mandate-cancel	0x140e39910	0x140e3dc61	call	0x1400657b0
reference	mandate-cancel	0x140e39910	0x140e3dc68	je	0x140e3dd51
reference	mandate-cancel	0x140e39910	0x140e3dc77	call	0x14006ee10
reference	mandate-cancel	0x140e39910	0x140e3dc83	jne	0x140e3dd12
reference	mandate-cancel	0x140e39910	0x140e3dc92	call	0x1400727e0
reference	mandate-cancel	0x140e39910	0x140e3dc9d	je	0x140e3dd12
reference	mandate-cancel	0x140e39910	0x140e3dcaa	jne	0x140e3dd12
reference	mandate-cancel	0x140e39910	0x140e3dcb3	call	0x140073150
reference	mandate-cancel	0x140e39910	0x140e3dcc6	call	0x1409de8e0
reference	mandate-cancel	0x140e39910	0x140e3dcd9	call	0x1409de930
reference	mandate-cancel	0x140e39910	0x140e3dcea	jne	0x140e3dd12
reference	mandate-cancel	0x140e39910	0x140e3dcf8	jae	0x140e3fcef
reference	mandate-cancel	0x140e39910	0x140e3dd10	jge	0x140e3dd48
reference	mandate-cancel	0x140e39910	0x140e3dd19	call	0x14006ee00
reference	mandate-cancel	0x140e39910	0x140e3dd31	call	0x14006ee20
reference	mandate-cancel	0x140e39910	0x140e3dd3b	call	0x1400657b0
reference	mandate-cancel	0x140e39910	0x140e3dd42	jne	0x140e3dc70
reference	mandate-cancel	0x140e39910	0x140e3dd4b	jne	0x140e3decb
reference	mandate-cancel	0x140e39910	0x140e3dd5c	call	0x14006f240
reference	mandate-cancel	0x140e39910	0x140e3dd6f	call	0x14006f230
reference	mandate-cancel	0x140e39910	0x140e3dd83	call	0x14006ee20
reference	mandate-cancel	0x140e39910	0x140e3dd8d	call	0x1400657b0
reference	mandate-cancel	0x140e39910	0x140e3dd94	je	0x140e3df7d
reference	mandate-cancel	0x140e39910	0x140e3ddb4	call	0x14006ee10
reference	mandate-cancel	0x140e39910	0x140e3ddc2	call	0x140cb1720
reference	mandate-cancel	0x140e39910	0x140e3ddcd	je	0x140e3de87
reference	mandate-cancel	0x140e39910	0x140e3ddde	jne	0x140e3de87
reference	mandate-cancel	0x140e39910	0x140e3dde9	call	0x1400b9dc0
reference	mandate-cancel	0x140e39910	0x140e3ddf1	jne	0x140e3de87
reference	mandate-cancel	0x140e39910	0x140e3de06	call	0x140c8baa0
reference	mandate-cancel	0x140e39910	0x140e3de13	je	0x140e3de87
reference	mandate-cancel	0x140e39910	0x140e3de26	call	0x14007dc40
reference	mandate-cancel	0x140e39910	0x140e3de2f	jb	0x140e3de87
reference	mandate-cancel	0x140e39910	0x140e3de38	jne	0x140e3de87
reference	mandate-cancel	0x140e39910	0x140e3de40	call	QWORD PTR [rax]
reference	mandate-cancel	0x140e39910	0x140e3de4b	ja	0x140e3de87
reference	mandate-cancel	0x140e39910	0x140e3de69	jmp	rcx
reference	mandate-cancel	0x140e39910	0x140e3de85	jge	0x140e3deb6
reference	mandate-cancel	0x140e39910	0x140e3de8b	call	0x14006ee00
reference	mandate-cancel	0x140e39910	0x140e3de9f	call	0x14006ee20
reference	mandate-cancel	0x140e39910	0x140e3dea9	call	0x1400657b0
reference	mandate-cancel	0x140e39910	0x140e3deb0	jne	0x140e3ddb0
reference	mandate-cancel	0x140e39910	0x140e3dec1	je	0x140e3df7d
reference	mandate-cancel	0x140e39910	0x140e3dece	call	0x140071f30
reference	mandate-cancel	0x140e39910	0x140e3dee6	je	0x140e3df04
reference	mandate-cancel	0x140e39910	0x140e3deff	call	0x1409dce20
reference	mandate-cancel	0x140e39910	0x140e3df0c	je	0x140e3df70
reference	mandate-cancel	0x140e39910	0x140e3df13	call	0x141539690
reference	mandate-cancel	0x140e39910	0x140e3df22	call	0x140e35fe0
reference	mandate-cancel	0x140e39910	0x140e3df51	call	0x1400b9980
reference	mandate-cancel	0x140e39910	0x140e3df77	jns	0x140e3dab0
reference	mandate-cancel	0x140e39910	0x140e3df86	jne	0x140e3fc8a
reference	mandate-cancel	0x140e39910	0x140e3df8f	call	0x140e6e6d0
reference	mandate-cancel	0x140e39910	0x140e3df94	jmp	0x140e3fc8a
reference	mandate-cancel	0x140e39910	0x140e3df9f	jne	0x140e3e061
reference	mandate-cancel	0x140e39910	0x140e3dfaa	jle	0x140e3e061
reference	mandate-cancel	0x140e39910	0x140e3dfbb	call	0x14006f240
reference	mandate-cancel	0x140e39910	0x140e3dfce	call	0x14006f230
reference	mandate-cancel	0x140e39910	0x140e3dfde	call	0x1400b9970
reference	mandate-cancel	0x140e39910	0x140e3dfe5	jne	0x140e3e059
reference	mandate-cancel	0x140e39910	0x140e3dfeb	call	0x14006ee10
reference	mandate-cancel	0x140e39910	0x140e3e003	je	0x140e3e03c
reference	mandate-cancel	0x140e39910	0x140e3e009	jae	0x140e3e03c
reference	mandate-cancel	0x140e39910	0x140e3e015	jne	0x140e3e03c
reference	mandate-cancel	0x140e39910	0x140e3e021	je	0x140e3e029
reference	mandate-cancel	0x140e39910	0x140e3e027	je	0x140e3e061
reference	mandate-cancel	0x140e39910	0x140e3e034	je	0x140e3e061
reference	mandate-cancel	0x140e39910	0x140e3e03a	je	0x140e3e061
reference	mandate-cancel	0x140e39910	0x140e3e040	call	0x14006ee00
reference	mandate-cancel	0x140e39910	0x140e3e050	call	0x1400b9970
reference	mandate-cancel	0x140e39910	0x140e3e057	je	0x140e3dfe7
reference	mandate-cancel	0x140e39910	0x140e3e067	jle	0x140e3e103
reference	mandate-cancel	0x140e39910	0x140e3e074	jne	0x140e3e103
reference	mandate-cancel	0x140e39910	0x140e3e081	call	0x14006ee50
reference	mandate-cancel	0x140e39910	0x140e3e08c	js	0x140e3e103
reference	mandate-cancel	0x140e39910	0x140e3e09b	call	0x14006f220
reference	mandate-cancel	0x140e39910	0x140e3e0aa	je	0x140e3e0c7
reference	mandate-cancel	0x140e39910	0x140e3e0b6	call	0x14006f220
reference	mandate-cancel	0x140e39910	0x140e3e0c5	je	0x140e3e0fb
reference	mandate-cancel	0x140e39910	0x140e3e0d1	call	0x14006f220
reference	mandate-cancel	0x140e39910	0x140e3e0e2	jne	0x140e3e0fb
reference	mandate-cancel	0x140e39910	0x140e3e0ee	call	0x14006f220
reference	mandate-cancel	0x140e39910	0x140e3e0f6	call	0x141365010
reference	mandate-cancel	0x140e39910	0x140e3e101	jns	0x140e3e091
reference	mandate-cancel	0x140e39910	0x140e3e108	jg	0x140e3e129
reference	mandate-cancel	0x140e39910	0x140e3e10f	je	0x140e3fc8f
reference	mandate-cancel	0x140e39910	0x140e3e11f	call	0x140e632b0
reference	mandate-cancel	0x140e39910	0x140e3e124	jmp	0x140e3fc8f
reference	mandate-cancel	0x140e39910	0x140e3e12e	je	0x140e3fc8f
reference	mandate-cancel	0x140e39910	0x140e3e13e	jne	0x140e3e18b
reference	mandate-cancel	0x140e39910	0x140e3e153	call	0x140e46ae0
reference	mandate-cancel	0x140e39910	0x140e3e15a	je	0x140e3e177
reference	mandate-cancel	0x140e39910	0x140e3e17c	jne	0x140e3e18b
reference	mandate-cancel	0x140e39910	0x140e3e186	jmp	0x140e3fc8f
reference	mandate-cancel	0x140e39910	0x140e3e18f	call	0x14006ee50
reference	mandate-cancel	0x140e39910	0x140e3e197	je	0x140e3e739
reference	mandate-cancel	0x140e39910	0x140e3e1bb	jns	0x140e3e1dd
reference	mandate-cancel	0x140e39910	0x140e3e1c7	je	0x140e3e1dd
reference	mandate-cancel	0x140e39910	0x140e3e1e4	je	0x140e3e203
reference	mandate-cancel	0x140e39910	0x140e3e1ef	je	0x140e3e203
reference	mandate-cancel	0x140e39910	0x140e3e207	call	0x14006ee50
reference	mandate-cancel	0x140e39910	0x140e3e216	js	0x140e3e6e8
reference	mandate-cancel	0x140e39910	0x140e3e246	call	0x14006f220
reference	mandate-cancel	0x140e39910	0x140e3e267	jns	0x140e3e280
reference	mandate-cancel	0x140e39910	0x140e3e26d	je	0x140e3e588
reference	mandate-cancel	0x140e39910	0x140e3e27a	jge	0x140e3e588
reference	mandate-cancel	0x140e39910	0x140e3e285	jae	0x140e3e2a5
reference	mandate-cancel	0x140e39910	0x140e3e28c	jne	0x140e3e2a5
reference	mandate-cancel	0x140e39910	0x140e3e292	je	0x140e3e588
reference	mandate-cancel	0x140e39910	0x140e3e29f	jge	0x140e3e588
reference	mandate-cancel	0x140e39910	0x140e3e2ac	je	0x140e3e2c3
reference	mandate-cancel	0x140e39910	0x140e3e2b5	call	0x140067d50
reference	mandate-cancel	0x140e39910	0x140e3e2bd	je	0x140e3e588
reference	mandate-cancel	0x140e39910	0x140e3e2e5	jl	0x140e3e47d
reference	mandate-cancel	0x140e39910	0x140e3e2ef	call	0x14006f450
reference	mandate-cancel	0x140e39910	0x140e3e2f9	jle	0x140e3e588
reference	mandate-cancel	0x140e39910	0x140e3e30d	call	0x14006f240
reference	mandate-cancel	0x140e39910	0x140e3e320	call	0x14006f230
reference	mandate-cancel	0x140e39910	0x140e3e330	call	0x1400b9970
reference	mandate-cancel	0x140e39910	0x140e3e337	jne	0x140e3e477
reference	mandate-cancel	0x140e39910	0x140e3e344	call	0x14006ee10
reference	mandate-cancel	0x140e39910	0x140e3e357	jne	0x140e3e417
reference	mandate-cancel	0x140e39910	0x140e3e36b	jne	0x140e3e417
reference	mandate-cancel	0x140e39910	0x140e3e37b	jne	0x140e3e417
reference	mandate-cancel	0x140e39910	0x140e3e384	call	0x1413668e0
reference	mandate-cancel	0x140e39910	0x140e3e3a5	call	0x14006f440
reference	mandate-cancel	0x140e39910	0x140e3e3b4	call	0x14006f440
reference	mandate-cancel	0x140e39910	0x140e3e3c3	call	0x14006f440
reference	mandate-cancel	0x140e39910	0x140e3e3f9	call	0x14144ca60
reference	mandate-cancel	0x140e39910	0x140e3e400	je	0x140e3e412
reference	mandate-cancel	0x140e39910	0x140e3e410	jmp	0x140e3e41d
reference	mandate-cancel	0x140e39910	0x140e3e421	call	0x14006ee00
reference	mandate-cancel	0x140e39910	0x140e3e431	call	0x1400b9970
reference	mandate-cancel	0x140e39910	0x140e3e438	je	0x140e3e340
reference	mandate-cancel	0x140e39910	0x140e3e441	jne	0x140e3e46f
reference	mandate-cancel	0x140e39910	0x140e3e445	je	0x140e3e477
reference	mandate-cancel	0x140e39910	0x140e3e453	je	0x140e3e462
reference	mandate-cancel	0x140e39910	0x140e3e45d	call	0x1400b9e70
reference	mandate-cancel	0x140e39910	0x140e3e46a	jmp	0x140e3e58d
reference	mandate-cancel	0x140e39910	0x140e3e471	jne	0x140e3e580
reference	mandate-cancel	0x140e39910	0x140e3e49d	jl	0x140e3e919
reference	mandate-cancel	0x140e39910	0x140e3e4c5	call	0x14006f450
reference	mandate-cancel	0x140e39910	0x140e3e4d0	jle	0x140e3e919
reference	mandate-cancel	0x140e39910	0x140e3e4ec	call	0x14006f440
reference	mandate-cancel	0x140e39910	0x140e3e4fa	call	0x14006f440
reference	mandate-cancel	0x140e39910	0x140e3e508	call	0x14006f440
reference	mandate-cancel	0x140e39910	0x140e3e522	call	0x140067f80
reference	mandate-cancel	0x140e39910	0x140e3e530	jne	0x140e3e7bd
reference	mandate-cancel	0x140e39910	0x140e3e55b	call	0x14054ba30
reference	mandate-cancel	0x140e39910	0x140e3e569	jne	0x140e3e7ae
reference	mandate-cancel	0x140e39910	0x140e3e574	jle	0x140e3e7bd
reference	mandate-cancel	0x140e39910	0x140e3e594	je	0x140e3e5e8
reference	mandate-cancel	0x140e39910	0x140e3e59d	call	0x1403d63e0
reference	mandate-cancel	0x140e39910	0x140e3e5a8	je	0x140e3e5e8
reference	mandate-cancel	0x140e39910	0x140e3e5ad	jne	0x140e3e5e8
reference	mandate-cancel	0x140e39910	0x140e3e5b6	je	0x140e3e5e8
reference	mandate-cancel	0x140e39910	0x140e3e5bb	jne	0x140e3e5e8
reference	mandate-cancel	0x140e39910	0x140e3e5c3	jne	0x140e3e5e8
reference	mandate-cancel	0x140e39910	0x140e3e5c9	jne	0x140e3e5e8
reference	mandate-cancel	0x140e39910	0x140e3e5f3	call	0x14006f240
reference	mandate-cancel	0x140e39910	0x140e3e606	call	0x14006f230
reference	mandate-cancel	0x140e39910	0x140e3e619	je	0x140e3e697
reference	mandate-cancel	0x140e39910	0x140e3e62d	jne	0x140e3e682
reference	mandate-cancel	0x140e39910	0x140e3e638	jne	0x140e3e682
reference	mandate-cancel	0x140e39910	0x140e3e665	call	0x141378860
reference	mandate-cancel	0x140e39910	0x140e3e672	call	0x1400fdcf0
reference	mandate-cancel	0x140e39910	0x140e3e68d	jne	0x140e3e620
reference	mandate-cancel	0x140e39910	0x140e3e69f	call	0x140e40830
reference	mandate-cancel	0x140e39910	0x140e3e6ab	call	0x1400b99a0
reference	mandate-cancel	0x140e39910	0x140e3e6cb	jns	0x140e3e240
reference	mandate-cancel	0x140e39910	0x140e3e6ef	jns	0x140e3e70b
reference	mandate-cancel	0x140e39910	0x140e3e70f	je	0x140e3e72b
reference	mandate-cancel	0x140e39910	0x140e3e759	call	0x14006f240
reference	mandate-cancel	0x140e39910	0x140e3e769	call	0x14006f230
reference	mandate-cancel	0x140e39910	0x140e3e77f	je	0x140e3e953
reference	mandate-cancel	0x140e39910	0x140e3e797	jne	0x140e3e937
reference	mandate-cancel	0x140e39910	0x140e3e7a1	je	0x140e3e934
reference	mandate-cancel	0x140e39910	0x140e3e7a9	jmp	0x140e3e937
reference	mandate-cancel	0x140e39910	0x140e3e7b0	jne	0x140e3e7bd
reference	mandate-cancel	0x140e39910	0x140e3e7b7	jge	0x140e3e57a
reference	mandate-cancel	0x140e39910	0x140e3e7c2	jne	0x140e3e882
reference	mandate-cancel	0x140e39910	0x140e3e7cc	call	0x140e35f90
reference	mandate-cancel	0x140e39910	0x140e3e7d3	jne	0x140e3e87f
reference	mandate-cancel	0x140e39910	0x140e3e7e2	je	0x140e3e87f
reference	mandate-cancel	0x140e39910	0x140e3e7fa	call	0x140068130
reference	mandate-cancel	0x140e39910	0x140e3e802	je	0x140e3e87f
reference	mandate-cancel	0x140e39910	0x140e3e807	je	0x140e3e87f
reference	mandate-cancel	0x140e39910	0x140e3e80c	je	0x140e3e87f
reference	mandate-cancel	0x140e39910	0x140e3e811	jne	0x140e3e882
reference	mandate-cancel	0x140e39910	0x140e3e825	call	0x1405a8550
reference	mandate-cancel	0x140e39910	0x140e3e82c	jne	0x140e3e87f
reference	mandate-cancel	0x140e39910	0x140e3e840	call	0x1405a8470
reference	mandate-cancel	0x140e39910	0x140e3e847	jne	0x140e3e87f
reference	mandate-cancel	0x140e39910	0x140e3e85b	call	0x1405a84e0
reference	mandate-cancel	0x140e39910	0x140e3e862	jne	0x140e3e87f
reference	mandate-cancel	0x140e39910	0x140e3e876	call	0x1405a8400
reference	mandate-cancel	0x140e39910	0x140e3e87d	je	0x140e3e882
reference	mandate-cancel	0x140e39910	0x140e3e887	jne	0x140e3e8bb
reference	mandate-cancel	0x140e39910	0x140e3e88d	call	0x1402c3540
reference	mandate-cancel	0x140e39910	0x140e3e894	je	0x140e3e8bb
reference	mandate-cancel	0x140e39910	0x140e3e8b2	call	0x1414adea0
reference	mandate-cancel	0x140e39910	0x140e3e8b9	je	0x140e3e8e1
reference	mandate-cancel	0x140e39910	0x140e3e8c0	jne	0x140e3e8cf
reference	mandate-cancel	0x140e39910	0x140e3e8c6	call	0x1409e5370
reference	mandate-cancel	0x140e39910	0x140e3e8cd	jne	0x140e3e8ea
reference	mandate-cancel	0x140e39910	0x140e3e8d6	jge	0x140e3e8f3
reference	mandate-cancel	0x140e39910	0x140e3e8dc	jmp	0x140e3e4db
reference	mandate-cancel	0x140e39910	0x140e3e8e8	jmp	0x140e3e8fb
reference	mandate-cancel	0x140e39910	0x140e3e8f1	jmp	0x140e3e8fb
reference	mandate-cancel	0x140e39910	0x140e3e8fe	jne	0x140e3e57a
reference	mandate-cancel	0x140e39910	0x140e3e906	jne	0x140e3e57a
reference	mandate-cancel	0x140e39910	0x140e3e90e	jne	0x140e3e57a
reference	mandate-cancel	0x140e39910	0x140e3e923	je	0x140e3e6b0
reference	mandate-cancel	0x140e39910	0x140e3e92f	jmp	0x140e3e588
reference	mandate-cancel	0x140e39910	0x140e3e945	jne	0x140e3e790
reference	mandate-cancel	0x140e39910	0x140e3e95c	je	0x140e3e98e
reference	mandate-cancel	0x140e39910	0x140e3e984	jl	0x140e3e98e
reference	mandate-cancel	0x140e39910	0x140e3e997	jne	0x140e3e9e9
reference	mandate-cancel	0x140e39910	0x140e3e9a3	je	0x140e3e9cf
reference	mandate-cancel	0x140e39910	0x140e3e9c6	jl	0x140e3e9cf
reference	mandate-cancel	0x140e39910	0x140e3e9d2	jne	0x140e3fbf1
reference	mandate-cancel	0x140e39910	0x140e3e9e2	jne	0x140e3ea02
reference	mandate-cancel	0x140e39910	0x140e3e9e4	jmp	0x140e3fbf1
reference	mandate-cancel	0x140e39910	0x140e3e9ec	jne	0x140e3ea02
reference	mandate-cancel	0x140e39910	0x140e3e9f3	jne	0x140e3fc08
reference	mandate-cancel	0x140e39910	0x140e3e9fc	jne	0x140e3fbf1
reference	mandate-cancel	0x140e39910	0x140e3ea1d	jne	0x140e3eb11
reference	mandate-cancel	0x140e39910	0x140e3ea2e	call	0x14006f240
reference	mandate-cancel	0x140e39910	0x140e3ea3e	call	0x14006f230
reference	mandate-cancel	0x140e39910	0x140e3ea4b	call	0x140072250
reference	mandate-cancel	0x140e39910	0x140e3ea58	je	0x140e3ead9
reference	mandate-cancel	0x140e39910	0x140e3ea64	call	0x14006ee10
reference	mandate-cancel	0x140e39910	0x140e3ea7b	jne	0x140e3eab9
reference	mandate-cancel	0x140e39910	0x140e3ea8b	jne	0x140e3eab9
reference	mandate-cancel	0x140e39910	0x140e3ea95	jne	0x140e3eab9
reference	mandate-cancel	0x140e39910	0x140e3eaa6	call	0x141367430
reference	mandate-cancel	0x140e39910	0x140e3eab7	jne	0x140e3eae9
reference	mandate-cancel	0x140e39910	0x140e3eabd	call	0x14006ee00
reference	mandate-cancel	0x140e39910	0x140e3eaca	call	0x140072250
reference	mandate-cancel	0x140e39910	0x140e3ead7	jne	0x140e3ea60
reference	mandate-cancel	0x140e39910	0x140e3eae4	jmp	0x140e3fbe9
reference	mandate-cancel	0x140e39910	0x140e3eafa	call	0x14010afe0
reference	mandate-cancel	0x140e39910	0x140e3eb36	call	0x140065b00
reference	mandate-cancel	0x140e39910	0x140e3eb5e	je	0x140e3ec34
reference	mandate-cancel	0x140e39910	0x140e3eb7d	call	QWORD PTR [rax+0xe8]
reference	mandate-cancel	0x140e39910	0x140e3eb85	je	0x140e3ec05
reference	mandate-cancel	0x140e39910	0x140e3eb8d	call	QWORD PTR [rax+0xd0]
reference	mandate-cancel	0x140e39910	0x140e3eb96	jne	0x140e3ec05
reference	mandate-cancel	0x140e39910	0x140e3eba2	call	0x1400b9f70
reference	mandate-cancel	0x140e39910	0x140e3ebaa	jne	0x140e3ec05
reference	mandate-cancel	0x140e39910	0x140e3ebb3	je	0x140e3ec05
reference	mandate-cancel	0x140e39910	0x140e3ebce	call	0x1409e5440
reference	mandate-cancel	0x140e39910	0x140e3ebd9	jge	0x140e3ebf6
reference	mandate-cancel	0x140e39910	0x140e3ebdf	call	0x14006f290
reference	mandate-cancel	0x140e39910	0x140e3ebec	call	0x14006f410
reference	mandate-cancel	0x140e39910	0x140e3ebf4	jmp	0x140e3ec05
reference	mandate-cancel	0x140e39910	0x140e3ebf6	jne	0x140e3ec05
reference	mandate-cancel	0x140e39910	0x140e3ec00	call	0x14006f410
reference	mandate-cancel	0x140e39910	0x140e3ec28	jb	0x140e3eb70
reference	mandate-cancel	0x140e39910	0x140e3ec43	je	0x140e3ecde
reference	mandate-cancel	0x140e39910	0x140e3ec4d	call	0x14006f370
reference	mandate-cancel	0x140e39910	0x140e3ec55	call	0x140071f30
reference	mandate-cancel	0x140e39910	0x140e3ec61	call	0x14006f360
reference	mandate-cancel	0x140e39910	0x140e3ec73	call	0x14006f220
reference	mandate-cancel	0x140e39910	0x140e3ec8e	call	0x14006f220
reference	mandate-cancel	0x140e39910	0x140e3eca9	call	0x14006f220
reference	mandate-cancel	0x140e39910	0x140e3ecc4	call	0x14006f220
reference	mandate-cancel	0x140e39910	0x140e3ecdc	jmp	0x140e3ece3
reference	mandate-cancel	0x140e39910	0x140e3ece7	call	0x14006f750
reference	mandate-cancel	0x140e39910	0x140e3ecf4	jne	0x140e3f72e
reference	mandate-cancel	0x140e39910	0x140e3ecfe	call	0x140065b00
reference	mandate-cancel	0x140e39910	0x140e3ed23	je	0x140e3ee44
reference	mandate-cancel	0x140e39910	0x140e3ed3a	call	0x14006f220
reference	mandate-cancel	0x140e39910	0x140e3ed48	call	QWORD PTR [rax+0xe8]
reference	mandate-cancel	0x140e39910	0x140e3ed50	je	0x140e3ee18
reference	mandate-cancel	0x140e39910	0x140e3ed5c	call	QWORD PTR [rax+0xd0]
reference	mandate-cancel	0x140e39910	0x140e3ed65	je	0x140e3ed7c
reference	mandate-cancel	0x140e39910	0x140e3ed6d	call	QWORD PTR [rax+0xd0]
reference	mandate-cancel	0x140e39910	0x140e3ed76	jne	0x140e3ee18
reference	mandate-cancel	0x140e39910	0x140e3ed86	call	0x1400b9f70
reference	mandate-cancel	0x140e39910	0x140e3ed8e	jne	0x140e3ee18
reference	mandate-cancel	0x140e39910	0x140e3ed9a	call	QWORD PTR [rax+0xd0]
reference	mandate-cancel	0x140e39910	0x140e3eda3	jne	0x140e3edae
reference	mandate-cancel	0x140e39910	0x140e3edac	jl	0x140e3ee18
reference	mandate-cancel	0x140e39910	0x140e3edb4	call	QWORD PTR [rax+0xd0]
reference	mandate-cancel	0x140e39910	0x140e3edbd	jne	0x140e3edc8
reference	mandate-cancel	0x140e39910	0x140e3edc6	jl	0x140e3ee18
reference	mandate-cancel	0x140e39910	0x140e3ede1	call	0x1409e5440
reference	mandate-cancel	0x140e39910	0x140e3edec	jge	0x140e3ee09
reference	mandate-cancel	0x140e39910	0x140e3edf2	call	0x14006f290
reference	mandate-cancel	0x140e39910	0x140e3edff	call	0x14006f410
reference	mandate-cancel	0x140e39910	0x140e3ee07	jmp	0x140e3ee18
reference	mandate-cancel	0x140e39910	0x140e3ee09	jne	0x140e3ee18
reference	mandate-cancel	0x140e39910	0x140e3ee13	call	0x14006f410
reference	mandate-cancel	0x140e39910	0x140e3ee38	jb	0x140e3ed30
reference	mandate-cancel	0x140e39910	0x140e3ee48	call	0x14006f370
reference	mandate-cancel	0x140e39910	0x140e3ee50	je	0x140e3eee8
reference	mandate-cancel	0x140e39910	0x140e3ee5a	call	0x14006f370
reference	mandate-cancel	0x140e39910	0x140e3ee62	call	0x140071f30
reference	mandate-cancel	0x140e39910	0x140e3ee6e	call	0x14006f360
reference	mandate-cancel	0x140e39910	0x140e3ee80	call	0x14006f220
reference	mandate-cancel	0x140e39910	0x140e3ee9b	call	0x14006f220
reference	mandate-cancel	0x140e39910	0x140e3eeb6	call	0x14006f220
reference	mandate-cancel	0x140e39910	0x140e3eed1	call	0x14006f220
reference	mandate-cancel	0x140e39910	0x140e3eee6	jmp	0x140e3eeed
reference	mandate-cancel	0x140e39910	0x140e3eef1	call	0x140065b20
reference	mandate-cancel	0x140e39910	0x140e3eefe	jne	0x140e3f72e
reference	mandate-cancel	0x140e39910	0x140e3ef08	call	0x140065b00
reference	mandate-cancel	0x140e39910	0x140e3ef2d	je	0x140e3f0d6
reference	mandate-cancel	0x140e39910	0x140e3ef58	jne	0x140e3f0a5
reference	mandate-cancel	0x140e39910	0x140e3ef65	call	0x14006f220
reference	mandate-cancel	0x140e39910	0x140e3ef77	jne	0x140e3f0a5
reference	mandate-cancel	0x140e39910	0x140e3ef88	call	0x14006f220
reference	mandate-cancel	0x140e39910	0x140e3ef90	call	0x14138ed20
reference	mandate-cancel	0x140e39910	0x140e3ef97	je	0x140e3f0a5
reference	mandate-cancel	0x140e39910	0x140e3efa8	call	0x14006f220
reference	mandate-cancel	0x140e39910	0x140e3efb0	call	0x1413765f0
reference	mandate-cancel	0x140e39910	0x140e3efb7	jne	0x140e3f0a5
reference	mandate-cancel	0x140e39910	0x140e3efc8	call	0x14006f220
reference	mandate-cancel	0x140e39910	0x140e3efd9	call	0x14138f530
reference	mandate-cancel	0x140e39910	0x140e3efe1	jne	0x140e3f00d
reference	mandate-cancel	0x140e39910	0x140e3efee	call	0x14006f220
reference	mandate-cancel	0x140e39910	0x140e3efff	call	0x14138f530
reference	mandate-cancel	0x140e39910	0x140e3f007	je	0x140e3f0a5
reference	mandate-cancel	0x140e39910	0x140e3f018	call	0x14006f220
reference	mandate-cancel	0x140e39910	0x140e3f036	call	0x14006f220
reference	mandate-cancel	0x140e39910	0x140e3f054	call	0x14006f220
reference	mandate-cancel	0x140e39910	0x140e3f06e	call	0x1409e5440
reference	mandate-cancel	0x140e39910	0x140e3f079	jge	0x140e3f096
reference	mandate-cancel	0x140e39910	0x140e3f07f	call	0x14006f290
reference	mandate-cancel	0x140e39910	0x140e3f08c	call	0x14006f410
reference	mandate-cancel	0x140e39910	0x140e3f094	jmp	0x140e3f0a5
reference	mandate-cancel	0x140e39910	0x140e3f096	jne	0x140e3f0a5
reference	mandate-cancel	0x140e39910	0x140e3f0a0	call	0x14006f410
reference	mandate-cancel	0x140e39910	0x140e3f0c5	jb	0x140e3ef40
reference	mandate-cancel	0x140e39910	0x140e3f0e8	je	0x140e3f17d
reference	mandate-cancel	0x140e39910	0x140e3f0f1	ja	0x140e3f0f7
reference	mandate-cancel	0x140e39910	0x140e3f0f5	jmp	0x140e3f133
reference	mandate-cancel	0x140e39910	0x140e3f0f7	call	0x140eb68b0
reference	mandate-cancel	0x140e39910	0x140e3f17b	jmp	0x140e3f180
reference	mandate-cancel	0x140e39910	0x140e3f184	call	0x14006f750
reference	mandate-cancel	0x140e39910	0x140e3f191	jne	0x140e3f72b
reference	mandate-cancel	0x140e39910	0x140e3f19b	call	0x140065b00
reference	mandate-cancel	0x140e39910	0x140e3f1c0	je	0x140e3f3da
reference	mandate-cancel	0x140e39910	0x140e3f1e5	jne	0x140e3f3af
reference	mandate-cancel	0x140e39910	0x140e3f1f2	call	0x14006f220
reference	mandate-cancel	0x140e39910	0x140e3f204	jne	0x140e3f3af
reference	mandate-cancel	0x140e39910	0x140e3f215	call	0x14006f220
reference	mandate-cancel	0x140e39910	0x140e3f227	jne	0x140e3f3af
reference	mandate-cancel	0x140e39910	0x140e3f238	call	0x14006f220
reference	mandate-cancel	0x140e39910	0x140e3f240	call	0x14138ed20
reference	mandate-cancel	0x140e39910	0x140e3f247	je	0x140e3f3af
reference	mandate-cancel	0x140e39910	0x140e3f258	call	0x14006f220
reference	mandate-cancel	0x140e39910	0x140e3f260	call	0x1413765f0
reference	mandate-cancel	0x140e39910	0x140e3f267	jne	0x140e3f3af
reference	mandate-cancel	0x140e39910	0x140e3f278	call	0x14006f220
reference	mandate-cancel	0x140e39910	0x140e3f288	je	0x140e3f3af
reference	mandate-cancel	0x140e39910	0x140e3f299	call	0x14006f220
reference	mandate-cancel	0x140e39910	0x140e3f2b3	call	0x14006f240
reference	mandate-cancel	0x140e39910	0x140e3f2c6	call	0x14006f230
reference	mandate-cancel	0x140e39910	0x140e3f2d6	call	0x1400b9970
reference	mandate-cancel	0x140e39910	0x140e3f2dd	jne	0x140e3f3af
reference	mandate-cancel	0x140e39910	0x140e3f2e7	call	0x14006ee10
reference	mandate-cancel	0x140e39910	0x140e3f2f3	jge	0x140e3f317
reference	mandate-cancel	0x140e39910	0x140e3f2f9	call	0x14006ee00
reference	mandate-cancel	0x140e39910	0x140e3f309	call	0x1400b9970
reference	mandate-cancel	0x140e39910	0x140e3f310	je	0x140e3f2e3
reference	mandate-cancel	0x140e39910	0x140e3f312	jmp	0x140e3f3af
reference	mandate-cancel	0x140e39910	0x140e3f322	call	0x14006f220
reference	mandate-cancel	0x140e39910	0x140e3f340	call	0x14006f220
reference	mandate-cancel	0x140e39910	0x140e3f35e	call	0x14006f220
reference	mandate-cancel	0x140e39910	0x140e3f378	call	0x1409e5440
reference	mandate-cancel	0x140e39910	0x140e3f383	jge	0x140e3f3a0
reference	mandate-cancel	0x140e39910	0x140e3f389	call	0x14006f290
reference	mandate-cancel	0x140e39910	0x140e3f396	call	0x14006f410
reference	mandate-cancel	0x140e39910	0x140e3f39e	jmp	0x140e3f3af
reference	mandate-cancel	0x140e39910	0x140e3f3a0	jne	0x140e3f3af
reference	mandate-cancel	0x140e39910	0x140e3f3aa	call	0x14006f410
reference	mandate-cancel	0x140e39910	0x140e3f3cf	jb	0x140e3f1d0
reference	mandate-cancel	0x140e39910	0x140e3f3e9	je	0x140e3f48b
reference	mandate-cancel	0x140e39910	0x140e3f3f3	call	0x14006f370
reference	mandate-cancel	0x140e39910	0x140e3f3fb	call	0x140071f30
reference	mandate-cancel	0x140e39910	0x140e3f407	call	0x14006f360
reference	mandate-cancel	0x140e39910	0x140e3f419	call	0x14006f220
reference	mandate-cancel	0x140e39910	0x140e3f437	call	0x14006f220
reference	mandate-cancel	0x140e39910	0x140e3f455	call	0x14006f220
reference	mandate-cancel	0x140e39910	0x140e3f47a	call	0x14006f220
reference	mandate-cancel	0x140e39910	0x140e3f48f	call	0x14006f750
reference	mandate-cancel	0x140e39910	0x140e3f49c	jne	0x140e3f728
reference	mandate-cancel	0x140e39910	0x140e3f4a6	call	0x140065b00
reference	mandate-cancel	0x140e39910	0x140e3f4cb	je	0x140e3f648
reference	mandate-cancel	0x140e39910	0x140e3f4ea	call	0x14006f220
reference	mandate-cancel	0x140e39910	0x140e3f4f9	jne	0x140e3f61d
reference	mandate-cancel	0x140e39910	0x140e3f50a	call	0x14006f220
reference	mandate-cancel	0x140e39910	0x140e3f51c	jne	0x140e3f61d
reference	mandate-cancel	0x140e39910	0x140e3f52d	call	0x14006f220
reference	mandate-cancel	0x140e39910	0x140e3f53f	jne	0x140e3f61d
reference	mandate-cancel	0x140e39910	0x140e3f550	call	0x14006f220
reference	mandate-cancel	0x140e39910	0x140e3f558	call	0x14138ed20
reference	mandate-cancel	0x140e39910	0x140e3f55f	je	0x140e3f61d
reference	mandate-cancel	0x140e39910	0x140e3f570	call	0x14006f220
reference	mandate-cancel	0x140e39910	0x140e3f578	call	0x1413765f0
reference	mandate-cancel	0x140e39910	0x140e3f57f	jne	0x140e3f61d
reference	mandate-cancel	0x140e39910	0x140e3f590	call	0x14006f220
reference	mandate-cancel	0x140e39910	0x140e3f5ae	call	0x14006f220
reference	mandate-cancel	0x140e39910	0x140e3f5cc	call	0x14006f220
reference	mandate-cancel	0x140e39910	0x140e3f5e6	call	0x1409e5440
reference	mandate-cancel	0x140e39910	0x140e3f5f1	jge	0x140e3f60e
reference	mandate-cancel	0x140e39910	0x140e3f5f7	call	0x14006f290
reference	mandate-cancel	0x140e39910	0x140e3f604	call	0x14006f410
reference	mandate-cancel	0x140e39910	0x140e3f60c	jmp	0x140e3f61d
reference	mandate-cancel	0x140e39910	0x140e3f60e	jne	0x140e3f61d
reference	mandate-cancel	0x140e39910	0x140e3f618	call	0x14006f410
reference	mandate-cancel	0x140e39910	0x140e3f63d	jb	0x140e3f4e0
reference	mandate-cancel	0x140e39910	0x140e3f64c	call	0x14006f370
reference	mandate-cancel	0x140e39910	0x140e3f654	je	0x140e3f6f1
reference	mandate-cancel	0x140e39910	0x140e3f65e	call	0x14006f370
reference	mandate-cancel	0x140e39910	0x140e3f666	call	0x140071f30
reference	mandate-cancel	0x140e39910	0x140e3f672	call	0x14006f360
reference	mandate-cancel	0x140e39910	0x140e3f684	call	0x14006f220
reference	mandate-cancel	0x140e39910	0x140e3f69d	call	0x14006f220
reference	mandate-cancel	0x140e39910	0x140e3f6bb	call	0x14006f220
reference	mandate-cancel	0x140e39910	0x140e3f6e0	call	0x14006f220
reference	mandate-cancel	0x140e39910	0x140e3f6f5	call	0x140065b20
reference	mandate-cancel	0x140e39910	0x140e3f705	jne	0x140e3f82f
reference	mandate-cancel	0x140e39910	0x140e3f70e	jne	0x140e3ead9
reference	mandate-cancel	0x140e39910	0x140e3f723	jmp	0x140e3fbe9
reference	mandate-cancel	0x140e39910	0x140e3f735	call	0x140065b00
reference	mandate-cancel	0x140e39910	0x140e3f742	call	0x140065b00
reference	mandate-cancel	0x140e39910	0x140e3f74f	call	0x140065b00
reference	mandate-cancel	0x140e39910	0x140e3f7bc	call	0x140e6feb0
reference	mandate-cancel	0x140e39910	0x140e3f7d6	je	0x140e3f7e0
reference	mandate-cancel	0x140e39910	0x140e3f7da	jne	0x140e3f892
reference	mandate-cancel	0x140e39910	0x140e3f7e2	jne	0x140e3f837
reference	mandate-cancel	0x140e39910	0x140e3f805	call	0x140065fe0
reference	mandate-cancel	0x140e39910	0x140e3f812	call	0x140065fe0
reference	mandate-cancel	0x140e39910	0x140e3f81f	call	0x140065fe0
reference	mandate-cancel	0x140e39910	0x140e3f82a	jmp	0x140e3fbe9
reference	mandate-cancel	0x140e39910	0x140e3f832	jmp	0x140e3f72e
reference	mandate-cancel	0x140e39910	0x140e3f83a	jne	0x140e3f892
reference	mandate-cancel	0x140e39910	0x140e3f868	call	0x140065fe0
reference	mandate-cancel	0x140e39910	0x140e3f875	call	0x140065fe0
reference	mandate-cancel	0x140e39910	0x140e3f882	call	0x140065fe0
reference	mandate-cancel	0x140e39910	0x140e3f88d	jmp	0x140e3fbef
reference	mandate-cancel	0x140e39910	0x140e3f897	call	0x141539690
reference	mandate-cancel	0x140e39910	0x140e3f8a6	call	0x1407910e0
reference	mandate-cancel	0x140e39910	0x140e3f917	jne	0x140e3f922
reference	mandate-cancel	0x140e39910	0x140e3f92b	call	0x1400b9980
reference	mandate-cancel	0x140e39910	0x140e3f940	call	0x140065fb0
reference	mandate-cancel	0x140e39910	0x140e3f955	call	0x140065fb0
reference	mandate-cancel	0x140e39910	0x140e3f96a	call	0x140065fb0
reference	mandate-cancel	0x140e39910	0x140e3f974	call	0x140e72c30
reference	mandate-cancel	0x140e39910	0x140e3f984	call	0x14006f240
reference	mandate-cancel	0x140e39910	0x140e3f997	call	0x14006f230
reference	mandate-cancel	0x140e39910	0x140e3f9a7	je	0x140e3fbc3
reference	mandate-cancel	0x140e39910	0x140e3f9bc	jne	0x140e3fbae
reference	mandate-cancel	0x140e39910	0x140e3f9cb	je	0x140e3fbae
reference	mandate-cancel	0x140e39910	0x140e3f9d4	jne	0x140e3f9ec
reference	mandate-cancel	0x140e39910	0x140e3f9df	jne	0x140e3fa44
reference	mandate-cancel	0x140e39910	0x140e3f9e4	jne	0x140e3fbae
reference	mandate-cancel	0x140e39910	0x140e3f9ea	jmp	0x140e3fa44
reference	mandate-cancel	0x140e39910	0x140e3f9ee	jne	0x140e3fa44
reference	mandate-cancel	0x140e39910	0x140e3f9f3	je	0x140e3fa44
reference	mandate-cancel	0x140e39910	0x140e3f9fa	je	0x140e3fbae
reference	mandate-cancel	0x140e39910	0x140e3fa0f	call	0x141367430
reference	mandate-cancel	0x140e39910	0x140e3fa20	je	0x140e3fbaa
reference	mandate-cancel	0x140e39910	0x140e3fa37	call	0x14010afe0
reference	mandate-cancel	0x140e39910	0x140e3fa3e	jne	0x140e3fbaa
reference	mandate-cancel	0x140e39910	0x140e3fa88	call	0x141378860
reference	mandate-cancel	0x140e39910	0x140e3fa95	call	0x1400fdcf0
reference	mandate-cancel	0x140e39910	0x140e3fa9d	je	0x140e3fb95
reference	mandate-cancel	0x140e39910	0x140e3fab0	call	0x14006f450
reference	mandate-cancel	0x140e39910	0x140e3fabc	js	0x140e3fb90
reference	mandate-cancel	0x140e39910	0x140e3faf8	call	0x1413a4910
reference	mandate-cancel	0x140e39910	0x140e3faff	je	0x140e3fb76
reference	mandate-cancel	0x140e39910	0x140e3fb0d	call	0x14006f440
reference	mandate-cancel	0x140e39910	0x140e3fb28	call	0x14006f440
reference	mandate-cancel	0x140e39910	0x140e3fb43	call	0x14006f440
reference	mandate-cancel	0x140e39910	0x140e3fb59	call	0x1400721e0
reference	mandate-cancel	0x140e39910	0x140e3fb62	jl	0x140e3fb6b
reference	mandate-cancel	0x140e39910	0x140e3fb69	jne	0x140e3fb76
reference	mandate-cancel	0x140e39910	0x140e3fb81	jns	0x140e3fad0
reference	mandate-cancel	0x140e39910	0x140e3fb97	jne	0x140e3fba5
reference	mandate-cancel	0x140e39910	0x140e3fba3	jmp	0x140e3fbaa
reference	mandate-cancel	0x140e39910	0x140e3fbbd	jne	0x140e3f9b0
reference	mandate-cancel	0x140e39910	0x140e3fbca	call	0x14006f7b0
reference	mandate-cancel	0x140e39910	0x140e3fbd7	call	0x14006f7b0
reference	mandate-cancel	0x140e39910	0x140e3fbe4	call	0x14006f7b0
reference	mandate-cancel	0x140e39910	0x140e3fc02	jl	0x140e3e995
reference	mandate-cancel	0x140e39910	0x140e3fc10	jle	0x140e3fc8a
reference	mandate-cancel	0x140e39910	0x140e3fc25	je	0x140e3fc4c
reference	mandate-cancel	0x140e39910	0x140e3fc47	jl	0x140e3fc4c
reference	mandate-cancel	0x140e39910	0x140e3fc5d	jl	0x140e3fc20
reference	mandate-cancel	0x140e39910	0x140e3fc61	jle	0x140e3fc8a
reference	mandate-cancel	0x140e39910	0x140e3fc6b	jge	0x140e3fc8a
reference	mandate-cancel	0x140e39910	0x140e3fc76	jne	0x140e3fc8a
reference	mandate-cancel	0x140e39910	0x140e3fc88	jg	0x140e3fc63
reference	mandate-cancel	0x140e39910	0x140e3fca0	jns	0x140e3d81a
reference	mandate-cancel	0x140e39910	0x140e3fcad	call	0x140e40870
reference	mandate-cancel	0x140e39910	0x140e3fcba	call	0x140067e30
reference	mandate-cancel	0x140e39910	0x140e3fcc9	call	0x141539660
reference	mandate-cancel	0x140e39910	0x140e3fcef	call	0x141539b20
reference	mandate-cancel	0x140e39910	0x140e3fd8e	jrcxz	0x140e3fd90
reference	mandate-cancel	0x140e39910	0x140e3fd96	jrcxz	0x140e3fd98
reference	mandate-cancel	0x140e39910	0x140e3fd9a	jrcxz	0x140e3fd9c
reference	mandate-cancel	0x140e39910	0x140e3fda2	jrcxz	0x140e3fda4
reference	mandate-cancel	0x140e39910	0x140e3fdaa	jrcxz	0x140e3fdac
reference	mandate-create	0x14134de20	0x14134de63	jne	0x14134ea7c
reference	mandate-create	0x14134de20	0x14134de70	jne	0x14134ea7c
reference	mandate-create	0x14134de20	0x14134de7f	jbe	0x14134dec1
reference	mandate-create	0x14134de20	0x14134de81	call	0x140eb68b0
reference	mandate-create	0x14134de20	0x14134debb	jne	0x14134ea7c
reference	mandate-create	0x14134de20	0x14134dec9	jne	0x14134ea7c
reference	mandate-create	0x14134de20	0x14134dede	jbe	0x14134ea7c
reference	mandate-create	0x14134de20	0x14134deec	jg	0x14134ea7c
reference	mandate-create	0x14134de20	0x14134defa	jge	0x14134ea7c
reference	mandate-create	0x14134de20	0x14134df07	jge	0x14134ea7c
reference	mandate-create	0x14134de20	0x14134df14	jg	0x14134ea7c
reference	mandate-create	0x14134de20	0x14134df22	jg	0x14134ea7c
reference	mandate-create	0x14134de20	0x14134df30	jg	0x14134ea7c
reference	mandate-create	0x14134de20	0x14134df3d	jg	0x14134ea7c
reference	mandate-create	0x14134de20	0x14134df4a	jg	0x14134ea7c
reference	mandate-create	0x14134de20	0x14134df53	call	0x14014d940
reference	mandate-create	0x14134de20	0x14134df5a	jg	0x14134ea7c
reference	mandate-create	0x14134de20	0x14134df63	call	0x14138ed20
reference	mandate-create	0x14134de20	0x14134df6a	je	0x14134ea7c
reference	mandate-create	0x14134de20	0x14134df78	je	0x14134ea7c
reference	mandate-create	0x14134de20	0x14134df88	call	0x14134be40
reference	mandate-create	0x14134de20	0x14134dfac	je	0x14134dfcf
reference	mandate-create	0x14134de20	0x14134dfb7	jne	0x14134dfc1
reference	mandate-create	0x14134de20	0x14134dfbc	jne	0x14134dfc1
reference	mandate-create	0x14134de20	0x14134dfcd	jb	0x14134dfb0
reference	mandate-create	0x14134de20	0x14134dfd2	jle	0x14134e8fa
reference	mandate-create	0x14134de20	0x14134dfd8	call	0x140eb68b0
reference	mandate-create	0x14134de20	0x14134dfff	jae	0x14134e00e
reference	mandate-create	0x14134de20	0x14134e008	jne	0x14134e907
reference	mandate-create	0x14134de20	0x14134e022	je	0x14134e040
reference	mandate-create	0x14134de20	0x14134e02d	je	0x14134e040
reference	mandate-create	0x14134de20	0x14134e036	call	0x1400ba0a0
reference	mandate-create	0x14134de20	0x14134e03e	jmp	0x14134e043
reference	mandate-create	0x14134de20	0x14134e043	call	0x140eb68b0
reference	mandate-create	0x14134de20	0x14134e0c7	je	0x14134e576
reference	mandate-create	0x14134de20	0x14134e0f0	jne	0x14134e53d
reference	mandate-create	0x14134de20	0x14134e0fb	je	0x14134e53d
reference	mandate-create	0x14134de20	0x14134e109	je	0x14134e3d9
reference	mandate-create	0x14134de20	0x14134e112	je	0x14134e3d9
reference	mandate-create	0x14134de20	0x14134e122	ja	0x14134e3d9
reference	mandate-create	0x14134de20	0x14134e13e	jmp	rcx
reference	mandate-create	0x14134de20	0x14134e154	jae	0x14134e171
reference	mandate-create	0x14134de20	0x14134e15a	je	0x14134e162
reference	mandate-create	0x14134de20	0x14134e160	jmp	0x14134e151
reference	mandate-create	0x14134de20	0x14134e16b	jne	0x14134e3d9
reference	mandate-create	0x14134de20	0x14134e18a	jae	0x14134e1a7
reference	mandate-create	0x14134de20	0x14134e190	je	0x14134e198
reference	mandate-create	0x14134de20	0x14134e196	jmp	0x14134e187
reference	mandate-create	0x14134de20	0x14134e1a1	jne	0x14134e3d9
reference	mandate-create	0x14134de20	0x14134e1a9	jmp	0x14134e39a
reference	mandate-create	0x14134de20	0x14134e1c3	jae	0x14134e38f
reference	mandate-create	0x14134de20	0x14134e1cd	je	0x14134e387
reference	mandate-create	0x14134de20	0x14134e1d7	jmp	0x14134e1c0
reference	mandate-create	0x14134de20	0x14134e1f3	jae	0x14134e38f
reference	mandate-create	0x14134de20	0x14134e1fd	je	0x14134e387
reference	mandate-create	0x14134de20	0x14134e207	jmp	0x14134e1f0
reference	mandate-create	0x14134de20	0x14134e223	jae	0x14134e38f
reference	mandate-create	0x14134de20	0x14134e22d	je	0x14134e387
reference	mandate-create	0x14134de20	0x14134e237	jmp	0x14134e220
reference	mandate-create	0x14134de20	0x14134e253	jae	0x14134e38f
reference	mandate-create	0x14134de20	0x14134e25d	je	0x14134e387
reference	mandate-create	0x14134de20	0x14134e267	jmp	0x14134e250
reference	mandate-create	0x14134de20	0x14134e283	jae	0x14134e38f
reference	mandate-create	0x14134de20	0x14134e28d	je	0x14134e387
reference	mandate-create	0x14134de20	0x14134e297	jmp	0x14134e280
reference	mandate-create	0x14134de20	0x14134e2b3	jae	0x14134e38f
reference	mandate-create	0x14134de20	0x14134e2bd	je	0x14134e387
reference	mandate-create	0x14134de20	0x14134e2c7	jmp	0x14134e2b0
reference	mandate-create	0x14134de20	0x14134e2e3	jae	0x14134e38f
reference	mandate-create	0x14134de20	0x14134e2ed	je	0x14134e387
reference	mandate-create	0x14134de20	0x14134e2f7	jmp	0x14134e2e0
reference	mandate-create	0x14134de20	0x14134e313	jae	0x14134e38f
reference	mandate-create	0x14134de20	0x14134e319	je	0x14134e387
reference	mandate-create	0x14134de20	0x14134e31f	jmp	0x14134e310
reference	mandate-create	0x14134de20	0x14134e335	jae	0x14134e38f
reference	mandate-create	0x14134de20	0x14134e33b	je	0x14134e387
reference	mandate-create	0x14134de20	0x14134e341	jmp	0x14134e332
reference	mandate-create	0x14134de20	0x14134e357	jae	0x14134e38f
reference	mandate-create	0x14134de20	0x14134e35d	je	0x14134e387
reference	mandate-create	0x14134de20	0x14134e363	jmp	0x14134e354
reference	mandate-create	0x14134de20	0x14134e379	jae	0x14134e38f
reference	mandate-create	0x14134de20	0x14134e37f	je	0x14134e387
reference	mandate-create	0x14134de20	0x14134e385	jmp	0x14134e376
reference	mandate-create	0x14134de20	0x14134e38d	jmp	0x14134e394
reference	mandate-create	0x14134de20	0x14134e39c	jne	0x14134e53d
reference	mandate-create	0x14134de20	0x14134e3a2	jmp	0x14134e3d9
reference	mandate-create	0x14134de20	0x14134e3b8	jae	0x14134e53d
reference	mandate-create	0x14134de20	0x14134e3c2	je	0x14134e3ca
reference	mandate-create	0x14134de20	0x14134e3c8	jmp	0x14134e3b5
reference	mandate-create	0x14134de20	0x14134e3d3	je	0x14134e53d
reference	mandate-create	0x14134de20	0x14134e3f4	je	0x14134e435
reference	mandate-create	0x14134de20	0x14134e3fe	jne	0x14134e426
reference	mandate-create	0x14134de20	0x14134e408	jne	0x14134e426
reference	mandate-create	0x14134de20	0x14134e411	jne	0x14134e426
reference	mandate-create	0x14134de20	0x14134e41b	jne	0x14134e426
reference	mandate-create	0x14134de20	0x14134e424	je	0x14134e435
reference	mandate-create	0x14134de20	0x14134e433	jb	0x14134e3f6
reference	mandate-create	0x14134de20	0x14134e43b	jne	0x14134e53d
reference	mandate-create	0x14134de20	0x14134e44f	je	0x14134e45f
reference	mandate-create	0x14134de20	0x14134e45d	jmp	0x14134e474
reference	mandate-create	0x14134de20	0x14134e46b	call	0x140071040
reference	mandate-create	0x14134de20	0x14134e497	je	0x14134e4a6
reference	mandate-create	0x14134de20	0x14134e4a4	jmp	0x14134e4b7
reference	mandate-create	0x14134de20	0x14134e4b2	call	0x140071040
reference	mandate-create	0x14134de20	0x14134e4d6	je	0x14134e4e5
reference	mandate-create	0x14134de20	0x14134e4e3	jmp	0x14134e4fa
reference	mandate-create	0x14134de20	0x14134e4f1	call	0x140071040
reference	mandate-create	0x14134de20	0x14134e51d	je	0x14134e52c
reference	mandate-create	0x14134de20	0x14134e52a	jmp	0x14134e53d
reference	mandate-create	0x14134de20	0x14134e538	call	0x140071040
reference	mandate-create	0x14134de20	0x14134e569	jb	0x14134e0e0
reference	mandate-create	0x14134de20	0x14134e574	jmp	0x14134e57a
reference	mandate-create	0x14134de20	0x14134e593	js	0x14134e69a
reference	mandate-create	0x14134de20	0x14134e5d6	jne	0x14134e66f
reference	mandate-create	0x14134de20	0x14134e5e0	jne	0x14134e66f
reference	mandate-create	0x14134de20	0x14134e5f9	call	0x14153ae1a
reference	mandate-create	0x14134de20	0x14134e61e	call	0x14153ae1a
reference	mandate-create	0x14134de20	0x14134e63c	call	0x14153ae1a
reference	mandate-create	0x14134de20	0x14134e665	call	0x14153ae1a
reference	mandate-create	0x14134de20	0x14134e67a	jns	0x14134e5d0
reference	mandate-create	0x14134de20	0x14134e6a0	je	0x14134e8ce
reference	mandate-create	0x14134de20	0x14134e6af	ja	0x14134e6b7
reference	mandate-create	0x14134de20	0x14134e6b5	jmp	0x14134e6f3
reference	mandate-create	0x14134de20	0x14134e6b7	call	0x140eb68b0
reference	mandate-create	0x14134de20	0x14134e6fa	jne	0x14134e70a
reference	mandate-create	0x14134de20	0x14134e703	jne	0x14134e717
reference	mandate-create	0x14134de20	0x14134e705	jmp	0x14134e807
reference	mandate-create	0x14134de20	0x14134e711	je	0x14134e807
reference	mandate-create	0x14134de20	0x14134e739	call	0x141330c30
reference	mandate-create	0x14134de20	0x14134e744	je	0x14134e75a
reference	mandate-create	0x14134de20	0x14134e749	jne	0x14134e770
reference	mandate-create	0x14134de20	0x14134e758	jmp	0x14134e767
reference	mandate-create	0x14134de20	0x14134e76b	call	0x14006fa10
reference	mandate-create	0x14134de20	0x14134e7f8	call	0x1400e3c20
reference	mandate-create	0x14134de20	0x14134e802	call	0x14006f850
reference	mandate-create	0x14134de20	0x14134e807	call	0x14078b920
reference	mandate-create	0x14134de20	0x14134e848	call	0x140eb68b0
reference	mandate-create	0x14134de20	0x14134e888	jae	0x14134e8c5
reference	mandate-create	0x14134de20	0x14134e88a	call	0x140eb68b0
reference	mandate-create	0x14134de20	0x14134e8c8	call	0x140e52440
reference	mandate-create	0x14134de20	0x14134e8d2	call	0x14006f7b0
reference	mandate-create	0x14134de20	0x14134e8dc	call	0x14006f7b0
reference	mandate-create	0x14134de20	0x14134e8e6	call	0x14006f7b0
reference	mandate-create	0x14134de20	0x14134e8f0	call	0x14006f7b0
reference	mandate-create	0x14134de20	0x14134e8f5	jmp	0x14134ea7c
reference	mandate-create	0x14134de20	0x14134e901	je	0x14134ea7c
reference	mandate-create	0x14134de20	0x14134e924	call	0x1413b9c00
reference	mandate-create	0x14134de20	0x14134e92b	jne	0x14134ea7c
reference	mandate-create	0x14134de20	0x14134e93b	call	0x140c8c9d0
reference	mandate-create	0x14134de20	0x14134e943	call	0x14134c8c0
reference	mandate-create	0x14134de20	0x14134e94a	je	0x14134ea7c
reference	mandate-create	0x14134de20	0x14134e956	jne	0x14134e966
reference	mandate-create	0x14134de20	0x14134e95f	jne	0x14134e973
reference	mandate-create	0x14134de20	0x14134e961	jmp	0x14134ea7c
reference	mandate-create	0x14134de20	0x14134e96d	je	0x14134ea7c
reference	mandate-create	0x14134de20	0x14134e995	call	0x141330c30
reference	mandate-create	0x14134de20	0x14134e9ab	call	0x14006fa10
reference	mandate-create	0x14134de20	0x14134ea38	call	0x1400e3c20
reference	mandate-create	0x14134de20	0x14134ea46	jbe	0x14134ea7c
reference	mandate-create	0x14134de20	0x14134ea59	jb	0x14134ea77
reference	mandate-create	0x14134de20	0x14134ea6e	jbe	0x14134ea77
reference	mandate-create	0x14134de20	0x14134ea70	call	QWORD PTR [rip+0x2970b2]        # 0x1415e5b28
reference	mandate-create	0x14134de20	0x14134ea77	call	0x141539680
reference	mandate-create	0x14134de20	0x14134ea83	call	0x141539660
reference	mandate-create	0x14134de20	0x14134eab1	jrcxz	0x14134eae7
reference	mandate-create	0x14134de20	0x14134eab9	loope	0x14134eaef
reference	mandate-create	0x14134de20	0x14134eac1	loop	0x14134eaf7
reference	mandate-create	0x14134de20	0x14134eac5	loop	0x14134eafb
reference	mandate-create	0x14134de20	0x14134eac9	loop	0x14134eaff
reference	mandate-create	0x14134de20	0x14134eacd	loope	0x14134eb03
reference	mandate-create	0x14134de20	0x14134ead5	jrcxz	0x14134eb0b
reference	mandate-create	0x14134de20	0x14134ead9	loop	0x14134eb0f
reference	mandate-expire	0x1413b2a30	0x1413b2a94	js	0x1413b2bbd
reference	mandate-expire	0x1413b2a30	0x1413b2aa7	jne	0x1413b2abc
reference	mandate-expire	0x1413b2a30	0x1413b2aae	je	0x1413b2abc
reference	mandate-expire	0x1413b2a30	0x1413b2ab0	call	0x140a6a880
reference	mandate-expire	0x1413b2a30	0x1413b2ac0	jns	0x1413b2aa0
reference	mandate-expire	0x1413b2a30	0x1413b2ac5	jl	0x1413b2bbd
reference	mandate-expire	0x1413b2a30	0x1413b2ad2	jne	0x1413b2ae2
reference	mandate-expire	0x1413b2a30	0x1413b2adb	jne	0x1413b2aef
reference	mandate-expire	0x1413b2a30	0x1413b2add	jmp	0x1413b2bbd
reference	mandate-expire	0x1413b2a30	0x1413b2ae9	je	0x1413b2bbd
reference	mandate-expire	0x1413b2a30	0x1413b2af2	jne	0x1413b2b12
reference	mandate-expire	0x1413b2a30	0x1413b2afe	call	0x141330c30
reference	mandate-expire	0x1413b2a30	0x1413b2b10	jmp	0x1413b2b30
reference	mandate-expire	0x1413b2a30	0x1413b2b12	jle	0x1413b2b39
reference	mandate-expire	0x1413b2a30	0x1413b2b1e	call	0x141330c30
reference	mandate-expire	0x1413b2a30	0x1413b2b34	call	0x14006fa10
reference	mandate-expire	0x1413b2a30	0x1413b2bb7	call	0x1400e3c20
reference	mandate-expire	0x1413b2a30	0x1413b2bc5	jbe	0x1413b2bfb
reference	mandate-expire	0x1413b2a30	0x1413b2bd8	jb	0x1413b2bf6
reference	mandate-expire	0x1413b2a30	0x1413b2bed	jbe	0x1413b2bf6
reference	mandate-expire	0x1413b2a30	0x1413b2bef	call	QWORD PTR [rip+0x232f33]        # 0x1415e5b28
reference	mandate-expire	0x1413b2a30	0x1413b2bf6	call	0x141539680
reference	mandate-expire	0x1413b2a30	0x1413b2c02	call	0x141539660
reference	mandate-result-labels	0x140b58db0	0x140b58de0	je	0x140b592e9
reference	mandate-result-labels	0x140b58db0	0x140b58deb	jbe	0x140b58df0
reference	mandate-result-labels	0x140b58db0	0x140b58df4	call	0x140070920
reference	mandate-result-labels	0x140b58db0	0x140b58dfe	call	0x1400702c0
reference	mandate-result-labels	0x140b58db0	0x140b58e0d	call	0x1400700a0
reference	mandate-result-labels	0x140b58db0	0x140b58e15	ja	0x140b59269
reference	mandate-result-labels	0x140b58db0	0x140b58e26	jmp	rcx
reference	mandate-result-labels	0x140b58db0	0x140b58e2f	jmp	0x140b59261
reference	mandate-result-labels	0x140b58db0	0x140b58e3b	jmp	0x140b59261
reference	mandate-result-labels	0x140b58db0	0x140b58e47	jmp	0x140b59261
reference	mandate-result-labels	0x140b58db0	0x140b58e53	jmp	0x140b59261
reference	mandate-result-labels	0x140b58db0	0x140b58e5f	jmp	0x140b59261
reference	mandate-result-labels	0x140b58db0	0x140b58e6b	jmp	0x140b59261
reference	mandate-result-labels	0x140b58db0	0x140b58e77	jmp	0x140b59261
reference	mandate-result-labels	0x140b58db0	0x140b58e83	jmp	0x140b59261
reference	mandate-result-labels	0x140b58db0	0x140b58e8f	jmp	0x140b59261
reference	mandate-result-labels	0x140b58db0	0x140b58e9b	jmp	0x140b59261
reference	mandate-result-labels	0x140b58db0	0x140b58ea7	jmp	0x140b59261
reference	mandate-result-labels	0x140b58db0	0x140b58eb3	jmp	0x140b59261
reference	mandate-result-labels	0x140b58db0	0x140b58ebf	jmp	0x140b59261
reference	mandate-result-labels	0x140b58db0	0x140b58ecb	jmp	0x140b59261
reference	mandate-result-labels	0x140b58db0	0x140b58ed7	jmp	0x140b59261
reference	mandate-result-labels	0x140b58db0	0x140b58ee3	jmp	0x140b59261
reference	mandate-result-labels	0x140b58db0	0x140b58eef	jmp	0x140b59261
reference	mandate-result-labels	0x140b58db0	0x140b58efb	jmp	0x140b59261
reference	mandate-result-labels	0x140b58db0	0x140b58f07	jmp	0x140b59261
reference	mandate-result-labels	0x140b58db0	0x140b58f13	jmp	0x140b59261
reference	mandate-result-labels	0x140b58db0	0x140b58f1f	jmp	0x140b59261
reference	mandate-result-labels	0x140b58db0	0x140b58f2b	jmp	0x140b59261
reference	mandate-result-labels	0x140b58db0	0x140b58f37	jmp	0x140b59261
reference	mandate-result-labels	0x140b58db0	0x140b58f43	jmp	0x140b59261
reference	mandate-result-labels	0x140b58db0	0x140b58f4f	jmp	0x140b59261
reference	mandate-result-labels	0x140b58db0	0x140b58f5b	jmp	0x140b59261
reference	mandate-result-labels	0x140b58db0	0x140b58f67	jmp	0x140b59261
reference	mandate-result-labels	0x140b58db0	0x140b58f73	jmp	0x140b59261
reference	mandate-result-labels	0x140b58db0	0x140b58f7f	jmp	0x140b59261
reference	mandate-result-labels	0x140b58db0	0x140b58f8b	jmp	0x140b59261
reference	mandate-result-labels	0x140b58db0	0x140b58f97	jmp	0x140b59261
reference	mandate-result-labels	0x140b58db0	0x140b58fa3	jmp	0x140b59261
reference	mandate-result-labels	0x140b58db0	0x140b58faf	jmp	0x140b59261
reference	mandate-result-labels	0x140b58db0	0x140b58fbb	jmp	0x140b59261
reference	mandate-result-labels	0x140b58db0	0x140b58fc7	jmp	0x140b59261
reference	mandate-result-labels	0x140b58db0	0x140b58fd3	jmp	0x140b59261
reference	mandate-result-labels	0x140b58db0	0x140b58fdf	jmp	0x140b59261
reference	mandate-result-labels	0x140b58db0	0x140b58feb	jmp	0x140b59261
reference	mandate-result-labels	0x140b58db0	0x140b58ff7	jmp	0x140b59261
reference	mandate-result-labels	0x140b58db0	0x140b59003	jmp	0x140b59261
reference	mandate-result-labels	0x140b58db0	0x140b5900f	jmp	0x140b59261
reference	mandate-result-labels	0x140b58db0	0x140b5901b	jmp	0x140b59261
reference	mandate-result-labels	0x140b58db0	0x140b59027	jmp	0x140b59261
reference	mandate-result-labels	0x140b58db0	0x140b59033	jmp	0x140b59261
reference	mandate-result-labels	0x140b58db0	0x140b5903f	jmp	0x140b59261
reference	mandate-result-labels	0x140b58db0	0x140b5904b	jmp	0x140b59261
reference	mandate-result-labels	0x140b58db0	0x140b59057	jmp	0x140b59261
reference	mandate-result-labels	0x140b58db0	0x140b59063	jmp	0x140b59261
reference	mandate-result-labels	0x140b58db0	0x140b5906f	jmp	0x140b59261
reference	mandate-result-labels	0x140b58db0	0x140b5907b	jmp	0x140b59261
reference	mandate-result-labels	0x140b58db0	0x140b59087	jmp	0x140b59261
reference	mandate-result-labels	0x140b58db0	0x140b59093	jmp	0x140b59261
reference	mandate-result-labels	0x140b58db0	0x140b5909f	jmp	0x140b59261
reference	mandate-result-labels	0x140b58db0	0x140b590ab	jmp	0x140b59261
reference	mandate-result-labels	0x140b58db0	0x140b590b7	jmp	0x140b59261
reference	mandate-result-labels	0x140b58db0	0x140b590c3	jmp	0x140b59261
reference	mandate-result-labels	0x140b58db0	0x140b590cf	jmp	0x140b59261
reference	mandate-result-labels	0x140b58db0	0x140b590db	jmp	0x140b59261
reference	mandate-result-labels	0x140b58db0	0x140b590e7	jmp	0x140b59261
reference	mandate-result-labels	0x140b58db0	0x140b590f3	jmp	0x140b59261
reference	mandate-result-labels	0x140b58db0	0x140b590ff	jmp	0x140b59261
reference	mandate-result-labels	0x140b58db0	0x140b5910b	jmp	0x140b59261
reference	mandate-result-labels	0x140b58db0	0x140b59117	jmp	0x140b59261
reference	mandate-result-labels	0x140b58db0	0x140b59123	jmp	0x140b59261
reference	mandate-result-labels	0x140b58db0	0x140b5912f	jmp	0x140b59261
reference	mandate-result-labels	0x140b58db0	0x140b5913b	jmp	0x140b59261
reference	mandate-result-labels	0x140b58db0	0x140b59147	jmp	0x140b59261
reference	mandate-result-labels	0x140b58db0	0x140b59153	jmp	0x140b59261
reference	mandate-result-labels	0x140b58db0	0x140b5915f	jmp	0x140b59261
reference	mandate-result-labels	0x140b58db0	0x140b5916b	jmp	0x140b59261
reference	mandate-result-labels	0x140b58db0	0x140b59177	jmp	0x140b59261
reference	mandate-result-labels	0x140b58db0	0x140b59183	jmp	0x140b59261
reference	mandate-result-labels	0x140b58db0	0x140b5918f	jmp	0x140b59261
reference	mandate-result-labels	0x140b58db0	0x140b5919b	jmp	0x140b59261
reference	mandate-result-labels	0x140b58db0	0x140b591a7	jmp	0x140b59261
reference	mandate-result-labels	0x140b58db0	0x140b591b3	jmp	0x140b59261
reference	mandate-result-labels	0x140b58db0	0x140b591bf	jmp	0x140b59261
reference	mandate-result-labels	0x140b58db0	0x140b591cb	jmp	0x140b59261
reference	mandate-result-labels	0x140b58db0	0x140b591d7	jmp	0x140b59261
reference	mandate-result-labels	0x140b58db0	0x140b591e3	jmp	0x140b59261
reference	mandate-result-labels	0x140b58db0	0x140b591ec	jmp	0x140b59261
reference	mandate-result-labels	0x140b58db0	0x140b591f5	jmp	0x140b59261
reference	mandate-result-labels	0x140b58db0	0x140b591fe	jmp	0x140b59261
reference	mandate-result-labels	0x140b58db0	0x140b59207	jmp	0x140b59261
reference	mandate-result-labels	0x140b58db0	0x140b59210	jmp	0x140b59261
reference	mandate-result-labels	0x140b58db0	0x140b59219	jmp	0x140b59261
reference	mandate-result-labels	0x140b58db0	0x140b59222	jmp	0x140b59261
reference	mandate-result-labels	0x140b58db0	0x140b5922b	jmp	0x140b59261
reference	mandate-result-labels	0x140b58db0	0x140b59234	jmp	0x140b59261
reference	mandate-result-labels	0x140b58db0	0x140b5923d	jmp	0x140b59261
reference	mandate-result-labels	0x140b58db0	0x140b59246	jmp	0x140b59261
reference	mandate-result-labels	0x140b58db0	0x140b5924f	jmp	0x140b59261
reference	mandate-result-labels	0x140b58db0	0x140b59258	jmp	0x140b59261
reference	mandate-result-labels	0x140b58db0	0x140b59264	call	0x1400700a0
reference	mandate-result-labels	0x140b58db0	0x140b59273	call	0x1400700a0
reference	mandate-result-labels	0x140b58db0	0x140b59282	call	QWORD PTR [rip+0xa8c1d0]        # 0x1415e5458
reference	mandate-result-labels	0x140b58db0	0x140b5928b	je	0x140b592e9
reference	mandate-result-labels	0x140b58db0	0x140b59295	jbe	0x140b5929a
reference	mandate-result-labels	0x140b58db0	0x140b592a1	call	0x140070920
reference	mandate-result-labels	0x140b58db0	0x140b592ab	call	0x1400702c0
reference	mandate-result-labels	0x140b58db0	0x140b592ba	call	0x1400700a0
reference	mandate-result-labels	0x140b58db0	0x140b592c4	call	QWORD PTR [rip+0xa8c196]        # 0x1415e5460
reference	mandate-result-labels	0x140b58db0	0x140b592d4	call	0x1400700a0
reference	mandate-result-labels	0x140b58db0	0x140b592e3	call	QWORD PTR [rip+0xa8c16f]        # 0x1415e5458
reference	mandate-result-labels	0x140b58db0	0x140b592f1	je	0x140b5a0bf
reference	mandate-result-labels	0x140b58db0	0x140b592ff	jbe	0x140b59304
reference	mandate-result-labels	0x140b58db0	0x140b5930b	call	0x140070920
reference	mandate-result-labels	0x140b58db0	0x140b59315	call	0x1400702c0
reference	mandate-result-labels	0x140b58db0	0x140b59324	call	0x1400700a0
reference	mandate-result-labels	0x140b58db0	0x140b5932f	ja	0x140b5a03b
reference	mandate-result-labels	0x140b58db0	0x140b59340	jmp	rcx
reference	mandate-result-labels	0x140b58db0	0x140b59349	jmp	0x140b5a033
reference	mandate-result-labels	0x140b58db0	0x140b59355	jmp	0x140b5a033
reference	mandate-result-labels	0x140b58db0	0x140b59361	jmp	0x140b5a033
reference	mandate-result-labels	0x140b58db0	0x140b5936d	jmp	0x140b5a033
reference	mandate-result-labels	0x140b58db0	0x140b59379	jmp	0x140b5a033
reference	mandate-result-labels	0x140b58db0	0x140b59385	jmp	0x140b5a033
reference	mandate-result-labels	0x140b58db0	0x140b59391	jmp	0x140b5a033
reference	mandate-result-labels	0x140b58db0	0x140b5939d	jmp	0x140b5a033
reference	mandate-result-labels	0x140b58db0	0x140b593a9	jmp	0x140b5a033
reference	mandate-result-labels	0x140b58db0	0x140b593b5	jmp	0x140b5a033
reference	mandate-result-labels	0x140b58db0	0x140b593c1	jmp	0x140b5a033
reference	mandate-result-labels	0x140b58db0	0x140b593cd	jmp	0x140b5a033
reference	mandate-result-labels	0x140b58db0	0x140b593d9	jmp	0x140b5a033
reference	mandate-result-labels	0x140b58db0	0x140b593e5	jmp	0x140b5a033
reference	mandate-result-labels	0x140b58db0	0x140b593f1	jmp	0x140b5a033
reference	mandate-result-labels	0x140b58db0	0x140b593fd	jmp	0x140b5a033
reference	mandate-result-labels	0x140b58db0	0x140b59409	jmp	0x140b5a033
reference	mandate-result-labels	0x140b58db0	0x140b59415	jmp	0x140b5a033
reference	mandate-result-labels	0x140b58db0	0x140b59421	jmp	0x140b5a033
reference	mandate-result-labels	0x140b58db0	0x140b5942d	jmp	0x140b5a033
reference	mandate-result-labels	0x140b58db0	0x140b59439	jmp	0x140b5a033
reference	mandate-result-labels	0x140b58db0	0x140b59445	jmp	0x140b5a033
reference	mandate-result-labels	0x140b58db0	0x140b59451	jmp	0x140b5a033
reference	mandate-result-labels	0x140b58db0	0x140b5945d	jmp	0x140b5a033
reference	mandate-result-labels	0x140b58db0	0x140b59469	jmp	0x140b5a033
reference	mandate-result-labels	0x140b58db0	0x140b59475	jmp	0x140b5a033
reference	mandate-result-labels	0x140b58db0	0x140b59481	jmp	0x140b5a033
reference	mandate-result-labels	0x140b58db0	0x140b5948d	jmp	0x140b5a033
reference	mandate-result-labels	0x140b58db0	0x140b59499	jmp	0x140b5a033
reference	mandate-result-labels	0x140b58db0	0x140b594a5	jmp	0x140b5a033
reference	mandate-result-labels	0x140b58db0	0x140b594b1	jmp	0x140b5a033
reference	mandate-result-labels	0x140b58db0	0x140b594bd	jmp	0x140b5a033
reference	mandate-result-labels	0x140b58db0	0x140b594c9	jmp	0x140b5a033
reference	mandate-result-labels	0x140b58db0	0x140b594d5	jmp	0x140b5a033
reference	mandate-result-labels	0x140b58db0	0x140b594e1	jmp	0x140b5a033
reference	mandate-result-labels	0x140b58db0	0x140b594ed	jmp	0x140b5a033
reference	mandate-result-labels	0x140b58db0	0x140b594f9	jmp	0x140b5a033
reference	mandate-result-labels	0x140b58db0	0x140b59505	jmp	0x140b5a033
reference	mandate-result-labels	0x140b58db0	0x140b59511	jmp	0x140b5a033
reference	mandate-result-labels	0x140b58db0	0x140b5951d	jmp	0x140b5a033
reference	mandate-result-labels	0x140b58db0	0x140b59529	jmp	0x140b5a033
reference	mandate-result-labels	0x140b58db0	0x140b59535	jmp	0x140b5a033
reference	mandate-result-labels	0x140b58db0	0x140b59541	jmp	0x140b5a033
reference	mandate-result-labels	0x140b58db0	0x140b5954d	jmp	0x140b5a033
reference	mandate-result-labels	0x140b58db0	0x140b59559	jmp	0x140b5a033
reference	mandate-result-labels	0x140b58db0	0x140b59565	jmp	0x140b5a033
reference	mandate-result-labels	0x140b58db0	0x140b59571	jmp	0x140b5a033
reference	mandate-result-labels	0x140b58db0	0x140b5957d	jmp	0x140b5a033
reference	mandate-result-labels	0x140b58db0	0x140b59589	jmp	0x140b5a033
reference	mandate-result-labels	0x140b58db0	0x140b59595	jmp	0x140b5a033
reference	mandate-result-labels	0x140b58db0	0x140b595a1	jmp	0x140b5a033
reference	mandate-result-labels	0x140b58db0	0x140b595ad	jmp	0x140b5a033
reference	mandate-result-labels	0x140b58db0	0x140b595b9	jmp	0x140b5a033
reference	mandate-result-labels	0x140b58db0	0x140b595c5	jmp	0x140b5a033
reference	mandate-result-labels	0x140b58db0	0x140b595d1	jmp	0x140b5a033
reference	mandate-result-labels	0x140b58db0	0x140b595dd	jmp	0x140b5a033
reference	mandate-result-labels	0x140b58db0	0x140b595e9	jmp	0x140b5a033
reference	mandate-result-labels	0x140b58db0	0x140b595f5	jmp	0x140b5a033
reference	mandate-result-labels	0x140b58db0	0x140b59601	jmp	0x140b5a033
reference	mandate-result-labels	0x140b58db0	0x140b5960d	jmp	0x140b5a033
reference	mandate-result-labels	0x140b58db0	0x140b59619	jmp	0x140b5a033
reference	mandate-result-labels	0x140b58db0	0x140b59625	jmp	0x140b5a033
reference	mandate-result-labels	0x140b58db0	0x140b59631	jmp	0x140b5a033
reference	mandate-result-labels	0x140b58db0	0x140b5963d	jmp	0x140b5a033
reference	mandate-result-labels	0x140b58db0	0x140b59649	jmp	0x140b5a033
reference	mandate-result-labels	0x140b58db0	0x140b59655	jmp	0x140b5a033
reference	mandate-result-labels	0x140b58db0	0x140b59661	jmp	0x140b5a033
reference	mandate-result-labels	0x140b58db0	0x140b5966d	jmp	0x140b5a033
reference	mandate-result-labels	0x140b58db0	0x140b59679	jmp	0x140b5a033
reference	mandate-result-labels	0x140b58db0	0x140b59685	jmp	0x140b5a033
reference	mandate-result-labels	0x140b58db0	0x140b59691	jmp	0x140b5a033
reference	mandate-result-labels	0x140b58db0	0x140b5969d	jmp	0x140b5a033
reference	mandate-result-labels	0x140b58db0	0x140b596a9	jmp	0x140b5a033
reference	mandate-result-labels	0x140b58db0	0x140b596b5	jmp	0x140b5a033
reference	mandate-result-labels	0x140b58db0	0x140b596c1	jmp	0x140b5a033
reference	mandate-result-labels	0x140b58db0	0x140b596cd	jmp	0x140b5a033
reference	mandate-result-labels	0x140b58db0	0x140b596d9	jmp	0x140b5a033
reference	mandate-result-labels	0x140b58db0	0x140b596e5	jmp	0x140b5a033
reference	mandate-result-labels	0x140b58db0	0x140b596f1	jmp	0x140b5a033
reference	mandate-result-labels	0x140b58db0	0x140b596fd	jmp	0x140b5a033
reference	mandate-result-labels	0x140b58db0	0x140b59709	jmp	0x140b5a033
reference	mandate-result-labels	0x140b58db0	0x140b59715	jmp	0x140b5a033
reference	mandate-result-labels	0x140b58db0	0x140b59721	jmp	0x140b5a033
reference	mandate-result-labels	0x140b58db0	0x140b5972d	jmp	0x140b5a033
reference	mandate-result-labels	0x140b58db0	0x140b59739	jmp	0x140b5a033
reference	mandate-result-labels	0x140b58db0	0x140b59745	jmp	0x140b5a033
reference	mandate-result-labels	0x140b58db0	0x140b59751	jmp	0x140b5a033
reference	mandate-result-labels	0x140b58db0	0x140b5975d	jmp	0x140b5a033
reference	mandate-result-labels	0x140b58db0	0x140b59769	jmp	0x140b5a033
reference	mandate-result-labels	0x140b58db0	0x140b59775	jmp	0x140b5a033
reference	mandate-result-labels	0x140b58db0	0x140b59781	jmp	0x140b5a033
reference	mandate-result-labels	0x140b58db0	0x140b5978d	jmp	0x140b5a033
reference	mandate-result-labels	0x140b58db0	0x140b59799	jmp	0x140b5a033
reference	mandate-result-labels	0x140b58db0	0x140b597a5	jmp	0x140b5a033
reference	mandate-result-labels	0x140b58db0	0x140b597b1	jmp	0x140b5a033
reference	mandate-result-labels	0x140b58db0	0x140b597bd	jmp	0x140b5a033
reference	mandate-result-labels	0x140b58db0	0x140b597c9	jmp	0x140b5a033
reference	mandate-result-labels	0x140b58db0	0x140b597d5	jmp	0x140b5a033
reference	mandate-result-labels	0x140b58db0	0x140b597e1	jmp	0x140b5a033
reference	mandate-result-labels	0x140b58db0	0x140b597ed	jmp	0x140b5a033
reference	mandate-result-labels	0x140b58db0	0x140b597f9	jmp	0x140b5a033
reference	mandate-result-labels	0x140b58db0	0x140b59805	jmp	0x140b5a033
reference	mandate-result-labels	0x140b58db0	0x140b59811	jmp	0x140b5a033
reference	mandate-result-labels	0x140b58db0	0x140b5981d	jmp	0x140b5a033
reference	mandate-result-labels	0x140b58db0	0x140b59829	jmp	0x140b5a033
reference	mandate-result-labels	0x140b58db0	0x140b59835	jmp	0x140b5a033
reference	mandate-result-labels	0x140b58db0	0x140b59841	jmp	0x140b5a033
reference	mandate-result-labels	0x140b58db0	0x140b5984d	jmp	0x140b5a033
reference	mandate-result-labels	0x140b58db0	0x140b59859	jmp	0x140b5a033
reference	mandate-result-labels	0x140b58db0	0x140b59865	jmp	0x140b5a033
reference	mandate-result-labels	0x140b58db0	0x140b59871	jmp	0x140b5a033
reference	mandate-result-labels	0x140b58db0	0x140b5987d	jmp	0x140b5a033
reference	mandate-result-labels	0x140b58db0	0x140b59889	jmp	0x140b5a033
reference	mandate-result-labels	0x140b58db0	0x140b59895	jmp	0x140b5a033
reference	mandate-result-labels	0x140b58db0	0x140b598a1	jmp	0x140b5a033
reference	mandate-result-labels	0x140b58db0	0x140b598ad	jmp	0x140b5a033
reference	mandate-result-labels	0x140b58db0	0x140b598b9	jmp	0x140b5a033
reference	mandate-result-labels	0x140b58db0	0x140b598c5	jmp	0x140b5a033
reference	mandate-result-labels	0x140b58db0	0x140b598d1	jmp	0x140b5a033
reference	mandate-result-labels	0x140b58db0	0x140b598dd	jmp	0x140b5a033
reference	mandate-result-labels	0x140b58db0	0x140b598e9	jmp	0x140b5a033
reference	mandate-result-labels	0x140b58db0	0x140b598f5	jmp	0x140b5a033
reference	mandate-result-labels	0x140b58db0	0x140b59901	jmp	0x140b5a033
reference	mandate-result-labels	0x140b58db0	0x140b5990d	jmp	0x140b5a033
reference	mandate-result-labels	0x140b58db0	0x140b59919	jmp	0x140b5a033
reference	mandate-result-labels	0x140b58db0	0x140b59925	jmp	0x140b5a033
reference	mandate-result-labels	0x140b58db0	0x140b59931	jmp	0x140b5a033
reference	mandate-result-labels	0x140b58db0	0x140b5993d	jmp	0x140b5a033
reference	mandate-result-labels	0x140b58db0	0x140b59949	jmp	0x140b5a033
reference	mandate-result-labels	0x140b58db0	0x140b59955	jmp	0x140b5a033
reference	mandate-result-labels	0x140b58db0	0x140b59961	jmp	0x140b5a033
reference	mandate-result-labels	0x140b58db0	0x140b5996d	jmp	0x140b5a033
reference	mandate-result-labels	0x140b58db0	0x140b59979	jmp	0x140b5a033
reference	mandate-result-labels	0x140b58db0	0x140b59985	jmp	0x140b5a033
reference	mandate-result-labels	0x140b58db0	0x140b59991	jmp	0x140b5a033
reference	mandate-result-labels	0x140b58db0	0x140b5999d	jmp	0x140b5a033
reference	mandate-result-labels	0x140b58db0	0x140b599a9	jmp	0x140b5a033
reference	mandate-result-labels	0x140b58db0	0x140b599b5	jmp	0x140b5a033
reference	mandate-result-labels	0x140b58db0	0x140b599c1	jmp	0x140b5a033
reference	mandate-result-labels	0x140b58db0	0x140b599cd	jmp	0x140b5a033
reference	mandate-result-labels	0x140b58db0	0x140b599d9	jmp	0x140b5a033
reference	mandate-result-labels	0x140b58db0	0x140b599e5	jmp	0x140b5a033
reference	mandate-result-labels	0x140b58db0	0x140b599f1	jmp	0x140b5a033
reference	mandate-result-labels	0x140b58db0	0x140b599fd	jmp	0x140b5a033
reference	mandate-result-labels	0x140b58db0	0x140b59a09	jmp	0x140b5a033
reference	mandate-result-labels	0x140b58db0	0x140b59a15	jmp	0x140b5a033
reference	mandate-result-labels	0x140b58db0	0x140b59a21	jmp	0x140b5a033
reference	mandate-result-labels	0x140b58db0	0x140b59a2d	jmp	0x140b5a033
reference	mandate-result-labels	0x140b58db0	0x140b59a39	jmp	0x140b5a033
reference	mandate-result-labels	0x140b58db0	0x140b59a45	jmp	0x140b5a033
reference	mandate-result-labels	0x140b58db0	0x140b59a51	jmp	0x140b5a033
reference	mandate-result-labels	0x140b58db0	0x140b59a5d	jmp	0x140b5a033
reference	mandate-result-labels	0x140b58db0	0x140b59a69	jmp	0x140b5a033
reference	mandate-result-labels	0x140b58db0	0x140b59a75	jmp	0x140b5a033
reference	mandate-result-labels	0x140b58db0	0x140b59a81	jmp	0x140b5a033
reference	mandate-result-labels	0x140b58db0	0x140b59a8d	jmp	0x140b5a033
reference	mandate-result-labels	0x140b58db0	0x140b59a99	jmp	0x140b5a033
reference	mandate-result-labels	0x140b58db0	0x140b59aa5	jmp	0x140b5a033
reference	mandate-result-labels	0x140b58db0	0x140b59ab1	jmp	0x140b5a033
reference	mandate-result-labels	0x140b58db0	0x140b59abd	jmp	0x140b5a033
reference	mandate-result-labels	0x140b58db0	0x140b59ac9	jmp	0x140b5a033
reference	mandate-result-labels	0x140b58db0	0x140b59ad5	jmp	0x140b5a033
reference	mandate-result-labels	0x140b58db0	0x140b59ae1	jmp	0x140b5a033
reference	mandate-result-labels	0x140b58db0	0x140b59aed	jmp	0x140b5a033
reference	mandate-result-labels	0x140b58db0	0x140b59af9	jmp	0x140b5a033
reference	mandate-result-labels	0x140b58db0	0x140b59b05	jmp	0x140b5a033
reference	mandate-result-labels	0x140b58db0	0x140b59b11	jmp	0x140b5a033
reference	mandate-result-labels	0x140b58db0	0x140b59b1d	jmp	0x140b5a033
reference	mandate-result-labels	0x140b58db0	0x140b59b29	jmp	0x140b5a033
reference	mandate-result-labels	0x140b58db0	0x140b59b35	jmp	0x140b5a033
reference	mandate-result-labels	0x140b58db0	0x140b59b41	jmp	0x140b5a033
reference	mandate-result-labels	0x140b58db0	0x140b59b4d	jmp	0x140b5a033
reference	mandate-result-labels	0x140b58db0	0x140b59b59	jmp	0x140b5a033
reference	mandate-result-labels	0x140b58db0	0x140b59b65	jmp	0x140b5a033
reference	mandate-result-labels	0x140b58db0	0x140b59b71	jmp	0x140b5a033
reference	mandate-result-labels	0x140b58db0	0x140b59b7d	jmp	0x140b5a033
reference	mandate-result-labels	0x140b58db0	0x140b59b89	jmp	0x140b5a033
reference	mandate-result-labels	0x140b58db0	0x140b59b95	jmp	0x140b5a033
reference	mandate-result-labels	0x140b58db0	0x140b59ba1	jmp	0x140b5a033
reference	mandate-result-labels	0x140b58db0	0x140b59bad	jmp	0x140b5a033
reference	mandate-result-labels	0x140b58db0	0x140b59bb9	jmp	0x140b5a033
reference	mandate-result-labels	0x140b58db0	0x140b59bc5	jmp	0x140b5a033
reference	mandate-result-labels	0x140b58db0	0x140b59bd1	jmp	0x140b5a033
reference	mandate-result-labels	0x140b58db0	0x140b59bdd	jmp	0x140b5a033
reference	mandate-result-labels	0x140b58db0	0x140b59be9	jmp	0x140b5a033
reference	mandate-result-labels	0x140b58db0	0x140b59bf5	jmp	0x140b5a033
reference	mandate-result-labels	0x140b58db0	0x140b59c01	jmp	0x140b5a033
reference	mandate-result-labels	0x140b58db0	0x140b59c0d	jmp	0x140b5a033
reference	mandate-result-labels	0x140b58db0	0x140b59c19	jmp	0x140b5a033
reference	mandate-result-labels	0x140b58db0	0x140b59c25	jmp	0x140b5a033
reference	mandate-result-labels	0x140b58db0	0x140b59c31	jmp	0x140b5a033
reference	mandate-result-labels	0x140b58db0	0x140b59c3d	jmp	0x140b5a033
reference	mandate-result-labels	0x140b58db0	0x140b59c49	jmp	0x140b5a033
reference	mandate-result-labels	0x140b58db0	0x140b59c55	jmp	0x140b5a033
reference	mandate-result-labels	0x140b58db0	0x140b59c61	jmp	0x140b5a033
reference	mandate-result-labels	0x140b58db0	0x140b59c6d	jmp	0x140b5a033
reference	mandate-result-labels	0x140b58db0	0x140b59c79	jmp	0x140b5a033
reference	mandate-result-labels	0x140b58db0	0x140b59c85	jmp	0x140b5a033
reference	mandate-result-labels	0x140b58db0	0x140b59c91	jmp	0x140b5a033
reference	mandate-result-labels	0x140b58db0	0x140b59c9d	jmp	0x140b5a033
reference	mandate-result-labels	0x140b58db0	0x140b59ca9	jmp	0x140b5a033
reference	mandate-result-labels	0x140b58db0	0x140b59cb5	jmp	0x140b5a033
reference	mandate-result-labels	0x140b58db0	0x140b59cc1	jmp	0x140b5a033
reference	mandate-result-labels	0x140b58db0	0x140b59ccd	jmp	0x140b5a033
reference	mandate-result-labels	0x140b58db0	0x140b59cd9	jmp	0x140b5a033
reference	mandate-result-labels	0x140b58db0	0x140b59ce5	jmp	0x140b5a033
reference	mandate-result-labels	0x140b58db0	0x140b59cf1	jmp	0x140b5a033
reference	mandate-result-labels	0x140b58db0	0x140b59cfd	jmp	0x140b5a033
reference	mandate-result-labels	0x140b58db0	0x140b59d09	jmp	0x140b5a033
reference	mandate-result-labels	0x140b58db0	0x140b59d15	jmp	0x140b5a033
reference	mandate-result-labels	0x140b58db0	0x140b59d21	jmp	0x140b5a033
reference	mandate-result-labels	0x140b58db0	0x140b59d2d	jmp	0x140b5a033
reference	mandate-result-labels	0x140b58db0	0x140b59d39	jmp	0x140b5a033
reference	mandate-result-labels	0x140b58db0	0x140b59d45	jmp	0x140b5a033
reference	mandate-result-labels	0x140b58db0	0x140b59d51	jmp	0x140b5a033
reference	mandate-result-labels	0x140b58db0	0x140b59d5d	jmp	0x140b5a033
reference	mandate-result-labels	0x140b58db0	0x140b59d69	jmp	0x140b5a033
reference	mandate-result-labels	0x140b58db0	0x140b59d75	jmp	0x140b5a033
reference	mandate-result-labels	0x140b58db0	0x140b59d81	jmp	0x140b5a033
reference	mandate-result-labels	0x140b58db0	0x140b59d8d	jmp	0x140b5a033
reference	mandate-result-labels	0x140b58db0	0x140b59d99	jmp	0x140b5a033
reference	mandate-result-labels	0x140b58db0	0x140b59da5	jmp	0x140b5a033
reference	mandate-result-labels	0x140b58db0	0x140b59db1	jmp	0x140b5a033
reference	mandate-result-labels	0x140b58db0	0x140b59dbd	jmp	0x140b5a033
reference	mandate-result-labels	0x140b58db0	0x140b59dc9	jmp	0x140b5a033
reference	mandate-result-labels	0x140b58db0	0x140b59dd5	jmp	0x140b5a033
reference	mandate-result-labels	0x140b58db0	0x140b59de1	jmp	0x140b5a033
reference	mandate-result-labels	0x140b58db0	0x140b59ded	jmp	0x140b5a033
reference	mandate-result-labels	0x140b58db0	0x140b59df9	jmp	0x140b5a033
reference	mandate-result-labels	0x140b58db0	0x140b59e05	jmp	0x140b5a033
reference	mandate-result-labels	0x140b58db0	0x140b59e11	jmp	0x140b5a033
reference	mandate-result-labels	0x140b58db0	0x140b59e1d	jmp	0x140b5a033
reference	mandate-result-labels	0x140b58db0	0x140b59e29	jmp	0x140b5a033
reference	mandate-result-labels	0x140b58db0	0x140b59e35	jmp	0x140b5a033
reference	mandate-result-labels	0x140b58db0	0x140b59e41	jmp	0x140b5a033
reference	mandate-result-labels	0x140b58db0	0x140b59e4d	jmp	0x140b5a033
reference	mandate-result-labels	0x140b58db0	0x140b59e59	jmp	0x140b5a033
reference	mandate-result-labels	0x140b58db0	0x140b59e65	jmp	0x140b5a033
reference	mandate-result-labels	0x140b58db0	0x140b59e71	jmp	0x140b5a033
reference	mandate-result-labels	0x140b58db0	0x140b59e7d	jmp	0x140b5a033
reference	mandate-result-labels	0x140b58db0	0x140b59e89	jmp	0x140b5a033
reference	mandate-result-labels	0x140b58db0	0x140b59e95	jmp	0x140b5a033
reference	mandate-result-labels	0x140b58db0	0x140b59ea1	jmp	0x140b5a033
reference	mandate-result-labels	0x140b58db0	0x140b59ead	jmp	0x140b5a033
reference	mandate-result-labels	0x140b58db0	0x140b59eb9	jmp	0x140b5a033
reference	mandate-result-labels	0x140b58db0	0x140b59ec5	jmp	0x140b5a033
reference	mandate-result-labels	0x140b58db0	0x140b59ed1	jmp	0x140b5a033
reference	mandate-result-labels	0x140b58db0	0x140b59edd	jmp	0x140b5a033
reference	mandate-result-labels	0x140b58db0	0x140b59ee9	jmp	0x140b5a033
reference	mandate-result-labels	0x140b58db0	0x140b59ef5	jmp	0x140b5a033
reference	mandate-result-labels	0x140b58db0	0x140b59f01	jmp	0x140b5a033
reference	mandate-result-labels	0x140b58db0	0x140b59f0d	jmp	0x140b5a033
reference	mandate-result-labels	0x140b58db0	0x140b59f19	jmp	0x140b5a033
reference	mandate-result-labels	0x140b58db0	0x140b59f25	jmp	0x140b5a033
reference	mandate-result-labels	0x140b58db0	0x140b59f31	jmp	0x140b5a033
reference	mandate-result-labels	0x140b58db0	0x140b59f3d	jmp	0x140b5a033
reference	mandate-result-labels	0x140b58db0	0x140b59f49	jmp	0x140b5a033
reference	mandate-result-labels	0x140b58db0	0x140b59f55	jmp	0x140b5a033
reference	mandate-result-labels	0x140b58db0	0x140b59f61	jmp	0x140b5a033
reference	mandate-result-labels	0x140b58db0	0x140b59f6d	jmp	0x140b5a033
reference	mandate-result-labels	0x140b58db0	0x140b59f79	jmp	0x140b5a033
reference	mandate-result-labels	0x140b58db0	0x140b59f85	jmp	0x140b5a033
reference	mandate-result-labels	0x140b58db0	0x140b59f91	jmp	0x140b5a033
reference	mandate-result-labels	0x140b58db0	0x140b59f9d	jmp	0x140b5a033
reference	mandate-result-labels	0x140b58db0	0x140b59fa9	jmp	0x140b5a033
reference	mandate-result-labels	0x140b58db0	0x140b59fb5	jmp	0x140b5a033
reference	mandate-result-labels	0x140b58db0	0x140b59fbe	jmp	0x140b5a033
reference	mandate-result-labels	0x140b58db0	0x140b59fc7	jmp	0x140b5a033
reference	mandate-result-labels	0x140b58db0	0x140b59fd0	jmp	0x140b5a033
reference	mandate-result-labels	0x140b58db0	0x140b59fd9	jmp	0x140b5a033
reference	mandate-result-labels	0x140b58db0	0x140b59fe2	jmp	0x140b5a033
reference	mandate-result-labels	0x140b58db0	0x140b59feb	jmp	0x140b5a033
reference	mandate-result-labels	0x140b58db0	0x140b59ff4	jmp	0x140b5a033
reference	mandate-result-labels	0x140b58db0	0x140b59ffd	jmp	0x140b5a033
reference	mandate-result-labels	0x140b58db0	0x140b5a006	jmp	0x140b5a033
reference	mandate-result-labels	0x140b58db0	0x140b5a00f	jmp	0x140b5a033
reference	mandate-result-labels	0x140b58db0	0x140b5a018	jmp	0x140b5a033
reference	mandate-result-labels	0x140b58db0	0x140b5a021	jmp	0x140b5a033
reference	mandate-result-labels	0x140b58db0	0x140b5a02a	jmp	0x140b5a033
reference	mandate-result-labels	0x140b58db0	0x140b5a036	call	0x1400700a0
reference	mandate-result-labels	0x140b58db0	0x140b5a045	call	0x1400700a0
reference	mandate-result-labels	0x140b58db0	0x140b5a054	call	QWORD PTR [rip+0xa8b3fe]        # 0x1415e5458
reference	mandate-result-labels	0x140b58db0	0x140b5a061	je	0x140b5a0bf
reference	mandate-result-labels	0x140b58db0	0x140b5a06c	jbe	0x140b5a071
reference	mandate-result-labels	0x140b58db0	0x140b5a077	call	0x140070920
reference	mandate-result-labels	0x140b58db0	0x140b5a081	call	0x1400702c0
reference	mandate-result-labels	0x140b58db0	0x140b5a090	call	0x1400700a0
reference	mandate-result-labels	0x140b58db0	0x140b5a09a	call	QWORD PTR [rip+0xa8b3c0]        # 0x1415e5460
reference	mandate-result-labels	0x140b58db0	0x140b5a0aa	call	0x1400700a0
reference	mandate-result-labels	0x140b58db0	0x140b5a0b9	call	QWORD PTR [rip+0xa8b399]        # 0x1415e5458
reference	mandate-result-labels	0x140b58db0	0x140b5a194	je	0x140b5a126
reference	mandate-result-labels	0x140b58db0	0x140b5a1b8	loopne	0x140b5a14a
reference	mandate-result-labels	0x140b58db0	0x140b5a1e8	jo	0x140b5a17b
reference	mandate-result-labels	0x140b58db0	0x140b5a1ec	jl	0x140b5a17f
reference	mandate-result-labels	0x140b58db0	0x140b5a260	jb	0x140b5a1f5
reference	mandate-result-labels	0x140b58db0	0x140b5a264	jle	0x140b5a1f9
reference	mandate-result-labels	0x140b58db0	0x140b5a2ac	jp	0x140b5a242
reference	mandate-result-labels	0x140b58db0	0x140b5a2f8	jbe	0x140b5a28f
reference	mandate-result-labels	0x140b58db0	0x140b5a31c	loop	0x140b5a2b3
reference	mandate-result-labels	0x140b58db0	0x140b5a34c	jb	0x140b5a2e4
reference	mandate-result-labels	0x140b58db0	0x140b5a350	jle	0x140b5a2e8
reference	mandate-result-labels	0x140b58db0	0x140b5a3a4	jp	0x140b5a33d
reference	mandate-result-labels	0x140b58db0	0x140b5a3f8	jbe	0x140b5a392
reference	mandate-result-labels	0x140b58db0	0x140b5a41c	loop	0x140b5a3b6
reference	mandate-result-labels	0x140b58db0	0x140b5a44c	jb	0x140b5a3e7
reference	mandate-result-labels	0x140b58db0	0x140b5a450	jle	0x140b5a3eb
reference	mandate-result-labels	0x140b58db0	0x140b5a4a4	jp	0x140b5a440
reference	mandate-result-labels	0x140b58db0	0x140b5a508	loop	0x140b5a4a5
reference	mandate-result-labels	0x140b58db0	0x140b5a570	jp	0x140b5a50f
reference	mandate-result-labels	0x140b58db0	0x140b5a5c0	jbe	0x140b5a560
reference	mandate-result-labels	0x140b58db0	0x140b5a620	jle	0x140b5a5c1
reference	mandate-result-labels	0x140b58db0	0x140b5a65c	call	FWORD PTR [rdi-0x5ff7ff4b]
reference	mandate-result-labels	0x140b58db0	0x140b5a68c	loop	0x140b5a62c
reference	mandate-result-labels	0x140b58db0	0x140b5a6a0	jbe	0x140b5a63d
reference	mandate-result-labels	0x140b58db0	0x140b5a6a4	jb	0x140b5a642
reference	mandate-result-labels	0x140b58db0	0x140b5a6a8	jle	0x140b5a646
classic	demand-change	0x141345b80	0x141345bbd	je	0x1413469d5
classic	demand-change	0x141345b80	0x141345bed	js	0x141345d98
classic	demand-change	0x141345b80	0x141345c1f	jle	0x141345d8b
classic	demand-change	0x141345b80	0x141345c2c	jne	0x141345c3c
classic	demand-change	0x141345b80	0x141345c35	jne	0x141345c49
classic	demand-change	0x141345b80	0x141345c37	jmp	0x141345d47
classic	demand-change	0x141345b80	0x141345c43	je	0x141345d47
classic	demand-change	0x141345b80	0x141345c66	call	0x14132bba0
classic	demand-change	0x141345b80	0x141345c7c	call	0x14006f9a0
classic	demand-change	0x141345b80	0x141345d06	call	0x1400e3bb0
classic	demand-change	0x141345b80	0x141345d14	jbe	0x141345d47
classic	demand-change	0x141345b80	0x141345d27	jb	0x141345d42
classic	demand-change	0x141345b80	0x141345d3c	ja	0x141345ec0
classic	demand-change	0x141345b80	0x141345d42	call	0x1415345f0
classic	demand-change	0x141345b80	0x141345d57	call	0x1415345f0
classic	demand-change	0x141345b80	0x141345d78	call	0x141535d8a
classic	demand-change	0x141345b80	0x141345d92	jns	0x141345c00
classic	demand-change	0x141345b80	0x141345d9f	jne	0x1413469d5
classic	demand-change	0x141345b80	0x141345daf	jne	0x1413469d5
classic	demand-change	0x141345b80	0x141345dbd	jne	0x1413469d5
classic	demand-change	0x141345b80	0x141345dce	je	0x1413469d5
classic	demand-change	0x141345b80	0x141345dd8	je	0x1413469d5
classic	demand-change	0x141345b80	0x141345de6	jg	0x1413469d5
classic	demand-change	0x141345b80	0x141345df4	jge	0x1413469d5
classic	demand-change	0x141345b80	0x141345e01	jge	0x1413469d5
classic	demand-change	0x141345b80	0x141345e0e	jg	0x1413469d5
classic	demand-change	0x141345b80	0x141345e1c	jg	0x1413469d5
classic	demand-change	0x141345b80	0x141345e2a	jg	0x1413469d5
classic	demand-change	0x141345b80	0x141345e37	jg	0x1413469d5
classic	demand-change	0x141345b80	0x141345e44	jg	0x1413469d5
classic	demand-change	0x141345b80	0x141345e4d	call	0x14014d8d0
classic	demand-change	0x141345b80	0x141345e54	jg	0x1413469d5
classic	demand-change	0x141345b80	0x141345e5d	call	0x141389c90
classic	demand-change	0x141345b80	0x141345e64	je	0x1413469d5
classic	demand-change	0x141345b80	0x141345e93	je	0x141345eed
classic	demand-change	0x141345b80	0x141345eab	jl	0x141345eca
classic	demand-change	0x141345b80	0x141345eb2	call	0x141345890
classic	demand-change	0x141345b80	0x141345eb9	je	0x141345ec7
classic	demand-change	0x141345b80	0x141345ebe	jmp	0x141345eca
classic	demand-change	0x141345b80	0x141345ec0	call	QWORD PTR [rip+0x29abda]        # 0x1415e0aa0
classic	demand-change	0x141345b80	0x141345eeb	jb	0x141345ea0
classic	demand-change	0x141345b80	0x141345ef3	call	0x141346ef0
classic	demand-change	0x141345b80	0x141345f06	jl	0x141345f16
classic	demand-change	0x141345b80	0x141345f0c	jl	0x141345f16
classic	demand-change	0x141345b80	0x141345f11	jmp	0x141345f9d
classic	demand-change	0x141345b80	0x141345f19	call	0x141346ef0
classic	demand-change	0x141345b80	0x141345f22	jl	0x141345f2f
classic	demand-change	0x141345b80	0x141345f28	jl	0x141345f2f
classic	demand-change	0x141345b80	0x141345f2d	jmp	0x141345f9d
classic	demand-change	0x141345b80	0x141345f32	call	0x141346ef0
classic	demand-change	0x141345b80	0x141345f3c	jl	0x141345f49
classic	demand-change	0x141345b80	0x141345f42	jl	0x141345f49
classic	demand-change	0x141345b80	0x141345f47	jmp	0x141345f9d
classic	demand-change	0x141345b80	0x141345f4c	call	0x141346ef0
classic	demand-change	0x141345b80	0x141345f55	jg	0x141345f64
classic	demand-change	0x141345b80	0x141345f5b	jg	0x141345f64
classic	demand-change	0x141345b80	0x141345f62	jmp	0x141345f9d
classic	demand-change	0x141345b80	0x141345f67	call	0x141346ef0
classic	demand-change	0x141345b80	0x141345f72	jg	0x141345f81
classic	demand-change	0x141345b80	0x141345f78	jg	0x141345f81
classic	demand-change	0x141345b80	0x141345f7f	jmp	0x141345f9d
classic	demand-change	0x141345b80	0x141345f84	call	0x141346ef0
classic	demand-change	0x141345b80	0x141345f90	jg	0x141345fd3
classic	demand-change	0x141345b80	0x141345f96	jg	0x141345fd3
classic	demand-change	0x141345b80	0x141345fce	call	0x1413eaef0
classic	demand-change	0x141345b80	0x141345fe8	call	0x141346ef0
classic	demand-change	0x141345b80	0x141345ff3	jae	0x1413469d5
classic	demand-change	0x141345b80	0x141346002	jbe	0x141346042
classic	demand-change	0x141345b80	0x141346004	call	0x140eb1820
classic	demand-change	0x141345b80	0x14134603c	jne	0x1413469d5
classic	demand-change	0x141345b80	0x141346053	jae	0x141346071
classic	demand-change	0x141345b80	0x14134605c	je	0x141346064
classic	demand-change	0x141345b80	0x141346062	jmp	0x141346050
classic	demand-change	0x141345b80	0x14134606b	jne	0x1413469d5
classic	demand-change	0x141345b80	0x1413460bc	call	0x141345550
classic	demand-change	0x141345b80	0x1413460c4	jle	0x1413460e1
classic	demand-change	0x141345b80	0x1413460d7	call	0x140070fd0
classic	demand-change	0x141345b80	0x1413460ea	jle	0x141346122
classic	demand-change	0x141345b80	0x1413460f5	je	0x141346106
classic	demand-change	0x141345b80	0x141346104	jmp	0x141346122
classic	demand-change	0x141345b80	0x141346113	call	0x140070fd0
classic	demand-change	0x141345b80	0x141346126	jle	0x14134615e
classic	demand-change	0x141345b80	0x141346131	je	0x141346142
classic	demand-change	0x141345b80	0x141346140	jmp	0x14134615e
classic	demand-change	0x141345b80	0x14134614f	call	0x140070fd0
classic	demand-change	0x141345b80	0x141346168	jle	0x14134619b
classic	demand-change	0x141345b80	0x141346173	je	0x141346184
classic	demand-change	0x141345b80	0x141346182	jmp	0x14134619b
classic	demand-change	0x141345b80	0x141346191	call	0x140070fd0
classic	demand-change	0x141345b80	0x1413461a6	je	0x1413469a3
classic	demand-change	0x141345b80	0x1413461af	ja	0x1413461b5
classic	demand-change	0x141345b80	0x1413461b3	jmp	0x1413461eb
classic	demand-change	0x141345b80	0x1413461b5	call	0x140eb1820
classic	demand-change	0x141345b80	0x141346220	je	0x14134631f
classic	demand-change	0x141345b80	0x14134623f	jne	0x1413462e7
classic	demand-change	0x141345b80	0x141346249	je	0x1413462e7
classic	demand-change	0x141345b80	0x141346258	ja	0x1413462e7
classic	demand-change	0x141345b80	0x141346274	jmp	rcx
classic	demand-change	0x141345b80	0x14134627c	je	0x14134628a
classic	demand-change	0x141345b80	0x141346288	jmp	0x1413462a2
classic	demand-change	0x141345b80	0x141346295	call	0x140284be0
classic	demand-change	0x141345b80	0x1413462bf	je	0x1413462cf
classic	demand-change	0x141345b80	0x1413462cd	jmp	0x1413462e7
classic	demand-change	0x141345b80	0x1413462da	call	0x140070fd0
classic	demand-change	0x141345b80	0x141346314	jb	0x141346230
classic	demand-change	0x141345b80	0x141346333	je	0x1413463c1
classic	demand-change	0x141345b80	0x141346339	call	0x140eb1820
classic	demand-change	0x141345b80	0x141346369	jae	0x1413463c7
classic	demand-change	0x141345b80	0x14134636e	ja	0x141346374
classic	demand-change	0x141345b80	0x141346372	jmp	0x1413463aa
classic	demand-change	0x141345b80	0x141346374	call	0x140eb1820
classic	demand-change	0x141345b80	0x1413463bc	jmp	0x14134651a
classic	demand-change	0x141345b80	0x1413463c7	call	0x140eb1820
classic	demand-change	0x141345b80	0x1413463f1	jae	0x141346510
classic	demand-change	0x141345b80	0x14134641d	jmp	rcx
classic	demand-change	0x141345b80	0x14134642b	jmp	0x14134651a
classic	demand-change	0x141345b80	0x14134643c	jmp	0x14134651a
classic	demand-change	0x141345b80	0x141346445	jne	0x141346510
classic	demand-change	0x141345b80	0x141346465	je	0x141346489
classic	demand-change	0x141345b80	0x141346479	je	0x141346489
classic	demand-change	0x141345b80	0x141346487	jb	0x141346470
classic	demand-change	0x141345b80	0x1413464a0	jmp	0x14134651a
classic	demand-change	0x141345b80	0x1413464ae	jmp	0x14134651a
classic	demand-change	0x141345b80	0x1413464bc	jmp	0x14134651a
classic	demand-change	0x141345b80	0x1413464ca	jmp	0x14134651a
classic	demand-change	0x141345b80	0x1413464d8	jmp	0x14134651a
classic	demand-change	0x141345b80	0x1413464e6	jmp	0x14134651a
classic	demand-change	0x141345b80	0x1413464f4	jmp	0x14134651a
classic	demand-change	0x141345b80	0x141346500	jmp	0x14134651a
classic	demand-change	0x141345b80	0x14134650e	jmp	0x14134651a
classic	demand-change	0x141345b80	0x14134653f	je	0x14134666d
classic	demand-change	0x141345b80	0x141346560	jne	0x14134663f
classic	demand-change	0x141345b80	0x14134656b	je	0x14134663f
classic	demand-change	0x141345b80	0x141346582	call	0x1408bdc20
classic	demand-change	0x141345b80	0x141346589	je	0x14134663f
classic	demand-change	0x141345b80	0x1413465b0	call	0x14143a7f0
classic	demand-change	0x141345b80	0x1413465b7	je	0x14134663f
classic	demand-change	0x141345b80	0x1413465db	je	0x1413465ea
classic	demand-change	0x141345b80	0x1413465e8	jmp	0x1413465fe
classic	demand-change	0x141345b80	0x1413465f5	call	0x140070fd0
classic	demand-change	0x141345b80	0x14134661c	je	0x14134662b
classic	demand-change	0x141345b80	0x141346629	jmp	0x14134663f
classic	demand-change	0x141345b80	0x141346636	call	0x140070fd0
classic	demand-change	0x141345b80	0x141346665	jb	0x141346550
classic	demand-change	0x141345b80	0x141346677	je	0x1413466fd
classic	demand-change	0x141345b80	0x141346680	ja	0x141346686
classic	demand-change	0x141345b80	0x141346684	jmp	0x1413466be
classic	demand-change	0x141345b80	0x141346686	call	0x140eb1820
classic	demand-change	0x141345b80	0x1413466d7	jne	0x1413467cc
classic	demand-change	0x141345b80	0x1413466e2	jne	0x141346781
classic	demand-change	0x141345b80	0x1413466f2	jne	0x1413467e3
classic	demand-change	0x141345b80	0x1413466f8	jmp	0x1413469a3
classic	demand-change	0x141345b80	0x14134670c	jne	0x1413466dd
classic	demand-change	0x141345b80	0x14134670e	call	0x140eb1820
classic	demand-change	0x141345b80	0x14134673c	jb	0x1413467dd
classic	demand-change	0x141345b80	0x141346742	call	0x140eb1820
classic	demand-change	0x141345b80	0x141346771	jb	0x14134677a
classic	demand-change	0x141345b80	0x141346778	jmp	0x1413467e3
classic	demand-change	0x141345b80	0x14134677f	jmp	0x1413467e3
classic	demand-change	0x141345b80	0x141346786	jne	0x14134679a
classic	demand-change	0x141345b80	0x141346793	jne	0x1413467e3
classic	demand-change	0x141345b80	0x141346795	jmp	0x1413469a3
classic	demand-change	0x141345b80	0x14134679f	jne	0x1413467b3
classic	demand-change	0x141345b80	0x1413467ac	jne	0x1413467e3
classic	demand-change	0x141345b80	0x1413467ae	jmp	0x1413469a3
classic	demand-change	0x141345b80	0x1413467b8	jne	0x1413467cc
classic	demand-change	0x141345b80	0x1413467c5	jne	0x1413467e3
classic	demand-change	0x141345b80	0x1413467c7	jmp	0x1413469a3
classic	demand-change	0x141345b80	0x1413467d1	jne	0x1413467dd
classic	demand-change	0x141345b80	0x1413467d7	je	0x1413469a3
classic	demand-change	0x141345b80	0x1413467ea	jne	0x1413467fa
classic	demand-change	0x141345b80	0x1413467f3	jne	0x141346807
classic	demand-change	0x141345b80	0x1413467f5	jmp	0x14134690f
classic	demand-change	0x141345b80	0x141346801	je	0x14134690f
classic	demand-change	0x141345b80	0x14134682b	call	0x14132bba0
classic	demand-change	0x141345b80	0x141346841	call	0x14006f9a0
classic	demand-change	0x141345b80	0x1413468cb	call	0x1400e3bb0
classic	demand-change	0x141345b80	0x1413468d9	jbe	0x14134690f
classic	demand-change	0x141345b80	0x1413468ec	jb	0x14134690a
classic	demand-change	0x141345b80	0x141346901	jbe	0x14134690a
classic	demand-change	0x141345b80	0x141346903	call	QWORD PTR [rip+0x29a197]        # 0x1415e0aa0
classic	demand-change	0x141345b80	0x14134690a	call	0x1415345f0
classic	demand-change	0x141345b80	0x141346914	call	0x141534600
classic	demand-change	0x141345b80	0x14134693f	call	0x140eb1820
classic	demand-change	0x141345b80	0x14134698d	je	0x141346999
classic	demand-change	0x141345b80	0x141346997	jmp	0x1413469a3
classic	demand-change	0x141345b80	0x14134699d	call	0x1400bacc0
classic	demand-change	0x141345b80	0x1413469a8	call	0x14006f740
classic	demand-change	0x141345b80	0x1413469b2	call	0x14006f740
classic	demand-change	0x141345b80	0x1413469bc	call	0x14006f740
classic	demand-change	0x141345b80	0x1413469c6	call	0x14006f740
classic	demand-change	0x141345b80	0x1413469d0	call	0x14006f6e0
classic	demand-change	0x141345b80	0x1413469dc	call	0x1415345d0
classic	demand-change	0x141345b80	0x141346a04	jbe	0x141346a68
classic	demand-change	0x141345b80	0x141346a80	call	0x137359ee9
classic	mandate-cancel	0x140e34880	0x140e348bf	je	0x140e3ac2f
classic	mandate-cancel	0x140e34880	0x140e348d2	call	0x14006f620
classic	mandate-cancel	0x140e34880	0x140e348fc	jne	0x140e3490a
classic	mandate-cancel	0x140e34880	0x140e348fe	call	0x140ab1550
classic	mandate-cancel	0x140e34880	0x140e34927	jne	0x140e3493c
classic	mandate-cancel	0x140e34880	0x140e34930	call	0x140e609c0
classic	mandate-cancel	0x140e34880	0x140e34967	jne	0x140e34a09
classic	mandate-cancel	0x140e34880	0x140e34978	call	0x14006f1d0
classic	mandate-cancel	0x140e34880	0x140e34988	call	0x14006f1c0
classic	mandate-cancel	0x140e34880	0x140e3499a	call	0x14006edb0
classic	mandate-cancel	0x140e34880	0x140e349a4	call	0x140065740
classic	mandate-cancel	0x140e34880	0x140e349ab	je	0x140e34a02
classic	mandate-cancel	0x140e34880	0x140e349b4	call	0x14006eda0
classic	mandate-cancel	0x140e34880	0x140e349d4	call	0x1409e3000
classic	mandate-cancel	0x140e34880	0x140e349dd	call	0x14006ed90
classic	mandate-cancel	0x140e34880	0x140e349ef	call	0x14006edb0
classic	mandate-cancel	0x140e34880	0x140e349f9	call	0x140065740
classic	mandate-cancel	0x140e34880	0x140e34a00	jne	0x140e349b0
classic	mandate-cancel	0x140e34880	0x140e34a2c	jne	0x140e34a3a
classic	mandate-cancel	0x140e34880	0x140e34a2e	call	0x140e31530
classic	mandate-cancel	0x140e34880	0x140e34a5d	jne	0x140e34a72
classic	mandate-cancel	0x140e34880	0x140e34a66	call	0x1402b3550
classic	mandate-cancel	0x140e34880	0x140e34aa2	jne	0x140e34e0c
classic	mandate-cancel	0x140e34880	0x140e34ad0	call	0x14006f1d0
classic	mandate-cancel	0x140e34880	0x140e34ae0	call	0x14006f1c0
classic	mandate-cancel	0x140e34880	0x140e34af2	call	0x14006edb0
classic	mandate-cancel	0x140e34880	0x140e34afc	call	0x140065740
classic	mandate-cancel	0x140e34880	0x140e34b03	je	0x140e34e05
classic	mandate-cancel	0x140e34880	0x140e34b14	call	0x14006eda0
classic	mandate-cancel	0x140e34880	0x140e34b3b	jne	0x140e34dd5
classic	mandate-cancel	0x140e34880	0x140e34b48	call	0x140065a90
classic	mandate-cancel	0x140e34880	0x140e34b59	call	0x14006f1d0
classic	mandate-cancel	0x140e34880	0x140e34b69	call	0x14006f1c0
classic	mandate-cancel	0x140e34880	0x140e34b7b	call	0x14006edb0
classic	mandate-cancel	0x140e34880	0x140e34b85	call	0x140065740
classic	mandate-cancel	0x140e34880	0x140e34b8c	je	0x140e34d0a
classic	mandate-cancel	0x140e34880	0x140e34b96	call	0x14006eda0
classic	mandate-cancel	0x140e34880	0x140e34ba4	call	0x140072670
classic	mandate-cancel	0x140e34880	0x140e34bb0	je	0x140e34cdd
classic	mandate-cancel	0x140e34880	0x140e34bbf	call	0x14006f1d0
classic	mandate-cancel	0x140e34880	0x140e34bd0	call	0x14006f1c0
classic	mandate-cancel	0x140e34880	0x140e34be3	call	0x14006edb0
classic	mandate-cancel	0x140e34880	0x140e34bed	call	0x140065740
classic	mandate-cancel	0x140e34880	0x140e34bf4	je	0x140e34cdd
classic	mandate-cancel	0x140e34880	0x140e34c05	call	0x14006eda0
classic	mandate-cancel	0x140e34880	0x140e34c10	call	QWORD PTR [rax+0x10]
classic	mandate-cancel	0x140e34880	0x140e34c16	jne	0x140e34c33
classic	mandate-cancel	0x140e34880	0x140e34c1d	call	0x14006eda0
classic	mandate-cancel	0x140e34880	0x140e34c28	call	QWORD PTR [rax+0x60]
classic	mandate-cancel	0x140e34880	0x140e34c31	je	0x140e34c60
classic	mandate-cancel	0x140e34880	0x140e34c38	call	0x14006ed90
classic	mandate-cancel	0x140e34880	0x140e34c4b	call	0x14006edb0
classic	mandate-cancel	0x140e34880	0x140e34c55	call	0x140065740
classic	mandate-cancel	0x140e34880	0x140e34c5c	jne	0x140e34c00
classic	mandate-cancel	0x140e34880	0x140e34c5e	jmp	0x140e34cdd
classic	mandate-cancel	0x140e34880	0x140e34c65	call	0x14006eda0
classic	mandate-cancel	0x140e34880	0x140e34c74	call	0x1400721c0
classic	mandate-cancel	0x140e34880	0x140e34c7d	call	0x1400721c0
classic	mandate-cancel	0x140e34880	0x140e34c9f	call	0x140c88ca0
classic	mandate-cancel	0x140e34880	0x140e34ca6	jne	0x140e34cd9
classic	mandate-cancel	0x140e34880	0x140e34caf	call	0x140c8b210
classic	mandate-cancel	0x140e34880	0x140e34cb6	jne	0x140e34cd9
classic	mandate-cancel	0x140e34880	0x140e34cbd	je	0x140e34cd1
classic	mandate-cancel	0x140e34880	0x140e34cca	call	0x1400b9910
classic	mandate-cancel	0x140e34880	0x140e34ccf	jmp	0x140e34cdd
classic	mandate-cancel	0x140e34880	0x140e34cd7	jmp	0x140e34cdd
classic	mandate-cancel	0x140e34880	0x140e34ce1	call	0x14006f2e0
classic	mandate-cancel	0x140e34880	0x140e34cf3	call	0x14006edb0
classic	mandate-cancel	0x140e34880	0x140e34cfd	call	0x140065740
classic	mandate-cancel	0x140e34880	0x140e34d04	jne	0x140e34b92
classic	mandate-cancel	0x140e34880	0x140e34d16	call	0x14006f1d0
classic	mandate-cancel	0x140e34880	0x140e34d26	call	0x14006f1c0
classic	mandate-cancel	0x140e34880	0x140e34d39	call	0x14006edb0
classic	mandate-cancel	0x140e34880	0x140e34d43	call	0x140065740
classic	mandate-cancel	0x140e34880	0x140e34d4a	je	0x140e34dc9
classic	mandate-cancel	0x140e34880	0x140e34d55	call	0x14006eda0
classic	mandate-cancel	0x140e34880	0x140e34d67	call	0x140282650
classic	mandate-cancel	0x140e34880	0x140e34d71	call	0x14006eda0
classic	mandate-cancel	0x140e34880	0x140e34d85	call	0x140cae460
classic	mandate-cancel	0x140e34880	0x140e34d8f	call	0x14006eda0
classic	mandate-cancel	0x140e34880	0x140e34da3	call	0x14006ed90
classic	mandate-cancel	0x140e34880	0x140e34db6	call	0x14006edb0
classic	mandate-cancel	0x140e34880	0x140e34dc0	call	0x140065740
classic	mandate-cancel	0x140e34880	0x140e34dc7	jne	0x140e34d50
classic	mandate-cancel	0x140e34880	0x140e34dd0	call	0x1400670f0
classic	mandate-cancel	0x140e34880	0x140e34dd9	call	0x14006ed90
classic	mandate-cancel	0x140e34880	0x140e34dee	call	0x14006edb0
classic	mandate-cancel	0x140e34880	0x140e34df8	call	0x140065740
classic	mandate-cancel	0x140e34880	0x140e34dff	jne	0x140e34b10
classic	mandate-cancel	0x140e34880	0x140e34e2e	jne	0x140e3505c
classic	mandate-cancel	0x140e34880	0x140e34e3f	call	0x14006f1d0
classic	mandate-cancel	0x140e34880	0x140e34e4f	call	0x14006f1c0
classic	mandate-cancel	0x140e34880	0x140e34e61	call	0x14006edb0
classic	mandate-cancel	0x140e34880	0x140e34e6b	call	0x140065740
classic	mandate-cancel	0x140e34880	0x140e34e72	je	0x140e3505c
classic	mandate-cancel	0x140e34880	0x140e34e94	call	0x14006eda0
classic	mandate-cancel	0x140e34880	0x140e34ea8	jne	0x140e3502f
classic	mandate-cancel	0x140e34880	0x140e34eba	jne	0x140e3502f
classic	mandate-cancel	0x140e34880	0x140e34ec4	jne	0x140e3502f
classic	mandate-cancel	0x140e34880	0x140e34ed5	jne	0x140e3502f
classic	mandate-cancel	0x140e34880	0x140e34eea	js	0x140e3502f
classic	mandate-cancel	0x140e34880	0x140e34eff	jl	0x140e34f06
classic	mandate-cancel	0x140e34880	0x140e34f04	jmp	0x140e34f10
classic	mandate-cancel	0x140e34880	0x140e34f09	jne	0x140e34f10
classic	mandate-cancel	0x140e34880	0x140e34f15	jge	0x140e34f20
classic	mandate-cancel	0x140e34880	0x140e34f1a	je	0x140e3502f
classic	mandate-cancel	0x140e34880	0x140e34f35	call	0x140073b00
classic	mandate-cancel	0x140e34880	0x140e34f40	je	0x140e3502f
classic	mandate-cancel	0x140e34880	0x140e34f4d	call	0x14006f620
classic	mandate-cancel	0x140e34880	0x140e34f5a	call	0x14006f620
classic	mandate-cancel	0x140e34880	0x140e34f63	call	0x1413e0a00
classic	mandate-cancel	0x140e34880	0x140e34f6b	je	0x140e34f73
classic	mandate-cancel	0x140e34880	0x140e34f71	jne	0x140e34f86
classic	mandate-cancel	0x140e34880	0x140e34f81	call	0x14006f510
classic	mandate-cancel	0x140e34880	0x140e34f93	call	0x14132bba0
classic	mandate-cancel	0x140e34880	0x140e34fa6	call	0x1400b9ca0
classic	mandate-cancel	0x140e34880	0x140e34fb9	call	0x14006f4f0
classic	mandate-cancel	0x140e34880	0x140e34fc5	call	0x14007db70
classic	mandate-cancel	0x140e34880	0x140e34fdb	jne	0x140e34fe4
classic	mandate-cancel	0x140e34880	0x140e35010	call	0x1400e3bb0
classic	mandate-cancel	0x140e34880	0x140e3501d	call	0x140067dc0
classic	mandate-cancel	0x140e34880	0x140e3502a	call	0x140067dc0
classic	mandate-cancel	0x140e34880	0x140e35033	call	0x14006ed90
classic	mandate-cancel	0x140e34880	0x140e35045	call	0x14006edb0
classic	mandate-cancel	0x140e34880	0x140e3504f	call	0x140065740
classic	mandate-cancel	0x140e34880	0x140e35056	jne	0x140e34e90
classic	mandate-cancel	0x140e34880	0x140e35065	call	0x140e60990
classic	mandate-cancel	0x140e34880	0x140e35071	call	0x140e609a0
classic	mandate-cancel	0x140e34880	0x140e3507d	call	0x14006ede0
classic	mandate-cancel	0x140e34880	0x140e35088	js	0x140e350af
classic	mandate-cancel	0x140e34880	0x140e3509a	call	0x14006f1b0
classic	mandate-cancel	0x140e34880	0x140e350a2	call	0x140e4e7e0
classic	mandate-cancel	0x140e34880	0x140e350ad	jns	0x140e35090
classic	mandate-cancel	0x140e34880	0x140e350c8	jne	0x140e35299
classic	mandate-cancel	0x140e34880	0x140e350d5	je	0x140e35299
classic	mandate-cancel	0x140e34880	0x140e350e2	jne	0x140e3522b
classic	mandate-cancel	0x140e34880	0x140e350f1	call	0x14006ede0
classic	mandate-cancel	0x140e34880	0x140e350f9	je	0x140e35232
classic	mandate-cancel	0x140e34880	0x140e3510b	call	0x14006f1b0
classic	mandate-cancel	0x140e34880	0x140e3511a	jne	0x140e3520f
classic	mandate-cancel	0x140e34880	0x140e3512a	call	0x14006f1b0
classic	mandate-cancel	0x140e34880	0x140e35139	jne	0x140e3520f
classic	mandate-cancel	0x140e34880	0x140e35149	call	0x14006f1b0
classic	mandate-cancel	0x140e34880	0x140e35151	call	0x141369770
classic	mandate-cancel	0x140e34880	0x140e35158	jne	0x140e3520f
classic	mandate-cancel	0x140e34880	0x140e35168	call	0x14006f1b0
classic	mandate-cancel	0x140e34880	0x140e3517b	ja	0x140e3520f
classic	mandate-cancel	0x140e34880	0x140e35195	jmp	rcx
classic	mandate-cancel	0x140e34880	0x140e351a1	call	0x14006f1b0
classic	mandate-cancel	0x140e34880	0x140e351b0	jge	0x140e3520f
classic	mandate-cancel	0x140e34880	0x140e351b9	call	0x1400724a0
classic	mandate-cancel	0x140e34880	0x140e351dc	call	0x14006f1b0
classic	mandate-cancel	0x140e34880	0x140e351eb	call	0x1413eaef0
classic	mandate-cancel	0x140e34880	0x140e351fa	call	0x14006f1b0
classic	mandate-cancel	0x140e34880	0x140e3520a	call	0x14133cdd0
classic	mandate-cancel	0x140e34880	0x140e3521b	call	0x14006ede0
classic	mandate-cancel	0x140e34880	0x140e35223	jb	0x140e35101
classic	mandate-cancel	0x140e34880	0x140e35229	jmp	0x140e35232
classic	mandate-cancel	0x140e34880	0x140e3523b	call	0x14006ede0
classic	mandate-cancel	0x140e34880	0x140e35243	je	0x140e35299
classic	mandate-cancel	0x140e34880	0x140e3525a	call	0x14006f1b0
classic	mandate-cancel	0x140e34880	0x140e35269	jne	0x140e35283
classic	mandate-cancel	0x140e34880	0x140e35275	call	0x14006f1b0
classic	mandate-cancel	0x140e34880	0x140e3528f	call	0x14006ede0
classic	mandate-cancel	0x140e34880	0x140e35297	jb	0x140e35250
classic	mandate-cancel	0x140e34880	0x140e352a0	jne	0x140e354ad
classic	mandate-cancel	0x140e34880	0x140e352b0	jne	0x140e354ba
classic	mandate-cancel	0x140e34880	0x140e3539d	call	0x141535a06
classic	mandate-cancel	0x140e34880	0x140e353b1	call	0x141535a06
classic	mandate-cancel	0x140e34880	0x140e353c5	call	0x141535a06
classic	mandate-cancel	0x140e34880	0x140e353d9	call	0x141535a06
classic	mandate-cancel	0x140e34880	0x140e353ed	call	0x141535a06
classic	mandate-cancel	0x140e34880	0x140e35401	call	0x141535a06
classic	mandate-cancel	0x140e34880	0x140e35415	call	0x141535a06
classic	mandate-cancel	0x140e34880	0x140e35421	call	0x14006ede0
classic	mandate-cancel	0x140e34880	0x140e3542d	js	0x140e354ad
classic	mandate-cancel	0x140e34880	0x140e3545a	call	0x14006f1b0
classic	mandate-cancel	0x140e34880	0x140e35473	call	0x14006f1b0
classic	mandate-cancel	0x140e34880	0x140e35488	jge	0x140e35450
classic	mandate-cancel	0x140e34880	0x140e35494	call	0x14006f1b0
classic	mandate-cancel	0x140e34880	0x140e354ab	jns	0x140e35440
classic	mandate-cancel	0x140e34880	0x140e354b4	je	0x140e356aa
classic	mandate-cancel	0x140e34880	0x140e354c1	jne	0x140e35fae
classic	mandate-cancel	0x140e34880	0x140e354d4	call	0x14007da80
classic	mandate-cancel	0x140e34880	0x140e354eb	call	0x14006f1d0
classic	mandate-cancel	0x140e34880	0x140e354fb	call	0x14006f1c0
classic	mandate-cancel	0x140e34880	0x140e3550e	call	0x14006edb0
classic	mandate-cancel	0x140e34880	0x140e35518	call	0x140065740
classic	mandate-cancel	0x140e34880	0x140e3551f	je	0x140e355d6
classic	mandate-cancel	0x140e34880	0x140e3552a	call	0x14006eda0
classic	mandate-cancel	0x140e34880	0x140e35538	jne	0x140e355a2
classic	mandate-cancel	0x140e34880	0x140e3553f	call	0x14006eda0
classic	mandate-cancel	0x140e34880	0x140e35547	call	0x1400750a0
classic	mandate-cancel	0x140e34880	0x140e3554f	jne	0x140e355a2
classic	mandate-cancel	0x140e34880	0x140e35556	call	0x14006eda0
classic	mandate-cancel	0x140e34880	0x140e35567	jne	0x140e355a2
classic	mandate-cancel	0x140e34880	0x140e3556e	call	0x14006eda0
classic	mandate-cancel	0x140e34880	0x140e35584	call	0x14006eda0
classic	mandate-cancel	0x140e34880	0x140e355a0	jl	0x140e355d3
classic	mandate-cancel	0x140e34880	0x140e355a7	call	0x14006ed90
classic	mandate-cancel	0x140e34880	0x140e355ba	call	0x14006edb0
classic	mandate-cancel	0x140e34880	0x140e355c4	call	0x140065740
classic	mandate-cancel	0x140e34880	0x140e355cb	jne	0x140e35525
classic	mandate-cancel	0x140e34880	0x140e355d1	jmp	0x140e355d6
classic	mandate-cancel	0x140e34880	0x140e355e4	call	0x1407c5ee0
classic	mandate-cancel	0x140e34880	0x140e355ec	je	0x140e3563b
classic	mandate-cancel	0x140e34880	0x140e355fa	call	0x1407c5ed0
classic	mandate-cancel	0x140e34880	0x140e35606	jne	0x140e35620
classic	mandate-cancel	0x140e34880	0x140e35612	call	0x1407c5ed0
classic	mandate-cancel	0x140e34880	0x140e3561e	je	0x140e35638
classic	mandate-cancel	0x140e34880	0x140e3562c	call	0x1407c5ee0
classic	mandate-cancel	0x140e34880	0x140e35634	jb	0x140e355f0
classic	mandate-cancel	0x140e34880	0x140e35636	jmp	0x140e3563b
classic	mandate-cancel	0x140e34880	0x140e3563e	jne	0x140e356a8
classic	mandate-cancel	0x140e34880	0x140e35643	jne	0x140e356a8
classic	mandate-cancel	0x140e34880	0x140e35648	je	0x140e356a8
classic	mandate-cancel	0x140e34880	0x140e3564f	call	0x141534600
classic	mandate-cancel	0x140e34880	0x140e3565e	call	0x14078eae0
classic	mandate-cancel	0x140e34880	0x140e3567f	call	0x140071ec0
classic	mandate-cancel	0x140e34880	0x140e356a3	call	0x1409e1c20
classic	mandate-cancel	0x140e34880	0x140e356b1	jne	0x140e35fae
classic	mandate-cancel	0x140e34880	0x140e356be	call	0x140e60ae0
classic	mandate-cancel	0x140e34880	0x140e356ca	call	0x1413867e0
classic	mandate-cancel	0x140e34880	0x140e356dc	call	0x14007da80
classic	mandate-cancel	0x140e34880	0x140e356ee	call	0x14006ede0
classic	mandate-cancel	0x140e34880	0x140e356f6	je	0x140e36abc
classic	mandate-cancel	0x140e34880	0x140e3570a	call	0x14006f1b0
classic	mandate-cancel	0x140e34880	0x140e35719	jne	0x140e35f8e
classic	mandate-cancel	0x140e34880	0x140e35729	call	0x14006f1b0
classic	mandate-cancel	0x140e34880	0x140e35738	jne	0x140e3575b
classic	mandate-cancel	0x140e34880	0x140e35744	call	0x14006f1b0
classic	mandate-cancel	0x140e34880	0x140e35755	jne	0x140e35f8e
classic	mandate-cancel	0x140e34880	0x140e3575f	call	0x140065a90
classic	mandate-cancel	0x140e34880	0x140e3576f	call	0x14006f1b0
classic	mandate-cancel	0x140e34880	0x140e35783	call	0x14006f1d0
classic	mandate-cancel	0x140e34880	0x140e35793	call	0x14006f1c0
classic	mandate-cancel	0x140e34880	0x140e357a6	call	0x14006edb0
classic	mandate-cancel	0x140e34880	0x140e357b0	call	0x140065740
classic	mandate-cancel	0x140e34880	0x140e357b7	je	0x140e359ed
classic	mandate-cancel	0x140e34880	0x140e357c5	call	0x14006eda0
classic	mandate-cancel	0x140e34880	0x140e357cd	call	0x1400750a0
classic	mandate-cancel	0x140e34880	0x140e357d5	jne	0x140e359be
classic	mandate-cancel	0x140e34880	0x140e357e0	call	0x14006eda0
classic	mandate-cancel	0x140e34880	0x140e357f1	jne	0x140e359be
classic	mandate-cancel	0x140e34880	0x140e35802	call	0x14006f1d0
classic	mandate-cancel	0x140e34880	0x140e35812	call	0x14006f1c0
classic	mandate-cancel	0x140e34880	0x140e35824	call	0x14006edb0
classic	mandate-cancel	0x140e34880	0x140e3582e	call	0x140065740
classic	mandate-cancel	0x140e34880	0x140e35835	je	0x140e3588a
classic	mandate-cancel	0x140e34880	0x140e3583b	call	0x14006eda0
classic	mandate-cancel	0x140e34880	0x140e35847	je	0x140e35861
classic	mandate-cancel	0x140e34880	0x140e3584e	call	0x14006eda0
classic	mandate-cancel	0x140e34880	0x140e3585b	je	0x140e359be
classic	mandate-cancel	0x140e34880	0x140e35865	call	0x14006ed90
classic	mandate-cancel	0x140e34880	0x140e35877	call	0x14006edb0
classic	mandate-cancel	0x140e34880	0x140e35881	call	0x140065740
classic	mandate-cancel	0x140e34880	0x140e35888	jne	0x140e35837
classic	mandate-cancel	0x140e34880	0x140e35895	call	0x14006f1d0
classic	mandate-cancel	0x140e34880	0x140e358a5	call	0x14006f1c0
classic	mandate-cancel	0x140e34880	0x140e358b7	call	0x14006edb0
classic	mandate-cancel	0x140e34880	0x140e358c1	call	0x140065740
classic	mandate-cancel	0x140e34880	0x140e358c8	je	0x140e3591f
classic	mandate-cancel	0x140e34880	0x140e358d4	call	0x14006eda0
classic	mandate-cancel	0x140e34880	0x140e358e8	call	0x14006eda0
classic	mandate-cancel	0x140e34880	0x140e358f0	je	0x140e359be
classic	mandate-cancel	0x140e34880	0x140e358fa	call	0x14006ed90
classic	mandate-cancel	0x140e34880	0x140e3590c	call	0x14006edb0
classic	mandate-cancel	0x140e34880	0x140e35916	call	0x140065740
classic	mandate-cancel	0x140e34880	0x140e3591d	jne	0x140e358d0
classic	mandate-cancel	0x140e34880	0x140e3592a	call	0x14006f1d0
classic	mandate-cancel	0x140e34880	0x140e3593a	call	0x14006f1c0
classic	mandate-cancel	0x140e34880	0x140e3594c	call	0x14006edb0
classic	mandate-cancel	0x140e34880	0x140e35956	call	0x140065740
classic	mandate-cancel	0x140e34880	0x140e3595d	je	0x140e359a8
classic	mandate-cancel	0x140e34880	0x140e35964	call	0x14006eda0
classic	mandate-cancel	0x140e34880	0x140e35975	call	0x14006eda0
classic	mandate-cancel	0x140e34880	0x140e3597d	je	0x140e359be
classic	mandate-cancel	0x140e34880	0x140e35983	call	0x14006ed90
classic	mandate-cancel	0x140e34880	0x140e35995	call	0x14006edb0
classic	mandate-cancel	0x140e34880	0x140e3599f	call	0x140065740
classic	mandate-cancel	0x140e34880	0x140e359a6	jne	0x140e35960
classic	mandate-cancel	0x140e34880	0x140e359ad	call	0x14006eda0
classic	mandate-cancel	0x140e34880	0x140e359b9	call	0x1400b9910
classic	mandate-cancel	0x140e34880	0x140e359c3	call	0x14006ed90
classic	mandate-cancel	0x140e34880	0x140e359d6	call	0x14006edb0
classic	mandate-cancel	0x140e34880	0x140e359e0	call	0x140065740
classic	mandate-cancel	0x140e34880	0x140e359e7	jne	0x140e357c0
classic	mandate-cancel	0x140e34880	0x140e359f5	call	0x14006f1d0
classic	mandate-cancel	0x140e34880	0x140e35a02	call	0x14006f1c0
classic	mandate-cancel	0x140e34880	0x140e35a14	call	0x14006edb0
classic	mandate-cancel	0x140e34880	0x140e35a1e	call	0x140065740
classic	mandate-cancel	0x140e34880	0x140e35a25	je	0x140e35a78
classic	mandate-cancel	0x140e34880	0x140e35a2b	call	0x14006eda0
classic	mandate-cancel	0x140e34880	0x140e35a3b	call	0x14006eda0
classic	mandate-cancel	0x140e34880	0x140e35a4a	call	0x1400ff260
classic	mandate-cancel	0x140e34880	0x140e35a53	call	0x14006ed90
classic	mandate-cancel	0x140e34880	0x140e35a65	call	0x14006edb0
classic	mandate-cancel	0x140e34880	0x140e35a6f	call	0x140065740
classic	mandate-cancel	0x140e34880	0x140e35a76	jne	0x140e35a27
classic	mandate-cancel	0x140e34880	0x140e35a82	call	0x14006f1b0
classic	mandate-cancel	0x140e34880	0x140e35a98	jne	0x140e35dfb
classic	mandate-cancel	0x140e34880	0x140e35a9e	call	0x14006f1b0
classic	mandate-cancel	0x140e34880	0x140e35ab1	call	0x14006f1d0
classic	mandate-cancel	0x140e34880	0x140e35ac1	call	0x14006f1c0
classic	mandate-cancel	0x140e34880	0x140e35ad3	call	0x14006edb0
classic	mandate-cancel	0x140e34880	0x140e35add	call	0x140065740
classic	mandate-cancel	0x140e34880	0x140e35ae4	je	0x140e35b9a
classic	mandate-cancel	0x140e34880	0x140e35af4	call	0x14006eda0
classic	mandate-cancel	0x140e34880	0x140e35b02	jne	0x140e35b6d
classic	mandate-cancel	0x140e34880	0x140e35b08	call	0x14006eda0
classic	mandate-cancel	0x140e34880	0x140e35b10	call	0x1400750a0
classic	mandate-cancel	0x140e34880	0x140e35b18	jne	0x140e35b6d
classic	mandate-cancel	0x140e34880	0x140e35b1e	call	0x14006eda0
classic	mandate-cancel	0x140e34880	0x140e35b2f	jne	0x140e35b6d
classic	mandate-cancel	0x140e34880	0x140e35b35	call	0x14006eda0
classic	mandate-cancel	0x140e34880	0x140e35b4a	call	0x14006eda0
classic	mandate-cancel	0x140e34880	0x140e35b67	jl	0x140e35f85
classic	mandate-cancel	0x140e34880	0x140e35b71	call	0x14006ed90
classic	mandate-cancel	0x140e34880	0x140e35b83	call	0x14006edb0
classic	mandate-cancel	0x140e34880	0x140e35b8d	call	0x140065740
classic	mandate-cancel	0x140e34880	0x140e35b94	jne	0x140e35af0
classic	mandate-cancel	0x140e34880	0x140e35ba3	jne	0x140e35bcc
classic	mandate-cancel	0x140e34880	0x140e35bb9	je	0x140e35f85
classic	mandate-cancel	0x140e34880	0x140e35bc2	call	0x14091bda0
classic	mandate-cancel	0x140e34880	0x140e35bc7	jmp	0x140e35f85
classic	mandate-cancel	0x140e34880	0x140e35bd9	je	0x140e35d18
classic	mandate-cancel	0x140e34880	0x140e35be6	call	0x1400ffa20
classic	mandate-cancel	0x140e34880	0x140e35bf4	call	0x1409951b0
classic	mandate-cancel	0x140e34880	0x140e35c04	jbe	0x140e35d18
classic	mandate-cancel	0x140e34880	0x140e35c1a	call	0x140071f20
classic	mandate-cancel	0x140e34880	0x140e35c21	jne	0x140e35c45
classic	mandate-cancel	0x140e34880	0x140e35c33	call	0x140071f20
classic	mandate-cancel	0x140e34880	0x140e35c55	call	0x140071f20
classic	mandate-cancel	0x140e34880	0x140e35c5c	jne	0x140e35c80
classic	mandate-cancel	0x140e34880	0x140e35c6e	call	0x140071f20
classic	mandate-cancel	0x140e34880	0x140e35c90	call	0x140071f20
classic	mandate-cancel	0x140e34880	0x140e35c97	je	0x140e35cbb
classic	mandate-cancel	0x140e34880	0x140e35ca9	call	0x140071f20
classic	mandate-cancel	0x140e34880	0x140e35ccb	call	0x140071f20
classic	mandate-cancel	0x140e34880	0x140e35cd2	je	0x140e35cf6
classic	mandate-cancel	0x140e34880	0x140e35ce4	call	0x140071f20
classic	mandate-cancel	0x140e34880	0x140e35d06	call	0x140071f20
classic	mandate-cancel	0x140e34880	0x140e35d1b	call	0x1409532b0
classic	mandate-cancel	0x140e34880	0x140e35d22	je	0x140e35f85
classic	mandate-cancel	0x140e34880	0x140e35d33	je	0x140e35ddf
classic	mandate-cancel	0x140e34880	0x140e35d3c	je	0x140e35ddf
classic	mandate-cancel	0x140e34880	0x140e35d44	jne	0x140e35ddf
classic	mandate-cancel	0x140e34880	0x140e35d5d	je	0x140e35f85
classic	mandate-cancel	0x140e34880	0x140e35d66	call	0x14091bda0
classic	mandate-cancel	0x140e34880	0x140e35d7b	call	0x140071f20
classic	mandate-cancel	0x140e34880	0x140e35d82	je	0x140e35dd2
classic	mandate-cancel	0x140e34880	0x140e35d9a	call	0x14006f1b0
classic	mandate-cancel	0x140e34880	0x140e35db2	call	0x140b59c50
classic	mandate-cancel	0x140e34880	0x140e35dbc	je	0x140e35dc8
classic	mandate-cancel	0x140e34880	0x140e35dbe	call	0x140e58190
classic	mandate-cancel	0x140e34880	0x140e35dc3	jmp	0x140e35f85
classic	mandate-cancel	0x140e34880	0x140e35dc8	call	0x140e40710
classic	mandate-cancel	0x140e34880	0x140e35dcd	jmp	0x140e35f85
classic	mandate-cancel	0x140e34880	0x140e35dd5	call	0x140e58190
classic	mandate-cancel	0x140e34880	0x140e35dda	jmp	0x140e35f85
classic	mandate-cancel	0x140e34880	0x140e35de9	call	0x14006f1b0
classic	mandate-cancel	0x140e34880	0x140e35df1	call	0x140e5a720
classic	mandate-cancel	0x140e34880	0x140e35df6	jmp	0x140e35f85
classic	mandate-cancel	0x140e34880	0x140e35dfb	call	0x14006f1b0
classic	mandate-cancel	0x140e34880	0x140e35e07	jne	0x140e35f85
classic	mandate-cancel	0x140e34880	0x140e35e17	call	0x14006f1b0
classic	mandate-cancel	0x140e34880	0x140e35e22	call	0x14091bbf0
classic	mandate-cancel	0x140e34880	0x140e35e31	je	0x140e35f85
classic	mandate-cancel	0x140e34880	0x140e35e3e	jne	0x140e35f85
classic	mandate-cancel	0x140e34880	0x140e35e50	call	0x140071ec0
classic	mandate-cancel	0x140e34880	0x140e35e5b	jge	0x140e35f85
classic	mandate-cancel	0x140e34880	0x140e35e6d	call	0x14006f1d0
classic	mandate-cancel	0x140e34880	0x140e35e7d	call	0x14006f1c0
classic	mandate-cancel	0x140e34880	0x140e35e90	call	0x14006edb0
classic	mandate-cancel	0x140e34880	0x140e35e9a	call	0x140065740
classic	mandate-cancel	0x140e34880	0x140e35ea1	je	0x140e35f5c
classic	mandate-cancel	0x140e34880	0x140e35eb5	call	0x14006eda0
classic	mandate-cancel	0x140e34880	0x140e35ec3	jne	0x140e35f2d
classic	mandate-cancel	0x140e34880	0x140e35eca	call	0x14006eda0
classic	mandate-cancel	0x140e34880	0x140e35ed2	call	0x1400750a0
classic	mandate-cancel	0x140e34880	0x140e35eda	jne	0x140e35f2d
classic	mandate-cancel	0x140e34880	0x140e35ee1	call	0x14006eda0
classic	mandate-cancel	0x140e34880	0x140e35ef2	jne	0x140e35f2d
classic	mandate-cancel	0x140e34880	0x140e35ef9	call	0x14006eda0
classic	mandate-cancel	0x140e34880	0x140e35f0f	call	0x14006eda0
classic	mandate-cancel	0x140e34880	0x140e35f2b	jl	0x140e35f5c
classic	mandate-cancel	0x140e34880	0x140e35f32	call	0x14006ed90
classic	mandate-cancel	0x140e34880	0x140e35f45	call	0x14006edb0
classic	mandate-cancel	0x140e34880	0x140e35f4f	call	0x140065740
classic	mandate-cancel	0x140e34880	0x140e35f56	jne	0x140e35eb0
classic	mandate-cancel	0x140e34880	0x140e35f69	call	0x14006edb0
classic	mandate-cancel	0x140e34880	0x140e35f73	call	0x140071df0
classic	mandate-cancel	0x140e34880	0x140e35f7a	je	0x140e35f85
classic	mandate-cancel	0x140e34880	0x140e35f7f	call	0x140e5a800
classic	mandate-cancel	0x140e34880	0x140e35f89	call	0x1400670f0
classic	mandate-cancel	0x140e34880	0x140e35f9b	call	0x14006ede0
classic	mandate-cancel	0x140e34880	0x140e35fa3	jb	0x140e35700
classic	mandate-cancel	0x140e34880	0x140e35fa9	jmp	0x140e36abc
classic	mandate-cancel	0x140e34880	0x140e35fd0	jne	0x140e36971
classic	mandate-cancel	0x140e34880	0x140e35fdd	call	0x140e60ae0
classic	mandate-cancel	0x140e34880	0x140e35fe9	je	0x140e36abc
classic	mandate-cancel	0x140e34880	0x140e35ff7	jl	0x140e36abc
classic	mandate-cancel	0x140e34880	0x140e36001	call	0x140065a90
classic	mandate-cancel	0x140e34880	0x140e3600b	call	0x140065a90
classic	mandate-cancel	0x140e34880	0x140e36018	call	0x140065a90
classic	mandate-cancel	0x140e34880	0x140e36026	je	0x140e36030
classic	mandate-cancel	0x140e34880	0x140e3602a	jne	0x140e3694c
classic	mandate-cancel	0x140e34880	0x140e3603d	call	0x14007da80
classic	mandate-cancel	0x140e34880	0x140e3604c	je	0x140e3694c
classic	mandate-cancel	0x140e34880	0x140e3605d	call	0x14006f1d0
classic	mandate-cancel	0x140e34880	0x140e3606d	call	0x14006f1c0
classic	mandate-cancel	0x140e34880	0x140e3607f	call	0x14006edb0
classic	mandate-cancel	0x140e34880	0x140e36089	call	0x140065740
classic	mandate-cancel	0x140e34880	0x140e36090	je	0x140e3694c
classic	mandate-cancel	0x140e34880	0x140e3609a	call	0x14006eda0
classic	mandate-cancel	0x140e34880	0x140e360a9	je	0x140e360d9
classic	mandate-cancel	0x140e34880	0x140e360af	call	0x14006ed90
classic	mandate-cancel	0x140e34880	0x140e360c1	call	0x14006edb0
classic	mandate-cancel	0x140e34880	0x140e360cb	call	0x140065740
classic	mandate-cancel	0x140e34880	0x140e360d2	jne	0x140e36096
classic	mandate-cancel	0x140e34880	0x140e360d4	jmp	0x140e3694c
classic	mandate-cancel	0x140e34880	0x140e360e5	call	0x14006f1d0
classic	mandate-cancel	0x140e34880	0x140e360f5	call	0x14006f1c0
classic	mandate-cancel	0x140e34880	0x140e36108	call	0x14006edb0
classic	mandate-cancel	0x140e34880	0x140e36112	call	0x140065740
classic	mandate-cancel	0x140e34880	0x140e36119	je	0x140e3694c
classic	mandate-cancel	0x140e34880	0x140e36125	call	0x14006eda0
classic	mandate-cancel	0x140e34880	0x140e36134	call	0x14006eda0
classic	mandate-cancel	0x140e34880	0x140e36144	je	0x140e36171
classic	mandate-cancel	0x140e34880	0x140e36146	call	0x14006ed90
classic	mandate-cancel	0x140e34880	0x140e36159	call	0x14006edb0
classic	mandate-cancel	0x140e34880	0x140e36163	call	0x140065740
classic	mandate-cancel	0x140e34880	0x140e3616a	jne	0x140e36120
classic	mandate-cancel	0x140e34880	0x140e3616c	jmp	0x140e3694c
classic	mandate-cancel	0x140e34880	0x140e36171	call	0x14006eda0
classic	mandate-cancel	0x140e34880	0x140e36183	call	0x140067d50
classic	mandate-cancel	0x140e34880	0x140e36190	call	0x14006eda0
classic	mandate-cancel	0x140e34880	0x140e3619c	call	0x1400b9910
classic	mandate-cancel	0x140e34880	0x140e361a6	call	0x14006eda0
classic	mandate-cancel	0x140e34880	0x140e361b6	call	0x14006f3a0
classic	mandate-cancel	0x140e34880	0x140e361c6	call	0x14006f3a0
classic	mandate-cancel	0x140e34880	0x140e361ce	je	0x140e3694c
classic	mandate-cancel	0x140e34880	0x140e361e1	call	0x1413c7440
classic	mandate-cancel	0x140e34880	0x140e361ec	je	0x140e3694c
classic	mandate-cancel	0x140e34880	0x140e361f9	jne	0x140e3694c
classic	mandate-cancel	0x140e34880	0x140e3621f	call	0x141345550
classic	mandate-cancel	0x140e34880	0x140e3622e	call	0x1413457a0
classic	mandate-cancel	0x140e34880	0x140e3624e	jl	0x140e3694c
classic	mandate-cancel	0x140e34880	0x140e3625c	jl	0x140e36240
classic	mandate-cancel	0x140e34880	0x140e36270	call	0x141367c30
classic	mandate-cancel	0x140e34880	0x140e36287	call	0x141347030
classic	mandate-cancel	0x140e34880	0x140e362a7	call	0x141347230
classic	mandate-cancel	0x140e34880	0x140e362c7	call	0x141347430
classic	mandate-cancel	0x140e34880	0x140e362ea	call	0x141347630
classic	mandate-cancel	0x140e34880	0x140e362f5	jl	0x140e3694c
classic	mandate-cancel	0x140e34880	0x140e362fd	je	0x140e3694c
classic	mandate-cancel	0x140e34880	0x140e36312	jne	0x140e36736
classic	mandate-cancel	0x140e34880	0x140e36322	call	0x14006ede0
classic	mandate-cancel	0x140e34880	0x140e3632a	je	0x140e3647f
classic	mandate-cancel	0x140e34880	0x140e3634a	call	0x14006f1b0
classic	mandate-cancel	0x140e34880	0x140e36359	jne	0x140e36465
classic	mandate-cancel	0x140e34880	0x140e3636b	call	0x14006f1d0
classic	mandate-cancel	0x140e34880	0x140e3637b	call	0x14006f1c0
classic	mandate-cancel	0x140e34880	0x140e3638e	call	0x14006edb0
classic	mandate-cancel	0x140e34880	0x140e36398	call	0x140065740
classic	mandate-cancel	0x140e34880	0x140e3639f	je	0x140e36465
classic	mandate-cancel	0x140e34880	0x140e363aa	call	0x14006eda0
classic	mandate-cancel	0x140e34880	0x140e363b5	call	QWORD PTR [rax+0xd0]
classic	mandate-cancel	0x140e34880	0x140e363bd	jne	0x140e36436
classic	mandate-cancel	0x140e34880	0x140e363c4	call	0x14006eda0
classic	mandate-cancel	0x140e34880	0x140e363d3	call	0x14006ede0
classic	mandate-cancel	0x140e34880	0x140e363db	je	0x140e36436
classic	mandate-cancel	0x140e34880	0x140e363e6	call	0x14006f1b0
classic	mandate-cancel	0x140e34880	0x140e363f4	je	0x140e36436
classic	mandate-cancel	0x140e34880	0x140e363fc	call	QWORD PTR [rax]
classic	mandate-cancel	0x140e34880	0x140e36402	jne	0x140e36436
classic	mandate-cancel	0x140e34880	0x140e3640a	call	QWORD PTR [rax+0x10]
classic	mandate-cancel	0x140e34880	0x140e36410	jne	0x140e36436
classic	mandate-cancel	0x140e34880	0x140e36418	call	QWORD PTR [rax+0x18]
classic	mandate-cancel	0x140e34880	0x140e3642a	call	0x14014d780
classic	mandate-cancel	0x140e34880	0x140e36431	je	0x140e36436
classic	mandate-cancel	0x140e34880	0x140e3643b	call	0x14006ed90
classic	mandate-cancel	0x140e34880	0x140e3644e	call	0x14006edb0
classic	mandate-cancel	0x140e34880	0x140e36458	call	0x140065740
classic	mandate-cancel	0x140e34880	0x140e3645f	jne	0x140e363a5
classic	mandate-cancel	0x140e34880	0x140e36471	call	0x14006ede0
classic	mandate-cancel	0x140e34880	0x140e36479	jb	0x140e36340
classic	mandate-cancel	0x140e34880	0x140e36483	call	0x14006ede0
classic	mandate-cancel	0x140e34880	0x140e3648f	je	0x140e365ee
classic	mandate-cancel	0x140e34880	0x140e364a1	call	0x14006f1d0
classic	mandate-cancel	0x140e34880	0x140e364b1	call	0x14006f1c0
classic	mandate-cancel	0x140e34880	0x140e364c4	call	0x14006edb0
classic	mandate-cancel	0x140e34880	0x140e364ce	call	0x140065740
classic	mandate-cancel	0x140e34880	0x140e364d5	je	0x140e365ee
classic	mandate-cancel	0x140e34880	0x140e364e6	call	0x14006eda0
classic	mandate-cancel	0x140e34880	0x140e364f2	jne	0x140e365bf
classic	mandate-cancel	0x140e34880	0x140e364fd	call	0x14006eda0
classic	mandate-cancel	0x140e34880	0x140e3650e	call	0x14006f1b0
classic	mandate-cancel	0x140e34880	0x140e36518	jne	0x140e365bf
classic	mandate-cancel	0x140e34880	0x140e36523	call	0x14006eda0
classic	mandate-cancel	0x140e34880	0x140e3652f	jne	0x140e365bf
classic	mandate-cancel	0x140e34880	0x140e3653a	call	0x14006eda0
classic	mandate-cancel	0x140e34880	0x140e3654b	call	0x140072770
classic	mandate-cancel	0x140e34880	0x140e36556	je	0x140e365bf
classic	mandate-cancel	0x140e34880	0x140e36562	je	0x140e365bf
classic	mandate-cancel	0x140e34880	0x140e36570	call	0x140c88ae0
classic	mandate-cancel	0x140e34880	0x140e3657a	je	0x140e365bf
classic	mandate-cancel	0x140e34880	0x140e3658a	jne	0x140e365bf
classic	mandate-cancel	0x140e34880	0x140e3658f	call	QWORD PTR [rax+0x38]
classic	mandate-cancel	0x140e34880	0x140e36595	jne	0x140e365bf
classic	mandate-cancel	0x140e34880	0x140e365a1	call	QWORD PTR [rax+0x40]
classic	mandate-cancel	0x140e34880	0x140e365b3	call	0x14014d780
classic	mandate-cancel	0x140e34880	0x140e365ba	je	0x140e365bf
classic	mandate-cancel	0x140e34880	0x140e365c4	call	0x14006ed90
classic	mandate-cancel	0x140e34880	0x140e365d7	call	0x14006edb0
classic	mandate-cancel	0x140e34880	0x140e365e1	call	0x140065740
classic	mandate-cancel	0x140e34880	0x140e365e8	jne	0x140e364e1
classic	mandate-cancel	0x140e34880	0x140e365f1	je	0x140e36736
classic	mandate-cancel	0x140e34880	0x140e365fb	jl	0x140e36736
classic	mandate-cancel	0x140e34880	0x140e3660f	call	0x1400680e0
classic	mandate-cancel	0x140e34880	0x140e3661c	je	0x140e366d6
classic	mandate-cancel	0x140e34880	0x140e3662c	call	0x14006ede0
classic	mandate-cancel	0x140e34880	0x140e36637	js	0x140e36661
classic	mandate-cancel	0x140e34880	0x140e3664a	call	0x14006f1b0
classic	mandate-cancel	0x140e34880	0x140e36655	jne	0x140e3665e
classic	mandate-cancel	0x140e34880	0x140e3665a	jns	0x140e36640
classic	mandate-cancel	0x140e34880	0x140e3665c	jmp	0x140e36661
classic	mandate-cancel	0x140e34880	0x140e36668	call	0x14006ede0
classic	mandate-cancel	0x140e34880	0x140e36673	js	0x140e3669c
classic	mandate-cancel	0x140e34880	0x140e3668a	call	0x14006f1b0
classic	mandate-cancel	0x140e34880	0x140e36695	jne	0x140e366a1
classic	mandate-cancel	0x140e34880	0x140e3669a	jns	0x140e36680
classic	mandate-cancel	0x140e34880	0x140e3669f	je	0x140e366aa
classic	mandate-cancel	0x140e34880	0x140e366a8	jmp	0x140e366ca
classic	mandate-cancel	0x140e34880	0x140e366b1	call	0x14006f300
classic	mandate-cancel	0x140e34880	0x140e366c1	jae	0x140e366ca
classic	mandate-cancel	0x140e34880	0x140e366d1	call	0x14006f4f0
classic	mandate-cancel	0x140e34880	0x140e366dd	call	0x14007db70
classic	mandate-cancel	0x140e34880	0x140e36714	call	0x1400e3bb0
classic	mandate-cancel	0x140e34880	0x140e36731	jmp	0x140e3693f
classic	mandate-cancel	0x140e34880	0x140e36739	jne	0x140e3694c
classic	mandate-cancel	0x140e34880	0x140e3674e	call	0x1413623a0
classic	mandate-cancel	0x140e34880	0x140e3675a	call	0x14006f620
classic	mandate-cancel	0x140e34880	0x140e36767	call	0x14006f620
classic	mandate-cancel	0x140e34880	0x140e36777	call	0x14132c470
classic	mandate-cancel	0x140e34880	0x140e36783	call	0x14052b070
classic	mandate-cancel	0x140e34880	0x140e36796	call	0x1400b9ca0
classic	mandate-cancel	0x140e34880	0x140e367a9	call	0x14006f4f0
classic	mandate-cancel	0x140e34880	0x140e367b5	je	0x140e368a3
classic	mandate-cancel	0x140e34880	0x140e367c2	call	0x14006ede0
classic	mandate-cancel	0x140e34880	0x140e367ca	jne	0x140e367e1
classic	mandate-cancel	0x140e34880	0x140e367d3	call	0x14006ede0
classic	mandate-cancel	0x140e34880	0x140e367db	je	0x140e368a3
classic	mandate-cancel	0x140e34880	0x140e367ef	call	0x14006f4f0
classic	mandate-cancel	0x140e34880	0x140e36802	call	0x14006f4f0
classic	mandate-cancel	0x140e34880	0x140e36815	call	0x14006f4f0
classic	mandate-cancel	0x140e34880	0x140e36824	call	0x14006ede0
classic	mandate-cancel	0x140e34880	0x140e3682f	js	0x140e36852
classic	mandate-cancel	0x140e34880	0x140e3683b	call	0x14006f1b0
classic	mandate-cancel	0x140e34880	0x140e36846	jne	0x140e3684f
classic	mandate-cancel	0x140e34880	0x140e3684b	jns	0x140e36831
classic	mandate-cancel	0x140e34880	0x140e3684d	jmp	0x140e36852
classic	mandate-cancel	0x140e34880	0x140e36859	call	0x14006ede0
classic	mandate-cancel	0x140e34880	0x140e36864	js	0x140e3688c
classic	mandate-cancel	0x140e34880	0x140e3687a	call	0x14006f1b0
classic	mandate-cancel	0x140e34880	0x140e36885	jne	0x140e36891
classic	mandate-cancel	0x140e34880	0x140e3688a	jns	0x140e36870
classic	mandate-cancel	0x140e34880	0x140e3688f	je	0x140e3689a
classic	mandate-cancel	0x140e34880	0x140e36898	jmp	0x140e368aa
classic	mandate-cancel	0x140e34880	0x140e368a1	jmp	0x140e368aa
classic	mandate-cancel	0x140e34880	0x140e368b1	call	0x14006f4f0
classic	mandate-cancel	0x140e34880	0x140e368bd	call	0x14007db70
classic	mandate-cancel	0x140e34880	0x140e36915	call	0x1400e3bb0
classic	mandate-cancel	0x140e34880	0x140e36939	call	0x140067dc0
classic	mandate-cancel	0x140e34880	0x140e36946	call	0x140067dc0
classic	mandate-cancel	0x140e34880	0x140e36953	call	0x140065ab0
classic	mandate-cancel	0x140e34880	0x140e3695d	call	0x140065ab0
classic	mandate-cancel	0x140e34880	0x140e36967	call	0x1400670f0
classic	mandate-cancel	0x140e34880	0x140e3696c	jmp	0x140e36abc
classic	mandate-cancel	0x140e34880	0x140e3698f	jne	0x140e36abc
classic	mandate-cancel	0x140e34880	0x140e3699c	call	0x140e5f2f0
classic	mandate-cancel	0x140e34880	0x140e369a8	jne	0x140e36abc
classic	mandate-cancel	0x140e34880	0x140e369b7	je	0x140e369dc
classic	mandate-cancel	0x140e34880	0x140e369d6	jl	0x140e36abc
classic	mandate-cancel	0x140e34880	0x140e369ea	call	0x1400680e0
classic	mandate-cancel	0x140e34880	0x140e369f7	call	0x14006ede0
classic	mandate-cancel	0x140e34880	0x140e36a0d	je	0x140e36a16
classic	mandate-cancel	0x140e34880	0x140e36a16	call	0x14006f4f0
classic	mandate-cancel	0x140e34880	0x140e36a22	call	0x14006ede0
classic	mandate-cancel	0x140e34880	0x140e36a38	je	0x140e36a41
classic	mandate-cancel	0x140e34880	0x140e36a41	call	0x14006f4f0
classic	mandate-cancel	0x140e34880	0x140e36a54	call	0x14006f4f0
classic	mandate-cancel	0x140e34880	0x140e36a60	call	0x14007db70
classic	mandate-cancel	0x140e34880	0x140e36a93	call	0x1400e3bb0
classic	mandate-cancel	0x140e34880	0x140e36ab7	call	0x140067dc0
classic	mandate-cancel	0x140e34880	0x140e36ac3	jne	0x140e36acf
classic	mandate-cancel	0x140e34880	0x140e36ac5	call	0x140e59f60
classic	mandate-cancel	0x140e34880	0x140e36aca	call	0x140e5a3f0
classic	mandate-cancel	0x140e34880	0x140e36ad6	call	0x1407c5ee0
classic	mandate-cancel	0x140e34880	0x140e36ae2	js	0x140e370e9
classic	mandate-cancel	0x140e34880	0x140e36afa	call	0x1407c5ed0
classic	mandate-cancel	0x140e34880	0x140e36b0c	jne	0x140e370dc
classic	mandate-cancel	0x140e34880	0x140e36b1c	call	0x1407c5ed0
classic	mandate-cancel	0x140e34880	0x140e36b2e	jg	0x140e370dc
classic	mandate-cancel	0x140e34880	0x140e36b3e	call	0x1407c5ed0
classic	mandate-cancel	0x140e34880	0x140e36b4d	ja	0x140e370b1
classic	mandate-cancel	0x140e34880	0x140e36b64	jmp	rcx
classic	mandate-cancel	0x140e34880	0x140e36b74	call	0x1408d6e20
classic	mandate-cancel	0x140e34880	0x140e36b89	call	0x14006ede0
classic	mandate-cancel	0x140e34880	0x140e36b91	je	0x140e36bea
classic	mandate-cancel	0x140e34880	0x140e36baa	call	0x1407c5ed0
classic	mandate-cancel	0x140e34880	0x140e36bc3	call	0x14006f1b0
classic	mandate-cancel	0x140e34880	0x140e36bce	je	0x140e370b1
classic	mandate-cancel	0x140e34880	0x140e36be0	call	0x14006ede0
classic	mandate-cancel	0x140e34880	0x140e36be8	jb	0x140e36ba0
classic	mandate-cancel	0x140e34880	0x140e36bee	jne	0x140e370b1
classic	mandate-cancel	0x140e34880	0x140e36bfe	call	0x1407c5ed0
classic	mandate-cancel	0x140e34880	0x140e36c06	call	0x140e3c7e0
classic	mandate-cancel	0x140e34880	0x140e36c0b	jmp	0x140e370b1
classic	mandate-cancel	0x140e34880	0x140e36c1e	call	0x1408d6e20
classic	mandate-cancel	0x140e34880	0x140e36c33	call	0x14006ede0
classic	mandate-cancel	0x140e34880	0x140e36c3b	je	0x140e36c8a
classic	mandate-cancel	0x140e34880	0x140e36c4a	call	0x1407c5ed0
classic	mandate-cancel	0x140e34880	0x140e36c63	call	0x14006f1b0
classic	mandate-cancel	0x140e34880	0x140e36c6e	je	0x140e370b1
classic	mandate-cancel	0x140e34880	0x140e36c80	call	0x14006ede0
classic	mandate-cancel	0x140e34880	0x140e36c88	jb	0x140e36c40
classic	mandate-cancel	0x140e34880	0x140e36c8e	jne	0x140e370b1
classic	mandate-cancel	0x140e34880	0x140e36c9e	call	0x1407c5ed0
classic	mandate-cancel	0x140e34880	0x140e36ca6	call	0x140e3dc90
classic	mandate-cancel	0x140e34880	0x140e36cab	jmp	0x140e370b1
classic	mandate-cancel	0x140e34880	0x140e36cbe	call	0x1408d6e20
classic	mandate-cancel	0x140e34880	0x140e36cd0	jne	0x140e36ce4
classic	mandate-cancel	0x140e34880	0x140e36cd2	call	0x1407c5ed0
classic	mandate-cancel	0x140e34880	0x140e36cda	call	0x140e41b90
classic	mandate-cancel	0x140e34880	0x140e36cdf	jmp	0x140e370b1
classic	mandate-cancel	0x140e34880	0x140e36ce4	call	0x1407c5ed0
classic	mandate-cancel	0x140e34880	0x140e36cf8	jge	0x140e36d01
classic	mandate-cancel	0x140e34880	0x140e36d0b	call	0x1407c5ed0
classic	mandate-cancel	0x140e34880	0x140e36d16	jmp	0x140e370dc
classic	mandate-cancel	0x140e34880	0x140e36d29	call	0x1408d6e20
classic	mandate-cancel	0x140e34880	0x140e36d3b	jne	0x140e36ce4
classic	mandate-cancel	0x140e34880	0x140e36d3d	call	0x1407c5ed0
classic	mandate-cancel	0x140e34880	0x140e36d45	call	0x140e466c0
classic	mandate-cancel	0x140e34880	0x140e36d4a	jmp	0x140e370b1
classic	mandate-cancel	0x140e34880	0x140e36d59	call	0x1407c5ed0
classic	mandate-cancel	0x140e34880	0x140e36d64	call	0x140e4c400
classic	mandate-cancel	0x140e34880	0x140e36d6b	je	0x140e370b1
classic	mandate-cancel	0x140e34880	0x140e36d7b	call	0x1407c5ed0
classic	mandate-cancel	0x140e34880	0x140e36d93	jl	0x140e370dc
classic	mandate-cancel	0x140e34880	0x140e36da3	jmp	0x140e36ce4
classic	mandate-cancel	0x140e34880	0x140e36db2	call	0x1407c5ed0
classic	mandate-cancel	0x140e34880	0x140e36dbd	call	0x140e4b610
classic	mandate-cancel	0x140e34880	0x140e36dc2	jmp	0x140e370b1
classic	mandate-cancel	0x140e34880	0x140e36ddb	jl	0x140e36e00
classic	mandate-cancel	0x140e34880	0x140e36ddd	call	0x1407c5ed0
classic	mandate-cancel	0x140e34880	0x140e36df6	call	0x140a9d810
classic	mandate-cancel	0x140e34880	0x140e36dfb	jmp	0x140e370b1
classic	mandate-cancel	0x140e34880	0x140e36e00	call	0x1407c5ed0
classic	mandate-cancel	0x140e34880	0x140e36e1b	call	0x140a9d810
classic	mandate-cancel	0x140e34880	0x140e36e20	jmp	0x140e370b1
classic	mandate-cancel	0x140e34880	0x140e36e39	jl	0x140e36e5e
classic	mandate-cancel	0x140e34880	0x140e36e3b	call	0x1407c5ed0
classic	mandate-cancel	0x140e34880	0x140e36e54	call	0x140a9d810
classic	mandate-cancel	0x140e34880	0x140e36e59	jmp	0x140e370b1
classic	mandate-cancel	0x140e34880	0x140e36e5e	call	0x1407c5ed0
classic	mandate-cancel	0x140e34880	0x140e36e77	call	0x140a9d810
classic	mandate-cancel	0x140e34880	0x140e36e7c	jmp	0x140e370b1
classic	mandate-cancel	0x140e34880	0x140e36e8b	call	0x1407c5ed0
classic	mandate-cancel	0x140e34880	0x140e36ea4	call	0x140a9d810
classic	mandate-cancel	0x140e34880	0x140e36ea9	jmp	0x140e370b1
classic	mandate-cancel	0x140e34880	0x140e36eb8	call	0x1407c5ed0
classic	mandate-cancel	0x140e34880	0x140e36ec5	je	0x140e370b1
classic	mandate-cancel	0x140e34880	0x140e36ed8	call	0x14007da80
classic	mandate-cancel	0x140e34880	0x140e36eea	call	0x1407c5ed0
classic	mandate-cancel	0x140e34880	0x140e36efc	jne	0x140e37084
classic	mandate-cancel	0x140e34880	0x140e36f07	je	0x140e37064
classic	mandate-cancel	0x140e34880	0x140e36f17	call	0x1400ffa20
classic	mandate-cancel	0x140e34880	0x140e36f26	call	0x1409951b0
classic	mandate-cancel	0x140e34880	0x140e36f38	jbe	0x140e3705b
classic	mandate-cancel	0x140e34880	0x140e36f4e	call	0x140071f20
classic	mandate-cancel	0x140e34880	0x140e36f55	jne	0x140e36f79
classic	mandate-cancel	0x140e34880	0x140e36f67	call	0x140071f20
classic	mandate-cancel	0x140e34880	0x140e36f89	call	0x140071f20
classic	mandate-cancel	0x140e34880	0x140e36f90	jne	0x140e36fb4
classic	mandate-cancel	0x140e34880	0x140e36fa2	call	0x140071f20
classic	mandate-cancel	0x140e34880	0x140e36fc4	call	0x140071f20
classic	mandate-cancel	0x140e34880	0x140e36fcb	je	0x140e36fef
classic	mandate-cancel	0x140e34880	0x140e36fdd	call	0x140071f20
classic	mandate-cancel	0x140e34880	0x140e36fff	call	0x140071f20
classic	mandate-cancel	0x140e34880	0x140e37006	je	0x140e3702a
classic	mandate-cancel	0x140e34880	0x140e37018	call	0x140071f20
classic	mandate-cancel	0x140e34880	0x140e3703a	call	0x140071f20
classic	mandate-cancel	0x140e34880	0x140e37059	je	0x140e37096
classic	mandate-cancel	0x140e34880	0x140e3705e	je	0x140e37096
classic	mandate-cancel	0x140e34880	0x140e37062	jne	0x140e37096
classic	mandate-cancel	0x140e34880	0x140e37067	call	0x140933900
classic	mandate-cancel	0x140e34880	0x140e3706f	call	0x1409131d0
classic	mandate-cancel	0x140e34880	0x140e37076	je	0x140e370b1
classic	mandate-cancel	0x140e34880	0x140e3707b	call	0x140913460
classic	mandate-cancel	0x140e34880	0x140e37082	jmp	0x140e37094
classic	mandate-cancel	0x140e34880	0x140e37088	jne	0x140e370b1
classic	mandate-cancel	0x140e34880	0x140e37094	je	0x140e370b1
classic	mandate-cancel	0x140e34880	0x140e370a0	call	0x1407c5ed0
classic	mandate-cancel	0x140e34880	0x140e370ac	call	0x140913740
classic	mandate-cancel	0x140e34880	0x140e370bb	call	0x1407c5ed0
classic	mandate-cancel	0x140e34880	0x140e370c8	call	0x1415345f0
classic	mandate-cancel	0x140e34880	0x140e370d7	call	0x1409e1bf0
classic	mandate-cancel	0x140e34880	0x140e370e3	jns	0x140e36af0
classic	mandate-cancel	0x140e34880	0x140e370f6	jne	0x140e37101
classic	mandate-cancel	0x140e34880	0x140e370ff	je	0x140e3710a
classic	mandate-cancel	0x140e34880	0x140e37108	je	0x140e37129
classic	mandate-cancel	0x140e34880	0x140e37114	je	0x140e3711b
classic	mandate-cancel	0x140e34880	0x140e37116	call	0x1409972d0
classic	mandate-cancel	0x140e34880	0x140e37124	call	0x140e5f660
classic	mandate-cancel	0x140e34880	0x140e37148	jne	0x140e37358
classic	mandate-cancel	0x140e34880	0x140e3716e	call	0x14006ede0
classic	mandate-cancel	0x140e34880	0x140e37176	je	0x140e372e0
classic	mandate-cancel	0x140e34880	0x140e3719a	call	0x14006f1b0
classic	mandate-cancel	0x140e34880	0x140e371a9	jne	0x140e372bd
classic	mandate-cancel	0x140e34880	0x140e371b9	call	0x14006f1b0
classic	mandate-cancel	0x140e34880	0x140e371c8	jne	0x140e372bd
classic	mandate-cancel	0x140e34880	0x140e371d8	call	0x14006f1b0
classic	mandate-cancel	0x140e34880	0x140e371ea	jne	0x140e372bd
classic	mandate-cancel	0x140e34880	0x140e371fa	call	0x14006f1b0
classic	mandate-cancel	0x140e34880	0x140e37202	call	0x141389a70
classic	mandate-cancel	0x140e34880	0x140e37209	je	0x140e372bd
classic	mandate-cancel	0x140e34880	0x140e37219	call	0x14006f1b0
classic	mandate-cancel	0x140e34880	0x140e37229	jne	0x140e372bd
classic	mandate-cancel	0x140e34880	0x140e37239	call	0x14006f1b0
classic	mandate-cancel	0x140e34880	0x140e37248	jne	0x140e372bd
classic	mandate-cancel	0x140e34880	0x140e37254	call	0x14006f1b0
classic	mandate-cancel	0x140e34880	0x140e37263	jne	0x140e3726f
classic	mandate-cancel	0x140e34880	0x140e3726d	jmp	0x140e372bd
classic	mandate-cancel	0x140e34880	0x140e37280	call	0x14006f1b0
classic	mandate-cancel	0x140e34880	0x140e37296	call	0x14006f1b0
classic	mandate-cancel	0x140e34880	0x140e372a9	js	0x140e372bd
classic	mandate-cancel	0x140e34880	0x140e372ae	jge	0x140e372bd
classic	mandate-cancel	0x140e34880	0x140e372ca	call	0x14006ede0
classic	mandate-cancel	0x140e34880	0x140e372d2	jb	0x140e37190
classic	mandate-cancel	0x140e34880	0x140e37312	jge	0x140e3732b
classic	mandate-cancel	0x140e34880	0x140e37326	call	0x140a9d810
classic	mandate-cancel	0x140e34880	0x140e37334	jge	0x140e3734b
classic	mandate-cancel	0x140e34880	0x140e37346	call	0x140a9d810
classic	mandate-cancel	0x140e34880	0x140e37356	jl	0x140e37332
classic	mandate-cancel	0x140e34880	0x140e3735f	call	0x14006ede0
classic	mandate-cancel	0x140e34880	0x140e3736f	js	0x140e3758d
classic	mandate-cancel	0x140e34880	0x140e373af	jle	0x140e3757d
classic	mandate-cancel	0x140e34880	0x140e373bf	call	0x14006f1b0
classic	mandate-cancel	0x140e34880	0x140e373cb	je	0x140e37716
classic	mandate-cancel	0x140e34880	0x140e373db	call	0x14006f1b0
classic	mandate-cancel	0x140e34880	0x140e373e8	je	0x140e37407
classic	mandate-cancel	0x140e34880	0x140e373f4	call	0x14006f1b0
classic	mandate-cancel	0x140e34880	0x140e37401	jne	0x140e3748c
classic	mandate-cancel	0x140e34880	0x140e37411	call	0x14006f1b0
classic	mandate-cancel	0x140e34880	0x140e37427	call	0x14006f1b0
classic	mandate-cancel	0x140e34880	0x140e3743a	jne	0x140e3744d
classic	mandate-cancel	0x140e34880	0x140e3743c	call	0x1400724a0
classic	mandate-cancel	0x140e34880	0x140e3744b	jmp	0x140e3745c
classic	mandate-cancel	0x140e34880	0x140e3744d	call	0x1400724a0
classic	mandate-cancel	0x140e34880	0x140e37470	call	0x14006f1b0
classic	mandate-cancel	0x140e34880	0x140e37482	call	0x1413eaef0
classic	mandate-cancel	0x140e34880	0x140e37496	call	0x14006f1b0
classic	mandate-cancel	0x140e34880	0x140e374a3	je	0x140e374be
classic	mandate-cancel	0x140e34880	0x140e374af	call	0x14006f1b0
classic	mandate-cancel	0x140e34880	0x140e374bc	jne	0x140e3751a
classic	mandate-cancel	0x140e34880	0x140e374c8	call	0x14006f1b0
classic	mandate-cancel	0x140e34880	0x140e374d4	je	0x140e37501
classic	mandate-cancel	0x140e34880	0x140e374ea	call	0x14006f1b0
classic	mandate-cancel	0x140e34880	0x140e374f4	call	0x140e4d620
classic	mandate-cancel	0x140e34880	0x140e374fd	jne	0x140e374e0
classic	mandate-cancel	0x140e34880	0x140e374ff	jmp	0x140e3751a
classic	mandate-cancel	0x140e34880	0x140e3750b	call	0x14006f1b0
classic	mandate-cancel	0x140e34880	0x140e37515	call	0x140e4d620
classic	mandate-cancel	0x140e34880	0x140e37532	call	0x14132bba0
classic	mandate-cancel	0x140e34880	0x140e3754b	call	0x14006f9a0
classic	mandate-cancel	0x140e34880	0x140e37557	jne	0x140e37640
classic	mandate-cancel	0x140e34880	0x140e37564	jne	0x140e3764d
classic	mandate-cancel	0x140e34880	0x140e37578	call	0x140a67900
classic	mandate-cancel	0x140e34880	0x140e37587	jns	0x140e37390
classic	mandate-cancel	0x140e34880	0x140e375a5	call	0x14006f6d0
classic	mandate-cancel	0x140e34880	0x140e375c3	call	0x14006f6d0
classic	mandate-cancel	0x140e34880	0x140e375de	jae	0x140e3778b
classic	mandate-cancel	0x140e34880	0x140e375eb	call	0x14006eda0
classic	mandate-cancel	0x140e34880	0x140e375f7	je	0x140e37632
classic	mandate-cancel	0x140e34880	0x140e37600	call	0x14006eda0
classic	mandate-cancel	0x140e34880	0x140e37612	call	0x140072500
classic	mandate-cancel	0x140e34880	0x140e3761a	jne	0x140e37632
classic	mandate-cancel	0x140e34880	0x140e37623	call	0x14006eda0
classic	mandate-cancel	0x140e34880	0x140e37639	call	0x14006ed90
classic	mandate-cancel	0x140e34880	0x140e3763e	jmp	0x140e375d0
classic	mandate-cancel	0x140e34880	0x140e37647	je	0x140e3756a
classic	mandate-cancel	0x140e34880	0x140e37654	call	0x14007db70
classic	mandate-cancel	0x140e34880	0x140e3767c	call	0x14006f1b0
classic	mandate-cancel	0x140e34880	0x140e3769f	call	0x14006f1b0
classic	mandate-cancel	0x140e34880	0x140e376c2	call	0x14006f1b0
classic	mandate-cancel	0x140e34880	0x140e376e5	call	0x14006f1b0
classic	mandate-cancel	0x140e34880	0x140e3770c	call	0x1400e3bb0
classic	mandate-cancel	0x140e34880	0x140e37711	jmp	0x140e3756a
classic	mandate-cancel	0x140e34880	0x140e37724	call	0x14006f4f0
classic	mandate-cancel	0x140e34880	0x140e3773a	call	0x14007ddc0
classic	mandate-cancel	0x140e34880	0x140e37741	je	0x140e3756f
classic	mandate-cancel	0x140e34880	0x140e3774e	call	0x14007db70
classic	mandate-cancel	0x140e34880	0x140e37781	call	0x1400e3bb0
classic	mandate-cancel	0x140e34880	0x140e37786	jmp	0x140e3756f
classic	mandate-cancel	0x140e34880	0x140e37792	call	0x140281200
classic	mandate-cancel	0x140e34880	0x140e377aa	call	0x14006f1d0
classic	mandate-cancel	0x140e34880	0x140e377c4	call	0x14006f1c0
classic	mandate-cancel	0x140e34880	0x140e377db	jae	0x140e37a16
classic	mandate-cancel	0x140e34880	0x140e377e5	call	0x14006eda0
classic	mandate-cancel	0x140e34880	0x140e377f3	call	0x140075490
classic	mandate-cancel	0x140e34880	0x140e377fe	je	0x140e37a08
classic	mandate-cancel	0x140e34880	0x140e3780e	call	0x1402812c0
classic	mandate-cancel	0x140e34880	0x140e3781e	je	0x140e37846
classic	mandate-cancel	0x140e34880	0x140e37827	call	0x140072500
classic	mandate-cancel	0x140e34880	0x140e3782f	jne	0x140e37846
classic	mandate-cancel	0x140e34880	0x140e37836	call	0x1400ff800
classic	mandate-cancel	0x140e34880	0x140e37852	call	0x14006ede0
classic	mandate-cancel	0x140e34880	0x140e3785e	js	0x140e378e7
classic	mandate-cancel	0x140e34880	0x140e3788b	je	0x140e378a7
classic	mandate-cancel	0x140e34880	0x140e37892	call	QWORD PTR [r8+0x28]
classic	mandate-cancel	0x140e34880	0x140e378a0	call	0x1400b9930
classic	mandate-cancel	0x140e34880	0x140e378a5	jmp	0x140e378da
classic	mandate-cancel	0x140e34880	0x140e378a7	call	QWORD PTR [r8+0x50]
classic	mandate-cancel	0x140e34880	0x140e378ad	je	0x140e378ce
classic	mandate-cancel	0x140e34880	0x140e378ba	call	QWORD PTR [rax+0x28]
classic	mandate-cancel	0x140e34880	0x140e378c7	call	0x1400b9930
classic	mandate-cancel	0x140e34880	0x140e378cc	jmp	0x140e378da
classic	mandate-cancel	0x140e34880	0x140e378d1	jne	0x140e378da
classic	mandate-cancel	0x140e34880	0x140e378e5	jns	0x140e37870
classic	mandate-cancel	0x140e34880	0x140e378f1	je	0x140e37922
classic	mandate-cancel	0x140e34880	0x140e378f5	je	0x140e37922
classic	mandate-cancel	0x140e34880	0x140e378fe	call	0x140072500
classic	mandate-cancel	0x140e34880	0x140e37906	je	0x140e37922
classic	mandate-cancel	0x140e34880	0x140e37912	call	0x1400ba0e0
classic	mandate-cancel	0x140e34880	0x140e37935	call	0x14006f6d0
classic	mandate-cancel	0x140e34880	0x140e3794f	call	0x14006f6d0
classic	mandate-cancel	0x140e34880	0x140e37967	jae	0x140e379fe
classic	mandate-cancel	0x140e34880	0x140e37972	call	0x14006eda0
classic	mandate-cancel	0x140e34880	0x140e3797e	call	0x14006ede0
classic	mandate-cancel	0x140e34880	0x140e37989	js	0x140e379eb
classic	mandate-cancel	0x140e34880	0x140e379b6	call	QWORD PTR [rax+0x50]
classic	mandate-cancel	0x140e34880	0x140e379bb	je	0x140e379df
classic	mandate-cancel	0x140e34880	0x140e379c8	call	QWORD PTR [rax+0x28]
classic	mandate-cancel	0x140e34880	0x140e379da	call	0x1400b9930
classic	mandate-cancel	0x140e34880	0x140e379e9	jns	0x140e379a0
classic	mandate-cancel	0x140e34880	0x140e379f9	jmp	0x140e37960
classic	mandate-cancel	0x140e34880	0x140e37a03	call	0x140281390
classic	mandate-cancel	0x140e34880	0x140e37a0c	call	0x14006f2e0
classic	mandate-cancel	0x140e34880	0x140e37a11	jmp	0x140e377d0
classic	mandate-cancel	0x140e34880	0x140e37a1b	call	0x140281390
classic	mandate-cancel	0x140e34880	0x140e37a27	call	0x140281200
classic	mandate-cancel	0x140e34880	0x140e37a95	jne	0x140e37b36
classic	mandate-cancel	0x140e34880	0x140e37aba	je	0x140e37b36
classic	mandate-cancel	0x140e34880	0x140e37ad1	call	0x140075490
classic	mandate-cancel	0x140e34880	0x140e37adc	je	0x140e37b08
classic	mandate-cancel	0x140e34880	0x140e37ae8	call	0x1402812c0
classic	mandate-cancel	0x140e34880	0x140e37af8	call	0x1410ec050
classic	mandate-cancel	0x140e34880	0x140e37b03	call	0x140281390
classic	mandate-cancel	0x140e34880	0x140e37b2d	jb	0x140e37ac0
classic	mandate-cancel	0x140e34880	0x140e37b3f	jne	0x140e37b4d
classic	mandate-cancel	0x140e34880	0x140e37b6c	je	0x140e37b73
classic	mandate-cancel	0x140e34880	0x140e37b71	jne	0x140e37bae
classic	mandate-cancel	0x140e34880	0x140e37b77	jae	0x140e37b85
classic	mandate-cancel	0x140e34880	0x140e37b80	call	0x140e676f0
classic	mandate-cancel	0x140e34880	0x140e37b90	call	0x140e68430
classic	mandate-cancel	0x140e34880	0x140e37b9c	call	0x140e66210
classic	mandate-cancel	0x140e34880	0x140e37ba8	call	0x140e67190
classic	mandate-cancel	0x140e34880	0x140e37bb3	call	0x140281390
classic	mandate-cancel	0x140e34880	0x140e37bd0	je	0x140e37d0c
classic	mandate-cancel	0x140e34880	0x140e37bea	call	0x14006f1b0
classic	mandate-cancel	0x140e34880	0x140e37bf9	jne	0x140e37cec
classic	mandate-cancel	0x140e34880	0x140e37c09	call	0x14006f1b0
classic	mandate-cancel	0x140e34880	0x140e37c11	call	0x141389c90
classic	mandate-cancel	0x140e34880	0x140e37c18	je	0x140e37cec
classic	mandate-cancel	0x140e34880	0x140e37c28	call	0x14006f1b0
classic	mandate-cancel	0x140e34880	0x140e37c30	call	0x141346db0
classic	mandate-cancel	0x140e34880	0x140e37c37	jg	0x140e37c58
classic	mandate-cancel	0x140e34880	0x140e37c43	call	0x14006f1b0
classic	mandate-cancel	0x140e34880	0x140e37c4b	call	0x141346ef0
classic	mandate-cancel	0x140e34880	0x140e37c52	jle	0x140e37cec
classic	mandate-cancel	0x140e34880	0x140e37c62	call	0x14006f1b0
classic	mandate-cancel	0x140e34880	0x140e37c71	jle	0x140e37c8b
classic	mandate-cancel	0x140e34880	0x140e37c7d	call	0x14006f1b0
classic	mandate-cancel	0x140e34880	0x140e37c95	call	0x14006f1b0
classic	mandate-cancel	0x140e34880	0x140e37ca4	jle	0x140e37cbe
classic	mandate-cancel	0x140e34880	0x140e37cb0	call	0x14006f1b0
classic	mandate-cancel	0x140e34880	0x140e37cc8	call	0x14006f1b0
classic	mandate-cancel	0x140e34880	0x140e37cd0	call	0x141345b80
classic	mandate-cancel	0x140e34880	0x140e37cdf	call	0x14006f1b0
classic	mandate-cancel	0x140e34880	0x140e37ce7	call	0x141348d90
classic	mandate-cancel	0x140e34880	0x140e37d06	jb	0x140e37be0
classic	mandate-cancel	0x140e34880	0x140e37d2e	jne	0x140e37e8b
classic	mandate-cancel	0x140e34880	0x140e37d3b	je	0x140e37e8b
classic	mandate-cancel	0x140e34880	0x140e37d4f	call	0x14006ede0
classic	mandate-cancel	0x140e34880	0x140e37d57	je	0x140e37e8b
classic	mandate-cancel	0x140e34880	0x140e37d6b	call	0x14006ede0
classic	mandate-cancel	0x140e34880	0x140e37d73	call	0x140071ec0
classic	mandate-cancel	0x140e34880	0x140e37d82	call	0x14006f1b0
classic	mandate-cancel	0x140e34880	0x140e37d94	call	0x140067d50
classic	mandate-cancel	0x140e34880	0x140e37d9c	je	0x140e37e8b
classic	mandate-cancel	0x140e34880	0x140e37daf	call	0x140073b00
classic	mandate-cancel	0x140e34880	0x140e37dba	je	0x140e37e8b
classic	mandate-cancel	0x140e34880	0x140e37e01	call	0x140073190
classic	mandate-cancel	0x140e34880	0x140e37e65	call	0x14014d8d0
classic	mandate-cancel	0x140e34880	0x140e37e75	call	0x141389c90
classic	mandate-cancel	0x140e34880	0x140e37e7c	je	0x140e37e8b
classic	mandate-cancel	0x140e34880	0x140e37e81	je	0x140e37e8b
classic	mandate-cancel	0x140e34880	0x140e37e86	call	0x140c8b3e0
classic	mandate-cancel	0x140e34880	0x140e37e92	jne	0x140e37f97
classic	mandate-cancel	0x140e34880	0x140e37ea6	call	0x14006ede0
classic	mandate-cancel	0x140e34880	0x140e37eae	je	0x140e37f97
classic	mandate-cancel	0x140e34880	0x140e37ec2	call	0x14006ede0
classic	mandate-cancel	0x140e34880	0x140e37eca	call	0x140071ec0
classic	mandate-cancel	0x140e34880	0x140e37ed9	call	0x14006f1b0
classic	mandate-cancel	0x140e34880	0x140e37eeb	call	0x140067d50
classic	mandate-cancel	0x140e34880	0x140e37ef3	je	0x140e37f97
classic	mandate-cancel	0x140e34880	0x140e37f06	call	0x140073b00
classic	mandate-cancel	0x140e34880	0x140e37f17	je	0x140e37f9d
classic	mandate-cancel	0x140e34880	0x140e37f6f	call	0x140073190
classic	mandate-cancel	0x140e34880	0x140e37f7f	call	0x141389c90
classic	mandate-cancel	0x140e34880	0x140e37f86	je	0x140e37f9d
classic	mandate-cancel	0x140e34880	0x140e37f8b	je	0x140e37f9d
classic	mandate-cancel	0x140e34880	0x140e37f90	call	0x14136af70
classic	mandate-cancel	0x140e34880	0x140e37f95	jmp	0x140e37f9d
classic	mandate-cancel	0x140e34880	0x140e37fbf	jne	0x140e38002
classic	mandate-cancel	0x140e34880	0x140e37fcf	call	0x14006ede0
classic	mandate-cancel	0x140e34880	0x140e37fd7	je	0x140e38002
classic	mandate-cancel	0x140e34880	0x140e37fe3	jg	0x140e37ff8
classic	mandate-cancel	0x140e34880	0x140e37ff1	call	0x140aba850
classic	mandate-cancel	0x140e34880	0x140e37ff6	jmp	0x140e38002
classic	mandate-cancel	0x140e34880	0x140e38023	jne	0x140e3831a
classic	mandate-cancel	0x140e34880	0x140e38030	je	0x140e3831a
classic	mandate-cancel	0x140e34880	0x140e3804e	je	0x140e3831a
classic	mandate-cancel	0x140e34880	0x140e3806a	call	0x14006f1b0
classic	mandate-cancel	0x140e34880	0x140e38079	jne	0x140e382fa
classic	mandate-cancel	0x140e34880	0x140e38089	call	0x14006f1b0
classic	mandate-cancel	0x140e34880	0x140e38098	jne	0x140e382fa
classic	mandate-cancel	0x140e34880	0x140e380a8	call	0x14006f1b0
classic	mandate-cancel	0x140e34880	0x140e380b8	jne	0x140e382fa
classic	mandate-cancel	0x140e34880	0x140e380c8	call	0x14006f1b0
classic	mandate-cancel	0x140e34880	0x140e380d0	call	0x141389c90
classic	mandate-cancel	0x140e34880	0x140e380d7	je	0x140e382fa
classic	mandate-cancel	0x140e34880	0x140e380e7	call	0x14006f1b0
classic	mandate-cancel	0x140e34880	0x140e380f6	call	0x140a7d540
classic	mandate-cancel	0x140e34880	0x140e380fd	je	0x140e382fa
classic	mandate-cancel	0x140e34880	0x140e3810d	call	0x14006f1b0
classic	mandate-cancel	0x140e34880	0x140e3811a	call	0x1400731c0
classic	mandate-cancel	0x140e34880	0x140e38121	je	0x140e382fa
classic	mandate-cancel	0x140e34880	0x140e38131	call	0x14006f1b0
classic	mandate-cancel	0x140e34880	0x140e38139	call	0x141369770
classic	mandate-cancel	0x140e34880	0x140e38140	jne	0x140e382fa
classic	mandate-cancel	0x140e34880	0x140e38150	call	0x14006f1b0
classic	mandate-cancel	0x140e34880	0x140e38160	je	0x140e382b7
classic	mandate-cancel	0x140e34880	0x140e38170	call	0x14006f1b0
classic	mandate-cancel	0x140e34880	0x140e38180	je	0x140e382b7
classic	mandate-cancel	0x140e34880	0x140e38190	call	0x14006f1b0
classic	mandate-cancel	0x140e34880	0x140e381a0	je	0x140e382b7
classic	mandate-cancel	0x140e34880	0x140e381b0	call	0x14006f1b0
classic	mandate-cancel	0x140e34880	0x140e381c0	je	0x140e382b7
classic	mandate-cancel	0x140e34880	0x140e381d0	call	0x14006f1b0
classic	mandate-cancel	0x140e34880	0x140e381e0	je	0x140e382b7
classic	mandate-cancel	0x140e34880	0x140e381f0	call	0x14006f1b0
classic	mandate-cancel	0x140e34880	0x140e38200	je	0x140e382b7
classic	mandate-cancel	0x140e34880	0x140e38210	call	0x14006f1b0
classic	mandate-cancel	0x140e34880	0x140e38220	je	0x140e382b7
classic	mandate-cancel	0x140e34880	0x140e38230	call	0x14006f1b0
classic	mandate-cancel	0x140e34880	0x140e38240	je	0x140e382b7
classic	mandate-cancel	0x140e34880	0x140e3824c	call	0x14006f1b0
classic	mandate-cancel	0x140e34880	0x140e3825c	je	0x140e382b7
classic	mandate-cancel	0x140e34880	0x140e38268	call	0x14006f1b0
classic	mandate-cancel	0x140e34880	0x140e38278	je	0x140e382b7
classic	mandate-cancel	0x140e34880	0x140e38284	call	0x14006f1b0
classic	mandate-cancel	0x140e34880	0x140e3829d	je	0x140e382ab
classic	mandate-cancel	0x140e34880	0x140e3829f	call	0x14006f1b0
classic	mandate-cancel	0x140e34880	0x140e382a9	jmp	0x140e382f2
classic	mandate-cancel	0x140e34880	0x140e382ab	call	0x14006f1b0
classic	mandate-cancel	0x140e34880	0x140e382b5	jmp	0x140e382f2
classic	mandate-cancel	0x140e34880	0x140e382c1	call	0x14006f1b0
classic	mandate-cancel	0x140e34880	0x140e382da	je	0x140e382e8
classic	mandate-cancel	0x140e34880	0x140e382dc	call	0x14006f1b0
classic	mandate-cancel	0x140e34880	0x140e382e6	jmp	0x140e382f2
classic	mandate-cancel	0x140e34880	0x140e382e8	call	0x14006f1b0
classic	mandate-cancel	0x140e34880	0x140e382f5	call	0x141366800
classic	mandate-cancel	0x140e34880	0x140e38314	jb	0x140e38060
classic	mandate-cancel	0x140e34880	0x140e38321	je	0x140e3834e
classic	mandate-cancel	0x140e34880	0x140e38342	jne	0x140e38349
classic	mandate-cancel	0x140e34880	0x140e38344	call	0x1402b6c00
classic	mandate-cancel	0x140e34880	0x140e38349	call	0x1402b7370
classic	mandate-cancel	0x140e34880	0x140e38355	je	0x140e3837e
classic	mandate-cancel	0x140e34880	0x140e38365	call	0x14006ede0
classic	mandate-cancel	0x140e34880	0x140e3836d	je	0x140e3837e
classic	mandate-cancel	0x140e34880	0x140e38377	jne	0x140e3837e
classic	mandate-cancel	0x140e34880	0x140e38379	call	0x140e3bdc0
classic	mandate-cancel	0x140e34880	0x140e38396	je	0x140e384da
classic	mandate-cancel	0x140e34880	0x140e383ba	call	0x14006f1b0
classic	mandate-cancel	0x140e34880	0x140e383c9	jne	0x140e384ba
classic	mandate-cancel	0x140e34880	0x140e383d9	call	0x14006f1b0
classic	mandate-cancel	0x140e34880	0x140e383e1	call	0x141389c90
classic	mandate-cancel	0x140e34880	0x140e383e8	je	0x140e384ba
classic	mandate-cancel	0x140e34880	0x140e383f8	call	0x14006f1b0
classic	mandate-cancel	0x140e34880	0x140e38418	call	0x1413b4b70
classic	mandate-cancel	0x140e34880	0x140e3841f	je	0x140e384ba
classic	mandate-cancel	0x140e34880	0x140e38447	jne	0x140e384ba
classic	mandate-cancel	0x140e34880	0x140e38453	call	0x14006f1b0
classic	mandate-cancel	0x140e34880	0x140e38460	call	0x140073740
classic	mandate-cancel	0x140e34880	0x140e38468	jne	0x140e384ba
classic	mandate-cancel	0x140e34880	0x140e3846a	call	0x140e4d200
classic	mandate-cancel	0x140e34880	0x140e38472	call	0x140e4d2e0
classic	mandate-cancel	0x140e34880	0x140e3847a	jge	0x140e384ba
classic	mandate-cancel	0x140e34880	0x140e38483	call	0x1400724a0
classic	mandate-cancel	0x140e34880	0x140e384a6	call	0x14006f1b0
classic	mandate-cancel	0x140e34880	0x140e384b5	call	0x1413eaef0
classic	mandate-cancel	0x140e34880	0x140e384d4	jb	0x140e383b0
classic	mandate-cancel	0x140e34880	0x140e384e1	call	0x14006ede0
classic	mandate-cancel	0x140e34880	0x140e384ec	js	0x140e38649
classic	mandate-cancel	0x140e34880	0x140e38513	je	0x140e385c2
classic	mandate-cancel	0x140e34880	0x140e38543	jg	0x140e385c2
classic	mandate-cancel	0x140e34880	0x140e3854f	call	0x14006f1b0
classic	mandate-cancel	0x140e34880	0x140e38562	call	0x140e5e840
classic	mandate-cancel	0x140e34880	0x140e3856e	call	0x140e5f2f0
classic	mandate-cancel	0x140e34880	0x140e3857a	call	0x140e5f040
classic	mandate-cancel	0x140e34880	0x140e38586	call	0x140e5e710
classic	mandate-cancel	0x140e34880	0x140e38595	call	0x14006f1b0
classic	mandate-cancel	0x140e34880	0x140e385a8	call	0x140e3ad60
classic	mandate-cancel	0x140e34880	0x140e385b4	call	0x140e4e260
classic	mandate-cancel	0x140e34880	0x140e385bb	jne	0x140e385c2
classic	mandate-cancel	0x140e34880	0x140e385bd	call	0x140abb850
classic	mandate-cancel	0x140e34880	0x140e385d5	je	0x140e38639
classic	mandate-cancel	0x140e34880	0x140e385eb	call	0x140e4e2e0
classic	mandate-cancel	0x140e34880	0x140e385f2	je	0x140e38639
classic	mandate-cancel	0x140e34880	0x140e385fe	call	0x14006f1b0
classic	mandate-cancel	0x140e34880	0x140e38609	je	0x140e38615
classic	mandate-cancel	0x140e34880	0x140e38610	call	0x140e3b730
classic	mandate-cancel	0x140e34880	0x140e3861f	call	0x1400b9930
classic	mandate-cancel	0x140e34880	0x140e3862b	call	0x140e4e260
classic	mandate-cancel	0x140e34880	0x140e38632	jne	0x140e38639
classic	mandate-cancel	0x140e34880	0x140e38634	call	0x140abb850
classic	mandate-cancel	0x140e34880	0x140e38643	jns	0x140e38500
classic	mandate-cancel	0x140e34880	0x140e3865b	call	0x14006f6d0
classic	mandate-cancel	0x140e34880	0x140e38672	call	0x14006f6d0
classic	mandate-cancel	0x140e34880	0x140e3867f	je	0x140e38763
classic	mandate-cancel	0x140e34880	0x140e3869a	jne	0x140e38751
classic	mandate-cancel	0x140e34880	0x140e386a0	call	0x1413ae000
classic	mandate-cancel	0x140e34880	0x140e386ab	je	0x140e3874d
classic	mandate-cancel	0x140e34880	0x140e386bb	je	0x140e3874d
classic	mandate-cancel	0x140e34880	0x140e386c8	je	0x140e3874d
classic	mandate-cancel	0x140e34880	0x140e386ce	call	0x14006ede0
classic	mandate-cancel	0x140e34880	0x140e386d6	jl	0x140e3874d
classic	mandate-cancel	0x140e34880	0x140e386ee	call	0x14006f1b0
classic	mandate-cancel	0x140e34880	0x140e38702	jg	0x140e38745
classic	mandate-cancel	0x140e34880	0x140e3870a	jle	0x140e38745
classic	mandate-cancel	0x140e34880	0x140e3870f	jge	0x140e38745
classic	mandate-cancel	0x140e34880	0x140e38715	call	0x14006f300
classic	mandate-cancel	0x140e34880	0x140e3871d	jne	0x140e38745
classic	mandate-cancel	0x140e34880	0x140e38723	jge	0x140e38745
classic	mandate-cancel	0x140e34880	0x140e3872d	call	0x140b497a0
classic	mandate-cancel	0x140e34880	0x140e38740	call	0x1400b9930
classic	mandate-cancel	0x140e34880	0x140e3874b	jns	0x140e386e0
classic	mandate-cancel	0x140e34880	0x140e3875d	jne	0x140e38690
classic	mandate-cancel	0x140e34880	0x140e3877f	js	0x140e3ac16
classic	mandate-cancel	0x140e34880	0x140e387ab	call	0x14006f1b0
classic	mandate-cancel	0x140e34880	0x140e387c3	jne	0x140e3888c
classic	mandate-cancel	0x140e34880	0x140e387ce	jae	0x140e3888c
classic	mandate-cancel	0x140e34880	0x140e387de	je	0x140e3880a
classic	mandate-cancel	0x140e34880	0x140e38804	jl	0x140e3888c
classic	mandate-cancel	0x140e34880	0x140e38815	call	0x14007da80
classic	mandate-cancel	0x140e34880	0x140e3881d	je	0x140e3887d
classic	mandate-cancel	0x140e34880	0x140e3882f	call	0x1400b9d50
classic	mandate-cancel	0x140e34880	0x140e3883a	jne	0x140e3886b
classic	mandate-cancel	0x140e34880	0x140e38841	call	0x141534600
classic	mandate-cancel	0x140e34880	0x140e38850	call	0x1408f7020
classic	mandate-cancel	0x140e34880	0x140e38866	call	0x1400ba310
classic	mandate-cancel	0x140e34880	0x140e38873	call	0x140109570
classic	mandate-cancel	0x140e34880	0x140e3888e	je	0x140e3abff
classic	mandate-cancel	0x140e34880	0x140e38899	jle	0x140e3abff
classic	mandate-cancel	0x140e34880	0x140e388a1	je	0x140e38f09
classic	mandate-cancel	0x140e34880	0x140e388ae	jne	0x140e38952
classic	mandate-cancel	0x140e34880	0x140e388ba	jne	0x140e38952
classic	mandate-cancel	0x140e34880	0x140e388c7	call	0x14006ede0
classic	mandate-cancel	0x140e34880	0x140e388d2	js	0x140e38952
classic	mandate-cancel	0x140e34880	0x140e388ea	call	0x14006f1b0
classic	mandate-cancel	0x140e34880	0x140e388f9	je	0x140e38916
classic	mandate-cancel	0x140e34880	0x140e38905	call	0x14006f1b0
classic	mandate-cancel	0x140e34880	0x140e38914	je	0x140e3894a
classic	mandate-cancel	0x140e34880	0x140e38920	call	0x14006f1b0
classic	mandate-cancel	0x140e34880	0x140e38931	jne	0x140e3894a
classic	mandate-cancel	0x140e34880	0x140e3893d	call	0x14006f1b0
classic	mandate-cancel	0x140e34880	0x140e38945	call	0x14135ff80
classic	mandate-cancel	0x140e34880	0x140e38950	jns	0x140e388e0
classic	mandate-cancel	0x140e34880	0x140e38957	jg	0x140e3897a
classic	mandate-cancel	0x140e34880	0x140e3895e	je	0x140e3896f
classic	mandate-cancel	0x140e34880	0x140e3896a	call	0x140e5e220
classic	mandate-cancel	0x140e34880	0x140e38974	jle	0x140e3abff
classic	mandate-cancel	0x140e34880	0x140e38981	je	0x140e3abff
classic	mandate-cancel	0x140e34880	0x140e38989	je	0x140e389f2
classic	mandate-cancel	0x140e34880	0x140e38998	je	0x140e389c5
classic	mandate-cancel	0x140e34880	0x140e389b2	jl	0x140e3abff
classic	mandate-cancel	0x140e34880	0x140e389bb	call	0x140e69640
classic	mandate-cancel	0x140e34880	0x140e389c0	jmp	0x140e3abff
classic	mandate-cancel	0x140e34880	0x140e389df	jl	0x140e3abff
classic	mandate-cancel	0x140e34880	0x140e389e8	call	0x140e69640
classic	mandate-cancel	0x140e34880	0x140e389ed	jmp	0x140e3abff
classic	mandate-cancel	0x140e34880	0x140e38a00	call	0x14006ede0
classic	mandate-cancel	0x140e34880	0x140e38a0f	js	0x140e38eed
classic	mandate-cancel	0x140e34880	0x140e38a31	call	0x14006f1b0
classic	mandate-cancel	0x140e34880	0x140e38a3f	je	0x140e38ee0
classic	mandate-cancel	0x140e34880	0x140e38a4c	call	0x1413c7440
classic	mandate-cancel	0x140e34880	0x140e38a5b	je	0x140e38ee0
classic	mandate-cancel	0x140e34880	0x140e38a68	jne	0x140e38ee0
classic	mandate-cancel	0x140e34880	0x140e38a71	call	0x141389c90
classic	mandate-cancel	0x140e34880	0x140e38a78	je	0x140e38ee0
classic	mandate-cancel	0x140e34880	0x140e38a8d	call	0x14006f1d0
classic	mandate-cancel	0x140e34880	0x140e38aa1	call	0x14006f1c0
classic	mandate-cancel	0x140e34880	0x140e38ab9	call	0x14006edb0
classic	mandate-cancel	0x140e34880	0x140e38ac3	call	0x140065740
classic	mandate-cancel	0x140e34880	0x140e38aca	je	0x140e38b1c
classic	mandate-cancel	0x140e34880	0x140e38ad7	call	0x14006eda0
classic	mandate-cancel	0x140e34880	0x140e38ae4	je	0x140e38ee0
classic	mandate-cancel	0x140e34880	0x140e38af1	call	0x14006ed90
classic	mandate-cancel	0x140e34880	0x140e38b09	call	0x14006edb0
classic	mandate-cancel	0x140e34880	0x140e38b13	call	0x140065740
classic	mandate-cancel	0x140e34880	0x140e38b1a	jne	0x140e38ad0
classic	mandate-cancel	0x140e34880	0x140e38b27	call	0x14007da80
classic	mandate-cancel	0x140e34880	0x140e38b36	je	0x140e38eed
classic	mandate-cancel	0x140e34880	0x140e38b43	je	0x140e38b87
classic	mandate-cancel	0x140e34880	0x140e38b4c	call	0x140072500
classic	mandate-cancel	0x140e34880	0x140e38b57	je	0x140e38b87
classic	mandate-cancel	0x140e34880	0x140e38b5c	call	0x1400750a0
classic	mandate-cancel	0x140e34880	0x140e38b64	jne	0x140e38b87
classic	mandate-cancel	0x140e34880	0x140e38b76	call	0x140072770
classic	mandate-cancel	0x140e34880	0x140e38b81	jne	0x140e38e7e
classic	mandate-cancel	0x140e34880	0x140e38b9c	call	0x14006f1d0
classic	mandate-cancel	0x140e34880	0x140e38baf	call	0x14006f1c0
classic	mandate-cancel	0x140e34880	0x140e38bc7	call	0x14006edb0
classic	mandate-cancel	0x140e34880	0x140e38bd1	call	0x140065740
classic	mandate-cancel	0x140e34880	0x140e38bd8	je	0x140e38cc1
classic	mandate-cancel	0x140e34880	0x140e38be7	call	0x14006eda0
classic	mandate-cancel	0x140e34880	0x140e38bf3	jne	0x140e38c82
classic	mandate-cancel	0x140e34880	0x140e38c02	call	0x140072770
classic	mandate-cancel	0x140e34880	0x140e38c0d	je	0x140e38c82
classic	mandate-cancel	0x140e34880	0x140e38c1a	jne	0x140e38c82
classic	mandate-cancel	0x140e34880	0x140e38c23	call	0x1400730e0
classic	mandate-cancel	0x140e34880	0x140e38c36	call	0x1409dc110
classic	mandate-cancel	0x140e34880	0x140e38c49	call	0x1409dc160
classic	mandate-cancel	0x140e34880	0x140e38c5a	jne	0x140e38c82
classic	mandate-cancel	0x140e34880	0x140e38c68	jae	0x140e3ac5f
classic	mandate-cancel	0x140e34880	0x140e38c80	jge	0x140e38cb8
classic	mandate-cancel	0x140e34880	0x140e38c89	call	0x14006ed90
classic	mandate-cancel	0x140e34880	0x140e38ca1	call	0x14006edb0
classic	mandate-cancel	0x140e34880	0x140e38cab	call	0x140065740
classic	mandate-cancel	0x140e34880	0x140e38cb2	jne	0x140e38be0
classic	mandate-cancel	0x140e34880	0x140e38cbb	jne	0x140e38e3b
classic	mandate-cancel	0x140e34880	0x140e38ccc	call	0x14006f1d0
classic	mandate-cancel	0x140e34880	0x140e38cdf	call	0x14006f1c0
classic	mandate-cancel	0x140e34880	0x140e38cf3	call	0x14006edb0
classic	mandate-cancel	0x140e34880	0x140e38cfd	call	0x140065740
classic	mandate-cancel	0x140e34880	0x140e38d04	je	0x140e38eed
classic	mandate-cancel	0x140e34880	0x140e38d24	call	0x14006eda0
classic	mandate-cancel	0x140e34880	0x140e38d32	call	0x140cae760
classic	mandate-cancel	0x140e34880	0x140e38d3d	je	0x140e38df7
classic	mandate-cancel	0x140e34880	0x140e38d4e	jne	0x140e38df7
classic	mandate-cancel	0x140e34880	0x140e38d59	call	0x1400b9d50
classic	mandate-cancel	0x140e34880	0x140e38d61	jne	0x140e38df7
classic	mandate-cancel	0x140e34880	0x140e38d76	call	0x140c88ae0
classic	mandate-cancel	0x140e34880	0x140e38d83	je	0x140e38df7
classic	mandate-cancel	0x140e34880	0x140e38d96	call	0x14007dbd0
classic	mandate-cancel	0x140e34880	0x140e38d9f	jb	0x140e38df7
classic	mandate-cancel	0x140e34880	0x140e38da8	jne	0x140e38df7
classic	mandate-cancel	0x140e34880	0x140e38db0	call	QWORD PTR [rax]
classic	mandate-cancel	0x140e34880	0x140e38dbb	ja	0x140e38df7
classic	mandate-cancel	0x140e34880	0x140e38dd9	jmp	rcx
classic	mandate-cancel	0x140e34880	0x140e38df5	jge	0x140e38e26
classic	mandate-cancel	0x140e34880	0x140e38dfb	call	0x14006ed90
classic	mandate-cancel	0x140e34880	0x140e38e0f	call	0x14006edb0
classic	mandate-cancel	0x140e34880	0x140e38e19	call	0x140065740
classic	mandate-cancel	0x140e34880	0x140e38e20	jne	0x140e38d20
classic	mandate-cancel	0x140e34880	0x140e38e31	je	0x140e38eed
classic	mandate-cancel	0x140e34880	0x140e38e3e	call	0x140071ec0
classic	mandate-cancel	0x140e34880	0x140e38e56	je	0x140e38e74
classic	mandate-cancel	0x140e34880	0x140e38e6f	call	0x1409da650
classic	mandate-cancel	0x140e34880	0x140e38e7c	je	0x140e38ee0
classic	mandate-cancel	0x140e34880	0x140e38e83	call	0x141534600
classic	mandate-cancel	0x140e34880	0x140e38e92	call	0x140e30f50
classic	mandate-cancel	0x140e34880	0x140e38ec1	call	0x1400b9910
classic	mandate-cancel	0x140e34880	0x140e38ee7	jns	0x140e38a20
classic	mandate-cancel	0x140e34880	0x140e38ef6	jne	0x140e3abfa
classic	mandate-cancel	0x140e34880	0x140e38eff	call	0x140e69640
classic	mandate-cancel	0x140e34880	0x140e38f04	jmp	0x140e3abfa
classic	mandate-cancel	0x140e34880	0x140e38f0f	jne	0x140e38fd1
classic	mandate-cancel	0x140e34880	0x140e38f1a	jle	0x140e38fd1
classic	mandate-cancel	0x140e34880	0x140e38f2b	call	0x14006f1d0
classic	mandate-cancel	0x140e34880	0x140e38f3e	call	0x14006f1c0
classic	mandate-cancel	0x140e34880	0x140e38f4e	call	0x1400b9900
classic	mandate-cancel	0x140e34880	0x140e38f55	jne	0x140e38fc9
classic	mandate-cancel	0x140e34880	0x140e38f5b	call	0x14006eda0
classic	mandate-cancel	0x140e34880	0x140e38f73	je	0x140e38fac
classic	mandate-cancel	0x140e34880	0x140e38f79	jae	0x140e38fac
classic	mandate-cancel	0x140e34880	0x140e38f85	jne	0x140e38fac
classic	mandate-cancel	0x140e34880	0x140e38f91	je	0x140e38f99
classic	mandate-cancel	0x140e34880	0x140e38f97	je	0x140e38fd1
classic	mandate-cancel	0x140e34880	0x140e38fa4	je	0x140e38fd1
classic	mandate-cancel	0x140e34880	0x140e38faa	je	0x140e38fd1
classic	mandate-cancel	0x140e34880	0x140e38fb0	call	0x14006ed90
classic	mandate-cancel	0x140e34880	0x140e38fc0	call	0x1400b9900
classic	mandate-cancel	0x140e34880	0x140e38fc7	je	0x140e38f57
classic	mandate-cancel	0x140e34880	0x140e38fd7	jle	0x140e39073
classic	mandate-cancel	0x140e34880	0x140e38fe4	jne	0x140e39073
classic	mandate-cancel	0x140e34880	0x140e38ff1	call	0x14006ede0
classic	mandate-cancel	0x140e34880	0x140e38ffc	js	0x140e39073
classic	mandate-cancel	0x140e34880	0x140e3900b	call	0x14006f1b0
classic	mandate-cancel	0x140e34880	0x140e3901a	je	0x140e39037
classic	mandate-cancel	0x140e34880	0x140e39026	call	0x14006f1b0
classic	mandate-cancel	0x140e34880	0x140e39035	je	0x140e3906b
classic	mandate-cancel	0x140e34880	0x140e39041	call	0x14006f1b0
classic	mandate-cancel	0x140e34880	0x140e39052	jne	0x140e3906b
classic	mandate-cancel	0x140e34880	0x140e3905e	call	0x14006f1b0
classic	mandate-cancel	0x140e34880	0x140e39066	call	0x14135ff80
classic	mandate-cancel	0x140e34880	0x140e39071	jns	0x140e39001
classic	mandate-cancel	0x140e34880	0x140e39078	jg	0x140e39099
classic	mandate-cancel	0x140e34880	0x140e3907f	je	0x140e3abff
classic	mandate-cancel	0x140e34880	0x140e3908f	call	0x140e5e220
classic	mandate-cancel	0x140e34880	0x140e39094	jmp	0x140e3abff
classic	mandate-cancel	0x140e34880	0x140e3909e	je	0x140e3abff
classic	mandate-cancel	0x140e34880	0x140e390ae	jne	0x140e390fb
classic	mandate-cancel	0x140e34880	0x140e390c3	call	0x140e41a50
classic	mandate-cancel	0x140e34880	0x140e390ca	je	0x140e390e7
classic	mandate-cancel	0x140e34880	0x140e390ec	jne	0x140e390fb
classic	mandate-cancel	0x140e34880	0x140e390f6	jmp	0x140e3abff
classic	mandate-cancel	0x140e34880	0x140e390ff	call	0x14006ede0
classic	mandate-cancel	0x140e34880	0x140e39107	je	0x140e396a9
classic	mandate-cancel	0x140e34880	0x140e3912b	jns	0x140e3914d
classic	mandate-cancel	0x140e34880	0x140e39137	je	0x140e3914d
classic	mandate-cancel	0x140e34880	0x140e39154	je	0x140e39173
classic	mandate-cancel	0x140e34880	0x140e3915f	je	0x140e39173
classic	mandate-cancel	0x140e34880	0x140e39177	call	0x14006ede0
classic	mandate-cancel	0x140e34880	0x140e39186	js	0x140e39658
classic	mandate-cancel	0x140e34880	0x140e391b6	call	0x14006f1b0
classic	mandate-cancel	0x140e34880	0x140e391d7	jns	0x140e391f0
classic	mandate-cancel	0x140e34880	0x140e391dd	je	0x140e394f8
classic	mandate-cancel	0x140e34880	0x140e391ea	jge	0x140e394f8
classic	mandate-cancel	0x140e34880	0x140e391f5	jae	0x140e39215
classic	mandate-cancel	0x140e34880	0x140e391fc	jne	0x140e39215
classic	mandate-cancel	0x140e34880	0x140e39202	je	0x140e394f8
classic	mandate-cancel	0x140e34880	0x140e3920f	jge	0x140e394f8
classic	mandate-cancel	0x140e34880	0x140e3921c	je	0x140e39233
classic	mandate-cancel	0x140e34880	0x140e39225	call	0x140067ce0
classic	mandate-cancel	0x140e34880	0x140e3922d	je	0x140e394f8
classic	mandate-cancel	0x140e34880	0x140e39255	jl	0x140e393ed
classic	mandate-cancel	0x140e34880	0x140e3925f	call	0x14006f3e0
classic	mandate-cancel	0x140e34880	0x140e39269	jle	0x140e394f8
classic	mandate-cancel	0x140e34880	0x140e3927d	call	0x14006f1d0
classic	mandate-cancel	0x140e34880	0x140e39290	call	0x14006f1c0
classic	mandate-cancel	0x140e34880	0x140e392a0	call	0x1400b9900
classic	mandate-cancel	0x140e34880	0x140e392a7	jne	0x140e393e7
classic	mandate-cancel	0x140e34880	0x140e392b4	call	0x14006eda0
classic	mandate-cancel	0x140e34880	0x140e392c7	jne	0x140e39387
classic	mandate-cancel	0x140e34880	0x140e392db	jne	0x140e39387
classic	mandate-cancel	0x140e34880	0x140e392eb	jne	0x140e39387
classic	mandate-cancel	0x140e34880	0x140e392f4	call	0x141361850
classic	mandate-cancel	0x140e34880	0x140e39315	call	0x14006f3d0
classic	mandate-cancel	0x140e34880	0x140e39324	call	0x14006f3d0
classic	mandate-cancel	0x140e34880	0x140e39333	call	0x14006f3d0
classic	mandate-cancel	0x140e34880	0x140e39369	call	0x1414479d0
classic	mandate-cancel	0x140e34880	0x140e39370	je	0x140e39382
classic	mandate-cancel	0x140e34880	0x140e39380	jmp	0x140e3938d
classic	mandate-cancel	0x140e34880	0x140e39391	call	0x14006ed90
classic	mandate-cancel	0x140e34880	0x140e393a1	call	0x1400b9900
classic	mandate-cancel	0x140e34880	0x140e393a8	je	0x140e392b0
classic	mandate-cancel	0x140e34880	0x140e393b1	jne	0x140e393df
classic	mandate-cancel	0x140e34880	0x140e393b5	je	0x140e393e7
classic	mandate-cancel	0x140e34880	0x140e393c3	je	0x140e393d2
classic	mandate-cancel	0x140e34880	0x140e393cd	call	0x1400b9e00
classic	mandate-cancel	0x140e34880	0x140e393da	jmp	0x140e394fd
classic	mandate-cancel	0x140e34880	0x140e393e1	jne	0x140e394f0
classic	mandate-cancel	0x140e34880	0x140e3940d	jl	0x140e39889
classic	mandate-cancel	0x140e34880	0x140e39435	call	0x14006f3e0
classic	mandate-cancel	0x140e34880	0x140e39440	jle	0x140e39889
classic	mandate-cancel	0x140e34880	0x140e3945c	call	0x14006f3d0
classic	mandate-cancel	0x140e34880	0x140e3946a	call	0x14006f3d0
classic	mandate-cancel	0x140e34880	0x140e39478	call	0x14006f3d0
classic	mandate-cancel	0x140e34880	0x140e39492	call	0x140067f10
classic	mandate-cancel	0x140e34880	0x140e394a0	jne	0x140e3972d
classic	mandate-cancel	0x140e34880	0x140e394cb	call	0x140549450
classic	mandate-cancel	0x140e34880	0x140e394d9	jne	0x140e3971e
classic	mandate-cancel	0x140e34880	0x140e394e4	jle	0x140e3972d
classic	mandate-cancel	0x140e34880	0x140e39504	je	0x140e39558
classic	mandate-cancel	0x140e34880	0x140e3950d	call	0x1403d3fa0
classic	mandate-cancel	0x140e34880	0x140e39518	je	0x140e39558
classic	mandate-cancel	0x140e34880	0x140e3951d	jne	0x140e39558
classic	mandate-cancel	0x140e34880	0x140e39526	je	0x140e39558
classic	mandate-cancel	0x140e34880	0x140e3952b	jne	0x140e39558
classic	mandate-cancel	0x140e34880	0x140e39533	jne	0x140e39558
classic	mandate-cancel	0x140e34880	0x140e39539	jne	0x140e39558
classic	mandate-cancel	0x140e34880	0x140e39563	call	0x14006f1d0
classic	mandate-cancel	0x140e34880	0x140e39576	call	0x14006f1c0
classic	mandate-cancel	0x140e34880	0x140e39589	je	0x140e39607
classic	mandate-cancel	0x140e34880	0x140e3959d	jne	0x140e395f2
classic	mandate-cancel	0x140e34880	0x140e395a8	jne	0x140e395f2
classic	mandate-cancel	0x140e34880	0x140e395d5	call	0x1413737d0
classic	mandate-cancel	0x140e34880	0x140e395e2	call	0x1400fdc80
classic	mandate-cancel	0x140e34880	0x140e395fd	jne	0x140e39590
classic	mandate-cancel	0x140e34880	0x140e3960f	call	0x140e3b7a0
classic	mandate-cancel	0x140e34880	0x140e3961b	call	0x1400b9930
classic	mandate-cancel	0x140e34880	0x140e3963b	jns	0x140e391b0
classic	mandate-cancel	0x140e34880	0x140e3965f	jns	0x140e3967b
classic	mandate-cancel	0x140e34880	0x140e3967f	je	0x140e3969b
classic	mandate-cancel	0x140e34880	0x140e396c9	call	0x14006f1d0
classic	mandate-cancel	0x140e34880	0x140e396d9	call	0x14006f1c0
classic	mandate-cancel	0x140e34880	0x140e396ef	je	0x140e398c3
classic	mandate-cancel	0x140e34880	0x140e39707	jne	0x140e398a7
classic	mandate-cancel	0x140e34880	0x140e39711	je	0x140e398a4
classic	mandate-cancel	0x140e34880	0x140e39719	jmp	0x140e398a7
classic	mandate-cancel	0x140e34880	0x140e39720	jne	0x140e3972d
classic	mandate-cancel	0x140e34880	0x140e39727	jge	0x140e394ea
classic	mandate-cancel	0x140e34880	0x140e39732	jne	0x140e397f2
classic	mandate-cancel	0x140e34880	0x140e3973c	call	0x140e30f00
classic	mandate-cancel	0x140e34880	0x140e39743	jne	0x140e397ef
classic	mandate-cancel	0x140e34880	0x140e39752	je	0x140e397ef
classic	mandate-cancel	0x140e34880	0x140e3976a	call	0x1400680c0
classic	mandate-cancel	0x140e34880	0x140e39772	je	0x140e397ef
classic	mandate-cancel	0x140e34880	0x140e39777	je	0x140e397ef
classic	mandate-cancel	0x140e34880	0x140e3977c	je	0x140e397ef
classic	mandate-cancel	0x140e34880	0x140e39781	jne	0x140e397f2
classic	mandate-cancel	0x140e34880	0x140e39795	call	0x1405a5f70
classic	mandate-cancel	0x140e34880	0x140e3979c	jne	0x140e397ef
classic	mandate-cancel	0x140e34880	0x140e397b0	call	0x1405a5e90
classic	mandate-cancel	0x140e34880	0x140e397b7	jne	0x140e397ef
classic	mandate-cancel	0x140e34880	0x140e397cb	call	0x1405a5f00
classic	mandate-cancel	0x140e34880	0x140e397d2	jne	0x140e397ef
classic	mandate-cancel	0x140e34880	0x140e397e6	call	0x1405a5e20
classic	mandate-cancel	0x140e34880	0x140e397ed	je	0x140e397f2
classic	mandate-cancel	0x140e34880	0x140e397f7	jne	0x140e3982b
classic	mandate-cancel	0x140e34880	0x140e397fd	call	0x1402c1100
classic	mandate-cancel	0x140e34880	0x140e39804	je	0x140e3982b
classic	mandate-cancel	0x140e34880	0x140e39822	call	0x1414a8e10
classic	mandate-cancel	0x140e34880	0x140e39829	je	0x140e39851
classic	mandate-cancel	0x140e34880	0x140e39830	jne	0x140e3983f
classic	mandate-cancel	0x140e34880	0x140e39836	call	0x1409e2ba0
classic	mandate-cancel	0x140e34880	0x140e3983d	jne	0x140e3985a
classic	mandate-cancel	0x140e34880	0x140e39846	jge	0x140e39863
classic	mandate-cancel	0x140e34880	0x140e3984c	jmp	0x140e3944b
classic	mandate-cancel	0x140e34880	0x140e39858	jmp	0x140e3986b
classic	mandate-cancel	0x140e34880	0x140e39861	jmp	0x140e3986b
classic	mandate-cancel	0x140e34880	0x140e3986e	jne	0x140e394ea
classic	mandate-cancel	0x140e34880	0x140e39876	jne	0x140e394ea
classic	mandate-cancel	0x140e34880	0x140e3987e	jne	0x140e394ea
classic	mandate-cancel	0x140e34880	0x140e39893	je	0x140e39620
classic	mandate-cancel	0x140e34880	0x140e3989f	jmp	0x140e394f8
classic	mandate-cancel	0x140e34880	0x140e398b5	jne	0x140e39700
classic	mandate-cancel	0x140e34880	0x140e398cc	je	0x140e398fe
classic	mandate-cancel	0x140e34880	0x140e398f4	jl	0x140e398fe
classic	mandate-cancel	0x140e34880	0x140e39907	jne	0x140e39959
classic	mandate-cancel	0x140e34880	0x140e39913	je	0x140e3993f
classic	mandate-cancel	0x140e34880	0x140e39936	jl	0x140e3993f
classic	mandate-cancel	0x140e34880	0x140e39942	jne	0x140e3ab61
classic	mandate-cancel	0x140e34880	0x140e39952	jne	0x140e39972
classic	mandate-cancel	0x140e34880	0x140e39954	jmp	0x140e3ab61
classic	mandate-cancel	0x140e34880	0x140e3995c	jne	0x140e39972
classic	mandate-cancel	0x140e34880	0x140e39963	jne	0x140e3ab78
classic	mandate-cancel	0x140e34880	0x140e3996c	jne	0x140e3ab61
classic	mandate-cancel	0x140e34880	0x140e3998d	jne	0x140e39a81
classic	mandate-cancel	0x140e34880	0x140e3999e	call	0x14006f1d0
classic	mandate-cancel	0x140e34880	0x140e399ae	call	0x14006f1c0
classic	mandate-cancel	0x140e34880	0x140e399bb	call	0x1400721e0
classic	mandate-cancel	0x140e34880	0x140e399c8	je	0x140e39a49
classic	mandate-cancel	0x140e34880	0x140e399d4	call	0x14006eda0
classic	mandate-cancel	0x140e34880	0x140e399eb	jne	0x140e39a29
classic	mandate-cancel	0x140e34880	0x140e399fb	jne	0x140e39a29
classic	mandate-cancel	0x140e34880	0x140e39a05	jne	0x140e39a29
classic	mandate-cancel	0x140e34880	0x140e39a16	call	0x1413623a0
classic	mandate-cancel	0x140e34880	0x140e39a27	jne	0x140e39a59
classic	mandate-cancel	0x140e34880	0x140e39a2d	call	0x14006ed90
classic	mandate-cancel	0x140e34880	0x140e39a3a	call	0x1400721e0
classic	mandate-cancel	0x140e34880	0x140e39a47	jne	0x140e399d0
classic	mandate-cancel	0x140e34880	0x140e39a54	jmp	0x140e3ab59
classic	mandate-cancel	0x140e34880	0x140e39a6a	call	0x14010af70
classic	mandate-cancel	0x140e34880	0x140e39aa6	call	0x140065a90
classic	mandate-cancel	0x140e34880	0x140e39ace	je	0x140e39ba4
classic	mandate-cancel	0x140e34880	0x140e39aed	call	QWORD PTR [rax+0xe8]
classic	mandate-cancel	0x140e34880	0x140e39af5	je	0x140e39b75
classic	mandate-cancel	0x140e34880	0x140e39afd	call	QWORD PTR [rax+0xd0]
classic	mandate-cancel	0x140e34880	0x140e39b06	jne	0x140e39b75
classic	mandate-cancel	0x140e34880	0x140e39b12	call	0x1400b9f00
classic	mandate-cancel	0x140e34880	0x140e39b1a	jne	0x140e39b75
classic	mandate-cancel	0x140e34880	0x140e39b23	je	0x140e39b75
classic	mandate-cancel	0x140e34880	0x140e39b3e	call	0x1409e2c70
classic	mandate-cancel	0x140e34880	0x140e39b49	jge	0x140e39b66
classic	mandate-cancel	0x140e34880	0x140e39b4f	call	0x14006f220
classic	mandate-cancel	0x140e34880	0x140e39b5c	call	0x14006f3a0
classic	mandate-cancel	0x140e34880	0x140e39b64	jmp	0x140e39b75
classic	mandate-cancel	0x140e34880	0x140e39b66	jne	0x140e39b75
classic	mandate-cancel	0x140e34880	0x140e39b70	call	0x14006f3a0
classic	mandate-cancel	0x140e34880	0x140e39b98	jb	0x140e39ae0
classic	mandate-cancel	0x140e34880	0x140e39bb3	je	0x140e39c4e
classic	mandate-cancel	0x140e34880	0x140e39bbd	call	0x14006f300
classic	mandate-cancel	0x140e34880	0x140e39bc5	call	0x140071ec0
classic	mandate-cancel	0x140e34880	0x140e39bd1	call	0x14006f2f0
classic	mandate-cancel	0x140e34880	0x140e39be3	call	0x14006f1b0
classic	mandate-cancel	0x140e34880	0x140e39bfe	call	0x14006f1b0
classic	mandate-cancel	0x140e34880	0x140e39c19	call	0x14006f1b0
classic	mandate-cancel	0x140e34880	0x140e39c34	call	0x14006f1b0
classic	mandate-cancel	0x140e34880	0x140e39c4c	jmp	0x140e39c53
classic	mandate-cancel	0x140e34880	0x140e39c57	call	0x14006f6e0
classic	mandate-cancel	0x140e34880	0x140e39c64	jne	0x140e3a69e
classic	mandate-cancel	0x140e34880	0x140e39c6e	call	0x140065a90
classic	mandate-cancel	0x140e34880	0x140e39c93	je	0x140e39db4
classic	mandate-cancel	0x140e34880	0x140e39caa	call	0x14006f1b0
classic	mandate-cancel	0x140e34880	0x140e39cb8	call	QWORD PTR [rax+0xe8]
classic	mandate-cancel	0x140e34880	0x140e39cc0	je	0x140e39d88
classic	mandate-cancel	0x140e34880	0x140e39ccc	call	QWORD PTR [rax+0xd0]
classic	mandate-cancel	0x140e34880	0x140e39cd5	je	0x140e39cec
classic	mandate-cancel	0x140e34880	0x140e39cdd	call	QWORD PTR [rax+0xd0]
classic	mandate-cancel	0x140e34880	0x140e39ce6	jne	0x140e39d88
classic	mandate-cancel	0x140e34880	0x140e39cf6	call	0x1400b9f00
classic	mandate-cancel	0x140e34880	0x140e39cfe	jne	0x140e39d88
classic	mandate-cancel	0x140e34880	0x140e39d0a	call	QWORD PTR [rax+0xd0]
classic	mandate-cancel	0x140e34880	0x140e39d13	jne	0x140e39d1e
classic	mandate-cancel	0x140e34880	0x140e39d1c	jl	0x140e39d88
classic	mandate-cancel	0x140e34880	0x140e39d24	call	QWORD PTR [rax+0xd0]
classic	mandate-cancel	0x140e34880	0x140e39d2d	jne	0x140e39d38
classic	mandate-cancel	0x140e34880	0x140e39d36	jl	0x140e39d88
classic	mandate-cancel	0x140e34880	0x140e39d51	call	0x1409e2c70
classic	mandate-cancel	0x140e34880	0x140e39d5c	jge	0x140e39d79
classic	mandate-cancel	0x140e34880	0x140e39d62	call	0x14006f220
classic	mandate-cancel	0x140e34880	0x140e39d6f	call	0x14006f3a0
classic	mandate-cancel	0x140e34880	0x140e39d77	jmp	0x140e39d88
classic	mandate-cancel	0x140e34880	0x140e39d79	jne	0x140e39d88
classic	mandate-cancel	0x140e34880	0x140e39d83	call	0x14006f3a0
classic	mandate-cancel	0x140e34880	0x140e39da8	jb	0x140e39ca0
classic	mandate-cancel	0x140e34880	0x140e39db8	call	0x14006f300
classic	mandate-cancel	0x140e34880	0x140e39dc0	je	0x140e39e58
classic	mandate-cancel	0x140e34880	0x140e39dca	call	0x14006f300
classic	mandate-cancel	0x140e34880	0x140e39dd2	call	0x140071ec0
classic	mandate-cancel	0x140e34880	0x140e39dde	call	0x14006f2f0
classic	mandate-cancel	0x140e34880	0x140e39df0	call	0x14006f1b0
classic	mandate-cancel	0x140e34880	0x140e39e0b	call	0x14006f1b0
classic	mandate-cancel	0x140e34880	0x140e39e26	call	0x14006f1b0
classic	mandate-cancel	0x140e34880	0x140e39e41	call	0x14006f1b0
classic	mandate-cancel	0x140e34880	0x140e39e56	jmp	0x140e39e5d
classic	mandate-cancel	0x140e34880	0x140e39e61	call	0x140065ab0
classic	mandate-cancel	0x140e34880	0x140e39e6e	jne	0x140e3a69e
classic	mandate-cancel	0x140e34880	0x140e39e78	call	0x140065a90
classic	mandate-cancel	0x140e34880	0x140e39e9d	je	0x140e3a046
classic	mandate-cancel	0x140e34880	0x140e39ec8	jne	0x140e3a015
classic	mandate-cancel	0x140e34880	0x140e39ed5	call	0x14006f1b0
classic	mandate-cancel	0x140e34880	0x140e39ee7	jne	0x140e3a015
classic	mandate-cancel	0x140e34880	0x140e39ef8	call	0x14006f1b0
classic	mandate-cancel	0x140e34880	0x140e39f00	call	0x141389c90
classic	mandate-cancel	0x140e34880	0x140e39f07	je	0x140e3a015
classic	mandate-cancel	0x140e34880	0x140e39f18	call	0x14006f1b0
classic	mandate-cancel	0x140e34880	0x140e39f20	call	0x141371560
classic	mandate-cancel	0x140e34880	0x140e39f27	jne	0x140e3a015
classic	mandate-cancel	0x140e34880	0x140e39f38	call	0x14006f1b0
classic	mandate-cancel	0x140e34880	0x140e39f49	call	0x14138a4a0
classic	mandate-cancel	0x140e34880	0x140e39f51	jne	0x140e39f7d
classic	mandate-cancel	0x140e34880	0x140e39f5e	call	0x14006f1b0
classic	mandate-cancel	0x140e34880	0x140e39f6f	call	0x14138a4a0
classic	mandate-cancel	0x140e34880	0x140e39f77	je	0x140e3a015
classic	mandate-cancel	0x140e34880	0x140e39f88	call	0x14006f1b0
classic	mandate-cancel	0x140e34880	0x140e39fa6	call	0x14006f1b0
classic	mandate-cancel	0x140e34880	0x140e39fc4	call	0x14006f1b0
classic	mandate-cancel	0x140e34880	0x140e39fde	call	0x1409e2c70
classic	mandate-cancel	0x140e34880	0x140e39fe9	jge	0x140e3a006
classic	mandate-cancel	0x140e34880	0x140e39fef	call	0x14006f220
classic	mandate-cancel	0x140e34880	0x140e39ffc	call	0x14006f3a0
classic	mandate-cancel	0x140e34880	0x140e3a004	jmp	0x140e3a015
classic	mandate-cancel	0x140e34880	0x140e3a006	jne	0x140e3a015
classic	mandate-cancel	0x140e34880	0x140e3a010	call	0x14006f3a0
classic	mandate-cancel	0x140e34880	0x140e3a035	jb	0x140e39eb0
classic	mandate-cancel	0x140e34880	0x140e3a058	je	0x140e3a0ed
classic	mandate-cancel	0x140e34880	0x140e3a061	ja	0x140e3a067
classic	mandate-cancel	0x140e34880	0x140e3a065	jmp	0x140e3a0a3
classic	mandate-cancel	0x140e34880	0x140e3a067	call	0x140eb1820
classic	mandate-cancel	0x140e34880	0x140e3a0eb	jmp	0x140e3a0f0
classic	mandate-cancel	0x140e34880	0x140e3a0f4	call	0x14006f6e0
classic	mandate-cancel	0x140e34880	0x140e3a101	jne	0x140e3a69b
classic	mandate-cancel	0x140e34880	0x140e3a10b	call	0x140065a90
classic	mandate-cancel	0x140e34880	0x140e3a130	je	0x140e3a34a
classic	mandate-cancel	0x140e34880	0x140e3a155	jne	0x140e3a31f
classic	mandate-cancel	0x140e34880	0x140e3a162	call	0x14006f1b0
classic	mandate-cancel	0x140e34880	0x140e3a174	jne	0x140e3a31f
classic	mandate-cancel	0x140e34880	0x140e3a185	call	0x14006f1b0
classic	mandate-cancel	0x140e34880	0x140e3a197	jne	0x140e3a31f
classic	mandate-cancel	0x140e34880	0x140e3a1a8	call	0x14006f1b0
classic	mandate-cancel	0x140e34880	0x140e3a1b0	call	0x141389c90
classic	mandate-cancel	0x140e34880	0x140e3a1b7	je	0x140e3a31f
classic	mandate-cancel	0x140e34880	0x140e3a1c8	call	0x14006f1b0
classic	mandate-cancel	0x140e34880	0x140e3a1d0	call	0x141371560
classic	mandate-cancel	0x140e34880	0x140e3a1d7	jne	0x140e3a31f
classic	mandate-cancel	0x140e34880	0x140e3a1e8	call	0x14006f1b0
classic	mandate-cancel	0x140e34880	0x140e3a1f8	je	0x140e3a31f
classic	mandate-cancel	0x140e34880	0x140e3a209	call	0x14006f1b0
classic	mandate-cancel	0x140e34880	0x140e3a223	call	0x14006f1d0
classic	mandate-cancel	0x140e34880	0x140e3a236	call	0x14006f1c0
classic	mandate-cancel	0x140e34880	0x140e3a246	call	0x1400b9900
classic	mandate-cancel	0x140e34880	0x140e3a24d	jne	0x140e3a31f
classic	mandate-cancel	0x140e34880	0x140e3a257	call	0x14006eda0
classic	mandate-cancel	0x140e34880	0x140e3a263	jge	0x140e3a287
classic	mandate-cancel	0x140e34880	0x140e3a269	call	0x14006ed90
classic	mandate-cancel	0x140e34880	0x140e3a279	call	0x1400b9900
classic	mandate-cancel	0x140e34880	0x140e3a280	je	0x140e3a253
classic	mandate-cancel	0x140e34880	0x140e3a282	jmp	0x140e3a31f
classic	mandate-cancel	0x140e34880	0x140e3a292	call	0x14006f1b0
classic	mandate-cancel	0x140e34880	0x140e3a2b0	call	0x14006f1b0
classic	mandate-cancel	0x140e34880	0x140e3a2ce	call	0x14006f1b0
classic	mandate-cancel	0x140e34880	0x140e3a2e8	call	0x1409e2c70
classic	mandate-cancel	0x140e34880	0x140e3a2f3	jge	0x140e3a310
classic	mandate-cancel	0x140e34880	0x140e3a2f9	call	0x14006f220
classic	mandate-cancel	0x140e34880	0x140e3a306	call	0x14006f3a0
classic	mandate-cancel	0x140e34880	0x140e3a30e	jmp	0x140e3a31f
classic	mandate-cancel	0x140e34880	0x140e3a310	jne	0x140e3a31f
classic	mandate-cancel	0x140e34880	0x140e3a31a	call	0x14006f3a0
classic	mandate-cancel	0x140e34880	0x140e3a33f	jb	0x140e3a140
classic	mandate-cancel	0x140e34880	0x140e3a359	je	0x140e3a3fb
classic	mandate-cancel	0x140e34880	0x140e3a363	call	0x14006f300
classic	mandate-cancel	0x140e34880	0x140e3a36b	call	0x140071ec0
classic	mandate-cancel	0x140e34880	0x140e3a377	call	0x14006f2f0
classic	mandate-cancel	0x140e34880	0x140e3a389	call	0x14006f1b0
classic	mandate-cancel	0x140e34880	0x140e3a3a7	call	0x14006f1b0
classic	mandate-cancel	0x140e34880	0x140e3a3c5	call	0x14006f1b0
classic	mandate-cancel	0x140e34880	0x140e3a3ea	call	0x14006f1b0
classic	mandate-cancel	0x140e34880	0x140e3a3ff	call	0x14006f6e0
classic	mandate-cancel	0x140e34880	0x140e3a40c	jne	0x140e3a698
classic	mandate-cancel	0x140e34880	0x140e3a416	call	0x140065a90
classic	mandate-cancel	0x140e34880	0x140e3a43b	je	0x140e3a5b8
classic	mandate-cancel	0x140e34880	0x140e3a45a	call	0x14006f1b0
classic	mandate-cancel	0x140e34880	0x140e3a469	jne	0x140e3a58d
classic	mandate-cancel	0x140e34880	0x140e3a47a	call	0x14006f1b0
classic	mandate-cancel	0x140e34880	0x140e3a48c	jne	0x140e3a58d
classic	mandate-cancel	0x140e34880	0x140e3a49d	call	0x14006f1b0
classic	mandate-cancel	0x140e34880	0x140e3a4af	jne	0x140e3a58d
classic	mandate-cancel	0x140e34880	0x140e3a4c0	call	0x14006f1b0
classic	mandate-cancel	0x140e34880	0x140e3a4c8	call	0x141389c90
classic	mandate-cancel	0x140e34880	0x140e3a4cf	je	0x140e3a58d
classic	mandate-cancel	0x140e34880	0x140e3a4e0	call	0x14006f1b0
classic	mandate-cancel	0x140e34880	0x140e3a4e8	call	0x141371560
classic	mandate-cancel	0x140e34880	0x140e3a4ef	jne	0x140e3a58d
classic	mandate-cancel	0x140e34880	0x140e3a500	call	0x14006f1b0
classic	mandate-cancel	0x140e34880	0x140e3a51e	call	0x14006f1b0
classic	mandate-cancel	0x140e34880	0x140e3a53c	call	0x14006f1b0
classic	mandate-cancel	0x140e34880	0x140e3a556	call	0x1409e2c70
classic	mandate-cancel	0x140e34880	0x140e3a561	jge	0x140e3a57e
classic	mandate-cancel	0x140e34880	0x140e3a567	call	0x14006f220
classic	mandate-cancel	0x140e34880	0x140e3a574	call	0x14006f3a0
classic	mandate-cancel	0x140e34880	0x140e3a57c	jmp	0x140e3a58d
classic	mandate-cancel	0x140e34880	0x140e3a57e	jne	0x140e3a58d
classic	mandate-cancel	0x140e34880	0x140e3a588	call	0x14006f3a0
classic	mandate-cancel	0x140e34880	0x140e3a5ad	jb	0x140e3a450
classic	mandate-cancel	0x140e34880	0x140e3a5bc	call	0x14006f300
classic	mandate-cancel	0x140e34880	0x140e3a5c4	je	0x140e3a661
classic	mandate-cancel	0x140e34880	0x140e3a5ce	call	0x14006f300
classic	mandate-cancel	0x140e34880	0x140e3a5d6	call	0x140071ec0
classic	mandate-cancel	0x140e34880	0x140e3a5e2	call	0x14006f2f0
classic	mandate-cancel	0x140e34880	0x140e3a5f4	call	0x14006f1b0
classic	mandate-cancel	0x140e34880	0x140e3a60d	call	0x14006f1b0
classic	mandate-cancel	0x140e34880	0x140e3a62b	call	0x14006f1b0
classic	mandate-cancel	0x140e34880	0x140e3a650	call	0x14006f1b0
classic	mandate-cancel	0x140e34880	0x140e3a665	call	0x140065ab0
classic	mandate-cancel	0x140e34880	0x140e3a675	jne	0x140e3a79f
classic	mandate-cancel	0x140e34880	0x140e3a67e	jne	0x140e39a49
classic	mandate-cancel	0x140e34880	0x140e3a693	jmp	0x140e3ab59
classic	mandate-cancel	0x140e34880	0x140e3a6a5	call	0x140065a90
classic	mandate-cancel	0x140e34880	0x140e3a6b2	call	0x140065a90
classic	mandate-cancel	0x140e34880	0x140e3a6bf	call	0x140065a90
classic	mandate-cancel	0x140e34880	0x140e3a72c	call	0x140e6ae20
classic	mandate-cancel	0x140e34880	0x140e3a746	je	0x140e3a750
classic	mandate-cancel	0x140e34880	0x140e3a74a	jne	0x140e3a802
classic	mandate-cancel	0x140e34880	0x140e3a752	jne	0x140e3a7a7
classic	mandate-cancel	0x140e34880	0x140e3a775	call	0x140065f70
classic	mandate-cancel	0x140e34880	0x140e3a782	call	0x140065f70
classic	mandate-cancel	0x140e34880	0x140e3a78f	call	0x140065f70
classic	mandate-cancel	0x140e34880	0x140e3a79a	jmp	0x140e3ab59
classic	mandate-cancel	0x140e34880	0x140e3a7a2	jmp	0x140e3a69e
classic	mandate-cancel	0x140e34880	0x140e3a7aa	jne	0x140e3a802
classic	mandate-cancel	0x140e34880	0x140e3a7d8	call	0x140065f70
classic	mandate-cancel	0x140e34880	0x140e3a7e5	call	0x140065f70
classic	mandate-cancel	0x140e34880	0x140e3a7f2	call	0x140065f70
classic	mandate-cancel	0x140e34880	0x140e3a7fd	jmp	0x140e3ab5f
classic	mandate-cancel	0x140e34880	0x140e3a807	call	0x141534600
classic	mandate-cancel	0x140e34880	0x140e3a816	call	0x14078eb00
classic	mandate-cancel	0x140e34880	0x140e3a887	jne	0x140e3a892
classic	mandate-cancel	0x140e34880	0x140e3a89b	call	0x1400b9910
classic	mandate-cancel	0x140e34880	0x140e3a8b0	call	0x140065f40
classic	mandate-cancel	0x140e34880	0x140e3a8c5	call	0x140065f40
classic	mandate-cancel	0x140e34880	0x140e3a8da	call	0x140065f40
classic	mandate-cancel	0x140e34880	0x140e3a8e4	call	0x140e6dba0
classic	mandate-cancel	0x140e34880	0x140e3a8f4	call	0x14006f1d0
classic	mandate-cancel	0x140e34880	0x140e3a907	call	0x14006f1c0
classic	mandate-cancel	0x140e34880	0x140e3a917	je	0x140e3ab33
classic	mandate-cancel	0x140e34880	0x140e3a92c	jne	0x140e3ab1e
classic	mandate-cancel	0x140e34880	0x140e3a93b	je	0x140e3ab1e
classic	mandate-cancel	0x140e34880	0x140e3a944	jne	0x140e3a95c
classic	mandate-cancel	0x140e34880	0x140e3a94f	jne	0x140e3a9b4
classic	mandate-cancel	0x140e34880	0x140e3a954	jne	0x140e3ab1e
classic	mandate-cancel	0x140e34880	0x140e3a95a	jmp	0x140e3a9b4
classic	mandate-cancel	0x140e34880	0x140e3a95e	jne	0x140e3a9b4
classic	mandate-cancel	0x140e34880	0x140e3a963	je	0x140e3a9b4
classic	mandate-cancel	0x140e34880	0x140e3a96a	je	0x140e3ab1e
classic	mandate-cancel	0x140e34880	0x140e3a97f	call	0x1413623a0
classic	mandate-cancel	0x140e34880	0x140e3a990	je	0x140e3ab1a
classic	mandate-cancel	0x140e34880	0x140e3a9a7	call	0x14010af70
classic	mandate-cancel	0x140e34880	0x140e3a9ae	jne	0x140e3ab1a
classic	mandate-cancel	0x140e34880	0x140e3a9f8	call	0x1413737d0
classic	mandate-cancel	0x140e34880	0x140e3aa05	call	0x1400fdc80
classic	mandate-cancel	0x140e34880	0x140e3aa0d	je	0x140e3ab05
classic	mandate-cancel	0x140e34880	0x140e3aa20	call	0x14006f3e0
classic	mandate-cancel	0x140e34880	0x140e3aa2c	js	0x140e3ab00
classic	mandate-cancel	0x140e34880	0x140e3aa68	call	0x14139f880
classic	mandate-cancel	0x140e34880	0x140e3aa6f	je	0x140e3aae6
classic	mandate-cancel	0x140e34880	0x140e3aa7d	call	0x14006f3d0
classic	mandate-cancel	0x140e34880	0x140e3aa98	call	0x14006f3d0
classic	mandate-cancel	0x140e34880	0x140e3aab3	call	0x14006f3d0
classic	mandate-cancel	0x140e34880	0x140e3aac9	call	0x140072170
classic	mandate-cancel	0x140e34880	0x140e3aad2	jl	0x140e3aadb
classic	mandate-cancel	0x140e34880	0x140e3aad9	jne	0x140e3aae6
classic	mandate-cancel	0x140e34880	0x140e3aaf1	jns	0x140e3aa40
classic	mandate-cancel	0x140e34880	0x140e3ab07	jne	0x140e3ab15
classic	mandate-cancel	0x140e34880	0x140e3ab13	jmp	0x140e3ab1a
classic	mandate-cancel	0x140e34880	0x140e3ab2d	jne	0x140e3a920
classic	mandate-cancel	0x140e34880	0x140e3ab3a	call	0x14006f740
classic	mandate-cancel	0x140e34880	0x140e3ab47	call	0x14006f740
classic	mandate-cancel	0x140e34880	0x140e3ab54	call	0x14006f740
classic	mandate-cancel	0x140e34880	0x140e3ab72	jl	0x140e39905
classic	mandate-cancel	0x140e34880	0x140e3ab80	jle	0x140e3abfa
classic	mandate-cancel	0x140e34880	0x140e3ab95	je	0x140e3abbc
classic	mandate-cancel	0x140e34880	0x140e3abb7	jl	0x140e3abbc
classic	mandate-cancel	0x140e34880	0x140e3abcd	jl	0x140e3ab90
classic	mandate-cancel	0x140e34880	0x140e3abd1	jle	0x140e3abfa
classic	mandate-cancel	0x140e34880	0x140e3abdb	jge	0x140e3abfa
classic	mandate-cancel	0x140e34880	0x140e3abe6	jne	0x140e3abfa
classic	mandate-cancel	0x140e34880	0x140e3abf8	jg	0x140e3abd3
classic	mandate-cancel	0x140e34880	0x140e3ac10	jns	0x140e3878a
classic	mandate-cancel	0x140e34880	0x140e3ac1d	call	0x140e3b7e0
classic	mandate-cancel	0x140e34880	0x140e3ac2a	call	0x140067dc0
classic	mandate-cancel	0x140e34880	0x140e3ac39	call	0x1415345d0
classic	mandate-cancel	0x140e34880	0x140e3ac5f	call	0x141534a90
classic	mandate-cancel	0x140e34880	0x140e3ac6a	jrcxz	0x140e3ac6c
classic	mandate-cancel	0x140e34880	0x140e3acf2	jrcxz	0x140e3acf4
classic	mandate-cancel	0x140e34880	0x140e3acf6	jrcxz	0x140e3acf8
classic	mandate-cancel	0x140e34880	0x140e3ad02	jrcxz	0x140e3ad04
classic	mandate-cancel	0x140e34880	0x140e3ad06	jrcxz	0x140e3ad08
classic	mandate-cancel	0x140e34880	0x140e3ad0e	jrcxz	0x140e3ad10
classic	mandate-cancel	0x140e34880	0x140e3ad12	jrcxz	0x140e3ad14
classic	mandate-cancel	0x140e34880	0x140e3ad1a	jrcxz	0x140e3ad1c
classic	mandate-cancel	0x140e34880	0x140e3ad22	jrcxz	0x140e3ad24
classic	mandate-create	0x141348d90	0x141348dd3	jne	0x1413499ec
classic	mandate-create	0x141348d90	0x141348de0	jne	0x1413499ec
classic	mandate-create	0x141348d90	0x141348def	jbe	0x141348e31
classic	mandate-create	0x141348d90	0x141348df1	call	0x140eb1820
classic	mandate-create	0x141348d90	0x141348e2b	jne	0x1413499ec
classic	mandate-create	0x141348d90	0x141348e39	jne	0x1413499ec
classic	mandate-create	0x141348d90	0x141348e4e	jbe	0x1413499ec
classic	mandate-create	0x141348d90	0x141348e5c	jg	0x1413499ec
classic	mandate-create	0x141348d90	0x141348e6a	jge	0x1413499ec
classic	mandate-create	0x141348d90	0x141348e77	jge	0x1413499ec
classic	mandate-create	0x141348d90	0x141348e84	jg	0x1413499ec
classic	mandate-create	0x141348d90	0x141348e92	jg	0x1413499ec
classic	mandate-create	0x141348d90	0x141348ea0	jg	0x1413499ec
classic	mandate-create	0x141348d90	0x141348ead	jg	0x1413499ec
classic	mandate-create	0x141348d90	0x141348eba	jg	0x1413499ec
classic	mandate-create	0x141348d90	0x141348ec3	call	0x14014d8d0
classic	mandate-create	0x141348d90	0x141348eca	jg	0x1413499ec
classic	mandate-create	0x141348d90	0x141348ed3	call	0x141389c90
classic	mandate-create	0x141348d90	0x141348eda	je	0x1413499ec
classic	mandate-create	0x141348d90	0x141348ee8	je	0x1413499ec
classic	mandate-create	0x141348d90	0x141348ef8	call	0x141346db0
classic	mandate-create	0x141348d90	0x141348f1c	je	0x141348f3f
classic	mandate-create	0x141348d90	0x141348f27	jne	0x141348f31
classic	mandate-create	0x141348d90	0x141348f2c	jne	0x141348f31
classic	mandate-create	0x141348d90	0x141348f3d	jb	0x141348f20
classic	mandate-create	0x141348d90	0x141348f42	jle	0x14134986a
classic	mandate-create	0x141348d90	0x141348f48	call	0x140eb1820
classic	mandate-create	0x141348d90	0x141348f6f	jae	0x141348f7e
classic	mandate-create	0x141348d90	0x141348f78	jne	0x141349877
classic	mandate-create	0x141348d90	0x141348f92	je	0x141348fb0
classic	mandate-create	0x141348d90	0x141348f9d	je	0x141348fb0
classic	mandate-create	0x141348d90	0x141348fa6	call	0x1400ba030
classic	mandate-create	0x141348d90	0x141348fae	jmp	0x141348fb3
classic	mandate-create	0x141348d90	0x141348fb3	call	0x140eb1820
classic	mandate-create	0x141348d90	0x141349037	je	0x1413494e6
classic	mandate-create	0x141348d90	0x141349060	jne	0x1413494ad
classic	mandate-create	0x141348d90	0x14134906b	je	0x1413494ad
classic	mandate-create	0x141348d90	0x141349079	je	0x141349349
classic	mandate-create	0x141348d90	0x141349082	je	0x141349349
classic	mandate-create	0x141348d90	0x141349092	ja	0x141349349
classic	mandate-create	0x141348d90	0x1413490ae	jmp	rcx
classic	mandate-create	0x141348d90	0x1413490c4	jae	0x1413490e1
classic	mandate-create	0x141348d90	0x1413490ca	je	0x1413490d2
classic	mandate-create	0x141348d90	0x1413490d0	jmp	0x1413490c1
classic	mandate-create	0x141348d90	0x1413490db	jne	0x141349349
classic	mandate-create	0x141348d90	0x1413490fa	jae	0x141349117
classic	mandate-create	0x141348d90	0x141349100	je	0x141349108
classic	mandate-create	0x141348d90	0x141349106	jmp	0x1413490f7
classic	mandate-create	0x141348d90	0x141349111	jne	0x141349349
classic	mandate-create	0x141348d90	0x141349119	jmp	0x14134930a
classic	mandate-create	0x141348d90	0x141349133	jae	0x1413492ff
classic	mandate-create	0x141348d90	0x14134913d	je	0x1413492f7
classic	mandate-create	0x141348d90	0x141349147	jmp	0x141349130
classic	mandate-create	0x141348d90	0x141349163	jae	0x1413492ff
classic	mandate-create	0x141348d90	0x14134916d	je	0x1413492f7
classic	mandate-create	0x141348d90	0x141349177	jmp	0x141349160
classic	mandate-create	0x141348d90	0x141349193	jae	0x1413492ff
classic	mandate-create	0x141348d90	0x14134919d	je	0x1413492f7
classic	mandate-create	0x141348d90	0x1413491a7	jmp	0x141349190
classic	mandate-create	0x141348d90	0x1413491c3	jae	0x1413492ff
classic	mandate-create	0x141348d90	0x1413491cd	je	0x1413492f7
classic	mandate-create	0x141348d90	0x1413491d7	jmp	0x1413491c0
classic	mandate-create	0x141348d90	0x1413491f3	jae	0x1413492ff
classic	mandate-create	0x141348d90	0x1413491fd	je	0x1413492f7
classic	mandate-create	0x141348d90	0x141349207	jmp	0x1413491f0
classic	mandate-create	0x141348d90	0x141349223	jae	0x1413492ff
classic	mandate-create	0x141348d90	0x14134922d	je	0x1413492f7
classic	mandate-create	0x141348d90	0x141349237	jmp	0x141349220
classic	mandate-create	0x141348d90	0x141349253	jae	0x1413492ff
classic	mandate-create	0x141348d90	0x14134925d	je	0x1413492f7
classic	mandate-create	0x141348d90	0x141349267	jmp	0x141349250
classic	mandate-create	0x141348d90	0x141349283	jae	0x1413492ff
classic	mandate-create	0x141348d90	0x141349289	je	0x1413492f7
classic	mandate-create	0x141348d90	0x14134928f	jmp	0x141349280
classic	mandate-create	0x141348d90	0x1413492a5	jae	0x1413492ff
classic	mandate-create	0x141348d90	0x1413492ab	je	0x1413492f7
classic	mandate-create	0x141348d90	0x1413492b1	jmp	0x1413492a2
classic	mandate-create	0x141348d90	0x1413492c7	jae	0x1413492ff
classic	mandate-create	0x141348d90	0x1413492cd	je	0x1413492f7
classic	mandate-create	0x141348d90	0x1413492d3	jmp	0x1413492c4
classic	mandate-create	0x141348d90	0x1413492e9	jae	0x1413492ff
classic	mandate-create	0x141348d90	0x1413492ef	je	0x1413492f7
classic	mandate-create	0x141348d90	0x1413492f5	jmp	0x1413492e6
classic	mandate-create	0x141348d90	0x1413492fd	jmp	0x141349304
classic	mandate-create	0x141348d90	0x14134930c	jne	0x1413494ad
classic	mandate-create	0x141348d90	0x141349312	jmp	0x141349349
classic	mandate-create	0x141348d90	0x141349328	jae	0x1413494ad
classic	mandate-create	0x141348d90	0x141349332	je	0x14134933a
classic	mandate-create	0x141348d90	0x141349338	jmp	0x141349325
classic	mandate-create	0x141348d90	0x141349343	je	0x1413494ad
classic	mandate-create	0x141348d90	0x141349364	je	0x1413493a5
classic	mandate-create	0x141348d90	0x14134936e	jne	0x141349396
classic	mandate-create	0x141348d90	0x141349378	jne	0x141349396
classic	mandate-create	0x141348d90	0x141349381	jne	0x141349396
classic	mandate-create	0x141348d90	0x14134938b	jne	0x141349396
classic	mandate-create	0x141348d90	0x141349394	je	0x1413493a5
classic	mandate-create	0x141348d90	0x1413493a3	jb	0x141349366
classic	mandate-create	0x141348d90	0x1413493ab	jne	0x1413494ad
classic	mandate-create	0x141348d90	0x1413493bf	je	0x1413493cf
classic	mandate-create	0x141348d90	0x1413493cd	jmp	0x1413493e4
classic	mandate-create	0x141348d90	0x1413493db	call	0x140070fd0
classic	mandate-create	0x141348d90	0x141349407	je	0x141349416
classic	mandate-create	0x141348d90	0x141349414	jmp	0x141349427
classic	mandate-create	0x141348d90	0x141349422	call	0x140070fd0
classic	mandate-create	0x141348d90	0x141349446	je	0x141349455
classic	mandate-create	0x141348d90	0x141349453	jmp	0x14134946a
classic	mandate-create	0x141348d90	0x141349461	call	0x140070fd0
classic	mandate-create	0x141348d90	0x14134948d	je	0x14134949c
classic	mandate-create	0x141348d90	0x14134949a	jmp	0x1413494ad
classic	mandate-create	0x141348d90	0x1413494a8	call	0x140070fd0
classic	mandate-create	0x141348d90	0x1413494d9	jb	0x141349050
classic	mandate-create	0x141348d90	0x1413494e4	jmp	0x1413494ea
classic	mandate-create	0x141348d90	0x141349503	js	0x14134960a
classic	mandate-create	0x141348d90	0x141349546	jne	0x1413495df
classic	mandate-create	0x141348d90	0x141349550	jne	0x1413495df
classic	mandate-create	0x141348d90	0x141349569	call	0x141535d8a
classic	mandate-create	0x141348d90	0x14134958e	call	0x141535d8a
classic	mandate-create	0x141348d90	0x1413495ac	call	0x141535d8a
classic	mandate-create	0x141348d90	0x1413495d5	call	0x141535d8a
classic	mandate-create	0x141348d90	0x1413495ea	jns	0x141349540
classic	mandate-create	0x141348d90	0x141349610	je	0x14134983e
classic	mandate-create	0x141348d90	0x14134961f	ja	0x141349627
classic	mandate-create	0x141348d90	0x141349625	jmp	0x141349663
classic	mandate-create	0x141348d90	0x141349627	call	0x140eb1820
classic	mandate-create	0x141348d90	0x14134966a	jne	0x14134967a
classic	mandate-create	0x141348d90	0x141349673	jne	0x141349687
classic	mandate-create	0x141348d90	0x141349675	jmp	0x141349777
classic	mandate-create	0x141348d90	0x141349681	je	0x141349777
classic	mandate-create	0x141348d90	0x1413496a9	call	0x14132bba0
classic	mandate-create	0x141348d90	0x1413496b4	je	0x1413496ca
classic	mandate-create	0x141348d90	0x1413496b9	jne	0x1413496e0
classic	mandate-create	0x141348d90	0x1413496c8	jmp	0x1413496d7
classic	mandate-create	0x141348d90	0x1413496db	call	0x14006f9a0
classic	mandate-create	0x141348d90	0x141349768	call	0x1400e3bb0
classic	mandate-create	0x141348d90	0x141349772	call	0x14006f7e0
classic	mandate-create	0x141348d90	0x141349777	call	0x140789340
classic	mandate-create	0x141348d90	0x1413497b8	call	0x140eb1820
classic	mandate-create	0x141348d90	0x1413497f8	jae	0x141349835
classic	mandate-create	0x141348d90	0x1413497fa	call	0x140eb1820
classic	mandate-create	0x141348d90	0x141349838	call	0x140e4d3b0
classic	mandate-create	0x141348d90	0x141349842	call	0x14006f740
classic	mandate-create	0x141348d90	0x14134984c	call	0x14006f740
classic	mandate-create	0x141348d90	0x141349856	call	0x14006f740
classic	mandate-create	0x141348d90	0x141349860	call	0x14006f740
classic	mandate-create	0x141348d90	0x141349865	jmp	0x1413499ec
classic	mandate-create	0x141348d90	0x141349871	je	0x1413499ec
classic	mandate-create	0x141348d90	0x141349894	call	0x1413b4b70
classic	mandate-create	0x141348d90	0x14134989b	jne	0x1413499ec
classic	mandate-create	0x141348d90	0x1413498ab	call	0x140c89a10
classic	mandate-create	0x141348d90	0x1413498b3	call	0x141347830
classic	mandate-create	0x141348d90	0x1413498ba	je	0x1413499ec
classic	mandate-create	0x141348d90	0x1413498c6	jne	0x1413498d6
classic	mandate-create	0x141348d90	0x1413498cf	jne	0x1413498e3
classic	mandate-create	0x141348d90	0x1413498d1	jmp	0x1413499ec
classic	mandate-create	0x141348d90	0x1413498dd	je	0x1413499ec
classic	mandate-create	0x141348d90	0x141349905	call	0x14132bba0
classic	mandate-create	0x141348d90	0x14134991b	call	0x14006f9a0
classic	mandate-create	0x141348d90	0x1413499a8	call	0x1400e3bb0
classic	mandate-create	0x141348d90	0x1413499b6	jbe	0x1413499ec
classic	mandate-create	0x141348d90	0x1413499c9	jb	0x1413499e7
classic	mandate-create	0x141348d90	0x1413499de	jbe	0x1413499e7
classic	mandate-create	0x141348d90	0x1413499e0	call	QWORD PTR [rip+0x2970ba]        # 0x1415e0aa0
classic	mandate-create	0x141348d90	0x1413499e7	call	0x1415345f0
classic	mandate-create	0x141348d90	0x1413499f3	call	0x1415345d0
classic	mandate-create	0x141348d90	0x141349a34	jns	0x1413499c7
classic	mandate-expire	0x1413ad9a0	0x1413ada04	js	0x1413adb2d
classic	mandate-expire	0x1413ad9a0	0x1413ada17	jne	0x1413ada2c
classic	mandate-expire	0x1413ad9a0	0x1413ada1e	je	0x1413ada2c
classic	mandate-expire	0x1413ad9a0	0x1413ada20	call	0x140a679b0
classic	mandate-expire	0x1413ad9a0	0x1413ada30	jns	0x1413ada10
classic	mandate-expire	0x1413ad9a0	0x1413ada35	jl	0x1413adb2d
classic	mandate-expire	0x1413ad9a0	0x1413ada42	jne	0x1413ada52
classic	mandate-expire	0x1413ad9a0	0x1413ada4b	jne	0x1413ada5f
classic	mandate-expire	0x1413ad9a0	0x1413ada4d	jmp	0x1413adb2d
classic	mandate-expire	0x1413ad9a0	0x1413ada59	je	0x1413adb2d
classic	mandate-expire	0x1413ad9a0	0x1413ada62	jne	0x1413ada82
classic	mandate-expire	0x1413ad9a0	0x1413ada6e	call	0x14132bba0
classic	mandate-expire	0x1413ad9a0	0x1413ada80	jmp	0x1413adaa0
classic	mandate-expire	0x1413ad9a0	0x1413ada82	jle	0x1413adaa9
classic	mandate-expire	0x1413ad9a0	0x1413ada8e	call	0x14132bba0
classic	mandate-expire	0x1413ad9a0	0x1413adaa4	call	0x14006f9a0
classic	mandate-expire	0x1413ad9a0	0x1413adb27	call	0x1400e3bb0
classic	mandate-expire	0x1413ad9a0	0x1413adb35	jbe	0x1413adb6b
classic	mandate-expire	0x1413ad9a0	0x1413adb48	jb	0x1413adb66
classic	mandate-expire	0x1413ad9a0	0x1413adb5d	jbe	0x1413adb66
classic	mandate-expire	0x1413ad9a0	0x1413adb5f	call	QWORD PTR [rip+0x232f3b]        # 0x1415e0aa0
classic	mandate-expire	0x1413ad9a0	0x1413adb66	call	0x1415345f0
classic	mandate-expire	0x1413ad9a0	0x1413adb72	call	0x1415345d0
classic	mandate-result-labels	0x140b55df0	0x140b55e20	je	0x140b56329
classic	mandate-result-labels	0x140b55df0	0x140b55e2b	jbe	0x140b55e30
classic	mandate-result-labels	0x140b55df0	0x140b55e34	call	0x1400708b0
classic	mandate-result-labels	0x140b55df0	0x140b55e3e	call	0x140070250
classic	mandate-result-labels	0x140b55df0	0x140b55e4d	call	0x140070030
classic	mandate-result-labels	0x140b55df0	0x140b55e55	ja	0x140b562a9
classic	mandate-result-labels	0x140b55df0	0x140b55e66	jmp	rcx
classic	mandate-result-labels	0x140b55df0	0x140b55e6f	jmp	0x140b562a1
classic	mandate-result-labels	0x140b55df0	0x140b55e7b	jmp	0x140b562a1
classic	mandate-result-labels	0x140b55df0	0x140b55e87	jmp	0x140b562a1
classic	mandate-result-labels	0x140b55df0	0x140b55e93	jmp	0x140b562a1
classic	mandate-result-labels	0x140b55df0	0x140b55e9f	jmp	0x140b562a1
classic	mandate-result-labels	0x140b55df0	0x140b55eab	jmp	0x140b562a1
classic	mandate-result-labels	0x140b55df0	0x140b55eb7	jmp	0x140b562a1
classic	mandate-result-labels	0x140b55df0	0x140b55ec3	jmp	0x140b562a1
classic	mandate-result-labels	0x140b55df0	0x140b55ecf	jmp	0x140b562a1
classic	mandate-result-labels	0x140b55df0	0x140b55edb	jmp	0x140b562a1
classic	mandate-result-labels	0x140b55df0	0x140b55ee7	jmp	0x140b562a1
classic	mandate-result-labels	0x140b55df0	0x140b55ef3	jmp	0x140b562a1
classic	mandate-result-labels	0x140b55df0	0x140b55eff	jmp	0x140b562a1
classic	mandate-result-labels	0x140b55df0	0x140b55f0b	jmp	0x140b562a1
classic	mandate-result-labels	0x140b55df0	0x140b55f17	jmp	0x140b562a1
classic	mandate-result-labels	0x140b55df0	0x140b55f23	jmp	0x140b562a1
classic	mandate-result-labels	0x140b55df0	0x140b55f2f	jmp	0x140b562a1
classic	mandate-result-labels	0x140b55df0	0x140b55f3b	jmp	0x140b562a1
classic	mandate-result-labels	0x140b55df0	0x140b55f47	jmp	0x140b562a1
classic	mandate-result-labels	0x140b55df0	0x140b55f53	jmp	0x140b562a1
classic	mandate-result-labels	0x140b55df0	0x140b55f5f	jmp	0x140b562a1
classic	mandate-result-labels	0x140b55df0	0x140b55f6b	jmp	0x140b562a1
classic	mandate-result-labels	0x140b55df0	0x140b55f77	jmp	0x140b562a1
classic	mandate-result-labels	0x140b55df0	0x140b55f83	jmp	0x140b562a1
classic	mandate-result-labels	0x140b55df0	0x140b55f8f	jmp	0x140b562a1
classic	mandate-result-labels	0x140b55df0	0x140b55f9b	jmp	0x140b562a1
classic	mandate-result-labels	0x140b55df0	0x140b55fa7	jmp	0x140b562a1
classic	mandate-result-labels	0x140b55df0	0x140b55fb3	jmp	0x140b562a1
classic	mandate-result-labels	0x140b55df0	0x140b55fbf	jmp	0x140b562a1
classic	mandate-result-labels	0x140b55df0	0x140b55fcb	jmp	0x140b562a1
classic	mandate-result-labels	0x140b55df0	0x140b55fd7	jmp	0x140b562a1
classic	mandate-result-labels	0x140b55df0	0x140b55fe3	jmp	0x140b562a1
classic	mandate-result-labels	0x140b55df0	0x140b55fef	jmp	0x140b562a1
classic	mandate-result-labels	0x140b55df0	0x140b55ffb	jmp	0x140b562a1
classic	mandate-result-labels	0x140b55df0	0x140b56007	jmp	0x140b562a1
classic	mandate-result-labels	0x140b55df0	0x140b56013	jmp	0x140b562a1
classic	mandate-result-labels	0x140b55df0	0x140b5601f	jmp	0x140b562a1
classic	mandate-result-labels	0x140b55df0	0x140b5602b	jmp	0x140b562a1
classic	mandate-result-labels	0x140b55df0	0x140b56037	jmp	0x140b562a1
classic	mandate-result-labels	0x140b55df0	0x140b56043	jmp	0x140b562a1
classic	mandate-result-labels	0x140b55df0	0x140b5604f	jmp	0x140b562a1
classic	mandate-result-labels	0x140b55df0	0x140b5605b	jmp	0x140b562a1
classic	mandate-result-labels	0x140b55df0	0x140b56067	jmp	0x140b562a1
classic	mandate-result-labels	0x140b55df0	0x140b56073	jmp	0x140b562a1
classic	mandate-result-labels	0x140b55df0	0x140b5607f	jmp	0x140b562a1
classic	mandate-result-labels	0x140b55df0	0x140b5608b	jmp	0x140b562a1
classic	mandate-result-labels	0x140b55df0	0x140b56097	jmp	0x140b562a1
classic	mandate-result-labels	0x140b55df0	0x140b560a3	jmp	0x140b562a1
classic	mandate-result-labels	0x140b55df0	0x140b560af	jmp	0x140b562a1
classic	mandate-result-labels	0x140b55df0	0x140b560bb	jmp	0x140b562a1
classic	mandate-result-labels	0x140b55df0	0x140b560c7	jmp	0x140b562a1
classic	mandate-result-labels	0x140b55df0	0x140b560d3	jmp	0x140b562a1
classic	mandate-result-labels	0x140b55df0	0x140b560df	jmp	0x140b562a1
classic	mandate-result-labels	0x140b55df0	0x140b560eb	jmp	0x140b562a1
classic	mandate-result-labels	0x140b55df0	0x140b560f7	jmp	0x140b562a1
classic	mandate-result-labels	0x140b55df0	0x140b56103	jmp	0x140b562a1
classic	mandate-result-labels	0x140b55df0	0x140b5610f	jmp	0x140b562a1
classic	mandate-result-labels	0x140b55df0	0x140b5611b	jmp	0x140b562a1
classic	mandate-result-labels	0x140b55df0	0x140b56127	jmp	0x140b562a1
classic	mandate-result-labels	0x140b55df0	0x140b56133	jmp	0x140b562a1
classic	mandate-result-labels	0x140b55df0	0x140b5613f	jmp	0x140b562a1
classic	mandate-result-labels	0x140b55df0	0x140b5614b	jmp	0x140b562a1
classic	mandate-result-labels	0x140b55df0	0x140b56157	jmp	0x140b562a1
classic	mandate-result-labels	0x140b55df0	0x140b56163	jmp	0x140b562a1
classic	mandate-result-labels	0x140b55df0	0x140b5616f	jmp	0x140b562a1
classic	mandate-result-labels	0x140b55df0	0x140b5617b	jmp	0x140b562a1
classic	mandate-result-labels	0x140b55df0	0x140b56187	jmp	0x140b562a1
classic	mandate-result-labels	0x140b55df0	0x140b56193	jmp	0x140b562a1
classic	mandate-result-labels	0x140b55df0	0x140b5619f	jmp	0x140b562a1
classic	mandate-result-labels	0x140b55df0	0x140b561ab	jmp	0x140b562a1
classic	mandate-result-labels	0x140b55df0	0x140b561b7	jmp	0x140b562a1
classic	mandate-result-labels	0x140b55df0	0x140b561c3	jmp	0x140b562a1
classic	mandate-result-labels	0x140b55df0	0x140b561cf	jmp	0x140b562a1
classic	mandate-result-labels	0x140b55df0	0x140b561db	jmp	0x140b562a1
classic	mandate-result-labels	0x140b55df0	0x140b561e7	jmp	0x140b562a1
classic	mandate-result-labels	0x140b55df0	0x140b561f3	jmp	0x140b562a1
classic	mandate-result-labels	0x140b55df0	0x140b561ff	jmp	0x140b562a1
classic	mandate-result-labels	0x140b55df0	0x140b5620b	jmp	0x140b562a1
classic	mandate-result-labels	0x140b55df0	0x140b56217	jmp	0x140b562a1
classic	mandate-result-labels	0x140b55df0	0x140b56223	jmp	0x140b562a1
classic	mandate-result-labels	0x140b55df0	0x140b5622c	jmp	0x140b562a1
classic	mandate-result-labels	0x140b55df0	0x140b56235	jmp	0x140b562a1
classic	mandate-result-labels	0x140b55df0	0x140b5623e	jmp	0x140b562a1
classic	mandate-result-labels	0x140b55df0	0x140b56247	jmp	0x140b562a1
classic	mandate-result-labels	0x140b55df0	0x140b56250	jmp	0x140b562a1
classic	mandate-result-labels	0x140b55df0	0x140b56259	jmp	0x140b562a1
classic	mandate-result-labels	0x140b55df0	0x140b56262	jmp	0x140b562a1
classic	mandate-result-labels	0x140b55df0	0x140b5626b	jmp	0x140b562a1
classic	mandate-result-labels	0x140b55df0	0x140b56274	jmp	0x140b562a1
classic	mandate-result-labels	0x140b55df0	0x140b5627d	jmp	0x140b562a1
classic	mandate-result-labels	0x140b55df0	0x140b56286	jmp	0x140b562a1
classic	mandate-result-labels	0x140b55df0	0x140b5628f	jmp	0x140b562a1
classic	mandate-result-labels	0x140b55df0	0x140b56298	jmp	0x140b562a1
classic	mandate-result-labels	0x140b55df0	0x140b562a4	call	0x140070030
classic	mandate-result-labels	0x140b55df0	0x140b562b3	call	0x140070030
classic	mandate-result-labels	0x140b55df0	0x140b562c2	call	QWORD PTR [rip+0xa8a140]        # 0x1415e0408
classic	mandate-result-labels	0x140b55df0	0x140b562cb	je	0x140b56329
classic	mandate-result-labels	0x140b55df0	0x140b562d5	jbe	0x140b562da
classic	mandate-result-labels	0x140b55df0	0x140b562e1	call	0x1400708b0
classic	mandate-result-labels	0x140b55df0	0x140b562eb	call	0x140070250
classic	mandate-result-labels	0x140b55df0	0x140b562fa	call	0x140070030
classic	mandate-result-labels	0x140b55df0	0x140b56304	call	QWORD PTR [rip+0xa8a106]        # 0x1415e0410
classic	mandate-result-labels	0x140b55df0	0x140b56314	call	0x140070030
classic	mandate-result-labels	0x140b55df0	0x140b56323	call	QWORD PTR [rip+0xa8a0df]        # 0x1415e0408
classic	mandate-result-labels	0x140b55df0	0x140b56331	je	0x140b570ff
classic	mandate-result-labels	0x140b55df0	0x140b5633f	jbe	0x140b56344
classic	mandate-result-labels	0x140b55df0	0x140b5634b	call	0x1400708b0
classic	mandate-result-labels	0x140b55df0	0x140b56355	call	0x140070250
classic	mandate-result-labels	0x140b55df0	0x140b56364	call	0x140070030
classic	mandate-result-labels	0x140b55df0	0x140b5636f	ja	0x140b5707b
classic	mandate-result-labels	0x140b55df0	0x140b56380	jmp	rcx
classic	mandate-result-labels	0x140b55df0	0x140b56389	jmp	0x140b57073
classic	mandate-result-labels	0x140b55df0	0x140b56395	jmp	0x140b57073
classic	mandate-result-labels	0x140b55df0	0x140b563a1	jmp	0x140b57073
classic	mandate-result-labels	0x140b55df0	0x140b563ad	jmp	0x140b57073
classic	mandate-result-labels	0x140b55df0	0x140b563b9	jmp	0x140b57073
classic	mandate-result-labels	0x140b55df0	0x140b563c5	jmp	0x140b57073
classic	mandate-result-labels	0x140b55df0	0x140b563d1	jmp	0x140b57073
classic	mandate-result-labels	0x140b55df0	0x140b563dd	jmp	0x140b57073
classic	mandate-result-labels	0x140b55df0	0x140b563e9	jmp	0x140b57073
classic	mandate-result-labels	0x140b55df0	0x140b563f5	jmp	0x140b57073
classic	mandate-result-labels	0x140b55df0	0x140b56401	jmp	0x140b57073
classic	mandate-result-labels	0x140b55df0	0x140b5640d	jmp	0x140b57073
classic	mandate-result-labels	0x140b55df0	0x140b56419	jmp	0x140b57073
classic	mandate-result-labels	0x140b55df0	0x140b56425	jmp	0x140b57073
classic	mandate-result-labels	0x140b55df0	0x140b56431	jmp	0x140b57073
classic	mandate-result-labels	0x140b55df0	0x140b5643d	jmp	0x140b57073
classic	mandate-result-labels	0x140b55df0	0x140b56449	jmp	0x140b57073
classic	mandate-result-labels	0x140b55df0	0x140b56455	jmp	0x140b57073
classic	mandate-result-labels	0x140b55df0	0x140b56461	jmp	0x140b57073
classic	mandate-result-labels	0x140b55df0	0x140b5646d	jmp	0x140b57073
classic	mandate-result-labels	0x140b55df0	0x140b56479	jmp	0x140b57073
classic	mandate-result-labels	0x140b55df0	0x140b56485	jmp	0x140b57073
classic	mandate-result-labels	0x140b55df0	0x140b56491	jmp	0x140b57073
classic	mandate-result-labels	0x140b55df0	0x140b5649d	jmp	0x140b57073
classic	mandate-result-labels	0x140b55df0	0x140b564a9	jmp	0x140b57073
classic	mandate-result-labels	0x140b55df0	0x140b564b5	jmp	0x140b57073
classic	mandate-result-labels	0x140b55df0	0x140b564c1	jmp	0x140b57073
classic	mandate-result-labels	0x140b55df0	0x140b564cd	jmp	0x140b57073
classic	mandate-result-labels	0x140b55df0	0x140b564d9	jmp	0x140b57073
classic	mandate-result-labels	0x140b55df0	0x140b564e5	jmp	0x140b57073
classic	mandate-result-labels	0x140b55df0	0x140b564f1	jmp	0x140b57073
classic	mandate-result-labels	0x140b55df0	0x140b564fd	jmp	0x140b57073
classic	mandate-result-labels	0x140b55df0	0x140b56509	jmp	0x140b57073
classic	mandate-result-labels	0x140b55df0	0x140b56515	jmp	0x140b57073
classic	mandate-result-labels	0x140b55df0	0x140b56521	jmp	0x140b57073
classic	mandate-result-labels	0x140b55df0	0x140b5652d	jmp	0x140b57073
classic	mandate-result-labels	0x140b55df0	0x140b56539	jmp	0x140b57073
classic	mandate-result-labels	0x140b55df0	0x140b56545	jmp	0x140b57073
classic	mandate-result-labels	0x140b55df0	0x140b56551	jmp	0x140b57073
classic	mandate-result-labels	0x140b55df0	0x140b5655d	jmp	0x140b57073
classic	mandate-result-labels	0x140b55df0	0x140b56569	jmp	0x140b57073
classic	mandate-result-labels	0x140b55df0	0x140b56575	jmp	0x140b57073
classic	mandate-result-labels	0x140b55df0	0x140b56581	jmp	0x140b57073
classic	mandate-result-labels	0x140b55df0	0x140b5658d	jmp	0x140b57073
classic	mandate-result-labels	0x140b55df0	0x140b56599	jmp	0x140b57073
classic	mandate-result-labels	0x140b55df0	0x140b565a5	jmp	0x140b57073
classic	mandate-result-labels	0x140b55df0	0x140b565b1	jmp	0x140b57073
classic	mandate-result-labels	0x140b55df0	0x140b565bd	jmp	0x140b57073
classic	mandate-result-labels	0x140b55df0	0x140b565c9	jmp	0x140b57073
classic	mandate-result-labels	0x140b55df0	0x140b565d5	jmp	0x140b57073
classic	mandate-result-labels	0x140b55df0	0x140b565e1	jmp	0x140b57073
classic	mandate-result-labels	0x140b55df0	0x140b565ed	jmp	0x140b57073
classic	mandate-result-labels	0x140b55df0	0x140b565f9	jmp	0x140b57073
classic	mandate-result-labels	0x140b55df0	0x140b56605	jmp	0x140b57073
classic	mandate-result-labels	0x140b55df0	0x140b56611	jmp	0x140b57073
classic	mandate-result-labels	0x140b55df0	0x140b5661d	jmp	0x140b57073
classic	mandate-result-labels	0x140b55df0	0x140b56629	jmp	0x140b57073
classic	mandate-result-labels	0x140b55df0	0x140b56635	jmp	0x140b57073
classic	mandate-result-labels	0x140b55df0	0x140b56641	jmp	0x140b57073
classic	mandate-result-labels	0x140b55df0	0x140b5664d	jmp	0x140b57073
classic	mandate-result-labels	0x140b55df0	0x140b56659	jmp	0x140b57073
classic	mandate-result-labels	0x140b55df0	0x140b56665	jmp	0x140b57073
classic	mandate-result-labels	0x140b55df0	0x140b56671	jmp	0x140b57073
classic	mandate-result-labels	0x140b55df0	0x140b5667d	jmp	0x140b57073
classic	mandate-result-labels	0x140b55df0	0x140b56689	jmp	0x140b57073
classic	mandate-result-labels	0x140b55df0	0x140b56695	jmp	0x140b57073
classic	mandate-result-labels	0x140b55df0	0x140b566a1	jmp	0x140b57073
classic	mandate-result-labels	0x140b55df0	0x140b566ad	jmp	0x140b57073
classic	mandate-result-labels	0x140b55df0	0x140b566b9	jmp	0x140b57073
classic	mandate-result-labels	0x140b55df0	0x140b566c5	jmp	0x140b57073
classic	mandate-result-labels	0x140b55df0	0x140b566d1	jmp	0x140b57073
classic	mandate-result-labels	0x140b55df0	0x140b566dd	jmp	0x140b57073
classic	mandate-result-labels	0x140b55df0	0x140b566e9	jmp	0x140b57073
classic	mandate-result-labels	0x140b55df0	0x140b566f5	jmp	0x140b57073
classic	mandate-result-labels	0x140b55df0	0x140b56701	jmp	0x140b57073
classic	mandate-result-labels	0x140b55df0	0x140b5670d	jmp	0x140b57073
classic	mandate-result-labels	0x140b55df0	0x140b56719	jmp	0x140b57073
classic	mandate-result-labels	0x140b55df0	0x140b56725	jmp	0x140b57073
classic	mandate-result-labels	0x140b55df0	0x140b56731	jmp	0x140b57073
classic	mandate-result-labels	0x140b55df0	0x140b5673d	jmp	0x140b57073
classic	mandate-result-labels	0x140b55df0	0x140b56749	jmp	0x140b57073
classic	mandate-result-labels	0x140b55df0	0x140b56755	jmp	0x140b57073
classic	mandate-result-labels	0x140b55df0	0x140b56761	jmp	0x140b57073
classic	mandate-result-labels	0x140b55df0	0x140b5676d	jmp	0x140b57073
classic	mandate-result-labels	0x140b55df0	0x140b56779	jmp	0x140b57073
classic	mandate-result-labels	0x140b55df0	0x140b56785	jmp	0x140b57073
classic	mandate-result-labels	0x140b55df0	0x140b56791	jmp	0x140b57073
classic	mandate-result-labels	0x140b55df0	0x140b5679d	jmp	0x140b57073
classic	mandate-result-labels	0x140b55df0	0x140b567a9	jmp	0x140b57073
classic	mandate-result-labels	0x140b55df0	0x140b567b5	jmp	0x140b57073
classic	mandate-result-labels	0x140b55df0	0x140b567c1	jmp	0x140b57073
classic	mandate-result-labels	0x140b55df0	0x140b567cd	jmp	0x140b57073
classic	mandate-result-labels	0x140b55df0	0x140b567d9	jmp	0x140b57073
classic	mandate-result-labels	0x140b55df0	0x140b567e5	jmp	0x140b57073
classic	mandate-result-labels	0x140b55df0	0x140b567f1	jmp	0x140b57073
classic	mandate-result-labels	0x140b55df0	0x140b567fd	jmp	0x140b57073
classic	mandate-result-labels	0x140b55df0	0x140b56809	jmp	0x140b57073
classic	mandate-result-labels	0x140b55df0	0x140b56815	jmp	0x140b57073
classic	mandate-result-labels	0x140b55df0	0x140b56821	jmp	0x140b57073
classic	mandate-result-labels	0x140b55df0	0x140b5682d	jmp	0x140b57073
classic	mandate-result-labels	0x140b55df0	0x140b56839	jmp	0x140b57073
classic	mandate-result-labels	0x140b55df0	0x140b56845	jmp	0x140b57073
classic	mandate-result-labels	0x140b55df0	0x140b56851	jmp	0x140b57073
classic	mandate-result-labels	0x140b55df0	0x140b5685d	jmp	0x140b57073
classic	mandate-result-labels	0x140b55df0	0x140b56869	jmp	0x140b57073
classic	mandate-result-labels	0x140b55df0	0x140b56875	jmp	0x140b57073
classic	mandate-result-labels	0x140b55df0	0x140b56881	jmp	0x140b57073
classic	mandate-result-labels	0x140b55df0	0x140b5688d	jmp	0x140b57073
classic	mandate-result-labels	0x140b55df0	0x140b56899	jmp	0x140b57073
classic	mandate-result-labels	0x140b55df0	0x140b568a5	jmp	0x140b57073
classic	mandate-result-labels	0x140b55df0	0x140b568b1	jmp	0x140b57073
classic	mandate-result-labels	0x140b55df0	0x140b568bd	jmp	0x140b57073
classic	mandate-result-labels	0x140b55df0	0x140b568c9	jmp	0x140b57073
classic	mandate-result-labels	0x140b55df0	0x140b568d5	jmp	0x140b57073
classic	mandate-result-labels	0x140b55df0	0x140b568e1	jmp	0x140b57073
classic	mandate-result-labels	0x140b55df0	0x140b568ed	jmp	0x140b57073
classic	mandate-result-labels	0x140b55df0	0x140b568f9	jmp	0x140b57073
classic	mandate-result-labels	0x140b55df0	0x140b56905	jmp	0x140b57073
classic	mandate-result-labels	0x140b55df0	0x140b56911	jmp	0x140b57073
classic	mandate-result-labels	0x140b55df0	0x140b5691d	jmp	0x140b57073
classic	mandate-result-labels	0x140b55df0	0x140b56929	jmp	0x140b57073
classic	mandate-result-labels	0x140b55df0	0x140b56935	jmp	0x140b57073
classic	mandate-result-labels	0x140b55df0	0x140b56941	jmp	0x140b57073
classic	mandate-result-labels	0x140b55df0	0x140b5694d	jmp	0x140b57073
classic	mandate-result-labels	0x140b55df0	0x140b56959	jmp	0x140b57073
classic	mandate-result-labels	0x140b55df0	0x140b56965	jmp	0x140b57073
classic	mandate-result-labels	0x140b55df0	0x140b56971	jmp	0x140b57073
classic	mandate-result-labels	0x140b55df0	0x140b5697d	jmp	0x140b57073
classic	mandate-result-labels	0x140b55df0	0x140b56989	jmp	0x140b57073
classic	mandate-result-labels	0x140b55df0	0x140b56995	jmp	0x140b57073
classic	mandate-result-labels	0x140b55df0	0x140b569a1	jmp	0x140b57073
classic	mandate-result-labels	0x140b55df0	0x140b569ad	jmp	0x140b57073
classic	mandate-result-labels	0x140b55df0	0x140b569b9	jmp	0x140b57073
classic	mandate-result-labels	0x140b55df0	0x140b569c5	jmp	0x140b57073
classic	mandate-result-labels	0x140b55df0	0x140b569d1	jmp	0x140b57073
classic	mandate-result-labels	0x140b55df0	0x140b569dd	jmp	0x140b57073
classic	mandate-result-labels	0x140b55df0	0x140b569e9	jmp	0x140b57073
classic	mandate-result-labels	0x140b55df0	0x140b569f5	jmp	0x140b57073
classic	mandate-result-labels	0x140b55df0	0x140b56a01	jmp	0x140b57073
classic	mandate-result-labels	0x140b55df0	0x140b56a0d	jmp	0x140b57073
classic	mandate-result-labels	0x140b55df0	0x140b56a19	jmp	0x140b57073
classic	mandate-result-labels	0x140b55df0	0x140b56a25	jmp	0x140b57073
classic	mandate-result-labels	0x140b55df0	0x140b56a31	jmp	0x140b57073
classic	mandate-result-labels	0x140b55df0	0x140b56a3d	jmp	0x140b57073
classic	mandate-result-labels	0x140b55df0	0x140b56a49	jmp	0x140b57073
classic	mandate-result-labels	0x140b55df0	0x140b56a55	jmp	0x140b57073
classic	mandate-result-labels	0x140b55df0	0x140b56a61	jmp	0x140b57073
classic	mandate-result-labels	0x140b55df0	0x140b56a6d	jmp	0x140b57073
classic	mandate-result-labels	0x140b55df0	0x140b56a79	jmp	0x140b57073
classic	mandate-result-labels	0x140b55df0	0x140b56a85	jmp	0x140b57073
classic	mandate-result-labels	0x140b55df0	0x140b56a91	jmp	0x140b57073
classic	mandate-result-labels	0x140b55df0	0x140b56a9d	jmp	0x140b57073
classic	mandate-result-labels	0x140b55df0	0x140b56aa9	jmp	0x140b57073
classic	mandate-result-labels	0x140b55df0	0x140b56ab5	jmp	0x140b57073
classic	mandate-result-labels	0x140b55df0	0x140b56ac1	jmp	0x140b57073
classic	mandate-result-labels	0x140b55df0	0x140b56acd	jmp	0x140b57073
classic	mandate-result-labels	0x140b55df0	0x140b56ad9	jmp	0x140b57073
classic	mandate-result-labels	0x140b55df0	0x140b56ae5	jmp	0x140b57073
classic	mandate-result-labels	0x140b55df0	0x140b56af1	jmp	0x140b57073
classic	mandate-result-labels	0x140b55df0	0x140b56afd	jmp	0x140b57073
classic	mandate-result-labels	0x140b55df0	0x140b56b09	jmp	0x140b57073
classic	mandate-result-labels	0x140b55df0	0x140b56b15	jmp	0x140b57073
classic	mandate-result-labels	0x140b55df0	0x140b56b21	jmp	0x140b57073
classic	mandate-result-labels	0x140b55df0	0x140b56b2d	jmp	0x140b57073
classic	mandate-result-labels	0x140b55df0	0x140b56b39	jmp	0x140b57073
classic	mandate-result-labels	0x140b55df0	0x140b56b45	jmp	0x140b57073
classic	mandate-result-labels	0x140b55df0	0x140b56b51	jmp	0x140b57073
classic	mandate-result-labels	0x140b55df0	0x140b56b5d	jmp	0x140b57073
classic	mandate-result-labels	0x140b55df0	0x140b56b69	jmp	0x140b57073
classic	mandate-result-labels	0x140b55df0	0x140b56b75	jmp	0x140b57073
classic	mandate-result-labels	0x140b55df0	0x140b56b81	jmp	0x140b57073
classic	mandate-result-labels	0x140b55df0	0x140b56b8d	jmp	0x140b57073
classic	mandate-result-labels	0x140b55df0	0x140b56b99	jmp	0x140b57073
classic	mandate-result-labels	0x140b55df0	0x140b56ba5	jmp	0x140b57073
classic	mandate-result-labels	0x140b55df0	0x140b56bb1	jmp	0x140b57073
classic	mandate-result-labels	0x140b55df0	0x140b56bbd	jmp	0x140b57073
classic	mandate-result-labels	0x140b55df0	0x140b56bc9	jmp	0x140b57073
classic	mandate-result-labels	0x140b55df0	0x140b56bd5	jmp	0x140b57073
classic	mandate-result-labels	0x140b55df0	0x140b56be1	jmp	0x140b57073
classic	mandate-result-labels	0x140b55df0	0x140b56bed	jmp	0x140b57073
classic	mandate-result-labels	0x140b55df0	0x140b56bf9	jmp	0x140b57073
classic	mandate-result-labels	0x140b55df0	0x140b56c05	jmp	0x140b57073
classic	mandate-result-labels	0x140b55df0	0x140b56c11	jmp	0x140b57073
classic	mandate-result-labels	0x140b55df0	0x140b56c1d	jmp	0x140b57073
classic	mandate-result-labels	0x140b55df0	0x140b56c29	jmp	0x140b57073
classic	mandate-result-labels	0x140b55df0	0x140b56c35	jmp	0x140b57073
classic	mandate-result-labels	0x140b55df0	0x140b56c41	jmp	0x140b57073
classic	mandate-result-labels	0x140b55df0	0x140b56c4d	jmp	0x140b57073
classic	mandate-result-labels	0x140b55df0	0x140b56c59	jmp	0x140b57073
classic	mandate-result-labels	0x140b55df0	0x140b56c65	jmp	0x140b57073
classic	mandate-result-labels	0x140b55df0	0x140b56c71	jmp	0x140b57073
classic	mandate-result-labels	0x140b55df0	0x140b56c7d	jmp	0x140b57073
classic	mandate-result-labels	0x140b55df0	0x140b56c89	jmp	0x140b57073
classic	mandate-result-labels	0x140b55df0	0x140b56c95	jmp	0x140b57073
classic	mandate-result-labels	0x140b55df0	0x140b56ca1	jmp	0x140b57073
classic	mandate-result-labels	0x140b55df0	0x140b56cad	jmp	0x140b57073
classic	mandate-result-labels	0x140b55df0	0x140b56cb9	jmp	0x140b57073
classic	mandate-result-labels	0x140b55df0	0x140b56cc5	jmp	0x140b57073
classic	mandate-result-labels	0x140b55df0	0x140b56cd1	jmp	0x140b57073
classic	mandate-result-labels	0x140b55df0	0x140b56cdd	jmp	0x140b57073
classic	mandate-result-labels	0x140b55df0	0x140b56ce9	jmp	0x140b57073
classic	mandate-result-labels	0x140b55df0	0x140b56cf5	jmp	0x140b57073
classic	mandate-result-labels	0x140b55df0	0x140b56d01	jmp	0x140b57073
classic	mandate-result-labels	0x140b55df0	0x140b56d0d	jmp	0x140b57073
classic	mandate-result-labels	0x140b55df0	0x140b56d19	jmp	0x140b57073
classic	mandate-result-labels	0x140b55df0	0x140b56d25	jmp	0x140b57073
classic	mandate-result-labels	0x140b55df0	0x140b56d31	jmp	0x140b57073
classic	mandate-result-labels	0x140b55df0	0x140b56d3d	jmp	0x140b57073
classic	mandate-result-labels	0x140b55df0	0x140b56d49	jmp	0x140b57073
classic	mandate-result-labels	0x140b55df0	0x140b56d55	jmp	0x140b57073
classic	mandate-result-labels	0x140b55df0	0x140b56d61	jmp	0x140b57073
classic	mandate-result-labels	0x140b55df0	0x140b56d6d	jmp	0x140b57073
classic	mandate-result-labels	0x140b55df0	0x140b56d79	jmp	0x140b57073
classic	mandate-result-labels	0x140b55df0	0x140b56d85	jmp	0x140b57073
classic	mandate-result-labels	0x140b55df0	0x140b56d91	jmp	0x140b57073
classic	mandate-result-labels	0x140b55df0	0x140b56d9d	jmp	0x140b57073
classic	mandate-result-labels	0x140b55df0	0x140b56da9	jmp	0x140b57073
classic	mandate-result-labels	0x140b55df0	0x140b56db5	jmp	0x140b57073
classic	mandate-result-labels	0x140b55df0	0x140b56dc1	jmp	0x140b57073
classic	mandate-result-labels	0x140b55df0	0x140b56dcd	jmp	0x140b57073
classic	mandate-result-labels	0x140b55df0	0x140b56dd9	jmp	0x140b57073
classic	mandate-result-labels	0x140b55df0	0x140b56de5	jmp	0x140b57073
classic	mandate-result-labels	0x140b55df0	0x140b56df1	jmp	0x140b57073
classic	mandate-result-labels	0x140b55df0	0x140b56dfd	jmp	0x140b57073
classic	mandate-result-labels	0x140b55df0	0x140b56e09	jmp	0x140b57073
classic	mandate-result-labels	0x140b55df0	0x140b56e15	jmp	0x140b57073
classic	mandate-result-labels	0x140b55df0	0x140b56e21	jmp	0x140b57073
classic	mandate-result-labels	0x140b55df0	0x140b56e2d	jmp	0x140b57073
classic	mandate-result-labels	0x140b55df0	0x140b56e39	jmp	0x140b57073
classic	mandate-result-labels	0x140b55df0	0x140b56e45	jmp	0x140b57073
classic	mandate-result-labels	0x140b55df0	0x140b56e51	jmp	0x140b57073
classic	mandate-result-labels	0x140b55df0	0x140b56e5d	jmp	0x140b57073
classic	mandate-result-labels	0x140b55df0	0x140b56e69	jmp	0x140b57073
classic	mandate-result-labels	0x140b55df0	0x140b56e75	jmp	0x140b57073
classic	mandate-result-labels	0x140b55df0	0x140b56e81	jmp	0x140b57073
classic	mandate-result-labels	0x140b55df0	0x140b56e8d	jmp	0x140b57073
classic	mandate-result-labels	0x140b55df0	0x140b56e99	jmp	0x140b57073
classic	mandate-result-labels	0x140b55df0	0x140b56ea5	jmp	0x140b57073
classic	mandate-result-labels	0x140b55df0	0x140b56eb1	jmp	0x140b57073
classic	mandate-result-labels	0x140b55df0	0x140b56ebd	jmp	0x140b57073
classic	mandate-result-labels	0x140b55df0	0x140b56ec9	jmp	0x140b57073
classic	mandate-result-labels	0x140b55df0	0x140b56ed5	jmp	0x140b57073
classic	mandate-result-labels	0x140b55df0	0x140b56ee1	jmp	0x140b57073
classic	mandate-result-labels	0x140b55df0	0x140b56eed	jmp	0x140b57073
classic	mandate-result-labels	0x140b55df0	0x140b56ef9	jmp	0x140b57073
classic	mandate-result-labels	0x140b55df0	0x140b56f05	jmp	0x140b57073
classic	mandate-result-labels	0x140b55df0	0x140b56f11	jmp	0x140b57073
classic	mandate-result-labels	0x140b55df0	0x140b56f1d	jmp	0x140b57073
classic	mandate-result-labels	0x140b55df0	0x140b56f29	jmp	0x140b57073
classic	mandate-result-labels	0x140b55df0	0x140b56f35	jmp	0x140b57073
classic	mandate-result-labels	0x140b55df0	0x140b56f41	jmp	0x140b57073
classic	mandate-result-labels	0x140b55df0	0x140b56f4d	jmp	0x140b57073
classic	mandate-result-labels	0x140b55df0	0x140b56f59	jmp	0x140b57073
classic	mandate-result-labels	0x140b55df0	0x140b56f65	jmp	0x140b57073
classic	mandate-result-labels	0x140b55df0	0x140b56f71	jmp	0x140b57073
classic	mandate-result-labels	0x140b55df0	0x140b56f7d	jmp	0x140b57073
classic	mandate-result-labels	0x140b55df0	0x140b56f89	jmp	0x140b57073
classic	mandate-result-labels	0x140b55df0	0x140b56f95	jmp	0x140b57073
classic	mandate-result-labels	0x140b55df0	0x140b56fa1	jmp	0x140b57073
classic	mandate-result-labels	0x140b55df0	0x140b56fad	jmp	0x140b57073
classic	mandate-result-labels	0x140b55df0	0x140b56fb9	jmp	0x140b57073
classic	mandate-result-labels	0x140b55df0	0x140b56fc5	jmp	0x140b57073
classic	mandate-result-labels	0x140b55df0	0x140b56fd1	jmp	0x140b57073
classic	mandate-result-labels	0x140b55df0	0x140b56fdd	jmp	0x140b57073
classic	mandate-result-labels	0x140b55df0	0x140b56fe9	jmp	0x140b57073
classic	mandate-result-labels	0x140b55df0	0x140b56ff5	jmp	0x140b57073
classic	mandate-result-labels	0x140b55df0	0x140b56ffe	jmp	0x140b57073
classic	mandate-result-labels	0x140b55df0	0x140b57007	jmp	0x140b57073
classic	mandate-result-labels	0x140b55df0	0x140b57010	jmp	0x140b57073
classic	mandate-result-labels	0x140b55df0	0x140b57019	jmp	0x140b57073
classic	mandate-result-labels	0x140b55df0	0x140b57022	jmp	0x140b57073
classic	mandate-result-labels	0x140b55df0	0x140b5702b	jmp	0x140b57073
classic	mandate-result-labels	0x140b55df0	0x140b57034	jmp	0x140b57073
classic	mandate-result-labels	0x140b55df0	0x140b5703d	jmp	0x140b57073
classic	mandate-result-labels	0x140b55df0	0x140b57046	jmp	0x140b57073
classic	mandate-result-labels	0x140b55df0	0x140b5704f	jmp	0x140b57073
classic	mandate-result-labels	0x140b55df0	0x140b57058	jmp	0x140b57073
classic	mandate-result-labels	0x140b55df0	0x140b57061	jmp	0x140b57073
classic	mandate-result-labels	0x140b55df0	0x140b5706a	jmp	0x140b57073
classic	mandate-result-labels	0x140b55df0	0x140b57076	call	0x140070030
classic	mandate-result-labels	0x140b55df0	0x140b57085	call	0x140070030
classic	mandate-result-labels	0x140b55df0	0x140b57094	call	QWORD PTR [rip+0xa8936e]        # 0x1415e0408
classic	mandate-result-labels	0x140b55df0	0x140b570a1	je	0x140b570ff
classic	mandate-result-labels	0x140b55df0	0x140b570ac	jbe	0x140b570b1
classic	mandate-result-labels	0x140b55df0	0x140b570b7	call	0x1400708b0
classic	mandate-result-labels	0x140b55df0	0x140b570c1	call	0x140070250
classic	mandate-result-labels	0x140b55df0	0x140b570d0	call	0x140070030
classic	mandate-result-labels	0x140b55df0	0x140b570da	call	QWORD PTR [rip+0xa89330]        # 0x1415e0410
classic	mandate-result-labels	0x140b55df0	0x140b570ea	call	0x140070030
classic	mandate-result-labels	0x140b55df0	0x140b570f9	call	QWORD PTR [rip+0xa89309]        # 0x1415e0408
classic	mandate-result-labels	0x140b55df0	0x140b57144	loopne	0x140b571a4
classic	mandate-result-labels	0x140b55df0	0x140b57174	jo	0x140b571d5
classic	mandate-result-labels	0x140b55df0	0x140b57178	jl	0x140b571d9
classic	mandate-result-labels	0x140b55df0	0x140b57194	call	0x134b626f8
classic	mandate-result-labels	0x140b55df0	0x140b571c4	js	0x140b57226
classic	mandate-result-labels	0x140b55df0	0x140b57238	loopne	0x140b5729b
classic	mandate-result-labels	0x140b55df0	0x140b57274	jbe	0x140b572d8
classic	mandate-result-labels	0x140b55df0	0x140b57278	jg	0x140b572dc
classic	mandate-result-labels	0x140b55df0	0x140b572d4	jb	0x140b5733a
classic	mandate-result-labels	0x140b55df0	0x140b572d8	jle	0x140b5733e
classic	mandate-result-labels	0x140b55df0	0x140b57324	jp	0x140b5738b
classic	mandate-result-labels	0x140b55df0	0x140b57378	jbe	0x140b573e0
classic	mandate-result-labels	0x140b55df0	0x140b5739c	loop	0x140b57404
classic	mandate-result-labels	0x140b55df0	0x140b573cc	jb	0x140b57435
classic	mandate-result-labels	0x140b55df0	0x140b573d0	jle	0x140b57439
classic	mandate-result-labels	0x140b55df0	0x140b57478	jbe	0x140b574e3
classic	mandate-result-labels	0x140b55df0	0x140b574d0	jle	0x140b5753c
classic	mandate-result-labels	0x140b55df0	0x140b57558	jbe	0x140b575c6
classic	mandate-result-labels	0x140b55df0	0x140b5756c	loop	0x140b575da
classic	mandate-result-labels	0x140b55df0	0x140b57598	jb	0x140b57607
classic	mandate-result-labels	0x140b55df0	0x140b5759c	jle	0x140b5760b
classic	mandate-result-labels	0x140b55df0	0x140b575f0	jp	0x140b57660
classic	mandate-result-labels	0x140b55df0	0x140b57630	jbe	0x140b576a1
classic	mandate-result-labels	0x140b55df0	0x140b5766c	loop	0x140b576dd
classic	mandate-result-labels	0x140b55df0	0x140b57679	jo	0x140b57630
classic	mandate-result-labels	0x140b55df0	0x140b57681	jo	0x140b57638
classic	mandate-result-labels	0x140b55df0	0x140b57685	jo	0x140b5763c
classic	mandate-result-labels	0x140b55df0	0x140b57695	jo	0x140b5764c
classic	mandate-result-labels	0x140b55df0	0x140b5769d	jo	0x140b57654
classic	mandate-result-labels	0x140b55df0	0x140b576a5	jo	0x140b5765c
classic	mandate-result-labels	0x140b55df0	0x140b576b1	jo	0x140b57668
