edition	role	emotion_value	emotion_name	function_va	branch_va	caption_head	head_xref_vas	head_literal_vas	event_append
reference	failed	0	ACCEPTANCE	0x1406b1c10	0x1406b1eaa				native default: no caption emitted
reference	failed	1	ADORATION	0x1406b1c10	0x1406b1eaa				native default: no caption emitted
reference	failed	2	AFFECTION	0x1406b1c10	0x1406b1eaa				native default: no caption emitted
reference	failed	3	AGITATION	0x1406b1c10	0x1406b1eaa				native default: no caption emitted
reference	failed	4	AGGRAVATION	0x1406b1c10	0x1406b1eaa				native default: no caption emitted
reference	failed	5	AGONY	0x1406b1c10	0x1406b2a7b	Fail the struggle against great agony	0x1406b2a7b	0x1416767a8	caption + complete event when event length > 1
reference	failed	6	ALARM	0x1406b1c10	0x1406b1cc4	Fail the struggle against great alarm	0x1406b1ce9,0x1406b1d44	0x141676940,0x141676940	caption + complete event when event length > 1
reference	failed	7	ALIENATION	0x1406b1c10	0x1406b1eaa				native default: no caption emitted
reference	failed	8	AMAZEMENT	0x1406b1c10	0x1406b1eaa				native default: no caption emitted
reference	failed	9	AMBIVALENCE	0x1406b1c10	0x1406b1eaa				native default: no caption emitted
reference	failed	10	AMUSEMENT	0x1406b1c10	0x1406b1eaa				native default: no caption emitted
reference	failed	11	ANGER	0x1406b1c10	0x1406b1eaa				native default: no caption emitted
reference	failed	12	ANGST	0x1406b1c10	0x1406b2f67	Fail the struggle against existential crisis	0x1406b2f67	0x141676b20	caption + complete event when event length > 1
reference	failed	13	ANGUISH	0x1406b1c10	0x1406b2b07	Fail the struggle against great anguish	0x1406b2b07	0x1416767d0	caption + complete event when event length > 1
reference	failed	14	ANNOYANCE	0x1406b1c10	0x1406b1eaa				native default: no caption emitted
reference	failed	15	ANTICIPATION	0x1406b1c10	0x1406b1eaa				native default: no caption emitted
reference	failed	16	ANXIETY	0x1406b1c10	0x1406b1eaa				native default: no caption emitted
reference	failed	17	APATHY	0x1406b1c10	0x1406b1eaa				native default: no caption emitted
reference	failed	18	APPREHENSION	0x1406b1c10	0x1406b1eaa				native default: no caption emitted
reference	failed	19	AROUSAL	0x1406b1c10	0x1406b1eaa				native default: no caption emitted
reference	failed	20	ASTONISHMENT	0x1406b1c10	0x1406b1eaa				native default: no caption emitted
reference	failed	21	ATTRACTION	0x1406b1c10	0x1406b1eaa				native default: no caption emitted
reference	failed	22	AVERSION	0x1406b1c10	0x1406b1eaa				native default: no caption emitted
reference	failed	23	AWE	0x1406b1c10	0x1406b1eaa				native default: no caption emitted
reference	failed	24	BITTERNESS	0x1406b1c10	0x1406b1eaa				native default: no caption emitted
reference	failed	25	BLISS	0x1406b1c10	0x1406b1eaa				native default: no caption emitted
reference	failed	26	BOREDOM	0x1406b1c10	0x1406b1eaa				native default: no caption emitted
reference	failed	27	CARING	0x1406b1c10	0x1406b1eaa				native default: no caption emitted
reference	failed	28	CHEERFULNESS	0x1406b1c10	0x1406b1eaa				native default: no caption emitted
reference	failed	29	CONFUSION	0x1406b1c10	0x1406b1eaa				native default: no caption emitted
reference	failed	30	CONTEMPT	0x1406b1c10	0x1406b1eaa				native default: no caption emitted
reference	failed	31	CONTENTMENT	0x1406b1c10	0x1406b1eaa				native default: no caption emitted
reference	failed	32	COURAGE	0x1406b1c10	0x1406b1eaa				native default: no caption emitted
reference	failed	33	CURIOSITY	0x1406b1c10	0x1406b1eaa				native default: no caption emitted
reference	failed	34	DEFEAT	0x1406b1c10	0x1406b1eaa				native default: no caption emitted
reference	failed	35	DEJECTION	0x1406b1c10	0x1406b1eaa				native default: no caption emitted
reference	failed	36	DELIGHT	0x1406b1c10	0x1406b1eaa				native default: no caption emitted
reference	failed	37	DEPRESSION	0x1406b1c10	0x1406b1eaa				native default: no caption emitted
reference	failed	38	DESIRE	0x1406b1c10	0x1406b1eaa				native default: no caption emitted
reference	failed	39	DESPAIR	0x1406b1c10	0x1406b2b93	Fail the struggle against great despair	0x1406b2b93	0x141676c00	caption + complete event when event length > 1
reference	failed	40	DISAPPOINTMENT	0x1406b1c10	0x1406b1eaa				native default: no caption emitted
reference	failed	41	DISGUST	0x1406b1c10	0x1406b1eaa				native default: no caption emitted
reference	failed	42	DISILLUSIONED	0x1406b1c10	0x1406b1eaa				native default: no caption emitted
reference	failed	43	DISLIKE	0x1406b1c10	0x1406b1eaa				native default: no caption emitted
reference	failed	44	DISMAY	0x1406b1c10	0x1406b2c1f	Fail the struggle against great dismay	0x1406b2c1f	0x141676c28	caption + complete event when event length > 1
reference	failed	45	DISPLEASURE	0x1406b1c10	0x1406b1eaa				native default: no caption emitted
reference	failed	46	DISTRESS	0x1406b1c10	0x1406b2cab	Fail the struggle against great distress	0x1406b2cab	0x141676ba8	caption + complete event when event length > 1
reference	failed	47	DOUBT	0x1406b1c10	0x1406b1eaa				native default: no caption emitted
reference	failed	48	DREAD	0x1406b1c10	0x1406b1eaa				native default: no caption emitted
reference	failed	49	EAGERNESS	0x1406b1c10	0x1406b1eaa				native default: no caption emitted
reference	failed	50	ECSTASY	0x1406b1c10	0x1406b1eaa				native default: no caption emitted
reference	failed	51	ELATION	0x1406b1c10	0x1406b1eaa				native default: no caption emitted
reference	failed	52	EMBARRASSMENT	0x1406b1c10	0x1406b1eaa				native default: no caption emitted
reference	failed	53	EMPATHY	0x1406b1c10	0x1406b1eaa				native default: no caption emitted
reference	failed	54	EMPTINESS	0x1406b1c10	0x1406b1eaa				native default: no caption emitted
reference	failed	55	ENJOYMENT	0x1406b1c10	0x1406b1eaa				native default: no caption emitted
reference	failed	56	ENTHRALLMENT	0x1406b1c10	0x1406b1eaa				native default: no caption emitted
reference	failed	57	ENTHUSIASM	0x1406b1c10	0x1406b1eaa				native default: no caption emitted
reference	failed	58	ENVY	0x1406b1c10	0x1406b1eaa				native default: no caption emitted
reference	failed	59	EUPHORIA	0x1406b1c10	0x1406b1eaa				native default: no caption emitted
reference	failed	60	EXASPERATION	0x1406b1c10	0x1406b1eaa				native default: no caption emitted
reference	failed	61	EXCITEMENT	0x1406b1c10	0x1406b1eaa				native default: no caption emitted
reference	failed	62	EXHILARATION	0x1406b1c10	0x1406b1eaa				native default: no caption emitted
reference	failed	63	EXPECTANT	0x1406b1c10	0x1406b1eaa				native default: no caption emitted
reference	failed	64	FEAR	0x1406b1c10	0x1406b25b4	Fail the struggle against great fear	0x1406b25d9,0x1406b2634	0x141676870,0x141676870	caption + complete event when event length > 1
reference	failed	65	FEROCITY	0x1406b1c10	0x1406b1eaa				native default: no caption emitted
reference	failed	66	FONDNESS	0x1406b1c10	0x1406b1eaa				native default: no caption emitted
reference	failed	67	FREE	0x1406b1c10	0x1406b1eaa				native default: no caption emitted
reference	failed	68	FRIGHT	0x1406b1c10	0x1406b2d37	Fail the struggle against great fright	0x1406b2d37	0x141676bd8	caption + complete event when event length > 1
reference	failed	69	FRUSTRATION	0x1406b1c10	0x1406b1eaa				native default: no caption emitted
reference	failed	70	FURY	0x1406b1c10	0x1406b1eaa				native default: no caption emitted
reference	failed	71	GAIETY	0x1406b1c10	0x1406b1eaa				native default: no caption emitted
reference	failed	72	GLADNESS	0x1406b1c10	0x1406b1eaa				native default: no caption emitted
reference	failed	73	GLEE	0x1406b1c10	0x1406b1eaa				native default: no caption emitted
reference	failed	74	GLOOM	0x1406b1c10	0x1406b1eaa				native default: no caption emitted
reference	failed	75	GLUMNESS	0x1406b1c10	0x1406b1eaa				native default: no caption emitted
reference	failed	76	GRATITUDE	0x1406b1c10	0x1406b1eaa				native default: no caption emitted
reference	failed	77	GRATIFICATION	0x1406b1c10	0x1406b1eaa				native default: no caption emitted
reference	failed	78	GRIEF	0x1406b1c10	0x1406b225e	Fail the struggle against great grief	0x1406b2283,0x1406b22de	0x1416768c0,0x1416768c0	caption + complete event when event length > 1
reference	failed	79	GRIM_SATISFACTION	0x1406b1c10	0x1406b1eaa				native default: no caption emitted
reference	failed	80	GROUCHINESS	0x1406b1c10	0x1406b1eaa				native default: no caption emitted
reference	failed	81	GRUMPINESS	0x1406b1c10	0x1406b1eaa				native default: no caption emitted
reference	failed	82	GUILT	0x1406b1c10	0x1406b1eaa				native default: no caption emitted
reference	failed	83	HAPPINESS	0x1406b1c10	0x1406b1eaa				native default: no caption emitted
reference	failed	84	HATRED	0x1406b1c10	0x1406b1eaa				native default: no caption emitted
reference	failed	85	HOMESICKNESS	0x1406b1c10	0x1406b1eaa				native default: no caption emitted
reference	failed	86	HOPE	0x1406b1c10	0x1406b1eaa				native default: no caption emitted
reference	failed	87	HOPELESSNESS	0x1406b1c10	0x1406b1eaa				native default: no caption emitted
reference	failed	88	HORROR	0x1406b1c10	0x1406b20ad	Fail the struggle against great horror	0x1406b20d2,0x1406b212d	0x141676898,0x141676898	caption + complete event when event length > 1
reference	failed	89	HOSTILITY	0x1406b1c10	0x1406b1eaa				native default: no caption emitted
reference	failed	90	HUMILIATION	0x1406b1c10	0x1406b1eaa				native default: no caption emitted
reference	failed	91	HURT	0x1406b1c10	0x1406b1eaa				native default: no caption emitted
reference	failed	92	HYSTERIA	0x1406b1c10	0x1406b1eaa				native default: no caption emitted
reference	failed	93	INFATUATED	0x1406b1c10	0x1406b1eaa				native default: no caption emitted
reference	failed	94	INSECURITY	0x1406b1c10	0x1406b1eaa				native default: no caption emitted
reference	failed	95	INSULT	0x1406b1c10	0x1406b1eaa				native default: no caption emitted
reference	failed	96	INTEREST	0x1406b1c10	0x1406b1eaa				native default: no caption emitted
reference	failed	97	IRRITATION	0x1406b1c10	0x1406b1eaa				native default: no caption emitted
reference	failed	98	ISOLATION	0x1406b1c10	0x1406b1eaa				native default: no caption emitted
reference	failed	99	JEALOUSY	0x1406b1c10	0x1406b1eaa				native default: no caption emitted
reference	failed	100	JOLLINESS	0x1406b1c10	0x1406b1eaa				native default: no caption emitted
reference	failed	101	JOVIALITY	0x1406b1c10	0x1406b1eaa				native default: no caption emitted
reference	failed	102	JOY	0x1406b1c10	0x1406b1eaa				native default: no caption emitted
reference	failed	103	JUBILATION	0x1406b1c10	0x1406b1eaa				native default: no caption emitted
reference	failed	104	LOATHING	0x1406b1c10	0x1406b1eaa				native default: no caption emitted
reference	failed	105	LONELINESS	0x1406b1c10	0x1406b1eaa				native default: no caption emitted
reference	failed	106	LONGING	0x1406b1c10	0x1406b1eaa				native default: no caption emitted
reference	failed	107	LOVE	0x1406b1c10	0x1406b1eaa				native default: no caption emitted
reference	failed	108	LOVESICKNESS	0x1406b1c10	0x1406b1eaa				native default: no caption emitted
reference	failed	109	LUST	0x1406b1c10	0x1406b1eaa				native default: no caption emitted
reference	failed	110	MELANCHOLY	0x1406b1c10	0x1406b1eaa				native default: no caption emitted
reference	failed	111	MISERY	0x1406b1c10	0x1406b2dc3	Fail the struggle against great misery	0x1406b2dc3	0x141676b50	caption + complete event when event length > 1
reference	failed	112	MORTIFICATION	0x1406b1c10	0x1406b2e4f	Fail the struggle against great mortification	0x1406b2e4f	0x141676b78	caption + complete event when event length > 1
reference	failed	113	NEGLECT	0x1406b1c10	0x1406b1eaa				native default: no caption emitted
reference	failed	114	NERVOUSNESS	0x1406b1c10	0x1406b1eaa				native default: no caption emitted
reference	failed	115	NOSTALGIA	0x1406b1c10	0x1406b1eaa				native default: no caption emitted
reference	failed	116	OPTIMISM	0x1406b1c10	0x1406b1eaa				native default: no caption emitted
reference	failed	117	OUTRAGE	0x1406b1c10	0x1406b1eaa				native default: no caption emitted
reference	failed	118	PANIC	0x1406b1c10	0x1406b1eaa				native default: no caption emitted
reference	failed	119	PATIENCE	0x1406b1c10	0x1406b1eaa				native default: no caption emitted
reference	failed	120	PASSION	0x1406b1c10	0x1406b1eaa				native default: no caption emitted
reference	failed	121	PESSIMISM	0x1406b1c10	0x1406b1eaa				native default: no caption emitted
reference	failed	122	PITY	0x1406b1c10	0x1406b1eaa				native default: no caption emitted
reference	failed	123	PLEASURE	0x1406b1c10	0x1406b1eaa				native default: no caption emitted
reference	failed	124	PRIDE	0x1406b1c10	0x1406b1eaa				native default: no caption emitted
reference	failed	125	RAGE	0x1406b1c10	0x1406b240e	Fail the struggle against great rage	0x1406b2433,0x1406b248e	0x141676848,0x141676848	caption + complete event when event length > 1
reference	failed	126	RAPTURE	0x1406b1c10	0x1406b1eaa				native default: no caption emitted
reference	failed	127	REJECTION	0x1406b1c10	0x1406b1eaa				native default: no caption emitted
reference	failed	128	RELIEF	0x1406b1c10	0x1406b1eaa				native default: no caption emitted
reference	failed	129	REGRET	0x1406b1c10	0x1406b1eaa				native default: no caption emitted
reference	failed	130	REMORSE	0x1406b1c10	0x1406b1eaa				native default: no caption emitted
reference	failed	131	REPENTANCE	0x1406b1c10	0x1406b1eaa				native default: no caption emitted
reference	failed	132	RESENTMENT	0x1406b1c10	0x1406b1eaa				native default: no caption emitted
reference	failed	133	REVULSION	0x1406b1c10	0x1406b1eaa				native default: no caption emitted
reference	failed	134	RIGHTEOUS_INDIGNATION	0x1406b1c10	0x1406b1eaa				native default: no caption emitted
reference	failed	135	SADNESS	0x1406b1c10	0x1406b275a	Fail the struggle against great sadness	0x1406b277f,0x1406b27da	0x1416767f8,0x1416767f8	caption + complete event when event length > 1
reference	failed	136	SATISFACTION	0x1406b1c10	0x1406b1eaa				native default: no caption emitted
reference	failed	137	SCORN	0x1406b1c10	0x1406b1eaa				native default: no caption emitted
reference	failed	138	SELF_PITY	0x1406b1c10	0x1406b1eaa				native default: no caption emitted
reference	failed	139	SENTIMENTAL	0x1406b1c10	0x1406b1eaa				native default: no caption emitted
reference	failed	140	SERVILE	0x1406b1c10	0x1406b1eaa				native default: no caption emitted
reference	failed	141	SHAKEN	0x1406b1c10	0x1406b2edb	Fail the internal struggle, completely shaken	0x1406b2edb	0x141676af0	caption + complete event when event length > 1
reference	failed	142	SHAME	0x1406b1c10	0x1406b1eaa				native default: no caption emitted
reference	failed	143	SHOCK	0x1406b1c10	0x1406b1efd	Fail the struggle against great shock	0x1406b1f22,0x1406b1f7d	0x1416768f0,0x1416768f0	caption + complete event when event length > 1
reference	failed	144	SORROW	0x1406b1c10	0x1406b1eaa				native default: no caption emitted
reference	failed	145	SPITE	0x1406b1c10	0x1406b1eaa				native default: no caption emitted
reference	failed	146	SUFFERING	0x1406b1c10	0x1406b1eaa				native default: no caption emitted
reference	failed	147	SURPRISE	0x1406b1c10	0x1406b1eaa				native default: no caption emitted
reference	failed	148	SUSPICION	0x1406b1c10	0x1406b1eaa				native default: no caption emitted
reference	failed	149	SYMPATHY	0x1406b1c10	0x1406b1eaa				native default: no caption emitted
reference	failed	150	TENDERNESS	0x1406b1c10	0x1406b1eaa				native default: no caption emitted
reference	failed	151	TENSENESS	0x1406b1c10	0x1406b1eaa				native default: no caption emitted
reference	failed	152	TERROR	0x1406b1c10	0x1406b2916	Fail the struggle against great terror	0x1406b293b,0x1406b2996	0x141676820,0x141676820	caption + complete event when event length > 1
reference	failed	153	THRILL	0x1406b1c10	0x1406b1eaa				native default: no caption emitted
reference	failed	154	TORMENT	0x1406b1c10	0x1406b1eaa				native default: no caption emitted
reference	failed	155	TRIUMPH	0x1406b1c10	0x1406b1eaa				native default: no caption emitted
reference	failed	156	UNEASINESS	0x1406b1c10	0x1406b1eaa				native default: no caption emitted
reference	failed	157	UNHAPPINESS	0x1406b1c10	0x1406b1eaa				native default: no caption emitted
reference	failed	158	VENGEFULNESS	0x1406b1c10	0x1406b1eaa				native default: no caption emitted
reference	failed	159	WOE	0x1406b1c10	0x1406b1eaa				native default: no caption emitted
reference	failed	160	WONDER	0x1406b1c10	0x1406b1eaa				native default: no caption emitted
reference	failed	161	WORRY	0x1406b1c10	0x1406b1eaa				native default: no caption emitted
reference	failed	162	WRATH	0x1406b1c10	0x1406b1eaa				native default: no caption emitted
reference	failed	163	ZEAL	0x1406b1c10	0x1406b1eaa				native default: no caption emitted
reference	failed	164	ZEST	0x1406b1c10	0x1406b1eaa				native default: no caption emitted
reference	failed	165	INSTINCTUAL_HUNT	0x1406b1c10	0x1406b1eaa				native default: no caption emitted
reference	failed	166	BOGEYMAN_TAUNT	0x1406b1c10	0x1406b1eaa				native default: no caption emitted
reference	failed	167	RESTLESS	0x1406b1c10	0x1406b1eaa				native default: no caption emitted
reference	failed	168	ADMIRATION	0x1406b1c10	0x1406b1eaa				native default: no caption emitted
reference	failed	out-of-range	NONE_OR_INVALID	0x1406b1c10	0x1406b1eaa				native default: no caption emitted
reference	breaking-point	0	ACCEPTANCE	0x1406b31a0	0x1406b395c	State feelings of great acceptance	0x1406b395c	0x141677818	caption + complete event when event length > 1
reference	breaking-point	1	ADORATION	0x1406b31a0	0x1406b3cec	State feelings of great adoration	0x1406b3cec	0x141677fc0	caption + complete event when event length > 1
reference	breaking-point	2	AFFECTION	0x1406b31a0	0x1406b3cf8	State feelings of great affection	0x1406b3cf8	0x141677aa0	caption + complete event when event length > 1
reference	breaking-point	3	AGITATION	0x1406b31a0	0x1406b3974	State feelings of great agitation	0x1406b3974	0x1416777c8	caption + complete event when event length > 1
reference	breaking-point	4	AGGRAVATION	0x1406b31a0	0x1406b3980	State feelings of great aggravation	0x1406b3980	0x141677750	caption + complete event when event length > 1
reference	breaking-point	5	AGONY	0x1406b31a0	0x1406b35d8	Verbally struggle against great agony	0x1406b35d8	0x141677470	caption + complete event when event length > 1
reference	breaking-point	6	ALARM	0x1406b31a0	0x1406b324c	Verbally struggle against great alarm	0x1406b324c	0x141676ac8	caption + complete event when event length > 1
reference	breaking-point	7	ALIENATION	0x1406b31a0	0x1406b398c	State feelings of great alienation	0x1406b398c	0x141677778	caption + complete event when event length > 1
reference	breaking-point	8	AMAZEMENT	0x1406b31a0	0x1406b3998	State feelings of great amazement	0x1406b3998	0x141677700	caption + complete event when event length > 1
reference	breaking-point	9	AMBIVALENCE	0x1406b31a0	0x1406b39a4	State feelings of great ambivalence	0x1406b39a4	0x141677728	caption + complete event when event length > 1
reference	breaking-point	10	AMUSEMENT	0x1406b31a0	0x1406b3d04	State feelings of great amusement	0x1406b3d04	0x141677ac8	caption + complete event when event length > 1
reference	breaking-point	11	ANGER	0x1406b31a0	0x1406b39b0	State feelings of great anger	0x1406b39b0	0x1416776b8	caption + complete event when event length > 1
reference	breaking-point	12	ANGST	0x1406b31a0	0x1406b3dd0	Verbally struggle against looming existential crisis	0x1406b3dd0	0x141677ca8	caption + complete event when event length > 1
reference	breaking-point	13	ANGUISH	0x1406b31a0	0x1406b363c	Verbally struggle against great anguish	0x1406b363c	0x141677498	caption + complete event when event length > 1
reference	breaking-point	14	ANNOYANCE	0x1406b31a0	0x1406b39bc	State feelings of great annoyance	0x1406b39bc	0x1416776d8	caption + complete event when event length > 1
reference	breaking-point	15	ANTICIPATION	0x1406b31a0	0x1406b3fa9				native default: no caption emitted
reference	breaking-point	16	ANXIETY	0x1406b31a0	0x1406b39c8	State feelings of great anxiety	0x1406b39c8	0x141677678	caption + complete event when event length > 1
reference	breaking-point	17	APATHY	0x1406b31a0	0x1406b39d4	State feelings of great apathy	0x1406b39d4	0x141677698	caption + complete event when event length > 1
reference	breaking-point	18	APPREHENSION	0x1406b31a0	0x1406b3fa9				native default: no caption emitted
reference	breaking-point	19	AROUSAL	0x1406b31a0	0x1406b39e0	State feelings of great arousal	0x1406b39e0	0x141677630	caption + complete event when event length > 1
reference	breaking-point	20	ASTONISHMENT	0x1406b31a0	0x1406b39ec	State feelings of great astonishment	0x1406b39ec	0x141677650	caption + complete event when event length > 1
reference	breaking-point	21	ATTRACTION	0x1406b31a0	0x1406b3fa9				native default: no caption emitted
reference	breaking-point	22	AVERSION	0x1406b31a0	0x1406b39f8	State feelings of great aversion	0x1406b39f8	0x141677128	caption + complete event when event length > 1
reference	breaking-point	23	AWE	0x1406b31a0	0x1406b3a04	State feelings of great awe	0x1406b3a04	0x141677150	caption + complete event when event length > 1
reference	breaking-point	24	BITTERNESS	0x1406b31a0	0x1406b3a10	State feelings of great bitterness	0x1406b3a10	0x1416770e0	caption + complete event when event length > 1
reference	breaking-point	25	BLISS	0x1406b31a0	0x1406b3538	State feelings of great bliss	0x1406b3538	0x141677550	caption + complete event when event length > 1
reference	breaking-point	26	BOREDOM	0x1406b31a0	0x1406b3a1c	State feelings of great boredom	0x1406b3a1c	0x141677108	caption + complete event when event length > 1
reference	breaking-point	27	CARING	0x1406b31a0	0x1406b3a28	State feelings of great caring	0x1406b3a28	0x141677098	caption + complete event when event length > 1
reference	breaking-point	28	CHEERFULNESS	0x1406b31a0	0x1406b3fa9				native default: no caption emitted
reference	breaking-point	29	CONFUSION	0x1406b31a0	0x1406b3a34	State feelings of great confusion	0x1406b3a34	0x1416770b8	caption + complete event when event length > 1
reference	breaking-point	30	CONTEMPT	0x1406b31a0	0x1406b3a40	State feelings of great contempt	0x1406b3a40	0x141677048	caption + complete event when event length > 1
reference	breaking-point	31	CONTENTMENT	0x1406b31a0	0x1406b3d10	State feelings of great contentment	0x1406b3d10	0x141677a58	caption + complete event when event length > 1
reference	breaking-point	32	COURAGE	0x1406b31a0	0x1406b3fa9				native default: no caption emitted
reference	breaking-point	33	CURIOSITY	0x1406b31a0	0x1406b3fa9				native default: no caption emitted
reference	breaking-point	34	DEFEAT	0x1406b31a0	0x1406b3e34	Verbally struggle, greatly defeated	0x1406b3e34	0x141677ce0	caption + complete event when event length > 1
reference	breaking-point	35	DEJECTION	0x1406b31a0	0x1406b3a4c	State feelings of great dejection	0x1406b3a4c	0x141677070	caption + complete event when event length > 1
reference	breaking-point	36	DELIGHT	0x1406b31a0	0x1406b3d1c	State feelings of great delight	0x1406b3d1c	0x141677a80	caption + complete event when event length > 1
reference	breaking-point	37	DEPRESSION	0x1406b31a0	0x1406b3fa9				native default: no caption emitted
reference	breaking-point	38	DESIRE	0x1406b31a0	0x1406b3fa9				native default: no caption emitted
reference	breaking-point	39	DESPAIR	0x1406b31a0	0x1406b36a0	Verbally struggle against great despair	0x1406b36a0	0x141677420	caption + complete event when event length > 1
reference	breaking-point	40	DISAPPOINTMENT	0x1406b31a0	0x1406b3a58	State feelings of great disappointment	0x1406b3a58	0x141677000	caption + complete event when event length > 1
reference	breaking-point	41	DISGUST	0x1406b31a0	0x1406b3a64	State feelings of great disgust	0x1406b3a64	0x141677028	caption + complete event when event length > 1
reference	breaking-point	42	DISILLUSIONED	0x1406b31a0	0x1406b3a70	State feelings of great disillusionment	0x1406b3a70	0x141676fb8	caption + complete event when event length > 1
reference	breaking-point	43	DISLIKE	0x1406b31a0	0x1406b3a7c	State feelings of great dislike	0x1406b3a7c	0x141676fe0	caption + complete event when event length > 1
reference	breaking-point	44	DISMAY	0x1406b31a0	0x1406b3704	Verbally struggle against great dismay	0x1406b3704	0x141677448	caption + complete event when event length > 1
reference	breaking-point	45	DISPLEASURE	0x1406b31a0	0x1406b3a88	State feelings of great displeasure	0x1406b3a88	0x141676f68	caption + complete event when event length > 1
reference	breaking-point	46	DISTRESS	0x1406b31a0	0x1406b3768	Verbally struggle against great distress	0x1406b3768	0x1416773c8	caption + complete event when event length > 1
reference	breaking-point	47	DOUBT	0x1406b31a0	0x1406b3ea4	Verbally struggle against great doubt	0x1406b3ea4	0x141677c80	caption + complete event when event length > 1
reference	breaking-point	48	DREAD	0x1406b31a0	0x1406b3fa9				native default: no caption emitted
reference	breaking-point	49	EAGERNESS	0x1406b31a0	0x1406b3a94	State feelings of great eagerness	0x1406b3a94	0x141676f90	caption + complete event when event length > 1
reference	breaking-point	50	ECSTASY	0x1406b31a0	0x1406b3fa9				native default: no caption emitted
reference	breaking-point	51	ELATION	0x1406b31a0	0x1406b3d28	State feelings of great elation	0x1406b3d28	0x141677a10	caption + complete event when event length > 1
reference	breaking-point	52	EMBARRASSMENT	0x1406b31a0	0x1406b3aa0	State feelings of great embarrassment	0x1406b3aa0	0x141676f20	caption + complete event when event length > 1
reference	breaking-point	53	EMPATHY	0x1406b31a0	0x1406b3aac	State feelings of great empathy	0x1406b3aac	0x141676f48	caption + complete event when event length > 1
reference	breaking-point	54	EMPTINESS	0x1406b31a0	0x1406b3ab8	State feelings of great emptiness	0x1406b3ab8	0x141677378	caption + complete event when event length > 1
reference	breaking-point	55	ENJOYMENT	0x1406b31a0	0x1406b3d34	State feelings of great enjoyment	0x1406b3d34	0x141677a30	caption + complete event when event length > 1
reference	breaking-point	56	ENTHRALLMENT	0x1406b31a0	0x1406b3fa9				native default: no caption emitted
reference	breaking-point	57	ENTHUSIASM	0x1406b31a0	0x1406b3f08	State feelings of great enthusiasm	0x1406b3f08	0x141677c00	caption + complete event when event length > 1
reference	breaking-point	58	ENVY	0x1406b31a0	0x1406b3fa9				native default: no caption emitted
reference	breaking-point	59	EUPHORIA	0x1406b31a0	0x1406b3f72	State feelings of great euphoria	0x1406b3f72	0x141677bb8	caption + complete event when event length > 1
reference	breaking-point	60	EXASPERATION	0x1406b31a0	0x1406b3ac4	State feelings of great exasperation	0x1406b3ac4	0x1416773a0	caption + complete event when event length > 1
reference	breaking-point	61	EXCITEMENT	0x1406b31a0	0x1406b3544	State feelings of great excitement	0x1406b3544	0x141677570	caption + complete event when event length > 1
reference	breaking-point	62	EXHILARATION	0x1406b31a0	0x1406b3d40	State feelings of great exhilaration	0x1406b3d40	0x1416779c0	caption + complete event when event length > 1
reference	breaking-point	63	EXPECTANT	0x1406b31a0	0x1406b3e98	State feelings, greatly expectant	0x1406b3e98	0x141677c58	caption + complete event when event length > 1
reference	breaking-point	64	FEAR	0x1406b31a0	0x1406b3458	Verbally struggle against great fear	0x1406b3458	0x1416775e0	caption + complete event when event length > 1
reference	breaking-point	65	FEROCITY	0x1406b31a0	0x1406b3ad0	State feelings of great ferocity	0x1406b3ad0	0x141677328	caption + complete event when event length > 1
reference	breaking-point	66	FONDNESS	0x1406b31a0	0x1406b3d4c	State feelings of great fondness	0x1406b3d4c	0x1416779e8	caption + complete event when event length > 1
reference	breaking-point	67	FREE	0x1406b31a0	0x1406b3d58	State feelings of great freedom	0x1406b3d58	0x141677980	caption + complete event when event length > 1
reference	breaking-point	68	FRIGHT	0x1406b31a0	0x1406b37cc	Verbally struggle against great fright	0x1406b37cc	0x1416773f8	caption + complete event when event length > 1
reference	breaking-point	69	FRUSTRATION	0x1406b31a0	0x1406b3adc	State feelings of great frustration	0x1406b3adc	0x141677350	caption + complete event when event length > 1
reference	breaking-point	70	FURY	0x1406b31a0	0x1406b3fa9				native default: no caption emitted
reference	breaking-point	71	GAIETY	0x1406b31a0	0x1406b3550	State feelings of great gaiety	0x1406b3550	0x141677510	caption + complete event when event length > 1
reference	breaking-point	72	GLADNESS	0x1406b31a0	0x1406b3fa9				native default: no caption emitted
reference	breaking-point	73	GLEE	0x1406b31a0	0x1406b3d64	State feelings of great flee	0x1406b3d64	0x1416779a0	caption + complete event when event length > 1
reference	breaking-point	74	GLOOM	0x1406b31a0	0x1406b3ae8	State feelings of great gloom	0x1406b3ae8	0x1416772e0	caption + complete event when event length > 1
reference	breaking-point	75	GLUMNESS	0x1406b31a0	0x1406b3af4	State feelings of great glumness	0x1406b3af4	0x141677300	caption + complete event when event length > 1
reference	breaking-point	76	GRATITUDE	0x1406b31a0	0x1406b3b00	State feelings of great gratitude	0x1406b3b00	0x141677290	caption + complete event when event length > 1
reference	breaking-point	77	GRATIFICATION	0x1406b31a0	0x1406b3fa9				native default: no caption emitted
reference	breaking-point	78	GRIEF	0x1406b31a0	0x1406b3378	Verbally struggle against great grief	0x1406b3378	0x141676a40	caption + complete event when event length > 1
reference	breaking-point	79	GRIM_SATISFACTION	0x1406b31a0	0x1406b344c	State feelings of great grim satisfaction	0x1406b344c	0x1416769e8	caption + complete event when event length > 1
reference	breaking-point	80	GROUCHINESS	0x1406b31a0	0x1406b3b0c	State feelings of great grouchiness	0x1406b3b0c	0x1416772b8	caption + complete event when event length > 1
reference	breaking-point	81	GRUMPINESS	0x1406b31a0	0x1406b3b18	State feelings of great grumpiness	0x1406b3b18	0x141677248	caption + complete event when event length > 1
reference	breaking-point	82	GUILT	0x1406b31a0	0x1406b3b24	State feelings of great guilt	0x1406b3b24	0x141677270	caption + complete event when event length > 1
reference	breaking-point	83	HAPPINESS	0x1406b31a0	0x1406b3d70	State feelings of great happiness	0x1406b3d70	0x141677930	caption + complete event when event length > 1
reference	breaking-point	84	HATRED	0x1406b31a0	0x1406b3b30	State feelings of great hatred	0x1406b3b30	0x141677208	caption + complete event when event length > 1
reference	breaking-point	85	HOMESICKNESS	0x1406b31a0	0x1406b3fa9				native default: no caption emitted
reference	breaking-point	86	HOPE	0x1406b31a0	0x1406b3b3c	State feelings of great hope	0x1406b3b3c	0x141677228	caption + complete event when event length > 1
reference	breaking-point	87	HOPELESSNESS	0x1406b31a0	0x1406b3b48	State feelings of great hopelessness	0x1406b3b48	0x1416771b8	caption + complete event when event length > 1
reference	breaking-point	88	HORROR	0x1406b31a0	0x1406b3314	Verbally struggle against great horror	0x1406b3314	0x141676a18	caption + complete event when event length > 1
reference	breaking-point	89	HOSTILITY	0x1406b31a0	0x1406b3fa9				native default: no caption emitted
reference	breaking-point	90	HUMILIATION	0x1406b31a0	0x1406b3b54	State feelings of great humiliation	0x1406b3b54	0x1416771e0	caption + complete event when event length > 1
reference	breaking-point	91	HURT	0x1406b31a0	0x1406b3fa9				native default: no caption emitted
reference	breaking-point	92	HYSTERIA	0x1406b31a0	0x1406b3fa9				native default: no caption emitted
reference	breaking-point	93	INFATUATED	0x1406b31a0	0x1406b3fa9				native default: no caption emitted
reference	breaking-point	94	INSECURITY	0x1406b31a0	0x1406b3fa9				native default: no caption emitted
reference	breaking-point	95	INSULT	0x1406b31a0	0x1406b3b60	State feelings of great insult	0x1406b3b60	0x141677170	caption + complete event when event length > 1
reference	breaking-point	96	INTEREST	0x1406b31a0	0x1406b3b6c	State feelings of great interest	0x1406b3b6c	0x141677190	caption + complete event when event length > 1
reference	breaking-point	97	IRRITATION	0x1406b31a0	0x1406b3b78	State feelings of great irritation	0x1406b3b78	0x141677f50	caption + complete event when event length > 1
reference	breaking-point	98	ISOLATION	0x1406b31a0	0x1406b3b84	State feelings of great isolation	0x1406b3b84	0x141677f78	caption + complete event when event length > 1
reference	breaking-point	99	JEALOUSY	0x1406b31a0	0x1406b3fa9				native default: no caption emitted
reference	breaking-point	100	JOLLINESS	0x1406b31a0	0x1406b3d7c	State feelings of great jolliness	0x1406b3d7c	0x141677958	caption + complete event when event length > 1
reference	breaking-point	101	JOVIALITY	0x1406b31a0	0x1406b3d88	State feelings of great joviality	0x1406b3d88	0x1416778e0	caption + complete event when event length > 1
reference	breaking-point	102	JOY	0x1406b31a0	0x1406b355c	State feelings of great joy	0x1406b355c	0x141677530	caption + complete event when event length > 1
reference	breaking-point	103	JUBILATION	0x1406b31a0	0x1406b3d94	State feelings of great jubilation	0x1406b3d94	0x141677908	caption + complete event when event length > 1
reference	breaking-point	104	LOATHING	0x1406b31a0	0x1406b3b90	State feelings of great loathing	0x1406b3b90	0x141677f00	caption + complete event when event length > 1
reference	breaking-point	105	LONELINESS	0x1406b31a0	0x1406b3b9c	State feelings of great loneliness	0x1406b3b9c	0x141677f28	caption + complete event when event length > 1
reference	breaking-point	106	LONGING	0x1406b31a0	0x1406b3fa9				native default: no caption emitted
reference	breaking-point	107	LOVE	0x1406b31a0	0x1406b352c	State feelings of great love	0x1406b352c	0x1416775c0	caption + complete event when event length > 1
reference	breaking-point	108	LOVESICKNESS	0x1406b31a0	0x1406b3fa9				native default: no caption emitted
reference	breaking-point	109	LUST	0x1406b31a0	0x1406b3ba8	State feelings of great lust	0x1406b3ba8	0x141677eb8	caption + complete event when event length > 1
reference	breaking-point	110	MELANCHOLY	0x1406b31a0	0x1406b3fa9				native default: no caption emitted
reference	breaking-point	111	MISERY	0x1406b31a0	0x1406b3830	Verbally struggle against great misery	0x1406b3830	0x141677840	caption + complete event when event length > 1
reference	breaking-point	112	MORTIFICATION	0x1406b31a0	0x1406b3894	Verbally struggle against great mortification	0x1406b3894	0x141677868	caption + complete event when event length > 1
reference	breaking-point	113	NEGLECT	0x1406b31a0	0x1406b3fa9				native default: no caption emitted
reference	breaking-point	114	NERVOUSNESS	0x1406b31a0	0x1406b3bb4	State feelings of great nervousness	0x1406b3bb4	0x141677ed8	caption + complete event when event length > 1
reference	breaking-point	115	NOSTALGIA	0x1406b31a0	0x1406b3bc0	State feelings of great nostalgia	0x1406b3bc0	0x141677e68	caption + complete event when event length > 1
reference	breaking-point	116	OPTIMISM	0x1406b31a0	0x1406b3bcc	State feelings of great optimism	0x1406b3bcc	0x141677e90	caption + complete event when event length > 1
reference	breaking-point	117	OUTRAGE	0x1406b31a0	0x1406b3bd8	State feelings of great outrage	0x1406b3bd8	0x141677e28	caption + complete event when event length > 1
reference	breaking-point	118	PANIC	0x1406b31a0	0x1406b3be4	State feelings of great panic	0x1406b3be4	0x141677e48	caption + complete event when event length > 1
reference	breaking-point	119	PATIENCE	0x1406b31a0	0x1406b3bf0	State feelings of great patience	0x1406b3bf0	0x141677de0	caption + complete event when event length > 1
reference	breaking-point	120	PASSION	0x1406b31a0	0x1406b3bfc	State feelings of great passion	0x1406b3bfc	0x141677e08	caption + complete event when event length > 1
reference	breaking-point	121	PESSIMISM	0x1406b31a0	0x1406b3f11	Verbally struggle against great pessimism	0x1406b3f11	0x141677c28	caption + complete event when event length > 1
reference	breaking-point	122	PITY	0x1406b31a0	0x1406b3fa9				native default: no caption emitted
reference	breaking-point	123	PLEASURE	0x1406b31a0	0x1406b3da0	State feelings of great pleasure	0x1406b3da0	0x141677898	caption + complete event when event length > 1
reference	breaking-point	124	PRIDE	0x1406b31a0	0x1406b3dac	State feelings of great pride	0x1406b3dac	0x1416778c0	caption + complete event when event length > 1
reference	breaking-point	125	RAGE	0x1406b31a0	0x1406b33e8	Fail the struggle against great rage	0x1406b33e8	0x141676848	caption + complete event when event length > 1
reference	breaking-point	126	RAPTURE	0x1406b31a0	0x1406b3db8	State feelings, greatly enraptured	0x1406b3db8	0x141677d08	caption + complete event when event length > 1
reference	breaking-point	127	REJECTION	0x1406b31a0	0x1406b3c08	State feelings of great rejection	0x1406b3c08	0x141677d98	caption + complete event when event length > 1
reference	breaking-point	128	RELIEF	0x1406b31a0	0x1406b3c14	State feelings of great relief	0x1406b3c14	0x141677dc0	caption + complete event when event length > 1
reference	breaking-point	129	REGRET	0x1406b31a0	0x1406b3c20	State feelings of great regret	0x1406b3c20	0x141677d58	caption + complete event when event length > 1
reference	breaking-point	130	REMORSE	0x1406b31a0	0x1406b3c2c	State feelings of great remorse	0x1406b3c2c	0x141677d78	caption + complete event when event length > 1
reference	breaking-point	131	REPENTANCE	0x1406b31a0	0x1406b3c38	State feelings of great repentance	0x1406b3c38	0x1416781b0	caption + complete event when event length > 1
reference	breaking-point	132	RESENTMENT	0x1406b31a0	0x1406b3c44	State feelings of great resentment	0x1406b3c44	0x1416781d8	caption + complete event when event length > 1
reference	breaking-point	133	REVULSION	0x1406b31a0	0x1406b3fa9				native default: no caption emitted
reference	breaking-point	134	RIGHTEOUS_INDIGNATION	0x1406b31a0	0x1406b3c5c	State feelings of great righteous indignation	0x1406b3c5c	0x141678180	caption + complete event when event length > 1
reference	breaking-point	135	SADNESS	0x1406b31a0	0x1406b34bc	Verbally struggle against great sadness	0x1406b34bc	0x141677608	caption + complete event when event length > 1
reference	breaking-point	136	SATISFACTION	0x1406b31a0	0x1406b3520	State feelings of great satisfaction	0x1406b3520	0x141677598	caption + complete event when event length > 1
reference	breaking-point	137	SCORN	0x1406b31a0	0x1406b3fa9				native default: no caption emitted
reference	breaking-point	138	SELF_PITY	0x1406b31a0	0x1406b3c68	State feelings of great self-pity	0x1406b3c68	0x141678108	caption + complete event when event length > 1
reference	breaking-point	139	SENTIMENTAL	0x1406b31a0	0x1406b3fa9				native default: no caption emitted
reference	breaking-point	140	SERVILE	0x1406b31a0	0x1406b3c74	State feelings of great servility	0x1406b3c74	0x141678130	caption + complete event when event length > 1
reference	breaking-point	141	SHAKEN	0x1406b31a0	0x1406b38f8	Verbally struggle, greatly shaken	0x1406b38f8	0x1416777f0	caption + complete event when event length > 1
reference	breaking-point	142	SHAME	0x1406b31a0	0x1406b3c80	State feelings of great shame	0x1406b3c80	0x1416780c0	caption + complete event when event length > 1
reference	breaking-point	143	SHOCK	0x1406b31a0	0x1406b32b0	Verbally struggle against great shock	0x1406b32b0	0x141676a78	caption + complete event when event length > 1
reference	breaking-point	144	SORROW	0x1406b31a0	0x1406b3fa9				native default: no caption emitted
reference	breaking-point	145	SPITE	0x1406b31a0	0x1406b3fa9				native default: no caption emitted
reference	breaking-point	146	SUFFERING	0x1406b31a0	0x1406b3fa9				native default: no caption emitted
reference	breaking-point	147	SURPRISE	0x1406b31a0	0x1406b3fa9				native default: no caption emitted
reference	breaking-point	148	SUSPICION	0x1406b31a0	0x1406b3240	State feelings of great suspicion	0x1406b3240	0x141676aa0	caption + complete event when event length > 1
reference	breaking-point	149	SYMPATHY	0x1406b31a0	0x1406b3c8c	State feelings of great sympathy	0x1406b3c8c	0x1416780e0	caption + complete event when event length > 1
reference	breaking-point	150	TENDERNESS	0x1406b31a0	0x1406b3c98	State feelings of great tenderness	0x1406b3c98	0x141678070	caption + complete event when event length > 1
reference	breaking-point	151	TENSENESS	0x1406b31a0	0x1406b3fa9				native default: no caption emitted
reference	breaking-point	152	TERROR	0x1406b31a0	0x1406b3574	Verbally struggle against great terror	0x1406b3574	0x1416774e8	caption + complete event when event length > 1
reference	breaking-point	153	THRILL	0x1406b31a0	0x1406b3dc4	State feelings, greatly thrilled	0x1406b3dc4	0x141677d30	caption + complete event when event length > 1
reference	breaking-point	154	TORMENT	0x1406b31a0	0x1406b3fa9				native default: no caption emitted
reference	breaking-point	155	TRIUMPH	0x1406b31a0	0x1406b33dc	State feelings of great triumph	0x1406b33dc	0x1416769c8	caption + complete event when event length > 1
reference	breaking-point	156	UNEASINESS	0x1406b31a0	0x1406b3ca4	State feelings of great uneasiness	0x1406b3ca4	0x141678098	caption + complete event when event length > 1
reference	breaking-point	157	UNHAPPINESS	0x1406b31a0	0x1406b3cb0	State feelings of great unhappiness	0x1406b3cb0	0x141678028	caption + complete event when event length > 1
reference	breaking-point	158	VENGEFULNESS	0x1406b31a0	0x1406b3568	State feelings of great vengefulness	0x1406b3568	0x1416774c0	caption + complete event when event length > 1
reference	breaking-point	159	WOE	0x1406b31a0	0x1406b3fa9				native default: no caption emitted
reference	breaking-point	160	WONDER	0x1406b31a0	0x1406b3cbc	State feelings of great wonder	0x1406b3cbc	0x141678050	caption + complete event when event length > 1
reference	breaking-point	161	WORRY	0x1406b31a0	0x1406b3cc8	State feelings of great worry	0x1406b3cc8	0x141677fe8	caption + complete event when event length > 1
reference	breaking-point	162	WRATH	0x1406b31a0	0x1406b3cd4	State feelings of great wrath	0x1406b3cd4	0x141678008	caption + complete event when event length > 1
reference	breaking-point	163	ZEAL	0x1406b31a0	0x1406b3ce0	State feelings of great zeal	0x1406b3ce0	0x141677fa0	caption + complete event when event length > 1
reference	breaking-point	164	ZEST	0x1406b31a0	0x1406b3fa9				native default: no caption emitted
reference	breaking-point	165	INSTINCTUAL_HUNT	0x1406b31a0	0x1406b3fa9				native default: no caption emitted
reference	breaking-point	166	BOGEYMAN_TAUNT	0x1406b31a0	0x1406b3fa9				native default: no caption emitted
reference	breaking-point	167	RESTLESS	0x1406b31a0	0x1406b3c50	State feelings of great restlessness	0x1406b3c50	0x141678158	caption + complete event when event length > 1
reference	breaking-point	168	ADMIRATION	0x1406b31a0	0x1406b3968	State feelings of great admiration	0x1406b3968	0x1416777a0	caption + complete event when event length > 1
reference	breaking-point	out-of-range	NONE_OR_INVALID	0x1406b31a0	0x1406b3fa9				native default: no caption emitted
reference	major	0	ACCEPTANCE	0x1406b4290	0x1406b4a4c	State feelings of acceptance	0x1406b4a4c	0x141678948	caption + complete event when event length > 1
reference	major	1	ADORATION	0x1406b4290	0x1406b4ddc	State feelings of adoration	0x1406b4ddc	0x141678bd8	caption + complete event when event length > 1
reference	major	2	AFFECTION	0x1406b4290	0x1406b4de8	State feelings of affection	0x1406b4de8	0x141678bf8	caption + complete event when event length > 1
reference	major	3	AGITATION	0x1406b4290	0x1406b4a64	State feelings of agitation	0x1406b4a64	0x141678908	caption + complete event when event length > 1
reference	major	4	AGGRAVATION	0x1406b4290	0x1406b4a70	State feelings of aggravation	0x1406b4a70	0x141678928	caption + complete event when event length > 1
reference	major	5	AGONY	0x1406b4290	0x1406b46c8	Verbally struggle against agony	0x1406b46c8	0x1416786b8	caption + complete event when event length > 1
reference	major	6	ALARM	0x1406b4290	0x1406b433c	Verbally struggle against alarm	0x1406b433c	0x141677b78	caption + complete event when event length > 1
reference	major	7	ALIENATION	0x1406b4290	0x1406b4a7c	State feelings of alienation	0x1406b4a7c	0x1416788c8	caption + complete event when event length > 1
reference	major	8	AMAZEMENT	0x1406b4290	0x1406b4a88	State feelings of amazement	0x1406b4a88	0x1416788e8	caption + complete event when event length > 1
reference	major	9	AMBIVALENCE	0x1406b4290	0x1406b4a94	State feelings of ambivalence	0x1406b4a94	0x141678890	caption + complete event when event length > 1
reference	major	10	AMUSEMENT	0x1406b4290	0x1406b4df4	State feelings of amusement	0x1406b4df4	0x141678b98	caption + complete event when event length > 1
reference	major	11	ANGER	0x1406b4290	0x1406b4aa0	State feelings of anger	0x1406b4aa0	0x1416788b0	caption + complete event when event length > 1
reference	major	12	ANGST	0x1406b4290	0x1406b4ec0	Verbally struggle against existential crisis	0x1406b4ec0	0x141678dc8	caption + complete event when event length > 1
reference	major	13	ANGUISH	0x1406b4290	0x1406b472c	Verbally struggle against anguish	0x1406b472c	0x141678640	caption + complete event when event length > 1
reference	major	14	ANNOYANCE	0x1406b4290	0x1406b4aac	State feelings of annoyance	0x1406b4aac	0x141678850	caption + complete event when event length > 1
reference	major	15	ANTICIPATION	0x1406b4290	0x1406b5099				native default: no caption emitted
reference	major	16	ANXIETY	0x1406b4290	0x1406b4ab8	State feelings of anxiety	0x1406b4ab8	0x141678870	caption + complete event when event length > 1
reference	major	17	APATHY	0x1406b4290	0x1406b4ac4	State feelings of apathy	0x1406b4ac4	0x141678810	caption + complete event when event length > 1
reference	major	18	APPREHENSION	0x1406b4290	0x1406b5099				native default: no caption emitted
reference	major	19	AROUSAL	0x1406b4290	0x1406b4ad0	State feelings of arousal	0x1406b4ad0	0x141678830	caption + complete event when event length > 1
reference	major	20	ASTONISHMENT	0x1406b4290	0x1406b4adc	State feelings of astonishment	0x1406b4adc	0x1416783c8	caption + complete event when event length > 1
reference	major	21	ATTRACTION	0x1406b4290	0x1406b5099				native default: no caption emitted
reference	major	22	AVERSION	0x1406b4290	0x1406b4ae8	State feelings of aversion	0x1406b4ae8	0x1416783e8	caption + complete event when event length > 1
reference	major	23	AWE	0x1406b4290	0x1406b4af4	State feelings of awe	0x1406b4af4	0x141678390	caption + complete event when event length > 1
reference	major	24	BITTERNESS	0x1406b4290	0x1406b4b00	State feelings of bitterness	0x1406b4b00	0x1416783a8	caption + complete event when event length > 1
reference	major	25	BLISS	0x1406b4290	0x1406b4628	State feelings of bliss	0x1406b4628	0x141678768	caption + complete event when event length > 1
reference	major	26	BOREDOM	0x1406b4290	0x1406b4b0c	State feelings of boredom	0x1406b4b0c	0x141678350	caption + complete event when event length > 1
reference	major	27	CARING	0x1406b4290	0x1406b4b18	State feelings of caring	0x1406b4b18	0x141678370	caption + complete event when event length > 1
reference	major	28	CHEERFULNESS	0x1406b4290	0x1406b5099				native default: no caption emitted
reference	major	29	CONFUSION	0x1406b4290	0x1406b4b24	State feelings of confusion	0x1406b4b24	0x141678310	caption + complete event when event length > 1
reference	major	30	CONTEMPT	0x1406b4290	0x1406b4b30	State feelings of contempt	0x1406b4b30	0x141678330	caption + complete event when event length > 1
reference	major	31	CONTENTMENT	0x1406b4290	0x1406b4e00	State feelings of contentment	0x1406b4e00	0x141678bb8	caption + complete event when event length > 1
reference	major	32	COURAGE	0x1406b4290	0x1406b5099				native default: no caption emitted
reference	major	33	CURIOSITY	0x1406b4290	0x1406b5099				native default: no caption emitted
reference	major	34	DEFEAT	0x1406b4290	0x1406b4f24	Verbally struggle, defeated	0x1406b4f24	0x141678d68	caption + complete event when event length > 1
reference	major	35	DEJECTION	0x1406b4290	0x1406b4b3c	State feelings of dejection	0x1406b4b3c	0x1416782c8	caption + complete event when event length > 1
reference	major	36	DELIGHT	0x1406b4290	0x1406b4e0c	State feelings of delight	0x1406b4e0c	0x141678b58	caption + complete event when event length > 1
reference	major	37	DEPRESSION	0x1406b4290	0x1406b5099				native default: no caption emitted
reference	major	38	DESIRE	0x1406b4290	0x1406b5099				native default: no caption emitted
reference	major	39	DESPAIR	0x1406b4290	0x1406b4790	Verbally struggle against despair	0x1406b4790	0x141678668	caption + complete event when event length > 1
reference	major	40	DISAPPOINTMENT	0x1406b4290	0x1406b4b48	State feelings of disappointment	0x1406b4b48	0x1416782e8	caption + complete event when event length > 1
reference	major	41	DISGUST	0x1406b4290	0x1406b4b54	State feelings of disgust	0x1406b4b54	0x141678280	caption + complete event when event length > 1
reference	major	42	DISILLUSIONED	0x1406b4290	0x1406b4b60	State feelings of disillusionment	0x1406b4b60	0x1416782a0	caption + complete event when event length > 1
reference	major	43	DISLIKE	0x1406b4290	0x1406b4b6c	State feelings of dislike	0x1406b4b6c	0x141678240	caption + complete event when event length > 1
reference	major	44	DISMAY	0x1406b4290	0x1406b47f4	Verbally struggle against dismay	0x1406b47f4	0x1416785f0	caption + complete event when event length > 1
reference	major	45	DISPLEASURE	0x1406b4290	0x1406b4b78	State feelings of displeasure	0x1406b4b78	0x141678260	caption + complete event when event length > 1
reference	major	46	DISTRESS	0x1406b4290	0x1406b4858	Verbally struggle against distress	0x1406b4858	0x141678618	caption + complete event when event length > 1
reference	major	47	DOUBT	0x1406b4290	0x1406b4f94	Verbally struggle against doubt	0x1406b4f94	0x141678d28	caption + complete event when event length > 1
reference	major	48	DREAD	0x1406b4290	0x1406b5099				native default: no caption emitted
reference	major	49	EAGERNESS	0x1406b4290	0x1406b4b84	State feelings of eagerness	0x1406b4b84	0x141678200	caption + complete event when event length > 1
reference	major	50	ECSTASY	0x1406b4290	0x1406b5099				native default: no caption emitted
reference	major	51	ELATION	0x1406b4290	0x1406b4e18	State feelings of elation	0x1406b4e18	0x141678b78	caption + complete event when event length > 1
reference	major	52	EMBARRASSMENT	0x1406b4290	0x1406b4b90	State feelings of embarassment	0x1406b4b90	0x141678220	caption + complete event when event length > 1
reference	major	53	EMPATHY	0x1406b4290	0x1406b4b9c	State feelings of empathy	0x1406b4b9c	0x1416785b0	caption + complete event when event length > 1
reference	major	54	EMPTINESS	0x1406b4290	0x1406b4ba8	State feelings of emptiness	0x1406b4ba8	0x1416785d0	caption + complete event when event length > 1
reference	major	55	ENJOYMENT	0x1406b4290	0x1406b4e24	State feelings of enjoyment	0x1406b4e24	0x141678b18	caption + complete event when event length > 1
reference	major	56	ENTHRALLMENT	0x1406b4290	0x1406b5099				native default: no caption emitted
reference	major	57	ENTHUSIASM	0x1406b4290	0x1406b4ff8	State feelings of enthusiasm	0x1406b4ff8	0x141678d48	caption + complete event when event length > 1
reference	major	58	ENVY	0x1406b4290	0x1406b5099				native default: no caption emitted
reference	major	59	EUPHORIA	0x1406b4290	0x1406b5062	State feelings of euphoria	0x1406b5062	0x141678d08	caption + complete event when event length > 1
reference	major	60	EXASPERATION	0x1406b4290	0x1406b4bb4	State feelings of exasperation	0x1406b4bb4	0x141678570	caption + complete event when event length > 1
reference	major	61	EXCITEMENT	0x1406b4290	0x1406b4634	State feelings of excitement	0x1406b4634	0x141678710	caption + complete event when event length > 1
reference	major	62	EXHILARATION	0x1406b4290	0x1406b4e30	State feelings of exhilaration	0x1406b4e30	0x141678b38	caption + complete event when event length > 1
reference	major	63	EXPECTANT	0x1406b4290	0x1406b4f88	State feelings, expectant	0x1406b4f88	0x141678d88	caption + complete event when event length > 1
reference	major	64	FEAR	0x1406b4290	0x1406b4548	Verbally struggle against fear	0x1406b4548	0x1416787f0	caption + complete event when event length > 1
reference	major	65	FEROCITY	0x1406b4290	0x1406b4bc0	State feelings of ferocity	0x1406b4bc0	0x141678590	caption + complete event when event length > 1
reference	major	66	FONDNESS	0x1406b4290	0x1406b4e3c	State feelings of fondness	0x1406b4e3c	0x141678ad8	caption + complete event when event length > 1
reference	major	67	FREE	0x1406b4290	0x1406b4e48	State feelings of freedom	0x1406b4e48	0x141678af8	caption + complete event when event length > 1
reference	major	68	FRIGHT	0x1406b4290	0x1406b48bc	Verbally struggle against fright	0x1406b48bc	0x1416789d0	caption + complete event when event length > 1
reference	major	69	FRUSTRATION	0x1406b4290	0x1406b4bcc	State feelings of frustration	0x1406b4bcc	0x141678538	caption + complete event when event length > 1
reference	major	70	FURY	0x1406b4290	0x1406b5099				native default: no caption emitted
reference	major	71	GAIETY	0x1406b4290	0x1406b4640	State feelings of gaiety	0x1406b4640	0x141678730	caption + complete event when event length > 1
reference	major	72	GLADNESS	0x1406b4290	0x1406b5099				native default: no caption emitted
reference	major	73	GLEE	0x1406b4290	0x1406b4e54	State feelings of glee	0x1406b4e54	0x141678aa0	caption + complete event when event length > 1
reference	major	74	GLOOM	0x1406b4290	0x1406b4bd8	State feelings of gloom	0x1406b4bd8	0x141678558	caption + complete event when event length > 1
reference	major	75	GLUMNESS	0x1406b4290	0x1406b4be4	State feelings of glumness	0x1406b4be4	0x1416784f8	caption + complete event when event length > 1
reference	major	76	GRATITUDE	0x1406b4290	0x1406b4bf0	State feelings of gratitude	0x1406b4bf0	0x141678518	caption + complete event when event length > 1
reference	major	77	GRATIFICATION	0x1406b4290	0x1406b5099				native default: no caption emitted
reference	major	78	GRIEF	0x1406b4290	0x1406b4468	Verbally struggle against grief	0x1406b4468	0x141677b58	caption + complete event when event length > 1
reference	major	79	GRIM_SATISFACTION	0x1406b4290	0x1406b453c	State feelings of grim satisfaction	0x1406b453c	0x1416787c8	caption + complete event when event length > 1
reference	major	80	GROUCHINESS	0x1406b4290	0x1406b4bfc	State feelings of grouchiness	0x1406b4bfc	0x1416784b8	caption + complete event when event length > 1
reference	major	81	GRUMPINESS	0x1406b4290	0x1406b4c08	State feelings of grumpiness	0x1406b4c08	0x1416784d8	caption + complete event when event length > 1
reference	major	82	GUILT	0x1406b4290	0x1406b4c14	State feelings of guilt	0x1406b4c14	0x141678480	caption + complete event when event length > 1
reference	major	83	HAPPINESS	0x1406b4290	0x1406b4e60	State feelings of happiness	0x1406b4e60	0x141678ab8	caption + complete event when event length > 1
reference	major	84	HATRED	0x1406b4290	0x1406b4c20	State feelings of hatred	0x1406b4c20	0x141678498	caption + complete event when event length > 1
reference	major	85	HOMESICKNESS	0x1406b4290	0x1406b5099				native default: no caption emitted
reference	major	86	HOPE	0x1406b4290	0x1406b4c2c	State feelings of hope	0x1406b4c2c	0x141678448	caption + complete event when event length > 1
reference	major	87	HOPELESSNESS	0x1406b4290	0x1406b4c38	State feelings of hopelessness	0x1406b4c38	0x141678460	caption + complete event when event length > 1
reference	major	88	HORROR	0x1406b4290	0x1406b4404	Verbally struggle against horror	0x1406b4404	0x141677b30	caption + complete event when event length > 1
reference	major	89	HOSTILITY	0x1406b4290	0x1406b5099				native default: no caption emitted
reference	major	90	HUMILIATION	0x1406b4290	0x1406b4c44	State feelings of humiliation	0x1406b4c44	0x141678408	caption + complete event when event length > 1
reference	major	91	HURT	0x1406b4290	0x1406b5099				native default: no caption emitted
reference	major	92	HYSTERIA	0x1406b4290	0x1406b5099				native default: no caption emitted
reference	major	93	INFATUATED	0x1406b4290	0x1406b5099				native default: no caption emitted
reference	major	94	INSECURITY	0x1406b4290	0x1406b5099				native default: no caption emitted
reference	major	95	INSULT	0x1406b4290	0x1406b4c50	State feelings of insult	0x1406b4c50	0x141678428	caption + complete event when event length > 1
reference	major	96	INTEREST	0x1406b4290	0x1406b4c5c	State feelings of interest	0x1406b4c5c	0x141678fe0	caption + complete event when event length > 1
reference	major	97	IRRITATION	0x1406b4290	0x1406b4c68	State feelings of irritation	0x1406b4c68	0x141679000	caption + complete event when event length > 1
reference	major	98	ISOLATION	0x1406b4290	0x1406b4c74	State feelings of isolation	0x1406b4c74	0x141678fa0	caption + complete event when event length > 1
reference	major	99	JEALOUSY	0x1406b4290	0x1406b5099				native default: no caption emitted
reference	major	100	JOLLINESS	0x1406b4290	0x1406b4e6c	State feelings of jolliness	0x1406b4e6c	0x141678a60	caption + complete event when event length > 1
reference	major	101	JOVIALITY	0x1406b4290	0x1406b4e78	State feelings of joviality	0x1406b4e78	0x141678a80	caption + complete event when event length > 1
reference	major	102	JOY	0x1406b4290	0x1406b464c	State feelings of joy	0x1406b464c	0x1416786d8	caption + complete event when event length > 1
reference	major	103	JUBILATION	0x1406b4290	0x1406b4e84	State feelings of jubilation	0x1406b4e84	0x141678a20	caption + complete event when event length > 1
reference	major	104	LOATHING	0x1406b4290	0x1406b4c80	State feelings of loathing	0x1406b4c80	0x141678fc0	caption + complete event when event length > 1
reference	major	105	LONELINESS	0x1406b4290	0x1406b4c8c	State feelings of loneliness	0x1406b4c8c	0x141678f68	caption + complete event when event length > 1
reference	major	106	LONGING	0x1406b4290	0x1406b5099				native default: no caption emitted
reference	major	107	LOVE	0x1406b4290	0x1406b461c	State feelings of love	0x1406b461c	0x141678750	caption + complete event when event length > 1
reference	major	108	LOVESICKNESS	0x1406b4290	0x1406b5099				native default: no caption emitted
reference	major	109	LUST	0x1406b4290	0x1406b4c98	State feelings of lust	0x1406b4c98	0x141678f88	caption + complete event when event length > 1
reference	major	110	MELANCHOLY	0x1406b4290	0x1406b5099				native default: no caption emitted
reference	major	111	MISERY	0x1406b4290	0x1406b4920	Verbally struggle against misery	0x1406b4920	0x1416789f8	caption + complete event when event length > 1
reference	major	112	MORTIFICATION	0x1406b4290	0x1406b4984	Verbally struggle against mortification	0x1406b4984	0x141678988	caption + complete event when event length > 1
reference	major	113	NEGLECT	0x1406b4290	0x1406b5099				native default: no caption emitted
reference	major	114	NERVOUSNESS	0x1406b4290	0x1406b4ca4	State feelings of nervousness	0x1406b4ca4	0x141678f28	caption + complete event when event length > 1
reference	major	115	NOSTALGIA	0x1406b4290	0x1406b4cb0	State feelings of nostalgia	0x1406b4cb0	0x141678f48	caption + complete event when event length > 1
reference	major	116	OPTIMISM	0x1406b4290	0x1406b4cbc	State feelings of optimism	0x1406b4cbc	0x141678ee8	caption + complete event when event length > 1
reference	major	117	OUTRAGE	0x1406b4290	0x1406b4cc8	State feelings of outrage	0x1406b4cc8	0x141678f08	caption + complete event when event length > 1
reference	major	118	PANIC	0x1406b4290	0x1406b4cd4	State feelings of panic	0x1406b4cd4	0x141678eb0	caption + complete event when event length > 1
reference	major	119	PATIENCE	0x1406b4290	0x1406b4ce0	State feelings of patience	0x1406b4ce0	0x141678ec8	caption + complete event when event length > 1
reference	major	120	PASSION	0x1406b4290	0x1406b4cec	State feelings of passion	0x1406b4cec	0x141678e70	caption + complete event when event length > 1
reference	major	121	PESSIMISM	0x1406b4290	0x1406b5001	Verbally struggle against pessimism	0x1406b5001	0x141678ce0	caption + complete event when event length > 1
reference	major	122	PITY	0x1406b4290	0x1406b5099				native default: no caption emitted
reference	major	123	PLEASURE	0x1406b4290	0x1406b4e90	State feelings of pleasure	0x1406b4e90	0x141678a40	caption + complete event when event length > 1
reference	major	124	PRIDE	0x1406b4290	0x1406b4e9c	State feelings of pride	0x1406b4e9c	0x141678df8	caption + complete event when event length > 1
reference	major	125	RAGE	0x1406b4290	0x1406b44d8	Verbally struggle against rage	0x1406b44d8	0x141677b10	caption + complete event when event length > 1
reference	major	126	RAPTURE	0x1406b4290	0x1406b4ea8	State feelings, enraptured	0x1406b4ea8	0x141678e10	caption + complete event when event length > 1
reference	major	127	REJECTION	0x1406b4290	0x1406b4cf8	State feelings of rejection	0x1406b4cf8	0x141678e90	caption + complete event when event length > 1
reference	major	128	RELIEF	0x1406b4290	0x1406b4d04	State feelings of relief	0x1406b4d04	0x141678e30	caption + complete event when event length > 1
reference	major	129	REGRET	0x1406b4290	0x1406b4d10	State feelings of regret	0x1406b4d10	0x141678e50	caption + complete event when event length > 1
reference	major	130	REMORSE	0x1406b4290	0x1406b4d1c	State feelings of remorse	0x1406b4d1c	0x1416791c8	caption + complete event when event length > 1
reference	major	131	REPENTANCE	0x1406b4290	0x1406b4d28	State feelings of repentance	0x1406b4d28	0x1416791e8	caption + complete event when event length > 1
reference	major	132	RESENTMENT	0x1406b4290	0x1406b4d34	State feelings of resentment	0x1406b4d34	0x141679188	caption + complete event when event length > 1
reference	major	133	REVULSION	0x1406b4290	0x1406b5099				native default: no caption emitted
reference	major	134	RIGHTEOUS_INDIGNATION	0x1406b4290	0x1406b4d4c	State feelings of righteous indignation	0x1406b4d4c	0x141679140	caption + complete event when event length > 1
reference	major	135	SADNESS	0x1406b4290	0x1406b45ac	Verbally struggle against sadness	0x1406b45ac	0x141678780	caption + complete event when event length > 1
reference	major	136	SATISFACTION	0x1406b4290	0x1406b4610	State feelings of satisfaction	0x1406b4610	0x1416787a8	caption + complete event when event length > 1
reference	major	137	SCORN	0x1406b4290	0x1406b5099				native default: no caption emitted
reference	major	138	SELF_PITY	0x1406b4290	0x1406b4d58	State feelings of self-pity	0x1406b4d58	0x141679168	caption + complete event when event length > 1
reference	major	139	SENTIMENTAL	0x1406b4290	0x1406b5099				native default: no caption emitted
reference	major	140	SERVILE	0x1406b4290	0x1406b4d64	State feelings of servility	0x1406b4d64	0x141679108	caption + complete event when event length > 1
reference	major	141	SHAKEN	0x1406b4290	0x1406b49e8	Verbally struggle, shaken	0x1406b49e8	0x1416789b0	caption + complete event when event length > 1
reference	major	142	SHAME	0x1406b4290	0x1406b4d70	State feelings of shame	0x1406b4d70	0x141679128	caption + complete event when event length > 1
reference	major	143	SHOCK	0x1406b4290	0x1406b43a0	Verbally struggle against shock	0x1406b43a0	0x141677b98	caption + complete event when event length > 1
reference	major	144	SORROW	0x1406b4290	0x1406b5099				native default: no caption emitted
reference	major	145	SPITE	0x1406b4290	0x1406b5099				native default: no caption emitted
reference	major	146	SUFFERING	0x1406b4290	0x1406b5099				native default: no caption emitted
reference	major	147	SURPRISE	0x1406b4290	0x1406b5099				native default: no caption emitted
reference	major	148	SUSPICION	0x1406b4290	0x1406b4330	State feelings of suspicion	0x1406b4330	0x141677be0	caption + complete event when event length > 1
reference	major	149	SYMPATHY	0x1406b4290	0x1406b4d7c	State feelings of sympathy	0x1406b4d7c	0x1416790c8	caption + complete event when event length > 1
reference	major	150	TENDERNESS	0x1406b4290	0x1406b4d88	State feelings of tenderness	0x1406b4d88	0x1416790e8	caption + complete event when event length > 1
reference	major	151	TENSENESS	0x1406b4290	0x1406b5099				native default: no caption emitted
reference	major	152	TERROR	0x1406b4290	0x1406b4664	Verbally struggle against terror	0x1406b4664	0x141678690	caption + complete event when event length > 1
reference	major	153	THRILL	0x1406b4290	0x1406b4eb4	State feelings, thrilled	0x1406b4eb4	0x141678da8	caption + complete event when event length > 1
reference	major	154	TORMENT	0x1406b4290	0x1406b5099				native default: no caption emitted
reference	major	155	TRIUMPH	0x1406b4290	0x1406b44cc	State feelings of triumph	0x1406b44cc	0x141677af0	caption + complete event when event length > 1
reference	major	156	UNEASINESS	0x1406b4290	0x1406b4d94	State feelings of uneasiness	0x1406b4d94	0x141679088	caption + complete event when event length > 1
reference	major	157	UNHAPPINESS	0x1406b4290	0x1406b4da0	State feelings of unhappiness	0x1406b4da0	0x1416790a8	caption + complete event when event length > 1
reference	major	158	VENGEFULNESS	0x1406b4290	0x1406b4658	State feelings of vengefulness	0x1406b4658	0x1416786f0	caption + complete event when event length > 1
reference	major	159	WOE	0x1406b4290	0x1406b5099				native default: no caption emitted
reference	major	160	WONDER	0x1406b4290	0x1406b4dac	State feelings of wonder	0x1406b4dac	0x141679050	caption + complete event when event length > 1
reference	major	161	WORRY	0x1406b4290	0x1406b4db8	State feelings of worry	0x1406b4db8	0x141679070	caption + complete event when event length > 1
reference	major	162	WRATH	0x1406b4290	0x1406b4dc4	State feelings of wrath	0x1406b4dc4	0x141679020	caption + complete event when event length > 1
reference	major	163	ZEAL	0x1406b4290	0x1406b4dd0	State feelings of zeal	0x1406b4dd0	0x141679038	caption + complete event when event length > 1
reference	major	164	ZEST	0x1406b4290	0x1406b5099				native default: no caption emitted
reference	major	165	INSTINCTUAL_HUNT	0x1406b4290	0x1406b5099				native default: no caption emitted
reference	major	166	BOGEYMAN_TAUNT	0x1406b4290	0x1406b5099				native default: no caption emitted
reference	major	167	RESTLESS	0x1406b4290	0x1406b4d40	State feelings of restlessness	0x1406b4d40	0x1416791a8	caption + complete event when event length > 1
reference	major	168	ADMIRATION	0x1406b4290	0x1406b4a58	State feelings of admiration	0x1406b4a58	0x141678968	caption + complete event when event length > 1
reference	major	out-of-range	NONE_OR_INVALID	0x1406b4290	0x1406b5099				native default: no caption emitted
reference	minor	0	ACCEPTANCE	0x1406b5380	0x1406b5b3c	State minor feeling of acceptance	0x1406b5b3c	0x141679a70	caption + complete event when event length > 1
reference	minor	1	ADORATION	0x1406b5380	0x1406b5ecc	State minor feeling of adoration	0x1406b5ecc	0x141679d50	caption + complete event when event length > 1
reference	minor	2	AFFECTION	0x1406b5380	0x1406b5ed8	State minor feeling of affection	0x1406b5ed8	0x141679ce0	caption + complete event when event length > 1
reference	minor	3	AGITATION	0x1406b5380	0x1406b5b54	State minor feeling of agitation	0x1406b5b54	0x141679a20	caption + complete event when event length > 1
reference	minor	4	AGGRAVATION	0x1406b5380	0x1406b5b60	State minor feeling of aggravation	0x1406b5b60	0x1416799a8	caption + complete event when event length > 1
reference	minor	5	AGONY	0x1406b5380	0x1406b57b8	Dismiss minor feeling of agony	0x1406b57b8	0x1416796d8	caption + complete event when event length > 1
reference	minor	6	ALARM	0x1406b5380	0x1406b542c	Dismiss minor feeling of alarm	0x1406b542c	0x141678cc0	caption + complete event when event length > 1
reference	minor	7	ALIENATION	0x1406b5380	0x1406b5b6c	State minor feeling of alienation	0x1406b5b6c	0x1416799d0	caption + complete event when event length > 1
reference	minor	8	AMAZEMENT	0x1406b5380	0x1406b5b78	State minor feeling of amazement	0x1406b5b78	0x141679958	caption + complete event when event length > 1
reference	minor	9	AMBIVALENCE	0x1406b5380	0x1406b5b84	State minor feeling of ambivalence	0x1406b5b84	0x141679980	caption + complete event when event length > 1
reference	minor	10	AMUSEMENT	0x1406b5380	0x1406b5ee4	State minor feeling of amusement	0x1406b5ee4	0x141679d08	caption + complete event when event length > 1
reference	minor	11	ANGER	0x1406b5380	0x1406b5b90	State minor feeling of anger	0x1406b5b90	0x141679910	caption + complete event when event length > 1
reference	minor	12	ANGST	0x1406b5380	0x1406b5fb0	Dismiss minor existential crisis	0x1406b5fb0	0x141679ec8	caption + complete event when event length > 1
reference	minor	13	ANGUISH	0x1406b5380	0x1406b581c	Dismiss minor feeling of anguish	0x1406b581c	0x1416796f8	caption + complete event when event length > 1
reference	minor	14	ANNOYANCE	0x1406b5380	0x1406b5b9c	State minor feeling of annoyance	0x1406b5b9c	0x141679930	caption + complete event when event length > 1
reference	minor	15	ANTICIPATION	0x1406b5380	0x1406b6189				native default: no caption emitted
reference	minor	16	ANXIETY	0x1406b5380	0x1406b5ba8	State minor feeling of anxiety	0x1406b5ba8	0x1416798d0	caption + complete event when event length > 1
reference	minor	17	APATHY	0x1406b5380	0x1406b5bb4	State minor feeling of apathy	0x1406b5bb4	0x1416798f0	caption + complete event when event length > 1
reference	minor	18	APPREHENSION	0x1406b5380	0x1406b6189				native default: no caption emitted
reference	minor	19	AROUSAL	0x1406b5380	0x1406b5bc0	State minor feeling of arousal	0x1406b5bc0	0x141679400	caption + complete event when event length > 1
reference	minor	20	ASTONISHMENT	0x1406b5380	0x1406b5bcc	State minor feeling of astonishment	0x1406b5bcc	0x141679420	caption + complete event when event length > 1
reference	minor	21	ATTRACTION	0x1406b5380	0x1406b6189				native default: no caption emitted
reference	minor	22	AVERSION	0x1406b5380	0x1406b5bd8	State minor feeling of aversion	0x1406b5bd8	0x1416793c0	caption + complete event when event length > 1
reference	minor	23	AWE	0x1406b5380	0x1406b5be4	State minor feeling of awe	0x1406b5be4	0x1416793e0	caption + complete event when event length > 1
reference	minor	24	BITTERNESS	0x1406b5380	0x1406b5bf0	State minor feeling of bitterness	0x1406b5bf0	0x141679378	caption + complete event when event length > 1
reference	minor	25	BLISS	0x1406b5380	0x1406b5718	State minor feeling of bliss	0x1406b5718	0x1416797a8	caption + complete event when event length > 1
reference	minor	26	BOREDOM	0x1406b5380	0x1406b5bfc	State minor feeling of boredom	0x1406b5bfc	0x1416793a0	caption + complete event when event length > 1
reference	minor	27	CARING	0x1406b5380	0x1406b5c08	State minor feeling of caring	0x1406b5c08	0x141679330	caption + complete event when event length > 1
reference	minor	28	CHEERFULNESS	0x1406b5380	0x1406b6189				native default: no caption emitted
reference	minor	29	CONFUSION	0x1406b5380	0x1406b5c14	State minor feeling of confusion	0x1406b5c14	0x141679350	caption + complete event when event length > 1
reference	minor	30	CONTEMPT	0x1406b5380	0x1406b5c20	State minor feeling of contempt	0x1406b5c20	0x1416792e8	caption + complete event when event length > 1
reference	minor	31	CONTENTMENT	0x1406b5380	0x1406b5ef0	State minor feeling of contentment	0x1406b5ef0	0x141679c98	caption + complete event when event length > 1
reference	minor	32	COURAGE	0x1406b5380	0x1406b6189				native default: no caption emitted
reference	minor	33	CURIOSITY	0x1406b5380	0x1406b6189				native default: no caption emitted
reference	minor	34	DEFEAT	0x1406b5380	0x1406b6014	Dismiss minor feeling of defeat	0x1406b6014	0x141679ef0	caption + complete event when event length > 1
reference	minor	35	DEJECTION	0x1406b5380	0x1406b5c2c	State minor feeling of dejection	0x1406b5c2c	0x141679308	caption + complete event when event length > 1
reference	minor	36	DELIGHT	0x1406b5380	0x1406b5efc	State minor feeling of delight	0x1406b5efc	0x141679cc0	caption + complete event when event length > 1
reference	minor	37	DEPRESSION	0x1406b5380	0x1406b6189				native default: no caption emitted
reference	minor	38	DESIRE	0x1406b5380	0x1406b6189				native default: no caption emitted
reference	minor	39	DESPAIR	0x1406b5380	0x1406b5880	Dismiss minor feeling of despair	0x1406b5880	0x141679690	caption + complete event when event length > 1
reference	minor	40	DISAPPOINTMENT	0x1406b5380	0x1406b5c38	State minor feeling of disappointment	0x1406b5c38	0x1416792a0	caption + complete event when event length > 1
reference	minor	41	DISGUST	0x1406b5380	0x1406b5c44	State minor feeling of disgust	0x1406b5c44	0x1416792c8	caption + complete event when event length > 1
reference	minor	42	DISILLUSIONED	0x1406b5380	0x1406b5c50	State minor feeling of disillusionment	0x1406b5c50	0x141679258	caption + complete event when event length > 1
reference	minor	43	DISLIKE	0x1406b5380	0x1406b5c5c	State minor feeling of dislike	0x1406b5c5c	0x141679280	caption + complete event when event length > 1
reference	minor	44	DISMAY	0x1406b5380	0x1406b58e4	Dismiss minor feeling of dismay	0x1406b58e4	0x1416796b8	caption + complete event when event length > 1
reference	minor	45	DISPLEASURE	0x1406b5380	0x1406b5c68	State minor feeling of displeasure	0x1406b5c68	0x141679208	caption + complete event when event length > 1
reference	minor	46	DISTRESS	0x1406b5380	0x1406b5948	Dismiss minor feeling of distress	0x1406b5948	0x141679ae0	caption + complete event when event length > 1
reference	minor	47	DOUBT	0x1406b5380	0x1406b6084	Dismiss minor doubts	0x1406b6084	0x141679eb0	caption + complete event when event length > 1
reference	minor	48	DREAD	0x1406b5380	0x1406b6189				native default: no caption emitted
reference	minor	49	EAGERNESS	0x1406b5380	0x1406b5c74	State minor feeling of eagerness	0x1406b5c74	0x141679230	caption + complete event when event length > 1
reference	minor	50	ECSTASY	0x1406b5380	0x1406b6189				native default: no caption emitted
reference	minor	51	ELATION	0x1406b5380	0x1406b5f08	State minor feeling of elation	0x1406b5f08	0x141679c50	caption + complete event when event length > 1
reference	minor	52	EMBARRASSMENT	0x1406b5380	0x1406b5c80	State minor feeling of embarrassment	0x1406b5c80	0x141679648	caption + complete event when event length > 1
reference	minor	53	EMPATHY	0x1406b5380	0x1406b5c8c	State minor feeling of empathy	0x1406b5c8c	0x141679670	caption + complete event when event length > 1
reference	minor	54	EMPTINESS	0x1406b5380	0x1406b5c98	State minor feeling of emptiness	0x1406b5c98	0x1416795f8	caption + complete event when event length > 1
reference	minor	55	ENJOYMENT	0x1406b5380	0x1406b5f14	State minor feeling of enjoyment	0x1406b5f14	0x141679c70	caption + complete event when event length > 1
reference	minor	56	ENTHRALLMENT	0x1406b5380	0x1406b6189				native default: no caption emitted
reference	minor	57	ENTHUSIASM	0x1406b5380	0x1406b60e8	State minor feeling of enthusiasm	0x1406b60e8	0x141679e38	caption + complete event when event length > 1
reference	minor	58	ENVY	0x1406b5380	0x1406b6189				native default: no caption emitted
reference	minor	59	EUPHORIA	0x1406b5380	0x1406b6152	State minor feeling of euphoria	0x1406b6152	0x141679df8	caption + complete event when event length > 1
reference	minor	60	EXASPERATION	0x1406b5380	0x1406b5ca4	State minor feeling of exasperation	0x1406b5ca4	0x141679620	caption + complete event when event length > 1
reference	minor	61	EXCITEMENT	0x1406b5380	0x1406b5724	State minor feeling of excitement	0x1406b5724	0x1416797c8	caption + complete event when event length > 1
reference	minor	62	EXHILARATION	0x1406b5380	0x1406b5f20	State minor feeling of exhilaration	0x1406b5f20	0x141679c08	caption + complete event when event length > 1
reference	minor	63	EXPECTANT	0x1406b5380	0x1406b6078	State feelings, somewhat expectant	0x1406b6078	0x141679e88	caption + complete event when event length > 1
reference	minor	64	FEAR	0x1406b5380	0x1406b5638	Dismiss minor feeling of fear	0x1406b5638	0x141679838	caption + complete event when event length > 1
reference	minor	65	FEROCITY	0x1406b5380	0x1406b5cb0	State minor feeling of ferocity	0x1406b5cb0	0x1416795b0	caption + complete event when event length > 1
reference	minor	66	FONDNESS	0x1406b5380	0x1406b5f2c	State minor feeling of fondness	0x1406b5f2c	0x141679c30	caption + complete event when event length > 1
reference	minor	67	FREE	0x1406b5380	0x1406b5f38	State minor feeling of freedom	0x1406b5f38	0x141679bc8	caption + complete event when event length > 1
reference	minor	68	FRIGHT	0x1406b5380	0x1406b59ac	Dismiss minor feeling of fright	0x1406b59ac	0x141679b08	caption + complete event when event length > 1
reference	minor	69	FRUSTRATION	0x1406b5380	0x1406b5cbc	State minor feeling of frustration	0x1406b5cbc	0x1416795d0	caption + complete event when event length > 1
reference	minor	70	FURY	0x1406b5380	0x1406b6189				native default: no caption emitted
reference	minor	71	GAIETY	0x1406b5380	0x1406b5730	State minor feeling of gaiety	0x1406b5730	0x141679768	caption + complete event when event length > 1
reference	minor	72	GLADNESS	0x1406b5380	0x1406b6189				native default: no caption emitted
reference	minor	73	GLEE	0x1406b5380	0x1406b5f44	State minor feeling of glee	0x1406b5f44	0x141679be8	caption + complete event when event length > 1
reference	minor	74	GLOOM	0x1406b5380	0x1406b5cc8	State minor feeling of gloom	0x1406b5cc8	0x141679570	caption + complete event when event length > 1
reference	minor	75	GLUMNESS	0x1406b5380	0x1406b5cd4	State minor feeling of glumness	0x1406b5cd4	0x141679590	caption + complete event when event length > 1
reference	minor	76	GRATITUDE	0x1406b5380	0x1406b5ce0	State minor feeling of gratitude	0x1406b5ce0	0x141679520	caption + complete event when event length > 1
reference	minor	77	GRATIFICATION	0x1406b5380	0x1406b6189				native default: no caption emitted
reference	minor	78	GRIEF	0x1406b5380	0x1406b5558	Dismiss minor feeling of grief	0x1406b5558	0x141678c18	caption + complete event when event length > 1
reference	minor	79	GRIM_SATISFACTION	0x1406b5380	0x1406b562c	State minor feeling of grim satisfaction	0x1406b562c	0x1416798a0	caption + complete event when event length > 1
reference	minor	80	GROUCHINESS	0x1406b5380	0x1406b5cec	State minor feeling of grouchiness	0x1406b5cec	0x141679548	caption + complete event when event length > 1
reference	minor	81	GRUMPINESS	0x1406b5380	0x1406b5cf8	State minor feeling of grumpiness	0x1406b5cf8	0x1416794d8	caption + complete event when event length > 1
reference	minor	82	GUILT	0x1406b5380	0x1406b5d04	State minor feeling of guilt	0x1406b5d04	0x141679500	caption + complete event when event length > 1
reference	minor	83	HAPPINESS	0x1406b5380	0x1406b5f50	State minor feeling of happiness	0x1406b5f50	0x141679b78	caption + complete event when event length > 1
reference	minor	84	HATRED	0x1406b5380	0x1406b5d10	State minor feeling of hatred	0x1406b5d10	0x141679498	caption + complete event when event length > 1
reference	minor	85	HOMESICKNESS	0x1406b5380	0x1406b6189				native default: no caption emitted
reference	minor	86	HOPE	0x1406b5380	0x1406b5d1c	State minor feeling of hope	0x1406b5d1c	0x1416794b8	caption + complete event when event length > 1
reference	minor	87	HOPELESSNESS	0x1406b5380	0x1406b5d28	State minor feeling of hopelessness	0x1406b5d28	0x141679448	caption + complete event when event length > 1
reference	minor	88	HORROR	0x1406b5380	0x1406b54f4	Dismiss minor feeling of horror	0x1406b54f4	0x141678c78	caption + complete event when event length > 1
reference	minor	89	HOSTILITY	0x1406b5380	0x1406b6189				native default: no caption emitted
reference	minor	90	HUMILIATION	0x1406b5380	0x1406b5d34	State minor feeling of humiliation	0x1406b5d34	0x141679470	caption + complete event when event length > 1
reference	minor	91	HURT	0x1406b5380	0x1406b6189				native default: no caption emitted
reference	minor	92	HYSTERIA	0x1406b5380	0x1406b6189				native default: no caption emitted
reference	minor	93	INFATUATED	0x1406b5380	0x1406b6189				native default: no caption emitted
reference	minor	94	INSECURITY	0x1406b5380	0x1406b6189				native default: no caption emitted
reference	minor	95	INSULT	0x1406b5380	0x1406b5d40	State minor feeling of insult	0x1406b5d40	0x14167a190	caption + complete event when event length > 1
reference	minor	96	INTEREST	0x1406b5380	0x1406b5d4c	State minor feeling of interest	0x1406b5d4c	0x14167a1b0	caption + complete event when event length > 1
reference	minor	97	IRRITATION	0x1406b5380	0x1406b5d58	State minor feeling of irritation	0x1406b5d58	0x14167a140	caption + complete event when event length > 1
reference	minor	98	ISOLATION	0x1406b5380	0x1406b5d64	State minor feeling of isolation	0x1406b5d64	0x14167a168	caption + complete event when event length > 1
reference	minor	99	JEALOUSY	0x1406b5380	0x1406b6189				native default: no caption emitted
reference	minor	100	JOLLINESS	0x1406b5380	0x1406b5f5c	State minor feeling of jolliness	0x1406b5f5c	0x141679ba0	caption + complete event when event length > 1
reference	minor	101	JOVIALITY	0x1406b5380	0x1406b5f68	State minor feeling of joviality	0x1406b5f68	0x141679b28	caption + complete event when event length > 1
reference	minor	102	JOY	0x1406b5380	0x1406b573c	State minor feeling of joy	0x1406b573c	0x141679788	caption + complete event when event length > 1
reference	minor	103	JUBILATION	0x1406b5380	0x1406b5f74	State minor feeling of jubilation	0x1406b5f74	0x141679b50	caption + complete event when event length > 1
reference	minor	104	LOATHING	0x1406b5380	0x1406b5d70	State minor feeling of loathing	0x1406b5d70	0x14167a0f8	caption + complete event when event length > 1
reference	minor	105	LONELINESS	0x1406b5380	0x1406b5d7c	State minor feeling of loneliness	0x1406b5d7c	0x14167a118	caption + complete event when event length > 1
reference	minor	106	LONGING	0x1406b5380	0x1406b6189				native default: no caption emitted
reference	minor	107	LOVE	0x1406b5380	0x1406b570c	State minor feeling of love	0x1406b570c	0x141679818	caption + complete event when event length > 1
reference	minor	108	LOVESICKNESS	0x1406b5380	0x1406b6189				native default: no caption emitted
reference	minor	109	LUST	0x1406b5380	0x1406b5d88	State minor feeling of lust	0x1406b5d88	0x14167a0b0	caption + complete event when event length > 1
reference	minor	110	MELANCHOLY	0x1406b5380	0x1406b6189				native default: no caption emitted
reference	minor	111	MISERY	0x1406b5380	0x1406b5a10	Dismiss minor feeling of misery	0x1406b5a10	0x141679a98	caption + complete event when event length > 1
reference	minor	112	MORTIFICATION	0x1406b5380	0x1406b5a74	Dismiss minor feeling of mortification	0x1406b5a74	0x141679ab8	caption + complete event when event length > 1
reference	minor	113	NEGLECT	0x1406b5380	0x1406b6189				native default: no caption emitted
reference	minor	114	NERVOUSNESS	0x1406b5380	0x1406b5d94	State minor feeling of nervousness	0x1406b5d94	0x14167a0d0	caption + complete event when event length > 1
reference	minor	115	NOSTALGIA	0x1406b5380	0x1406b5da0	State minor feeling of nostalgia	0x1406b5da0	0x14167a068	caption + complete event when event length > 1
reference	minor	116	OPTIMISM	0x1406b5380	0x1406b5dac	State minor feeling of optimism	0x1406b5dac	0x14167a090	caption + complete event when event length > 1
reference	minor	117	OUTRAGE	0x1406b5380	0x1406b5db8	State minor feeling of outrage	0x1406b5db8	0x14167a028	caption + complete event when event length > 1
reference	minor	118	PANIC	0x1406b5380	0x1406b5dc4	State minor feeling of panic	0x1406b5dc4	0x14167a048	caption + complete event when event length > 1
reference	minor	119	PATIENCE	0x1406b5380	0x1406b5dd0	State minor feeling of patience	0x1406b5dd0	0x141679fe8	caption + complete event when event length > 1
reference	minor	120	PASSION	0x1406b5380	0x1406b5ddc	State minor feeling of passion	0x1406b5ddc	0x14167a008	caption + complete event when event length > 1
reference	minor	121	PESSIMISM	0x1406b5380	0x1406b60f1	Dismiss minor feeling of pessimism	0x1406b60f1	0x141679e60	caption + complete event when event length > 1
reference	minor	122	PITY	0x1406b5380	0x1406b6189				native default: no caption emitted
reference	minor	123	PLEASURE	0x1406b5380	0x1406b5f80	State minor feeling of pleasure	0x1406b5f80	0x141679f60	caption + complete event when event length > 1
reference	minor	124	PRIDE	0x1406b5380	0x1406b5f8c	State minor feeling of pride	0x1406b5f8c	0x141679f80	caption + complete event when event length > 1
reference	minor	125	RAGE	0x1406b5380	0x1406b55c8	Dismiss minor feeling of rage	0x1406b55c8	0x141679880	caption + complete event when event length > 1
reference	minor	126	RAPTURE	0x1406b5380	0x1406b5f98	State feelings, somewhat enraptured	0x1406b5f98	0x141679f10	caption + complete event when event length > 1
reference	minor	127	REJECTION	0x1406b5380	0x1406b5de8	State minor feeling of rejection	0x1406b5de8	0x141679fa0	caption + complete event when event length > 1
reference	minor	128	RELIEF	0x1406b5380	0x1406b5df4	State minor feeling of relief	0x1406b5df4	0x141679fc8	caption + complete event when event length > 1
reference	minor	129	REGRET	0x1406b5380	0x1406b5e00	State minor feeling of regret	0x1406b5e00	0x14167a3e0	caption + complete event when event length > 1
reference	minor	130	REMORSE	0x1406b5380	0x1406b5e0c	State minor feeling of remorse	0x1406b5e0c	0x14167a400	caption + complete event when event length > 1
reference	minor	131	REPENTANCE	0x1406b5380	0x1406b5e18	State minor feeling of repentance	0x1406b5e18	0x14167a390	caption + complete event when event length > 1
reference	minor	132	RESENTMENT	0x1406b5380	0x1406b5e24	State minor feeling of resentment	0x1406b5e24	0x14167a3b8	caption + complete event when event length > 1
reference	minor	133	REVULSION	0x1406b5380	0x1406b6189				native default: no caption emitted
reference	minor	134	RIGHTEOUS_INDIGNATION	0x1406b5380	0x1406b5e3c	State minor feeling of righteous indignation	0x1406b5e3c	0x14167a360	caption + complete event when event length > 1
reference	minor	135	SADNESS	0x1406b5380	0x1406b569c	Dismiss minor feeling of sadness	0x1406b569c	0x141679858	caption + complete event when event length > 1
reference	minor	136	SATISFACTION	0x1406b5380	0x1406b5700	State minor feeling of satisfaction	0x1406b5700	0x1416797f0	caption + complete event when event length > 1
reference	minor	137	SCORN	0x1406b5380	0x1406b6189				native default: no caption emitted
reference	minor	138	SELF_PITY	0x1406b5380	0x1406b5e48	State minor feeling of self-pity	0x1406b5e48	0x14167a2e8	caption + complete event when event length > 1
reference	minor	139	SENTIMENTAL	0x1406b5380	0x1406b6189				native default: no caption emitted
reference	minor	140	SERVILE	0x1406b5380	0x1406b5e54	State minor feeling of servility	0x1406b5e54	0x14167a310	caption + complete event when event length > 1
reference	minor	141	SHAKEN	0x1406b5380	0x1406b5ad8	Dismiss minor feeling of being shaken	0x1406b5ad8	0x141679a48	caption + complete event when event length > 1
reference	minor	142	SHAME	0x1406b5380	0x1406b5e60	State minor feeling of shame	0x1406b5e60	0x14167a2a8	caption + complete event when event length > 1
reference	minor	143	SHOCK	0x1406b5380	0x1406b5490	Dismiss minor feeling of shock	0x1406b5490	0x141678c58	caption + complete event when event length > 1
reference	minor	144	SORROW	0x1406b5380	0x1406b6189				native default: no caption emitted
reference	minor	145	SPITE	0x1406b5380	0x1406b6189				native default: no caption emitted
reference	minor	146	SUFFERING	0x1406b5380	0x1406b6189				native default: no caption emitted
reference	minor	147	SURPRISE	0x1406b5380	0x1406b6189				native default: no caption emitted
reference	minor	148	SUSPICION	0x1406b5380	0x1406b5420	State minor feeling of suspicion	0x1406b5420	0x141678c98	caption + complete event when event length > 1
reference	minor	149	SYMPATHY	0x1406b5380	0x1406b5e6c	State minor feeling of sympathy	0x1406b5e6c	0x14167a2c8	caption + complete event when event length > 1
reference	minor	150	TENDERNESS	0x1406b5380	0x1406b5e78	State minor feeling of tenderness	0x1406b5e78	0x14167a258	caption + complete event when event length > 1
reference	minor	151	TENSENESS	0x1406b5380	0x1406b6189				native default: no caption emitted
reference	minor	152	TERROR	0x1406b5380	0x1406b5754	Dismiss minor feeling of terror	0x1406b5754	0x141679748	caption + complete event when event length > 1
reference	minor	153	THRILL	0x1406b5380	0x1406b5fa4	State feelings, somewhat thrilled	0x1406b5fa4	0x141679f38	caption + complete event when event length > 1
reference	minor	154	TORMENT	0x1406b5380	0x1406b6189				native default: no caption emitted
reference	minor	155	TRIUMPH	0x1406b5380	0x1406b55bc	State minor feeling of triumph	0x1406b55bc	0x141678c38	caption + complete event when event length > 1
reference	minor	156	UNEASINESS	0x1406b5380	0x1406b5e84	State minor feeling of uneasiness	0x1406b5e84	0x14167a280	caption + complete event when event length > 1
reference	minor	157	UNHAPPINESS	0x1406b5380	0x1406b5e90	State minor feeling of unhappiness	0x1406b5e90	0x14167a210	caption + complete event when event length > 1
reference	minor	158	VENGEFULNESS	0x1406b5380	0x1406b5748	State minor feeling of vengefulness	0x1406b5748	0x141679720	caption + complete event when event length > 1
reference	minor	159	WOE	0x1406b5380	0x1406b6189				native default: no caption emitted
reference	minor	160	WONDER	0x1406b5380	0x1406b5e9c	State minor feeling of wonder	0x1406b5e9c	0x14167a238	caption + complete event when event length > 1
reference	minor	161	WORRY	0x1406b5380	0x1406b5ea8	State minor feeling of worry	0x1406b5ea8	0x14167a1d0	caption + complete event when event length > 1
reference	minor	162	WRATH	0x1406b5380	0x1406b5eb4	State minor feeling of wrath	0x1406b5eb4	0x14167a1f0	caption + complete event when event length > 1
reference	minor	163	ZEAL	0x1406b5380	0x1406b5ec0	State minor feeling of zeal	0x1406b5ec0	0x141679d30	caption + complete event when event length > 1
reference	minor	164	ZEST	0x1406b5380	0x1406b6189				native default: no caption emitted
reference	minor	165	INSTINCTUAL_HUNT	0x1406b5380	0x1406b6189				native default: no caption emitted
reference	minor	166	BOGEYMAN_TAUNT	0x1406b5380	0x1406b6189				native default: no caption emitted
reference	minor	167	RESTLESS	0x1406b5380	0x1406b5e30	State minor feeling of restlessness	0x1406b5e30	0x14167a338	caption + complete event when event length > 1
reference	minor	168	ADMIRATION	0x1406b5380	0x1406b5b48	State minor feeling of admiration	0x1406b5b48	0x1416799f8	caption + complete event when event length > 1
reference	minor	out-of-range	NONE_OR_INVALID	0x1406b5380	0x1406b6189				native default: no caption emitted
reference	negated	0	ACCEPTANCE	0x1406b6470	0x1406b6655	Acknowledge lack of acceptance	0x1406b6655	0x14167ab58	caption + complete event when event length > 1
reference	negated	1	ADORATION	0x1406b6470	0x1406b69e5	Acknowledge lack of adoration	0x1406b69e5	0x14167adf0	caption + complete event when event length > 1
reference	negated	2	AFFECTION	0x1406b6470	0x1406b69f1	Acknowledge lack of affection	0x1406b69f1	0x14167ae10	caption + complete event when event length > 1
reference	negated	3	AGITATION	0x1406b6470	0x1406b666d	Acknowledge lack of agitation	0x1406b666d	0x14167ab18	caption + complete event when event length > 1
reference	negated	4	AGGRAVATION	0x1406b6470	0x1406b6679	Acknowledge lack of aggravation	0x1406b6679	0x14167ab38	caption + complete event when event length > 1
reference	negated	5	AGONY	0x1406b6470	0x1406b65e9	Acknowledge lack of agony	0x1406b65e9	0x14167a8a8	caption + complete event when event length > 1
reference	negated	6	ALARM	0x1406b6470	0x1406b651d	Acknowledge lack of alarm	0x1406b651d	0x141679db8	caption + complete event when event length > 1
reference	negated	7	ALIENATION	0x1406b6470	0x1406b6685	Acknowledge lack of alienation	0x1406b6685	0x14167aad8	caption + complete event when event length > 1
reference	negated	8	AMAZEMENT	0x1406b6470	0x1406b6691	Acknowledge lack of amazement	0x1406b6691	0x14167aaf8	caption + complete event when event length > 1
reference	negated	9	AMBIVALENCE	0x1406b6470	0x1406b669d	Acknowledge lack of ambivalence	0x1406b669d	0x14167aa98	caption + complete event when event length > 1
reference	negated	10	AMUSEMENT	0x1406b6470	0x1406b69fd	Acknowledge lack of amusement	0x1406b69fd	0x14167adb0	caption + complete event when event length > 1
reference	negated	11	ANGER	0x1406b6470	0x1406b66a9	Acknowledge lack of anger	0x1406b66a9	0x14167aab8	caption + complete event when event length > 1
reference	negated	12	ANGST	0x1406b6470	0x1406b6ab1	Acknowledge lack of existential crisis	0x1406b6ab1	0x14167afb8	caption + complete event when event length > 1
reference	negated	13	ANGUISH	0x1406b6470	0x1406b65f5	Acknowledge lack of anguish	0x1406b65f5	0x14167a848	caption + complete event when event length > 1
reference	negated	14	ANNOYANCE	0x1406b6470	0x1406b66b5	Acknowledge lack of annoyance	0x1406b66b5	0x14167aa58	caption + complete event when event length > 1
reference	negated	15	ANTICIPATION	0x1406b6470	0x1406b6b1e				native default: no caption emitted
reference	negated	16	ANXIETY	0x1406b6470	0x1406b66c1	Acknowledge lack of anxiety	0x1406b66c1	0x14167aa78	caption + complete event when event length > 1
reference	negated	17	APATHY	0x1406b6470	0x1406b66cd	Acknowledge lack of apathy	0x1406b66cd	0x14167a5f0	caption + complete event when event length > 1
reference	negated	18	APPREHENSION	0x1406b6470	0x1406b6b1e				native default: no caption emitted
reference	negated	19	AROUSAL	0x1406b6470	0x1406b66d9	Acknowledge lack of arousal	0x1406b66d9	0x14167a610	caption + complete event when event length > 1
reference	negated	20	ASTONISHMENT	0x1406b6470	0x1406b66e5	Acknowledge lack of astonishment	0x1406b66e5	0x14167a5a8	caption + complete event when event length > 1
reference	negated	21	ATTRACTION	0x1406b6470	0x1406b6b1e				native default: no caption emitted
reference	negated	22	AVERSION	0x1406b6470	0x1406b66f1	Acknowledge lack of aversion	0x1406b66f1	0x14167a5d0	caption + complete event when event length > 1
reference	negated	23	AWE	0x1406b6470	0x1406b66fd	Acknowledge lack of awe	0x1406b66fd	0x14167a570	caption + complete event when event length > 1
reference	negated	24	BITTERNESS	0x1406b6470	0x1406b6709	Acknowledge lack of bitterness	0x1406b6709	0x14167a588	caption + complete event when event length > 1
reference	negated	25	BLISS	0x1406b6470	0x1406b65a1	Acknowledge lack of bliss	0x1406b65a1	0x14167a968	caption + complete event when event length > 1
reference	negated	26	BOREDOM	0x1406b6470	0x1406b6715	Acknowledge lack of boredom	0x1406b6715	0x14167a530	caption + complete event when event length > 1
reference	negated	27	CARING	0x1406b6470	0x1406b6721	Acknowledge lack of caring	0x1406b6721	0x14167a550	caption + complete event when event length > 1
reference	negated	28	CHEERFULNESS	0x1406b6470	0x1406b6b1e				native default: no caption emitted
reference	negated	29	CONFUSION	0x1406b6470	0x1406b672d	Acknowledge lack of confusion	0x1406b672d	0x14167a4f0	caption + complete event when event length > 1
reference	negated	30	CONTEMPT	0x1406b6470	0x1406b6739	Acknowledge lack of contempt	0x1406b6739	0x14167a510	caption + complete event when event length > 1
reference	negated	31	CONTENTMENT	0x1406b6470	0x1406b6a09	Acknowledge lack of contentment	0x1406b6a09	0x14167add0	caption + complete event when event length > 1
reference	negated	32	COURAGE	0x1406b6470	0x1406b6b1e				native default: no caption emitted
reference	negated	33	CURIOSITY	0x1406b6470	0x1406b6b1e				native default: no caption emitted
reference	negated	34	DEFEAT	0x1406b6470	0x1406b6aba	Acknowledge lack of defeat	0x1406b6aba	0x14167af58	caption + complete event when event length > 1
reference	negated	35	DEJECTION	0x1406b6470	0x1406b6745	Acknowledge lack of dejection	0x1406b6745	0x14167a4a8	caption + complete event when event length > 1
reference	negated	36	DELIGHT	0x1406b6470	0x1406b6a15	Acknowledge lack of delight	0x1406b6a15	0x14167ad70	caption + complete event when event length > 1
reference	negated	37	DEPRESSION	0x1406b6470	0x1406b6b1e				native default: no caption emitted
reference	negated	38	DESIRE	0x1406b6470	0x1406b6b1e				native default: no caption emitted
reference	negated	39	DESPAIR	0x1406b6470	0x1406b6601	Acknowledge lack of despair	0x1406b6601	0x14167a868	caption + complete event when event length > 1
reference	negated	40	DISAPPOINTMENT	0x1406b6470	0x1406b6751	Acknowledge lack of disappointment	0x1406b6751	0x14167a4c8	caption + complete event when event length > 1
reference	negated	41	DISGUST	0x1406b6470	0x1406b675d	Acknowledge lack of disgust	0x1406b675d	0x14167a460	caption + complete event when event length > 1
reference	negated	42	DISILLUSIONED	0x1406b6470	0x1406b6769	Acknowledge lack of disillusionment	0x1406b6769	0x14167a480	caption + complete event when event length > 1
reference	negated	43	DISLIKE	0x1406b6470	0x1406b6775	Acknowledge lack of dislike	0x1406b6775	0x14167a420	caption + complete event when event length > 1
reference	negated	44	DISMAY	0x1406b6470	0x1406b660d	Acknowledge lack of dismay	0x1406b660d	0x14167ac28	caption + complete event when event length > 1
reference	negated	45	DISPLEASURE	0x1406b6470	0x1406b6781	Acknowledge lack of displeasure	0x1406b6781	0x14167a440	caption + complete event when event length > 1
reference	negated	46	DISTRESS	0x1406b6470	0x1406b6619	Acknowledge lack of distress	0x1406b6619	0x14167ac48	caption + complete event when event length > 1
reference	negated	47	DOUBT	0x1406b6470	0x1406b6acc	Acknowledge lack of doubt	0x1406b6acc	0x14167af18	caption + complete event when event length > 1
reference	negated	48	DREAD	0x1406b6470	0x1406b6b1e				native default: no caption emitted
reference	negated	49	EAGERNESS	0x1406b6470	0x1406b678d	Acknowledge lack of eagerness	0x1406b678d	0x14167a800	caption + complete event when event length > 1
reference	negated	50	ECSTASY	0x1406b6470	0x1406b6b1e				native default: no caption emitted
reference	negated	51	ELATION	0x1406b6470	0x1406b6a21	Acknowledge lack of elation	0x1406b6a21	0x14167ad90	caption + complete event when event length > 1
reference	negated	52	EMBARRASSMENT	0x1406b6470	0x1406b6799	Acknowledge lack of embarrassment	0x1406b6799	0x14167a820	caption + complete event when event length > 1
reference	negated	53	EMPATHY	0x1406b6470	0x1406b67a5	Acknowledge lack of empathy	0x1406b67a5	0x14167a7c0	caption + complete event when event length > 1
reference	negated	54	EMPTINESS	0x1406b6470	0x1406b67b1	Acknowledge lack of emptiness	0x1406b67b1	0x14167a7e0	caption + complete event when event length > 1
reference	negated	55	ENJOYMENT	0x1406b6470	0x1406b6a2d	Acknowledge lack of enjoyment	0x1406b6a2d	0x14167ad28	caption + complete event when event length > 1
reference	negated	56	ENTHRALLMENT	0x1406b6470	0x1406b6b1e				native default: no caption emitted
reference	negated	57	ENTHUSIASM	0x1406b6470	0x1406b6ad5	Acknowledge lack of enthusiasm	0x1406b6ad5	0x14167af38	caption + complete event when event length > 1
reference	negated	58	ENVY	0x1406b6470	0x1406b6b1e				native default: no caption emitted
reference	negated	59	EUPHORIA	0x1406b6470	0x1406b6ae7	Acknowledge lack of euphoria	0x1406b6ae7	0x14167aef8	caption + complete event when event length > 1
reference	negated	60	EXASPERATION	0x1406b6470	0x1406b67bd	Acknowledge lack of exasperation	0x1406b67bd	0x14167a778	caption + complete event when event length > 1
reference	negated	61	EXCITEMENT	0x1406b6470	0x1406b65ad	Acknowledge lack of excitement	0x1406b65ad	0x14167a908	caption + complete event when event length > 1
reference	negated	62	EXHILARATION	0x1406b6470	0x1406b6a39	Acknowledge lack of exhilaration	0x1406b6a39	0x14167ad48	caption + complete event when event length > 1
reference	negated	63	EXPECTANT	0x1406b6470	0x1406b6ac3	Acknowledge lack of expectancy	0x1406b6ac3	0x14167af78	caption + complete event when event length > 1
reference	negated	64	FEAR	0x1406b6470	0x1406b6571	Acknowledge lack of fear	0x1406b6571	0x14167a9f8	caption + complete event when event length > 1
reference	negated	65	FEROCITY	0x1406b6470	0x1406b67c9	Acknowledge lack of ferocity	0x1406b67c9	0x14167a7a0	caption + complete event when event length > 1
reference	negated	66	FONDNESS	0x1406b6470	0x1406b6a45	Acknowledge lack of fondness	0x1406b6a45	0x14167ace8	caption + complete event when event length > 1
reference	negated	67	FREE	0x1406b6470	0x1406b6a51	Acknowledge lack of freedom	0x1406b6a51	0x14167ad08	caption + complete event when event length > 1
reference	negated	68	FRIGHT	0x1406b6470	0x1406b6625	Acknowledge lack of fright	0x1406b6625	0x14167abe8	caption + complete event when event length > 1
reference	negated	69	FRUSTRATION	0x1406b6470	0x1406b67d5	Acknowledge lack of frustration	0x1406b67d5	0x14167a738	caption + complete event when event length > 1
reference	negated	70	FURY	0x1406b6470	0x1406b6b1e				native default: no caption emitted
reference	negated	71	GAIETY	0x1406b6470	0x1406b65b9	Acknowledge lack of gaiety	0x1406b65b9	0x14167a928	caption + complete event when event length > 1
reference	negated	72	GLADNESS	0x1406b6470	0x1406b6b1e				native default: no caption emitted
reference	negated	73	GLEE	0x1406b6470	0x1406b6a5d	Acknowledge lack of glee	0x1406b6a5d	0x14167aca8	caption + complete event when event length > 1
reference	negated	74	GLOOM	0x1406b6470	0x1406b67e1	Acknowledge lack of gloom	0x1406b67e1	0x14167a758	caption + complete event when event length > 1
reference	negated	75	GLUMNESS	0x1406b6470	0x1406b67ed	Acknowledge lack of glumness	0x1406b67ed	0x14167a6f8	caption + complete event when event length > 1
reference	negated	76	GRATITUDE	0x1406b6470	0x1406b67f9	Acknowledge lack of gratitude	0x1406b67f9	0x14167a718	caption + complete event when event length > 1
reference	negated	77	GRATIFICATION	0x1406b6470	0x1406b6b1e				native default: no caption emitted
reference	negated	78	GRIEF	0x1406b6470	0x1406b6541	Acknowledge lack of grief	0x1406b6541	0x141679d98	caption + complete event when event length > 1
reference	negated	79	GRIM_SATISFACTION	0x1406b6470	0x1406b6565	Acknowledge lack of grim satisfaction	0x1406b6565	0x14167a9d0	caption + complete event when event length > 1
reference	negated	80	GROUCHINESS	0x1406b6470	0x1406b6805	Acknowledge lack of grouchiness	0x1406b6805	0x14167a6b8	caption + complete event when event length > 1
reference	negated	81	GRUMPINESS	0x1406b6470	0x1406b6811	Acknowledge lack of grumpiness	0x1406b6811	0x14167a6d8	caption + complete event when event length > 1
reference	negated	82	GUILT	0x1406b6470	0x1406b681d	Acknowledge lack of guilt	0x1406b681d	0x14167a678	caption + complete event when event length > 1
reference	negated	83	HAPPINESS	0x1406b6470	0x1406b6a69	Acknowledge lack of happiness	0x1406b6a69	0x14167acc8	caption + complete event when event length > 1
reference	negated	84	HATRED	0x1406b6470	0x1406b6829	Acknowledge lack of hatred	0x1406b6829	0x14167a698	caption + complete event when event length > 1
reference	negated	85	HOMESICKNESS	0x1406b6470	0x1406b6b1e				native default: no caption emitted
reference	negated	86	HOPE	0x1406b6470	0x1406b6835	Acknowledge lack of hope	0x1406b6835	0x14167a630	caption + complete event when event length > 1
reference	negated	87	HOPELESSNESS	0x1406b6470	0x1406b6841	Acknowledge lack of hopelessness	0x1406b6841	0x14167a650	caption + complete event when event length > 1
reference	negated	88	HORROR	0x1406b6470	0x1406b6535	Acknowledge lack of horror	0x1406b6535	0x141679d78	caption + complete event when event length > 1
reference	negated	89	HOSTILITY	0x1406b6470	0x1406b6b1e				native default: no caption emitted
reference	negated	90	HUMILIATION	0x1406b6470	0x1406b684d	Acknowledge lack of humiliation	0x1406b684d	0x14167b220	caption + complete event when event length > 1
reference	negated	91	HURT	0x1406b6470	0x1406b6b1e				native default: no caption emitted
reference	negated	92	HYSTERIA	0x1406b6470	0x1406b6b1e				native default: no caption emitted
reference	negated	93	INFATUATED	0x1406b6470	0x1406b6b1e				native default: no caption emitted
reference	negated	94	INSECURITY	0x1406b6470	0x1406b6b1e				native default: no caption emitted
reference	negated	95	INSULT	0x1406b6470	0x1406b6859	Acknowledge lack of insult	0x1406b6859	0x14167b240	caption + complete event when event length > 1
reference	negated	96	INTEREST	0x1406b6470	0x1406b6865	Acknowledge lack of interest	0x1406b6865	0x14167b1e0	caption + complete event when event length > 1
reference	negated	97	IRRITATION	0x1406b6470	0x1406b6871	Acknowledge lack of irritation	0x1406b6871	0x14167b200	caption + complete event when event length > 1
reference	negated	98	ISOLATION	0x1406b6470	0x1406b687d	Acknowledge lack of isolation	0x1406b687d	0x14167b1a0	caption + complete event when event length > 1
reference	negated	99	JEALOUSY	0x1406b6470	0x1406b6b1e				native default: no caption emitted
reference	negated	100	JOLLINESS	0x1406b6470	0x1406b6a72	Acknowledge lack of jolliness	0x1406b6a72	0x14167ac68	caption + complete event when event length > 1
reference	negated	101	JOVIALITY	0x1406b6470	0x1406b6a7b	Acknowledge lack of joviality	0x1406b6a7b	0x14167ac88	caption + complete event when event length > 1
reference	negated	102	JOY	0x1406b6470	0x1406b65c5	Acknowledge lack of joy	0x1406b65c5	0x14167a8c8	caption + complete event when event length > 1
reference	negated	103	JUBILATION	0x1406b6470	0x1406b6a84	Acknowledge lack of jubilation	0x1406b6a84	0x14167b020	caption + complete event when event length > 1
reference	negated	104	LOATHING	0x1406b6470	0x1406b6889	Acknowledge lack of loathing	0x1406b6889	0x14167b1c0	caption + complete event when event length > 1
reference	negated	105	LONELINESS	0x1406b6470	0x1406b6895	Acknowledge lack of loneliness	0x1406b6895	0x14167b160	caption + complete event when event length > 1
reference	negated	106	LONGING	0x1406b6470	0x1406b6b1e				native default: no caption emitted
reference	negated	107	LOVE	0x1406b6470	0x1406b6595	Acknowledge lack of love	0x1406b6595	0x14167a948	caption + complete event when event length > 1
reference	negated	108	LOVESICKNESS	0x1406b6470	0x1406b6b1e				native default: no caption emitted
reference	negated	109	LUST	0x1406b6470	0x1406b68a1	Acknowledge lack of lust	0x1406b68a1	0x14167b180	caption + complete event when event length > 1
reference	negated	110	MELANCHOLY	0x1406b6470	0x1406b6b1e				native default: no caption emitted
reference	negated	111	MISERY	0x1406b6470	0x1406b6631	Acknowledge lack of misery	0x1406b6631	0x14167ac08	caption + complete event when event length > 1
reference	negated	112	MORTIFICATION	0x1406b6470	0x1406b663d	Acknowledge lack of mortification	0x1406b663d	0x14167ab98	caption + complete event when event length > 1
reference	negated	113	NEGLECT	0x1406b6470	0x1406b6b1e				native default: no caption emitted
reference	negated	114	NERVOUSNESS	0x1406b6470	0x1406b68ad	Acknowledge lack of nervousness	0x1406b68ad	0x14167b120	caption + complete event when event length > 1
reference	negated	115	NOSTALGIA	0x1406b6470	0x1406b68b9	Acknowledge lack of nostalgia	0x1406b68b9	0x14167b140	caption + complete event when event length > 1
reference	negated	116	OPTIMISM	0x1406b6470	0x1406b68c5	Acknowledge lack of optimism	0x1406b68c5	0x14167b0e0	caption + complete event when event length > 1
reference	negated	117	OUTRAGE	0x1406b6470	0x1406b68d1	Acknowledge lack of outrage	0x1406b68d1	0x14167b100	caption + complete event when event length > 1
reference	negated	118	PANIC	0x1406b6470	0x1406b68dd	Acknowledge lack of panic	0x1406b68dd	0x14167b0a0	caption + complete event when event length > 1
reference	negated	119	PATIENCE	0x1406b6470	0x1406b68e9	Acknowledge lack of patience	0x1406b68e9	0x14167b0c0	caption + complete event when event length > 1
reference	negated	120	PASSION	0x1406b6470	0x1406b68f5	Acknowledge lack of passion	0x1406b68f5	0x14167b060	caption + complete event when event length > 1
reference	negated	121	PESSIMISM	0x1406b6470	0x1406b6ade	Acknowledge lack of pessimism	0x1406b6ade	0x14167aed8	caption + complete event when event length > 1
reference	negated	122	PITY	0x1406b6470	0x1406b6b1e				native default: no caption emitted
reference	negated	123	PLEASURE	0x1406b6470	0x1406b6a8d	Acknowledge lack of pleasure	0x1406b6a8d	0x14167b040	caption + complete event when event length > 1
reference	negated	124	PRIDE	0x1406b6470	0x1406b6a96	Acknowledge lack of pride	0x1406b6a96	0x14167afe0	caption + complete event when event length > 1
reference	negated	125	RAGE	0x1406b6470	0x1406b6559	Acknowledge lack of rage	0x1406b6559	0x14167aa38	caption + complete event when event length > 1
reference	negated	126	RAPTURE	0x1406b6470	0x1406b6a9f	Acknowledge lack of rapture	0x1406b6a9f	0x14167b000	caption + complete event when event length > 1
reference	negated	127	REJECTION	0x1406b6470	0x1406b6901	Acknowledge lack of rejection	0x1406b6901	0x14167b080	caption + complete event when event length > 1
reference	negated	128	RELIEF	0x1406b6470	0x1406b690d	Acknowledge lack of relief	0x1406b690d	0x14167b438	caption + complete event when event length > 1
reference	negated	129	REGRET	0x1406b6470	0x1406b6919	Acknowledge lack of regret	0x1406b6919	0x14167b458	caption + complete event when event length > 1
reference	negated	130	REMORSE	0x1406b6470	0x1406b6925	Acknowledge lack of remorse	0x1406b6925	0x14167b3f8	caption + complete event when event length > 1
reference	negated	131	REPENTANCE	0x1406b6470	0x1406b6931	Acknowledge lack of repentance	0x1406b6931	0x14167b418	caption + complete event when event length > 1
reference	negated	132	RESENTMENT	0x1406b6470	0x1406b693d	Acknowledge lack of resentment	0x1406b693d	0x14167b3b0	caption + complete event when event length > 1
reference	negated	133	REVULSION	0x1406b6470	0x1406b6b1e				native default: no caption emitted
reference	negated	134	RIGHTEOUS_INDIGNATION	0x1406b6470	0x1406b6955	Acknowledge lack of righteous indignation	0x1406b6955	0x14167b360	caption + complete event when event length > 1
reference	negated	135	SADNESS	0x1406b6470	0x1406b657d	Acknowledge lack of sadness	0x1406b657d	0x14167a988	caption + complete event when event length > 1
reference	negated	136	SATISFACTION	0x1406b6470	0x1406b6589	Acknowledge lack of satisfaction	0x1406b6589	0x14167a9a8	caption + complete event when event length > 1
reference	negated	137	SCORN	0x1406b6470	0x1406b6b1e				native default: no caption emitted
reference	negated	138	SELF_PITY	0x1406b6470	0x1406b6961	Acknowledge lack of self-pity	0x1406b6961	0x14167b390	caption + complete event when event length > 1
reference	negated	139	SENTIMENTAL	0x1406b6470	0x1406b6b1e				native default: no caption emitted
reference	negated	140	SERVILE	0x1406b6470	0x1406b696d	Acknowledge lack of servility	0x1406b696d	0x14167b320	caption + complete event when event length > 1
reference	negated	141	SHAKEN	0x1406b6470	0x1406b6649	Acknowledge lack of being shaken	0x1406b6649	0x14167abc0	caption + complete event when event length > 1
reference	negated	142	SHAME	0x1406b6470	0x1406b6979	Acknowledge lack of shame	0x1406b6979	0x14167b340	caption + complete event when event length > 1
reference	negated	143	SHOCK	0x1406b6470	0x1406b6529	Acknowledge lack of shock	0x1406b6529	0x141679dd8	caption + complete event when event length > 1
reference	negated	144	SORROW	0x1406b6470	0x1406b6b1e				native default: no caption emitted
reference	negated	145	SPITE	0x1406b6470	0x1406b6b1e				native default: no caption emitted
reference	negated	146	SUFFERING	0x1406b6470	0x1406b6b1e				native default: no caption emitted
reference	negated	147	SURPRISE	0x1406b6470	0x1406b6b1e				native default: no caption emitted
reference	negated	148	SUSPICION	0x1406b6470	0x1406b6511	Acknowledge lack of suspicion	0x1406b6511	0x141679e18	caption + complete event when event length > 1
reference	negated	149	SYMPATHY	0x1406b6470	0x1406b6985	Acknowledge lack of sympathy	0x1406b6985	0x14167b2e0	caption + complete event when event length > 1
reference	negated	150	TENDERNESS	0x1406b6470	0x1406b6991	Acknowledge lack of tenderness	0x1406b6991	0x14167b300	caption + complete event when event length > 1
reference	negated	151	TENSENESS	0x1406b6470	0x1406b6b1e				native default: no caption emitted
reference	negated	152	TERROR	0x1406b6470	0x1406b65dd	Acknowledge lack of terror	0x1406b65dd	0x14167a888	caption + complete event when event length > 1
reference	negated	153	THRILL	0x1406b6470	0x1406b6aa8	Acknowledge lack of a thrill	0x1406b6aa8	0x14167af98	caption + complete event when event length > 1
reference	negated	154	TORMENT	0x1406b6470	0x1406b6b1e				native default: no caption emitted
reference	negated	155	TRIUMPH	0x1406b6470	0x1406b654d	Acknowledge lack of triumph	0x1406b654d	0x14167aa18	caption + complete event when event length > 1
reference	negated	156	UNEASINESS	0x1406b6470	0x1406b699d	Acknowledge lack of uneasiness	0x1406b699d	0x14167b2a0	caption + complete event when event length > 1
reference	negated	157	UNHAPPINESS	0x1406b6470	0x1406b69a9	Acknowledge lack of unhappiness	0x1406b69a9	0x14167b2c0	caption + complete event when event length > 1
reference	negated	158	VENGEFULNESS	0x1406b6470	0x1406b65d1	Acknowledge lack of vengefulness	0x1406b65d1	0x14167a8e0	caption + complete event when event length > 1
reference	negated	159	WOE	0x1406b6470	0x1406b6b1e				native default: no caption emitted
reference	negated	160	WONDER	0x1406b6470	0x1406b69b5	Acknowledge lack of wonder	0x1406b69b5	0x14167b260	caption + complete event when event length > 1
reference	negated	161	WORRY	0x1406b6470	0x1406b69c1	Acknowledge lack of worry	0x1406b69c1	0x14167b280	caption + complete event when event length > 1
reference	negated	162	WRATH	0x1406b6470	0x1406b69cd	Acknowledge lack of wrath	0x1406b69cd	0x14167ae30	caption + complete event when event length > 1
reference	negated	163	ZEAL	0x1406b6470	0x1406b69d9	Acknowledge lack of zeal	0x1406b69d9	0x14167ae50	caption + complete event when event length > 1
reference	negated	164	ZEST	0x1406b6470	0x1406b6b1e				native default: no caption emitted
reference	negated	165	INSTINCTUAL_HUNT	0x1406b6470	0x1406b6b1e				native default: no caption emitted
reference	negated	166	BOGEYMAN_TAUNT	0x1406b6470	0x1406b6b1e				native default: no caption emitted
reference	negated	167	RESTLESS	0x1406b6470	0x1406b6949	Acknowledge lack of restlessness	0x1406b6949	0x14167b3d0	caption + complete event when event length > 1
reference	negated	168	ADMIRATION	0x1406b6470	0x1406b6661	Acknowledge lack of admiration	0x1406b6661	0x14167ab78	caption + complete event when event length > 1
reference	negated	out-of-range	NONE_OR_INVALID	0x1406b6470	0x1406b6b1e				native default: no caption emitted
classic	failed	0	ACCEPTANCE	0x1406af630	0x1406af8ca				native default: no caption emitted
classic	failed	1	ADORATION	0x1406af630	0x1406af8ca				native default: no caption emitted
classic	failed	2	AFFECTION	0x1406af630	0x1406af8ca				native default: no caption emitted
classic	failed	3	AGITATION	0x1406af630	0x1406af8ca				native default: no caption emitted
classic	failed	4	AGGRAVATION	0x1406af630	0x1406af8ca				native default: no caption emitted
classic	failed	5	AGONY	0x1406af630	0x1406b049b	Fail the struggle against great agony	0x1406b049b	0x1416719c0	caption + complete event when event length > 1
classic	failed	6	ALARM	0x1406af630	0x1406af6e4	Fail the struggle against great alarm	0x1406af709,0x1406af764	0x141671ed0,0x141671ed0	caption + complete event when event length > 1
classic	failed	7	ALIENATION	0x1406af630	0x1406af8ca				native default: no caption emitted
classic	failed	8	AMAZEMENT	0x1406af630	0x1406af8ca				native default: no caption emitted
classic	failed	9	AMBIVALENCE	0x1406af630	0x1406af8ca				native default: no caption emitted
classic	failed	10	AMUSEMENT	0x1406af630	0x1406af8ca				native default: no caption emitted
classic	failed	11	ANGER	0x1406af630	0x1406af8ca				native default: no caption emitted
classic	failed	12	ANGST	0x1406af630	0x1406b0987	Fail the struggle against existential crisis	0x1406b0987	0x1416717e8	caption + complete event when event length > 1
classic	failed	13	ANGUISH	0x1406af630	0x1406b0527	Fail the struggle against great anguish	0x1406b0527	0x141671948	caption + complete event when event length > 1
classic	failed	14	ANNOYANCE	0x1406af630	0x1406af8ca				native default: no caption emitted
classic	failed	15	ANTICIPATION	0x1406af630	0x1406af8ca				native default: no caption emitted
classic	failed	16	ANXIETY	0x1406af630	0x1406af8ca				native default: no caption emitted
classic	failed	17	APATHY	0x1406af630	0x1406af8ca				native default: no caption emitted
classic	failed	18	APPREHENSION	0x1406af630	0x1406af8ca				native default: no caption emitted
classic	failed	19	AROUSAL	0x1406af630	0x1406af8ca				native default: no caption emitted
classic	failed	20	ASTONISHMENT	0x1406af630	0x1406af8ca				native default: no caption emitted
classic	failed	21	ATTRACTION	0x1406af630	0x1406af8ca				native default: no caption emitted
classic	failed	22	AVERSION	0x1406af630	0x1406af8ca				native default: no caption emitted
classic	failed	23	AWE	0x1406af630	0x1406af8ca				native default: no caption emitted
classic	failed	24	BITTERNESS	0x1406af630	0x1406af8ca				native default: no caption emitted
classic	failed	25	BLISS	0x1406af630	0x1406af8ca				native default: no caption emitted
classic	failed	26	BOREDOM	0x1406af630	0x1406af8ca				native default: no caption emitted
classic	failed	27	CARING	0x1406af630	0x1406af8ca				native default: no caption emitted
classic	failed	28	CHEERFULNESS	0x1406af630	0x1406af8ca				native default: no caption emitted
classic	failed	29	CONFUSION	0x1406af630	0x1406af8ca				native default: no caption emitted
classic	failed	30	CONTEMPT	0x1406af630	0x1406af8ca				native default: no caption emitted
classic	failed	31	CONTENTMENT	0x1406af630	0x1406af8ca				native default: no caption emitted
classic	failed	32	COURAGE	0x1406af630	0x1406af8ca				native default: no caption emitted
classic	failed	33	CURIOSITY	0x1406af630	0x1406af8ca				native default: no caption emitted
classic	failed	34	DEFEAT	0x1406af630	0x1406af8ca				native default: no caption emitted
classic	failed	35	DEJECTION	0x1406af630	0x1406af8ca				native default: no caption emitted
classic	failed	36	DELIGHT	0x1406af630	0x1406af8ca				native default: no caption emitted
classic	failed	37	DEPRESSION	0x1406af630	0x1406af8ca				native default: no caption emitted
classic	failed	38	DESIRE	0x1406af630	0x1406af8ca				native default: no caption emitted
classic	failed	39	DESPAIR	0x1406af630	0x1406b05b3	Fail the struggle against great despair	0x1406b05b3	0x141671970	caption + complete event when event length > 1
classic	failed	40	DISAPPOINTMENT	0x1406af630	0x1406af8ca				native default: no caption emitted
classic	failed	41	DISGUST	0x1406af630	0x1406af8ca				native default: no caption emitted
classic	failed	42	DISILLUSIONED	0x1406af630	0x1406af8ca				native default: no caption emitted
classic	failed	43	DISLIKE	0x1406af630	0x1406af8ca				native default: no caption emitted
classic	failed	44	DISMAY	0x1406af630	0x1406b063f	Fail the struggle against great dismay	0x1406b063f	0x1416718f0	caption + complete event when event length > 1
classic	failed	45	DISPLEASURE	0x1406af630	0x1406af8ca				native default: no caption emitted
classic	failed	46	DISTRESS	0x1406af630	0x1406b06cb	Fail the struggle against great distress	0x1406b06cb	0x141671918	caption + complete event when event length > 1
classic	failed	47	DOUBT	0x1406af630	0x1406af8ca				native default: no caption emitted
classic	failed	48	DREAD	0x1406af630	0x1406af8ca				native default: no caption emitted
classic	failed	49	EAGERNESS	0x1406af630	0x1406af8ca				native default: no caption emitted
classic	failed	50	ECSTASY	0x1406af630	0x1406af8ca				native default: no caption emitted
classic	failed	51	ELATION	0x1406af630	0x1406af8ca				native default: no caption emitted
classic	failed	52	EMBARRASSMENT	0x1406af630	0x1406af8ca				native default: no caption emitted
classic	failed	53	EMPATHY	0x1406af630	0x1406af8ca				native default: no caption emitted
classic	failed	54	EMPTINESS	0x1406af630	0x1406af8ca				native default: no caption emitted
classic	failed	55	ENJOYMENT	0x1406af630	0x1406af8ca				native default: no caption emitted
classic	failed	56	ENTHRALLMENT	0x1406af630	0x1406af8ca				native default: no caption emitted
classic	failed	57	ENTHUSIASM	0x1406af630	0x1406af8ca				native default: no caption emitted
classic	failed	58	ENVY	0x1406af630	0x1406af8ca				native default: no caption emitted
classic	failed	59	EUPHORIA	0x1406af630	0x1406af8ca				native default: no caption emitted
classic	failed	60	EXASPERATION	0x1406af630	0x1406af8ca				native default: no caption emitted
classic	failed	61	EXCITEMENT	0x1406af630	0x1406af8ca				native default: no caption emitted
classic	failed	62	EXHILARATION	0x1406af630	0x1406af8ca				native default: no caption emitted
classic	failed	63	EXPECTANT	0x1406af630	0x1406af8ca				native default: no caption emitted
classic	failed	64	FEAR	0x1406af630	0x1406affd4	Fail the struggle against great fear	0x1406afff9,0x1406b0054	0x141671de0,0x141671de0	caption + complete event when event length > 1
classic	failed	65	FEROCITY	0x1406af630	0x1406af8ca				native default: no caption emitted
classic	failed	66	FONDNESS	0x1406af630	0x1406af8ca				native default: no caption emitted
classic	failed	67	FREE	0x1406af630	0x1406af8ca				native default: no caption emitted
classic	failed	68	FRIGHT	0x1406af630	0x1406b0757	Fail the struggle against great fright	0x1406b0757	0x1416718a0	caption + complete event when event length > 1
classic	failed	69	FRUSTRATION	0x1406af630	0x1406af8ca				native default: no caption emitted
classic	failed	70	FURY	0x1406af630	0x1406af8ca				native default: no caption emitted
classic	failed	71	GAIETY	0x1406af630	0x1406af8ca				native default: no caption emitted
classic	failed	72	GLADNESS	0x1406af630	0x1406af8ca				native default: no caption emitted
classic	failed	73	GLEE	0x1406af630	0x1406af8ca				native default: no caption emitted
classic	failed	74	GLOOM	0x1406af630	0x1406af8ca				native default: no caption emitted
classic	failed	75	GLUMNESS	0x1406af630	0x1406af8ca				native default: no caption emitted
classic	failed	76	GRATITUDE	0x1406af630	0x1406af8ca				native default: no caption emitted
classic	failed	77	GRATIFICATION	0x1406af630	0x1406af8ca				native default: no caption emitted
classic	failed	78	GRIEF	0x1406af630	0x1406afc7e	Fail the struggle against great grief	0x1406afca3,0x1406afcfe	0x141671e30,0x141671e30	caption + complete event when event length > 1
classic	failed	79	GRIM_SATISFACTION	0x1406af630	0x1406af8ca				native default: no caption emitted
classic	failed	80	GROUCHINESS	0x1406af630	0x1406af8ca				native default: no caption emitted
classic	failed	81	GRUMPINESS	0x1406af630	0x1406af8ca				native default: no caption emitted
classic	failed	82	GUILT	0x1406af630	0x1406af8ca				native default: no caption emitted
classic	failed	83	HAPPINESS	0x1406af630	0x1406af8ca				native default: no caption emitted
classic	failed	84	HATRED	0x1406af630	0x1406af8ca				native default: no caption emitted
classic	failed	85	HOMESICKNESS	0x1406af630	0x1406af8ca				native default: no caption emitted
classic	failed	86	HOPE	0x1406af630	0x1406af8ca				native default: no caption emitted
classic	failed	87	HOPELESSNESS	0x1406af630	0x1406af8ca				native default: no caption emitted
classic	failed	88	HORROR	0x1406af630	0x1406afacd	Fail the struggle against great horror	0x1406afaf2,0x1406afb4d	0x141671ea8,0x141671ea8	caption + complete event when event length > 1
classic	failed	89	HOSTILITY	0x1406af630	0x1406af8ca				native default: no caption emitted
classic	failed	90	HUMILIATION	0x1406af630	0x1406af8ca				native default: no caption emitted
classic	failed	91	HURT	0x1406af630	0x1406af8ca				native default: no caption emitted
classic	failed	92	HYSTERIA	0x1406af630	0x1406af8ca				native default: no caption emitted
classic	failed	93	INFATUATED	0x1406af630	0x1406af8ca				native default: no caption emitted
classic	failed	94	INSECURITY	0x1406af630	0x1406af8ca				native default: no caption emitted
classic	failed	95	INSULT	0x1406af630	0x1406af8ca				native default: no caption emitted
classic	failed	96	INTEREST	0x1406af630	0x1406af8ca				native default: no caption emitted
classic	failed	97	IRRITATION	0x1406af630	0x1406af8ca				native default: no caption emitted
classic	failed	98	ISOLATION	0x1406af630	0x1406af8ca				native default: no caption emitted
classic	failed	99	JEALOUSY	0x1406af630	0x1406af8ca				native default: no caption emitted
classic	failed	100	JOLLINESS	0x1406af630	0x1406af8ca				native default: no caption emitted
classic	failed	101	JOVIALITY	0x1406af630	0x1406af8ca				native default: no caption emitted
classic	failed	102	JOY	0x1406af630	0x1406af8ca				native default: no caption emitted
classic	failed	103	JUBILATION	0x1406af630	0x1406af8ca				native default: no caption emitted
classic	failed	104	LOATHING	0x1406af630	0x1406af8ca				native default: no caption emitted
classic	failed	105	LONELINESS	0x1406af630	0x1406af8ca				native default: no caption emitted
classic	failed	106	LONGING	0x1406af630	0x1406af8ca				native default: no caption emitted
classic	failed	107	LOVE	0x1406af630	0x1406af8ca				native default: no caption emitted
classic	failed	108	LOVESICKNESS	0x1406af630	0x1406af8ca				native default: no caption emitted
classic	failed	109	LUST	0x1406af630	0x1406af8ca				native default: no caption emitted
classic	failed	110	MELANCHOLY	0x1406af630	0x1406af8ca				native default: no caption emitted
classic	failed	111	MISERY	0x1406af630	0x1406b07e3	Fail the struggle against great misery	0x1406b07e3	0x1416718c8	caption + complete event when event length > 1
classic	failed	112	MORTIFICATION	0x1406af630	0x1406b086f	Fail the struggle against great mortification	0x1406b086f	0x141671840	caption + complete event when event length > 1
classic	failed	113	NEGLECT	0x1406af630	0x1406af8ca				native default: no caption emitted
classic	failed	114	NERVOUSNESS	0x1406af630	0x1406af8ca				native default: no caption emitted
classic	failed	115	NOSTALGIA	0x1406af630	0x1406af8ca				native default: no caption emitted
classic	failed	116	OPTIMISM	0x1406af630	0x1406af8ca				native default: no caption emitted
classic	failed	117	OUTRAGE	0x1406af630	0x1406af8ca				native default: no caption emitted
classic	failed	118	PANIC	0x1406af630	0x1406af8ca				native default: no caption emitted
classic	failed	119	PATIENCE	0x1406af630	0x1406af8ca				native default: no caption emitted
classic	failed	120	PASSION	0x1406af630	0x1406af8ca				native default: no caption emitted
classic	failed	121	PESSIMISM	0x1406af630	0x1406af8ca				native default: no caption emitted
classic	failed	122	PITY	0x1406af630	0x1406af8ca				native default: no caption emitted
classic	failed	123	PLEASURE	0x1406af630	0x1406af8ca				native default: no caption emitted
classic	failed	124	PRIDE	0x1406af630	0x1406af8ca				native default: no caption emitted
classic	failed	125	RAGE	0x1406af630	0x1406afe2e	Fail the struggle against great rage	0x1406afe53,0x1406afeae	0x141671e58,0x141671e58	caption + complete event when event length > 1
classic	failed	126	RAPTURE	0x1406af630	0x1406af8ca				native default: no caption emitted
classic	failed	127	REJECTION	0x1406af630	0x1406af8ca				native default: no caption emitted
classic	failed	128	RELIEF	0x1406af630	0x1406af8ca				native default: no caption emitted
classic	failed	129	REGRET	0x1406af630	0x1406af8ca				native default: no caption emitted
classic	failed	130	REMORSE	0x1406af630	0x1406af8ca				native default: no caption emitted
classic	failed	131	REPENTANCE	0x1406af630	0x1406af8ca				native default: no caption emitted
classic	failed	132	RESENTMENT	0x1406af630	0x1406af8ca				native default: no caption emitted
classic	failed	133	REVULSION	0x1406af630	0x1406af8ca				native default: no caption emitted
classic	failed	134	RIGHTEOUS_INDIGNATION	0x1406af630	0x1406af8ca				native default: no caption emitted
classic	failed	135	SADNESS	0x1406af630	0x1406b017a	Fail the struggle against great sadness	0x1406b019f,0x1406b01fa	0x141671e08,0x141671e08	caption + complete event when event length > 1
classic	failed	136	SATISFACTION	0x1406af630	0x1406af8ca				native default: no caption emitted
classic	failed	137	SCORN	0x1406af630	0x1406af8ca				native default: no caption emitted
classic	failed	138	SELF_PITY	0x1406af630	0x1406af8ca				native default: no caption emitted
classic	failed	139	SENTIMENTAL	0x1406af630	0x1406af8ca				native default: no caption emitted
classic	failed	140	SERVILE	0x1406af630	0x1406af8ca				native default: no caption emitted
classic	failed	141	SHAKEN	0x1406af630	0x1406b08fb	Fail the internal struggle, completely shaken	0x1406b08fb	0x141671870	caption + complete event when event length > 1
classic	failed	142	SHAME	0x1406af630	0x1406af8ca				native default: no caption emitted
classic	failed	143	SHOCK	0x1406af630	0x1406af91d	Fail the struggle against great shock	0x1406af942,0x1406af99d	0x141671e80,0x141671e80	caption + complete event when event length > 1
classic	failed	144	SORROW	0x1406af630	0x1406af8ca				native default: no caption emitted
classic	failed	145	SPITE	0x1406af630	0x1406af8ca				native default: no caption emitted
classic	failed	146	SUFFERING	0x1406af630	0x1406af8ca				native default: no caption emitted
classic	failed	147	SURPRISE	0x1406af630	0x1406af8ca				native default: no caption emitted
classic	failed	148	SUSPICION	0x1406af630	0x1406af8ca				native default: no caption emitted
classic	failed	149	SYMPATHY	0x1406af630	0x1406af8ca				native default: no caption emitted
classic	failed	150	TENDERNESS	0x1406af630	0x1406af8ca				native default: no caption emitted
classic	failed	151	TENSENESS	0x1406af630	0x1406af8ca				native default: no caption emitted
classic	failed	152	TERROR	0x1406af630	0x1406b0336	Fail the struggle against great terror	0x1406b035b,0x1406b03b6	0x141671998,0x141671998	caption + complete event when event length > 1
classic	failed	153	THRILL	0x1406af630	0x1406af8ca				native default: no caption emitted
classic	failed	154	TORMENT	0x1406af630	0x1406af8ca				native default: no caption emitted
classic	failed	155	TRIUMPH	0x1406af630	0x1406af8ca				native default: no caption emitted
classic	failed	156	UNEASINESS	0x1406af630	0x1406af8ca				native default: no caption emitted
classic	failed	157	UNHAPPINESS	0x1406af630	0x1406af8ca				native default: no caption emitted
classic	failed	158	VENGEFULNESS	0x1406af630	0x1406af8ca				native default: no caption emitted
classic	failed	159	WOE	0x1406af630	0x1406af8ca				native default: no caption emitted
classic	failed	160	WONDER	0x1406af630	0x1406af8ca				native default: no caption emitted
classic	failed	161	WORRY	0x1406af630	0x1406af8ca				native default: no caption emitted
classic	failed	162	WRATH	0x1406af630	0x1406af8ca				native default: no caption emitted
classic	failed	163	ZEAL	0x1406af630	0x1406af8ca				native default: no caption emitted
classic	failed	164	ZEST	0x1406af630	0x1406af8ca				native default: no caption emitted
classic	failed	165	INSTINCTUAL_HUNT	0x1406af630	0x1406af8ca				native default: no caption emitted
classic	failed	166	BOGEYMAN_TAUNT	0x1406af630	0x1406af8ca				native default: no caption emitted
classic	failed	167	RESTLESS	0x1406af630	0x1406af8ca				native default: no caption emitted
classic	failed	168	ADMIRATION	0x1406af630	0x1406af8ca				native default: no caption emitted
classic	failed	out-of-range	NONE_OR_INVALID	0x1406af630	0x1406af8ca				native default: no caption emitted
classic	breaking-point	0	ACCEPTANCE	0x1406b0bc0	0x1406b137c	State feelings of great acceptance	0x1406b137c	0x1416725b0	caption + complete event when event length > 1
classic	breaking-point	1	ADORATION	0x1406b0bc0	0x1406b170c	State feelings of great adoration	0x1406b170c	0x1416731e0	caption + complete event when event length > 1
classic	breaking-point	2	AFFECTION	0x1406b0bc0	0x1406b1718	State feelings of great affection	0x1406b1718	0x141673208	caption + complete event when event length > 1
classic	breaking-point	3	AGITATION	0x1406b0bc0	0x1406b1394	State feelings of great agitation	0x1406b1394	0x141672560	caption + complete event when event length > 1
classic	breaking-point	4	AGGRAVATION	0x1406b0bc0	0x1406b13a0	State feelings of great aggravation	0x1406b13a0	0x141672588	caption + complete event when event length > 1
classic	breaking-point	5	AGONY	0x1406b0bc0	0x1406b0ff8	Verbally struggle against great agony	0x1406b0ff8	0x141671a60	caption + complete event when event length > 1
classic	breaking-point	6	ALARM	0x1406b0bc0	0x1406b0c6c	Verbally struggle against great alarm	0x1406b0c6c	0x1416717b0	caption + complete event when event length > 1
classic	breaking-point	7	ALIENATION	0x1406b0bc0	0x1406b13ac	State feelings of great alienation	0x1406b13ac	0x141672510	caption + complete event when event length > 1
classic	breaking-point	8	AMAZEMENT	0x1406b0bc0	0x1406b13b8	State feelings of great amazement	0x1406b13b8	0x141672538	caption + complete event when event length > 1
classic	breaking-point	9	AMBIVALENCE	0x1406b0bc0	0x1406b13c4	State feelings of great ambivalence	0x1406b13c4	0x1416724c8	caption + complete event when event length > 1
classic	breaking-point	10	AMUSEMENT	0x1406b0bc0	0x1406b1724	State feelings of great amusement	0x1406b1724	0x141673190	caption + complete event when event length > 1
classic	breaking-point	11	ANGER	0x1406b0bc0	0x1406b13d0	State feelings of great anger	0x1406b13d0	0x1416724f0	caption + complete event when event length > 1
classic	breaking-point	12	ANGST	0x1406b0bc0	0x1406b17f0	Verbally struggle against looming existential crisis	0x1406b17f0	0x141672af0	caption + complete event when event length > 1
classic	breaking-point	13	ANGUISH	0x1406b0bc0	0x1406b105c	Verbally struggle against great anguish	0x1406b105c	0x1416719e8	caption + complete event when event length > 1
classic	breaking-point	14	ANNOYANCE	0x1406b0bc0	0x1406b13dc	State feelings of great annoyance	0x1406b13dc	0x141672480	caption + complete event when event length > 1
classic	breaking-point	15	ANTICIPATION	0x1406b0bc0	0x1406b19c9				native default: no caption emitted
classic	breaking-point	16	ANXIETY	0x1406b0bc0	0x1406b13e8	State feelings of great anxiety	0x1406b13e8	0x1416724a8	caption + complete event when event length > 1
classic	breaking-point	17	APATHY	0x1406b0bc0	0x1406b13f4	State feelings of great apathy	0x1406b13f4	0x141672908	caption + complete event when event length > 1
classic	breaking-point	18	APPREHENSION	0x1406b0bc0	0x1406b19c9				native default: no caption emitted
classic	breaking-point	19	AROUSAL	0x1406b0bc0	0x1406b1400	State feelings of great arousal	0x1406b1400	0x141672928	caption + complete event when event length > 1
classic	breaking-point	20	ASTONISHMENT	0x1406b0bc0	0x1406b140c	State feelings of great astonishment	0x1406b140c	0x1416728b8	caption + complete event when event length > 1
classic	breaking-point	21	ATTRACTION	0x1406b0bc0	0x1406b19c9				native default: no caption emitted
classic	breaking-point	22	AVERSION	0x1406b0bc0	0x1406b1418	State feelings of great aversion	0x1406b1418	0x1416728e0	caption + complete event when event length > 1
classic	breaking-point	23	AWE	0x1406b0bc0	0x1406b1424	State feelings of great awe	0x1406b1424	0x141672870	caption + complete event when event length > 1
classic	breaking-point	24	BITTERNESS	0x1406b0bc0	0x1406b1430	State feelings of great bitterness	0x1406b1430	0x141672890	caption + complete event when event length > 1
classic	breaking-point	25	BLISS	0x1406b0bc0	0x1406b0f58	State feelings of great bliss	0x1406b0f58	0x141671b38	caption + complete event when event length > 1
classic	breaking-point	26	BOREDOM	0x1406b0bc0	0x1406b143c	State feelings of great boredom	0x1406b143c	0x141672830	caption + complete event when event length > 1
classic	breaking-point	27	CARING	0x1406b0bc0	0x1406b1448	State feelings of great caring	0x1406b1448	0x141672850	caption + complete event when event length > 1
classic	breaking-point	28	CHEERFULNESS	0x1406b0bc0	0x1406b19c9				native default: no caption emitted
classic	breaking-point	29	CONFUSION	0x1406b0bc0	0x1406b1454	State feelings of great confusion	0x1406b1454	0x1416727e0	caption + complete event when event length > 1
classic	breaking-point	30	CONTEMPT	0x1406b0bc0	0x1406b1460	State feelings of great contempt	0x1406b1460	0x141672808	caption + complete event when event length > 1
classic	breaking-point	31	CONTENTMENT	0x1406b0bc0	0x1406b1730	State feelings of great contentment	0x1406b1730	0x1416731b8	caption + complete event when event length > 1
classic	breaking-point	32	COURAGE	0x1406b0bc0	0x1406b19c9				native default: no caption emitted
classic	breaking-point	33	CURIOSITY	0x1406b0bc0	0x1406b19c9				native default: no caption emitted
classic	breaking-point	34	DEFEAT	0x1406b0bc0	0x1406b1854	Verbally struggle, greatly defeated	0x1406b1854	0x141672a78	caption + complete event when event length > 1
classic	breaking-point	35	DEJECTION	0x1406b0bc0	0x1406b146c	State feelings of great dejection	0x1406b146c	0x141672790	caption + complete event when event length > 1
classic	breaking-point	36	DELIGHT	0x1406b0bc0	0x1406b173c	State feelings of great delight	0x1406b173c	0x141673150	caption + complete event when event length > 1
classic	breaking-point	37	DEPRESSION	0x1406b0bc0	0x1406b19c9				native default: no caption emitted
classic	breaking-point	38	DESIRE	0x1406b0bc0	0x1406b19c9				native default: no caption emitted
classic	breaking-point	39	DESPAIR	0x1406b0bc0	0x1406b10c0	Verbally struggle against great despair	0x1406b10c0	0x141671a10	caption + complete event when event length > 1
classic	breaking-point	40	DISAPPOINTMENT	0x1406b0bc0	0x1406b1478	State feelings of great disappointment	0x1406b1478	0x1416727b8	caption + complete event when event length > 1
classic	breaking-point	41	DISGUST	0x1406b0bc0	0x1406b1484	State feelings of great disgust	0x1406b1484	0x141672748	caption + complete event when event length > 1
classic	breaking-point	42	DISILLUSIONED	0x1406b0bc0	0x1406b1490	State feelings of great disillusionment	0x1406b1490	0x141672768	caption + complete event when event length > 1
classic	breaking-point	43	DISLIKE	0x1406b0bc0	0x1406b149c	State feelings of great dislike	0x1406b149c	0x141672700	caption + complete event when event length > 1
classic	breaking-point	44	DISMAY	0x1406b0bc0	0x1406b1124	Verbally struggle against great dismay	0x1406b1124	0x1416726a8	caption + complete event when event length > 1
classic	breaking-point	45	DISPLEASURE	0x1406b0bc0	0x1406b14a8	State feelings of great displeasure	0x1406b14a8	0x141672720	caption + complete event when event length > 1
classic	breaking-point	46	DISTRESS	0x1406b0bc0	0x1406b1188	Verbally struggle against great distress	0x1406b1188	0x1416726d0	caption + complete event when event length > 1
classic	breaking-point	47	DOUBT	0x1406b0bc0	0x1406b18c4	Verbally struggle against great doubt	0x1406b18c4	0x141672a28	caption + complete event when event length > 1
classic	breaking-point	48	DREAD	0x1406b0bc0	0x1406b19c9				native default: no caption emitted
classic	breaking-point	49	EAGERNESS	0x1406b0bc0	0x1406b14b4	State feelings of great eagerness	0x1406b14b4	0x1416721d8	caption + complete event when event length > 1
classic	breaking-point	50	ECSTASY	0x1406b0bc0	0x1406b19c9				native default: no caption emitted
classic	breaking-point	51	ELATION	0x1406b0bc0	0x1406b1748	State feelings of great elation	0x1406b1748	0x141673170	caption + complete event when event length > 1
classic	breaking-point	52	EMBARRASSMENT	0x1406b0bc0	0x1406b14c0	State feelings of great embarrassment	0x1406b14c0	0x141672200	caption + complete event when event length > 1
classic	breaking-point	53	EMPATHY	0x1406b0bc0	0x1406b14cc	State feelings of great empathy	0x1406b14cc	0x141672190	caption + complete event when event length > 1
classic	breaking-point	54	EMPTINESS	0x1406b0bc0	0x1406b14d8	State feelings of great emptiness	0x1406b14d8	0x1416721b0	caption + complete event when event length > 1
classic	breaking-point	55	ENJOYMENT	0x1406b0bc0	0x1406b1754	State feelings of great enjoyment	0x1406b1754	0x141673100	caption + complete event when event length > 1
classic	breaking-point	56	ENTHRALLMENT	0x1406b0bc0	0x1406b19c9				native default: no caption emitted
classic	breaking-point	57	ENTHUSIASM	0x1406b0bc0	0x1406b1928	State feelings of great enthusiasm	0x1406b1928	0x141672a50	caption + complete event when event length > 1
classic	breaking-point	58	ENVY	0x1406b0bc0	0x1406b19c9				native default: no caption emitted
classic	breaking-point	59	EUPHORIA	0x1406b0bc0	0x1406b1992	State feelings of great euphoria	0x1406b1992	0x141672a00	caption + complete event when event length > 1
classic	breaking-point	60	EXASPERATION	0x1406b0bc0	0x1406b14e4	State feelings of great exasperation	0x1406b14e4	0x141672140	caption + complete event when event length > 1
classic	breaking-point	61	EXCITEMENT	0x1406b0bc0	0x1406b0f64	State feelings of great excitement	0x1406b0f64	0x141671ad0	caption + complete event when event length > 1
classic	breaking-point	62	EXHILARATION	0x1406b0bc0	0x1406b1760	State feelings of great exhilaration	0x1406b1760	0x141673128	caption + complete event when event length > 1
classic	breaking-point	63	EXPECTANT	0x1406b0bc0	0x1406b18b8	State feelings, greatly expectant	0x1406b18b8	0x141672aa0	caption + complete event when event length > 1
classic	breaking-point	64	FEAR	0x1406b0bc0	0x1406b0e78	Verbally struggle against great fear	0x1406b0e78	0x141671bd8	caption + complete event when event length > 1
classic	breaking-point	65	FEROCITY	0x1406b0bc0	0x1406b14f0	State feelings of great ferocity	0x1406b14f0	0x141672168	caption + complete event when event length > 1
classic	breaking-point	66	FONDNESS	0x1406b0bc0	0x1406b176c	State feelings of great fondness	0x1406b176c	0x1416730b8	caption + complete event when event length > 1
classic	breaking-point	67	FREE	0x1406b0bc0	0x1406b1778	State feelings of great freedom	0x1406b1778	0x1416730e0	caption + complete event when event length > 1
classic	breaking-point	68	FRIGHT	0x1406b0bc0	0x1406b11ec	Verbally struggle against great fright	0x1406b11ec	0x141672658	caption + complete event when event length > 1
classic	breaking-point	69	FRUSTRATION	0x1406b0bc0	0x1406b14fc	State feelings of great frustration	0x1406b14fc	0x1416720f8	caption + complete event when event length > 1
classic	breaking-point	70	FURY	0x1406b0bc0	0x1406b19c9				native default: no caption emitted
classic	breaking-point	71	GAIETY	0x1406b0bc0	0x1406b0f70	State feelings of great gaiety	0x1406b0f70	0x141671af8	caption + complete event when event length > 1
classic	breaking-point	72	GLADNESS	0x1406b0bc0	0x1406b19c9				native default: no caption emitted
classic	breaking-point	73	GLEE	0x1406b0bc0	0x1406b1784	State feelings of great flee	0x1406b1784	0x141673070	caption + complete event when event length > 1
classic	breaking-point	74	GLOOM	0x1406b0bc0	0x1406b1508	State feelings of great gloom	0x1406b1508	0x141672120	caption + complete event when event length > 1
classic	breaking-point	75	GLUMNESS	0x1406b0bc0	0x1406b1514	State feelings of great glumness	0x1406b1514	0x1416720a8	caption + complete event when event length > 1
classic	breaking-point	76	GRATITUDE	0x1406b0bc0	0x1406b1520	State feelings of great gratitude	0x1406b1520	0x1416720d0	caption + complete event when event length > 1
classic	breaking-point	77	GRATIFICATION	0x1406b0bc0	0x1406b19c9				native default: no caption emitted
classic	breaking-point	78	GRIEF	0x1406b0bc0	0x1406b0d98	Verbally struggle against great grief	0x1406b0d98	0x141671c00	caption + complete event when event length > 1
classic	breaking-point	79	GRIM_SATISFACTION	0x1406b0bc0	0x1406b0e6c	State feelings of great grim satisfaction	0x1406b0e6c	0x141671ba8	caption + complete event when event length > 1
classic	breaking-point	80	GROUCHINESS	0x1406b0bc0	0x1406b152c	State feelings of great grouchiness	0x1406b152c	0x141672058	caption + complete event when event length > 1
classic	breaking-point	81	GRUMPINESS	0x1406b0bc0	0x1406b1538	State feelings of great grumpiness	0x1406b1538	0x141672080	caption + complete event when event length > 1
classic	breaking-point	82	GUILT	0x1406b0bc0	0x1406b1544	State feelings of great guilt	0x1406b1544	0x141672018	caption + complete event when event length > 1
classic	breaking-point	83	HAPPINESS	0x1406b0bc0	0x1406b1790	State feelings of great happiness	0x1406b1790	0x141673090	caption + complete event when event length > 1
classic	breaking-point	84	HATRED	0x1406b0bc0	0x1406b1550	State feelings of great hatred	0x1406b1550	0x141672038	caption + complete event when event length > 1
classic	breaking-point	85	HOMESICKNESS	0x1406b0bc0	0x1406b19c9				native default: no caption emitted
classic	breaking-point	86	HOPE	0x1406b0bc0	0x1406b155c	State feelings of great hope	0x1406b155c	0x141671fd0	caption + complete event when event length > 1
classic	breaking-point	87	HOPELESSNESS	0x1406b0bc0	0x1406b1568	State feelings of great hopelessness	0x1406b1568	0x141671ff0	caption + complete event when event length > 1
classic	breaking-point	88	HORROR	0x1406b0bc0	0x1406b0d34	Verbally struggle against great horror	0x1406b0d34	0x141671788	caption + complete event when event length > 1
classic	breaking-point	89	HOSTILITY	0x1406b0bc0	0x1406b19c9				native default: no caption emitted
classic	breaking-point	90	HUMILIATION	0x1406b0bc0	0x1406b1574	State feelings of great humiliation	0x1406b1574	0x141672438	caption + complete event when event length > 1
classic	breaking-point	91	HURT	0x1406b0bc0	0x1406b19c9				native default: no caption emitted
classic	breaking-point	92	HYSTERIA	0x1406b0bc0	0x1406b19c9				native default: no caption emitted
classic	breaking-point	93	INFATUATED	0x1406b0bc0	0x1406b19c9				native default: no caption emitted
classic	breaking-point	94	INSECURITY	0x1406b0bc0	0x1406b19c9				native default: no caption emitted
classic	breaking-point	95	INSULT	0x1406b0bc0	0x1406b1580	State feelings of great insult	0x1406b1580	0x141672460	caption + complete event when event length > 1
classic	breaking-point	96	INTEREST	0x1406b0bc0	0x1406b158c	State feelings of great interest	0x1406b158c	0x1416723e8	caption + complete event when event length > 1
classic	breaking-point	97	IRRITATION	0x1406b0bc0	0x1406b1598	State feelings of great irritation	0x1406b1598	0x141672410	caption + complete event when event length > 1
classic	breaking-point	98	ISOLATION	0x1406b0bc0	0x1406b15a4	State feelings of great isolation	0x1406b15a4	0x141672398	caption + complete event when event length > 1
classic	breaking-point	99	JEALOUSY	0x1406b0bc0	0x1406b19c9				native default: no caption emitted
classic	breaking-point	100	JOLLINESS	0x1406b0bc0	0x1406b179c	State feelings of great jolliness	0x1406b179c	0x141673020	caption + complete event when event length > 1
classic	breaking-point	101	JOVIALITY	0x1406b0bc0	0x1406b17a8	State feelings of great joviality	0x1406b17a8	0x141673048	caption + complete event when event length > 1
classic	breaking-point	102	JOY	0x1406b0bc0	0x1406b0f7c	State feelings of great joy	0x1406b0f7c	0x141671a88	caption + complete event when event length > 1
classic	breaking-point	103	JUBILATION	0x1406b0bc0	0x1406b17b4	State feelings of great jubilation	0x1406b17b4	0x141672b70	caption + complete event when event length > 1
classic	breaking-point	104	LOATHING	0x1406b0bc0	0x1406b15b0	State feelings of great loathing	0x1406b15b0	0x1416723c0	caption + complete event when event length > 1
classic	breaking-point	105	LONELINESS	0x1406b0bc0	0x1406b15bc	State feelings of great loneliness	0x1406b15bc	0x141672350	caption + complete event when event length > 1
classic	breaking-point	106	LONGING	0x1406b0bc0	0x1406b19c9				native default: no caption emitted
classic	breaking-point	107	LOVE	0x1406b0bc0	0x1406b0f4c	State feelings of great love	0x1406b0f4c	0x141671b18	caption + complete event when event length > 1
classic	breaking-point	108	LOVESICKNESS	0x1406b0bc0	0x1406b19c9				native default: no caption emitted
classic	breaking-point	109	LUST	0x1406b0bc0	0x1406b15c8	State feelings of great lust	0x1406b15c8	0x141672378	caption + complete event when event length > 1
classic	breaking-point	110	MELANCHOLY	0x1406b0bc0	0x1406b19c9				native default: no caption emitted
classic	breaking-point	111	MISERY	0x1406b0bc0	0x1406b1250	Verbally struggle against great misery	0x1406b1250	0x141672680	caption + complete event when event length > 1
classic	breaking-point	112	MORTIFICATION	0x1406b0bc0	0x1406b12b4	Verbally struggle against great mortification	0x1406b12b4	0x141672600	caption + complete event when event length > 1
classic	breaking-point	113	NEGLECT	0x1406b0bc0	0x1406b19c9				native default: no caption emitted
classic	breaking-point	114	NERVOUSNESS	0x1406b0bc0	0x1406b15d4	State feelings of great nervousness	0x1406b15d4	0x141672300	caption + complete event when event length > 1
classic	breaking-point	115	NOSTALGIA	0x1406b0bc0	0x1406b15e0	State feelings of great nostalgia	0x1406b15e0	0x141672328	caption + complete event when event length > 1
classic	breaking-point	116	OPTIMISM	0x1406b0bc0	0x1406b15ec	State feelings of great optimism	0x1406b15ec	0x1416722b8	caption + complete event when event length > 1
classic	breaking-point	117	OUTRAGE	0x1406b0bc0	0x1406b15f8	State feelings of great outrage	0x1406b15f8	0x1416722e0	caption + complete event when event length > 1
classic	breaking-point	118	PANIC	0x1406b0bc0	0x1406b1604	State feelings of great panic	0x1406b1604	0x141672270	caption + complete event when event length > 1
classic	breaking-point	119	PATIENCE	0x1406b0bc0	0x1406b1610	State feelings of great patience	0x1406b1610	0x141672290	caption + complete event when event length > 1
classic	breaking-point	120	PASSION	0x1406b0bc0	0x1406b161c	State feelings of great passion	0x1406b161c	0x141672228	caption + complete event when event length > 1
classic	breaking-point	121	PESSIMISM	0x1406b0bc0	0x1406b1931	Verbally struggle against great pessimism	0x1406b1931	0x1416729d0	caption + complete event when event length > 1
classic	breaking-point	122	PITY	0x1406b0bc0	0x1406b19c9				native default: no caption emitted
classic	breaking-point	123	PLEASURE	0x1406b0bc0	0x1406b17c0	State feelings of great pleasure	0x1406b17c0	0x141672b98	caption + complete event when event length > 1
classic	breaking-point	124	PRIDE	0x1406b0bc0	0x1406b17cc	State feelings of great pride	0x1406b17cc	0x141672b28	caption + complete event when event length > 1
classic	breaking-point	125	RAGE	0x1406b0bc0	0x1406b0e08	Fail the struggle against great rage	0x1406b0e08	0x141671e58	caption + complete event when event length > 1
classic	breaking-point	126	RAPTURE	0x1406b0bc0	0x1406b17d8	State feelings, greatly enraptured	0x1406b17d8	0x141672b48	caption + complete event when event length > 1
classic	breaking-point	127	REJECTION	0x1406b0bc0	0x1406b1628	State feelings of great rejection	0x1406b1628	0x141672248	caption + complete event when event length > 1
classic	breaking-point	128	RELIEF	0x1406b0bc0	0x1406b1634	State feelings of great relief	0x1406b1634	0x141672fe0	caption + complete event when event length > 1
classic	breaking-point	129	REGRET	0x1406b0bc0	0x1406b1640	State feelings of great regret	0x1406b1640	0x141673000	caption + complete event when event length > 1
classic	breaking-point	130	REMORSE	0x1406b0bc0	0x1406b164c	State feelings of great remorse	0x1406b164c	0x141672f98	caption + complete event when event length > 1
classic	breaking-point	131	REPENTANCE	0x1406b0bc0	0x1406b1658	State feelings of great repentance	0x1406b1658	0x141672fb8	caption + complete event when event length > 1
classic	breaking-point	132	RESENTMENT	0x1406b0bc0	0x1406b1664	State feelings of great resentment	0x1406b1664	0x141672f48	caption + complete event when event length > 1
classic	breaking-point	133	REVULSION	0x1406b0bc0	0x1406b19c9				native default: no caption emitted
classic	breaking-point	134	RIGHTEOUS_INDIGNATION	0x1406b0bc0	0x1406b167c	State feelings of great righteous indignation	0x1406b167c	0x141672ef0	caption + complete event when event length > 1
classic	breaking-point	135	SADNESS	0x1406b0bc0	0x1406b0edc	Verbally struggle against great sadness	0x1406b0edc	0x141671b58	caption + complete event when event length > 1
classic	breaking-point	136	SATISFACTION	0x1406b0bc0	0x1406b0f40	State feelings of great satisfaction	0x1406b0f40	0x141671b80	caption + complete event when event length > 1
classic	breaking-point	137	SCORN	0x1406b0bc0	0x1406b19c9				native default: no caption emitted
classic	breaking-point	138	SELF_PITY	0x1406b0bc0	0x1406b1688	State feelings of great self-pity	0x1406b1688	0x141672f20	caption + complete event when event length > 1
classic	breaking-point	139	SENTIMENTAL	0x1406b0bc0	0x1406b19c9				native default: no caption emitted
classic	breaking-point	140	SERVILE	0x1406b0bc0	0x1406b1694	State feelings of great servility	0x1406b1694	0x141672ea8	caption + complete event when event length > 1
classic	breaking-point	141	SHAKEN	0x1406b0bc0	0x1406b1318	Verbally struggle, greatly shaken	0x1406b1318	0x141672630	caption + complete event when event length > 1
classic	breaking-point	142	SHAME	0x1406b0bc0	0x1406b16a0	State feelings of great shame	0x1406b16a0	0x141672ed0	caption + complete event when event length > 1
classic	breaking-point	143	SHOCK	0x1406b0bc0	0x1406b0cd0	Verbally struggle against great shock	0x1406b0cd0	0x141671760	caption + complete event when event length > 1
classic	breaking-point	144	SORROW	0x1406b0bc0	0x1406b19c9				native default: no caption emitted
classic	breaking-point	145	SPITE	0x1406b0bc0	0x1406b19c9				native default: no caption emitted
classic	breaking-point	146	SUFFERING	0x1406b0bc0	0x1406b19c9				native default: no caption emitted
classic	breaking-point	147	SURPRISE	0x1406b0bc0	0x1406b19c9				native default: no caption emitted
classic	breaking-point	148	SUSPICION	0x1406b0bc0	0x1406b0c60	State feelings of great suspicion	0x1406b0c60	0x141671818	caption + complete event when event length > 1
classic	breaking-point	149	SYMPATHY	0x1406b0bc0	0x1406b16ac	State feelings of great sympathy	0x1406b16ac	0x141672e58	caption + complete event when event length > 1
classic	breaking-point	150	TENDERNESS	0x1406b0bc0	0x1406b16b8	State feelings of great tenderness	0x1406b16b8	0x141672e80	caption + complete event when event length > 1
classic	breaking-point	151	TENSENESS	0x1406b0bc0	0x1406b19c9				native default: no caption emitted
classic	breaking-point	152	TERROR	0x1406b0bc0	0x1406b0f94	Verbally struggle against great terror	0x1406b0f94	0x141671a38	caption + complete event when event length > 1
classic	breaking-point	153	THRILL	0x1406b0bc0	0x1406b17e4	State feelings, greatly thrilled	0x1406b17e4	0x141672ac8	caption + complete event when event length > 1
classic	breaking-point	154	TORMENT	0x1406b0bc0	0x1406b19c9				native default: no caption emitted
classic	breaking-point	155	TRIUMPH	0x1406b0bc0	0x1406b0dfc	State feelings of great triumph	0x1406b0dfc	0x141671c28	caption + complete event when event length > 1
classic	breaking-point	156	UNEASINESS	0x1406b0bc0	0x1406b16c4	State feelings of great uneasiness	0x1406b16c4	0x141672e08	caption + complete event when event length > 1
classic	breaking-point	157	UNHAPPINESS	0x1406b0bc0	0x1406b16d0	State feelings of great unhappiness	0x1406b16d0	0x141672e30	caption + complete event when event length > 1
classic	breaking-point	158	VENGEFULNESS	0x1406b0bc0	0x1406b0f88	State feelings of great vengefulness	0x1406b0f88	0x141671aa8	caption + complete event when event length > 1
classic	breaking-point	159	WOE	0x1406b0bc0	0x1406b19c9				native default: no caption emitted
classic	breaking-point	160	WONDER	0x1406b0bc0	0x1406b16dc	State feelings of great wonder	0x1406b16dc	0x141672dc8	caption + complete event when event length > 1
classic	breaking-point	161	WORRY	0x1406b0bc0	0x1406b16e8	State feelings of great worry	0x1406b16e8	0x141672de8	caption + complete event when event length > 1
classic	breaking-point	162	WRATH	0x1406b0bc0	0x1406b16f4	State feelings of great wrath	0x1406b16f4	0x141673230	caption + complete event when event length > 1
classic	breaking-point	163	ZEAL	0x1406b0bc0	0x1406b1700	State feelings of great zeal	0x1406b1700	0x141673250	caption + complete event when event length > 1
classic	breaking-point	164	ZEST	0x1406b0bc0	0x1406b19c9				native default: no caption emitted
classic	breaking-point	165	INSTINCTUAL_HUNT	0x1406b0bc0	0x1406b19c9				native default: no caption emitted
classic	breaking-point	166	BOGEYMAN_TAUNT	0x1406b0bc0	0x1406b19c9				native default: no caption emitted
classic	breaking-point	167	RESTLESS	0x1406b0bc0	0x1406b1670	State feelings of great restlessness	0x1406b1670	0x141672f70	caption + complete event when event length > 1
classic	breaking-point	168	ADMIRATION	0x1406b0bc0	0x1406b1388	State feelings of great admiration	0x1406b1388	0x1416725d8	caption + complete event when event length > 1
classic	breaking-point	out-of-range	NONE_OR_INVALID	0x1406b0bc0	0x1406b19c9				native default: no caption emitted
classic	major	0	ACCEPTANCE	0x1406b1cb0	0x1406b246c	State feelings of acceptance	0x1406b246c	0x141673760	caption + complete event when event length > 1
classic	major	1	ADORATION	0x1406b1cb0	0x1406b27fc	State feelings of adoration	0x1406b27fc	0x141674250	caption + complete event when event length > 1
classic	major	2	AFFECTION	0x1406b1cb0	0x1406b2808	State feelings of affection	0x1406b2808	0x1416741f8	caption + complete event when event length > 1
classic	major	3	AGITATION	0x1406b1cb0	0x1406b2484	State feelings of agitation	0x1406b2484	0x141673720	caption + complete event when event length > 1
classic	major	4	AGGRAVATION	0x1406b1cb0	0x1406b2490	State feelings of aggravation	0x1406b2490	0x1416736c0	caption + complete event when event length > 1
classic	major	5	AGONY	0x1406b1cb0	0x1406b20e8	Verbally struggle against agony	0x1406b20e8	0x141672bc0	caption + complete event when event length > 1
classic	major	6	ALARM	0x1406b1cb0	0x1406b1d5c	Verbally struggle against alarm	0x1406b1d5c	0x1416729b0	caption + complete event when event length > 1
classic	major	7	ALIENATION	0x1406b1cb0	0x1406b249c	State feelings of alienation	0x1406b249c	0x1416736e0	caption + complete event when event length > 1
classic	major	8	AMAZEMENT	0x1406b1cb0	0x1406b24a8	State feelings of amazement	0x1406b24a8	0x141673680	caption + complete event when event length > 1
classic	major	9	AMBIVALENCE	0x1406b1cb0	0x1406b24b4	State feelings of ambivalence	0x1406b24b4	0x1416736a0	caption + complete event when event length > 1
classic	major	10	AMUSEMENT	0x1406b1cb0	0x1406b2814	State feelings of amusement	0x1406b2814	0x141674218	caption + complete event when event length > 1
classic	major	11	ANGER	0x1406b1cb0	0x1406b24c0	State feelings of anger	0x1406b24c0	0x141673648	caption + complete event when event length > 1
classic	major	12	ANGST	0x1406b1cb0	0x1406b28e0	Verbally struggle against existential crisis	0x1406b28e0	0x141673b88	caption + complete event when event length > 1
classic	major	13	ANGUISH	0x1406b1cb0	0x1406b214c	Verbally struggle against anguish	0x1406b214c	0x141672be0	caption + complete event when event length > 1
classic	major	14	ANNOYANCE	0x1406b1cb0	0x1406b24cc	State feelings of annoyance	0x1406b24cc	0x141673660	caption + complete event when event length > 1
classic	major	15	ANTICIPATION	0x1406b1cb0	0x1406b2ab9				native default: no caption emitted
classic	major	16	ANXIETY	0x1406b1cb0	0x1406b24d8	State feelings of anxiety	0x1406b24d8	0x141673a38	caption + complete event when event length > 1
classic	major	17	APATHY	0x1406b1cb0	0x1406b24e4	State feelings of apathy	0x1406b24e4	0x141673a58	caption + complete event when event length > 1
classic	major	18	APPREHENSION	0x1406b1cb0	0x1406b2ab9				native default: no caption emitted
classic	major	19	AROUSAL	0x1406b1cb0	0x1406b24f0	State feelings of arousal	0x1406b24f0	0x1416739f8	caption + complete event when event length > 1
classic	major	20	ASTONISHMENT	0x1406b1cb0	0x1406b24fc	State feelings of astonishment	0x1406b24fc	0x141673a18	caption + complete event when event length > 1
classic	major	21	ATTRACTION	0x1406b1cb0	0x1406b2ab9				native default: no caption emitted
classic	major	22	AVERSION	0x1406b1cb0	0x1406b2508	State feelings of aversion	0x1406b2508	0x1416739c0	caption + complete event when event length > 1
classic	major	23	AWE	0x1406b1cb0	0x1406b2514	State feelings of awe	0x1406b2514	0x1416739e0	caption + complete event when event length > 1
classic	major	24	BITTERNESS	0x1406b1cb0	0x1406b2520	State feelings of bitterness	0x1406b2520	0x141673980	caption + complete event when event length > 1
classic	major	25	BLISS	0x1406b1cb0	0x1406b2048	State feelings of bliss	0x1406b2048	0x141672c88	caption + complete event when event length > 1
classic	major	26	BOREDOM	0x1406b1cb0	0x1406b252c	State feelings of boredom	0x1406b252c	0x1416739a0	caption + complete event when event length > 1
classic	major	27	CARING	0x1406b1cb0	0x1406b2538	State feelings of caring	0x1406b2538	0x141673940	caption + complete event when event length > 1
classic	major	28	CHEERFULNESS	0x1406b1cb0	0x1406b2ab9				native default: no caption emitted
classic	major	29	CONFUSION	0x1406b1cb0	0x1406b2544	State feelings of confusion	0x1406b2544	0x141673960	caption + complete event when event length > 1
classic	major	30	CONTEMPT	0x1406b1cb0	0x1406b2550	State feelings of contempt	0x1406b2550	0x141673900	caption + complete event when event length > 1
classic	major	31	CONTENTMENT	0x1406b1cb0	0x1406b2820	State feelings of contentment	0x1406b2820	0x1416741b8	caption + complete event when event length > 1
classic	major	32	COURAGE	0x1406b1cb0	0x1406b2ab9				native default: no caption emitted
classic	major	33	CURIOSITY	0x1406b1cb0	0x1406b2ab9				native default: no caption emitted
classic	major	34	DEFEAT	0x1406b1cb0	0x1406b2944	Verbally struggle, defeated	0x1406b2944	0x141673bb8	caption + complete event when event length > 1
classic	major	35	DEJECTION	0x1406b1cb0	0x1406b255c	State feelings of dejection	0x1406b255c	0x141673920	caption + complete event when event length > 1
classic	major	36	DELIGHT	0x1406b1cb0	0x1406b282c	State feelings of delight	0x1406b282c	0x1416741d8	caption + complete event when event length > 1
classic	major	37	DEPRESSION	0x1406b1cb0	0x1406b2ab9				native default: no caption emitted
classic	major	38	DESIRE	0x1406b1cb0	0x1406b2ab9				native default: no caption emitted
classic	major	39	DESPAIR	0x1406b1cb0	0x1406b21b0	Verbally struggle against despair	0x1406b21b0	0x141673820	caption + complete event when event length > 1
classic	major	40	DISAPPOINTMENT	0x1406b1cb0	0x1406b2568	State feelings of disappointment	0x1406b2568	0x1416738b8	caption + complete event when event length > 1
classic	major	41	DISGUST	0x1406b1cb0	0x1406b2574	State feelings of disgust	0x1406b2574	0x1416738e0	caption + complete event when event length > 1
classic	major	42	DISILLUSIONED	0x1406b1cb0	0x1406b2580	State feelings of disillusionment	0x1406b2580	0x141673870	caption + complete event when event length > 1
classic	major	43	DISLIKE	0x1406b1cb0	0x1406b258c	State feelings of dislike	0x1406b258c	0x141673898	caption + complete event when event length > 1
classic	major	44	DISMAY	0x1406b1cb0	0x1406b2214	Verbally struggle against dismay	0x1406b2214	0x141673848	caption + complete event when event length > 1
classic	major	45	DISPLEASURE	0x1406b1cb0	0x1406b2598	State feelings of displeasure	0x1406b2598	0x141673418	caption + complete event when event length > 1
classic	major	46	DISTRESS	0x1406b1cb0	0x1406b2278	Verbally struggle against distress	0x1406b2278	0x1416737d0	caption + complete event when event length > 1
classic	major	47	DOUBT	0x1406b1cb0	0x1406b29b4	Verbally struggle against doubt	0x1406b29b4	0x141673b68	caption + complete event when event length > 1
classic	major	48	DREAD	0x1406b1cb0	0x1406b2ab9				native default: no caption emitted
classic	major	49	EAGERNESS	0x1406b1cb0	0x1406b25a4	State feelings of eagerness	0x1406b25a4	0x141673438	caption + complete event when event length > 1
classic	major	50	ECSTASY	0x1406b1cb0	0x1406b2ab9				native default: no caption emitted
classic	major	51	ELATION	0x1406b1cb0	0x1406b2838	State feelings of elation	0x1406b2838	0x141674178	caption + complete event when event length > 1
classic	major	52	EMBARRASSMENT	0x1406b1cb0	0x1406b25b0	State feelings of embarassment	0x1406b25b0	0x1416733d8	caption + complete event when event length > 1
classic	major	53	EMPATHY	0x1406b1cb0	0x1406b25bc	State feelings of empathy	0x1406b25bc	0x1416733f8	caption + complete event when event length > 1
classic	major	54	EMPTINESS	0x1406b1cb0	0x1406b25c8	State feelings of emptiness	0x1406b25c8	0x141673398	caption + complete event when event length > 1
classic	major	55	ENJOYMENT	0x1406b1cb0	0x1406b2844	State feelings of enjoyment	0x1406b2844	0x141674198	caption + complete event when event length > 1
classic	major	56	ENTHRALLMENT	0x1406b1cb0	0x1406b2ab9				native default: no caption emitted
classic	major	57	ENTHUSIASM	0x1406b1cb0	0x1406b2a18	State feelings of enthusiasm	0x1406b2a18	0x141673b00	caption + complete event when event length > 1
classic	major	58	ENVY	0x1406b1cb0	0x1406b2ab9				native default: no caption emitted
classic	major	59	EUPHORIA	0x1406b1cb0	0x1406b2a82	State feelings of euphoria	0x1406b2a82	0x141673ab8	caption + complete event when event length > 1
classic	major	60	EXASPERATION	0x1406b1cb0	0x1406b25d4	State feelings of exasperation	0x1406b25d4	0x1416733b8	caption + complete event when event length > 1
classic	major	61	EXCITEMENT	0x1406b1cb0	0x1406b2054	State feelings of excitement	0x1406b2054	0x141672ca0	caption + complete event when event length > 1
classic	major	62	EXHILARATION	0x1406b1cb0	0x1406b2850	State feelings of exhilaration	0x1406b2850	0x141674138	caption + complete event when event length > 1
classic	major	63	EXPECTANT	0x1406b1cb0	0x1406b29a8	State feelings, expectant	0x1406b29a8	0x141673b48	caption + complete event when event length > 1
classic	major	64	FEAR	0x1406b1cb0	0x1406b1f68	Verbally struggle against fear	0x1406b1f68	0x141672cf8	caption + complete event when event length > 1
classic	major	65	FEROCITY	0x1406b1cb0	0x1406b25e0	State feelings of ferocity	0x1406b25e0	0x141673358	caption + complete event when event length > 1
classic	major	66	FONDNESS	0x1406b1cb0	0x1406b285c	State feelings of fondness	0x1406b285c	0x141674158	caption + complete event when event length > 1
classic	major	67	FREE	0x1406b1cb0	0x1406b2868	State feelings of freedom	0x1406b2868	0x141674100	caption + complete event when event length > 1
classic	major	68	FRIGHT	0x1406b1cb0	0x1406b22dc	Verbally struggle against fright	0x1406b22dc	0x1416737f8	caption + complete event when event length > 1
classic	major	69	FRUSTRATION	0x1406b1cb0	0x1406b25ec	State feelings of frustration	0x1406b25ec	0x141673378	caption + complete event when event length > 1
classic	major	70	FURY	0x1406b1cb0	0x1406b2ab9				native default: no caption emitted
classic	major	71	GAIETY	0x1406b1cb0	0x1406b2060	State feelings of gaiety	0x1406b2060	0x141672c50	caption + complete event when event length > 1
classic	major	72	GLADNESS	0x1406b1cb0	0x1406b2ab9				native default: no caption emitted
classic	major	73	GLEE	0x1406b1cb0	0x1406b2874	State feelings of glee	0x1406b2874	0x141674120	caption + complete event when event length > 1
classic	major	74	GLOOM	0x1406b1cb0	0x1406b25f8	State feelings of gloom	0x1406b25f8	0x141673320	caption + complete event when event length > 1
classic	major	75	GLUMNESS	0x1406b1cb0	0x1406b2604	State feelings of glumness	0x1406b2604	0x141673338	caption + complete event when event length > 1
classic	major	76	GRATITUDE	0x1406b1cb0	0x1406b2610	State feelings of gratitude	0x1406b2610	0x1416732e0	caption + complete event when event length > 1
classic	major	77	GRATIFICATION	0x1406b1cb0	0x1406b2ab9				native default: no caption emitted
classic	major	78	GRIEF	0x1406b1cb0	0x1406b1e88	Verbally struggle against grief	0x1406b1e88	0x141672d88	caption + complete event when event length > 1
classic	major	79	GRIM_SATISFACTION	0x1406b1cb0	0x1406b1f5c	State feelings of grim satisfaction	0x1406b1f5c	0x141672d60	caption + complete event when event length > 1
classic	major	80	GROUCHINESS	0x1406b1cb0	0x1406b261c	State feelings of grouchiness	0x1406b261c	0x141673300	caption + complete event when event length > 1
classic	major	81	GRUMPINESS	0x1406b1cb0	0x1406b2628	State feelings of grumpiness	0x1406b2628	0x1416732a8	caption + complete event when event length > 1
classic	major	82	GUILT	0x1406b1cb0	0x1406b2634	State feelings of guilt	0x1406b2634	0x1416732c8	caption + complete event when event length > 1
classic	major	83	HAPPINESS	0x1406b1cb0	0x1406b2880	State feelings of happiness	0x1406b2880	0x1416740c0	caption + complete event when event length > 1
classic	major	84	HATRED	0x1406b1cb0	0x1406b2640	State feelings of hatred	0x1406b2640	0x141673270	caption + complete event when event length > 1
classic	major	85	HOMESICKNESS	0x1406b1cb0	0x1406b2ab9				native default: no caption emitted
classic	major	86	HOPE	0x1406b1cb0	0x1406b264c	State feelings of hope	0x1406b264c	0x141673290	caption + complete event when event length > 1
classic	major	87	HOPELESSNESS	0x1406b1cb0	0x1406b2658	State feelings of hopelessness	0x1406b2658	0x141673608	caption + complete event when event length > 1
classic	major	88	HORROR	0x1406b1cb0	0x1406b1e24	Verbally struggle against horror	0x1406b1e24	0x141672968	caption + complete event when event length > 1
classic	major	89	HOSTILITY	0x1406b1cb0	0x1406b2ab9				native default: no caption emitted
classic	major	90	HUMILIATION	0x1406b1cb0	0x1406b2664	State feelings of humiliation	0x1406b2664	0x141673628	caption + complete event when event length > 1
classic	major	91	HURT	0x1406b1cb0	0x1406b2ab9				native default: no caption emitted
classic	major	92	HYSTERIA	0x1406b1cb0	0x1406b2ab9				native default: no caption emitted
classic	major	93	INFATUATED	0x1406b1cb0	0x1406b2ab9				native default: no caption emitted
classic	major	94	INSECURITY	0x1406b1cb0	0x1406b2ab9				native default: no caption emitted
classic	major	95	INSULT	0x1406b1cb0	0x1406b2670	State feelings of insult	0x1406b2670	0x1416735c8	caption + complete event when event length > 1
classic	major	96	INTEREST	0x1406b1cb0	0x1406b267c	State feelings of interest	0x1406b267c	0x1416735e8	caption + complete event when event length > 1
classic	major	97	IRRITATION	0x1406b1cb0	0x1406b2688	State feelings of irritation	0x1406b2688	0x141673588	caption + complete event when event length > 1
classic	major	98	ISOLATION	0x1406b1cb0	0x1406b2694	State feelings of isolation	0x1406b2694	0x1416735a8	caption + complete event when event length > 1
classic	major	99	JEALOUSY	0x1406b1cb0	0x1406b2ab9				native default: no caption emitted
classic	major	100	JOLLINESS	0x1406b1cb0	0x1406b288c	State feelings of jolliness	0x1406b288c	0x1416740e0	caption + complete event when event length > 1
classic	major	101	JOVIALITY	0x1406b1cb0	0x1406b2898	State feelings of joviality	0x1406b2898	0x141673c50	caption + complete event when event length > 1
classic	major	102	JOY	0x1406b1cb0	0x1406b206c	State feelings of joy	0x1406b206c	0x141672c70	caption + complete event when event length > 1
classic	major	103	JUBILATION	0x1406b1cb0	0x1406b28a4	State feelings of jubilation	0x1406b28a4	0x141673c70	caption + complete event when event length > 1
classic	major	104	LOATHING	0x1406b1cb0	0x1406b26a0	State feelings of loathing	0x1406b26a0	0x141673548	caption + complete event when event length > 1
classic	major	105	LONELINESS	0x1406b1cb0	0x1406b26ac	State feelings of loneliness	0x1406b26ac	0x141673568	caption + complete event when event length > 1
classic	major	106	LONGING	0x1406b1cb0	0x1406b2ab9				native default: no caption emitted
classic	major	107	LOVE	0x1406b1cb0	0x1406b203c	State feelings of love	0x1406b203c	0x141672ce0	caption + complete event when event length > 1
classic	major	108	LOVESICKNESS	0x1406b1cb0	0x1406b2ab9				native default: no caption emitted
classic	major	109	LUST	0x1406b1cb0	0x1406b26b8	State feelings of lust	0x1406b26b8	0x141673510	caption + complete event when event length > 1
classic	major	110	MELANCHOLY	0x1406b1cb0	0x1406b2ab9				native default: no caption emitted
classic	major	111	MISERY	0x1406b1cb0	0x1406b2340	Verbally struggle against misery	0x1406b2340	0x141673780	caption + complete event when event length > 1
classic	major	112	MORTIFICATION	0x1406b1cb0	0x1406b23a4	Verbally struggle against mortification	0x1406b23a4	0x1416737a8	caption + complete event when event length > 1
classic	major	113	NEGLECT	0x1406b1cb0	0x1406b2ab9				native default: no caption emitted
classic	major	114	NERVOUSNESS	0x1406b1cb0	0x1406b26c4	State feelings of nervousness	0x1406b26c4	0x141673528	caption + complete event when event length > 1
classic	major	115	NOSTALGIA	0x1406b1cb0	0x1406b26d0	State feelings of nostalgia	0x1406b26d0	0x1416734d0	caption + complete event when event length > 1
classic	major	116	OPTIMISM	0x1406b1cb0	0x1406b26dc	State feelings of optimism	0x1406b26dc	0x1416734f0	caption + complete event when event length > 1
classic	major	117	OUTRAGE	0x1406b1cb0	0x1406b26e8	State feelings of outrage	0x1406b26e8	0x141673498	caption + complete event when event length > 1
classic	major	118	PANIC	0x1406b1cb0	0x1406b26f4	State feelings of panic	0x1406b26f4	0x1416734b8	caption + complete event when event length > 1
classic	major	119	PATIENCE	0x1406b1cb0	0x1406b2700	State feelings of patience	0x1406b2700	0x141673458	caption + complete event when event length > 1
classic	major	120	PASSION	0x1406b1cb0	0x1406b270c	State feelings of passion	0x1406b270c	0x141673478	caption + complete event when event length > 1
classic	major	121	PESSIMISM	0x1406b1cb0	0x1406b2a21	Verbally struggle against pessimism	0x1406b2a21	0x141673b20	caption + complete event when event length > 1
classic	major	122	PITY	0x1406b1cb0	0x1406b2ab9				native default: no caption emitted
classic	major	123	PLEASURE	0x1406b1cb0	0x1406b28b0	State feelings of pleasure	0x1406b28b0	0x141673c18	caption + complete event when event length > 1
classic	major	124	PRIDE	0x1406b1cb0	0x1406b28bc	State feelings of pride	0x1406b28bc	0x141673c38	caption + complete event when event length > 1
classic	major	125	RAGE	0x1406b1cb0	0x1406b1ef8	Verbally struggle against rage	0x1406b1ef8	0x141672d40	caption + complete event when event length > 1
classic	major	126	RAPTURE	0x1406b1cb0	0x1406b28c8	State feelings, enraptured	0x1406b28c8	0x141673bd8	caption + complete event when event length > 1
classic	major	127	REJECTION	0x1406b1cb0	0x1406b2718	State feelings of rejection	0x1406b2718	0x141674080	caption + complete event when event length > 1
classic	major	128	RELIEF	0x1406b1cb0	0x1406b2724	State feelings of relief	0x1406b2724	0x1416740a0	caption + complete event when event length > 1
classic	major	129	REGRET	0x1406b1cb0	0x1406b2730	State feelings of regret	0x1406b2730	0x141674040	caption + complete event when event length > 1
classic	major	130	REMORSE	0x1406b1cb0	0x1406b273c	State feelings of remorse	0x1406b273c	0x141674060	caption + complete event when event length > 1
classic	major	131	REPENTANCE	0x1406b1cb0	0x1406b2748	State feelings of repentance	0x1406b2748	0x141674000	caption + complete event when event length > 1
classic	major	132	RESENTMENT	0x1406b1cb0	0x1406b2754	State feelings of resentment	0x1406b2754	0x141674020	caption + complete event when event length > 1
classic	major	133	REVULSION	0x1406b1cb0	0x1406b2ab9				native default: no caption emitted
classic	major	134	RIGHTEOUS_INDIGNATION	0x1406b1cb0	0x1406b276c	State feelings of righteous indignation	0x1406b276c	0x141673fd8	caption + complete event when event length > 1
classic	major	135	SADNESS	0x1406b1cb0	0x1406b1fcc	Verbally struggle against sadness	0x1406b1fcc	0x141672d18	caption + complete event when event length > 1
classic	major	136	SATISFACTION	0x1406b1cb0	0x1406b2030	State feelings of satisfaction	0x1406b2030	0x141672cc0	caption + complete event when event length > 1
classic	major	137	SCORN	0x1406b1cb0	0x1406b2ab9				native default: no caption emitted
classic	major	138	SELF_PITY	0x1406b1cb0	0x1406b2778	State feelings of self-pity	0x1406b2778	0x141673f78	caption + complete event when event length > 1
classic	major	139	SENTIMENTAL	0x1406b1cb0	0x1406b2ab9				native default: no caption emitted
classic	major	140	SERVILE	0x1406b1cb0	0x1406b2784	State feelings of servility	0x1406b2784	0x141673f98	caption + complete event when event length > 1
classic	major	141	SHAKEN	0x1406b1cb0	0x1406b2408	Verbally struggle, shaken	0x1406b2408	0x141673740	caption + complete event when event length > 1
classic	major	142	SHAME	0x1406b1cb0	0x1406b2790	State feelings of shame	0x1406b2790	0x141673f40	caption + complete event when event length > 1
classic	major	143	SHOCK	0x1406b1cb0	0x1406b1dc0	Verbally struggle against shock	0x1406b1dc0	0x141672948	caption + complete event when event length > 1
classic	major	144	SORROW	0x1406b1cb0	0x1406b2ab9				native default: no caption emitted
classic	major	145	SPITE	0x1406b1cb0	0x1406b2ab9				native default: no caption emitted
classic	major	146	SUFFERING	0x1406b1cb0	0x1406b2ab9				native default: no caption emitted
classic	major	147	SURPRISE	0x1406b1cb0	0x1406b2ab9				native default: no caption emitted
classic	major	148	SUSPICION	0x1406b1cb0	0x1406b1d50	State feelings of suspicion	0x1406b1d50	0x141672990	caption + complete event when event length > 1
classic	major	149	SYMPATHY	0x1406b1cb0	0x1406b279c	State feelings of sympathy	0x1406b279c	0x141673f58	caption + complete event when event length > 1
classic	major	150	TENDERNESS	0x1406b1cb0	0x1406b27a8	State feelings of tenderness	0x1406b27a8	0x141673f00	caption + complete event when event length > 1
classic	major	151	TENSENESS	0x1406b1cb0	0x1406b2ab9				native default: no caption emitted
classic	major	152	TERROR	0x1406b1cb0	0x1406b2084	Verbally struggle against terror	0x1406b2084	0x141672c28	caption + complete event when event length > 1
classic	major	153	THRILL	0x1406b1cb0	0x1406b28d4	State feelings, thrilled	0x1406b28d4	0x141673bf8	caption + complete event when event length > 1
classic	major	154	TORMENT	0x1406b1cb0	0x1406b2ab9				native default: no caption emitted
classic	major	155	TRIUMPH	0x1406b1cb0	0x1406b1eec	State feelings of triumph	0x1406b1eec	0x141672da8	caption + complete event when event length > 1
classic	major	156	UNEASINESS	0x1406b1cb0	0x1406b27b4	State feelings of uneasiness	0x1406b27b4	0x141673f20	caption + complete event when event length > 1
classic	major	157	UNHAPPINESS	0x1406b1cb0	0x1406b27c0	State feelings of unhappiness	0x1406b27c0	0x141673ec0	caption + complete event when event length > 1
classic	major	158	VENGEFULNESS	0x1406b1cb0	0x1406b2078	State feelings of vengefulness	0x1406b2078	0x141672c08	caption + complete event when event length > 1
classic	major	159	WOE	0x1406b1cb0	0x1406b2ab9				native default: no caption emitted
classic	major	160	WONDER	0x1406b1cb0	0x1406b27cc	State feelings of wonder	0x1406b27cc	0x141673ee0	caption + complete event when event length > 1
classic	major	161	WORRY	0x1406b1cb0	0x1406b27d8	State feelings of worry	0x1406b27d8	0x141674270	caption + complete event when event length > 1
classic	major	162	WRATH	0x1406b1cb0	0x1406b27e4	State feelings of wrath	0x1406b27e4	0x141674288	caption + complete event when event length > 1
classic	major	163	ZEAL	0x1406b1cb0	0x1406b27f0	State feelings of zeal	0x1406b27f0	0x141674238	caption + complete event when event length > 1
classic	major	164	ZEST	0x1406b1cb0	0x1406b2ab9				native default: no caption emitted
classic	major	165	INSTINCTUAL_HUNT	0x1406b1cb0	0x1406b2ab9				native default: no caption emitted
classic	major	166	BOGEYMAN_TAUNT	0x1406b1cb0	0x1406b2ab9				native default: no caption emitted
classic	major	167	RESTLESS	0x1406b1cb0	0x1406b2760	State feelings of restlessness	0x1406b2760	0x141673fb8	caption + complete event when event length > 1
classic	major	168	ADMIRATION	0x1406b1cb0	0x1406b2478	State feelings of admiration	0x1406b2478	0x141673700	caption + complete event when event length > 1
classic	major	out-of-range	NONE_OR_INVALID	0x1406b1cb0	0x1406b2ab9				native default: no caption emitted
classic	minor	0	ACCEPTANCE	0x1406b2da0	0x1406b355c	State minor feeling of acceptance	0x1406b355c	0x141674808	caption + complete event when event length > 1
classic	minor	1	ADORATION	0x1406b2da0	0x1406b38ec	State minor feeling of adoration	0x1406b38ec	0x1416753c8	caption + complete event when event length > 1
classic	minor	2	AFFECTION	0x1406b2da0	0x1406b38f8	State minor feeling of affection	0x1406b38f8	0x1416753f0	caption + complete event when event length > 1
classic	minor	3	AGITATION	0x1406b2da0	0x1406b3574	State minor feeling of agitation	0x1406b3574	0x1416747b8	caption + complete event when event length > 1
classic	minor	4	AGGRAVATION	0x1406b2da0	0x1406b3580	State minor feeling of aggravation	0x1406b3580	0x1416747e0	caption + complete event when event length > 1
classic	minor	5	AGONY	0x1406b2da0	0x1406b31d8	Dismiss minor feeling of agony	0x1406b31d8	0x141673cb0	caption + complete event when event length > 1
classic	minor	6	ALARM	0x1406b2da0	0x1406b2e4c	Dismiss minor feeling of alarm	0x1406b2e4c	0x141673a78	caption + complete event when event length > 1
classic	minor	7	ALIENATION	0x1406b2da0	0x1406b358c	State minor feeling of alienation	0x1406b358c	0x141674768	caption + complete event when event length > 1
classic	minor	8	AMAZEMENT	0x1406b2da0	0x1406b3598	State minor feeling of amazement	0x1406b3598	0x141674790	caption + complete event when event length > 1
classic	minor	9	AMBIVALENCE	0x1406b2da0	0x1406b35a4	State minor feeling of ambivalence	0x1406b35a4	0x141674720	caption + complete event when event length > 1
classic	minor	10	AMUSEMENT	0x1406b2da0	0x1406b3904	State minor feeling of amusement	0x1406b3904	0x141675378	caption + complete event when event length > 1
classic	minor	11	ANGER	0x1406b2da0	0x1406b35b0	State minor feeling of anger	0x1406b35b0	0x141674748	caption + complete event when event length > 1
classic	minor	12	ANGST	0x1406b2da0	0x1406b39d0	Dismiss minor existential crisis	0x1406b39d0	0x141674cf0	caption + complete event when event length > 1
classic	minor	13	ANGUISH	0x1406b2da0	0x1406b323c	Dismiss minor feeling of anguish	0x1406b323c	0x141674930	caption + complete event when event length > 1
classic	minor	14	ANNOYANCE	0x1406b2da0	0x1406b35bc	State minor feeling of annoyance	0x1406b35bc	0x141674b70	caption + complete event when event length > 1
classic	minor	15	ANTICIPATION	0x1406b2da0	0x1406b3ba9				native default: no caption emitted
classic	minor	16	ANXIETY	0x1406b2da0	0x1406b35c8	State minor feeling of anxiety	0x1406b35c8	0x141674b98	caption + complete event when event length > 1
classic	minor	17	APATHY	0x1406b2da0	0x1406b35d4	State minor feeling of apathy	0x1406b35d4	0x141674b30	caption + complete event when event length > 1
classic	minor	18	APPREHENSION	0x1406b2da0	0x1406b3ba9				native default: no caption emitted
classic	minor	19	AROUSAL	0x1406b2da0	0x1406b35e0	State minor feeling of arousal	0x1406b35e0	0x141674b50	caption + complete event when event length > 1
classic	minor	20	ASTONISHMENT	0x1406b2da0	0x1406b35ec	State minor feeling of astonishment	0x1406b35ec	0x141674ae8	caption + complete event when event length > 1
classic	minor	21	ATTRACTION	0x1406b2da0	0x1406b3ba9				native default: no caption emitted
classic	minor	22	AVERSION	0x1406b2da0	0x1406b35f8	State minor feeling of aversion	0x1406b35f8	0x141674b10	caption + complete event when event length > 1
classic	minor	23	AWE	0x1406b2da0	0x1406b3604	State minor feeling of awe	0x1406b3604	0x141674aa0	caption + complete event when event length > 1
classic	minor	24	BITTERNESS	0x1406b2da0	0x1406b3610	State minor feeling of bitterness	0x1406b3610	0x141674ac0	caption + complete event when event length > 1
classic	minor	25	BLISS	0x1406b2da0	0x1406b3138	State minor feeling of bliss	0x1406b3138	0x141673d80	caption + complete event when event length > 1
classic	minor	26	BOREDOM	0x1406b2da0	0x1406b361c	State minor feeling of boredom	0x1406b361c	0x141674a60	caption + complete event when event length > 1
classic	minor	27	CARING	0x1406b2da0	0x1406b3628	State minor feeling of caring	0x1406b3628	0x141674a80	caption + complete event when event length > 1
classic	minor	28	CHEERFULNESS	0x1406b2da0	0x1406b3ba9				native default: no caption emitted
classic	minor	29	CONFUSION	0x1406b2da0	0x1406b3634	State minor feeling of confusion	0x1406b3634	0x141674a18	caption + complete event when event length > 1
classic	minor	30	CONTEMPT	0x1406b2da0	0x1406b3640	State minor feeling of contempt	0x1406b3640	0x141674a40	caption + complete event when event length > 1
classic	minor	31	CONTENTMENT	0x1406b2da0	0x1406b3910	State minor feeling of contentment	0x1406b3910	0x1416753a0	caption + complete event when event length > 1
classic	minor	32	COURAGE	0x1406b2da0	0x1406b3ba9				native default: no caption emitted
classic	minor	33	CURIOSITY	0x1406b2da0	0x1406b3ba9				native default: no caption emitted
classic	minor	34	DEFEAT	0x1406b2da0	0x1406b3a34	Dismiss minor feeling of defeat	0x1406b3a34	0x141674c80	caption + complete event when event length > 1
classic	minor	35	DEJECTION	0x1406b2da0	0x1406b364c	State minor feeling of dejection	0x1406b364c	0x1416749c8	caption + complete event when event length > 1
classic	minor	36	DELIGHT	0x1406b2da0	0x1406b391c	State minor feeling of delight	0x1406b391c	0x141675338	caption + complete event when event length > 1
classic	minor	37	DEPRESSION	0x1406b2da0	0x1406b3ba9				native default: no caption emitted
classic	minor	38	DESIRE	0x1406b2da0	0x1406b3ba9				native default: no caption emitted
classic	minor	39	DESPAIR	0x1406b2da0	0x1406b32a0	Dismiss minor feeling of despair	0x1406b32a0	0x141674958	caption + complete event when event length > 1
classic	minor	40	DISAPPOINTMENT	0x1406b2da0	0x1406b3658	State minor feeling of disappointment	0x1406b3658	0x1416749f0	caption + complete event when event length > 1
classic	minor	41	DISGUST	0x1406b2da0	0x1406b3664	State minor feeling of disgust	0x1406b3664	0x141674980	caption + complete event when event length > 1
classic	minor	42	DISILLUSIONED	0x1406b2da0	0x1406b3670	State minor feeling of disillusionment	0x1406b3670	0x1416749a0	caption + complete event when event length > 1
classic	minor	43	DISLIKE	0x1406b2da0	0x1406b367c	State minor feeling of dislike	0x1406b367c	0x1416744a0	caption + complete event when event length > 1
classic	minor	44	DISMAY	0x1406b2da0	0x1406b3304	Dismiss minor feeling of dismay	0x1406b3304	0x1416748e8	caption + complete event when event length > 1
classic	minor	45	DISPLEASURE	0x1406b2da0	0x1406b3688	State minor feeling of displeasure	0x1406b3688	0x1416744c0	caption + complete event when event length > 1
classic	minor	46	DISTRESS	0x1406b2da0	0x1406b3368	Dismiss minor feeling of distress	0x1406b3368	0x141674908	caption + complete event when event length > 1
classic	minor	47	DOUBT	0x1406b2da0	0x1406b3aa4	Dismiss minor doubts	0x1406b3aa4	0x141674c40	caption + complete event when event length > 1
classic	minor	48	DREAD	0x1406b2da0	0x1406b3ba9				native default: no caption emitted
classic	minor	49	EAGERNESS	0x1406b2da0	0x1406b3694	State minor feeling of eagerness	0x1406b3694	0x141674450	caption + complete event when event length > 1
classic	minor	50	ECSTASY	0x1406b2da0	0x1406b3ba9				native default: no caption emitted
classic	minor	51	ELATION	0x1406b2da0	0x1406b3928	State minor feeling of elation	0x1406b3928	0x141675358	caption + complete event when event length > 1
classic	minor	52	EMBARRASSMENT	0x1406b2da0	0x1406b36a0	State minor feeling of embarrassment	0x1406b36a0	0x141674478	caption + complete event when event length > 1
classic	minor	53	EMPATHY	0x1406b2da0	0x1406b36ac	State minor feeling of empathy	0x1406b36ac	0x141674408	caption + complete event when event length > 1
classic	minor	54	EMPTINESS	0x1406b2da0	0x1406b36b8	State minor feeling of emptiness	0x1406b36b8	0x141674428	caption + complete event when event length > 1
classic	minor	55	ENJOYMENT	0x1406b2da0	0x1406b3934	State minor feeling of enjoyment	0x1406b3934	0x1416752e8	caption + complete event when event length > 1
classic	minor	56	ENTHRALLMENT	0x1406b2da0	0x1406b3ba9				native default: no caption emitted
classic	minor	57	ENTHUSIASM	0x1406b2da0	0x1406b3b08	State minor feeling of enthusiasm	0x1406b3b08	0x141674c58	caption + complete event when event length > 1
classic	minor	58	ENVY	0x1406b2da0	0x1406b3ba9				native default: no caption emitted
classic	minor	59	EUPHORIA	0x1406b2da0	0x1406b3b72	State minor feeling of euphoria	0x1406b3b72	0x141674c20	caption + complete event when event length > 1
classic	minor	60	EXASPERATION	0x1406b2da0	0x1406b36c4	State minor feeling of exasperation	0x1406b36c4	0x1416743c0	caption + complete event when event length > 1
classic	minor	61	EXCITEMENT	0x1406b2da0	0x1406b3144	State minor feeling of excitement	0x1406b3144	0x141673d18	caption + complete event when event length > 1
classic	minor	62	EXHILARATION	0x1406b2da0	0x1406b3940	State minor feeling of exhilaration	0x1406b3940	0x141675310	caption + complete event when event length > 1
classic	minor	63	EXPECTANT	0x1406b2da0	0x1406b3a98	State feelings, somewhat expectant	0x1406b3a98	0x141674ca0	caption + complete event when event length > 1
classic	minor	64	FEAR	0x1406b2da0	0x1406b3058	Dismiss minor feeling of fear	0x1406b3058	0x141673e20	caption + complete event when event length > 1
classic	minor	65	FEROCITY	0x1406b2da0	0x1406b36d0	State minor feeling of ferocity	0x1406b36d0	0x1416743e8	caption + complete event when event length > 1
classic	minor	66	FONDNESS	0x1406b2da0	0x1406b394c	State minor feeling of fondness	0x1406b394c	0x1416752a8	caption + complete event when event length > 1
classic	minor	67	FREE	0x1406b2da0	0x1406b3958	State minor feeling of freedom	0x1406b3958	0x1416752c8	caption + complete event when event length > 1
classic	minor	68	FRIGHT	0x1406b2da0	0x1406b33cc	Dismiss minor feeling of fright	0x1406b33cc	0x1416748a8	caption + complete event when event length > 1
classic	minor	69	FRUSTRATION	0x1406b2da0	0x1406b36dc	State minor feeling of frustration	0x1406b36dc	0x141674378	caption + complete event when event length > 1
classic	minor	70	FURY	0x1406b2da0	0x1406b3ba9				native default: no caption emitted
classic	minor	71	GAIETY	0x1406b2da0	0x1406b3150	State minor feeling of gaiety	0x1406b3150	0x141673d40	caption + complete event when event length > 1
classic	minor	72	GLADNESS	0x1406b2da0	0x1406b3ba9				native default: no caption emitted
classic	minor	73	GLEE	0x1406b2da0	0x1406b3964	State minor feeling of glee	0x1406b3964	0x141675260	caption + complete event when event length > 1
classic	minor	74	GLOOM	0x1406b2da0	0x1406b36e8	State minor feeling of gloom	0x1406b36e8	0x1416743a0	caption + complete event when event length > 1
classic	minor	75	GLUMNESS	0x1406b2da0	0x1406b36f4	State minor feeling of glumness	0x1406b36f4	0x141674330	caption + complete event when event length > 1
classic	minor	76	GRATITUDE	0x1406b2da0	0x1406b3700	State minor feeling of gratitude	0x1406b3700	0x141674350	caption + complete event when event length > 1
classic	minor	77	GRATIFICATION	0x1406b2da0	0x1406b3ba9				native default: no caption emitted
classic	minor	78	GRIEF	0x1406b2da0	0x1406b2f78	Dismiss minor feeling of grief	0x1406b2f78	0x141673ea0	caption + complete event when event length > 1
classic	minor	79	GRIM_SATISFACTION	0x1406b2da0	0x1406b304c	State minor feeling of grim satisfaction	0x1406b304c	0x141673df0	caption + complete event when event length > 1
classic	minor	80	GROUCHINESS	0x1406b2da0	0x1406b370c	State minor feeling of grouchiness	0x1406b370c	0x1416742e0	caption + complete event when event length > 1
classic	minor	81	GRUMPINESS	0x1406b2da0	0x1406b3718	State minor feeling of grumpiness	0x1406b3718	0x141674308	caption + complete event when event length > 1
classic	minor	82	GUILT	0x1406b2da0	0x1406b3724	State minor feeling of guilt	0x1406b3724	0x1416742a0	caption + complete event when event length > 1
classic	minor	83	HAPPINESS	0x1406b2da0	0x1406b3970	State minor feeling of happiness	0x1406b3970	0x141675280	caption + complete event when event length > 1
classic	minor	84	HATRED	0x1406b2da0	0x1406b3730	State minor feeling of hatred	0x1406b3730	0x1416742c0	caption + complete event when event length > 1
classic	minor	85	HOMESICKNESS	0x1406b2da0	0x1406b3ba9				native default: no caption emitted
classic	minor	86	HOPE	0x1406b2da0	0x1406b373c	State minor feeling of hope	0x1406b373c	0x1416746d8	caption + complete event when event length > 1
classic	minor	87	HOPELESSNESS	0x1406b2da0	0x1406b3748	State minor feeling of hopelessness	0x1406b3748	0x1416746f8	caption + complete event when event length > 1
classic	minor	88	HORROR	0x1406b2da0	0x1406b2f14	Dismiss minor feeling of horror	0x1406b2f14	0x141673e80	caption + complete event when event length > 1
classic	minor	89	HOSTILITY	0x1406b2da0	0x1406b3ba9				native default: no caption emitted
classic	minor	90	HUMILIATION	0x1406b2da0	0x1406b3754	State minor feeling of humiliation	0x1406b3754	0x141674690	caption + complete event when event length > 1
classic	minor	91	HURT	0x1406b2da0	0x1406b3ba9				native default: no caption emitted
classic	minor	92	HYSTERIA	0x1406b2da0	0x1406b3ba9				native default: no caption emitted
classic	minor	93	INFATUATED	0x1406b2da0	0x1406b3ba9				native default: no caption emitted
classic	minor	94	INSECURITY	0x1406b2da0	0x1406b3ba9				native default: no caption emitted
classic	minor	95	INSULT	0x1406b2da0	0x1406b3760	State minor feeling of insult	0x1406b3760	0x1416746b8	caption + complete event when event length > 1
classic	minor	96	INTEREST	0x1406b2da0	0x1406b376c	State minor feeling of interest	0x1406b376c	0x141674648	caption + complete event when event length > 1
classic	minor	97	IRRITATION	0x1406b2da0	0x1406b3778	State minor feeling of irritation	0x1406b3778	0x141674668	caption + complete event when event length > 1
classic	minor	98	ISOLATION	0x1406b2da0	0x1406b3784	State minor feeling of isolation	0x1406b3784	0x141674600	caption + complete event when event length > 1
classic	minor	99	JEALOUSY	0x1406b2da0	0x1406b3ba9				native default: no caption emitted
classic	minor	100	JOLLINESS	0x1406b2da0	0x1406b397c	State minor feeling of jolliness	0x1406b397c	0x141674da8	caption + complete event when event length > 1
classic	minor	101	JOVIALITY	0x1406b2da0	0x1406b3988	State minor feeling of joviality	0x1406b3988	0x141674dd0	caption + complete event when event length > 1
classic	minor	102	JOY	0x1406b2da0	0x1406b315c	State minor feeling of joy	0x1406b315c	0x141673cd0	caption + complete event when event length > 1
classic	minor	103	JUBILATION	0x1406b2da0	0x1406b3994	State minor feeling of jubilation	0x1406b3994	0x141674d60	caption + complete event when event length > 1
classic	minor	104	LOATHING	0x1406b2da0	0x1406b3790	State minor feeling of loathing	0x1406b3790	0x141674628	caption + complete event when event length > 1
classic	minor	105	LONELINESS	0x1406b2da0	0x1406b379c	State minor feeling of loneliness	0x1406b379c	0x1416745b8	caption + complete event when event length > 1
classic	minor	106	LONGING	0x1406b2da0	0x1406b3ba9				native default: no caption emitted
classic	minor	107	LOVE	0x1406b2da0	0x1406b312c	State minor feeling of love	0x1406b312c	0x141673d60	caption + complete event when event length > 1
classic	minor	108	LOVESICKNESS	0x1406b2da0	0x1406b3ba9				native default: no caption emitted
classic	minor	109	LUST	0x1406b2da0	0x1406b37a8	State minor feeling of lust	0x1406b37a8	0x1416745e0	caption + complete event when event length > 1
classic	minor	110	MELANCHOLY	0x1406b2da0	0x1406b3ba9				native default: no caption emitted
classic	minor	111	MISERY	0x1406b2da0	0x1406b3430	Dismiss minor feeling of misery	0x1406b3430	0x1416748c8	caption + complete event when event length > 1
classic	minor	112	MORTIFICATION	0x1406b2da0	0x1406b3494	Dismiss minor feeling of mortification	0x1406b3494	0x141674858	caption + complete event when event length > 1
classic	minor	113	NEGLECT	0x1406b2da0	0x1406b3ba9				native default: no caption emitted
classic	minor	114	NERVOUSNESS	0x1406b2da0	0x1406b37b4	State minor feeling of nervousness	0x1406b37b4	0x141674568	caption + complete event when event length > 1
classic	minor	115	NOSTALGIA	0x1406b2da0	0x1406b37c0	State minor feeling of nostalgia	0x1406b37c0	0x141674590	caption + complete event when event length > 1
classic	minor	116	OPTIMISM	0x1406b2da0	0x1406b37cc	State minor feeling of optimism	0x1406b37cc	0x141674528	caption + complete event when event length > 1
classic	minor	117	OUTRAGE	0x1406b2da0	0x1406b37d8	State minor feeling of outrage	0x1406b37d8	0x141674548	caption + complete event when event length > 1
classic	minor	118	PANIC	0x1406b2da0	0x1406b37e4	State minor feeling of panic	0x1406b37e4	0x1416744e8	caption + complete event when event length > 1
classic	minor	119	PATIENCE	0x1406b2da0	0x1406b37f0	State minor feeling of patience	0x1406b37f0	0x141674508	caption + complete event when event length > 1
classic	minor	120	PASSION	0x1406b2da0	0x1406b37fc	State minor feeling of passion	0x1406b37fc	0x141675218	caption + complete event when event length > 1
classic	minor	121	PESSIMISM	0x1406b2da0	0x1406b3b11	Dismiss minor feeling of pessimism	0x1406b3b11	0x141674bf8	caption + complete event when event length > 1
classic	minor	122	PITY	0x1406b2da0	0x1406b3ba9				native default: no caption emitted
classic	minor	123	PLEASURE	0x1406b2da0	0x1406b39a0	State minor feeling of pleasure	0x1406b39a0	0x141674d88	caption + complete event when event length > 1
classic	minor	124	PRIDE	0x1406b2da0	0x1406b39ac	State minor feeling of pride	0x1406b39ac	0x141674d18	caption + complete event when event length > 1
classic	minor	125	RAGE	0x1406b2da0	0x1406b2fe8	Dismiss minor feeling of rage	0x1406b2fe8	0x141673e60	caption + complete event when event length > 1
classic	minor	126	RAPTURE	0x1406b2da0	0x1406b39b8	State feelings, somewhat enraptured	0x1406b39b8	0x141674d38	caption + complete event when event length > 1
classic	minor	127	REJECTION	0x1406b2da0	0x1406b3808	State minor feeling of rejection	0x1406b3808	0x141675238	caption + complete event when event length > 1
classic	minor	128	RELIEF	0x1406b2da0	0x1406b3814	State minor feeling of relief	0x1406b3814	0x1416751d8	caption + complete event when event length > 1
classic	minor	129	REGRET	0x1406b2da0	0x1406b3820	State minor feeling of regret	0x1406b3820	0x1416751f8	caption + complete event when event length > 1
classic	minor	130	REMORSE	0x1406b2da0	0x1406b382c	State minor feeling of remorse	0x1406b382c	0x141675190	caption + complete event when event length > 1
classic	minor	131	REPENTANCE	0x1406b2da0	0x1406b3838	State minor feeling of repentance	0x1406b3838	0x1416751b0	caption + complete event when event length > 1
classic	minor	132	RESENTMENT	0x1406b2da0	0x1406b3844	State minor feeling of resentment	0x1406b3844	0x141675140	caption + complete event when event length > 1
classic	minor	133	REVULSION	0x1406b2da0	0x1406b3ba9				native default: no caption emitted
classic	minor	134	RIGHTEOUS_INDIGNATION	0x1406b2da0	0x1406b385c	State minor feeling of righteous indignation	0x1406b385c	0x1416750e8	caption + complete event when event length > 1
classic	minor	135	SADNESS	0x1406b2da0	0x1406b30bc	Dismiss minor feeling of sadness	0x1406b30bc	0x141673da0	caption + complete event when event length > 1
classic	minor	136	SATISFACTION	0x1406b2da0	0x1406b3120	State minor feeling of satisfaction	0x1406b3120	0x141673dc8	caption + complete event when event length > 1
classic	minor	137	SCORN	0x1406b2da0	0x1406b3ba9				native default: no caption emitted
classic	minor	138	SELF_PITY	0x1406b2da0	0x1406b3868	State minor feeling of self-pity	0x1406b3868	0x141675118	caption + complete event when event length > 1
classic	minor	139	SENTIMENTAL	0x1406b2da0	0x1406b3ba9				native default: no caption emitted
classic	minor	140	SERVILE	0x1406b2da0	0x1406b3874	State minor feeling of servility	0x1406b3874	0x1416750a0	caption + complete event when event length > 1
classic	minor	141	SHAKEN	0x1406b2da0	0x1406b34f8	Dismiss minor feeling of being shaken	0x1406b34f8	0x141674880	caption + complete event when event length > 1
classic	minor	142	SHAME	0x1406b2da0	0x1406b3880	State minor feeling of shame	0x1406b3880	0x1416750c8	caption + complete event when event length > 1
classic	minor	143	SHOCK	0x1406b2da0	0x1406b2eb0	Dismiss minor feeling of shock	0x1406b2eb0	0x141673a98	caption + complete event when event length > 1
classic	minor	144	SORROW	0x1406b2da0	0x1406b3ba9				native default: no caption emitted
classic	minor	145	SPITE	0x1406b2da0	0x1406b3ba9				native default: no caption emitted
classic	minor	146	SUFFERING	0x1406b2da0	0x1406b3ba9				native default: no caption emitted
classic	minor	147	SURPRISE	0x1406b2da0	0x1406b3ba9				native default: no caption emitted
classic	minor	148	SUSPICION	0x1406b2da0	0x1406b2e40	State minor feeling of suspicion	0x1406b2e40	0x141673ad8	caption + complete event when event length > 1
classic	minor	149	SYMPATHY	0x1406b2da0	0x1406b388c	State minor feeling of sympathy	0x1406b388c	0x141675058	caption + complete event when event length > 1
classic	minor	150	TENDERNESS	0x1406b2da0	0x1406b3898	State minor feeling of tenderness	0x1406b3898	0x141675078	caption + complete event when event length > 1
classic	minor	151	TENSENESS	0x1406b2da0	0x1406b3ba9				native default: no caption emitted
classic	minor	152	TERROR	0x1406b2da0	0x1406b3174	Dismiss minor feeling of terror	0x1406b3174	0x141673c90	caption + complete event when event length > 1
classic	minor	153	THRILL	0x1406b2da0	0x1406b39c4	State feelings, somewhat thrilled	0x1406b39c4	0x141674cc8	caption + complete event when event length > 1
classic	minor	154	TORMENT	0x1406b2da0	0x1406b3ba9				native default: no caption emitted
classic	minor	155	TRIUMPH	0x1406b2da0	0x1406b2fdc	State minor feeling of triumph	0x1406b2fdc	0x141673e40	caption + complete event when event length > 1
classic	minor	156	UNEASINESS	0x1406b2da0	0x1406b38a4	State minor feeling of uneasiness	0x1406b38a4	0x141675008	caption + complete event when event length > 1
classic	minor	157	UNHAPPINESS	0x1406b2da0	0x1406b38b0	State minor feeling of unhappiness	0x1406b38b0	0x141675030	caption + complete event when event length > 1
classic	minor	158	VENGEFULNESS	0x1406b2da0	0x1406b3168	State minor feeling of vengefulness	0x1406b3168	0x141673cf0	caption + complete event when event length > 1
classic	minor	159	WOE	0x1406b2da0	0x1406b3ba9				native default: no caption emitted
classic	minor	160	WONDER	0x1406b2da0	0x1406b38bc	State minor feeling of wonder	0x1406b38bc	0x141675458	caption + complete event when event length > 1
classic	minor	161	WORRY	0x1406b2da0	0x1406b38c8	State minor feeling of worry	0x1406b38c8	0x141675478	caption + complete event when event length > 1
classic	minor	162	WRATH	0x1406b2da0	0x1406b38d4	State minor feeling of wrath	0x1406b38d4	0x141675418	caption + complete event when event length > 1
classic	minor	163	ZEAL	0x1406b2da0	0x1406b38e0	State minor feeling of zeal	0x1406b38e0	0x141675438	caption + complete event when event length > 1
classic	minor	164	ZEST	0x1406b2da0	0x1406b3ba9				native default: no caption emitted
classic	minor	165	INSTINCTUAL_HUNT	0x1406b2da0	0x1406b3ba9				native default: no caption emitted
classic	minor	166	BOGEYMAN_TAUNT	0x1406b2da0	0x1406b3ba9				native default: no caption emitted
classic	minor	167	RESTLESS	0x1406b2da0	0x1406b3850	State minor feeling of restlessness	0x1406b3850	0x141675168	caption + complete event when event length > 1
classic	minor	168	ADMIRATION	0x1406b2da0	0x1406b3568	State minor feeling of admiration	0x1406b3568	0x141674830	caption + complete event when event length > 1
classic	minor	out-of-range	NONE_OR_INVALID	0x1406b2da0	0x1406b3ba9				native default: no caption emitted
classic	negated	0	ACCEPTANCE	0x1406b3e90	0x1406b4075	Acknowledge lack of acceptance	0x1406b4075	0x1416759a0	caption + complete event when event length > 1
classic	negated	1	ADORATION	0x1406b3e90	0x1406b4405	Acknowledge lack of adoration	0x1406b4405	0x1416762f0	caption + complete event when event length > 1
classic	negated	2	AFFECTION	0x1406b3e90	0x1406b4411	Acknowledge lack of affection	0x1406b4411	0x141676290	caption + complete event when event length > 1
classic	negated	3	AGITATION	0x1406b3e90	0x1406b408d	Acknowledge lack of agitation	0x1406b408d	0x141675958	caption + complete event when event length > 1
classic	negated	4	AGGRAVATION	0x1406b3e90	0x1406b4099	Acknowledge lack of aggravation	0x1406b4099	0x1416758f8	caption + complete event when event length > 1
classic	negated	5	AGONY	0x1406b3e90	0x1406b4009	Acknowledge lack of agony	0x1406b4009	0x141675a88	caption + complete event when event length > 1
classic	negated	6	ALARM	0x1406b3e90	0x1406b3f3d	Acknowledge lack of alarm	0x1406b3f3d	0x141674bd8	caption + complete event when event length > 1
classic	negated	7	ALIENATION	0x1406b3e90	0x1406b40a5	Acknowledge lack of alienation	0x1406b40a5	0x141675918	caption + complete event when event length > 1
classic	negated	8	AMAZEMENT	0x1406b3e90	0x1406b40b1	Acknowledge lack of amazement	0x1406b40b1	0x1416758b8	caption + complete event when event length > 1
classic	negated	9	AMBIVALENCE	0x1406b3e90	0x1406b40bd	Acknowledge lack of ambivalence	0x1406b40bd	0x1416758d8	caption + complete event when event length > 1
classic	negated	10	AMUSEMENT	0x1406b3e90	0x1406b441d	Acknowledge lack of amusement	0x1406b441d	0x1416762b0	caption + complete event when event length > 1
classic	negated	11	ANGER	0x1406b3e90	0x1406b40c9	Acknowledge lack of anger	0x1406b40c9	0x141675c90	caption + complete event when event length > 1
classic	negated	12	ANGST	0x1406b3e90	0x1406b44d1	Acknowledge lack of existential crisis	0x1406b44d1	0x141675d98	caption + complete event when event length > 1
classic	negated	13	ANGUISH	0x1406b3e90	0x1406b4015	Acknowledge lack of anguish	0x1406b4015	0x141675aa8	caption + complete event when event length > 1
classic	negated	14	ANNOYANCE	0x1406b3e90	0x1406b40d5	Acknowledge lack of annoyance	0x1406b40d5	0x141675cb0	caption + complete event when event length > 1
classic	negated	15	ANTICIPATION	0x1406b3e90	0x1406b453e				native default: no caption emitted
classic	negated	16	ANXIETY	0x1406b3e90	0x1406b40e1	Acknowledge lack of anxiety	0x1406b40e1	0x141675c50	caption + complete event when event length > 1
classic	negated	17	APATHY	0x1406b3e90	0x1406b40ed	Acknowledge lack of apathy	0x1406b40ed	0x141675c70	caption + complete event when event length > 1
classic	negated	18	APPREHENSION	0x1406b3e90	0x1406b453e				native default: no caption emitted
classic	negated	19	AROUSAL	0x1406b3e90	0x1406b40f9	Acknowledge lack of arousal	0x1406b40f9	0x141675c08	caption + complete event when event length > 1
classic	negated	20	ASTONISHMENT	0x1406b3e90	0x1406b4105	Acknowledge lack of astonishment	0x1406b4105	0x141675c28	caption + complete event when event length > 1
classic	negated	21	ATTRACTION	0x1406b3e90	0x1406b453e				native default: no caption emitted
classic	negated	22	AVERSION	0x1406b3e90	0x1406b4111	Acknowledge lack of aversion	0x1406b4111	0x141675bd0	caption + complete event when event length > 1
classic	negated	23	AWE	0x1406b3e90	0x1406b411d	Acknowledge lack of awe	0x1406b411d	0x141675bf0	caption + complete event when event length > 1
classic	negated	24	BITTERNESS	0x1406b3e90	0x1406b4129	Acknowledge lack of bitterness	0x1406b4129	0x141675b90	caption + complete event when event length > 1
classic	negated	25	BLISS	0x1406b3e90	0x1406b3fc1	Acknowledge lack of bliss	0x1406b3fc1	0x141674e78	caption + complete event when event length > 1
classic	negated	26	BOREDOM	0x1406b3e90	0x1406b4135	Acknowledge lack of boredom	0x1406b4135	0x141675bb0	caption + complete event when event length > 1
classic	negated	27	CARING	0x1406b3e90	0x1406b4141	Acknowledge lack of caring	0x1406b4141	0x141675b50	caption + complete event when event length > 1
classic	negated	28	CHEERFULNESS	0x1406b3e90	0x1406b453e				native default: no caption emitted
classic	negated	29	CONFUSION	0x1406b3e90	0x1406b414d	Acknowledge lack of confusion	0x1406b414d	0x141675b70	caption + complete event when event length > 1
classic	negated	30	CONTEMPT	0x1406b3e90	0x1406b4159	Acknowledge lack of contempt	0x1406b4159	0x141675b10	caption + complete event when event length > 1
classic	negated	31	CONTENTMENT	0x1406b3e90	0x1406b4429	Acknowledge lack of contentment	0x1406b4429	0x141676250	caption + complete event when event length > 1
classic	negated	32	COURAGE	0x1406b3e90	0x1406b453e				native default: no caption emitted
classic	negated	33	CURIOSITY	0x1406b3e90	0x1406b453e				native default: no caption emitted
classic	negated	34	DEFEAT	0x1406b3e90	0x1406b44da	Acknowledge lack of defeat	0x1406b44da	0x141675dc0	caption + complete event when event length > 1
classic	negated	35	DEJECTION	0x1406b3e90	0x1406b4165	Acknowledge lack of dejection	0x1406b4165	0x141675b30	caption + complete event when event length > 1
classic	negated	36	DELIGHT	0x1406b3e90	0x1406b4435	Acknowledge lack of delight	0x1406b4435	0x141676270	caption + complete event when event length > 1
classic	negated	37	DEPRESSION	0x1406b3e90	0x1406b453e				native default: no caption emitted
classic	negated	38	DESIRE	0x1406b3e90	0x1406b453e				native default: no caption emitted
classic	negated	39	DESPAIR	0x1406b3e90	0x1406b4021	Acknowledge lack of despair	0x1406b4021	0x141675a48	caption + complete event when event length > 1
classic	negated	40	DISAPPOINTMENT	0x1406b3e90	0x1406b4171	Acknowledge lack of disappointment	0x1406b4171	0x141675ac8	caption + complete event when event length > 1
classic	negated	41	DISGUST	0x1406b3e90	0x1406b417d	Acknowledge lack of disgust	0x1406b417d	0x141675af0	caption + complete event when event length > 1
classic	negated	42	DISILLUSIONED	0x1406b3e90	0x1406b4189	Acknowledge lack of disillusionment	0x1406b4189	0x141675668	caption + complete event when event length > 1
classic	negated	43	DISLIKE	0x1406b3e90	0x1406b4195	Acknowledge lack of dislike	0x1406b4195	0x141675690	caption + complete event when event length > 1
classic	negated	44	DISMAY	0x1406b3e90	0x1406b402d	Acknowledge lack of dismay	0x1406b402d	0x141675a68	caption + complete event when event length > 1
classic	negated	45	DISPLEASURE	0x1406b3e90	0x1406b41a1	Acknowledge lack of displeasure	0x1406b41a1	0x141675628	caption + complete event when event length > 1
classic	negated	46	DISTRESS	0x1406b3e90	0x1406b4039	Acknowledge lack of distress	0x1406b4039	0x141675a08	caption + complete event when event length > 1
classic	negated	47	DOUBT	0x1406b3e90	0x1406b44ec	Acknowledge lack of doubt	0x1406b44ec	0x141675d78	caption + complete event when event length > 1
classic	negated	48	DREAD	0x1406b3e90	0x1406b453e				native default: no caption emitted
classic	negated	49	EAGERNESS	0x1406b3e90	0x1406b41ad	Acknowledge lack of eagerness	0x1406b41ad	0x141675648	caption + complete event when event length > 1
classic	negated	50	ECSTASY	0x1406b3e90	0x1406b453e				native default: no caption emitted
classic	negated	51	ELATION	0x1406b3e90	0x1406b4441	Acknowledge lack of elation	0x1406b4441	0x141676210	caption + complete event when event length > 1
classic	negated	52	EMBARRASSMENT	0x1406b3e90	0x1406b41b9	Acknowledge lack of embarrassment	0x1406b41b9	0x1416755e0	caption + complete event when event length > 1
classic	negated	53	EMPATHY	0x1406b3e90	0x1406b41c5	Acknowledge lack of empathy	0x1406b41c5	0x141675608	caption + complete event when event length > 1
classic	negated	54	EMPTINESS	0x1406b3e90	0x1406b41d1	Acknowledge lack of emptiness	0x1406b41d1	0x141675598	caption + complete event when event length > 1
classic	negated	55	ENJOYMENT	0x1406b3e90	0x1406b444d	Acknowledge lack of enjoyment	0x1406b444d	0x141676230	caption + complete event when event length > 1
classic	negated	56	ENTHRALLMENT	0x1406b3e90	0x1406b453e				native default: no caption emitted
classic	negated	57	ENTHUSIASM	0x1406b3e90	0x1406b44f5	Acknowledge lack of enthusiasm	0x1406b44f5	0x141675d18	caption + complete event when event length > 1
classic	negated	58	ENVY	0x1406b3e90	0x1406b453e				native default: no caption emitted
classic	negated	59	EUPHORIA	0x1406b3e90	0x1406b4507	Acknowledge lack of euphoria	0x1406b4507	0x141675cd0	caption + complete event when event length > 1
classic	negated	60	EXASPERATION	0x1406b3e90	0x1406b41dd	Acknowledge lack of exasperation	0x1406b41dd	0x1416755b8	caption + complete event when event length > 1
classic	negated	61	EXCITEMENT	0x1406b3e90	0x1406b3fcd	Acknowledge lack of excitement	0x1406b3fcd	0x141674e98	caption + complete event when event length > 1
classic	negated	62	EXHILARATION	0x1406b3e90	0x1406b4459	Acknowledge lack of exhilaration	0x1406b4459	0x1416761c8	caption + complete event when event length > 1
classic	negated	63	EXPECTANT	0x1406b3e90	0x1406b44e3	Acknowledge lack of expectancy	0x1406b44e3	0x141675d58	caption + complete event when event length > 1
classic	negated	64	FEAR	0x1406b3e90	0x1406b3f91	Acknowledge lack of fear	0x1406b3f91	0x141674f00	caption + complete event when event length > 1
classic	negated	65	FEROCITY	0x1406b3e90	0x1406b41e9	Acknowledge lack of ferocity	0x1406b41e9	0x141675558	caption + complete event when event length > 1
classic	negated	66	FONDNESS	0x1406b3e90	0x1406b4465	Acknowledge lack of fondness	0x1406b4465	0x1416761f0	caption + complete event when event length > 1
classic	negated	67	FREE	0x1406b3e90	0x1406b4471	Acknowledge lack of freedom	0x1406b4471	0x141676188	caption + complete event when event length > 1
classic	negated	68	FRIGHT	0x1406b3e90	0x1406b4045	Acknowledge lack of fright	0x1406b4045	0x141675a28	caption + complete event when event length > 1
classic	negated	69	FRUSTRATION	0x1406b3e90	0x1406b41f5	Acknowledge lack of frustration	0x1406b41f5	0x141675578	caption + complete event when event length > 1
classic	negated	70	FURY	0x1406b3e90	0x1406b453e				native default: no caption emitted
classic	negated	71	GAIETY	0x1406b3e90	0x1406b3fd9	Acknowledge lack of gaiety	0x1406b3fd9	0x141674e40	caption + complete event when event length > 1
classic	negated	72	GLADNESS	0x1406b3e90	0x1406b453e				native default: no caption emitted
classic	negated	73	GLEE	0x1406b3e90	0x1406b447d	Acknowledge lack of glee	0x1406b447d	0x1416761a8	caption + complete event when event length > 1
classic	negated	74	GLOOM	0x1406b3e90	0x1406b4201	Acknowledge lack of gloom	0x1406b4201	0x141675518	caption + complete event when event length > 1
classic	negated	75	GLUMNESS	0x1406b3e90	0x1406b420d	Acknowledge lack of glumness	0x1406b420d	0x141675538	caption + complete event when event length > 1
classic	negated	76	GRATITUDE	0x1406b3e90	0x1406b4219	Acknowledge lack of gratitude	0x1406b4219	0x1416754d8	caption + complete event when event length > 1
classic	negated	77	GRATIFICATION	0x1406b3e90	0x1406b453e				native default: no caption emitted
classic	negated	78	GRIEF	0x1406b3e90	0x1406b3f61	Acknowledge lack of grief	0x1406b3f61	0x141674f88	caption + complete event when event length > 1
classic	negated	79	GRIM_SATISFACTION	0x1406b3e90	0x1406b3f85	Acknowledge lack of grim satisfaction	0x1406b3f85	0x141674f60	caption + complete event when event length > 1
classic	negated	80	GROUCHINESS	0x1406b3e90	0x1406b4225	Acknowledge lack of grouchiness	0x1406b4225	0x1416754f8	caption + complete event when event length > 1
classic	negated	81	GRUMPINESS	0x1406b3e90	0x1406b4231	Acknowledge lack of grumpiness	0x1406b4231	0x141675498	caption + complete event when event length > 1
classic	negated	82	GUILT	0x1406b3e90	0x1406b423d	Acknowledge lack of guilt	0x1406b423d	0x1416754b8	caption + complete event when event length > 1
classic	negated	83	HAPPINESS	0x1406b3e90	0x1406b4489	Acknowledge lack of happiness	0x1406b4489	0x141675ea0	caption + complete event when event length > 1
classic	negated	84	HATRED	0x1406b3e90	0x1406b4249	Acknowledge lack of hatred	0x1406b4249	0x141675878	caption + complete event when event length > 1
classic	negated	85	HOMESICKNESS	0x1406b3e90	0x1406b453e				native default: no caption emitted
classic	negated	86	HOPE	0x1406b3e90	0x1406b4255	Acknowledge lack of hope	0x1406b4255	0x141675898	caption + complete event when event length > 1
classic	negated	87	HOPELESSNESS	0x1406b3e90	0x1406b4261	Acknowledge lack of hopelessness	0x1406b4261	0x141675830	caption + complete event when event length > 1
classic	negated	88	HORROR	0x1406b3e90	0x1406b3f55	Acknowledge lack of horror	0x1406b3f55	0x141674fe8	caption + complete event when event length > 1
classic	negated	89	HOSTILITY	0x1406b3e90	0x1406b453e				native default: no caption emitted
classic	negated	90	HUMILIATION	0x1406b3e90	0x1406b426d	Acknowledge lack of humiliation	0x1406b426d	0x141675858	caption + complete event when event length > 1
classic	negated	91	HURT	0x1406b3e90	0x1406b453e				native default: no caption emitted
classic	negated	92	HYSTERIA	0x1406b3e90	0x1406b453e				native default: no caption emitted
classic	negated	93	INFATUATED	0x1406b3e90	0x1406b453e				native default: no caption emitted
classic	negated	94	INSECURITY	0x1406b3e90	0x1406b453e				native default: no caption emitted
classic	negated	95	INSULT	0x1406b3e90	0x1406b4279	Acknowledge lack of insult	0x1406b4279	0x1416757f0	caption + complete event when event length > 1
classic	negated	96	INTEREST	0x1406b3e90	0x1406b4285	Acknowledge lack of interest	0x1406b4285	0x141675810	caption + complete event when event length > 1
classic	negated	97	IRRITATION	0x1406b3e90	0x1406b4291	Acknowledge lack of irritation	0x1406b4291	0x1416757b0	caption + complete event when event length > 1
classic	negated	98	ISOLATION	0x1406b3e90	0x1406b429d	Acknowledge lack of isolation	0x1406b429d	0x1416757d0	caption + complete event when event length > 1
classic	negated	99	JEALOUSY	0x1406b3e90	0x1406b453e				native default: no caption emitted
classic	negated	100	JOLLINESS	0x1406b3e90	0x1406b4492	Acknowledge lack of jolliness	0x1406b4492	0x141675ec0	caption + complete event when event length > 1
classic	negated	101	JOVIALITY	0x1406b3e90	0x1406b449b	Acknowledge lack of joviality	0x1406b449b	0x141675e60	caption + complete event when event length > 1
classic	negated	102	JOY	0x1406b3e90	0x1406b3fe5	Acknowledge lack of joy	0x1406b3fe5	0x141674e60	caption + complete event when event length > 1
classic	negated	103	JUBILATION	0x1406b3e90	0x1406b44a4	Acknowledge lack of jubilation	0x1406b44a4	0x141675e80	caption + complete event when event length > 1
classic	negated	104	LOATHING	0x1406b3e90	0x1406b42a9	Acknowledge lack of loathing	0x1406b42a9	0x141675770	caption + complete event when event length > 1
classic	negated	105	LONELINESS	0x1406b3e90	0x1406b42b5	Acknowledge lack of loneliness	0x1406b42b5	0x141675790	caption + complete event when event length > 1
classic	negated	106	LONGING	0x1406b3e90	0x1406b453e				native default: no caption emitted
classic	negated	107	LOVE	0x1406b3e90	0x1406b3fb5	Acknowledge lack of love	0x1406b3fb5	0x141674ee0	caption + complete event when event length > 1
classic	negated	108	LOVESICKNESS	0x1406b3e90	0x1406b453e				native default: no caption emitted
classic	negated	109	LUST	0x1406b3e90	0x1406b42c1	Acknowledge lack of lust	0x1406b42c1	0x141675730	caption + complete event when event length > 1
classic	negated	110	MELANCHOLY	0x1406b3e90	0x1406b453e				native default: no caption emitted
classic	negated	111	MISERY	0x1406b3e90	0x1406b4051	Acknowledge lack of misery	0x1406b4051	0x1416759c0	caption + complete event when event length > 1
classic	negated	112	MORTIFICATION	0x1406b3e90	0x1406b405d	Acknowledge lack of mortification	0x1406b405d	0x1416759e0	caption + complete event when event length > 1
classic	negated	113	NEGLECT	0x1406b3e90	0x1406b453e				native default: no caption emitted
classic	negated	114	NERVOUSNESS	0x1406b3e90	0x1406b42cd	Acknowledge lack of nervousness	0x1406b42cd	0x141675750	caption + complete event when event length > 1
classic	negated	115	NOSTALGIA	0x1406b3e90	0x1406b42d9	Acknowledge lack of nostalgia	0x1406b42d9	0x1416756f0	caption + complete event when event length > 1
classic	negated	116	OPTIMISM	0x1406b3e90	0x1406b42e5	Acknowledge lack of optimism	0x1406b42e5	0x141675710	caption + complete event when event length > 1
classic	negated	117	OUTRAGE	0x1406b3e90	0x1406b42f1	Acknowledge lack of outrage	0x1406b42f1	0x1416756b0	caption + complete event when event length > 1
classic	negated	118	PANIC	0x1406b3e90	0x1406b42fd	Acknowledge lack of panic	0x1406b42fd	0x1416756d0	caption + complete event when event length > 1
classic	negated	119	PATIENCE	0x1406b3e90	0x1406b4309	Acknowledge lack of patience	0x1406b4309	0x141676148	caption + complete event when event length > 1
classic	negated	120	PASSION	0x1406b3e90	0x1406b4315	Acknowledge lack of passion	0x1406b4315	0x141676168	caption + complete event when event length > 1
classic	negated	121	PESSIMISM	0x1406b3e90	0x1406b44fe	Acknowledge lack of pessimism	0x1406b44fe	0x141675d38	caption + complete event when event length > 1
classic	negated	122	PITY	0x1406b3e90	0x1406b453e				native default: no caption emitted
classic	negated	123	PLEASURE	0x1406b3e90	0x1406b44ad	Acknowledge lack of pleasure	0x1406b44ad	0x141675e20	caption + complete event when event length > 1
classic	negated	124	PRIDE	0x1406b3e90	0x1406b44b6	Acknowledge lack of pride	0x1406b44b6	0x141675e40	caption + complete event when event length > 1
classic	negated	125	RAGE	0x1406b3e90	0x1406b3f79	Acknowledge lack of rage	0x1406b3f79	0x141674f40	caption + complete event when event length > 1
classic	negated	126	RAPTURE	0x1406b3e90	0x1406b44bf	Acknowledge lack of rapture	0x1406b44bf	0x141675de0	caption + complete event when event length > 1
classic	negated	127	REJECTION	0x1406b3e90	0x1406b4321	Acknowledge lack of rejection	0x1406b4321	0x141676108	caption + complete event when event length > 1
classic	negated	128	RELIEF	0x1406b3e90	0x1406b432d	Acknowledge lack of relief	0x1406b432d	0x141676128	caption + complete event when event length > 1
classic	negated	129	REGRET	0x1406b3e90	0x1406b4339	Acknowledge lack of regret	0x1406b4339	0x1416760c8	caption + complete event when event length > 1
classic	negated	130	REMORSE	0x1406b3e90	0x1406b4345	Acknowledge lack of remorse	0x1406b4345	0x1416760e8	caption + complete event when event length > 1
classic	negated	131	REPENTANCE	0x1406b3e90	0x1406b4351	Acknowledge lack of repentance	0x1406b4351	0x141676088	caption + complete event when event length > 1
classic	negated	132	RESENTMENT	0x1406b3e90	0x1406b435d	Acknowledge lack of resentment	0x1406b435d	0x1416760a8	caption + complete event when event length > 1
classic	negated	133	REVULSION	0x1406b3e90	0x1406b453e				native default: no caption emitted
classic	negated	134	RIGHTEOUS_INDIGNATION	0x1406b3e90	0x1406b4375	Acknowledge lack of righteous indignation	0x1406b4375	0x141676058	caption + complete event when event length > 1
classic	negated	135	SADNESS	0x1406b3e90	0x1406b3f9d	Acknowledge lack of sadness	0x1406b3f9d	0x141674f20	caption + complete event when event length > 1
classic	negated	136	SATISFACTION	0x1406b3e90	0x1406b3fa9	Acknowledge lack of satisfaction	0x1406b3fa9	0x141674eb8	caption + complete event when event length > 1
classic	negated	137	SCORN	0x1406b3e90	0x1406b453e				native default: no caption emitted
classic	negated	138	SELF_PITY	0x1406b3e90	0x1406b4381	Acknowledge lack of self-pity	0x1406b4381	0x141675ff0	caption + complete event when event length > 1
classic	negated	139	SENTIMENTAL	0x1406b3e90	0x1406b453e				native default: no caption emitted
classic	negated	140	SERVILE	0x1406b3e90	0x1406b438d	Acknowledge lack of servility	0x1406b438d	0x141676010	caption + complete event when event length > 1
classic	negated	141	SHAKEN	0x1406b3e90	0x1406b4069	Acknowledge lack of being shaken	0x1406b4069	0x141675978	caption + complete event when event length > 1
classic	negated	142	SHAME	0x1406b3e90	0x1406b4399	Acknowledge lack of shame	0x1406b4399	0x141675fb0	caption + complete event when event length > 1
classic	negated	143	SHOCK	0x1406b3e90	0x1406b3f49	Acknowledge lack of shock	0x1406b3f49	0x141674fc8	caption + complete event when event length > 1
classic	negated	144	SORROW	0x1406b3e90	0x1406b453e				native default: no caption emitted
classic	negated	145	SPITE	0x1406b3e90	0x1406b453e				native default: no caption emitted
classic	negated	146	SUFFERING	0x1406b3e90	0x1406b453e				native default: no caption emitted
classic	negated	147	SURPRISE	0x1406b3e90	0x1406b453e				native default: no caption emitted
classic	negated	148	SUSPICION	0x1406b3e90	0x1406b3f31	Acknowledge lack of suspicion	0x1406b3f31	0x141674bb8	caption + complete event when event length > 1
classic	negated	149	SYMPATHY	0x1406b3e90	0x1406b43a5	Acknowledge lack of sympathy	0x1406b43a5	0x141675fd0	caption + complete event when event length > 1
classic	negated	150	TENDERNESS	0x1406b3e90	0x1406b43b1	Acknowledge lack of tenderness	0x1406b43b1	0x141675f70	caption + complete event when event length > 1
classic	negated	151	TENSENESS	0x1406b3e90	0x1406b453e				native default: no caption emitted
classic	negated	152	TERROR	0x1406b3e90	0x1406b3ffd	Acknowledge lack of terror	0x1406b3ffd	0x141674e20	caption + complete event when event length > 1
classic	negated	153	THRILL	0x1406b3e90	0x1406b44c8	Acknowledge lack of a thrill	0x1406b44c8	0x141675e00	caption + complete event when event length > 1
classic	negated	154	TORMENT	0x1406b3e90	0x1406b453e				native default: no caption emitted
classic	negated	155	TRIUMPH	0x1406b3e90	0x1406b3f6d	Acknowledge lack of triumph	0x1406b3f6d	0x141674fa8	caption + complete event when event length > 1
classic	negated	156	UNEASINESS	0x1406b3e90	0x1406b43bd	Acknowledge lack of uneasiness	0x1406b43bd	0x141675f90	caption + complete event when event length > 1
classic	negated	157	UNHAPPINESS	0x1406b3e90	0x1406b43c9	Acknowledge lack of unhappiness	0x1406b43c9	0x141676350	caption + complete event when event length > 1
classic	negated	158	VENGEFULNESS	0x1406b3e90	0x1406b3ff1	Acknowledge lack of vengefulness	0x1406b3ff1	0x141674df8	caption + complete event when event length > 1
classic	negated	159	WOE	0x1406b3e90	0x1406b453e				native default: no caption emitted
classic	negated	160	WONDER	0x1406b3e90	0x1406b43d5	Acknowledge lack of wonder	0x1406b43d5	0x141676370	caption + complete event when event length > 1
classic	negated	161	WORRY	0x1406b3e90	0x1406b43e1	Acknowledge lack of worry	0x1406b43e1	0x141676310	caption + complete event when event length > 1
classic	negated	162	WRATH	0x1406b3e90	0x1406b43ed	Acknowledge lack of wrath	0x1406b43ed	0x141676330	caption + complete event when event length > 1
classic	negated	163	ZEAL	0x1406b3e90	0x1406b43f9	Acknowledge lack of zeal	0x1406b43f9	0x1416762d0	caption + complete event when event length > 1
classic	negated	164	ZEST	0x1406b3e90	0x1406b453e				native default: no caption emitted
classic	negated	165	INSTINCTUAL_HUNT	0x1406b3e90	0x1406b453e				native default: no caption emitted
classic	negated	166	BOGEYMAN_TAUNT	0x1406b3e90	0x1406b453e				native default: no caption emitted
classic	negated	167	RESTLESS	0x1406b3e90	0x1406b4369	Acknowledge lack of restlessness	0x1406b4369	0x141676030	caption + complete event when event length > 1
classic	negated	168	ADMIRATION	0x1406b3e90	0x1406b4081	Acknowledge lack of admiration	0x1406b4081	0x141675938	caption + complete event when event length > 1
classic	negated	out-of-range	NONE_OR_INVALID	0x1406b3e90	0x1406b453e				native default: no caption emitted
