edition	image_identity	role	function_start	instruction	callee
reference	PE:6a70a6d9:02711000	status-update	0x1413547e0	0x141354805	0x14153adc0
reference	PE:6a70a6d9:02711000	status-update	0x1413547e0	0x141354846	0x140073230
reference	PE:6a70a6d9:02711000	status-update	0x1413547e0	0x141354852	0x1400fdd70
reference	PE:6a70a6d9:02711000	status-update	0x1413547e0	0x141354868	0x1413b9f20
reference	PE:6a70a6d9:02711000	status-update	0x1413547e0	0x141354893	0x141367430
reference	PE:6a70a6d9:02711000	status-update	0x1413547e0	0x1413548a6	0x1400bba60
reference	PE:6a70a6d9:02711000	status-update	0x1413547e0	0x1413548c8	0x1400bba90
reference	PE:6a70a6d9:02711000	status-update	0x1413547e0	0x141354917	0x14137bd50
reference	PE:6a70a6d9:02711000	status-update	0x1413547e0	0x14135492b	0x14006f690
reference	PE:6a70a6d9:02711000	status-update	0x1413547e0	0x14135493b	0x141331500
reference	PE:6a70a6d9:02711000	status-update	0x1413547e0	0x14135494e	0x14006f560
reference	PE:6a70a6d9:02711000	status-update	0x1413547e0	0x14135495a	0x14052d650
reference	PE:6a70a6d9:02711000	status-update	0x1413547e0	0x141354966	0x14006f690
reference	PE:6a70a6d9:02711000	status-update	0x1413547e0	0x141354997	0x140144ea0
reference	PE:6a70a6d9:02711000	status-update	0x1413547e0	0x1413549a3	0x14006f520
reference	PE:6a70a6d9:02711000	status-update	0x1413547e0	0x1413549ba	0x14006f560
reference	PE:6a70a6d9:02711000	status-update	0x1413547e0	0x1413549cd	0x1400b9d10
reference	PE:6a70a6d9:02711000	status-update	0x1413547e0	0x1413549d9	0x14007dbe0
reference	PE:6a70a6d9:02711000	status-update	0x1413547e0	0x1413549f2	0x1400e35c0
reference	PE:6a70a6d9:02711000	status-update	0x1413547e0	0x141354a0f	0x1400e35c0
reference	PE:6a70a6d9:02711000	status-update	0x1413547e0	0x141354a98	0x1400e3c20
reference	PE:6a70a6d9:02711000	status-update	0x1413547e0	0x141354aab	0x140067e30
reference	PE:6a70a6d9:02711000	status-update	0x1413547e0	0x141354ab8	0x140067e30
reference	PE:6a70a6d9:02711000	status-update	0x1413547e0	0x141354ac0	0x141385b10
reference	PE:6a70a6d9:02711000	status-update	0x1413547e0	0x141354ad4	0x1413779f0
reference	PE:6a70a6d9:02711000	status-update	0x1413547e0	0x141354b64	0x140073870
reference	PE:6a70a6d9:02711000	status-update	0x1413547e0	0x141354c0d	0x14135eb40
reference	PE:6a70a6d9:02711000	status-update	0x1413547e0	0x141354c15	0x14135e980
reference	PE:6a70a6d9:02711000	status-update	0x1413547e0	0x141354c4e	0x14006f240
reference	PE:6a70a6d9:02711000	status-update	0x1413547e0	0x141354c61	0x14006f230
reference	PE:6a70a6d9:02711000	status-update	0x1413547e0	0x141354c78	0x14006ee20
reference	PE:6a70a6d9:02711000	status-update	0x1413547e0	0x141354c82	0x1400657b0
reference	PE:6a70a6d9:02711000	status-update	0x1413547e0	0x141354c97	0x14006ee10
reference	PE:6a70a6d9:02711000	status-update	0x1413547e0	0x141354cbc	0x1405587b0
reference	PE:6a70a6d9:02711000	status-update	0x1413547e0	0x141354cd2	0x14007db20
reference	PE:6a70a6d9:02711000	status-update	0x1413547e0	0x141354ce5	0x140067e80
reference	PE:6a70a6d9:02711000	status-update	0x1413547e0	0x141354cf5	QWORD PTR [rdx]
reference	PE:6a70a6d9:02711000	status-update	0x1413547e0	0x141354d04	0x14006ee00
reference	PE:6a70a6d9:02711000	status-update	0x1413547e0	0x141354d1b	0x14006ee20
reference	PE:6a70a6d9:02711000	status-update	0x1413547e0	0x141354d25	0x1400657b0
reference	PE:6a70a6d9:02711000	status-update	0x1413547e0	0x141354d45	0x140d09b00
reference	PE:6a70a6d9:02711000	status-update	0x1413547e0	0x141354d5e	0x1405b06d0
reference	PE:6a70a6d9:02711000	status-update	0x1413547e0	0x141354d93	0x140073a60
reference	PE:6a70a6d9:02711000	status-update	0x1413547e0	0x141354daa	0x141325080
reference	PE:6a70a6d9:02711000	status-update	0x1413547e0	0x141354db4	0x1413a4310
reference	PE:6a70a6d9:02711000	status-update	0x1413547e0	0x141354dfd	0x141324360
reference	PE:6a70a6d9:02711000	status-update	0x1413547e0	0x141354e15	0x14136ea20
reference	PE:6a70a6d9:02711000	status-update	0x1413547e0	0x141354e2b	0x140072510
reference	PE:6a70a6d9:02711000	status-update	0x1413547e0	0x141354e59	0x14006ee50
reference	PE:6a70a6d9:02711000	status-update	0x1413547e0	0x141354e7a	0x14006f220
reference	PE:6a70a6d9:02711000	status-update	0x1413547e0	0x141354e98	0x14006f220
reference	PE:6a70a6d9:02711000	status-update	0x1413547e0	0x141354eb6	0x14006f220
reference	PE:6a70a6d9:02711000	status-update	0x1413547e0	0x141354ed4	0x14006f220
reference	PE:6a70a6d9:02711000	status-update	0x1413547e0	0x141354ef2	0x14006f220
reference	PE:6a70a6d9:02711000	status-update	0x1413547e0	0x141354f12	0x14006ee50
reference	PE:6a70a6d9:02711000	status-update	0x1413547e0	0x141354f2b	0x1413406b0
reference	PE:6a70a6d9:02711000	status-update	0x1413547e0	0x141354f66	0x140072510
reference	PE:6a70a6d9:02711000	status-update	0x1413547e0	0x141354f86	0x1413eff80
reference	PE:6a70a6d9:02711000	status-update	0x1413547e0	0x141354fd9	0x140072510
reference	PE:6a70a6d9:02711000	status-update	0x1413547e0	0x141355003	0x1413eff80
reference	PE:6a70a6d9:02711000	status-update	0x1413547e0	0x14135506d	0x14006f240
reference	PE:6a70a6d9:02711000	status-update	0x1413547e0	0x141355087	0x14006f230
reference	PE:6a70a6d9:02711000	status-update	0x1413547e0	0x14135509b	0x14006ee20
reference	PE:6a70a6d9:02711000	status-update	0x1413547e0	0x1413550a5	0x1400657b0
reference	PE:6a70a6d9:02711000	status-update	0x1413547e0	0x1413550b6	0x14006ee10
reference	PE:6a70a6d9:02711000	status-update	0x1413547e0	0x1413550c8	0x14006ee10
reference	PE:6a70a6d9:02711000	status-update	0x1413547e0	0x1413550f5	0x14006ee10
reference	PE:6a70a6d9:02711000	status-update	0x1413547e0	0x14135510a	0x14006ee10
reference	PE:6a70a6d9:02711000	status-update	0x1413547e0	0x141355119	0x14006ee00
reference	PE:6a70a6d9:02711000	status-update	0x1413547e0	0x14135512d	0x14006ee20
reference	PE:6a70a6d9:02711000	status-update	0x1413547e0	0x141355137	0x1400657b0
reference	PE:6a70a6d9:02711000	status-update	0x1413547e0	0x14135515f	0x140075500
reference	PE:6a70a6d9:02711000	status-update	0x1413547e0	0x141355170	0x141039f40
reference	PE:6a70a6d9:02711000	status-update	0x1413547e0	0x14135519f	0x140072510
reference	PE:6a70a6d9:02711000	status-update	0x1413547e0	0x1413551bf	0x1413eff80
reference	PE:6a70a6d9:02711000	status-update	0x1413547e0	0x1413551da	0x140071f90
reference	PE:6a70a6d9:02711000	status-update	0x1413547e0	0x141355219	0x14006ee50
reference	PE:6a70a6d9:02711000	status-update	0x1413547e0	0x141355246	0x14006f220
reference	PE:6a70a6d9:02711000	status-update	0x1413547e0	0x1413552b5	0x14006f450
reference	PE:6a70a6d9:02711000	status-update	0x1413547e0	0x1413552d9	0x14006f440
reference	PE:6a70a6d9:02711000	status-update	0x1413547e0	0x1413552ec	0x14006f360
reference	PE:6a70a6d9:02711000	status-update	0x1413547e0	0x141355304	0x14006f440
reference	PE:6a70a6d9:02711000	status-update	0x1413547e0	0x141355317	0x14006f220
reference	PE:6a70a6d9:02711000	status-update	0x1413547e0	0x141355326	0x14006f220
reference	PE:6a70a6d9:02711000	status-update	0x1413547e0	0x141355339	0x14006f360
reference	PE:6a70a6d9:02711000	status-update	0x1413547e0	0x141355365	0x1414dd1d0
reference	PE:6a70a6d9:02711000	status-update	0x1413547e0	0x1413553a0	0x141364880
reference	PE:6a70a6d9:02711000	status-update	0x1413547e0	0x1413553b3	0x140243b70
reference	PE:6a70a6d9:02711000	status-update	0x1413547e0	0x1413553d6	0x140243b60
reference	PE:6a70a6d9:02711000	status-update	0x1413547e0	0x1413553de	0x14006ee10
reference	PE:6a70a6d9:02711000	status-update	0x1413547e0	0x141355405	0x140073b70
reference	PE:6a70a6d9:02711000	status-update	0x1413547e0	0x141355447	0x141364410
reference	PE:6a70a6d9:02711000	status-update	0x1413547e0	0x14135546f	0x14006f240
reference	PE:6a70a6d9:02711000	status-update	0x1413547e0	0x141355489	0x14006f230
reference	PE:6a70a6d9:02711000	status-update	0x1413547e0	0x1413554a0	0x14006ee20
reference	PE:6a70a6d9:02711000	status-update	0x1413547e0	0x1413554aa	0x1400657b0
reference	PE:6a70a6d9:02711000	status-update	0x1413547e0	0x1413554c7	0x14006ee10
reference	PE:6a70a6d9:02711000	status-update	0x1413547e0	0x1413554db	0x14006ee10
reference	PE:6a70a6d9:02711000	status-update	0x1413547e0	0x1413554f4	0x14006ee00
reference	PE:6a70a6d9:02711000	status-update	0x1413547e0	0x14135550b	0x14006ee20
reference	PE:6a70a6d9:02711000	status-update	0x1413547e0	0x141355515	0x1400657b0
reference	PE:6a70a6d9:02711000	status-update	0x1413547e0	0x141355532	0x1400726e0
reference	PE:6a70a6d9:02711000	status-update	0x1413547e0	0x141355570	r10
reference	PE:6a70a6d9:02711000	status-update	0x1413547e0	0x1413555c2	0x141463a20
reference	PE:6a70a6d9:02711000	status-update	0x1413547e0	0x141355602	0x1413523f0
reference	PE:6a70a6d9:02711000	status-update	0x1413547e0	0x14135560a	0x141352810
reference	PE:6a70a6d9:02711000	status-update	0x1413547e0	0x141355627	0x140247cf0
reference	PE:6a70a6d9:02711000	status-update	0x1413547e0	0x141355648	0x14137f620
reference	PE:6a70a6d9:02711000	status-update	0x1413547e0	0x1413556b8	0x14006f240
reference	PE:6a70a6d9:02711000	status-update	0x1413547e0	0x1413556cb	0x14006f230
reference	PE:6a70a6d9:02711000	status-update	0x1413547e0	0x1413556e2	0x14006ee20
reference	PE:6a70a6d9:02711000	status-update	0x1413547e0	0x1413556ec	0x1400657b0
reference	PE:6a70a6d9:02711000	status-update	0x1413547e0	0x141355707	0x14006ee10
reference	PE:6a70a6d9:02711000	status-update	0x1413547e0	0x141355718	0x14006ee10
reference	PE:6a70a6d9:02711000	status-update	0x1413547e0	0x14135572c	0x14006f350
reference	PE:6a70a6d9:02711000	status-update	0x1413547e0	0x141355743	0x14006ee20
reference	PE:6a70a6d9:02711000	status-update	0x1413547e0	0x14135574d	0x1400657b0
reference	PE:6a70a6d9:02711000	status-update	0x1413547e0	0x141355764	0x14006f240
reference	PE:6a70a6d9:02711000	status-update	0x1413547e0	0x141355777	0x14006f230
reference	PE:6a70a6d9:02711000	status-update	0x1413547e0	0x14135578e	0x14006ee20
reference	PE:6a70a6d9:02711000	status-update	0x1413547e0	0x141355798	0x1400657b0
reference	PE:6a70a6d9:02711000	status-update	0x1413547e0	0x1413557a8	0x14006ee10
reference	PE:6a70a6d9:02711000	status-update	0x1413547e0	0x1413557b9	0x14006ee10
reference	PE:6a70a6d9:02711000	status-update	0x1413547e0	0x1413557cd	0x14006f350
reference	PE:6a70a6d9:02711000	status-update	0x1413547e0	0x1413557e4	0x14006ee20
reference	PE:6a70a6d9:02711000	status-update	0x1413547e0	0x1413557ee	0x1400657b0
reference	PE:6a70a6d9:02711000	status-update	0x1413547e0	0x141355811	0x140c62120
reference	PE:6a70a6d9:02711000	status-update	0x1413547e0	0x141355833	0x140b46430
reference	PE:6a70a6d9:02711000	status-update	0x1413547e0	0x1413558e5	0x14006ee50
reference	PE:6a70a6d9:02711000	status-update	0x1413547e0	0x141355908	0x14006f220
reference	PE:6a70a6d9:02711000	status-update	0x1413547e0	0x141355916	0x1413dcd00
reference	PE:6a70a6d9:02711000	status-update	0x1413547e0	0x14135592d	0x14006ee50
reference	PE:6a70a6d9:02711000	status-update	0x1413547e0	0x141355956	0x14006f220
reference	PE:6a70a6d9:02711000	status-update	0x1413547e0	0x141355970	0x14006f220
reference	PE:6a70a6d9:02711000	status-update	0x1413547e0	0x141355988	0x14006f220
reference	PE:6a70a6d9:02711000	status-update	0x1413547e0	0x1413559a3	0x14006f220
reference	PE:6a70a6d9:02711000	status-update	0x1413547e0	0x1413559bb	0x141539680
reference	PE:6a70a6d9:02711000	status-update	0x1413547e0	0x1413559c6	0x14006f220
reference	PE:6a70a6d9:02711000	status-update	0x1413547e0	0x1413559df	0x14006f220
reference	PE:6a70a6d9:02711000	status-update	0x1413547e0	0x1413559fa	0x14006f220
reference	PE:6a70a6d9:02711000	status-update	0x1413547e0	0x141355a10	0x141539680
reference	PE:6a70a6d9:02711000	status-update	0x1413547e0	0x141355a1b	0x14006f220
reference	PE:6a70a6d9:02711000	status-update	0x1413547e0	0x141355a34	0x14006f220
reference	PE:6a70a6d9:02711000	status-update	0x1413547e0	0x141355a65	0x14006f220
reference	PE:6a70a6d9:02711000	status-update	0x1413547e0	0x141355a77	0x141345b70
reference	PE:6a70a6d9:02711000	status-update	0x1413547e0	0x141355a82	0x1400b99a0
reference	PE:6a70a6d9:02711000	status-update	0x1413547e0	0x141355aa1	0x1413857d0
reference	PE:6a70a6d9:02711000	status-update	0x1413547e0	0x141355aa9	0x141384de0
reference	PE:6a70a6d9:02711000	status-update	0x1413547e0	0x141355abf	0x1413857d0
reference	PE:6a70a6d9:02711000	status-update	0x1413547e0	0x141355ac7	0x141384de0
reference	PE:6a70a6d9:02711000	status-update	0x1413547e0	0x141355adc	0x1413b9f20
reference	PE:6a70a6d9:02711000	status-update	0x1413547e0	0x141355b26	0x140d09b00
reference	PE:6a70a6d9:02711000	status-update	0x1413547e0	0x141355b3f	0x1405b06d0
reference	PE:6a70a6d9:02711000	status-update	0x1413547e0	0x141355b5a	0x14006ee50
reference	PE:6a70a6d9:02711000	status-update	0x1413547e0	0x141355b8b	0x14006f220
reference	PE:6a70a6d9:02711000	status-update	0x1413547e0	0x141355bbc	0x1408f1b20
reference	PE:6a70a6d9:02711000	status-update	0x1413547e0	0x141355be3	0x1408f1b20
reference	PE:6a70a6d9:02711000	status-update	0x1413547e0	0x141355c0a	0x1408f1b20
reference	PE:6a70a6d9:02711000	status-update	0x1413547e0	0x141355cf4	0x14006f5a0
reference	PE:6a70a6d9:02711000	status-update	0x1413547e0	0x141355d08	0x14006f5a0
reference	PE:6a70a6d9:02711000	status-update	0x1413547e0	0x141355d1c	0x14006f5a0
reference	PE:6a70a6d9:02711000	status-update	0x1413547e0	0x141355dd4	0x14006f370
reference	PE:6a70a6d9:02711000	status-update	0x1413547e0	0x141355df0	0x14006f370
reference	PE:6a70a6d9:02711000	status-update	0x1413547e0	0x141355dff	0x14006f370
reference	PE:6a70a6d9:02711000	status-update	0x1413547e0	0x141355e18	0x14006f370
reference	PE:6a70a6d9:02711000	status-update	0x1413547e0	0x141355e2a	0x14006f380
reference	PE:6a70a6d9:02711000	status-update	0x1413547e0	0x141355e39	0x14006f240
reference	PE:6a70a6d9:02711000	status-update	0x1413547e0	0x141355e48	0x14006f230
reference	PE:6a70a6d9:02711000	status-update	0x1413547e0	0x141355e5f	0x14006ee20
reference	PE:6a70a6d9:02711000	status-update	0x1413547e0	0x141355e69	0x1400657b0
reference	PE:6a70a6d9:02711000	status-update	0x1413547e0	0x141355e79	0x14006ee10
reference	PE:6a70a6d9:02711000	status-update	0x1413547e0	0x141355e8b	0x14006f350
reference	PE:6a70a6d9:02711000	status-update	0x1413547e0	0x141355ea2	0x14006ee20
reference	PE:6a70a6d9:02711000	status-update	0x1413547e0	0x141355eac	0x1400657b0
reference	PE:6a70a6d9:02711000	status-update	0x1413547e0	0x141355ed0	0x14006f240
reference	PE:6a70a6d9:02711000	status-update	0x1413547e0	0x141355edf	0x14006f230
reference	PE:6a70a6d9:02711000	status-update	0x1413547e0	0x141355ef6	0x14006f240
reference	PE:6a70a6d9:02711000	status-update	0x1413547e0	0x141355f0a	0x14006ee20
reference	PE:6a70a6d9:02711000	status-update	0x1413547e0	0x141355f14	0x1400657b0
reference	PE:6a70a6d9:02711000	status-update	0x1413547e0	0x141355f28	0x14006ee10
reference	PE:6a70a6d9:02711000	status-update	0x1413547e0	0x141355f39	0x14006ee10
reference	PE:6a70a6d9:02711000	status-update	0x1413547e0	0x141355f44	0x14006ee10
reference	PE:6a70a6d9:02711000	status-update	0x1413547e0	0x141355f52	0x14006ee10
reference	PE:6a70a6d9:02711000	status-update	0x1413547e0	0x141355f76	0x14006f350
reference	PE:6a70a6d9:02711000	status-update	0x1413547e0	0x141355f82	0x14006f350
reference	PE:6a70a6d9:02711000	status-update	0x1413547e0	0x141355f96	0x14006ee20
reference	PE:6a70a6d9:02711000	status-update	0x1413547e0	0x141355fa0	0x1400657b0
reference	PE:6a70a6d9:02711000	status-update	0x1413547e0	0x141355fc9	0x14006f370
reference	PE:6a70a6d9:02711000	status-update	0x1413547e0	0x141355fe5	0x14006f370
reference	PE:6a70a6d9:02711000	status-update	0x1413547e0	0x141355ff4	0x14006f370
reference	PE:6a70a6d9:02711000	status-update	0x1413547e0	0x14135600d	0x14006f370
reference	PE:6a70a6d9:02711000	status-update	0x1413547e0	0x14135601f	0x14006f380
reference	PE:6a70a6d9:02711000	status-update	0x1413547e0	0x14135602e	0x14006f240
reference	PE:6a70a6d9:02711000	status-update	0x1413547e0	0x14135603d	0x14006f230
reference	PE:6a70a6d9:02711000	status-update	0x1413547e0	0x141356054	0x14006ee20
reference	PE:6a70a6d9:02711000	status-update	0x1413547e0	0x14135605e	0x1400657b0
reference	PE:6a70a6d9:02711000	status-update	0x1413547e0	0x141356077	0x14006ee10
reference	PE:6a70a6d9:02711000	status-update	0x1413547e0	0x141356089	0x14006f350
reference	PE:6a70a6d9:02711000	status-update	0x1413547e0	0x1413560a0	0x14006ee20
reference	PE:6a70a6d9:02711000	status-update	0x1413547e0	0x1413560aa	0x1400657b0
reference	PE:6a70a6d9:02711000	status-update	0x1413547e0	0x1413560ca	0x14006f240
reference	PE:6a70a6d9:02711000	status-update	0x1413547e0	0x1413560d9	0x14006f230
reference	PE:6a70a6d9:02711000	status-update	0x1413547e0	0x1413560f0	0x14006f240
reference	PE:6a70a6d9:02711000	status-update	0x1413547e0	0x141356104	0x14006ee20
reference	PE:6a70a6d9:02711000	status-update	0x1413547e0	0x14135610e	0x1400657b0
reference	PE:6a70a6d9:02711000	status-update	0x1413547e0	0x141356127	0x14006ee10
reference	PE:6a70a6d9:02711000	status-update	0x1413547e0	0x141356138	0x14006ee10
reference	PE:6a70a6d9:02711000	status-update	0x1413547e0	0x141356143	0x14006ee10
reference	PE:6a70a6d9:02711000	status-update	0x1413547e0	0x141356151	0x14006ee10
reference	PE:6a70a6d9:02711000	status-update	0x1413547e0	0x141356175	0x14006f350
reference	PE:6a70a6d9:02711000	status-update	0x1413547e0	0x141356181	0x14006f350
reference	PE:6a70a6d9:02711000	status-update	0x1413547e0	0x141356195	0x14006ee20
reference	PE:6a70a6d9:02711000	status-update	0x1413547e0	0x14135619f	0x1400657b0
reference	PE:6a70a6d9:02711000	status-update	0x1413547e0	0x1413562be	0x141539690
reference	PE:6a70a6d9:02711000	status-update	0x1413547e0	0x1413562cd	0x140c62100
reference	PE:6a70a6d9:02711000	status-update	0x1413547e0	0x1413562e8	0x141321230
reference	PE:6a70a6d9:02711000	status-update	0x1413547e0	0x141356320	0x141539690
reference	PE:6a70a6d9:02711000	status-update	0x1413547e0	0x14135632f	0x140b46400
reference	PE:6a70a6d9:02711000	status-update	0x1413547e0	0x14135635c	0x14131f450
reference	PE:6a70a6d9:02711000	status-update	0x1413547e0	0x141356373	0x14006f240
reference	PE:6a70a6d9:02711000	status-update	0x1413547e0	0x14135638a	0x14006f230
reference	PE:6a70a6d9:02711000	status-update	0x1413547e0	0x1413563a1	0x14006f240
reference	PE:6a70a6d9:02711000	status-update	0x1413547e0	0x1413563b8	0x14006f230
reference	PE:6a70a6d9:02711000	status-update	0x1413547e0	0x1413563cf	0x14006ee20
reference	PE:6a70a6d9:02711000	status-update	0x1413547e0	0x1413563d9	0x1400657b0
reference	PE:6a70a6d9:02711000	status-update	0x1413547e0	0x1413563e9	0x14006ee10
reference	PE:6a70a6d9:02711000	status-update	0x1413547e0	0x141356403	0x14006ee10
reference	PE:6a70a6d9:02711000	status-update	0x1413547e0	0x141356411	0x141323b60
reference	PE:6a70a6d9:02711000	status-update	0x1413547e0	0x14135641d	0x14006f350
reference	PE:6a70a6d9:02711000	status-update	0x1413547e0	0x141356429	0x14006f350
reference	PE:6a70a6d9:02711000	status-update	0x1413547e0	0x141356440	0x14006ee20
reference	PE:6a70a6d9:02711000	status-update	0x1413547e0	0x14135644a	0x1400657b0
reference	PE:6a70a6d9:02711000	status-update	0x1413547e0	0x141356486	0x14006ee50
reference	PE:6a70a6d9:02711000	status-update	0x1413547e0	0x1413564a5	0x14006f220
reference	PE:6a70a6d9:02711000	status-update	0x1413547e0	0x1413564c4	0x1401b9fa0
reference	PE:6a70a6d9:02711000	status-update	0x1413547e0	0x1413564e3	0x1408f1b20
reference	PE:6a70a6d9:02711000	status-update	0x1413547e0	0x141356501	0x1401b9fa0
reference	PE:6a70a6d9:02711000	status-update	0x1413547e0	0x141356520	0x1408f1b20
reference	PE:6a70a6d9:02711000	status-update	0x1413547e0	0x14135653e	0x1401b9fa0
reference	PE:6a70a6d9:02711000	status-update	0x1413547e0	0x14135655d	0x1408f1b20
reference	PE:6a70a6d9:02711000	status-update	0x1413547e0	0x141356585	0x1408f1b20
reference	PE:6a70a6d9:02711000	status-update	0x1413547e0	0x1413565c4	0x1408f1b20
reference	PE:6a70a6d9:02711000	status-update	0x1413547e0	0x1413565f9	0x1408f1b20
reference	PE:6a70a6d9:02711000	status-update	0x1413547e0	0x141356668	0x14006f220
reference	PE:6a70a6d9:02711000	status-update	0x1413547e0	0x141356679	0x14006f220
reference	PE:6a70a6d9:02711000	status-update	0x1413547e0	0x14135668d	0x14006f360
reference	PE:6a70a6d9:02711000	status-update	0x1413547e0	0x1413566a6	0x1400eb120
reference	PE:6a70a6d9:02711000	status-update	0x1413547e0	0x1413566ba	0x1400eb630
reference	PE:6a70a6d9:02711000	status-update	0x1413547e0	0x1413566d2	0x14006f450
reference	PE:6a70a6d9:02711000	status-update	0x1413547e0	0x1413566ee	0x14006f4f0
reference	PE:6a70a6d9:02711000	status-update	0x1413547e0	0x1413566ff	0x14006f4f0
reference	PE:6a70a6d9:02711000	status-update	0x1413547e0	0x141356712	0x1401ba030
reference	PE:6a70a6d9:02711000	status-update	0x1413547e0	0x141356726	0x1401ba030
reference	PE:6a70a6d9:02711000	status-update	0x1413547e0	0x141356748	0x14006f360
reference	PE:6a70a6d9:02711000	status-update	0x1413547e0	0x141356771	0x14006f440
reference	PE:6a70a6d9:02711000	status-update	0x1413547e0	0x141356782	0x14006f440
reference	PE:6a70a6d9:02711000	status-update	0x1413547e0	0x141356794	0x14006f440
reference	PE:6a70a6d9:02711000	status-update	0x1413547e0	0x1413567a2	0x14006f440
reference	PE:6a70a6d9:02711000	status-update	0x1413547e0	0x1413567b9	0x14006f440
reference	PE:6a70a6d9:02711000	status-update	0x1413547e0	0x1413567c7	0x14006f440
reference	PE:6a70a6d9:02711000	status-update	0x1413547e0	0x1413567ea	0x1408f1b20
reference	PE:6a70a6d9:02711000	status-update	0x1413547e0	0x141356838	0x14006ee50
reference	PE:6a70a6d9:02711000	status-update	0x1413547e0	0x141356853	0x14006f220
reference	PE:6a70a6d9:02711000	status-update	0x1413547e0	0x14135688b	0x1408f1b20
reference	PE:6a70a6d9:02711000	status-update	0x1413547e0	0x1413568de	0x14006f450
reference	PE:6a70a6d9:02711000	status-update	0x1413547e0	0x141356906	0x14006f440
reference	PE:6a70a6d9:02711000	status-update	0x1413547e0	0x141356938	0x140072850
reference	PE:6a70a6d9:02711000	status-update	0x1413547e0	0x141356947	0x14006f440
reference	PE:6a70a6d9:02711000	status-update	0x1413547e0	0x14135696e	0x14006f220
reference	PE:6a70a6d9:02711000	status-update	0x1413547e0	0x14135697f	0x140071f90
reference	PE:6a70a6d9:02711000	status-update	0x1413547e0	0x141356994	0x14006f360
reference	PE:6a70a6d9:02711000	status-update	0x1413547e0	0x1413569a7	0x14006f440
reference	PE:6a70a6d9:02711000	status-update	0x1413547e0	0x1413569ce	0x1408f1b20
reference	PE:6a70a6d9:02711000	status-update	0x1413547e0	0x1413569dd	0x14006f440
reference	PE:6a70a6d9:02711000	status-update	0x1413547e0	0x141356a21	0x1408f1b20
reference	PE:6a70a6d9:02711000	status-update	0x1413547e0	0x141356a42	0x14007dc40
reference	PE:6a70a6d9:02711000	status-update	0x1413547e0	0x141356a56	0x1408f1b20
reference	PE:6a70a6d9:02711000	status-update	0x1413547e0	0x141356a7d	0x140aca140
reference	PE:6a70a6d9:02711000	status-update	0x1413547e0	0x141356ab2	0x1413c7250
reference	PE:6a70a6d9:02711000	status-update	0x1413547e0	0x141356ad4	0x14006ee50
reference	PE:6a70a6d9:02711000	status-update	0x1413547e0	0x141356af6	0x14006f220
reference	PE:6a70a6d9:02711000	status-update	0x1413547e0	0x141356b0b	0x14006f220
reference	PE:6a70a6d9:02711000	status-update	0x1413547e0	0x141356b30	0x14006f220
reference	PE:6a70a6d9:02711000	status-update	0x1413547e0	0x141356b4f	0x140ab52d0
reference	PE:6a70a6d9:02711000	status-update	0x1413547e0	0x141356b7e	0x140cb47a0
reference	PE:6a70a6d9:02711000	status-update	0x1413547e0	0x141356b93	0x1400b99a0
reference	PE:6a70a6d9:02711000	status-update	0x1413547e0	0x141356bea	0x14006f220
reference	PE:6a70a6d9:02711000	status-update	0x1413547e0	0x141356bfb	0x14006f220
reference	PE:6a70a6d9:02711000	status-update	0x1413547e0	0x141356c1f	0x14006ee50
reference	PE:6a70a6d9:02711000	status-update	0x1413547e0	0x141356c33	0x14006f220
reference	PE:6a70a6d9:02711000	status-update	0x1413547e0	0x141356c4b	0x14006f360
reference	PE:6a70a6d9:02711000	status-update	0x1413547e0	0x141356c94	0x14006f360
reference	PE:6a70a6d9:02711000	status-update	0x1413547e0	0x141356cd7	0x14006f360
reference	PE:6a70a6d9:02711000	status-update	0x1413547e0	0x141356cf7	0x140071f90
reference	PE:6a70a6d9:02711000	status-update	0x1413547e0	0x141356d24	0x14006f360
reference	PE:6a70a6d9:02711000	status-update	0x1413547e0	0x141356d44	0x140071f90
reference	PE:6a70a6d9:02711000	status-update	0x1413547e0	0x141356d6e	0x14006f220
reference	PE:6a70a6d9:02711000	status-update	0x1413547e0	0x141356d7f	0x140071f90
reference	PE:6a70a6d9:02711000	status-update	0x1413547e0	0x141356db8	0x14006f450
reference	PE:6a70a6d9:02711000	status-update	0x1413547e0	0x141356dd9	0x14006f440
reference	PE:6a70a6d9:02711000	status-update	0x1413547e0	0x141356df3	0x14006f440
reference	PE:6a70a6d9:02711000	status-update	0x1413547e0	0x141356e27	0x14006f360
reference	PE:6a70a6d9:02711000	status-update	0x1413547e0	0x141356ec8	0x14006f360
reference	PE:6a70a6d9:02711000	status-update	0x1413547e0	0x141356eea	0x1400fb510
reference	PE:6a70a6d9:02711000	status-update	0x1413547e0	0x141356ef6	0x1400fb510
reference	PE:6a70a6d9:02711000	status-update	0x1413547e0	0x141356f02	0x1400fb510
reference	PE:6a70a6d9:02711000	status-update	0x1413547e0	0x141356f1e	0x14006f360
reference	PE:6a70a6d9:02711000	status-update	0x1413547e0	0x141357029	0x14006f360
reference	PE:6a70a6d9:02711000	status-update	0x1413547e0	0x141357051	0x14006f360
reference	PE:6a70a6d9:02711000	status-update	0x1413547e0	0x141357064	0x1413cab80
reference	PE:6a70a6d9:02711000	status-update	0x1413547e0	0x141357171	0x14006f450
reference	PE:6a70a6d9:02711000	status-update	0x1413547e0	0x1413571c7	0x140c62a90
reference	PE:6a70a6d9:02711000	status-update	0x1413547e0	0x1413571d9	0x1400b99a0
reference	PE:6a70a6d9:02711000	status-update	0x1413547e0	0x141357222	0x14006ee50
reference	PE:6a70a6d9:02711000	status-update	0x1413547e0	0x141357277	0x140071f90
reference	PE:6a70a6d9:02711000	status-update	0x1413547e0	0x141357290	0x1408f1b20
reference	PE:6a70a6d9:02711000	status-update	0x1413547e0	0x1413572eb	0x141463a20
reference	PE:6a70a6d9:02711000	status-update	0x1413547e0	0x1413572f5	0x1414dd1d0
reference	PE:6a70a6d9:02711000	status-update	0x1413547e0	0x141357343	0x141364880
reference	PE:6a70a6d9:02711000	status-update	0x1413547e0	0x141357352	0x140243b70
reference	PE:6a70a6d9:02711000	status-update	0x1413547e0	0x141357376	0x140243b60
reference	PE:6a70a6d9:02711000	status-update	0x1413547e0	0x14135737e	0x14006ee10
reference	PE:6a70a6d9:02711000	status-update	0x1413547e0	0x1413573a2	0x140073b70
reference	PE:6a70a6d9:02711000	status-update	0x1413547e0	0x1413573f0	0x141364410
reference	PE:6a70a6d9:02711000	status-update	0x1413547e0	0x141357406	0x1400726e0
reference	PE:6a70a6d9:02711000	status-update	0x1413547e0	0x141357450	r10
reference	PE:6a70a6d9:02711000	status-update	0x1413547e0	0x1413574c0	0x140072850
reference	PE:6a70a6d9:02711000	status-update	0x1413547e0	0x1413574d4	0x140065b00
reference	PE:6a70a6d9:02711000	status-update	0x1413547e0	0x1413574e1	0x14006ee50
reference	PE:6a70a6d9:02711000	status-update	0x1413547e0	0x141357519	0x14006f220
reference	PE:6a70a6d9:02711000	status-update	0x1413547e0	0x14135752a	0x140071f90
reference	PE:6a70a6d9:02711000	status-update	0x1413547e0	0x14135753f	0x14006f360
reference	PE:6a70a6d9:02711000	status-update	0x1413547e0	0x141357563	0x1413cf410
reference	PE:6a70a6d9:02711000	status-update	0x1413547e0	0x14135757c	0x14006f360
reference	PE:6a70a6d9:02711000	status-update	0x1413547e0	0x141357595	0x1400eb630
reference	PE:6a70a6d9:02711000	status-update	0x1413547e0	0x1413575c9	0x14006f450
reference	PE:6a70a6d9:02711000	status-update	0x1413547e0	0x1413575dd	0x14006ee50
reference	PE:6a70a6d9:02711000	status-update	0x1413547e0	0x1413575fa	0x14006f220
reference	PE:6a70a6d9:02711000	status-update	0x1413547e0	0x141357613	0x1400eb120
reference	PE:6a70a6d9:02711000	status-update	0x1413547e0	0x14135765a	0x14006f450
reference	PE:6a70a6d9:02711000	status-update	0x1413547e0	0x141357678	0x1408f1b20
reference	PE:6a70a6d9:02711000	status-update	0x1413547e0	0x14135768d	0x140065fe0
reference	PE:6a70a6d9:02711000	status-update	0x1413547e0	0x1413576e2	0x1413b9d00
reference	PE:6a70a6d9:02711000	status-update	0x1413547e0	0x1413576ef	0x1413ba450
reference	PE:6a70a6d9:02711000	status-update	0x1413547e0	0x14135771b	0x141353940
reference	PE:6a70a6d9:02711000	status-update	0x1413547e0	0x141357728	0x140073230
reference	PE:6a70a6d9:02711000	status-update	0x1413547e0	0x141357746	0x1400fdd70
reference	PE:6a70a6d9:02711000	status-update	0x1413547e0	0x14135776e	0x1400fdd70
reference	PE:6a70a6d9:02711000	status-update	0x1413547e0	0x14135778d	0x140067dc0
reference	PE:6a70a6d9:02711000	status-update	0x1413547e0	0x1413577ac	0x140b963d0
reference	PE:6a70a6d9:02711000	status-update	0x1413547e0	0x1413577d7	0x140073230
reference	PE:6a70a6d9:02711000	status-update	0x1413547e0	0x141357822	0x1400728e0
reference	PE:6a70a6d9:02711000	status-update	0x1413547e0	0x14135782c	0x141349f20
reference	PE:6a70a6d9:02711000	status-update	0x1413547e0	0x141357846	0x14006ee50
reference	PE:6a70a6d9:02711000	status-update	0x1413547e0	0x14135786a	0x14006f220
reference	PE:6a70a6d9:02711000	status-update	0x1413547e0	0x141357885	0x14006f220
reference	PE:6a70a6d9:02711000	status-update	0x1413547e0	0x14135788d	0x14057c1f0
reference	PE:6a70a6d9:02711000	status-update	0x1413547e0	0x1413578a4	0x140a68380
reference	PE:6a70a6d9:02711000	status-update	0x1413547e0	0x1413578c0	0x1413918c0
reference	PE:6a70a6d9:02711000	status-update	0x1413547e0	0x1413578d2	0x1413adf80
reference	PE:6a70a6d9:02711000	status-update	0x1413547e0	0x1413578e1	0x14006ee50
reference	PE:6a70a6d9:02711000	status-update	0x1413547e0	0x1413578fa	0x14006f220
reference	PE:6a70a6d9:02711000	status-update	0x1413547e0	0x141357905	0x14057c810
reference	PE:6a70a6d9:02711000	status-update	0x1413547e0	0x141357916	0x14006ee50
reference	PE:6a70a6d9:02711000	status-update	0x1413547e0	0x141357927	0x14006f330
reference	PE:6a70a6d9:02711000	status-update	0x1413547e0	0x14135797e	0x140d09860
reference	PE:6a70a6d9:02711000	status-update	0x1413547e0	0x141357993	0x14006ee50
reference	PE:6a70a6d9:02711000	status-update	0x1413547e0	0x1413579ba	0x14006f220
reference	PE:6a70a6d9:02711000	status-update	0x1413547e0	0x1413579de	0x14006f220
reference	PE:6a70a6d9:02711000	status-update	0x1413547e0	0x1413579e9	QWORD PTR [rax+0xf0]
reference	PE:6a70a6d9:02711000	status-update	0x1413547e0	0x1413579fd	0x14006f220
reference	PE:6a70a6d9:02711000	status-update	0x1413547e0	0x141357a0d	0x140557a60
reference	PE:6a70a6d9:02711000	status-update	0x1413547e0	0x141357a1c	0x14006f220
reference	PE:6a70a6d9:02711000	status-update	0x1413547e0	0x141357a27	QWORD PTR [rax+0x1c8]
reference	PE:6a70a6d9:02711000	status-update	0x1413547e0	0x141357a37	0x14134f250
reference	PE:6a70a6d9:02711000	status-update	0x1413547e0	0x141357a57	0x14006f220
reference	PE:6a70a6d9:02711000	status-update	0x1413547e0	0x141357a68	0x140557a60
reference	PE:6a70a6d9:02711000	status-update	0x1413547e0	0x141357a7a	0x14006ee50
reference	PE:6a70a6d9:02711000	status-update	0x1413547e0	0x141357a95	0x14006f370
reference	PE:6a70a6d9:02711000	status-update	0x1413547e0	0x141357aa6	0x14006f370
reference	PE:6a70a6d9:02711000	status-update	0x1413547e0	0x141357aca	0x14006f360
reference	PE:6a70a6d9:02711000	status-update	0x1413547e0	0x141357ad8	0x1400726e0
reference	PE:6a70a6d9:02711000	status-update	0x1413547e0	0x141357af4	0x140cb1420
reference	PE:6a70a6d9:02711000	status-update	0x1413547e0	0x141357b0a	0x1400b9a90
reference	PE:6a70a6d9:02711000	status-update	0x1413547e0	0x141357b1d	0x140aa40f0
reference	PE:6a70a6d9:02711000	status-update	0x1413547e0	0x141357b35	0x141325080
reference	PE:6a70a6d9:02711000	status-update	0x1413547e0	0x141357b49	0x14006f370
reference	PE:6a70a6d9:02711000	status-update	0x1413547e0	0x141357b71	0x14006f370
reference	PE:6a70a6d9:02711000	status-update	0x1413547e0	0x141357b9d	0x14006f360
reference	PE:6a70a6d9:02711000	status-update	0x1413547e0	0x141357baf	0x14006f360
reference	PE:6a70a6d9:02711000	status-update	0x1413547e0	0x141357bcb	0x14006f440
reference	PE:6a70a6d9:02711000	status-update	0x1413547e0	0x141357be2	0x14006f440
reference	PE:6a70a6d9:02711000	status-update	0x1413547e0	0x141357bf5	0x14006f220
reference	PE:6a70a6d9:02711000	status-update	0x1413547e0	0x141357c04	0x14006f220
reference	PE:6a70a6d9:02711000	status-update	0x1413547e0	0x141357c1e	0x14006f220
reference	PE:6a70a6d9:02711000	status-update	0x1413547e0	0x141357c2f	0x140071f90
reference	PE:6a70a6d9:02711000	status-update	0x1413547e0	0x141357c5a	0x14006f360
reference	PE:6a70a6d9:02711000	status-update	0x1413547e0	0x141357c6e	0x14006f360
reference	PE:6a70a6d9:02711000	status-update	0x1413547e0	0x141357c82	0x14006f360
reference	PE:6a70a6d9:02711000	status-update	0x1413547e0	0x141357caf	0x140d09860
reference	PE:6a70a6d9:02711000	status-update	0x1413547e0	0x141357cca	0x140d032a0
reference	PE:6a70a6d9:02711000	status-update	0x1413547e0	0x141357d20	0x14006f360
reference	PE:6a70a6d9:02711000	status-update	0x1413547e0	0x141357d4b	0x14006f370
reference	PE:6a70a6d9:02711000	status-update	0x1413547e0	0x141357d6a	0x14006f360
reference	PE:6a70a6d9:02711000	status-update	0x1413547e0	0x141357d82	0x14006f360
reference	PE:6a70a6d9:02711000	status-update	0x1413547e0	0x141357da1	0x14006f360
reference	PE:6a70a6d9:02711000	status-update	0x1413547e0	0x141357dbf	0x14006f360
reference	PE:6a70a6d9:02711000	status-update	0x1413547e0	0x141357dd7	0x14006f360
reference	PE:6a70a6d9:02711000	status-update	0x1413547e0	0x141357de8	0x14006f360
reference	PE:6a70a6d9:02711000	status-update	0x1413547e0	0x141357e05	0x14006f360
reference	PE:6a70a6d9:02711000	status-update	0x1413547e0	0x141357e19	0x14006f360
reference	PE:6a70a6d9:02711000	status-update	0x1413547e0	0x141357e43	0x14006f440
reference	PE:6a70a6d9:02711000	status-update	0x1413547e0	0x141357e5a	0x14006f440
reference	PE:6a70a6d9:02711000	status-update	0x1413547e0	0x141357e7b	0x14006f220
reference	PE:6a70a6d9:02711000	status-update	0x1413547e0	0x141357e8a	0x14006f220
reference	PE:6a70a6d9:02711000	status-update	0x1413547e0	0x141357e9d	0x14006f220
reference	PE:6a70a6d9:02711000	status-update	0x1413547e0	0x141357ec8	0x14006ee50
reference	PE:6a70a6d9:02711000	status-update	0x1413547e0	0x141357ee0	0x14006f220
reference	PE:6a70a6d9:02711000	status-update	0x1413547e0	0x141357f3b	0x14143cb80
reference	PE:6a70a6d9:02711000	status-update	0x1413547e0	0x141357f56	0x1400e36d0
reference	PE:6a70a6d9:02711000	status-update	0x1413547e0	0x141357f87	0x140073b70
reference	PE:6a70a6d9:02711000	status-update	0x1413547e0	0x141357fb0	0x1413cf600
reference	PE:6a70a6d9:02711000	status-update	0x1413547e0	0x141357fd3	0x1408f1b20
reference	PE:6a70a6d9:02711000	status-update	0x1413547e0	0x141357fff	0x1413c1fb0
reference	PE:6a70a6d9:02711000	status-update	0x1413547e0	0x14135804d	0x14143cb80
reference	PE:6a70a6d9:02711000	status-update	0x1413547e0	0x141358064	0x141386330
reference	PE:6a70a6d9:02711000	status-update	0x1413547e0	0x141358078	0x14006ee50
reference	PE:6a70a6d9:02711000	status-update	0x1413547e0	0x14135809a	0x14006f220
reference	PE:6a70a6d9:02711000	status-update	0x1413547e0	0x1413580b0	0x14006ee50
reference	PE:6a70a6d9:02711000	status-update	0x1413547e0	0x1413580d3	0x14006f220
reference	PE:6a70a6d9:02711000	status-update	0x1413547e0	0x1413580f2	0x14006f220
reference	PE:6a70a6d9:02711000	status-update	0x1413547e0	0x141358108	0x14006f220
reference	PE:6a70a6d9:02711000	status-update	0x1413547e0	0x14135811b	0x140a8b820
reference	PE:6a70a6d9:02711000	status-update	0x1413547e0	0x14135812a	0x14132c090
reference	PE:6a70a6d9:02711000	status-update	0x1413547e0	0x141358167	0x1400726e0
reference	PE:6a70a6d9:02711000	status-update	0x1413547e0	0x14135818c	0x140c8baa0
reference	PE:6a70a6d9:02711000	status-update	0x1413547e0	0x1413581cc	0x14134efc0
reference	PE:6a70a6d9:02711000	status-update	0x1413547e0	0x1413581e0	0x14134f0e0
reference	PE:6a70a6d9:02711000	status-update	0x1413547e0	0x14135820e	QWORD PTR [rax+0xa8]
reference	PE:6a70a6d9:02711000	status-update	0x1413547e0	0x14135821d	0x1403d63e0
reference	PE:6a70a6d9:02711000	status-update	0x1413547e0	0x14135823c	0x14134f0e0
reference	PE:6a70a6d9:02711000	status-update	0x1413547e0	0x141358296	0x140daa280
reference	PE:6a70a6d9:02711000	status-update	0x1413547e0	0x1413582c2	0x1400726e0
reference	PE:6a70a6d9:02711000	status-update	0x1413547e0	0x1413582db	0x140cb1420
reference	PE:6a70a6d9:02711000	status-update	0x1413547e0	0x1413582fe	0x14134f440
reference	PE:6a70a6d9:02711000	status-update	0x1413547e0	0x141358330	0x1400726e0
reference	PE:6a70a6d9:02711000	status-update	0x1413547e0	0x141358349	0x140c8baa0
reference	PE:6a70a6d9:02711000	status-update	0x1413547e0	0x141358386	0x14144ca60
reference	PE:6a70a6d9:02711000	status-update	0x1413547e0	0x14135839c	0x1400726e0
reference	PE:6a70a6d9:02711000	status-update	0x1413547e0	0x1413583b5	0x140cb1420
reference	PE:6a70a6d9:02711000	status-update	0x1413547e0	0x1413583d6	0x14134f440
reference	PE:6a70a6d9:02711000	status-update	0x1413547e0	0x1413583f7	0x14132c010
reference	PE:6a70a6d9:02711000	status-update	0x1413547e0	0x141358427	0x14135eb40
reference	PE:6a70a6d9:02711000	status-update	0x1413547e0	0x14135842f	0x14135e980
reference	PE:6a70a6d9:02711000	status-update	0x1413547e0	0x14135845f	0x140dc4480
reference	PE:6a70a6d9:02711000	status-update	0x1413547e0	0x141358477	0x14007de30
reference	PE:6a70a6d9:02711000	status-update	0x1413547e0	0x14135848b	0x14006f690
reference	PE:6a70a6d9:02711000	status-update	0x1413547e0	0x1413584ac	0x14132e430
reference	PE:6a70a6d9:02711000	status-update	0x1413547e0	0x1413584bf	0x14006f5d0
reference	PE:6a70a6d9:02711000	status-update	0x1413547e0	0x1413584ec	0x14006f560
reference	PE:6a70a6d9:02711000	status-update	0x1413547e0	0x1413584ff	0x14006f560
reference	PE:6a70a6d9:02711000	status-update	0x1413547e0	0x14135850b	0x14007dbe0
reference	PE:6a70a6d9:02711000	status-update	0x1413547e0	0x14135858e	0x1400e3c20
reference	PE:6a70a6d9:02711000	status-update	0x1413547e0	0x14135859b	0x140067e30
reference	PE:6a70a6d9:02711000	status-update	0x1413547e0	0x1413585a8	0x140067e30
reference	PE:6a70a6d9:02711000	status-update	0x1413547e0	0x1413585c7	0x141324230
reference	PE:6a70a6d9:02711000	status-update	0x1413547e0	0x1413585e3	0x141324290
reference	PE:6a70a6d9:02711000	status-update	0x1413547e0	0x141358604	0x1406421e0
reference	PE:6a70a6d9:02711000	status-update	0x1413547e0	0x141358684	0x140075110
reference	PE:6a70a6d9:02711000	status-update	0x1413547e0	0x1413586c7	0x14082def0
reference	PE:6a70a6d9:02711000	status-update	0x1413547e0	0x141358717	0x1408f1b20
reference	PE:6a70a6d9:02711000	status-update	0x1413547e0	0x141358733	0x14052f6c0
reference	PE:6a70a6d9:02711000	status-update	0x1413547e0	0x14135874b	0x14007de30
reference	PE:6a70a6d9:02711000	status-update	0x1413547e0	0x14135875f	0x14006f690
reference	PE:6a70a6d9:02711000	status-update	0x1413547e0	0x14135877a	0x14132e430
reference	PE:6a70a6d9:02711000	status-update	0x1413547e0	0x14135878d	0x14006f5d0
reference	PE:6a70a6d9:02711000	status-update	0x1413547e0	0x1413587ba	0x14006f560
reference	PE:6a70a6d9:02711000	status-update	0x1413547e0	0x1413587cd	0x14006f560
reference	PE:6a70a6d9:02711000	status-update	0x1413547e0	0x1413587d9	0x14007dbe0
reference	PE:6a70a6d9:02711000	status-update	0x1413547e0	0x141358856	0x1400e3c20
reference	PE:6a70a6d9:02711000	status-update	0x1413547e0	0x141358863	0x140067e30
reference	PE:6a70a6d9:02711000	status-update	0x1413547e0	0x141358870	0x140067e30
reference	PE:6a70a6d9:02711000	status-update	0x1413547e0	0x141358883	0x140224350
reference	PE:6a70a6d9:02711000	status-update	0x1413547e0	0x1413588a8	0x141325080
reference	PE:6a70a6d9:02711000	status-update	0x1413547e0	0x1413588b9	0x14052f6c0
reference	PE:6a70a6d9:02711000	status-update	0x1413547e0	0x1413588c6	0x14022c100
reference	PE:6a70a6d9:02711000	status-update	0x1413547e0	0x14135893a	0x14052f6c0
reference	PE:6a70a6d9:02711000	status-update	0x1413547e0	0x141358952	0x14007de30
reference	PE:6a70a6d9:02711000	status-update	0x1413547e0	0x141358966	0x14006f690
reference	PE:6a70a6d9:02711000	status-update	0x1413547e0	0x141358981	0x14132e430
reference	PE:6a70a6d9:02711000	status-update	0x1413547e0	0x141358994	0x14006f5d0
reference	PE:6a70a6d9:02711000	status-update	0x1413547e0	0x1413589c1	0x14006f560
reference	PE:6a70a6d9:02711000	status-update	0x1413547e0	0x1413589d4	0x14006f560
reference	PE:6a70a6d9:02711000	status-update	0x1413547e0	0x1413589e0	0x14007dbe0
reference	PE:6a70a6d9:02711000	status-update	0x1413547e0	0x141358a5d	0x1400e3c20
reference	PE:6a70a6d9:02711000	status-update	0x1413547e0	0x141358a6a	0x140067e30
reference	PE:6a70a6d9:02711000	status-update	0x1413547e0	0x141358a96	0x140224350
reference	PE:6a70a6d9:02711000	status-update	0x1413547e0	0x141358abf	0x141325080
reference	PE:6a70a6d9:02711000	status-update	0x1413547e0	0x141358aca	0x14052f6c0
reference	PE:6a70a6d9:02711000	status-update	0x1413547e0	0x141358ad7	0x14022c100
reference	PE:6a70a6d9:02711000	status-update	0x1413547e0	0x141358adf	0x1401fadf0
reference	PE:6a70a6d9:02711000	status-update	0x1413547e0	0x141358b54	0x14007de30
reference	PE:6a70a6d9:02711000	status-update	0x1413547e0	0x141358b68	0x14006f690
reference	PE:6a70a6d9:02711000	status-update	0x1413547e0	0x141358b83	0x14132e430
reference	PE:6a70a6d9:02711000	status-update	0x1413547e0	0x141358b96	0x14006f5d0
reference	PE:6a70a6d9:02711000	status-update	0x1413547e0	0x141358bc3	0x14006f560
reference	PE:6a70a6d9:02711000	status-update	0x1413547e0	0x141358bd6	0x14006f560
reference	PE:6a70a6d9:02711000	status-update	0x1413547e0	0x141358be2	0x14007dbe0
reference	PE:6a70a6d9:02711000	status-update	0x1413547e0	0x141358c5f	0x1400e3c20
reference	PE:6a70a6d9:02711000	status-update	0x1413547e0	0x141358c6c	0x140067e30
reference	PE:6a70a6d9:02711000	status-update	0x1413547e0	0x141358c79	0x140067e30
reference	PE:6a70a6d9:02711000	status-update	0x1413547e0	0x141358c81	0x1413242f0
reference	PE:6a70a6d9:02711000	status-update	0x1413547e0	0x141358ca9	0x14007de30
reference	PE:6a70a6d9:02711000	status-update	0x1413547e0	0x141358cc7	0x14007de30
reference	PE:6a70a6d9:02711000	status-update	0x1413547e0	0x141358cf4	0x14006f690
reference	PE:6a70a6d9:02711000	status-update	0x1413547e0	0x141358d0f	0x14132e430
reference	PE:6a70a6d9:02711000	status-update	0x1413547e0	0x141358d3b	0x14006f560
reference	PE:6a70a6d9:02711000	status-update	0x1413547e0	0x141358d4e	0x14006f560
reference	PE:6a70a6d9:02711000	status-update	0x1413547e0	0x141358d5a	0x14007dbe0
reference	PE:6a70a6d9:02711000	status-update	0x1413547e0	0x141358dbe	0x1400e3c20
reference	PE:6a70a6d9:02711000	status-update	0x1413547e0	0x141358df0	0x14006f690
reference	PE:6a70a6d9:02711000	status-update	0x1413547e0	0x141358e0b	0x14132e430
reference	PE:6a70a6d9:02711000	status-update	0x1413547e0	0x141358e37	0x14006f560
reference	PE:6a70a6d9:02711000	status-update	0x1413547e0	0x141358e4a	0x14006f560
reference	PE:6a70a6d9:02711000	status-update	0x1413547e0	0x141358e56	0x14007dbe0
reference	PE:6a70a6d9:02711000	status-update	0x1413547e0	0x141358eba	0x1400e3c20
reference	PE:6a70a6d9:02711000	status-update	0x1413547e0	0x141358ee8	0x14006f690
reference	PE:6a70a6d9:02711000	status-update	0x1413547e0	0x141358f03	0x14132e430
reference	PE:6a70a6d9:02711000	status-update	0x1413547e0	0x141358f2f	0x14006f560
reference	PE:6a70a6d9:02711000	status-update	0x1413547e0	0x141358f42	0x14006f560
reference	PE:6a70a6d9:02711000	status-update	0x1413547e0	0x141358f4e	0x14007dbe0
reference	PE:6a70a6d9:02711000	status-update	0x1413547e0	0x141358fb2	0x1400e3c20
reference	PE:6a70a6d9:02711000	status-update	0x1413547e0	0x141358fe0	0x14006f690
reference	PE:6a70a6d9:02711000	status-update	0x1413547e0	0x141358ffb	0x14132e430
reference	PE:6a70a6d9:02711000	status-update	0x1413547e0	0x141359027	0x14006f560
reference	PE:6a70a6d9:02711000	status-update	0x1413547e0	0x14135903a	0x14006f560
reference	PE:6a70a6d9:02711000	status-update	0x1413547e0	0x141359046	0x14007dbe0
reference	PE:6a70a6d9:02711000	status-update	0x1413547e0	0x1413590aa	0x1400e3c20
reference	PE:6a70a6d9:02711000	status-update	0x1413547e0	0x1413590cb	0x14006f690
reference	PE:6a70a6d9:02711000	status-update	0x1413547e0	0x1413590e6	0x14132e430
reference	PE:6a70a6d9:02711000	status-update	0x1413547e0	0x141359112	0x14006f560
reference	PE:6a70a6d9:02711000	status-update	0x1413547e0	0x141359125	0x14006f560
reference	PE:6a70a6d9:02711000	status-update	0x1413547e0	0x141359131	0x14007dbe0
reference	PE:6a70a6d9:02711000	status-update	0x1413547e0	0x141359195	0x1400e3c20
reference	PE:6a70a6d9:02711000	status-update	0x1413547e0	0x1413591b7	0x14006f690
reference	PE:6a70a6d9:02711000	status-update	0x1413547e0	0x1413591d2	0x14132e430
reference	PE:6a70a6d9:02711000	status-update	0x1413547e0	0x1413591fe	0x14006f560
reference	PE:6a70a6d9:02711000	status-update	0x1413547e0	0x141359211	0x14006f560
reference	PE:6a70a6d9:02711000	status-update	0x1413547e0	0x141359223	0x14052f6c0
reference	PE:6a70a6d9:02711000	status-update	0x1413547e0	0x14135922f	0x14007dbe0
reference	PE:6a70a6d9:02711000	status-update	0x1413547e0	0x141359293	0x1400e3c20
reference	PE:6a70a6d9:02711000	status-update	0x1413547e0	0x1413592a0	0x140067e30
reference	PE:6a70a6d9:02711000	status-update	0x1413547e0	0x1413592b5	0x140224350
reference	PE:6a70a6d9:02711000	status-update	0x1413547e0	0x1413592de	0x141325080
reference	PE:6a70a6d9:02711000	status-update	0x1413547e0	0x1413592e9	0x14052f6c0
reference	PE:6a70a6d9:02711000	status-update	0x1413547e0	0x1413592f1	0x1401fadf0
reference	PE:6a70a6d9:02711000	status-update	0x1413547e0	0x14135930b	0x14022c100
reference	PE:6a70a6d9:02711000	status-update	0x1413547e0	0x141359320	0x1407e05b0
reference	PE:6a70a6d9:02711000	status-update	0x1413547e0	0x141359349	0x1408f1b20
reference	PE:6a70a6d9:02711000	status-update	0x1413547e0	0x14135939d	0x14007de30
reference	PE:6a70a6d9:02711000	status-update	0x1413547e0	0x1413593b1	0x14006f690
reference	PE:6a70a6d9:02711000	status-update	0x1413547e0	0x1413593cc	0x14132e430
reference	PE:6a70a6d9:02711000	status-update	0x1413547e0	0x1413593df	0x14006f5d0
reference	PE:6a70a6d9:02711000	status-update	0x1413547e0	0x14135940c	0x14006f560
reference	PE:6a70a6d9:02711000	status-update	0x1413547e0	0x14135941f	0x14006f560
reference	PE:6a70a6d9:02711000	status-update	0x1413547e0	0x14135942b	0x14007dbe0
reference	PE:6a70a6d9:02711000	status-update	0x1413547e0	0x1413594ae	0x1400e3c20
reference	PE:6a70a6d9:02711000	status-update	0x1413547e0	0x1413594bb	0x140067e30
reference	PE:6a70a6d9:02711000	status-update	0x1413547e0	0x1413594c8	0x140067e30
reference	PE:6a70a6d9:02711000	status-update	0x1413547e0	0x141359508	0x140a53730
reference	PE:6a70a6d9:02711000	status-update	0x1413547e0	0x14135951c	0x14006ee50
reference	PE:6a70a6d9:02711000	status-update	0x1413547e0	0x141359546	0x14006f220
reference	PE:6a70a6d9:02711000	status-update	0x1413547e0	0x1413595d5	0x14007de30
reference	PE:6a70a6d9:02711000	status-update	0x1413547e0	0x1413595e9	0x14006f690
reference	PE:6a70a6d9:02711000	status-update	0x1413547e0	0x14135960a	0x14132e430
reference	PE:6a70a6d9:02711000	status-update	0x1413547e0	0x14135961d	0x14006f5d0
reference	PE:6a70a6d9:02711000	status-update	0x1413547e0	0x14135964a	0x14006f560
reference	PE:6a70a6d9:02711000	status-update	0x1413547e0	0x14135968e	0x14006f560
reference	PE:6a70a6d9:02711000	status-update	0x1413547e0	0x14135969a	0x14006f690
reference	PE:6a70a6d9:02711000	status-update	0x1413547e0	0x1413596c9	0x1414d1920
reference	PE:6a70a6d9:02711000	status-update	0x1413547e0	0x1413596dc	0x1400b9d10
reference	PE:6a70a6d9:02711000	status-update	0x1413547e0	0x1413596e9	0x140067e30
reference	PE:6a70a6d9:02711000	status-update	0x1413547e0	0x141359722	0x14006f560
reference	PE:6a70a6d9:02711000	status-update	0x1413547e0	0x141359735	0x14006f560
reference	PE:6a70a6d9:02711000	status-update	0x1413547e0	0x141359741	0x14007dbe0
reference	PE:6a70a6d9:02711000	status-update	0x1413547e0	0x1413597c4	0x1400e3c20
reference	PE:6a70a6d9:02711000	status-update	0x1413547e0	0x1413597d1	0x140067e30
reference	PE:6a70a6d9:02711000	status-update	0x1413547e0	0x1413597de	0x140067e30
reference	PE:6a70a6d9:02711000	status-update	0x1413547e0	0x141359801	0x14006f690
reference	PE:6a70a6d9:02711000	status-update	0x1413547e0	0x141359828	0x140067f80
reference	PE:6a70a6d9:02711000	status-update	0x1413547e0	0x141359830	0x1402c3300
reference	PE:6a70a6d9:02711000	status-update	0x1413547e0	0x141359857	0x1402c3a90
reference	PE:6a70a6d9:02711000	status-update	0x1413547e0	0x141359870	0x14007de30
reference	PE:6a70a6d9:02711000	status-update	0x1413547e0	0x141359897	0x14007dc40
reference	PE:6a70a6d9:02711000	status-update	0x1413547e0	0x1413598d7	0x14006f580
reference	PE:6a70a6d9:02711000	status-update	0x1413547e0	0x1413598fd	0x140067f80
reference	PE:6a70a6d9:02711000	status-update	0x1413547e0	0x141359905	0x140efb710
reference	PE:6a70a6d9:02711000	status-update	0x1413547e0	0x14135992c	0x140247d80
reference	PE:6a70a6d9:02711000	status-update	0x1413547e0	0x14135994a	0x14007de30
reference	PE:6a70a6d9:02711000	status-update	0x1413547e0	0x14135996f	0x14006f580
reference	PE:6a70a6d9:02711000	status-update	0x1413547e0	0x141359995	0x140067f80
reference	PE:6a70a6d9:02711000	status-update	0x1413547e0	0x1413599b5	0x14007de30
reference	PE:6a70a6d9:02711000	status-update	0x1413547e0	0x1413599da	0x14006f580
reference	PE:6a70a6d9:02711000	status-update	0x1413547e0	0x141359a00	0x140067f80
reference	PE:6a70a6d9:02711000	status-update	0x1413547e0	0x141359a20	0x14007de30
reference	PE:6a70a6d9:02711000	status-update	0x1413547e0	0x141359a45	0x14006f580
reference	PE:6a70a6d9:02711000	status-update	0x1413547e0	0x141359a6b	0x140247d80
reference	PE:6a70a6d9:02711000	status-update	0x1413547e0	0x141359a89	0x14007de30
reference	PE:6a70a6d9:02711000	status-update	0x1413547e0	0x141359aae	0x14006f580
reference	PE:6a70a6d9:02711000	status-update	0x1413547e0	0x141359aba	0x14006f520
reference	PE:6a70a6d9:02711000	status-update	0x1413547e0	0x141359aca	0x14007dbe0
reference	PE:6a70a6d9:02711000	status-update	0x1413547e0	0x141359b2e	0x1400e3c20
reference	PE:6a70a6d9:02711000	status-update	0x1413547e0	0x141359b3b	0x140067e30
reference	PE:6a70a6d9:02711000	status-update	0x1413547e0	0x141359b8f	0x1414af2f0
reference	PE:6a70a6d9:02711000	status-update	0x1413547e0	0x141359bbc	0x1408f1b20
reference	PE:6a70a6d9:02711000	status-update	0x1413547e0	0x141359be2	0x140247cf0
reference	PE:6a70a6d9:02711000	status-update	0x1413547e0	0x141359c06	0x1413641e0
reference	PE:6a70a6d9:02711000	status-update	0x1413547e0	0x141359c4d	0x140545b80
reference	PE:6a70a6d9:02711000	status-update	0x1413547e0	0x141359c69	0x141383470
reference	PE:6a70a6d9:02711000	status-update	0x1413547e0	0x141359c75	0x141383470
reference	PE:6a70a6d9:02711000	status-update	0x1413547e0	0x141359c8b	0x1408f1b20
reference	PE:6a70a6d9:02711000	status-update	0x1413547e0	0x141359cd1	0x1408f1b20
reference	PE:6a70a6d9:02711000	status-update	0x1413547e0	0x141359cfc	0x1413cac50
reference	PE:6a70a6d9:02711000	status-update	0x1413547e0	0x141359d09	0x1413cac50
reference	PE:6a70a6d9:02711000	status-update	0x1413547e0	0x141359d29	0x1413cacb0
reference	PE:6a70a6d9:02711000	status-update	0x1413547e0	0x141359d37	0x1413cacb0
reference	PE:6a70a6d9:02711000	status-update	0x1413547e0	0x141359d52	0x14006ee50
reference	PE:6a70a6d9:02711000	status-update	0x1413547e0	0x141359d7a	0x14006f220
reference	PE:6a70a6d9:02711000	status-update	0x1413547e0	0x141359d91	0x14006ee50
reference	PE:6a70a6d9:02711000	status-update	0x1413547e0	0x141359dfe	0x1407e43c0
reference	PE:6a70a6d9:02711000	status-update	0x1413547e0	0x141359e0d	0x14006f220
reference	PE:6a70a6d9:02711000	status-update	0x1413547e0	0x141359e20	0x140a8b820
reference	PE:6a70a6d9:02711000	status-update	0x1413547e0	0x141359e36	0x14006f220
reference	PE:6a70a6d9:02711000	status-update	0x1413547e0	0x141359e49	0x140a8b820
reference	PE:6a70a6d9:02711000	status-update	0x1413547e0	0x141359e60	0x1406421e0
reference	PE:6a70a6d9:02711000	status-update	0x1413547e0	0x141359e88	0x14006f240
reference	PE:6a70a6d9:02711000	status-update	0x1413547e0	0x141359e9b	0x14006f230
reference	PE:6a70a6d9:02711000	status-update	0x1413547e0	0x141359eaf	0x14006ee20
reference	PE:6a70a6d9:02711000	status-update	0x1413547e0	0x141359eb9	0x1400657b0
reference	PE:6a70a6d9:02711000	status-update	0x1413547e0	0x141359ec6	0x14006ee10
reference	PE:6a70a6d9:02711000	status-update	0x1413547e0	0x141359ed4	0x14006ee10
reference	PE:6a70a6d9:02711000	status-update	0x1413547e0	0x141359edf	0x14006f350
reference	PE:6a70a6d9:02711000	status-update	0x1413547e0	0x141359ef3	0x14006ee20
reference	PE:6a70a6d9:02711000	status-update	0x1413547e0	0x141359efd	0x1400657b0
reference	PE:6a70a6d9:02711000	status-update	0x1413547e0	0x141359f11	0x14006f240
reference	PE:6a70a6d9:02711000	status-update	0x1413547e0	0x141359f24	0x14006f230
reference	PE:6a70a6d9:02711000	status-update	0x1413547e0	0x141359f38	0x14006ee20
reference	PE:6a70a6d9:02711000	status-update	0x1413547e0	0x141359f42	0x1400657b0
reference	PE:6a70a6d9:02711000	status-update	0x1413547e0	0x141359f54	0x14006ee10
reference	PE:6a70a6d9:02711000	status-update	0x1413547e0	0x141359f62	0x14006ee10
reference	PE:6a70a6d9:02711000	status-update	0x1413547e0	0x141359f6d	0x14006f350
reference	PE:6a70a6d9:02711000	status-update	0x1413547e0	0x141359f81	0x14006ee20
reference	PE:6a70a6d9:02711000	status-update	0x1413547e0	0x141359f8b	0x1400657b0
reference	PE:6a70a6d9:02711000	status-update	0x1413547e0	0x141359fac	0x14138ed20
reference	PE:6a70a6d9:02711000	status-update	0x1413547e0	0x14135a007	0x14007de30
reference	PE:6a70a6d9:02711000	status-update	0x1413547e0	0x14135a01b	0x14006f690
reference	PE:6a70a6d9:02711000	status-update	0x1413547e0	0x14135a03c	0x14132e430
reference	PE:6a70a6d9:02711000	status-update	0x1413547e0	0x14135a04f	0x14006f5d0
reference	PE:6a70a6d9:02711000	status-update	0x1413547e0	0x14135a07c	0x14006f560
reference	PE:6a70a6d9:02711000	status-update	0x1413547e0	0x14135a08f	0x14006f560
reference	PE:6a70a6d9:02711000	status-update	0x1413547e0	0x14135a09b	0x14007dbe0
reference	PE:6a70a6d9:02711000	status-update	0x1413547e0	0x14135a103	0x1400e3c20
reference	PE:6a70a6d9:02711000	status-update	0x1413547e0	0x14135a110	0x140067e30
reference	PE:6a70a6d9:02711000	status-update	0x1413547e0	0x14135a11d	0x140067e30
reference	PE:6a70a6d9:02711000	status-update	0x1413547e0	0x14135a12f	0x140073230
reference	PE:6a70a6d9:02711000	status-update	0x1413547e0	0x14135a157	0x140072850
reference	PE:6a70a6d9:02711000	status-update	0x1413547e0	0x14135a1d8	0x1400736b0
reference	PE:6a70a6d9:02711000	status-update	0x1413547e0	0x14135a205	0x1413ba060
reference	PE:6a70a6d9:02711000	status-update	0x1413547e0	0x14135a217	0x1413cacb0
reference	PE:6a70a6d9:02711000	status-update	0x1413547e0	0x14135a221	0x1413cac50
reference	PE:6a70a6d9:02711000	status-update	0x1413547e0	0x14135a233	0x1408f1b20
reference	PE:6a70a6d9:02711000	status-update	0x1413547e0	0x14135a281	0x1406421e0
reference	PE:6a70a6d9:02711000	status-update	0x1413547e0	0x14135a299	0x1413f1f80
reference	PE:6a70a6d9:02711000	status-update	0x1413547e0	0x14135a2ae	0x1400737b0
reference	PE:6a70a6d9:02711000	status-update	0x1413547e0	0x14135a2cf	0x14007de30
reference	PE:6a70a6d9:02711000	status-update	0x1413547e0	0x14135a2e3	0x14006f690
reference	PE:6a70a6d9:02711000	status-update	0x1413547e0	0x14135a2fe	0x14132e430
reference	PE:6a70a6d9:02711000	status-update	0x1413547e0	0x14135a311	0x14006f5d0
reference	PE:6a70a6d9:02711000	status-update	0x1413547e0	0x14135a33e	0x14006f560
reference	PE:6a70a6d9:02711000	status-update	0x1413547e0	0x14135a351	0x14006f560
reference	PE:6a70a6d9:02711000	status-update	0x1413547e0	0x14135a35d	0x14007dbe0
reference	PE:6a70a6d9:02711000	status-update	0x1413547e0	0x14135a3de	0x1400e3c20
reference	PE:6a70a6d9:02711000	status-update	0x1413547e0	0x14135a3eb	0x140067e30
reference	PE:6a70a6d9:02711000	status-update	0x1413547e0	0x14135a3f8	0x140067e30
reference	PE:6a70a6d9:02711000	status-update	0x1413547e0	0x14135a41b	0x1408f1b20
reference	PE:6a70a6d9:02711000	status-update	0x1413547e0	0x14135a42c	0x1408f1b20
reference	PE:6a70a6d9:02711000	status-update	0x1413547e0	0x14135a43e	0x1401fadf0
reference	PE:6a70a6d9:02711000	status-update	0x1413547e0	0x14135a45f	0x1400737e0
reference	PE:6a70a6d9:02711000	status-update	0x1413547e0	0x14135a494	0x1413f1f80
reference	PE:6a70a6d9:02711000	status-update	0x1413547e0	0x14135a4b4	0x14007de30
reference	PE:6a70a6d9:02711000	status-update	0x1413547e0	0x14135a4c8	0x14006f690
reference	PE:6a70a6d9:02711000	status-update	0x1413547e0	0x14135a4e3	0x14132e430
reference	PE:6a70a6d9:02711000	status-update	0x1413547e0	0x14135a4f6	0x14006f5d0
reference	PE:6a70a6d9:02711000	status-update	0x1413547e0	0x14135a523	0x14006f560
reference	PE:6a70a6d9:02711000	status-update	0x1413547e0	0x14135a536	0x14006f560
reference	PE:6a70a6d9:02711000	status-update	0x1413547e0	0x14135a542	0x14007dbe0
reference	PE:6a70a6d9:02711000	status-update	0x1413547e0	0x14135a5c3	0x1400e3c20
reference	PE:6a70a6d9:02711000	status-update	0x1413547e0	0x14135a5d0	0x140067e30
reference	PE:6a70a6d9:02711000	status-update	0x1413547e0	0x14135a5dd	0x140067e30
reference	PE:6a70a6d9:02711000	status-update	0x1413547e0	0x14135a5e5	0x14135eb40
reference	PE:6a70a6d9:02711000	status-update	0x1413547e0	0x14135a5ed	0x14135e980
reference	PE:6a70a6d9:02711000	status-update	0x1413547e0	0x14135a61b	0x140dc4480
reference	PE:6a70a6d9:02711000	status-update	0x1413547e0	0x14135a650	0x141324170
reference	PE:6a70a6d9:02711000	status-update	0x1413547e0	0x14135a688	0x1406421e0
reference	PE:6a70a6d9:02711000	status-update	0x1413547e0	0x14135a6a6	0x1413f1f80
reference	PE:6a70a6d9:02711000	status-update	0x1413547e0	0x14135a6c6	0x14007de30
reference	PE:6a70a6d9:02711000	status-update	0x1413547e0	0x14135a6da	0x14006f690
reference	PE:6a70a6d9:02711000	status-update	0x1413547e0	0x14135a6f5	0x14132e430
reference	PE:6a70a6d9:02711000	status-update	0x1413547e0	0x14135a708	0x14006f5d0
reference	PE:6a70a6d9:02711000	status-update	0x1413547e0	0x14135a735	0x14006f560
reference	PE:6a70a6d9:02711000	status-update	0x1413547e0	0x14135a748	0x14006f560
reference	PE:6a70a6d9:02711000	status-update	0x1413547e0	0x14135a754	0x14007dbe0
reference	PE:6a70a6d9:02711000	status-update	0x1413547e0	0x14135a7d5	0x1400e3c20
reference	PE:6a70a6d9:02711000	status-update	0x1413547e0	0x14135a7e2	0x140067e30
reference	PE:6a70a6d9:02711000	status-update	0x1413547e0	0x14135a7ef	0x140067e30
reference	PE:6a70a6d9:02711000	status-update	0x1413547e0	0x14135a812	0x1408f1b20
reference	PE:6a70a6d9:02711000	status-update	0x1413547e0	0x14135a823	0x1408f1b20
reference	PE:6a70a6d9:02711000	status-update	0x1413547e0	0x14135a835	0x1401fadf0
reference	PE:6a70a6d9:02711000	status-update	0x1413547e0	0x14135a87d	0x140073b50
reference	PE:6a70a6d9:02711000	status-update	0x1413547e0	0x14135a8c9	0x1400fba10
reference	PE:6a70a6d9:02711000	status-update	0x1413547e0	0x14135a903	0x14006ee50
reference	PE:6a70a6d9:02711000	status-update	0x1413547e0	0x14135a93a	0x14006f240
reference	PE:6a70a6d9:02711000	status-update	0x1413547e0	0x14135a954	0x14006f230
reference	PE:6a70a6d9:02711000	status-update	0x1413547e0	0x14135a968	0x14006ee20
reference	PE:6a70a6d9:02711000	status-update	0x1413547e0	0x14135a972	0x1400657b0
reference	PE:6a70a6d9:02711000	status-update	0x1413547e0	0x14135a984	0x14006ee10
reference	PE:6a70a6d9:02711000	status-update	0x1413547e0	0x14135a995	0x14006ee10
reference	PE:6a70a6d9:02711000	status-update	0x1413547e0	0x14135a9ab	0x14006ee10
reference	PE:6a70a6d9:02711000	status-update	0x1413547e0	0x14135a9bc	0x14006ee10
reference	PE:6a70a6d9:02711000	status-update	0x1413547e0	0x14135a9d4	0x140072510
reference	PE:6a70a6d9:02711000	status-update	0x1413547e0	0x14135a9e4	0x14006ee10
reference	PE:6a70a6d9:02711000	status-update	0x1413547e0	0x14135a9f8	0x14006ee10
reference	PE:6a70a6d9:02711000	status-update	0x1413547e0	0x14135aa0d	0x14006ee10
reference	PE:6a70a6d9:02711000	status-update	0x1413547e0	0x14135aa39	0x1413eff80
reference	PE:6a70a6d9:02711000	status-update	0x1413547e0	0x14135aa42	0x14006ee00
reference	PE:6a70a6d9:02711000	status-update	0x1413547e0	0x14135aa56	0x14006ee20
reference	PE:6a70a6d9:02711000	status-update	0x1413547e0	0x14135aa60	0x1400657b0
reference	PE:6a70a6d9:02711000	status-update	0x1413547e0	0x14135aa7d	0x1400fba10
reference	PE:6a70a6d9:02711000	status-update	0x1413547e0	0x14135aa85	0x140e36000
reference	PE:6a70a6d9:02711000	status-update	0x1413547e0	0x14135aa98	0x141324410
reference	PE:6a70a6d9:02711000	status-update	0x1413547e0	0x14135aaab	0x140224420
reference	PE:6a70a6d9:02711000	status-update	0x1413547e0	0x14135aaed	0x1413ba060
reference	PE:6a70a6d9:02711000	status-update	0x1413547e0	0x14135ab32	0x1413cac50
reference	PE:6a70a6d9:02711000	status-update	0x1413547e0	0x14135ab65	0x1408f1b20
reference	PE:6a70a6d9:02711000	status-update	0x1413547e0	0x14135ab8a	0x1408f1b20
reference	PE:6a70a6d9:02711000	status-update	0x1413547e0	0x14135aba9	0x1408f1b20
reference	PE:6a70a6d9:02711000	status-update	0x1413547e0	0x14135abba	0x1413ba060
reference	PE:6a70a6d9:02711000	status-update	0x1413547e0	0x14135abcf	0x140e36000
reference	PE:6a70a6d9:02711000	status-update	0x1413547e0	0x14135ac13	0x14137a8d0
reference	PE:6a70a6d9:02711000	status-update	0x1413547e0	0x14135ac4e	0x140072510
reference	PE:6a70a6d9:02711000	status-update	0x1413547e0	0x14135ac73	0x1413eff80
reference	PE:6a70a6d9:02711000	status-update	0x1413547e0	0x14135ac9a	0x140072510
reference	PE:6a70a6d9:02711000	status-update	0x1413547e0	0x14135acb9	0x1413eff80
reference	PE:6a70a6d9:02711000	status-update	0x1413547e0	0x14135acd7	0x141324410
reference	PE:6a70a6d9:02711000	status-update	0x1413547e0	0x14135ad1b	0x14137a8d0
reference	PE:6a70a6d9:02711000	status-update	0x1413547e0	0x14135ad56	0x140072510
reference	PE:6a70a6d9:02711000	status-update	0x1413547e0	0x14135ad7a	0x1413eff80
reference	PE:6a70a6d9:02711000	status-update	0x1413547e0	0x14135ad9a	0x140072510
reference	PE:6a70a6d9:02711000	status-update	0x1413547e0	0x14135adbe	0x1413eff80
reference	PE:6a70a6d9:02711000	status-update	0x1413547e0	0x14135adda	0x140224420
reference	PE:6a70a6d9:02711000	status-update	0x1413547e0	0x14135ae0c	0x140072510
reference	PE:6a70a6d9:02711000	status-update	0x1413547e0	0x14135ae2b	0x1413eff80
reference	PE:6a70a6d9:02711000	status-update	0x1413547e0	0x14135ae43	0x140072510
reference	PE:6a70a6d9:02711000	status-update	0x1413547e0	0x14135ae62	0x1413eff80
reference	PE:6a70a6d9:02711000	status-update	0x1413547e0	0x14135aec4	0x1413ba060
reference	PE:6a70a6d9:02711000	status-update	0x1413547e0	0x14135aef2	0x14006ee50
reference	PE:6a70a6d9:02711000	status-update	0x1413547e0	0x14135af1a	0x14006f220
reference	PE:6a70a6d9:02711000	status-update	0x1413547e0	0x14135af31	0x14006ee50
reference	PE:6a70a6d9:02711000	status-update	0x1413547e0	0x14135af63	0x14006f220
reference	PE:6a70a6d9:02711000	status-update	0x1413547e0	0x14135af86	0x14006f220
reference	PE:6a70a6d9:02711000	status-update	0x1413547e0	0x14135af99	0x140a8b820
reference	PE:6a70a6d9:02711000	status-update	0x1413547e0	0x14135afc9	0x14006ee50
reference	PE:6a70a6d9:02711000	status-update	0x1413547e0	0x14135afea	0x14006f220
reference	PE:6a70a6d9:02711000	status-update	0x1413547e0	0x14135b001	0x14006ee50
reference	PE:6a70a6d9:02711000	status-update	0x1413547e0	0x14135b049	0x14006f220
reference	PE:6a70a6d9:02711000	status-update	0x1413547e0	0x14135b05c	0x140a8b820
reference	PE:6a70a6d9:02711000	status-update	0x1413547e0	0x14135b092	0x141348a40
reference	PE:6a70a6d9:02711000	status-update	0x1413547e0	0x14135b0c2	0x14006ee50
reference	PE:6a70a6d9:02711000	status-update	0x1413547e0	0x14135b0ea	0x14006f220
reference	PE:6a70a6d9:02711000	status-update	0x1413547e0	0x14135b101	0x14006ee50
reference	PE:6a70a6d9:02711000	status-update	0x1413547e0	0x14135b118	0x14006f220
reference	PE:6a70a6d9:02711000	status-update	0x1413547e0	0x14135b12c	0x141367430
reference	PE:6a70a6d9:02711000	status-update	0x1413547e0	0x14135b14a	0x1408f1b20
reference	PE:6a70a6d9:02711000	status-update	0x1413547e0	0x14135b16d	0x1414637a0
reference	PE:6a70a6d9:02711000	status-update	0x1413547e0	0x14135b1a9	0x14006f220
reference	PE:6a70a6d9:02711000	status-update	0x1413547e0	0x14135b1bc	0x140a8b820
reference	PE:6a70a6d9:02711000	status-update	0x1413547e0	0x14135b1d0	0x140073230
reference	PE:6a70a6d9:02711000	status-update	0x1413547e0	0x14135b206	0x1409e57d0
reference	PE:6a70a6d9:02711000	status-update	0x1413547e0	0x14135b2a1	0x1413b2f50
reference	PE:6a70a6d9:02711000	status-update	0x1413547e0	0x14135b2e7	0x14006ee50
reference	PE:6a70a6d9:02711000	status-update	0x1413547e0	0x14135b308	0x14006f220
reference	PE:6a70a6d9:02711000	status-update	0x1413547e0	0x14135b33d	0x14006f220
reference	PE:6a70a6d9:02711000	status-update	0x1413547e0	0x14135b358	0x14006f220
reference	PE:6a70a6d9:02711000	status-update	0x1413547e0	0x14135b36e	0x14006f220
reference	PE:6a70a6d9:02711000	status-update	0x1413547e0	0x14135b37f	0x14006f220
reference	PE:6a70a6d9:02711000	status-update	0x1413547e0	0x14135b393	0x14006f220
reference	PE:6a70a6d9:02711000	status-update	0x1413547e0	0x14135b3a0	0x141539680
reference	PE:6a70a6d9:02711000	status-update	0x1413547e0	0x14135b3ab	0x1400b99a0
reference	PE:6a70a6d9:02711000	status-update	0x1413547e0	0x14135b3b8	0x14006f220
reference	PE:6a70a6d9:02711000	status-update	0x1413547e0	0x14135b3c9	0x14006f220
reference	PE:6a70a6d9:02711000	status-update	0x1413547e0	0x14135b3dd	0x14006f220
reference	PE:6a70a6d9:02711000	status-update	0x1413547e0	0x14135b3ea	0x141539680
reference	PE:6a70a6d9:02711000	status-update	0x1413547e0	0x14135b3f5	0x1400b99a0
reference	PE:6a70a6d9:02711000	status-update	0x1413547e0	0x14135b423	0x140071f90
reference	PE:6a70a6d9:02711000	status-update	0x1413547e0	0x14135b452	0x14007dc40
reference	PE:6a70a6d9:02711000	status-update	0x1413547e0	0x14135b47b	0x1409e57d0
reference	PE:6a70a6d9:02711000	status-update	0x1413547e0	0x14135b49d	0x14007dc40
reference	PE:6a70a6d9:02711000	status-update	0x1413547e0	0x14135b4b4	0x1400737b0
reference	PE:6a70a6d9:02711000	status-update	0x1413547e0	0x14135b4dd	0x1414e1370
reference	PE:6a70a6d9:02711000	status-update	0x1413547e0	0x14135b502	0x1408f1b20
reference	PE:6a70a6d9:02711000	status-update	0x1413547e0	0x14135b522	0x140072510
reference	PE:6a70a6d9:02711000	status-update	0x1413547e0	0x14135b546	0x1413eff80
reference	PE:6a70a6d9:02711000	status-update	0x1413547e0	0x14135b54e	0x1400736b0
reference	PE:6a70a6d9:02711000	status-update	0x1413547e0	0x14135b564	0x1407e05b0
reference	PE:6a70a6d9:02711000	status-update	0x1413547e0	0x14135b570	0x141324170
reference	PE:6a70a6d9:02711000	status-update	0x1413547e0	0x14135b57c	0x141324230
reference	PE:6a70a6d9:02711000	status-update	0x1413547e0	0x14135b599	0x1413c1ef0
reference	PE:6a70a6d9:02711000	status-update	0x1413547e0	0x14135b5b4	0x1408f1b20
reference	PE:6a70a6d9:02711000	status-update	0x1413547e0	0x14135b5dc	0x1408f1b20
reference	PE:6a70a6d9:02711000	status-update	0x1413547e0	0x14135b5f3	0x140072510
reference	PE:6a70a6d9:02711000	status-update	0x1413547e0	0x14135b617	0x1413eff80
reference	PE:6a70a6d9:02711000	status-update	0x1413547e0	0x14135b61f	0x1400736b0
reference	PE:6a70a6d9:02711000	status-update	0x1413547e0	0x14135b632	0x1407e05b0
reference	PE:6a70a6d9:02711000	status-update	0x1413547e0	0x14135b63d	0x141324170
reference	PE:6a70a6d9:02711000	status-update	0x1413547e0	0x14135b649	0x141324230
reference	PE:6a70a6d9:02711000	status-update	0x1413547e0	0x14135b662	0x1413c1ef0
reference	PE:6a70a6d9:02711000	status-update	0x1413547e0	0x14135b67b	0x1408f1b20
reference	PE:6a70a6d9:02711000	status-update	0x1413547e0	0x14135b69a	0x1400fdcf0
reference	PE:6a70a6d9:02711000	status-update	0x1413547e0	0x14135b6ba	0x1408f1b20
reference	PE:6a70a6d9:02711000	status-update	0x1413547e0	0x14135b6cc	0x1408f1b20
reference	PE:6a70a6d9:02711000	status-update	0x1413547e0	0x14135b6e0	0x1400737e0
reference	PE:6a70a6d9:02711000	status-update	0x1413547e0	0x14135b6ed	0x140073230
reference	PE:6a70a6d9:02711000	status-update	0x1413547e0	0x14135b702	0x14138ed20
reference	PE:6a70a6d9:02711000	status-update	0x1413547e0	0x14135b73f	0x140a804c0
reference	PE:6a70a6d9:02711000	status-update	0x1413547e0	0x14135b74f	0x1413cc1d0
reference	PE:6a70a6d9:02711000	status-update	0x1413547e0	0x14135b763	QWORD PTR [rdx+0x20]
reference	PE:6a70a6d9:02711000	status-update	0x1413547e0	0x14135b7e3	0x140072510
reference	PE:6a70a6d9:02711000	status-update	0x1413547e0	0x14135b81e	0x1413eff80
reference	PE:6a70a6d9:02711000	status-update	0x1413547e0	0x14135b876	0x14006ee50
reference	PE:6a70a6d9:02711000	status-update	0x1413547e0	0x14135b896	0x14006f220
reference	PE:6a70a6d9:02711000	status-update	0x1413547e0	0x14135b8a7	0x14006f220
reference	PE:6a70a6d9:02711000	status-update	0x1413547e0	0x14135b8c2	0x14006f220
reference	PE:6a70a6d9:02711000	status-update	0x1413547e0	0x14135b8da	0x140072510
reference	PE:6a70a6d9:02711000	status-update	0x1413547e0	0x14135b8ef	0x14006f220
reference	PE:6a70a6d9:02711000	status-update	0x1413547e0	0x14135b90f	0x1413eff80
reference	PE:6a70a6d9:02711000	status-update	0x1413547e0	0x14135b91a	0x14006f220
reference	PE:6a70a6d9:02711000	status-update	0x1413547e0	0x14135b927	0x141539680
reference	PE:6a70a6d9:02711000	status-update	0x1413547e0	0x14135b932	0x1400b99a0
reference	PE:6a70a6d9:02711000	status-update	0x1413547e0	0x14135b93a	0x14006ee50
reference	PE:6a70a6d9:02711000	status-update	0x1413547e0	0x14135b94b	0x14006ee50
reference	PE:6a70a6d9:02711000	status-update	0x1413547e0	0x14135b971	0x14006f370
reference	PE:6a70a6d9:02711000	status-update	0x1413547e0	0x14135b98b	0x14006f360
reference	PE:6a70a6d9:02711000	status-update	0x1413547e0	0x14135b9a4	0x1400b9a90
reference	PE:6a70a6d9:02711000	status-update	0x1413547e0	0x14135ba10	0x1408f1b20
reference	PE:6a70a6d9:02711000	status-update	0x1413547e0	0x14135ba27	0x1400737b0
reference	PE:6a70a6d9:02711000	status-update	0x1413547e0	0x14135ba8a	0x14134eb30
reference	PE:6a70a6d9:02711000	status-update	0x1413547e0	0x14135baa2	0x1413918c0
reference	PE:6a70a6d9:02711000	status-update	0x1413547e0	0x14135baba	0x141365010
reference	PE:6a70a6d9:02711000	status-update	0x1413547e0	0x14135baf7	0x14138f430
reference	PE:6a70a6d9:02711000	status-update	0x1413547e0	0x14135bb0f	0x1400728e0
reference	PE:6a70a6d9:02711000	status-update	0x1413547e0	0x14135bb24	0x14007de30
reference	PE:6a70a6d9:02711000	status-update	0x1413547e0	0x14135bb38	0x14006f690
reference	PE:6a70a6d9:02711000	status-update	0x1413547e0	0x14135bb45	0x14006f690
reference	PE:6a70a6d9:02711000	status-update	0x1413547e0	0x14135bb63	0x14132e430
reference	PE:6a70a6d9:02711000	status-update	0x1413547e0	0x14135bb76	0x1400b9d10
reference	PE:6a70a6d9:02711000	status-update	0x1413547e0	0x14135bb89	0x14006f560
reference	PE:6a70a6d9:02711000	status-update	0x1413547e0	0x14135bbb5	0x14006f560
reference	PE:6a70a6d9:02711000	status-update	0x1413547e0	0x14135bbc8	0x14006f560
reference	PE:6a70a6d9:02711000	status-update	0x1413547e0	0x14135bbdc	0x141367430
reference	PE:6a70a6d9:02711000	status-update	0x1413547e0	0x14135bbe8	0x14007dbe0
reference	PE:6a70a6d9:02711000	status-update	0x1413547e0	0x14135bc47	0x1400e3c20
reference	PE:6a70a6d9:02711000	status-update	0x1413547e0	0x14135bc54	0x140067e30
reference	PE:6a70a6d9:02711000	status-update	0x1413547e0	0x14135bc61	0x140067e30
reference	PE:6a70a6d9:02711000	status-update	0x1413547e0	0x14135bc82	0x1400737e0
reference	PE:6a70a6d9:02711000	status-update	0x1413547e0	0x14135bca7	0x141348a40
reference	PE:6a70a6d9:02711000	status-update	0x1413547e0	0x14135bcaf	0x140073710
reference	PE:6a70a6d9:02711000	status-update	0x1413547e0	0x14135bcbf	0x14006ee50
reference	PE:6a70a6d9:02711000	status-update	0x1413547e0	0x14135bd26	0x14007de30
reference	PE:6a70a6d9:02711000	status-update	0x1413547e0	0x14135bd3a	0x14006f690
reference	PE:6a70a6d9:02711000	status-update	0x1413547e0	0x14135bd47	0x14006f690
reference	PE:6a70a6d9:02711000	status-update	0x1413547e0	0x14135bd65	0x14132e430
reference	PE:6a70a6d9:02711000	status-update	0x1413547e0	0x14135bd78	0x1400b9d10
reference	PE:6a70a6d9:02711000	status-update	0x1413547e0	0x14135bd8b	0x14006f560
reference	PE:6a70a6d9:02711000	status-update	0x1413547e0	0x14135bdb7	0x14006f560
reference	PE:6a70a6d9:02711000	status-update	0x1413547e0	0x14135bdca	0x14006f560
reference	PE:6a70a6d9:02711000	status-update	0x1413547e0	0x14135bdef	0x14006f560
reference	PE:6a70a6d9:02711000	status-update	0x1413547e0	0x14135bdfd	0x14006f690
reference	PE:6a70a6d9:02711000	status-update	0x1413547e0	0x14135be14	0x140aa4850
reference	PE:6a70a6d9:02711000	status-update	0x1413547e0	0x14135be27	0x1400b9d10
reference	PE:6a70a6d9:02711000	status-update	0x1413547e0	0x14135be34	0x140067e30
reference	PE:6a70a6d9:02711000	status-update	0x1413547e0	0x14135be47	0x14006f560
reference	PE:6a70a6d9:02711000	status-update	0x1413547e0	0x14135be5b	0x141367430
reference	PE:6a70a6d9:02711000	status-update	0x1413547e0	0x14135be67	0x14007dbe0
reference	PE:6a70a6d9:02711000	status-update	0x1413547e0	0x14135bec6	0x1400e3c20
reference	PE:6a70a6d9:02711000	status-update	0x1413547e0	0x14135bed3	0x140067e30
reference	PE:6a70a6d9:02711000	status-update	0x1413547e0	0x14135bee0	0x140067e30
reference	PE:6a70a6d9:02711000	status-update	0x1413547e0	0x14135bf3f	0x14006f220
reference	PE:6a70a6d9:02711000	status-update	0x1413547e0	0x14135bf75	0x1413cfbe0
reference	PE:6a70a6d9:02711000	status-update	0x1413547e0	0x14135bf7d	0x140c5fc20
reference	PE:6a70a6d9:02711000	status-update	0x1413547e0	0x14135bf9a	0x140071f30
reference	PE:6a70a6d9:02711000	status-update	0x1413547e0	0x14135bfad	QWORD PTR [rax+0x1d8]
reference	PE:6a70a6d9:02711000	status-update	0x1413547e0	0x14135bfcf	r10
reference	PE:6a70a6d9:02711000	status-update	0x1413547e0	0x14135bfdd	0x14006ee50
reference	PE:6a70a6d9:02711000	status-update	0x1413547e0	0x14135bfec	0x140072510
reference	PE:6a70a6d9:02711000	status-update	0x1413547e0	0x14135c014	QWORD PTR [rax+0x1d8]
reference	PE:6a70a6d9:02711000	status-update	0x1413547e0	0x14135c034	0x140072510
reference	PE:6a70a6d9:02711000	status-update	0x1413547e0	0x14135c05e	0x140072510
reference	PE:6a70a6d9:02711000	status-update	0x1413547e0	0x14135c082	0x1413eff80
reference	PE:6a70a6d9:02711000	status-update	0x1413547e0	0x14135c0a4	0x14006f240
reference	PE:6a70a6d9:02711000	status-update	0x1413547e0	0x14135c0b7	0x14006f230
reference	PE:6a70a6d9:02711000	status-update	0x1413547e0	0x14135c0ce	0x14006ee20
reference	PE:6a70a6d9:02711000	status-update	0x1413547e0	0x14135c0d8	0x1400657b0
reference	PE:6a70a6d9:02711000	status-update	0x1413547e0	0x14135c0e8	0x14006ee10
reference	PE:6a70a6d9:02711000	status-update	0x1413547e0	0x14135c101	0x14006ee00
reference	PE:6a70a6d9:02711000	status-update	0x1413547e0	0x14135c118	0x14006ee20
reference	PE:6a70a6d9:02711000	status-update	0x1413547e0	0x14135c122	0x1400657b0
reference	PE:6a70a6d9:02711000	status-update	0x1413547e0	0x14135c177	0x1400737b0
reference	PE:6a70a6d9:02711000	status-update	0x1413547e0	0x14135c18d	0x1408f1b20
reference	PE:6a70a6d9:02711000	status-update	0x1413547e0	0x14135c19e	0x1400737e0
reference	PE:6a70a6d9:02711000	status-update	0x1413547e0	0x14135c1be	0x14007daf0
reference	PE:6a70a6d9:02711000	status-update	0x1413547e0	0x14135c1d6	0x140931860
reference	PE:6a70a6d9:02711000	status-update	0x1413547e0	0x14135c1ed	r10
reference	PE:6a70a6d9:02711000	status-update	0x1413547e0	0x14135c203	0x14007de30
reference	PE:6a70a6d9:02711000	status-update	0x1413547e0	0x14135c217	0x14006f690
reference	PE:6a70a6d9:02711000	status-update	0x1413547e0	0x14135c224	0x14006f690
reference	PE:6a70a6d9:02711000	status-update	0x1413547e0	0x14135c238	0x14006f580
reference	PE:6a70a6d9:02711000	status-update	0x1413547e0	0x14135c244	0x14006f690
reference	PE:6a70a6d9:02711000	status-update	0x1413547e0	0x14135c261	0x140aa3bd0
reference	PE:6a70a6d9:02711000	status-update	0x1413547e0	0x14135c274	0x1400b9d10
reference	PE:6a70a6d9:02711000	status-update	0x1413547e0	0x14135c287	0x14006f560
reference	PE:6a70a6d9:02711000	status-update	0x1413547e0	0x14135c299	0x14132f980
reference	PE:6a70a6d9:02711000	status-update	0x1413547e0	0x14135c2ac	0x1400b9d10
reference	PE:6a70a6d9:02711000	status-update	0x1413547e0	0x14135c2bf	0x14006f560
reference	PE:6a70a6d9:02711000	status-update	0x1413547e0	0x14135c2c7	0x1413e5a90
reference	PE:6a70a6d9:02711000	status-update	0x1413547e0	0x14135c2e1	0x140a94030
reference	PE:6a70a6d9:02711000	status-update	0x1413547e0	0x14135c2f4	0x1400b9d10
reference	PE:6a70a6d9:02711000	status-update	0x1413547e0	0x14135c307	0x14006f560
reference	PE:6a70a6d9:02711000	status-update	0x1413547e0	0x14135c313	0x14007dbe0
reference	PE:6a70a6d9:02711000	status-update	0x1413547e0	0x14135c338	0x14137bd50
reference	PE:6a70a6d9:02711000	status-update	0x1413547e0	0x14135c387	0x1400e3c20
reference	PE:6a70a6d9:02711000	status-update	0x1413547e0	0x14135c394	0x140067e30
reference	PE:6a70a6d9:02711000	status-update	0x1413547e0	0x14135c3a1	0x140067e30
reference	PE:6a70a6d9:02711000	status-update	0x1413547e0	0x14135c3ae	0x140067e30
reference	PE:6a70a6d9:02711000	status-update	0x1413547e0	0x14135c3b8	0x1400fdcf0
reference	PE:6a70a6d9:02711000	status-update	0x1413547e0	0x14135c3c0	0x1413b9d80
reference	PE:6a70a6d9:02711000	status-update	0x1413547e0	0x14135c40d	0x140c40280
reference	PE:6a70a6d9:02711000	status-update	0x1413547e0	0x14135c427	0x14006ee50
reference	PE:6a70a6d9:02711000	status-update	0x1413547e0	0x14135c44a	0x14006f220
reference	PE:6a70a6d9:02711000	status-update	0x1413547e0	0x14135c460	0x14006ee50
reference	PE:6a70a6d9:02711000	status-update	0x1413547e0	0x14135c4a7	0x14006f220
reference	PE:6a70a6d9:02711000	status-update	0x1413547e0	0x14135c4b7	0x140a8b820
reference	PE:6a70a6d9:02711000	status-update	0x1413547e0	0x14135c4db	0x1413cac50
reference	PE:6a70a6d9:02711000	status-update	0x1413547e0	0x14135c596	0x141386330
reference	PE:6a70a6d9:02711000	status-update	0x1413547e0	0x14135c5aa	0x14006ee50
reference	PE:6a70a6d9:02711000	status-update	0x1413547e0	0x14135c5ca	0x14006f220
reference	PE:6a70a6d9:02711000	status-update	0x1413547e0	0x14135c5e0	0x14006ee50
reference	PE:6a70a6d9:02711000	status-update	0x1413547e0	0x14135c603	0x14006f220
reference	PE:6a70a6d9:02711000	status-update	0x1413547e0	0x14135c61e	0x14006f220
reference	PE:6a70a6d9:02711000	status-update	0x1413547e0	0x14135c639	0x14006f220
reference	PE:6a70a6d9:02711000	status-update	0x1413547e0	0x14135c64f	0x14006f220
reference	PE:6a70a6d9:02711000	status-update	0x1413547e0	0x14135c662	0x140a8b820
reference	PE:6a70a6d9:02711000	status-update	0x1413547e0	0x14135c6bb	0x14006f370
reference	PE:6a70a6d9:02711000	status-update	0x1413547e0	0x14135c6da	0x14006f360
reference	PE:6a70a6d9:02711000	status-update	0x1413547e0	0x14135c6f1	0x14006f220
reference	PE:6a70a6d9:02711000	status-update	0x1413547e0	0x14135c700	0x140071f90
reference	PE:6a70a6d9:02711000	status-update	0x1413547e0	0x14135c713	0x14006f360
reference	PE:6a70a6d9:02711000	status-update	0x1413547e0	0x14135c726	0x1413cf470
reference	PE:6a70a6d9:02711000	status-update	0x1413547e0	0x14135c735	0x1413cf430
reference	PE:6a70a6d9:02711000	status-update	0x1413547e0	0x14135c778	0x1413ba0e0
reference	PE:6a70a6d9:02711000	status-update	0x1413547e0	0x14135c784	0x14006ee50
reference	PE:6a70a6d9:02711000	status-update	0x1413547e0	0x14135c7ab	0x1410e9130
reference	PE:6a70a6d9:02711000	status-update	0x1413547e0	0x14135c7b9	0x1413b9d00
reference	PE:6a70a6d9:02711000	status-update	0x1413547e0	0x14135c7cb	0x14006f370
reference	PE:6a70a6d9:02711000	status-update	0x1413547e0	0x14135cc50	0x1400e1560
reference	PE:6a70a6d9:02711000	status-update	0x1413547e0	0x14135ccff	0x14134a5e0
reference	PE:6a70a6d9:02711000	status-update	0x1413547e0	0x14135cd0e	0x14134a830
reference	PE:6a70a6d9:02711000	status-update	0x1413547e0	0x14135cd2e	0x14136eb20
reference	PE:6a70a6d9:02711000	status-update	0x1413547e0	0x14135cd3c	0x14136eb20
reference	PE:6a70a6d9:02711000	status-update	0x1413547e0	0x14135cd52	0x140072510
reference	PE:6a70a6d9:02711000	status-update	0x1413547e0	0x14135cd93	0x1400737b0
reference	PE:6a70a6d9:02711000	status-update	0x1413547e0	0x14135cda9	0x140072510
reference	PE:6a70a6d9:02711000	status-update	0x1413547e0	0x14135cde6	0x1400737b0
reference	PE:6a70a6d9:02711000	status-update	0x1413547e0	0x14135cdf7	0x140072510
reference	PE:6a70a6d9:02711000	status-update	0x1413547e0	0x14135ce17	0x1413eff80
reference	PE:6a70a6d9:02711000	status-update	0x1413547e0	0x14135ce31	0x140c40280
reference	PE:6a70a6d9:02711000	status-update	0x1413547e0	0x14135ce3d	0x1413b9f90
reference	PE:6a70a6d9:02711000	status-update	0x1413547e0	0x14135ce4e	0x141373910
reference	PE:6a70a6d9:02711000	status-update	0x1413547e0	0x14135ce77	0x140c40280
reference	PE:6a70a6d9:02711000	status-update	0x1413547e0	0x14135ce83	0x1413b9f90
reference	PE:6a70a6d9:02711000	status-update	0x1413547e0	0x14135ce9b	0x140a68310
reference	PE:6a70a6d9:02711000	status-update	0x1413547e0	0x14135ceac	0x140071f90
reference	PE:6a70a6d9:02711000	status-update	0x1413547e0	0x14135cee7	0x1404390d0
reference	PE:6a70a6d9:02711000	status-update	0x1413547e0	0x14135cf19	0x14007de30
reference	PE:6a70a6d9:02711000	status-update	0x1413547e0	0x14135cf2d	0x14006f690
reference	PE:6a70a6d9:02711000	status-update	0x1413547e0	0x14135cf36	0x1413e5a90
reference	PE:6a70a6d9:02711000	status-update	0x1413547e0	0x14135cf50	0x140a94030
reference	PE:6a70a6d9:02711000	status-update	0x1413547e0	0x14135cf65	0x14006f580
reference	PE:6a70a6d9:02711000	status-update	0x1413547e0	0x14135cf78	0x14006f560
reference	PE:6a70a6d9:02711000	status-update	0x1413547e0	0x14135cf84	0x14006f690
reference	PE:6a70a6d9:02711000	status-update	0x1413547e0	0x14135cf97	0x14132f980
reference	PE:6a70a6d9:02711000	status-update	0x1413547e0	0x14135cfaa	0x1400b9d10
reference	PE:6a70a6d9:02711000	status-update	0x1413547e0	0x14135cfbd	0x14006f560
reference	PE:6a70a6d9:02711000	status-update	0x1413547e0	0x14135cfc9	0x14007dbe0
reference	PE:6a70a6d9:02711000	status-update	0x1413547e0	0x14135d031	0x1400e3c20
reference	PE:6a70a6d9:02711000	status-update	0x1413547e0	0x14135d03e	0x140067e30
reference	PE:6a70a6d9:02711000	status-update	0x1413547e0	0x14135d04b	0x140067e30
reference	PE:6a70a6d9:02711000	status-update	0x1413547e0	0x14135d053	0x1413b3090
reference	PE:6a70a6d9:02711000	status-update	0x1413547e0	0x14135d094	0x1413b9d00
reference	PE:6a70a6d9:02711000	status-update	0x1413547e0	0x14135d0a1	0x1413ba450
reference	PE:6a70a6d9:02711000	status-update	0x1413547e0	0x14135d0e5	0x14007de30
reference	PE:6a70a6d9:02711000	status-update	0x1413547e0	0x14135d0f9	0x14006f690
reference	PE:6a70a6d9:02711000	status-update	0x1413547e0	0x14135d10c	0x141330c30
reference	PE:6a70a6d9:02711000	status-update	0x1413547e0	0x14135d14e	0x14006f560
reference	PE:6a70a6d9:02711000	status-update	0x1413547e0	0x14135d15a	0x14006f690
reference	PE:6a70a6d9:02711000	status-update	0x1413547e0	0x14135d171	0x140aa4850
reference	PE:6a70a6d9:02711000	status-update	0x1413547e0	0x14135d184	0x1400b9d10
reference	PE:6a70a6d9:02711000	status-update	0x1413547e0	0x14135d197	0x14006f560
reference	PE:6a70a6d9:02711000	status-update	0x1413547e0	0x14135d1a4	0x140067e30
reference	PE:6a70a6d9:02711000	status-update	0x1413547e0	0x14135d1dc	0x14006f560
reference	PE:6a70a6d9:02711000	status-update	0x1413547e0	0x14135d1e8	0x14007dbe0
reference	PE:6a70a6d9:02711000	status-update	0x1413547e0	0x14135d250	0x1400e3c20
reference	PE:6a70a6d9:02711000	status-update	0x1413547e0	0x14135d25d	0x140067e30
reference	PE:6a70a6d9:02711000	status-update	0x1413547e0	0x14135d270	0x1408f1b20
reference	PE:6a70a6d9:02711000	status-update	0x1413547e0	0x14135d2e1	0x140072850
reference	PE:6a70a6d9:02711000	status-update	0x1413547e0	0x14135d314	0x140073230
reference	PE:6a70a6d9:02711000	status-update	0x1413547e0	0x14135d334	0x140072510
reference	PE:6a70a6d9:02711000	status-update	0x1413547e0	0x14135d358	0x1413eff80
reference	PE:6a70a6d9:02711000	status-update	0x1413547e0	0x14135d36f	0x140073b70
reference	PE:6a70a6d9:02711000	status-update	0x1413547e0	0x14135d383	0x140072510
reference	PE:6a70a6d9:02711000	status-update	0x1413547e0	0x14135d3a2	0x1413eff80
reference	PE:6a70a6d9:02711000	status-update	0x1413547e0	0x14135d3ac	0x1413eac10
reference	PE:6a70a6d9:02711000	status-update	0x1413547e0	0x14135d3c6	0x14006f740
reference	PE:6a70a6d9:02711000	status-update	0x1413547e0	0x14135d3e0	0x14006f740
reference	PE:6a70a6d9:02711000	status-update	0x1413547e0	0x14135d48d	0x1402243d0
reference	PE:6a70a6d9:02711000	status-update	0x1413547e0	0x14135d4bf	0x14138ed20
reference	PE:6a70a6d9:02711000	status-update	0x1413547e0	0x14135d4d4	0x140073230
reference	PE:6a70a6d9:02711000	status-update	0x1413547e0	0x14135d4ef	0x14006f240
reference	PE:6a70a6d9:02711000	status-update	0x1413547e0	0x14135d502	0x14006f230
reference	PE:6a70a6d9:02711000	status-update	0x1413547e0	0x14135d516	0x14006ee20
reference	PE:6a70a6d9:02711000	status-update	0x1413547e0	0x14135d520	0x1400657b0
reference	PE:6a70a6d9:02711000	status-update	0x1413547e0	0x14135d534	0x14006ee10
reference	PE:6a70a6d9:02711000	status-update	0x1413547e0	0x14135d549	0x14006ee10
reference	PE:6a70a6d9:02711000	status-update	0x1413547e0	0x14135d561	0x14006ee10
reference	PE:6a70a6d9:02711000	status-update	0x1413547e0	0x14135d569	0x14138ed20
reference	PE:6a70a6d9:02711000	status-update	0x1413547e0	0x14135d576	0x14006ee10
reference	PE:6a70a6d9:02711000	status-update	0x1413547e0	0x14135d583	0x140073230
reference	PE:6a70a6d9:02711000	status-update	0x1413547e0	0x14135d592	0x14006ee00
reference	PE:6a70a6d9:02711000	status-update	0x1413547e0	0x14135d5a6	0x14006ee20
reference	PE:6a70a6d9:02711000	status-update	0x1413547e0	0x14135d5b0	0x1400657b0
reference	PE:6a70a6d9:02711000	status-update	0x1413547e0	0x14135d5db	0x14006f240
reference	PE:6a70a6d9:02711000	status-update	0x1413547e0	0x14135d5f5	0x14006f230
reference	PE:6a70a6d9:02711000	status-update	0x1413547e0	0x14135d60c	0x14006ee20
reference	PE:6a70a6d9:02711000	status-update	0x1413547e0	0x14135d616	0x1400657b0
reference	PE:6a70a6d9:02711000	status-update	0x1413547e0	0x14135d629	0x14006ee10
reference	PE:6a70a6d9:02711000	status-update	0x1413547e0	0x14135d633	0x140dde130
reference	PE:6a70a6d9:02711000	status-update	0x1413547e0	0x14135d646	0x14006ee00
reference	PE:6a70a6d9:02711000	status-update	0x1413547e0	0x14135d65d	0x14006ee20
reference	PE:6a70a6d9:02711000	status-update	0x1413547e0	0x14135d667	0x1400657b0
reference	PE:6a70a6d9:02711000	status-update	0x1413547e0	0x14135d69a	0x141396bb0
reference	PE:6a70a6d9:02711000	status-update	0x1413547e0	0x14135d6e5	0x141447200
reference	PE:6a70a6d9:02711000	status-update	0x1413547e0	0x14135d6ff	0x140065b00
reference	PE:6a70a6d9:02711000	status-update	0x1413547e0	0x14135d729	0x14131f730
reference	PE:6a70a6d9:02711000	status-update	0x1413547e0	0x14135d751	0x141379960
reference	PE:6a70a6d9:02711000	status-update	0x1413547e0	0x14135d7bb	0x141382630
reference	PE:6a70a6d9:02711000	status-update	0x1413547e0	0x14135d7e1	0x140072850
reference	PE:6a70a6d9:02711000	status-update	0x1413547e0	0x14135d828	0x140072850
reference	PE:6a70a6d9:02711000	status-update	0x1413547e0	0x14135d84c	0x1413824a0
reference	PE:6a70a6d9:02711000	status-update	0x1413547e0	0x14135d85f	0x1400bba60
reference	PE:6a70a6d9:02711000	status-update	0x1413547e0	0x14135d8b0	0x140706d60
reference	PE:6a70a6d9:02711000	status-update	0x1413547e0	0x14135d8ba	0x14137c020
reference	PE:6a70a6d9:02711000	status-update	0x1413547e0	0x14135d941	0x1400737e0
reference	PE:6a70a6d9:02711000	status-update	0x1413547e0	0x14135d9cb	0x141366d40
reference	PE:6a70a6d9:02711000	status-update	0x1413547e0	0x14135da0c	0x14143c830
reference	PE:6a70a6d9:02711000	status-update	0x1413547e0	0x14135da3c	0x141378860
reference	PE:6a70a6d9:02711000	status-update	0x1413547e0	0x14135daa8	0x1406dc960
reference	PE:6a70a6d9:02711000	status-update	0x1413547e0	0x14135dab7	0x141329d70
reference	PE:6a70a6d9:02711000	status-update	0x1413547e0	0x14135dac9	0x1413356f0
reference	PE:6a70a6d9:02711000	status-update	0x1413547e0	0x14135dad3	0x1413348f0
reference	PE:6a70a6d9:02711000	status-update	0x1413547e0	0x14135dae1	0x141334820
reference	PE:6a70a6d9:02711000	status-update	0x1413547e0	0x14135dafc	0x14138a0c0
reference	PE:6a70a6d9:02711000	status-update	0x1413547e0	0x14135db06	0x14138ed20
reference	PE:6a70a6d9:02711000	status-update	0x1413547e0	0x14135db1d	0x140073230
reference	PE:6a70a6d9:02711000	status-update	0x1413547e0	0x14135db37	0x14007daf0
reference	PE:6a70a6d9:02711000	status-update	0x1413547e0	0x14135db4c	0x14007daf0
reference	PE:6a70a6d9:02711000	status-update	0x1413547e0	0x14135db70	r10
reference	PE:6a70a6d9:02711000	status-update	0x1413547e0	0x14135db8d	0x14138f250
reference	PE:6a70a6d9:02711000	status-update	0x1413547e0	0x14135db9f	0x140067dc0
reference	PE:6a70a6d9:02711000	status-update	0x1413547e0	0x14135dbb7	0x14006ee50
reference	PE:6a70a6d9:02711000	status-update	0x1413547e0	0x14135dbe6	0x14006f220
reference	PE:6a70a6d9:02711000	status-update	0x1413547e0	0x14135dbf1	QWORD PTR [rax]
reference	PE:6a70a6d9:02711000	status-update	0x1413547e0	0x14135dbff	0x14006f220
reference	PE:6a70a6d9:02711000	status-update	0x1413547e0	0x14135dc17	0x1408f1b20
reference	PE:6a70a6d9:02711000	status-update	0x1413547e0	0x14135dc3c	0x14006f220
reference	PE:6a70a6d9:02711000	status-update	0x1413547e0	0x14135dc59	0x141391970
reference	PE:6a70a6d9:02711000	status-update	0x1413547e0	0x14135dc67	0x14006ee50
reference	PE:6a70a6d9:02711000	status-update	0x1413547e0	0x14135dcb2	0x14138f250
reference	PE:6a70a6d9:02711000	status-update	0x1413547e0	0x14135dcdd	r10
reference	PE:6a70a6d9:02711000	status-update	0x1413547e0	0x14135dcf6	0x140073710
reference	PE:6a70a6d9:02711000	status-update	0x1413547e0	0x14135dd13	0x14138c120
reference	PE:6a70a6d9:02711000	status-update	0x1413547e0	0x14135dd3e	0x141391970
reference	PE:6a70a6d9:02711000	status-update	0x1413547e0	0x14135dd5f	0x141391970
reference	PE:6a70a6d9:02711000	status-update	0x1413547e0	0x14135dd83	0x141391970
reference	PE:6a70a6d9:02711000	status-update	0x1413547e0	0x14135dd95	0x140067dc0
reference	PE:6a70a6d9:02711000	status-update	0x1413547e0	0x14135ddc1	0x140b98b60
reference	PE:6a70a6d9:02711000	status-update	0x1413547e0	0x14135dddf	0x1413b1090
reference	PE:6a70a6d9:02711000	status-update	0x1413547e0	0x14135ddf2	QWORD PTR [rdx+0xd0]
reference	PE:6a70a6d9:02711000	status-update	0x1413547e0	0x14135de10	0x14006f410
reference	PE:6a70a6d9:02711000	status-update	0x1413547e0	0x14135de23	0x14030d190
reference	PE:6a70a6d9:02711000	status-update	0x1413547e0	0x14135de2d	0x1413b3090
reference	PE:6a70a6d9:02711000	status-update	0x1413547e0	0x14135de38	0x1413b3090
reference	PE:6a70a6d9:02711000	status-update	0x1413547e0	0x14135de5f	0x1400b9980
reference	PE:6a70a6d9:02711000	status-update	0x1413547e0	0x14135de84	0x14006ee50
reference	PE:6a70a6d9:02711000	status-update	0x1413547e0	0x14135de96	0x1413eac10
reference	PE:6a70a6d9:02711000	status-update	0x1413547e0	0x14135dea9	0x14006f220
reference	PE:6a70a6d9:02711000	status-update	0x1413547e0	0x14135dec0	0x14006ee50
reference	PE:6a70a6d9:02711000	status-update	0x1413547e0	0x14135dedb	0x140072510
reference	PE:6a70a6d9:02711000	status-update	0x1413547e0	0x14135defb	0x14006ee50
reference	PE:6a70a6d9:02711000	status-update	0x1413547e0	0x14135df1d	0x1413eff80
reference	PE:6a70a6d9:02711000	status-update	0x1413547e0	0x14135df2f	0x140073b70
reference	PE:6a70a6d9:02711000	status-update	0x1413547e0	0x14135df43	0x140072510
reference	PE:6a70a6d9:02711000	status-update	0x1413547e0	0x14135df63	0x14006ee50
reference	PE:6a70a6d9:02711000	status-update	0x1413547e0	0x14135df7f	0x1413eff80
reference	PE:6a70a6d9:02711000	status-update	0x1413547e0	0x14135dfba	0x14006f220
reference	PE:6a70a6d9:02711000	status-update	0x1413547e0	0x14135dfda	0x14006f220
reference	PE:6a70a6d9:02711000	status-update	0x1413547e0	0x14135dffe	0x14006f220
reference	PE:6a70a6d9:02711000	status-update	0x1413547e0	0x14135e01e	0x14006f220
reference	PE:6a70a6d9:02711000	status-update	0x1413547e0	0x14135e040	0x140072510
reference	PE:6a70a6d9:02711000	status-update	0x1413547e0	0x14135e060	0x14006ee50
reference	PE:6a70a6d9:02711000	status-update	0x1413547e0	0x14135e07c	0x14006f220
reference	PE:6a70a6d9:02711000	status-update	0x1413547e0	0x14135e08b	0x1413eff80
reference	PE:6a70a6d9:02711000	status-update	0x1413547e0	0x14135e0b7	0x14006f690
reference	PE:6a70a6d9:02711000	status-update	0x1413547e0	0x14135e0c4	0x14006f690
reference	PE:6a70a6d9:02711000	status-update	0x1413547e0	0x14135e0d7	0x141330c30
reference	PE:6a70a6d9:02711000	status-update	0x1413547e0	0x14135e0ea	0x14006f560
reference	PE:6a70a6d9:02711000	status-update	0x1413547e0	0x14135e107	0x140072850
reference	PE:6a70a6d9:02711000	status-update	0x1413547e0	0x14135e116	0x14006ee50
reference	PE:6a70a6d9:02711000	status-update	0x1413547e0	0x14135e13e	0x1406dd860
reference	PE:6a70a6d9:02711000	status-update	0x1413547e0	0x14135e151	0x1400b9d10
reference	PE:6a70a6d9:02711000	status-update	0x1413547e0	0x14135e16c	0x14006fa10
reference	PE:6a70a6d9:02711000	status-update	0x1413547e0	0x14135e178	0x14007dbe0
reference	PE:6a70a6d9:02711000	status-update	0x1413547e0	0x14135e1ca	0x14138ed20
reference	PE:6a70a6d9:02711000	status-update	0x1413547e0	0x14135e1db	0x140073230
reference	PE:6a70a6d9:02711000	status-update	0x1413547e0	0x14135e228	0x1400e3c20
reference	PE:6a70a6d9:02711000	status-update	0x1413547e0	0x14135e23b	0x140b5d200
reference	PE:6a70a6d9:02711000	status-update	0x1413547e0	0x14135e287	0x1413eff80
reference	PE:6a70a6d9:02711000	status-update	0x1413547e0	0x14135e29e	0x1413cc4d0
reference	PE:6a70a6d9:02711000	status-update	0x1413547e0	0x14135e2b2	0x140072510
reference	PE:6a70a6d9:02711000	status-update	0x1413547e0	0x14135e2ce	0x1413eff80
reference	PE:6a70a6d9:02711000	status-update	0x1413547e0	0x14135e2db	0x140067e30
reference	PE:6a70a6d9:02711000	status-update	0x1413547e0	0x14135e2e8	0x140067e30
reference	PE:6a70a6d9:02711000	status-update	0x1413547e0	0x14135e2f5	0x140066b70
reference	PE:6a70a6d9:02711000	status-update	0x1413547e0	0x14135e329	0x140072850
reference	PE:6a70a6d9:02711000	status-update	0x1413547e0	0x14135e33d	0x14006f370
reference	PE:6a70a6d9:02711000	status-update	0x1413547e0	0x14135e34a	0x1413db4e0
reference	PE:6a70a6d9:02711000	status-update	0x1413547e0	0x14135e365	0x1400bba90
reference	PE:6a70a6d9:02711000	status-update	0x1413547e0	0x14135e37d	0x14006f370
reference	PE:6a70a6d9:02711000	status-update	0x1413547e0	0x14135e393	0x1408f1b20
reference	PE:6a70a6d9:02711000	status-update	0x1413547e0	0x14135e3a2	0x14006f360
reference	PE:6a70a6d9:02711000	status-update	0x1413547e0	0x14135e3b4	0x14006f360
reference	PE:6a70a6d9:02711000	status-update	0x1413547e0	0x14135e3c8	0x14006f220
reference	PE:6a70a6d9:02711000	status-update	0x1413547e0	0x14135e3f2	0x1413db000
reference	PE:6a70a6d9:02711000	status-update	0x1413547e0	0x14135e403	0x1408f1b20
reference	PE:6a70a6d9:02711000	status-update	0x1413547e0	0x14135e41e	0x14006f360
reference	PE:6a70a6d9:02711000	status-update	0x1413547e0	0x14135e431	0x141539660
reference	PE:6a70a6d9:02711000	actor-format	0x141330c30	0x141330c95	0x140b530b0
reference	PE:6a70a6d9:02711000	actor-format	0x141330c30	0x141330cd5	0x140072570
reference	PE:6a70a6d9:02711000	actor-format	0x141330c30	0x141330ce5	0x140c3a4f0
reference	PE:6a70a6d9:02711000	actor-format	0x141330c30	0x141330d73	0x140b530b0
reference	PE:6a70a6d9:02711000	actor-format	0x141330c30	0x141330da5	0x1400b9dc0
reference	PE:6a70a6d9:02711000	actor-format	0x141330c30	0x141330dc9	0x1400babe0
reference	PE:6a70a6d9:02711000	actor-format	0x141330c30	0x141330e24	0x1400babe0
reference	PE:6a70a6d9:02711000	actor-format	0x141330c30	0x141330e52	0x140a94030
reference	PE:6a70a6d9:02711000	actor-format	0x141330c30	0x141330e67	0x14006fa10
reference	PE:6a70a6d9:02711000	actor-format	0x141330c30	0x141330e93	0x14132f980
reference	PE:6a70a6d9:02711000	actor-format	0x141330c30	0x141330ead	0x14006fa10
reference	PE:6a70a6d9:02711000	actor-format	0x141330c30	0x141330f41	0x1400b9dc0
reference	PE:6a70a6d9:02711000	actor-format	0x141330c30	0x141330f62	0x14006fa10
reference	PE:6a70a6d9:02711000	actor-format	0x141330c30	0x141330f86	0x140a94030
reference	PE:6a70a6d9:02711000	actor-format	0x141330c30	0x141330fa0	0x14006fa10
reference	PE:6a70a6d9:02711000	actor-format	0x141330c30	0x141330fb7	0x14006fa10
reference	PE:6a70a6d9:02711000	actor-format	0x141330c30	0x141330fcc	0x14006fa10
reference	PE:6a70a6d9:02711000	actor-format	0x141330c30	0x141330fd6	0x14006f850
reference	PE:6a70a6d9:02711000	actor-format	0x141330c30	0x141330ff6	0x141385b10
reference	PE:6a70a6d9:02711000	actor-format	0x141330c30	0x14133100b	0x14006fa10
reference	PE:6a70a6d9:02711000	actor-format	0x141330c30	0x141331021	0x1400b9b80
reference	PE:6a70a6d9:02711000	actor-format	0x141330c30	0x14133102b	0x1400b9b80
reference	PE:6a70a6d9:02711000	actor-format	0x141330c30	0x141331041	0x1400b9b80
reference	PE:6a70a6d9:02711000	actor-format	0x141330c30	0x141331052	0x141385b10
reference	PE:6a70a6d9:02711000	actor-format	0x141330c30	0x141331067	0x14006fa10
reference	PE:6a70a6d9:02711000	actor-format	0x141330c30	0x14133107d	0x1400b9b80
reference	PE:6a70a6d9:02711000	actor-format	0x141330c30	0x141331087	0x1400b9b80
reference	PE:6a70a6d9:02711000	actor-format	0x141330c30	0x14133109d	0x1400b9b80
reference	PE:6a70a6d9:02711000	actor-format	0x141330c30	0x1413310c2	0x14006fa10
reference	PE:6a70a6d9:02711000	actor-format	0x141330c30	0x141331141	0x14006fa10
reference	PE:6a70a6d9:02711000	actor-format	0x141330c30	0x141331156	0x14006fa10
reference	PE:6a70a6d9:02711000	actor-format	0x141330c30	0x141331191	0x14006fa10
reference	PE:6a70a6d9:02711000	actor-format	0x141330c30	0x1413311a6	0x14006fa10
reference	PE:6a70a6d9:02711000	actor-format	0x141330c30	0x1413311e1	0x14006fa10
reference	PE:6a70a6d9:02711000	actor-format	0x141330c30	0x1413311f3	0x14006fa10
reference	PE:6a70a6d9:02711000	actor-format	0x141330c30	0x14133122b	QWORD PTR [rip+0x2b48f7]        # 0x1415e5b28
reference	PE:6a70a6d9:02711000	actor-format	0x141330c30	0x141331232	0x141539680
reference	PE:6a70a6d9:02711000	actor-format	0x141330c30	0x14133126c	0x14006f8d0
reference	PE:6a70a6d9:02711000	actor-format	0x141330c30	0x141331278	0x141539660
reference	PE:6a70a6d9:02711000	actor-article-format	0x14132e430	0x14132e4cc	0x14006f8d0
reference	PE:6a70a6d9:02711000	actor-article-format	0x14132e430	0x14132e54b	0x140b530b0
reference	PE:6a70a6d9:02711000	actor-article-format	0x14132e430	0x14132e58c	0x140072570
reference	PE:6a70a6d9:02711000	actor-article-format	0x14132e430	0x14132e5a0	0x140c3a4f0
reference	PE:6a70a6d9:02711000	actor-article-format	0x14132e430	0x14132e5ee	0x140b530b0
reference	PE:6a70a6d9:02711000	actor-article-format	0x14132e430	0x14132e622	0x1400b9dc0
reference	PE:6a70a6d9:02711000	actor-article-format	0x14132e430	0x14132e647	0x1400babe0
reference	PE:6a70a6d9:02711000	actor-article-format	0x14132e430	0x14132e69c	0x1400babe0
reference	PE:6a70a6d9:02711000	actor-article-format	0x14132e430	0x14132e74f	0x1413cc4d0
reference	PE:6a70a6d9:02711000	actor-article-format	0x14132e430	0x14132e7f4	0x14132e0c0
reference	PE:6a70a6d9:02711000	actor-article-format	0x14132e430	0x14132e825	0x140b530b0
reference	PE:6a70a6d9:02711000	actor-article-format	0x14132e430	0x14132e84b	0x140beb620
reference	PE:6a70a6d9:02711000	actor-article-format	0x14132e430	0x14132e91f	0x14006f8d0
reference	PE:6a70a6d9:02711000	actor-article-format	0x14132e430	0x14132e93b	0x1409bdfb0
reference	PE:6a70a6d9:02711000	actor-article-format	0x14132e430	0x14132e955	0x140b530b0
reference	PE:6a70a6d9:02711000	actor-article-format	0x14132e430	0x14132e973	0x140b973c0
reference	PE:6a70a6d9:02711000	actor-article-format	0x14132e430	0x14132e9ab	0x14006fa10
reference	PE:6a70a6d9:02711000	actor-article-format	0x14132e430	0x14132e9e4	0x14153ae1a
reference	PE:6a70a6d9:02711000	actor-article-format	0x14132e430	0x14132ea21	0x1400707d0
reference	PE:6a70a6d9:02711000	actor-article-format	0x14132e430	0x14132ea7e	0x141539680
reference	PE:6a70a6d9:02711000	actor-article-format	0x14132e430	0x14132eaa1	0x140b530b0
reference	PE:6a70a6d9:02711000	actor-article-format	0x14132e430	0x14132eab6	0x140b973c0
reference	PE:6a70a6d9:02711000	actor-article-format	0x14132e430	0x14132ead5	0x140b530b0
reference	PE:6a70a6d9:02711000	actor-article-format	0x14132e430	0x14132eaee	0x140b98d90
reference	PE:6a70a6d9:02711000	actor-article-format	0x14132e430	0x14132eb26	0x14006fa10
reference	PE:6a70a6d9:02711000	actor-article-format	0x14132e430	0x14132eb99	0x1400707d0
reference	PE:6a70a6d9:02711000	actor-article-format	0x14132e430	0x14132ebf2	0x141539680
reference	PE:6a70a6d9:02711000	actor-article-format	0x14132e430	0x14132ec2d	0x14006f8d0
reference	PE:6a70a6d9:02711000	actor-article-format	0x14132e430	0x14132ec56	0x140a94030
reference	PE:6a70a6d9:02711000	actor-article-format	0x14132e430	0x14132eca8	0x141539680
reference	PE:6a70a6d9:02711000	actor-article-format	0x14132e430	0x14132ecf7	0x141539680
reference	PE:6a70a6d9:02711000	actor-article-format	0x14132e430	0x14132ed1e	0x140b530b0
reference	PE:6a70a6d9:02711000	actor-article-format	0x14132e430	0x14132ed67	0x14006f8d0
reference	PE:6a70a6d9:02711000	actor-article-format	0x14132e430	0x14132ed6f	0x14052d650
reference	PE:6a70a6d9:02711000	actor-article-format	0x14132e430	0x14132ed96	0x14006f8d0
reference	PE:6a70a6d9:02711000	actor-article-format	0x14132e430	0x14132edb0	0x14006fa10
reference	PE:6a70a6d9:02711000	actor-article-format	0x14132e430	0x14132edcc	0x14006fa10
reference	PE:6a70a6d9:02711000	actor-article-format	0x14132e430	0x14132ede6	0x14006fa10
reference	PE:6a70a6d9:02711000	actor-article-format	0x14132e430	0x14132ee1e	QWORD PTR [rip+0x2b6d04]        # 0x1415e5b28
reference	PE:6a70a6d9:02711000	actor-article-format	0x14132e430	0x14132ee25	0x141539680
reference	PE:6a70a6d9:02711000	actor-article-format	0x14132e430	0x14132ee7c	QWORD PTR [rip+0x2b6ca6]        # 0x1415e5b28
reference	PE:6a70a6d9:02711000	actor-article-format	0x14132e430	0x14132eeaa	0x14006f8d0
reference	PE:6a70a6d9:02711000	actor-article-format	0x14132e430	0x14132eeba	0x140a94030
reference	PE:6a70a6d9:02711000	actor-article-format	0x14132e430	0x14132eee4	0x140072570
reference	PE:6a70a6d9:02711000	actor-article-format	0x14132e430	0x14132efb3	0x14006fa10
reference	PE:6a70a6d9:02711000	actor-article-format	0x14132e430	0x14132efc8	0x14006fa10
reference	PE:6a70a6d9:02711000	actor-article-format	0x14132e430	0x14132f001	0x14006fa10
reference	PE:6a70a6d9:02711000	actor-article-format	0x14132e430	0x14132f016	0x14006fa10
reference	PE:6a70a6d9:02711000	actor-article-format	0x14132e430	0x14132f09d	0x14132e0c0
reference	PE:6a70a6d9:02711000	actor-article-format	0x14132e430	0x14132f0d1	0x140b530b0
reference	PE:6a70a6d9:02711000	actor-article-format	0x14132e430	0x14132f0f9	0x140beb620
reference	PE:6a70a6d9:02711000	actor-article-format	0x14132e430	0x14132f1ce	0x14006f8d0
reference	PE:6a70a6d9:02711000	actor-article-format	0x14132e430	0x14132f1e9	0x1409bdfb0
reference	PE:6a70a6d9:02711000	actor-article-format	0x14132e430	0x14132f20f	0x140b530b0
reference	PE:6a70a6d9:02711000	actor-article-format	0x14132e430	0x14132f22e	0x140b973c0
reference	PE:6a70a6d9:02711000	actor-article-format	0x14132e430	0x14132f25f	0x14006fa10
reference	PE:6a70a6d9:02711000	actor-article-format	0x14132e430	0x14132f298	0x14153ae1a
reference	PE:6a70a6d9:02711000	actor-article-format	0x14132e430	0x14132f2da	0x1400707d0
reference	PE:6a70a6d9:02711000	actor-article-format	0x14132e430	0x14132f337	0x141539680
reference	PE:6a70a6d9:02711000	actor-article-format	0x14132e430	0x14132f35b	0x140b530b0
reference	PE:6a70a6d9:02711000	actor-article-format	0x14132e430	0x14132f370	0x140b973c0
reference	PE:6a70a6d9:02711000	actor-article-format	0x14132e430	0x14132f38b	0x140b530b0
reference	PE:6a70a6d9:02711000	actor-article-format	0x14132e430	0x14132f3a4	0x140b98d90
reference	PE:6a70a6d9:02711000	actor-article-format	0x14132e430	0x14132f3d6	0x14006fa10
reference	PE:6a70a6d9:02711000	actor-article-format	0x14132e430	0x14132f445	0x1400707d0
reference	PE:6a70a6d9:02711000	actor-article-format	0x14132e430	0x14132f499	QWORD PTR [rip+0x2b6689]        # 0x1415e5b28
reference	PE:6a70a6d9:02711000	actor-article-format	0x14132e430	0x14132f4a0	0x141539680
reference	PE:6a70a6d9:02711000	actor-article-format	0x14132e430	0x14132f4de	0x14006f8d0
reference	PE:6a70a6d9:02711000	actor-article-format	0x14132e430	0x14132f50e	0x141376500
reference	PE:6a70a6d9:02711000	actor-article-format	0x14132e430	0x14132f573	0x14006fa10
reference	PE:6a70a6d9:02711000	actor-article-format	0x14132e430	0x14132f5a1	0x1400ba0a0
reference	PE:6a70a6d9:02711000	actor-article-format	0x14132e430	0x14132f628	0x14006fa10
reference	PE:6a70a6d9:02711000	actor-article-format	0x14132e430	0x14132f63d	0x14006fa10
reference	PE:6a70a6d9:02711000	actor-article-format	0x14132e430	0x14132f685	0x14006fa10
reference	PE:6a70a6d9:02711000	actor-article-format	0x14132e430	0x14132f6c9	0x14006fa10
reference	PE:6a70a6d9:02711000	actor-article-format	0x14132e430	0x14132f6de	0x14006fa10
reference	PE:6a70a6d9:02711000	actor-article-format	0x14132e430	0x14132f710	0x14006fa10
reference	PE:6a70a6d9:02711000	actor-article-format	0x14132e430	0x14132f72b	0x140717d30
reference	PE:6a70a6d9:02711000	actor-article-format	0x14132e430	0x14132f75b	0x14153ae14
reference	PE:6a70a6d9:02711000	actor-article-format	0x14132e430	0x14132f776	0x14006fa10
reference	PE:6a70a6d9:02711000	actor-article-format	0x14132e430	0x14132f78d	0x14006fa10
reference	PE:6a70a6d9:02711000	actor-article-format	0x14132e430	0x14132f7cf	0x14006fa10
reference	PE:6a70a6d9:02711000	actor-article-format	0x14132e430	0x14132f7e1	0x14006fa10
reference	PE:6a70a6d9:02711000	actor-article-format	0x14132e430	0x14132f7fb	0x14006fa10
reference	PE:6a70a6d9:02711000	actor-article-format	0x14132e430	0x14132f84d	0x14006fa10
reference	PE:6a70a6d9:02711000	actor-article-format	0x14132e430	0x14132f86a	0x14006fa10
reference	PE:6a70a6d9:02711000	actor-article-format	0x14132e430	0x14132f8a6	0x14006fa10
reference	PE:6a70a6d9:02711000	actor-article-format	0x14132e430	0x14132f8ca	0x14006fa10
reference	PE:6a70a6d9:02711000	actor-article-format	0x14132e430	0x14132f8d9	0x14052d650
reference	PE:6a70a6d9:02711000	actor-article-format	0x14132e430	0x14132f911	QWORD PTR [rip+0x2b6211]        # 0x1415e5b28
reference	PE:6a70a6d9:02711000	actor-article-format	0x14132e430	0x14132f918	0x141539680
reference	PE:6a70a6d9:02711000	actor-article-format	0x14132e430	0x14132f939	0x14006f8d0
reference	PE:6a70a6d9:02711000	actor-article-format	0x14132e430	0x14132f945	0x14052d650
reference	PE:6a70a6d9:02711000	actor-article-format	0x14132e430	0x14132f951	0x141539660
reference	PE:6a70a6d9:02711000	actor-creature-role	0x14132f980	0x14132fa01	0x140b530b0
reference	PE:6a70a6d9:02711000	actor-creature-role	0x14132f980	0x14132fa42	0x140072570
reference	PE:6a70a6d9:02711000	actor-creature-role	0x14132f980	0x14132fb80	0x14132e0c0
reference	PE:6a70a6d9:02711000	actor-creature-role	0x14132f980	0x14132fbba	0x140b530b0
reference	PE:6a70a6d9:02711000	actor-creature-role	0x14132f980	0x14132fbdf	0x140beb620
reference	PE:6a70a6d9:02711000	actor-creature-role	0x14132f980	0x14132fcb3	0x14006f8d0
reference	PE:6a70a6d9:02711000	actor-creature-role	0x14132f980	0x14132fcce	0x1409bdfb0
reference	PE:6a70a6d9:02711000	actor-creature-role	0x14132f980	0x14132fcf0	0x140b530b0
reference	PE:6a70a6d9:02711000	actor-creature-role	0x14132f980	0x14132fd16	0x140b973c0
reference	PE:6a70a6d9:02711000	actor-creature-role	0x14132f980	0x14132fd47	0x14006fa10
reference	PE:6a70a6d9:02711000	actor-creature-role	0x14132f980	0x14132fd80	0x14153ae1a
reference	PE:6a70a6d9:02711000	actor-creature-role	0x14132f980	0x14132fdb8	0x1400707d0
reference	PE:6a70a6d9:02711000	actor-creature-role	0x14132f980	0x14132fe15	0x141539680
reference	PE:6a70a6d9:02711000	actor-creature-role	0x14132f980	0x14132fe3a	0x140b530b0
reference	PE:6a70a6d9:02711000	actor-creature-role	0x14132f980	0x14132fe52	0x140b973c0
reference	PE:6a70a6d9:02711000	actor-creature-role	0x14132f980	0x14132fe70	0x140b530b0
reference	PE:6a70a6d9:02711000	actor-creature-role	0x14132f980	0x14132fe8c	0x140b98d90
reference	PE:6a70a6d9:02711000	actor-creature-role	0x14132f980	0x14132febe	0x14006fa10
reference	PE:6a70a6d9:02711000	actor-creature-role	0x14132f980	0x14132ff23	0x1400707d0
reference	PE:6a70a6d9:02711000	actor-creature-role	0x14132f980	0x14132ff77	QWORD PTR [rip+0x2b5bab]        # 0x1415e5b28
reference	PE:6a70a6d9:02711000	actor-creature-role	0x14132f980	0x14132ff7e	0x141539680
reference	PE:6a70a6d9:02711000	actor-creature-role	0x14132f980	0x14132ffbc	0x14006f8d0
reference	PE:6a70a6d9:02711000	actor-creature-role	0x14132f980	0x14132ffea	0x141376500
reference	PE:6a70a6d9:02711000	actor-creature-role	0x14132f980	0x141330034	0x1400ba0a0
reference	PE:6a70a6d9:02711000	actor-creature-role	0x14132f980	0x141330098	0x14006fa10
reference	PE:6a70a6d9:02711000	actor-creature-role	0x14132f980	0x1413300ce	0x14006f8d0
reference	PE:6a70a6d9:02711000	actor-creature-role	0x14132f980	0x1413300e8	0x14006fa10
reference	PE:6a70a6d9:02711000	actor-creature-role	0x14132f980	0x141330122	0x14006fa10
reference	PE:6a70a6d9:02711000	actor-creature-role	0x14132f980	0x141330137	0x14006fa10
reference	PE:6a70a6d9:02711000	actor-creature-role	0x14132f980	0x141330151	0x14006fa10
reference	PE:6a70a6d9:02711000	actor-creature-role	0x14132f980	0x141330180	0x14006fa10
reference	PE:6a70a6d9:02711000	actor-creature-role	0x14132f980	0x14133019d	0x14006fa10
reference	PE:6a70a6d9:02711000	actor-creature-role	0x14132f980	0x1413301d2	0x14006fa10
reference	PE:6a70a6d9:02711000	actor-creature-role	0x14132f980	0x14133020a	QWORD PTR [rip+0x2b5918]        # 0x1415e5b28
reference	PE:6a70a6d9:02711000	actor-creature-role	0x14132f980	0x141330211	0x141539680
reference	PE:6a70a6d9:02711000	actor-creature-role	0x14132f980	0x141330232	0x14006f8d0
reference	PE:6a70a6d9:02711000	actor-creature-role	0x14132f980	0x14133023e	0x141539660
reference	PE:6a70a6d9:02711000	actor-profession	0x141331500	0x14133156b	0x140b530b0
reference	PE:6a70a6d9:02711000	actor-profession	0x141331500	0x1413315af	0x140072570
reference	PE:6a70a6d9:02711000	actor-profession	0x141331500	0x1413315c8	0x140c3a4f0
reference	PE:6a70a6d9:02711000	actor-profession	0x141331500	0x14133167e	0x14006f8d0
reference	PE:6a70a6d9:02711000	actor-profession	0x141331500	0x1413316d1	0x140b530b0
reference	PE:6a70a6d9:02711000	actor-profession	0x141331500	0x141331704	0x1400b9dc0
reference	PE:6a70a6d9:02711000	actor-profession	0x141331500	0x14133171b	0x1400b9f70
reference	PE:6a70a6d9:02711000	actor-profession	0x141331500	0x141331758	0x1400babe0
reference	PE:6a70a6d9:02711000	actor-profession	0x141331500	0x14133178f	0x1400b9b80
reference	PE:6a70a6d9:02711000	actor-profession	0x141331500	0x1413317b2	0x140a94030
reference	PE:6a70a6d9:02711000	actor-profession	0x141331500	0x1413317cc	0x14006fa10
reference	PE:6a70a6d9:02711000	actor-profession	0x141331500	0x141331810	QWORD PTR [rip+0x2b4312]        # 0x1415e5b28
reference	PE:6a70a6d9:02711000	actor-profession	0x141331500	0x14133181c	0x1400b9b80
reference	PE:6a70a6d9:02711000	actor-profession	0x141331500	0x14133183f	0x140a94030
reference	PE:6a70a6d9:02711000	actor-profession	0x141331500	0x141331859	0x14006fa10
reference	PE:6a70a6d9:02711000	actor-profession	0x141331500	0x141331863	0x14006f850
reference	PE:6a70a6d9:02711000	actor-profession	0x141331500	0x14133187d	0x14006f8d0
reference	PE:6a70a6d9:02711000	actor-profession	0x141331500	0x1413318da	0x140b530b0
reference	PE:6a70a6d9:02711000	actor-profession	0x141331500	0x14133190d	0x1400b9dc0
reference	PE:6a70a6d9:02711000	actor-profession	0x141331500	0x141331924	0x1400b9f70
reference	PE:6a70a6d9:02711000	actor-profession	0x141331500	0x141331961	0x1400babe0
reference	PE:6a70a6d9:02711000	actor-profession	0x141331500	0x141331998	0x1400b9b80
reference	PE:6a70a6d9:02711000	actor-profession	0x141331500	0x1413319bb	0x140a94030
reference	PE:6a70a6d9:02711000	actor-profession	0x141331500	0x1413319d5	0x14006fa10
reference	PE:6a70a6d9:02711000	actor-profession	0x141331500	0x141331a19	QWORD PTR [rip+0x2b4109]        # 0x1415e5b28
reference	PE:6a70a6d9:02711000	actor-profession	0x141331500	0x141331a25	0x1400b9b80
reference	PE:6a70a6d9:02711000	actor-profession	0x141331500	0x141331a48	0x140a94030
reference	PE:6a70a6d9:02711000	actor-profession	0x141331500	0x141331a62	0x14006fa10
reference	PE:6a70a6d9:02711000	actor-profession	0x141331500	0x141331a9e	QWORD PTR [rip+0x2b4084]        # 0x1415e5b28
reference	PE:6a70a6d9:02711000	actor-profession	0x141331500	0x141331aa5	0x141539680
reference	PE:6a70a6d9:02711000	actor-profession	0x141331500	0x141331b12	0x14006f8d0
reference	PE:6a70a6d9:02711000	actor-profession	0x141331500	0x141331b33	0x14006fa10
reference	PE:6a70a6d9:02711000	actor-profession	0x141331500	0x141331bef	0x14006f8d0
reference	PE:6a70a6d9:02711000	actor-profession	0x141331500	0x141331c17	0x14030cea0
reference	PE:6a70a6d9:02711000	actor-profession	0x141331500	0x141331cbe	0x14006f8d0
reference	PE:6a70a6d9:02711000	actor-profession	0x141331500	0x141331d19	0x14006f8d0
reference	PE:6a70a6d9:02711000	actor-profession	0x141331500	0x141331da1	0x14006f8d0
reference	PE:6a70a6d9:02711000	actor-profession	0x141331500	0x141331f32	0x14006f580
reference	PE:6a70a6d9:02711000	actor-profession	0x141331500	0x141331f47	0x14006f580
reference	PE:6a70a6d9:02711000	actor-profession	0x141331500	0x141331f5c	0x14006f580
reference	PE:6a70a6d9:02711000	actor-profession	0x141331500	0x141331f71	0x14006f580
reference	PE:6a70a6d9:02711000	actor-profession	0x141331500	0x141331f86	0x14006f580
reference	PE:6a70a6d9:02711000	actor-profession	0x141331500	0x141331f9b	0x14006f580
reference	PE:6a70a6d9:02711000	actor-profession	0x141331500	0x141331fb0	0x14006f580
reference	PE:6a70a6d9:02711000	actor-profession	0x141331500	0x141331fc5	0x14006f580
reference	PE:6a70a6d9:02711000	actor-profession	0x141331500	0x141331fda	0x14006f580
reference	PE:6a70a6d9:02711000	actor-profession	0x141331500	0x141331fef	0x14006f580
reference	PE:6a70a6d9:02711000	actor-profession	0x141331500	0x141332004	0x14006f580
reference	PE:6a70a6d9:02711000	actor-profession	0x141331500	0x141332019	0x14006f580
reference	PE:6a70a6d9:02711000	actor-profession	0x141331500	0x14133202e	0x14006f580
reference	PE:6a70a6d9:02711000	actor-profession	0x141331500	0x141332093	0x14006f580
reference	PE:6a70a6d9:02711000	actor-profession	0x141331500	0x1413320a8	0x14006f580
reference	PE:6a70a6d9:02711000	actor-profession	0x141331500	0x1413320bd	0x14006f580
reference	PE:6a70a6d9:02711000	actor-profession	0x141331500	0x1413320d2	0x14006f580
reference	PE:6a70a6d9:02711000	actor-profession	0x141331500	0x1413320e7	0x14006f580
reference	PE:6a70a6d9:02711000	actor-profession	0x141331500	0x1413320fc	0x14006f580
reference	PE:6a70a6d9:02711000	actor-profession	0x141331500	0x141332111	0x14006f580
reference	PE:6a70a6d9:02711000	actor-profession	0x141331500	0x141332126	0x14006f580
reference	PE:6a70a6d9:02711000	actor-profession	0x141331500	0x14133213b	0x14006f580
reference	PE:6a70a6d9:02711000	actor-profession	0x141331500	0x141332150	0x14006f580
reference	PE:6a70a6d9:02711000	actor-profession	0x141331500	0x141332165	0x14006f580
reference	PE:6a70a6d9:02711000	actor-profession	0x141331500	0x14133217a	0x14006f580
reference	PE:6a70a6d9:02711000	actor-profession	0x141331500	0x14133218f	0x14006f580
reference	PE:6a70a6d9:02711000	actor-profession	0x141331500	0x1413321a4	0x14006f580
reference	PE:6a70a6d9:02711000	actor-profession	0x141331500	0x1413321b9	0x14006f580
reference	PE:6a70a6d9:02711000	actor-profession	0x141331500	0x1413321ce	0x14006f580
reference	PE:6a70a6d9:02711000	actor-profession	0x141331500	0x1413321e3	0x14006f560
reference	PE:6a70a6d9:02711000	actor-profession	0x141331500	0x1413321f8	0x14006f580
reference	PE:6a70a6d9:02711000	actor-profession	0x141331500	0x14133220d	0x14006f580
reference	PE:6a70a6d9:02711000	actor-profession	0x141331500	0x141332222	0x14006f580
reference	PE:6a70a6d9:02711000	actor-profession	0x141331500	0x141332237	0x14006f580
reference	PE:6a70a6d9:02711000	actor-profession	0x141331500	0x14133224c	0x14006f580
reference	PE:6a70a6d9:02711000	actor-profession	0x141331500	0x141332261	0x14006f580
reference	PE:6a70a6d9:02711000	actor-profession	0x141331500	0x141332276	0x14006f580
reference	PE:6a70a6d9:02711000	actor-profession	0x141331500	0x14133228b	0x14006f580
reference	PE:6a70a6d9:02711000	actor-profession	0x141331500	0x1413322a0	0x14006f580
reference	PE:6a70a6d9:02711000	actor-profession	0x141331500	0x1413322b5	0x14006f580
reference	PE:6a70a6d9:02711000	actor-profession	0x141331500	0x1413322ca	0x14006f580
reference	PE:6a70a6d9:02711000	actor-profession	0x141331500	0x1413322df	0x14006f580
reference	PE:6a70a6d9:02711000	actor-profession	0x141331500	0x1413322f4	0x14006f580
reference	PE:6a70a6d9:02711000	actor-profession	0x141331500	0x141332309	0x14006f580
reference	PE:6a70a6d9:02711000	actor-profession	0x141331500	0x14133231e	0x14006f580
reference	PE:6a70a6d9:02711000	actor-profession	0x141331500	0x141332333	0x14006f580
reference	PE:6a70a6d9:02711000	actor-profession	0x141331500	0x141332348	0x14006f580
reference	PE:6a70a6d9:02711000	actor-profession	0x141331500	0x14133235d	0x14006f580
reference	PE:6a70a6d9:02711000	actor-profession	0x141331500	0x141332372	0x14006f580
reference	PE:6a70a6d9:02711000	actor-profession	0x141331500	0x141332387	0x14006f580
reference	PE:6a70a6d9:02711000	actor-profession	0x141331500	0x14133239c	0x14006f580
reference	PE:6a70a6d9:02711000	actor-profession	0x141331500	0x1413323b1	0x14006f580
reference	PE:6a70a6d9:02711000	actor-profession	0x141331500	0x1413323c6	0x14006f580
reference	PE:6a70a6d9:02711000	actor-profession	0x141331500	0x1413323db	0x14006f580
reference	PE:6a70a6d9:02711000	actor-profession	0x141331500	0x1413323f0	0x14006f580
reference	PE:6a70a6d9:02711000	actor-profession	0x141331500	0x141332405	0x14006f580
reference	PE:6a70a6d9:02711000	actor-profession	0x141331500	0x14133241a	0x14006f580
reference	PE:6a70a6d9:02711000	actor-profession	0x141331500	0x14133242f	0x14006f580
reference	PE:6a70a6d9:02711000	actor-profession	0x141331500	0x141332444	0x14006f580
reference	PE:6a70a6d9:02711000	actor-profession	0x141331500	0x141332459	0x14006f580
reference	PE:6a70a6d9:02711000	actor-profession	0x141331500	0x14133246e	0x14006f580
reference	PE:6a70a6d9:02711000	actor-profession	0x141331500	0x141332483	0x14006f580
reference	PE:6a70a6d9:02711000	actor-profession	0x141331500	0x141332498	0x14006f580
reference	PE:6a70a6d9:02711000	actor-profession	0x141331500	0x1413324ad	0x14006f580
reference	PE:6a70a6d9:02711000	actor-profession	0x141331500	0x1413324c2	0x14006f580
reference	PE:6a70a6d9:02711000	actor-profession	0x141331500	0x1413324d7	0x14006f580
reference	PE:6a70a6d9:02711000	actor-profession	0x141331500	0x1413324ec	0x14006f580
reference	PE:6a70a6d9:02711000	actor-profession	0x141331500	0x141332501	0x14006f580
reference	PE:6a70a6d9:02711000	actor-profession	0x141331500	0x141332516	0x14006f580
reference	PE:6a70a6d9:02711000	actor-profession	0x141331500	0x14133252b	0x14006f580
reference	PE:6a70a6d9:02711000	actor-profession	0x141331500	0x141332540	0x14006f580
reference	PE:6a70a6d9:02711000	actor-profession	0x141331500	0x141332555	0x14006f580
reference	PE:6a70a6d9:02711000	actor-profession	0x141331500	0x14133256a	0x14006f580
reference	PE:6a70a6d9:02711000	actor-profession	0x141331500	0x14133257f	0x14006f580
reference	PE:6a70a6d9:02711000	actor-profession	0x141331500	0x141332594	0x14006f580
reference	PE:6a70a6d9:02711000	actor-profession	0x141331500	0x1413325a9	0x14006f580
reference	PE:6a70a6d9:02711000	actor-profession	0x141331500	0x1413325be	0x14006f580
reference	PE:6a70a6d9:02711000	actor-profession	0x141331500	0x1413325d3	0x14006f580
reference	PE:6a70a6d9:02711000	actor-profession	0x141331500	0x1413325e8	0x14006f580
reference	PE:6a70a6d9:02711000	actor-profession	0x141331500	0x1413325fd	0x14006f580
reference	PE:6a70a6d9:02711000	actor-profession	0x141331500	0x141332612	0x14006f580
reference	PE:6a70a6d9:02711000	actor-profession	0x141331500	0x141332627	0x14006f580
reference	PE:6a70a6d9:02711000	actor-profession	0x141331500	0x14133263c	0x14006f580
reference	PE:6a70a6d9:02711000	actor-profession	0x141331500	0x141332651	0x14006f580
reference	PE:6a70a6d9:02711000	actor-profession	0x141331500	0x141332666	0x14006f580
reference	PE:6a70a6d9:02711000	actor-profession	0x141331500	0x14133267b	0x14006f580
reference	PE:6a70a6d9:02711000	actor-profession	0x141331500	0x141332690	0x14006f580
reference	PE:6a70a6d9:02711000	actor-profession	0x141331500	0x1413326a5	0x14006f580
reference	PE:6a70a6d9:02711000	actor-profession	0x141331500	0x1413326ba	0x14006f580
reference	PE:6a70a6d9:02711000	actor-profession	0x141331500	0x1413326cf	0x14006f580
reference	PE:6a70a6d9:02711000	actor-profession	0x141331500	0x1413326e4	0x14006f580
reference	PE:6a70a6d9:02711000	actor-profession	0x141331500	0x1413326f9	0x14006f580
reference	PE:6a70a6d9:02711000	actor-profession	0x141331500	0x14133270e	0x14006f580
reference	PE:6a70a6d9:02711000	actor-profession	0x141331500	0x141332723	0x14006f580
reference	PE:6a70a6d9:02711000	actor-profession	0x141331500	0x141332738	0x14006f580
reference	PE:6a70a6d9:02711000	actor-profession	0x141331500	0x14133274d	0x14006f580
reference	PE:6a70a6d9:02711000	actor-profession	0x141331500	0x141332762	0x14006f580
reference	PE:6a70a6d9:02711000	actor-profession	0x141331500	0x141332777	0x14006f580
reference	PE:6a70a6d9:02711000	actor-profession	0x141331500	0x14133278c	0x14006f580
reference	PE:6a70a6d9:02711000	actor-profession	0x141331500	0x1413327a1	0x14006f580
reference	PE:6a70a6d9:02711000	actor-profession	0x141331500	0x1413327b6	0x14006f580
reference	PE:6a70a6d9:02711000	actor-profession	0x141331500	0x1413327cb	0x14006f580
reference	PE:6a70a6d9:02711000	actor-profession	0x141331500	0x1413327e0	0x14006f580
reference	PE:6a70a6d9:02711000	actor-profession	0x141331500	0x1413327f5	0x14006f580
reference	PE:6a70a6d9:02711000	actor-profession	0x141331500	0x14133280a	0x14006f580
reference	PE:6a70a6d9:02711000	actor-profession	0x141331500	0x14133281f	0x14006f580
reference	PE:6a70a6d9:02711000	actor-profession	0x141331500	0x141332834	0x14006f580
reference	PE:6a70a6d9:02711000	actor-profession	0x141331500	0x141332849	0x14006f580
reference	PE:6a70a6d9:02711000	actor-profession	0x141331500	0x14133285e	0x14006f580
reference	PE:6a70a6d9:02711000	actor-profession	0x141331500	0x141332873	0x14006f580
reference	PE:6a70a6d9:02711000	actor-profession	0x141331500	0x141332888	0x14006f580
reference	PE:6a70a6d9:02711000	actor-profession	0x141331500	0x14133289d	0x14006f580
reference	PE:6a70a6d9:02711000	actor-profession	0x141331500	0x1413328b2	0x14006f580
reference	PE:6a70a6d9:02711000	actor-profession	0x141331500	0x1413328c7	0x14006f580
reference	PE:6a70a6d9:02711000	actor-profession	0x141331500	0x1413328dc	0x14006f580
reference	PE:6a70a6d9:02711000	actor-profession	0x141331500	0x1413328f1	0x14006f580
reference	PE:6a70a6d9:02711000	actor-profession	0x141331500	0x141332906	0x14006f580
reference	PE:6a70a6d9:02711000	actor-profession	0x141331500	0x14133291b	0x14006f580
reference	PE:6a70a6d9:02711000	actor-profession	0x141331500	0x141332930	0x14006f580
reference	PE:6a70a6d9:02711000	actor-profession	0x141331500	0x141332945	0x14006f580
reference	PE:6a70a6d9:02711000	actor-profession	0x141331500	0x14133295a	0x14006f580
reference	PE:6a70a6d9:02711000	actor-profession	0x141331500	0x14133296f	0x14006f580
reference	PE:6a70a6d9:02711000	actor-profession	0x141331500	0x141332984	0x14006f580
reference	PE:6a70a6d9:02711000	actor-profession	0x141331500	0x1413329a4	0x1406bda70
reference	PE:6a70a6d9:02711000	actor-profession	0x141331500	0x1413329c4	0x140256880
reference	PE:6a70a6d9:02711000	actor-profession	0x141331500	0x1413329dd	0x14131f6c0
reference	PE:6a70a6d9:02711000	actor-profession	0x141331500	0x141332a03	0x140144ea0
reference	PE:6a70a6d9:02711000	actor-profession	0x141331500	0x141332a22	0x14006f580
reference	PE:6a70a6d9:02711000	actor-profession	0x141331500	0x141332a42	0x1406bda70
reference	PE:6a70a6d9:02711000	actor-profession	0x141331500	0x141332a5a	0x14131f6c0
reference	PE:6a70a6d9:02711000	actor-profession	0x141331500	0x141332a73	0x1406bda70
reference	PE:6a70a6d9:02711000	actor-profession	0x141331500	0x141332a8b	0x14006f580
reference	PE:6a70a6d9:02711000	actor-profession	0x141331500	0x141332ae0	0x140b530b0
reference	PE:6a70a6d9:02711000	actor-profession	0x141331500	0x141332b08	0x140beb620
reference	PE:6a70a6d9:02711000	actor-profession	0x141331500	0x141332b2e	0x140b530b0
reference	PE:6a70a6d9:02711000	actor-profession	0x141331500	0x141332bf2	0x14006f8d0
reference	PE:6a70a6d9:02711000	actor-profession	0x141331500	0x141332c0d	0x1409bdfb0
reference	PE:6a70a6d9:02711000	actor-profession	0x141331500	0x141332c27	0x140b530b0
reference	PE:6a70a6d9:02711000	actor-profession	0x141331500	0x141332c4d	0x140b973c0
reference	PE:6a70a6d9:02711000	actor-profession	0x141331500	0x141332c81	0x14006fa10
reference	PE:6a70a6d9:02711000	actor-profession	0x141331500	0x141332cba	0x14153ae1a
reference	PE:6a70a6d9:02711000	actor-profession	0x141331500	0x141332cf2	0x1400707d0
reference	PE:6a70a6d9:02711000	actor-profession	0x141331500	0x141332d4f	0x141539680
reference	PE:6a70a6d9:02711000	actor-profession	0x141331500	0x141332d72	0x140b530b0
reference	PE:6a70a6d9:02711000	actor-profession	0x141331500	0x141332d8a	0x140b973c0
reference	PE:6a70a6d9:02711000	actor-profession	0x141331500	0x141332da9	0x140b530b0
reference	PE:6a70a6d9:02711000	actor-profession	0x141331500	0x141332dc5	0x140b98d90
reference	PE:6a70a6d9:02711000	actor-profession	0x141331500	0x141332df4	0x14006fa10
reference	PE:6a70a6d9:02711000	actor-profession	0x141331500	0x141332e58	0x1400707d0
reference	PE:6a70a6d9:02711000	actor-profession	0x141331500	0x141332eac	QWORD PTR [rip+0x2b2c76]        # 0x1415e5b28
reference	PE:6a70a6d9:02711000	actor-profession	0x141331500	0x141332eb3	0x141539680
reference	PE:6a70a6d9:02711000	actor-profession	0x141331500	0x141332efe	0x14006f8d0
reference	PE:6a70a6d9:02711000	actor-profession	0x141331500	0x141332f1d	0x14006fa10
reference	PE:6a70a6d9:02711000	actor-profession	0x141331500	0x141332f2f	0x14006fa10
reference	PE:6a70a6d9:02711000	actor-profession	0x141331500	0x141332f6d	0x1400b9b80
reference	PE:6a70a6d9:02711000	actor-profession	0x141331500	0x141332fa6	0x14006fa10
reference	PE:6a70a6d9:02711000	actor-profession	0x141331500	0x141332fe1	0x14006fa10
reference	PE:6a70a6d9:02711000	actor-profession	0x141331500	0x141332ff3	0x14006fa10
reference	PE:6a70a6d9:02711000	actor-profession	0x141331500	0x141333016	0x14006fa10
reference	PE:6a70a6d9:02711000	actor-profession	0x141331500	0x1413330cd	0x14006f8d0
reference	PE:6a70a6d9:02711000	actor-profession	0x141331500	0x141333121	0x14006f8d0
reference	PE:6a70a6d9:02711000	actor-profession	0x141331500	0x14133312a	0x14052d3c0
reference	PE:6a70a6d9:02711000	actor-profession	0x141331500	0x141333144	0x14006fa10
reference	PE:6a70a6d9:02711000	actor-profession	0x141331500	0x141333155	0x1400b9b80
reference	PE:6a70a6d9:02711000	actor-profession	0x141331500	0x14133315f	0x14006f850
reference	PE:6a70a6d9:02711000	actor-profession	0x141331500	0x141333184	0x1400b9b80
reference	PE:6a70a6d9:02711000	actor-profession	0x141331500	0x1413331a1	0x14006fa10
reference	PE:6a70a6d9:02711000	actor-profession	0x141331500	0x1413331b2	0x1400b9b80
reference	PE:6a70a6d9:02711000	actor-profession	0x141331500	0x1413331cc	0x14006fa10
reference	PE:6a70a6d9:02711000	actor-profession	0x141331500	0x141333204	QWORD PTR [rip+0x2b291e]        # 0x1415e5b28
reference	PE:6a70a6d9:02711000	actor-profession	0x141331500	0x14133320b	0x141539680
reference	PE:6a70a6d9:02711000	actor-profession	0x141331500	0x141333252	QWORD PTR [rip+0x2b28d0]        # 0x1415e5b28
reference	PE:6a70a6d9:02711000	actor-profession	0x141331500	0x141333259	0x141539680
reference	PE:6a70a6d9:02711000	actor-profession	0x141331500	0x1413332bb	0x140b530b0
reference	PE:6a70a6d9:02711000	actor-profession	0x141331500	0x1413332ef	0x1400b9dc0
reference	PE:6a70a6d9:02711000	actor-profession	0x141331500	0x141333318	0x1400babe0
reference	PE:6a70a6d9:02711000	actor-profession	0x141331500	0x14133336e	0x1400babe0
reference	PE:6a70a6d9:02711000	actor-profession	0x141331500	0x1413333a5	0x1400b9b80
reference	PE:6a70a6d9:02711000	actor-profession	0x141331500	0x1413333c8	0x140a94030
reference	PE:6a70a6d9:02711000	actor-profession	0x141331500	0x1413333e2	0x14006fa10
reference	PE:6a70a6d9:02711000	actor-profession	0x141331500	0x14133341e	QWORD PTR [rip+0x2b2704]        # 0x1415e5b28
reference	PE:6a70a6d9:02711000	actor-profession	0x141331500	0x141333425	0x141539680
reference	PE:6a70a6d9:02711000	actor-profession	0x141331500	0x141333431	0x1400b9b80
reference	PE:6a70a6d9:02711000	actor-profession	0x141331500	0x141333454	0x140a94030
reference	PE:6a70a6d9:02711000	actor-profession	0x141331500	0x14133346e	0x14006fa10
reference	PE:6a70a6d9:02711000	actor-profession	0x141331500	0x141333478	0x14006f850
reference	PE:6a70a6d9:02711000	actor-profession	0x141331500	0x141333497	0x14006fa10
reference	PE:6a70a6d9:02711000	actor-profession	0x141331500	0x1413334a1	0x14006f850
reference	PE:6a70a6d9:02711000	actor-profession	0x141331500	0x1413334db	0x14006f8d0
reference	PE:6a70a6d9:02711000	actor-profession	0x141331500	0x1413334e7	0x141539660
reference	PE:6a70a6d9:02711000	growth-name-getter	0x1413e5a90	0x1413e5ab1	0x140b530b0
reference	PE:6a70a6d9:02711000	growth-name-getter	0x1413e5a90	0x1413e5ae2	0x140072570
reference	PE:6a70a6d9:02711000	language-name-format	0x140a94030	0x140a940ac	0x1400b9b80
reference	PE:6a70a6d9:02711000	language-name-format	0x140a94030	0x140a940c9	0x14006fa10
reference	PE:6a70a6d9:02711000	language-name-format	0x140a94030	0x140a940d3	0x1400b9b80
reference	PE:6a70a6d9:02711000	language-name-format	0x140a94030	0x140a940e4	0x14006f5d0
reference	PE:6a70a6d9:02711000	language-name-format	0x140a94030	0x140a940ee	0x14052d3c0
reference	PE:6a70a6d9:02711000	language-name-format	0x140a94030	0x140a94108	0x14006fa10
reference	PE:6a70a6d9:02711000	language-name-format	0x140a94030	0x140a94115	0x14006f850
reference	PE:6a70a6d9:02711000	language-name-format	0x140a94030	0x140a94147	0x14006fa10
reference	PE:6a70a6d9:02711000	language-name-format	0x140a94030	0x140a94151	0x1400b9b80
reference	PE:6a70a6d9:02711000	language-name-format	0x140a94030	0x140a9416a	0x14006fa10
reference	PE:6a70a6d9:02711000	language-name-format	0x140a94030	0x140a94174	0x1400b9b80
reference	PE:6a70a6d9:02711000	language-name-format	0x140a94030	0x140a94225	0x14006fa10
reference	PE:6a70a6d9:02711000	language-name-format	0x140a94030	0x140a9429c	0x14006fa10
reference	PE:6a70a6d9:02711000	language-name-format	0x140a94030	0x140a942bd	0x14006fa10
reference	PE:6a70a6d9:02711000	language-name-format	0x140a94030	0x140a942c6	0x14052d3c0
reference	PE:6a70a6d9:02711000	language-name-format	0x140a94030	0x140a942e0	0x14006fa10
reference	PE:6a70a6d9:02711000	language-name-format	0x140a94030	0x140a942ec	0x14006f850
reference	PE:6a70a6d9:02711000	language-name-format	0x140a94030	0x140a9438c	0x14006fa10
reference	PE:6a70a6d9:02711000	language-name-format	0x140a94030	0x140a94403	0x14006fa10
reference	PE:6a70a6d9:02711000	language-name-format	0x140a94030	0x140a9447a	0x14006fa10
reference	PE:6a70a6d9:02711000	language-name-format	0x140a94030	0x140a944f1	0x14006fa10
reference	PE:6a70a6d9:02711000	language-name-format	0x140a94030	0x140a94519	0x14006fa10
reference	PE:6a70a6d9:02711000	language-name-format	0x140a94030	0x140a94522	0x14052d3c0
reference	PE:6a70a6d9:02711000	language-name-format	0x140a94030	0x140a9453c	0x14006fa10
reference	PE:6a70a6d9:02711000	language-name-format	0x140a94030	0x140a9457e	QWORD PTR [rip+0xb515a4]        # 0x1415e5b28
reference	PE:6a70a6d9:02711000	language-name-format	0x140a94030	0x140a94585	0x141539680
reference	PE:6a70a6d9:02711000	language-name-format	0x140a94030	0x140a94624	0x14006fa10
reference	PE:6a70a6d9:02711000	language-name-format	0x140a94030	0x140a94645	0x14006fa10
reference	PE:6a70a6d9:02711000	language-name-format	0x140a94030	0x140a9464e	0x14052d3c0
reference	PE:6a70a6d9:02711000	language-name-format	0x140a94030	0x140a94668	0x14006fa10
reference	PE:6a70a6d9:02711000	language-name-format	0x140a94030	0x140a946a0	QWORD PTR [rip+0xb51482]        # 0x1415e5b28
reference	PE:6a70a6d9:02711000	language-name-format	0x140a94030	0x140a946a7	0x141539680
reference	PE:6a70a6d9:02711000	language-name-format	0x140a94030	0x140a946b3	0x141539660
reference	PE:6a70a6d9:02711000	possessive-pronoun	0x140aa4850	0x140aa488c	0x14006f8d0
reference	PE:6a70a6d9:02711000	birth-offspring-description	0x1406dd860	0x1406dd8d6	0x14006fa10
reference	PE:6a70a6d9:02711000	birth-offspring-description	0x1406dd860	0x1406dd9f4	0x14006f8d0
reference	PE:6a70a6d9:02711000	birth-offspring-description	0x1406dd860	0x1406dda13	0x14006fa10
reference	PE:6a70a6d9:02711000	birth-offspring-description	0x1406dd860	0x1406dda69	QWORD PTR [rip+0xf080b9]        # 0x1415e5b28
reference	PE:6a70a6d9:02711000	birth-offspring-description	0x1406dd860	0x1406dda70	0x141539680
reference	PE:6a70a6d9:02711000	birth-offspring-description	0x1406dd860	0x1406ddb66	0x14006f8d0
reference	PE:6a70a6d9:02711000	birth-offspring-description	0x1406dd860	0x1406ddb9f	0x14006fa10
reference	PE:6a70a6d9:02711000	birth-offspring-description	0x1406dd860	0x1406ddc26	0x14006f8d0
reference	PE:6a70a6d9:02711000	birth-offspring-description	0x1406dd860	0x1406ddc45	0x14006fa10
reference	PE:6a70a6d9:02711000	birth-offspring-description	0x1406dd860	0x1406ddc64	0x14006f850
reference	PE:6a70a6d9:02711000	birth-offspring-description	0x1406dd860	0x1406ddce0	0x14006f8d0
reference	PE:6a70a6d9:02711000	birth-offspring-description	0x1406dd860	0x1406ddeab	0x14006fa10
reference	PE:6a70a6d9:02711000	birth-offspring-description	0x1406dd860	0x1406ddeb7	0x141539660
reference	PE:6a70a6d9:02711000	state-helper-a88610	0x140a88610	0x140a886ca	0x141367500
reference	PE:6a70a6d9:02711000	state-helper-a88610	0x140a88610	0x140a886d2	0x141366ac0
reference	PE:6a70a6d9:02711000	state-helper-a88610	0x140a88610	0x140a886da	0x14134f200
reference	PE:6a70a6d9:02711000	state-helper-a88610	0x140a88610	0x140a88724	0x140073b70
reference	PE:6a70a6d9:02711000	state-helper-a88610	0x140a88610	0x140a8876f	0x141389be0
reference	PE:6a70a6d9:02711000	state-helper-a88610	0x140a88610	0x140a88786	0x141389be0
reference	PE:6a70a6d9:02711000	state-helper-a88610	0x140a88610	0x140a88837	0x1413b86f0
reference	PE:6a70a6d9:02711000	state-helper-a88610	0x140a88610	0x140a8883e	0x14135eb40
reference	PE:6a70a6d9:02711000	state-helper-a88610	0x140a88610	0x140a88853	0x141325080
reference	PE:6a70a6d9:02711000	state-helper-a88610	0x140a88610	0x140a8888d	0x14057c1f0
reference	PE:6a70a6d9:02711000	state-helper-a88610	0x140a88610	0x140a888a2	0x140aa40f0
reference	PE:6a70a6d9:02711000	state-helper-a88610	0x140a88610	0x140a888b1	0x140a68310
reference	PE:6a70a6d9:02711000	state-helper-a88610	0x140a88610	0x140a888c0	0x140a68380
reference	PE:6a70a6d9:02711000	state-helper-a88610	0x140a88610	0x140a888ef	0x14057c810
reference	PE:6a70a6d9:02711000	state-helper-a88610	0x140a88610	0x140a88905	QWORD PTR [rax+0x1e8]
reference	PE:6a70a6d9:02711000	state-helper-a88610	0x140a88610	0x140a88974	0x140d09860
reference	PE:6a70a6d9:02711000	state-helper-a88610	0x140a88610	0x140a889e2	QWORD PTR [rax+0xf0]
reference	PE:6a70a6d9:02711000	state-helper-a88610	0x140a88610	0x140a889f9	0x140557a60
reference	PE:6a70a6d9:02711000	state-helper-a88610	0x140a88610	0x140a88a0c	QWORD PTR [rax+0x1c8]
reference	PE:6a70a6d9:02711000	state-helper-a88610	0x140a88610	0x140a88a1c	0x14134f250
reference	PE:6a70a6d9:02711000	state-helper-a88610	0x140a88610	0x140a88a3d	0x140557a60
reference	PE:6a70a6d9:02711000	state-helper-a88610	0x140a88610	0x140a88a97	QWORD PTR [rax+0xd8]
reference	PE:6a70a6d9:02711000	state-helper-a88610	0x140a88610	0x140a88ada	0x14134f250
reference	PE:6a70a6d9:02711000	state-helper-a88610	0x140a88610	0x140a88b1c	0x140d09860
reference	PE:6a70a6d9:02711000	state-helper-a88610	0x140a88610	0x140a88b37	0x140d032a0
reference	PE:6a70a6d9:02711000	state-helper-a88610	0x140a88610	0x140a88b4e	0x140d09860
reference	PE:6a70a6d9:02711000	state-helper-a88610	0x140a88610	0x140a88b69	0x140d032a0
reference	PE:6a70a6d9:02711000	state-helper-a88610	0x140a88610	0x140a88b80	0x140d09860
reference	PE:6a70a6d9:02711000	state-helper-a88610	0x140a88610	0x140a88b9b	0x140d032a0
reference	PE:6a70a6d9:02711000	state-helper-a88610	0x140a88610	0x140a88bb2	0x140d09860
reference	PE:6a70a6d9:02711000	state-helper-a88610	0x140a88610	0x140a88bcd	0x140d032a0
reference	PE:6a70a6d9:02711000	state-helper-a88610	0x140a88610	0x140a88be4	0x140d09860
reference	PE:6a70a6d9:02711000	state-helper-a88610	0x140a88610	0x140a88bff	0x140d032a0
reference	PE:6a70a6d9:02711000	state-helper-a88610	0x140a88610	0x140a88c16	0x140d09860
reference	PE:6a70a6d9:02711000	state-helper-a88610	0x140a88610	0x140a88c31	0x140d032a0
reference	PE:6a70a6d9:02711000	state-helper-a88610	0x140a88610	0x140a88c48	0x140d09860
reference	PE:6a70a6d9:02711000	state-helper-a88610	0x140a88610	0x140a88c63	0x140d032a0
reference	PE:6a70a6d9:02711000	state-helper-a88610	0x140a88610	0x140a88c7a	0x140d09860
reference	PE:6a70a6d9:02711000	state-helper-a88610	0x140a88610	0x140a88c95	0x140d032a0
reference	PE:6a70a6d9:02711000	state-helper-a88610	0x140a88610	0x140a88cac	0x140d09860
reference	PE:6a70a6d9:02711000	state-helper-a88610	0x140a88610	0x140a88cc7	0x140d032a0
reference	PE:6a70a6d9:02711000	state-helper-a88610	0x140a88610	0x140a88cde	0x140d09860
reference	PE:6a70a6d9:02711000	state-helper-a88610	0x140a88610	0x140a88cf9	0x140d032a0
reference	PE:6a70a6d9:02711000	state-helper-a88610	0x140a88610	0x140a88d10	0x140d09860
reference	PE:6a70a6d9:02711000	state-helper-a88610	0x140a88610	0x140a88d2b	0x140d032a0
reference	PE:6a70a6d9:02711000	state-helper-a88610	0x140a88610	0x140a88d42	0x140d09860
reference	PE:6a70a6d9:02711000	state-helper-a88610	0x140a88610	0x140a88d5d	0x140d032a0
reference	PE:6a70a6d9:02711000	state-helper-a88610	0x140a88610	0x140a88da5	0x140aca6e0
reference	PE:6a70a6d9:02711000	state-helper-a88610	0x140a88610	0x140a88e7e	0x1400726e0
reference	PE:6a70a6d9:02711000	state-helper-a88610	0x140a88610	0x140a88e9a	0x140cb1420
reference	PE:6a70a6d9:02711000	state-helper-a88610	0x140a88610	0x140a88eac	0x140c8a390
reference	PE:6a70a6d9:02711000	state-helper-a88610	0x140a88610	0x140a88eb7	0x1400b9a90
reference	PE:6a70a6d9:02711000	state-helper-a88610	0x140a88610	0x140a88eee	0x1400726e0
reference	PE:6a70a6d9:02711000	state-helper-a88610	0x140a88610	0x140a88f10	0x140cb1420
reference	PE:6a70a6d9:02711000	state-helper-a88610	0x140a88610	0x140a88f22	0x1400b9a90
reference	PE:6a70a6d9:02711000	state-helper-a88610	0x140a88610	0x140a88f72	0x1400726e0
reference	PE:6a70a6d9:02711000	state-helper-a88610	0x140a88610	0x140a88f8c	0x140cb1420
reference	PE:6a70a6d9:02711000	state-helper-a88610	0x140a88610	0x140a88f9f	0x14006f290
reference	PE:6a70a6d9:02711000	state-helper-a88610	0x140a88610	0x140a8905b	0x1400b9a90
reference	PE:6a70a6d9:02711000	state-helper-a88610	0x140a88610	0x140a890ac	0x140e53830
reference	PE:6a70a6d9:02711000	state-helper-a88610	0x140a88610	0x140a890df	0x1413803c0
reference	PE:6a70a6d9:02711000	state-helper-a88610	0x140a88610	0x140a8911b	0x140e61250
reference	PE:6a70a6d9:02711000	state-helper-a88610	0x140a88610	0x140a89138	0x140c8c9d0
reference	PE:6a70a6d9:02711000	state-helper-a88610	0x140a88610	0x140a89186	0x140557a60
reference	PE:6a70a6d9:02711000	state-helper-a88610	0x140a88610	0x140a892df	0x140cb1420
reference	PE:6a70a6d9:02711000	state-helper-a88610	0x140a88610	0x140a89356	QWORD PTR [rax]
reference	PE:6a70a6d9:02711000	state-helper-a88610	0x140a88610	0x140a8937f	QWORD PTR [rax+0x40]
reference	PE:6a70a6d9:02711000	state-helper-a88610	0x140a88610	0x140a89390	0x141378380
reference	PE:6a70a6d9:02711000	state-helper-a88610	0x140a88610	0x140a893a8	0x14138e6f0
reference	PE:6a70a6d9:02711000	state-helper-a88610	0x140a88610	0x140a893f0	0x1400ba0a0
reference	PE:6a70a6d9:02711000	state-helper-a88610	0x140a88610	0x140a8945f	QWORD PTR [rax+0x10]
reference	PE:6a70a6d9:02711000	state-helper-a88610	0x140a88610	0x140a89473	QWORD PTR [rax+0x48]
reference	PE:6a70a6d9:02711000	state-helper-a88610	0x140a88610	0x140a89555	0x1413eff80
reference	PE:6a70a6d9:02711000	state-helper-a88610	0x140a88610	0x140a8955f	0x141366ac0
reference	PE:6a70a6d9:02711000	state-helper-a88610	0x140a88610	0x140a8956b	0x141349f20
reference	PE:6a70a6d9:02711000	state-helper-a88610	0x140a88610	0x140a8967a	0x1400ba0a0
reference	PE:6a70a6d9:02711000	state-helper-a88610	0x140a88610	0x140a8969e	0x140a6aa80
reference	PE:6a70a6d9:02711000	state-helper-a88610	0x140a88610	0x140a896df	QWORD PTR [rax+0x128]
reference	PE:6a70a6d9:02711000	state-helper-a88610	0x140a88610	0x140a89780	0x1413f51f0
reference	PE:6a70a6d9:02711000	state-helper-a88610	0x140a88610	0x140a89793	0x14013cc50
reference	PE:6a70a6d9:02711000	state-helper-a88610	0x140a88610	0x140a897a6	QWORD PTR [rdx]
reference	PE:6a70a6d9:02711000	state-helper-a88610	0x140a88610	0x140a897cf	0x140070e20
reference	PE:6a70a6d9:02711000	state-helper-a88610	0x140a88610	0x140a897db	0x1400b9e70
reference	PE:6a70a6d9:02711000	state-helper-a88610	0x140a88610	0x140a89818	0x140b530b0
reference	PE:6a70a6d9:02711000	state-helper-a88610	0x140a88610	0x140a8983c	0x140b963d0
reference	PE:6a70a6d9:02711000	state-helper-a88610	0x140a88610	0x140a89854	0x140b963d0
reference	PE:6a70a6d9:02711000	state-helper-a88610	0x140a88610	0x140a8988f	QWORD PTR [rax]
reference	PE:6a70a6d9:02711000	state-helper-a88610	0x140a88610	0x140a89899	0x140b98640
reference	PE:6a70a6d9:02711000	state-helper-a88610	0x140a88610	0x140a898d1	0x140bbb0d0
reference	PE:6a70a6d9:02711000	state-helper-a88610	0x140a88610	0x140a89915	0x140bb37d0
reference	PE:6a70a6d9:02711000	state-helper-a88610	0x140a88610	0x140a899a9	0x14006f8d0
reference	PE:6a70a6d9:02711000	state-helper-a88610	0x140a88610	0x140a899ba	0x141331500
reference	PE:6a70a6d9:02711000	state-helper-a88610	0x140a88610	0x140a899e4	0x14006fa10
reference	PE:6a70a6d9:02711000	state-helper-a88610	0x140a88610	0x140a899fd	0x14006fa10
reference	PE:6a70a6d9:02711000	state-helper-a88610	0x140a88610	0x140a89a67	0x1400e3c20
reference	PE:6a70a6d9:02711000	state-helper-a88610	0x140a88610	0x140a89a74	0x14006f850
reference	PE:6a70a6d9:02711000	state-helper-a88610	0x140a88610	0x140a89a81	0x14006f850
reference	PE:6a70a6d9:02711000	state-helper-a88610	0x140a88610	0x140a89b44	QWORD PTR [rax]
reference	PE:6a70a6d9:02711000	state-helper-a88610	0x140a88610	0x140a89b76	QWORD PTR [rax]
reference	PE:6a70a6d9:02711000	state-helper-a88610	0x140a88610	0x140a89b9a	0x140bc0970
reference	PE:6a70a6d9:02711000	state-helper-a88610	0x140a88610	0x140a89bd3	0x1413f0020
reference	PE:6a70a6d9:02711000	state-helper-a88610	0x140a88610	0x140a89bdb	0x140bc0970
reference	PE:6a70a6d9:02711000	state-helper-a88610	0x140a88610	0x140a89bee	0x1413cc4d0
reference	PE:6a70a6d9:02711000	state-helper-a88610	0x140a88610	0x140a89c1f	0x140072510
reference	PE:6a70a6d9:02711000	state-helper-a88610	0x140a88610	0x140a89c44	0x1413eff80
reference	PE:6a70a6d9:02711000	state-helper-a88610	0x140a88610	0x140a89c52	0x140072510
reference	PE:6a70a6d9:02711000	state-helper-a88610	0x140a88610	0x140a89c77	0x1413f0020
reference	PE:6a70a6d9:02711000	state-helper-a88610	0x140a88610	0x140a89c95	0x14006f750
reference	PE:6a70a6d9:02711000	state-helper-a88610	0x140a88610	0x140a89c9f	0x14006f7b0
reference	PE:6a70a6d9:02711000	state-helper-a88610	0x140a88610	0x140a89ca9	0x14006f750
reference	PE:6a70a6d9:02711000	state-helper-a88610	0x140a88610	0x140a89d0e	QWORD PTR [rax+0x20]
reference	PE:6a70a6d9:02711000	state-helper-a88610	0x140a88610	0x140a89d33	QWORD PTR [rax+0x10]
reference	PE:6a70a6d9:02711000	state-helper-a88610	0x140a88610	0x140a89d47	QWORD PTR [rax+0x48]
reference	PE:6a70a6d9:02711000	state-helper-a88610	0x140a88610	0x140a89d65	0x141388210
reference	PE:6a70a6d9:02711000	state-helper-a88610	0x140a88610	0x140a89d9c	0x14138f250
reference	PE:6a70a6d9:02711000	state-helper-a88610	0x140a88610	0x140a89dc0	0x1400bbc60
reference	PE:6a70a6d9:02711000	state-helper-a88610	0x140a88610	0x140a89ddf	0x140123990
reference	PE:6a70a6d9:02711000	state-helper-a88610	0x140a88610	0x140a89e02	0x1405c3610
reference	PE:6a70a6d9:02711000	state-helper-a88610	0x140a88610	0x140a89e12	0x140de1ce0
reference	PE:6a70a6d9:02711000	state-helper-a88610	0x140a88610	0x140a89e21	0x1400b9e70
reference	PE:6a70a6d9:02711000	state-helper-a88610	0x140a88610	0x140a89e5a	0x140bb8f40
reference	PE:6a70a6d9:02711000	state-helper-a88610	0x140a88610	0x140a89ec2	QWORD PTR [rax]
reference	PE:6a70a6d9:02711000	state-helper-a88610	0x140a88610	0x140a89efa	0x1400ba0a0
reference	PE:6a70a6d9:02711000	state-helper-a88610	0x140a88610	0x140a89f33	0x14007db20
reference	PE:6a70a6d9:02711000	state-helper-a88610	0x140a88610	0x140a89f43	0x140de1ce0
reference	PE:6a70a6d9:02711000	state-helper-a88610	0x140a88610	0x140a89f52	0x1400b9e70
reference	PE:6a70a6d9:02711000	state-helper-a88610	0x140a88610	0x140a89f88	0x140bb8f40
reference	PE:6a70a6d9:02711000	state-helper-a88610	0x140a88610	0x140a89faf	0x140de0f40
reference	PE:6a70a6d9:02711000	state-helper-a88610	0x140a88610	0x140a89ffb	QWORD PTR [rax+0x10]
reference	PE:6a70a6d9:02711000	state-helper-a88610	0x140a88610	0x140a8a00f	QWORD PTR [rax+0x38]
reference	PE:6a70a6d9:02711000	state-helper-a88610	0x140a88610	0x140a8a026	0x1413a50f0
reference	PE:6a70a6d9:02711000	state-helper-a88610	0x140a88610	0x140a8a049	0x1413a50f0
reference	PE:6a70a6d9:02711000	state-helper-a88610	0x140a88610	0x140a8a0b0	0x1413a50f0
reference	PE:6a70a6d9:02711000	state-helper-a88610	0x140a88610	0x140a8a216	0x140103ca0
reference	PE:6a70a6d9:02711000	state-helper-a88610	0x140a88610	0x140a8a23f	0x14007db20
reference	PE:6a70a6d9:02711000	state-helper-a88610	0x140a88610	0x140a8a265	QWORD PTR [rax]
reference	PE:6a70a6d9:02711000	state-helper-a88610	0x140a88610	0x140a8a271	QWORD PTR [rax+0x8]
reference	PE:6a70a6d9:02711000	state-helper-a88610	0x140a88610	0x140a8a27e	QWORD PTR [rax+0x10]
reference	PE:6a70a6d9:02711000	state-helper-a88610	0x140a88610	0x140a8a28b	QWORD PTR [rax+0x18]
reference	PE:6a70a6d9:02711000	state-helper-a88610	0x140a88610	0x140a8a2c3	QWORD PTR [rax+0x128]
reference	PE:6a70a6d9:02711000	state-helper-a88610	0x140a88610	0x140a8a2d8	0x14013cc50
reference	PE:6a70a6d9:02711000	state-helper-a88610	0x140a88610	0x140a8a2ef	QWORD PTR [rdx]
reference	PE:6a70a6d9:02711000	state-helper-a88610	0x140a88610	0x140a8a31e	0x140071040
reference	PE:6a70a6d9:02711000	state-helper-a88610	0x140a88610	0x140a8a346	0x140071040
reference	PE:6a70a6d9:02711000	state-helper-a88610	0x140a88610	0x140a8a36e	0x140071040
reference	PE:6a70a6d9:02711000	state-helper-a88610	0x140a88610	0x140a8a37e	0x14006f410
reference	PE:6a70a6d9:02711000	state-helper-a88610	0x140a88610	0x140a8a38e	0x14006f410
reference	PE:6a70a6d9:02711000	state-helper-a88610	0x140a88610	0x140a8a3a8	0x14006f410
reference	PE:6a70a6d9:02711000	state-helper-a88610	0x140a88610	0x140a8a3bd	0x14006f410
reference	PE:6a70a6d9:02711000	state-helper-a88610	0x140a88610	0x140a8a3c9	0x1400b9e70
reference	PE:6a70a6d9:02711000	state-helper-a88610	0x140a88610	0x140a8a410	0x140c90830
reference	PE:6a70a6d9:02711000	state-helper-a88610	0x140a88610	0x140a8a49c	0x14132e430
reference	PE:6a70a6d9:02711000	state-helper-a88610	0x140a88610	0x140a8a4b5	0x14006fa10
reference	PE:6a70a6d9:02711000	state-helper-a88610	0x140a88610	0x140a8a4ca	0x140c65450
reference	PE:6a70a6d9:02711000	state-helper-a88610	0x140a88610	0x140a8a4f4	0x14006fa10
reference	PE:6a70a6d9:02711000	state-helper-a88610	0x140a88610	0x140a8a502	0x1400b9b80
reference	PE:6a70a6d9:02711000	state-helper-a88610	0x140a88610	0x140a8a5a6	0x1400e3c20
reference	PE:6a70a6d9:02711000	state-helper-a88610	0x140a88610	0x140a8a5cc	QWORD PTR [rax+0x10]
reference	PE:6a70a6d9:02711000	state-helper-a88610	0x140a88610	0x140a8a5e0	QWORD PTR [rax+0x40]
reference	PE:6a70a6d9:02711000	state-helper-a88610	0x140a88610	0x140a8a631	0x1413f51f0
reference	PE:6a70a6d9:02711000	state-helper-a88610	0x140a88610	0x140a8a63e	0x14006f850
reference	PE:6a70a6d9:02711000	state-helper-a88610	0x140a88610	0x140a8a64b	0x14006f850
reference	PE:6a70a6d9:02711000	state-helper-a88610	0x140a88610	0x140a8a696	QWORD PTR [rax+0x10]
reference	PE:6a70a6d9:02711000	state-helper-a88610	0x140a88610	0x140a8a6aa	QWORD PTR [rax+0x40]
reference	PE:6a70a6d9:02711000	state-helper-a88610	0x140a88610	0x140a8a7ab	0x140104890
reference	PE:6a70a6d9:02711000	state-helper-a88610	0x140a88610	0x140a8a802	QWORD PTR [rax+0x128]
reference	PE:6a70a6d9:02711000	state-helper-a88610	0x140a88610	0x140a8a819	0x1400b9dc0
reference	PE:6a70a6d9:02711000	state-helper-a88610	0x140a88610	0x140a8a83c	0x1400ba150
reference	PE:6a70a6d9:02711000	state-helper-a88610	0x140a88610	0x140a8a860	0x14007daf0
reference	PE:6a70a6d9:02711000	state-helper-a88610	0x140a88610	0x140a8a879	0x14007daf0
reference	PE:6a70a6d9:02711000	state-helper-a88610	0x140a88610	0x140a8a896	0x1400b9dc0
reference	PE:6a70a6d9:02711000	state-helper-a88610	0x140a88610	0x140a8a8ad	0x1400b9dc0
reference	PE:6a70a6d9:02711000	state-helper-a88610	0x140a88610	0x140a8a8e8	0x14013cc50
reference	PE:6a70a6d9:02711000	state-helper-a88610	0x140a88610	0x140a8a8f9	0x1400b9e70
reference	PE:6a70a6d9:02711000	state-helper-a88610	0x140a88610	0x140a8a901	0x140fa23a0
reference	PE:6a70a6d9:02711000	state-helper-a88610	0x140a88610	0x140a8a91d	0x140072510
reference	PE:6a70a6d9:02711000	state-helper-a88610	0x140a88610	0x140a8a96e	0x1413cc4d0
reference	PE:6a70a6d9:02711000	state-helper-a88610	0x140a88610	0x140a8a984	0x14138ed20
reference	PE:6a70a6d9:02711000	state-helper-a88610	0x140a88610	0x140a8a991	0x1400ba460
reference	PE:6a70a6d9:02711000	state-helper-a88610	0x140a88610	0x140a8a9e5	0x14138ed20
reference	PE:6a70a6d9:02711000	state-helper-a88610	0x140a88610	0x140a8a9ff	0x140b530b0
reference	PE:6a70a6d9:02711000	state-helper-a88610	0x140a88610	0x140a8aa1a	0x1400ba460
reference	PE:6a70a6d9:02711000	state-helper-a88610	0x140a88610	0x140a8aae2	0x140e198e0
reference	PE:6a70a6d9:02711000	state-helper-a88610	0x140a88610	0x140a8aaf4	0x140066b70
reference	PE:6a70a6d9:02711000	state-helper-a88610	0x140a88610	0x140a8ab41	0x1413f51f0
reference	PE:6a70a6d9:02711000	state-helper-a88610	0x140a88610	0x140a8aba5	0x140103ca0
reference	PE:6a70a6d9:02711000	state-helper-a88610	0x140a88610	0x140a8abcd	0x14007db20
reference	PE:6a70a6d9:02711000	state-helper-a88610	0x140a88610	0x140a8abf3	QWORD PTR [rax]
reference	PE:6a70a6d9:02711000	state-helper-a88610	0x140a88610	0x140a8abff	QWORD PTR [rax+0x8]
reference	PE:6a70a6d9:02711000	state-helper-a88610	0x140a88610	0x140a8ac0c	QWORD PTR [rax+0x10]
reference	PE:6a70a6d9:02711000	state-helper-a88610	0x140a88610	0x140a8ac19	QWORD PTR [rax+0x18]
reference	PE:6a70a6d9:02711000	state-helper-a88610	0x140a88610	0x140a8ac51	QWORD PTR [rax+0x128]
reference	PE:6a70a6d9:02711000	state-helper-a88610	0x140a88610	0x140a8ac65	0x14013cc50
reference	PE:6a70a6d9:02711000	state-helper-a88610	0x140a88610	0x140a8ac7c	QWORD PTR [rdx]
reference	PE:6a70a6d9:02711000	state-helper-a88610	0x140a88610	0x140a8acab	0x140071040
reference	PE:6a70a6d9:02711000	state-helper-a88610	0x140a88610	0x140a8acd3	0x140071040
reference	PE:6a70a6d9:02711000	state-helper-a88610	0x140a88610	0x140a8acfb	0x140071040
reference	PE:6a70a6d9:02711000	state-helper-a88610	0x140a88610	0x140a8ad21	0x140070e20
reference	PE:6a70a6d9:02711000	state-helper-a88610	0x140a88610	0x140a8ad47	0x140070e20
reference	PE:6a70a6d9:02711000	state-helper-a88610	0x140a88610	0x140a8ad61	0x14006f410
reference	PE:6a70a6d9:02711000	state-helper-a88610	0x140a88610	0x140a8ad76	0x14006f410
reference	PE:6a70a6d9:02711000	state-helper-a88610	0x140a88610	0x140a8ad82	0x1400b9e70
reference	PE:6a70a6d9:02711000	state-helper-a88610	0x140a88610	0x140a8adf0	0x1400ba0a0
reference	PE:6a70a6d9:02711000	state-helper-a88610	0x140a88610	0x140a8ae8d	0x14006fa10
reference	PE:6a70a6d9:02711000	state-helper-a88610	0x140a88610	0x140a8aea2	0x140c65450
reference	PE:6a70a6d9:02711000	state-helper-a88610	0x140a88610	0x140a8aecc	0x14006fa10
reference	PE:6a70a6d9:02711000	state-helper-a88610	0x140a88610	0x140a8aee5	0x14006fa10
reference	PE:6a70a6d9:02711000	state-helper-a88610	0x140a88610	0x140a8af73	0x1400e3c20
reference	PE:6a70a6d9:02711000	state-helper-a88610	0x140a88610	0x140a8af9b	QWORD PTR [rax+0x10]
reference	PE:6a70a6d9:02711000	state-helper-a88610	0x140a88610	0x140a8afaf	QWORD PTR [rax+0x40]
reference	PE:6a70a6d9:02711000	state-helper-a88610	0x140a88610	0x140a8b000	0x1413f51f0
reference	PE:6a70a6d9:02711000	state-helper-a88610	0x140a88610	0x140a8b042	0x141539680
reference	PE:6a70a6d9:02711000	state-helper-a88610	0x140a88610	0x140a8b0a0	0x141539680
reference	PE:6a70a6d9:02711000	state-helper-a88610	0x140a88610	0x140a8b11e	0x1400ba0a0
reference	PE:6a70a6d9:02711000	state-helper-a88610	0x140a88610	0x140a8b16e	0x140e5d5b0
reference	PE:6a70a6d9:02711000	state-helper-a88610	0x140a88610	0x140a8b18b	QWORD PTR [rax+0x10]
reference	PE:6a70a6d9:02711000	state-helper-a88610	0x140a88610	0x140a8b19f	QWORD PTR [rax+0x20]
reference	PE:6a70a6d9:02711000	state-helper-a88610	0x140a88610	0x140a8b1b5	0x140e526b0
reference	PE:6a70a6d9:02711000	state-helper-a88610	0x140a88610	0x140a8b20b	QWORD PTR [rax+0x10]
reference	PE:6a70a6d9:02711000	state-helper-a88610	0x140a88610	0x140a8b21f	QWORD PTR [rax+0x40]
reference	PE:6a70a6d9:02711000	state-helper-a88610	0x140a88610	0x140a8b23f	QWORD PTR [rax+0x10]
reference	PE:6a70a6d9:02711000	state-helper-a88610	0x140a88610	0x140a8b253	QWORD PTR [rax+0x38]
reference	PE:6a70a6d9:02711000	state-helper-a88610	0x140a88610	0x140a8b277	0x140c66020
reference	PE:6a70a6d9:02711000	state-helper-a88610	0x140a88610	0x140a8b28b	0x140104890
reference	PE:6a70a6d9:02711000	state-helper-a88610	0x140a88610	0x140a8b2cf	QWORD PTR [rdx+0x128]
reference	PE:6a70a6d9:02711000	state-helper-a88610	0x140a88610	0x140a8b2e7	0x1400b9dc0
reference	PE:6a70a6d9:02711000	state-helper-a88610	0x140a88610	0x140a8b318	0x1400babe0
reference	PE:6a70a6d9:02711000	state-helper-a88610	0x140a88610	0x140a8b345	0x140c66020
reference	PE:6a70a6d9:02711000	state-helper-a88610	0x140a88610	0x140a8b364	0x140c66020
reference	PE:6a70a6d9:02711000	state-helper-a88610	0x140a88610	0x140a8b378	0x140104890
reference	PE:6a70a6d9:02711000	state-helper-a88610	0x140a88610	0x140a8b3bc	QWORD PTR [rdx+0x128]
reference	PE:6a70a6d9:02711000	state-helper-a88610	0x140a88610	0x140a8b3d4	0x1400b9dc0
reference	PE:6a70a6d9:02711000	state-helper-a88610	0x140a88610	0x140a8b3fd	0x1400babe0
reference	PE:6a70a6d9:02711000	state-helper-a88610	0x140a88610	0x140a8b427	0x14153ae1a
reference	PE:6a70a6d9:02711000	state-helper-a88610	0x140a88610	0x140a8b482	0x1413cc4d0
reference	PE:6a70a6d9:02711000	state-helper-a88610	0x140a88610	0x140a8b498	0x14138ed20
reference	PE:6a70a6d9:02711000	state-helper-a88610	0x140a88610	0x140a8b4a5	0x1400ba460
reference	PE:6a70a6d9:02711000	state-helper-a88610	0x140a88610	0x140a8b4f5	0x14138ed20
reference	PE:6a70a6d9:02711000	state-helper-a88610	0x140a88610	0x140a8b50f	0x140b530b0
reference	PE:6a70a6d9:02711000	state-helper-a88610	0x140a88610	0x140a8b52a	0x1400ba460
reference	PE:6a70a6d9:02711000	state-helper-a88610	0x140a88610	0x140a8b5ef	0x140e198e0
reference	PE:6a70a6d9:02711000	state-helper-a88610	0x140a88610	0x140a8b601	0x140066b70
reference	PE:6a70a6d9:02711000	state-helper-a88610	0x140a88610	0x140a8b654	0x1413f51f0
reference	PE:6a70a6d9:02711000	state-helper-a88610	0x140a88610	0x140a8b673	0x140dde6a0
reference	PE:6a70a6d9:02711000	state-helper-a88610	0x140a88610	0x140a8b69e	0x140ab52d0
reference	PE:6a70a6d9:02711000	state-helper-a88610	0x140a88610	0x140a8b6c0	0x140066b70
reference	PE:6a70a6d9:02711000	state-helper-a88610	0x140a88610	0x140a8b6cf	0x141539660
reference	PE:6a70a6d9:02711000	state-helper-a88610	0x140a88610	0x140a8b6f5	QWORD PTR [rip+0xb5a42d]        # 0x1415e5b28
reference	PE:6a70a6d9:02711000	state-helper-a88610	0x140a88610	0x140a8b6fc	QWORD PTR [rip+0xb5a426]        # 0x1415e5b28
reference	PE:6a70a6d9:02711000	state-helper-a8b820	0x140a8b820	0x140a8b8ab	QWORD PTR [rax+0x10]
reference	PE:6a70a6d9:02711000	state-helper-a8b820	0x140a8b820	0x140a8b8b9	QWORD PTR [rax+0x18]
reference	PE:6a70a6d9:02711000	state-helper-a8b820	0x140a8b820	0x140a8b8d9	0x140c8baa0
reference	PE:6a70a6d9:02711000	state-helper-a8b820	0x140a8b820	0x140a8b945	0x141539660
reference	PE:6a70a6d9:02711000	state-helper-a8b820	0x140a8b820	0x140a8b977	QWORD PTR [rax]
reference	PE:6a70a6d9:02711000	state-helper-a8b820	0x140a8b820	0x140a8b99e	QWORD PTR [rax+0x40]
reference	PE:6a70a6d9:02711000	state-helper-a8b820	0x140a8b820	0x140a8ba17	0x14010b0a0
reference	PE:6a70a6d9:02711000	state-helper-a8b820	0x140a8b820	0x140a8bb77	0x1400b9dc0
reference	PE:6a70a6d9:02711000	state-helper-a8b820	0x140a8b820	0x140a8bb8a	0x141539690
reference	PE:6a70a6d9:02711000	state-helper-a8b820	0x140a8b820	0x140a8bc02	0x140e150d0
reference	PE:6a70a6d9:02711000	state-helper-a8b820	0x140a8b820	0x140a8bc0e	0x140e150d0
reference	PE:6a70a6d9:02711000	state-helper-a8b820	0x140a8b820	0x140a8bc19	0x140e150d0
reference	PE:6a70a6d9:02711000	state-helper-a8b820	0x140a8b820	0x140a8bc26	0x140e150d0
reference	PE:6a70a6d9:02711000	state-helper-a8b820	0x140a8b820	0x140a8bc33	0x140e150d0
reference	PE:6a70a6d9:02711000	state-helper-a8b820	0x140a8b820	0x140a8bc40	0x140e150d0
reference	PE:6a70a6d9:02711000	state-helper-a8b820	0x140a8b820	0x140a8bc4d	0x140e150d0
reference	PE:6a70a6d9:02711000	state-helper-a8b820	0x140a8b820	0x140a8bc68	0x140eb68b0
reference	PE:6a70a6d9:02711000	state-helper-a8b820	0x140a8b820	0x140a8bd0d	0x140eb68b0
reference	PE:6a70a6d9:02711000	state-helper-a8b820	0x140a8b820	0x140a8bd59	0x140eb68b0
reference	PE:6a70a6d9:02711000	state-helper-a8b820	0x140a8b820	0x140a8bda0	0x140eb68b0
reference	PE:6a70a6d9:02711000	state-helper-a8b820	0x140a8b820	0x140a8bde7	0x140eb68b0
reference	PE:6a70a6d9:02711000	state-helper-a8b820	0x140a8b820	0x140a8be25	0x140eb68b0
reference	PE:6a70a6d9:02711000	state-helper-a8b820	0x140a8b820	0x140a8be67	0x140eb68b0
reference	PE:6a70a6d9:02711000	state-helper-a8b820	0x140a8b820	0x140a8bea5	0x140eb68b0
reference	PE:6a70a6d9:02711000	state-helper-a8b820	0x140a8b820	0x140a8bee7	0x140eb68b0
reference	PE:6a70a6d9:02711000	state-helper-a8b820	0x140a8b820	0x140a8bf25	0x140eb68b0
reference	PE:6a70a6d9:02711000	state-helper-a8b820	0x140a8b820	0x140a8bf7c	0x140eb68b0
reference	PE:6a70a6d9:02711000	state-helper-a8b820	0x140a8b820	0x140a8bfb8	0x140eb68b0
reference	PE:6a70a6d9:02711000	state-helper-a8b820	0x140a8b820	0x140a8bffc	0x140eb68b0
reference	PE:6a70a6d9:02711000	state-helper-a8b820	0x140a8b820	0x140a8c039	0x140eb68b0
reference	PE:6a70a6d9:02711000	state-helper-a8b820	0x140a8b820	0x140a8c072	0x140eb68b0
reference	PE:6a70a6d9:02711000	state-helper-a8b820	0x140a8b820	0x140a8c0da	0x140eb68b0
reference	PE:6a70a6d9:02711000	state-helper-a8b820	0x140a8b820	0x140a8c18b	0x140eb68b0
reference	PE:6a70a6d9:02711000	state-helper-a8b820	0x140a8b820	0x140a8c230	0x14153ae1a
reference	PE:6a70a6d9:02711000	state-helper-a8b820	0x140a8b820	0x140a8c249	0x1400bad30
reference	PE:6a70a6d9:02711000	state-helper-a8b820	0x140a8b820	0x140a8c2a8	QWORD PTR [rip+0xb58f3a]        # 0x1415e51e8
reference	PE:6a70a6d9:02711000	state-helper-a8b820	0x140a8b820	0x140a8c404	0x140a67900
reference	PE:6a70a6d9:02711000	state-helper-a8b820	0x140a8b820	0x140a8c5b5	0x1414e2d10
reference	PE:6a70a6d9:02711000	state-helper-a8b820	0x140a8b820	0x140a8c5ff	QWORD PTR [rax+0x10]
reference	PE:6a70a6d9:02711000	state-helper-a8b820	0x140a8b820	0x140a8c61c	QWORD PTR [rax+0x48]
reference	PE:6a70a6d9:02711000	state-helper-a8b820	0x140a8b820	0x140a8c71d	QWORD PTR [rax+0x20]
reference	PE:6a70a6d9:02711000	state-helper-a8b820	0x140a8b820	0x140a8c746	QWORD PTR [rax+0x20]
reference	PE:6a70a6d9:02711000	state-helper-a8b820	0x140a8b820	0x140a8c760	0x140b530b0
reference	PE:6a70a6d9:02711000	state-helper-a8b820	0x140a8b820	0x140a8c775	0x140072080
reference	PE:6a70a6d9:02711000	state-helper-a8b820	0x140a8b820	0x140a8c78f	0x140b8ec10
reference	PE:6a70a6d9:02711000	state-helper-a8b820	0x140a8b820	0x140a8c7b7	0x1401bbc20
reference	PE:6a70a6d9:02711000	state-helper-a8b820	0x140a8b820	0x140a8c7c5	QWORD PTR [rdx+0x100]
reference	PE:6a70a6d9:02711000	state-helper-a8b820	0x140a8b820	0x140a8c80d	0x140bb9390
reference	PE:6a70a6d9:02711000	state-helper-a8b820	0x140a8b820	0x140a8c81e	0x14014d760
reference	PE:6a70a6d9:02711000	state-helper-a8b820	0x140a8b820	0x140a8c909	QWORD PTR [rax+0x6f8]
reference	PE:6a70a6d9:02711000	state-helper-a8b820	0x140a8b820	0x140a8c988	QWORD PTR [rax+0x6f8]
reference	PE:6a70a6d9:02711000	state-helper-a8b820	0x140a8b820	0x140a8c991	0x1413a5660
reference	PE:6a70a6d9:02711000	state-helper-a8b820	0x140a8b820	0x140a8c9d5	0x14007dcd0
reference	PE:6a70a6d9:02711000	state-helper-a8b820	0x140a8b820	0x140a8c9ec	0x1401bc1f0
reference	PE:6a70a6d9:02711000	state-helper-a8b820	0x140a8b820	0x140a8ca4d	QWORD PTR [rax+0x128]
reference	PE:6a70a6d9:02711000	state-helper-a8b820	0x140a8b820	0x140a8ca5a	0x140bea8d0
reference	PE:6a70a6d9:02711000	state-helper-a8b820	0x140a8b820	0x140a8ca84	0x14013cc50
reference	PE:6a70a6d9:02711000	state-helper-a8b820	0x140a8b820	0x140a8ca95	0x1400b9e70
reference	PE:6a70a6d9:02711000	state-helper-a8b820	0x140a8b820	0x140a8cab7	0x14013cc50
reference	PE:6a70a6d9:02711000	state-helper-a8b820	0x140a8b820	0x140a8cacc	0x1400b9e70
reference	PE:6a70a6d9:02711000	state-helper-a8b820	0x140a8b820	0x140a8cae2	0x1413a5660
reference	PE:6a70a6d9:02711000	state-helper-a8b820	0x140a8b820	0x140a8cb2a	0x14007dcd0
reference	PE:6a70a6d9:02711000	state-helper-a8b820	0x140a8b820	0x140a8cb41	0x1401bc1f0
reference	PE:6a70a6d9:02711000	state-helper-a8b820	0x140a8b820	0x140a8cb89	0x140b530b0
reference	PE:6a70a6d9:02711000	state-helper-a8b820	0x140a8b820	0x140a8cbba	0x140bb9df0
reference	PE:6a70a6d9:02711000	state-helper-a8b820	0x140a8b820	0x140a8cc73	r10
reference	PE:6a70a6d9:02711000	state-helper-a8b820	0x140a8b820	0x140a8cd23	r10
reference	PE:6a70a6d9:02711000	state-helper-a8b820	0x140a8b820	0x140a8cd5d	0x14138ed20
reference	PE:6a70a6d9:02711000	state-helper-a8b820	0x140a8b820	0x140a8cdcb	0x1400ba0a0
reference	PE:6a70a6d9:02711000	state-helper-a8b820	0x140a8b820	0x140a8ce6b	0x1400ba0a0
reference	PE:6a70a6d9:02711000	state-helper-a8b820	0x140a8b820	0x140a8cf0b	0x1400ba0a0
reference	PE:6a70a6d9:02711000	state-helper-a8b820	0x140a8b820	0x140a8cf9c	0x1400ba0a0
reference	PE:6a70a6d9:02711000	state-helper-a8b820	0x140a8b820	0x140a8d06f	0x1400ba0a0
reference	PE:6a70a6d9:02711000	state-helper-a8b820	0x140a8b820	0x140a8d0cd	QWORD PTR [rax]
reference	PE:6a70a6d9:02711000	state-helper-a8b820	0x140a8b820	0x140a8d101	0x1400babe0
reference	PE:6a70a6d9:02711000	state-helper-a8b820	0x140a8b820	0x140a8d13b	0x1400babe0
reference	PE:6a70a6d9:02711000	state-helper-a8b820	0x140a8b820	0x140a8d17d	0x1400fc090
reference	PE:6a70a6d9:02711000	state-helper-a8b820	0x140a8b820	0x140a8d1e4	0x141389580
reference	PE:6a70a6d9:02711000	state-helper-a8b820	0x140a8b820	0x140a8d1ee	0x141324660
reference	PE:6a70a6d9:02711000	state-helper-a8b820	0x140a8b820	0x140a8d20d	0x141329520
reference	PE:6a70a6d9:02711000	state-helper-a8b820	0x140a8b820	0x140a8d34a	0x141389be0
reference	PE:6a70a6d9:02711000	state-helper-a8b820	0x140a8b820	0x140a8d35e	0x141389be0
reference	PE:6a70a6d9:02711000	state-helper-a8b820	0x140a8b820	0x140a8d376	0x141349f20
reference	PE:6a70a6d9:02711000	state-helper-a8b820	0x140a8b820	0x140a8d41a	0x1400b9dc0
reference	PE:6a70a6d9:02711000	state-helper-a8b820	0x140a8b820	0x140a8d448	0x140141920
reference	PE:6a70a6d9:02711000	state-helper-a8b820	0x140a8b820	0x140a8d48a	0x140e6e8c0
reference	PE:6a70a6d9:02711000	state-helper-a8b820	0x140a8b820	0x140a8d514	0x1414637a0
reference	PE:6a70a6d9:02711000	state-helper-a8b820	0x140a8b820	0x140a8d68a	0x140c9a510
reference	PE:6a70a6d9:02711000	state-helper-a8b820	0x140a8b820	0x140a8d699	0x14138b990
reference	PE:6a70a6d9:02711000	state-helper-a8b820	0x140a8b820	0x140a8d6bf	0x1413cc4d0
reference	PE:6a70a6d9:02711000	state-helper-a8b820	0x140a8b820	0x140a8d6f5	0x140070e20
reference	PE:6a70a6d9:02711000	state-helper-a8b820	0x140a8b820	0x140a8d702	QWORD PTR [rax+0x328]
reference	PE:6a70a6d9:02711000	state-helper-a8b820	0x140a8b820	0x140a8d7ba	r9
reference	PE:6a70a6d9:02711000	state-helper-a8b820	0x140a8b820	0x140a8d7c3	QWORD PTR [rax]
reference	PE:6a70a6d9:02711000	state-helper-a8b820	0x140a8b820	0x140a8d85a	0x140cbd520
reference	PE:6a70a6d9:02711000	state-helper-a8b820	0x140a8b820	0x140a8d867	0x14006f850
reference	PE:6a70a6d9:02711000	state-helper-a8b820	0x140a8b820	0x140a8d88b	0x140cbd520
reference	PE:6a70a6d9:02711000	state-helper-a8b820	0x140a8b820	0x140a8d89f	0x141539690
reference	PE:6a70a6d9:02711000	state-helper-a8b820	0x140a8b820	0x140a8d8b5	0x1404e0ef0
reference	PE:6a70a6d9:02711000	state-helper-a8b820	0x140a8b820	0x140a8d8cb	0x141539690
reference	PE:6a70a6d9:02711000	state-helper-a8b820	0x140a8b820	0x140a8d8e1	0x1404e0ef0
reference	PE:6a70a6d9:02711000	state-helper-a8b820	0x140a8b820	0x140a8d92a	0x140cb32e0
reference	PE:6a70a6d9:02711000	state-helper-a8b820	0x140a8b820	0x140a8d979	0x14138b990
reference	PE:6a70a6d9:02711000	state-helper-a8b820	0x140a8b820	0x140a8d9a0	0x1413cc4d0
reference	PE:6a70a6d9:02711000	state-helper-a8b820	0x140a8b820	0x140a8d9d6	0x140070e20
reference	PE:6a70a6d9:02711000	state-helper-a8b820	0x140a8b820	0x140a8d9e3	QWORD PTR [rax+0x328]
reference	PE:6a70a6d9:02711000	state-helper-a8b820	0x140a8b820	0x140a8da8a	0x1400bad30
reference	PE:6a70a6d9:02711000	state-helper-a8b820	0x140a8b820	0x140a8da99	0x14132ba00
reference	PE:6a70a6d9:02711000	state-helper-a8b820	0x140a8b820	0x140a8daa6	0x140066b70
reference	PE:6a70a6d9:02711000	state-helper-a8b820	0x140a8b820	0x140a8daee	QWORD PTR [rax+0x10]
reference	PE:6a70a6d9:02711000	state-helper-a8b820	0x140a8b820	0x140a8db18	QWORD PTR [rax+0x4a8]
reference	PE:6a70a6d9:02711000	state-helper-a8b820	0x140a8b820	0x140a8db2c	0x140c73a80
reference	PE:6a70a6d9:02711000	state-helper-a8b820	0x140a8b820	0x140a8db4d	0x140c634f0
reference	PE:6a70a6d9:02711000	state-helper-a8b820	0x140a8b820	0x140a8db5c	0x140cc83e0
reference	PE:6a70a6d9:02711000	state-helper-a8b820	0x140a8b820	0x140a8db6f	QWORD PTR [rax+0x330]
reference	PE:6a70a6d9:02711000	state-helper-a8b820	0x140a8b820	0x140a8db88	0x140284f10
reference	PE:6a70a6d9:02711000	state-helper-a8b820	0x140a8b820	0x140a8db92	0x140c67590
reference	PE:6a70a6d9:02711000	state-helper-a8b820	0x140a8b820	0x140a8dbce	0x1400ba8b0
reference	PE:6a70a6d9:02711000	state-helper-a8b820	0x140a8b820	0x140a8dc47	0x1413241d0
reference	PE:6a70a6d9:02711000	state-helper-a8b820	0x140a8b820	0x140a8dc5b	0x141385b10
reference	PE:6a70a6d9:02711000	state-helper-a8b820	0x140a8b820	0x140a8dc74	0x141383510
reference	PE:6a70a6d9:02711000	state-helper-a8b820	0x140a8b820	0x140a8dcb0	0x140a8ea30
reference	PE:6a70a6d9:02711000	state-helper-a8b820	0x140a8b820	0x140a8dd45	QWORD PTR [rax+0x18]
reference	PE:6a70a6d9:02711000	state-helper-a8b820	0x140a8b820	0x140a8dd60	0x140c883e0
reference	PE:6a70a6d9:02711000	state-helper-a8b820	0x140a8b820	0x140a8dd6d	0x140c73a80
reference	PE:6a70a6d9:02711000	state-helper-a8b820	0x140a8b820	0x140a8dda5	QWORD PTR [rax+0x320]
reference	PE:6a70a6d9:02711000	state-helper-a8b820	0x140a8b820	0x140a8ddc0	QWORD PTR [rax+0x4a8]
reference	PE:6a70a6d9:02711000	state-helper-a8b820	0x140a8b820	0x140a8de86	0x141436f30
reference	PE:6a70a6d9:02711000	state-helper-a8b820	0x140a8b820	0x140a8de94	0x140c634f0
reference	PE:6a70a6d9:02711000	state-helper-a8b820	0x140a8b820	0x140a8de9f	QWORD PTR [rax+0x330]
reference	PE:6a70a6d9:02711000	state-helper-a8b820	0x140a8b820	0x140a8deb5	QWORD PTR [rax+0x328]
reference	PE:6a70a6d9:02711000	state-helper-a8b820	0x140a8b820	0x140a8dec9	0x1413ad8f0
reference	PE:6a70a6d9:02711000	state-helper-a8b820	0x140a8b820	0x140a8df8b	0x14138ed20
reference	PE:6a70a6d9:02711000	state-helper-a8b820	0x140a8b820	0x140a8dff1	0x14136bae0
reference	PE:6a70a6d9:02711000	state-helper-a8b820	0x140a8b820	0x140a8e00c	0x141325080
reference	PE:6a70a6d9:02711000	state-helper-a8b820	0x140a8b820	0x140a8e07c	0x141539690
reference	PE:6a70a6d9:02711000	state-helper-a8b820	0x140a8b820	0x140a8e08b	0x140d020c0
reference	PE:6a70a6d9:02711000	state-helper-a8b820	0x140a8b820	0x140a8e0bd	0x140d028e0
reference	PE:6a70a6d9:02711000	state-helper-a8b820	0x140a8b820	0x140a8e0c8	0x141328450
reference	PE:6a70a6d9:02711000	state-helper-a8b820	0x140a8b820	0x140a8e0d0	0x140d09b70
reference	PE:6a70a6d9:02711000	state-helper-a8b820	0x140a8b820	0x140a8e103	0x140c634f0
reference	PE:6a70a6d9:02711000	state-helper-a8b820	0x140a8b820	0x140a8e193	0x1413edcc0
reference	PE:6a70a6d9:02711000	state-helper-a8b820	0x140a8b820	0x140a8e1a0	0x1400e3730
reference	PE:6a70a6d9:02711000	state-helper-a8b820	0x140a8b820	0x140a8e224	0x1400bad30
reference	PE:6a70a6d9:02711000	state-helper-a8b820	0x140a8b820	0x140a8e278	0x14138ed20
reference	PE:6a70a6d9:02711000	state-helper-a8b820	0x140a8b820	0x140a8e290	0x141539690
reference	PE:6a70a6d9:02711000	state-helper-a8b820	0x140a8b820	0x140a8e29f	0x140c3b410
reference	PE:6a70a6d9:02711000	state-helper-a8b820	0x140a8b820	0x140a8e337	0x1414aa500
reference	PE:6a70a6d9:02711000	state-helper-a8b820	0x140a8b820	0x140a8e447	0x14007dcd0
reference	PE:6a70a6d9:02711000	state-helper-a8b820	0x140a8b820	0x140a8e45e	0x1401bc1f0
reference	PE:6a70a6d9:02711000	state-helper-a8b820	0x140a8b820	0x140a8e4c3	0x1413b3030
reference	PE:6a70a6d9:02711000	state-helper-a8b820	0x140a8b820	0x140a8e4e9	0x140070e20
reference	PE:6a70a6d9:02711000	state-helper-a8b820	0x140a8b820	0x140a8e526	0x1413eefd0
reference	PE:6a70a6d9:02711000	state-helper-a8b820	0x140a8b820	0x140a8e5b8	0x1413b3030
reference	PE:6a70a6d9:02711000	state-helper-a8b820	0x140a8b820	0x140a8e5dd	0x140070e20
reference	PE:6a70a6d9:02711000	state-helper-a8b820	0x140a8b820	0x140a8e625	0x1413eefd0
reference	PE:6a70a6d9:02711000	state-helper-a8b820	0x140a8b820	0x140a8e677	0x1400ba0a0
reference	PE:6a70a6d9:02711000	state-helper-a8b820	0x140a8b820	0x140a8e6d5	0x141539690
reference	PE:6a70a6d9:02711000	state-helper-a8b820	0x140a8b820	0x140a8e6e4	0x1404e6540
reference	PE:6a70a6d9:02711000	state-helper-a8b820	0x140a8b820	0x140a8e724	0x1400ba0a0
reference	PE:6a70a6d9:02711000	state-helper-a8b820	0x140a8b820	0x140a8e7df	0x1400ba940
reference	PE:6a70a6d9:02711000	state-helper-a8b820	0x140a8b820	0x140a8e828	0x1400ba940
reference	PE:6a70a6d9:02711000	state-helper-a8b820	0x140a8b820	0x140a8e894	0x14006f380
reference	PE:6a70a6d9:02711000	state-helper-a8b820	0x140a8b820	0x140a8e8ca	0x141539690
reference	PE:6a70a6d9:02711000	state-helper-a8b820	0x140a8b820	0x140a8e941	0x1413ead20
reference	PE:6a70a6d9:02711000	state-helper-a8b820	0x140a8b820	0x140a8e950	0x1413ef240
reference	PE:6a70a6d9:02711000	state-helper-a8b820	0x140a8b820	0x140a8e9a5	0x14138eb80
reference	PE:6a70a6d9:02711000	state-helper-a8b820	0x140a8b820	0x140a8e9c9	0x1413e5b20
reference	PE:6a70a6d9:02711000	state-helper-a8b820	0x140a8b820	0x140a8e9d3	0x140a88610
reference	PE:6a70a6d9:02711000	state-helper-a8b820	0x140a8b820	0x140a8e9e0	0x140066b70
reference	PE:6a70a6d9:02711000	state-helper-ab52d0	0x140ab52d0	0x140ab5306	QWORD PTR [rax]
reference	PE:6a70a6d9:02711000	state-helper-ab52d0	0x140ab52d0	0x140ab5332	QWORD PTR [rax+0x1f8]
reference	PE:6a70a6d9:02711000	state-helper-ab52d0	0x140ab52d0	0x140ab538f	0x141329bf0
reference	PE:6a70a6d9:02711000	state-helper-ab52d0	0x140ab52d0	0x140ab53b3	0x140ab52d0
reference	PE:6a70a6d9:02711000	state-helper-ab52d0	0x140ab52d0	0x140ab53c6	QWORD PTR [rax+0x320]
reference	PE:6a70a6d9:02711000	state-helper-ab52d0	0x140ab52d0	0x140ab542b	QWORD PTR [rax+0x10]
reference	PE:6a70a6d9:02711000	state-helper-ab52d0	0x140ab52d0	0x140ab5436	0x140c88300
reference	PE:6a70a6d9:02711000	state-helper-ab52d0	0x140ab52d0	0x140ab544b	QWORD PTR [rax+0x10]
reference	PE:6a70a6d9:02711000	state-helper-ab52d0	0x140ab52d0	0x140ab545e	QWORD PTR [rax+0x18]
reference	PE:6a70a6d9:02711000	state-helper-ab52d0	0x140ab52d0	0x140ab5470	0x140c88300
reference	PE:6a70a6d9:02711000	state-helper-ab52d0	0x140ab52d0	0x140ab5497	0x140ab52d0
reference	PE:6a70a6d9:02711000	state-helper-ab52d0	0x140ab52d0	0x140ab54ad	QWORD PTR [rax+0x320]
reference	PE:6a70a6d9:02711000	state-helper-ab52d0	0x140ab52d0	0x140ab54b8	QWORD PTR [rax+0x10]
reference	PE:6a70a6d9:02711000	state-helper-ab52d0	0x140ab52d0	0x140ab54cf	QWORD PTR [rax+0x20]
reference	PE:6a70a6d9:02711000	state-helper-ab52d0	0x140ab52d0	0x140ab54e1	0x141366ac0
reference	PE:6a70a6d9:02711000	state-helper-ab52d0	0x140ab52d0	0x140ab559b	0x140a8b820
reference	PE:6a70a6d9:02711000	state-helper-ab52d0	0x140ab52d0	0x140ab55ae	0x141379a20
reference	PE:6a70a6d9:02711000	state-helper-ab52d0	0x140ab52d0	0x140ab55d7	0x140c911d0
reference	PE:6a70a6d9:02711000	state-helper-ab52d0	0x140ab52d0	0x140ab55e5	0x140cc83e0
reference	PE:6a70a6d9:02711000	state-helper-ab52d0	0x140ab52d0	0x140ab55fd	QWORD PTR [rax+0x368]
reference	PE:6a70a6d9:02711000	state-helper-ab52d0	0x140ab52d0	0x140ab561f	QWORD PTR [rax+0x10]
reference	PE:6a70a6d9:02711000	state-helper-ab52d0	0x140ab52d0	0x140ab5633	QWORD PTR [rax+0x40]
reference	PE:6a70a6d9:02711000	state-helper-ab52d0	0x140ab52d0	0x140ab5673	QWORD PTR [rax+0x10]
reference	PE:6a70a6d9:02711000	state-helper-ab52d0	0x140ab52d0	0x140ab5686	QWORD PTR [rax+0x20]
reference	PE:6a70a6d9:02711000	state-helper-ab52d0	0x140ab52d0	0x140ab569d	0x141367430
reference	PE:6a70a6d9:02711000	state-helper-ab52d0	0x140ab52d0	0x140ab56aa	QWORD PTR [rax+0x18]
reference	PE:6a70a6d9:02711000	state-helper-ab52d0	0x140ab52d0	0x140ab56c7	0x140c8baa0
reference	PE:6a70a6d9:02711000	state-helper-ab52d0	0x140ab52d0	0x140ab571b	0x140a6ae90
reference	PE:6a70a6d9:02711000	state-helper-ab52d0	0x140ab52d0	0x140ab575a	0x1414aa500
reference	PE:6a70a6d9:02711000	state-helper-ab52d0	0x140ab52d0	0x140ab5789	QWORD PTR [rax+0x128]
reference	PE:6a70a6d9:02711000	state-helper-ab52d0	0x140ab52d0	0x140ab57a1	0x141539690
reference	PE:6a70a6d9:02711000	state-helper-ab52d0	0x140ab52d0	0x140ab57af	0x140c3b410
reference	PE:6a70a6d9:02711000	state-helper-ab52d0	0x140ab52d0	0x140ab57c3	0x141539690
reference	PE:6a70a6d9:02711000	state-helper-ab52d0	0x140ab52d0	0x140ab58fa	0x1413f51f0
reference	PE:6a70a6d9:02711000	state-helper-ab52d0	0x140ab52d0	0x140ab5904	0x140c634f0
reference	PE:6a70a6d9:02711000	state-helper-ab52d0	0x140ab52d0	0x140ab590f	QWORD PTR [rax+0x330]
reference	PE:6a70a6d9:02711000	state-helper-ab52d0	0x140ab52d0	0x140ab5943	QWORD PTR [rax+0x328]
reference	PE:6a70a6d9:02711000	state-helper-ab52d0	0x140ab52d0	0x140ab5950	0x140c634f0
reference	PE:6a70a6d9:02711000	state-helper-ab52d0	0x140ab52d0	0x140ab595b	QWORD PTR [rax+0x330]
reference	PE:6a70a6d9:02711000	state-helper-c88f50	0x140c88f50	0x140c88feb	QWORD PTR [rax+0x10]
reference	PE:6a70a6d9:02711000	state-helper-c88f50	0x140c88f50	0x140c89002	QWORD PTR [rax+0x20]
reference	PE:6a70a6d9:02711000	state-helper-c88f50	0x140c88f50	0x140c89095	0x141368990
reference	PE:6a70a6d9:02711000	state-helper-c88f50	0x140c88f50	0x140c890db	0x1400bad30
reference	PE:6a70a6d9:02711000	state-helper-c88f50	0x140c88f50	0x140c89103	0x1400bad30
reference	PE:6a70a6d9:02711000	state-helper-c88f50	0x140c88f50	0x140c89155	0x140eb68b0
reference	PE:6a70a6d9:02711000	state-helper-c88f50	0x140c88f50	0x140c891c7	0x141329bf0
reference	PE:6a70a6d9:02711000	state-helper-c88f50	0x140c88f50	0x140c891f8	0x1413f9670
reference	PE:6a70a6d9:02711000	state-helper-c88f50	0x140c88f50	0x140c8920a	0x1413f95e0
reference	PE:6a70a6d9:02711000	state-helper-c88f50	0x140c88f50	0x140c8930a	0x14132e430
reference	PE:6a70a6d9:02711000	state-helper-c88f50	0x140c88f50	0x140c89325	0x14006fa10
reference	PE:6a70a6d9:02711000	state-helper-c88f50	0x140c88f50	0x140c8933b	0x14006fa10
reference	PE:6a70a6d9:02711000	state-helper-c88f50	0x140c88f50	0x140c89350	0x140c65450
reference	PE:6a70a6d9:02711000	state-helper-c88f50	0x140c88f50	0x140c8936b	0x14006fa10
reference	PE:6a70a6d9:02711000	state-helper-c88f50	0x140c88f50	0x140c89381	0x14006fa10
reference	PE:6a70a6d9:02711000	state-helper-c88f50	0x140c88f50	0x140c893bd	QWORD PTR [rip+0x95c765]        # 0x1415e5b28
reference	PE:6a70a6d9:02711000	state-helper-c88f50	0x140c88f50	0x140c893d7	0x141539680
reference	PE:6a70a6d9:02711000	state-helper-c88f50	0x140c88f50	0x140c893fb	0x14006fa10
reference	PE:6a70a6d9:02711000	state-helper-c88f50	0x140c88f50	0x140c89410	0x140c65450
reference	PE:6a70a6d9:02711000	state-helper-c88f50	0x140c88f50	0x140c8942b	0x14006fa10
reference	PE:6a70a6d9:02711000	state-helper-c88f50	0x140c88f50	0x140c89441	0x14006fa10
reference	PE:6a70a6d9:02711000	state-helper-c88f50	0x140c88f50	0x140c89473	0x14132e430
reference	PE:6a70a6d9:02711000	state-helper-c88f50	0x140c88f50	0x140c8948e	0x14006fa10
reference	PE:6a70a6d9:02711000	state-helper-c88f50	0x140c88f50	0x140c894a4	0x14006fa10
reference	PE:6a70a6d9:02711000	state-helper-c88f50	0x140c88f50	0x140c89547	0x14006fa10
reference	PE:6a70a6d9:02711000	state-helper-c88f50	0x140c88f50	0x140c8956f	0x14006fa10
reference	PE:6a70a6d9:02711000	state-helper-c88f50	0x140c88f50	0x140c89609	0x1400707d0
reference	PE:6a70a6d9:02711000	state-helper-c88f50	0x140c88f50	0x140c8962c	0x14153aa78
reference	PE:6a70a6d9:02711000	state-helper-c88f50	0x140c88f50	0x140c89664	0x141539680
reference	PE:6a70a6d9:02711000	state-helper-c88f50	0x140c88f50	0x140c8967b	0x14153aa78
reference	PE:6a70a6d9:02711000	state-helper-c88f50	0x140c88f50	0x140c896c4	0x14153ae1a
reference	PE:6a70a6d9:02711000	state-helper-c88f50	0x140c88f50	0x140c89701	0x1400707d0
reference	PE:6a70a6d9:02711000	state-helper-c88f50	0x140c88f50	0x140c8975e	QWORD PTR [rip+0x95c3c4]        # 0x1415e5b28
reference	PE:6a70a6d9:02711000	state-helper-c88f50	0x140c88f50	0x140c89765	0x141539680
reference	PE:6a70a6d9:02711000	state-helper-c88f50	0x140c88f50	0x140c89784	0x14006fa10
reference	PE:6a70a6d9:02711000	state-helper-c88f50	0x140c88f50	0x140c8979a	0x14006fa10
reference	PE:6a70a6d9:02711000	state-helper-c88f50	0x140c88f50	0x140c897a4	0x14006f850
reference	PE:6a70a6d9:02711000	state-helper-c88f50	0x140c88f50	0x140c897da	0x14132e430
reference	PE:6a70a6d9:02711000	state-helper-c88f50	0x140c88f50	0x140c897f5	0x14006fa10
reference	PE:6a70a6d9:02711000	state-helper-c88f50	0x140c88f50	0x140c8980b	0x14006fa10
reference	PE:6a70a6d9:02711000	state-helper-c88f50	0x140c88f50	0x140c89820	0x140c65450
reference	PE:6a70a6d9:02711000	state-helper-c88f50	0x140c88f50	0x140c8983b	0x14006fa10
reference	PE:6a70a6d9:02711000	state-helper-c88f50	0x140c88f50	0x140c89851	0x14006fa10
reference	PE:6a70a6d9:02711000	state-helper-c88f50	0x140c88f50	0x140c8985b	0x14006f850
reference	PE:6a70a6d9:02711000	state-helper-c88f50	0x140c88f50	0x140c898fc	0x14006f560
reference	PE:6a70a6d9:02711000	state-helper-c88f50	0x140c88f50	0x140c89911	0x140c65450
reference	PE:6a70a6d9:02711000	state-helper-c88f50	0x140c88f50	0x140c8991e	0x1400b9d10
reference	PE:6a70a6d9:02711000	state-helper-c88f50	0x140c88f50	0x140c8992e	0x14006f560
reference	PE:6a70a6d9:02711000	state-helper-c88f50	0x140c88f50	0x140c8994c	0x1413345d0
reference	PE:6a70a6d9:02711000	state-helper-c88f50	0x140c88f50	0x140c89959	0x1400b9d10
reference	PE:6a70a6d9:02711000	state-helper-c88f50	0x140c88f50	0x140c89969	0x14006f560
reference	PE:6a70a6d9:02711000	state-helper-c88f50	0x140c88f50	0x140c8997a	0x14006f560
reference	PE:6a70a6d9:02711000	state-helper-c88f50	0x140c88f50	0x140c8998f	0x140c65450
reference	PE:6a70a6d9:02711000	state-helper-c88f50	0x140c88f50	0x140c8999c	0x1400b9d10
reference	PE:6a70a6d9:02711000	state-helper-c88f50	0x140c88f50	0x140c899ac	0x14006f560
reference	PE:6a70a6d9:02711000	state-helper-c88f50	0x140c88f50	0x140c899d0	0x14006fa10
reference	PE:6a70a6d9:02711000	state-helper-c88f50	0x140c88f50	0x140c899e5	0x140c65450
reference	PE:6a70a6d9:02711000	state-helper-c88f50	0x140c88f50	0x140c89a00	0x14006fa10
reference	PE:6a70a6d9:02711000	state-helper-c88f50	0x140c88f50	0x140c89a16	0x14006fa10
reference	PE:6a70a6d9:02711000	state-helper-c88f50	0x140c88f50	0x140c89ab9	0x14006fa10
reference	PE:6a70a6d9:02711000	state-helper-c88f50	0x140c88f50	0x140c89ae1	0x14006fa10
reference	PE:6a70a6d9:02711000	state-helper-c88f50	0x140c88f50	0x140c89b7b	0x1400707d0
reference	PE:6a70a6d9:02711000	state-helper-c88f50	0x140c88f50	0x140c89b9e	0x14153aa78
reference	PE:6a70a6d9:02711000	state-helper-c88f50	0x140c88f50	0x140c89bd6	0x141539680
reference	PE:6a70a6d9:02711000	state-helper-c88f50	0x140c88f50	0x140c89bed	0x14153aa78
reference	PE:6a70a6d9:02711000	state-helper-c88f50	0x140c88f50	0x140c89c36	0x14153ae1a
reference	PE:6a70a6d9:02711000	state-helper-c88f50	0x140c88f50	0x140c89c73	0x1400707d0
reference	PE:6a70a6d9:02711000	state-helper-c88f50	0x140c88f50	0x140c89cd0	QWORD PTR [rip+0x95be52]        # 0x1415e5b28
reference	PE:6a70a6d9:02711000	state-helper-c88f50	0x140c88f50	0x140c89cd7	0x141539680
reference	PE:6a70a6d9:02711000	state-helper-c88f50	0x140c88f50	0x140c89cf3	0x14006fa10
reference	PE:6a70a6d9:02711000	state-helper-c88f50	0x140c88f50	0x140c89d08	0x140c65450
reference	PE:6a70a6d9:02711000	state-helper-c88f50	0x140c88f50	0x140c89d23	0x14006fa10
reference	PE:6a70a6d9:02711000	state-helper-c88f50	0x140c88f50	0x140c89d39	0x14006fa10
reference	PE:6a70a6d9:02711000	state-helper-c88f50	0x140c88f50	0x140c89dc3	0x1400e3c20
reference	PE:6a70a6d9:02711000	state-helper-c88f50	0x140c88f50	0x140c89dcd	0x14006f850
reference	PE:6a70a6d9:02711000	state-helper-c88f50	0x140c88f50	0x140c89dd7	0x14006f850
reference	PE:6a70a6d9:02711000	state-helper-c88f50	0x140c88f50	0x140c89de1	0x140066b70
reference	PE:6a70a6d9:02711000	state-helper-c88f50	0x140c88f50	0x140c89dec	0x140066b70
reference	PE:6a70a6d9:02711000	state-helper-c88f50	0x140c88f50	0x140c89df8	0x141539660
reference	PE:6a70a6d9:02711000	state-helper-c88f50	0x140c88f50	0x140c89e1e	0x140065890
reference	PE:6a70a6d9:02711000	state-helper-c88f50	0x140c88f50	0x140c89e24	0x140065890
reference	PE:6a70a6d9:02711000	state-helper-1325080	0x141325080	0x141325102	QWORD PTR [rax+0x10]
reference	PE:6a70a6d9:02711000	state-helper-1325080	0x141325080	0x141325116	QWORD PTR [rax+0x30]
reference	PE:6a70a6d9:02711000	state-helper-1325080	0x141325080	0x14132513d	QWORD PTR [rax+0x48]
reference	PE:6a70a6d9:02711000	state-helper-1325080	0x141325080	0x141325145	QWORD PTR [rax+0xd0]
reference	PE:6a70a6d9:02711000	state-helper-1325080	0x141325080	0x14132515e	QWORD PTR [rax+0xd0]
reference	PE:6a70a6d9:02711000	state-helper-1325080	0x141325080	0x1413251ee	0x140d026a0
reference	PE:6a70a6d9:02711000	state-helper-1325080	0x141325080	0x14132522f	0x1413625b0
reference	PE:6a70a6d9:02711000	state-helper-1325080	0x141325080	0x141325279	0x14138ed20
reference	PE:6a70a6d9:02711000	state-helper-1325080	0x141325080	0x14132538a	0x141330c30
reference	PE:6a70a6d9:02711000	state-helper-1325080	0x141325080	0x1413253a0	0x14006fa10
reference	PE:6a70a6d9:02711000	state-helper-1325080	0x141325080	0x1413253b0	0x140d03170
reference	PE:6a70a6d9:02711000	state-helper-1325080	0x141325080	0x1413253cb	0x14006fa10
reference	PE:6a70a6d9:02711000	state-helper-1325080	0x141325080	0x1413253e1	0x14006fa10
reference	PE:6a70a6d9:02711000	state-helper-1325080	0x141325080	0x14132543a	0x14006f560
reference	PE:6a70a6d9:02711000	state-helper-1325080	0x141325080	0x14132544e	0x140073b70
reference	PE:6a70a6d9:02711000	state-helper-1325080	0x141325080	0x14132546a	0x14132e430
reference	PE:6a70a6d9:02711000	state-helper-1325080	0x141325080	0x141325477	0x1400b9d10
reference	PE:6a70a6d9:02711000	state-helper-1325080	0x141325080	0x141325674	0x14006f690
reference	PE:6a70a6d9:02711000	state-helper-1325080	0x141325080	0x141325681	0x1401fb050
reference	PE:6a70a6d9:02711000	state-helper-1325080	0x141325080	0x1413256f2	0x14006f5a0
reference	PE:6a70a6d9:02711000	state-helper-1325080	0x141325080	0x14132570e	0x14006f5a0
reference	PE:6a70a6d9:02711000	state-helper-1325080	0x141325080	0x14132573c	0x140071fd0
reference	PE:6a70a6d9:02711000	state-helper-1325080	0x141325080	0x141325790	0x140a2adb0
reference	PE:6a70a6d9:02711000	state-helper-1325080	0x141325080	0x1413257a0	0x14006f560
reference	PE:6a70a6d9:02711000	state-helper-1325080	0x141325080	0x1413257b0	0x1400b9d10
reference	PE:6a70a6d9:02711000	state-helper-1325080	0x141325080	0x1413257c5	0x14006f560
reference	PE:6a70a6d9:02711000	state-helper-1325080	0x141325080	0x1413257d2	0x1401fb180
reference	PE:6a70a6d9:02711000	state-helper-1325080	0x141325080	0x1413257df	0x14006f850
reference	PE:6a70a6d9:02711000	state-helper-1325080	0x141325080	0x141325beb	0x14006f560
reference	PE:6a70a6d9:02711000	state-helper-1325080	0x141325080	0x141325bf6	0x1400b9b80
reference	PE:6a70a6d9:02711000	state-helper-1325080	0x141325080	0x141325c2c	QWORD PTR [rax+0x10]
reference	PE:6a70a6d9:02711000	state-helper-1325080	0x141325080	0x141325c3a	QWORD PTR [rax+0x18]
reference	PE:6a70a6d9:02711000	state-helper-1325080	0x141325080	0x141325c57	0x140c8baa0
reference	PE:6a70a6d9:02711000	state-helper-1325080	0x141325080	0x141325d4a	0x1400e3c20
reference	PE:6a70a6d9:02711000	state-helper-1325080	0x141325080	0x141325d54	0x14006f850
reference	PE:6a70a6d9:02711000	state-helper-1325080	0x141325080	0x141325d5e	0x14006f850
reference	PE:6a70a6d9:02711000	state-helper-1325080	0x141325080	0x141325de0	QWORD PTR [rax+0x10]
reference	PE:6a70a6d9:02711000	state-helper-1325080	0x141325080	0x141325df4	QWORD PTR [rax+0x30]
reference	PE:6a70a6d9:02711000	state-helper-1325080	0x141325080	0x141325e58	0x14006f560
reference	PE:6a70a6d9:02711000	state-helper-1325080	0x141325080	0x141325e90	0x140256880
reference	PE:6a70a6d9:02711000	state-helper-1325080	0x141325080	0x141325eab	0x14006fa10
reference	PE:6a70a6d9:02711000	state-helper-1325080	0x141325080	0x141325ec1	0x14006fa10
reference	PE:6a70a6d9:02711000	state-helper-1325080	0x141325080	0x141325ed0	QWORD PTR [rax+0x188]
reference	PE:6a70a6d9:02711000	state-helper-1325080	0x141325080	0x141325eec	0x14006fa10
reference	PE:6a70a6d9:02711000	state-helper-1325080	0x141325080	0x141325f02	0x14006fa10
reference	PE:6a70a6d9:02711000	state-helper-1325080	0x141325080	0x141325f76	0x1400e3c20
reference	PE:6a70a6d9:02711000	state-helper-1325080	0x141325080	0x141325fae	QWORD PTR [rip+0x2bfb74]        # 0x1415e5b28
reference	PE:6a70a6d9:02711000	state-helper-1325080	0x141325080	0x141325fb5	0x141539680
reference	PE:6a70a6d9:02711000	state-helper-1325080	0x141325080	0x141325ffc	QWORD PTR [rip+0x2bfb26]        # 0x1415e5b28
reference	PE:6a70a6d9:02711000	state-helper-1325080	0x141325080	0x141326003	0x141539680
reference	PE:6a70a6d9:02711000	state-helper-1325080	0x141325080	0x141326070	QWORD PTR [rax+0x10]
reference	PE:6a70a6d9:02711000	state-helper-1325080	0x141325080	0x141326084	QWORD PTR [rax+0x30]
reference	PE:6a70a6d9:02711000	state-helper-1325080	0x141325080	0x1413260eb	0x14006fa10
reference	PE:6a70a6d9:02711000	state-helper-1325080	0x141325080	0x141326152	0x14006f8d0
reference	PE:6a70a6d9:02711000	state-helper-1325080	0x141325080	0x14132616d	0x14006fa10
reference	PE:6a70a6d9:02711000	state-helper-1325080	0x141325080	0x141326183	0x14006fa10
reference	PE:6a70a6d9:02711000	state-helper-1325080	0x141325080	0x141326192	QWORD PTR [rax+0x188]
reference	PE:6a70a6d9:02711000	state-helper-1325080	0x141325080	0x1413261ae	0x14006fa10
reference	PE:6a70a6d9:02711000	state-helper-1325080	0x141325080	0x1413261c4	0x14006fa10
reference	PE:6a70a6d9:02711000	state-helper-1325080	0x141325080	0x141326238	0x1400e3c20
reference	PE:6a70a6d9:02711000	state-helper-1325080	0x141325080	0x141326270	QWORD PTR [rip+0x2bf8b2]        # 0x1415e5b28
reference	PE:6a70a6d9:02711000	state-helper-1325080	0x141325080	0x141326277	0x141539680
reference	PE:6a70a6d9:02711000	state-helper-1325080	0x141325080	0x1413262be	QWORD PTR [rip+0x2bf864]        # 0x1415e5b28
reference	PE:6a70a6d9:02711000	state-helper-1325080	0x141325080	0x1413262c5	0x141539680
reference	PE:6a70a6d9:02711000	state-helper-1325080	0x141325080	0x141326305	0x1414abf60
reference	PE:6a70a6d9:02711000	state-helper-1325080	0x141325080	0x141326324	0x14014e070
reference	PE:6a70a6d9:02711000	state-helper-1325080	0x141325080	0x14132633b	0x14143c8e0
reference	PE:6a70a6d9:02711000	state-helper-1325080	0x141325080	0x141326371	0x1414c8e90
reference	PE:6a70a6d9:02711000	state-helper-1325080	0x141325080	0x1413263a1	0x14014e070
reference	PE:6a70a6d9:02711000	state-helper-1325080	0x141325080	0x1413263b8	0x14143c8e0
reference	PE:6a70a6d9:02711000	state-helper-1325080	0x141325080	0x1413263ea	0x1414c8e90
reference	PE:6a70a6d9:02711000	state-helper-1325080	0x141325080	0x14132641a	0x14014e070
reference	PE:6a70a6d9:02711000	state-helper-1325080	0x141325080	0x141326431	0x14143c8e0
reference	PE:6a70a6d9:02711000	state-helper-1325080	0x141325080	0x141326467	0x1414c8e90
reference	PE:6a70a6d9:02711000	state-helper-1325080	0x141325080	0x14132648c	0x140067f80
reference	PE:6a70a6d9:02711000	state-helper-1325080	0x141325080	0x1413264e7	0x14014e070
reference	PE:6a70a6d9:02711000	state-helper-1325080	0x141325080	0x1413264fe	0x14143c8e0
reference	PE:6a70a6d9:02711000	state-helper-1325080	0x141325080	0x14132652f	0x1414b0dd0
reference	PE:6a70a6d9:02711000	state-helper-1325080	0x141325080	0x141326568	0x140067f80
reference	PE:6a70a6d9:02711000	state-helper-1325080	0x141325080	0x1413265c1	0x140067f80
reference	PE:6a70a6d9:02711000	state-helper-1325080	0x141325080	0x141326620	0x14143ca00
reference	PE:6a70a6d9:02711000	state-helper-1325080	0x141325080	0x141326652	0x1414c8e90
reference	PE:6a70a6d9:02711000	state-helper-1325080	0x141325080	0x141326682	0x14014e070
reference	PE:6a70a6d9:02711000	state-helper-1325080	0x141325080	0x141326699	0x14143c8e0
reference	PE:6a70a6d9:02711000	state-helper-1325080	0x141325080	0x1413266c6	0x1414b0dd0
reference	PE:6a70a6d9:02711000	state-helper-1325080	0x141325080	0x1413266fc	0x14014e070
reference	PE:6a70a6d9:02711000	state-helper-1325080	0x141325080	0x141326713	0x14143c8e0
reference	PE:6a70a6d9:02711000	state-helper-1325080	0x141325080	0x141326745	0x1414c8e90
reference	PE:6a70a6d9:02711000	state-helper-1325080	0x141325080	0x141326775	0x14014e070
reference	PE:6a70a6d9:02711000	state-helper-1325080	0x141325080	0x14132678c	0x14143c8e0
reference	PE:6a70a6d9:02711000	state-helper-1325080	0x141325080	0x1413267ba	0x140067f80
reference	PE:6a70a6d9:02711000	state-helper-1325080	0x141325080	0x1413267c2	0x1402c2fa0
reference	PE:6a70a6d9:02711000	state-helper-1325080	0x141325080	0x1413267e1	0x14014e070
reference	PE:6a70a6d9:02711000	state-helper-1325080	0x141325080	0x1413267f8	0x14143c8e0
reference	PE:6a70a6d9:02711000	state-helper-1325080	0x141325080	0x14132681f	0x14151b440
reference	PE:6a70a6d9:02711000	state-helper-1325080	0x141325080	0x14132684f	0x14014e070
reference	PE:6a70a6d9:02711000	state-helper-1325080	0x141325080	0x141326866	0x14143c8e0
reference	PE:6a70a6d9:02711000	state-helper-1325080	0x141325080	0x1413268e5	0x140067f80
reference	PE:6a70a6d9:02711000	state-helper-1325080	0x141325080	0x141326947	0x1402c3310
reference	PE:6a70a6d9:02711000	state-helper-1325080	0x141325080	0x14132697a	0x140067f80
reference	PE:6a70a6d9:02711000	state-helper-1325080	0x141325080	0x141326bfc	0x140067f80
reference	PE:6a70a6d9:02711000	state-helper-1325080	0x141325080	0x141326ec0	0x140067f80
reference	PE:6a70a6d9:02711000	state-helper-1325080	0x141325080	0x141326f22	0x1402c3310
reference	PE:6a70a6d9:02711000	state-helper-1325080	0x141325080	0x141326f57	0x140067f80
reference	PE:6a70a6d9:02711000	state-helper-1325080	0x141325080	0x14132707a	0x140068010
reference	PE:6a70a6d9:02711000	state-helper-1325080	0x141325080	0x1413270ba	0x140067f80
reference	PE:6a70a6d9:02711000	state-helper-1325080	0x141325080	0x141327112	0x140247630
reference	PE:6a70a6d9:02711000	state-helper-1325080	0x141325080	0x1413273d9	0x140067f80
reference	PE:6a70a6d9:02711000	state-helper-1325080	0x141325080	0x1413273e6	0x140247210
reference	PE:6a70a6d9:02711000	state-helper-1325080	0x141325080	0x1413273f7	0x140247630
reference	PE:6a70a6d9:02711000	state-helper-1325080	0x141325080	0x141327404	0x140256080
reference	PE:6a70a6d9:02711000	state-helper-1325080	0x141325080	0x14132746d	0x14143c830
reference	PE:6a70a6d9:02711000	state-helper-1325080	0x141325080	0x141327496	0x14014e070
reference	PE:6a70a6d9:02711000	state-helper-1325080	0x141325080	0x1413274bf	0x14014e070
reference	PE:6a70a6d9:02711000	state-helper-1325080	0x141325080	0x14132754a	0x14014e070
reference	PE:6a70a6d9:02711000	state-helper-1325080	0x141325080	0x141327573	0x14143c8e0
reference	PE:6a70a6d9:02711000	state-helper-1325080	0x141325080	0x14132759c	0x1400680a0
reference	PE:6a70a6d9:02711000	state-helper-1325080	0x141325080	0x141327620	0x14145bee0
reference	PE:6a70a6d9:02711000	state-helper-1325080	0x141325080	0x141327679	0x14014d880
reference	PE:6a70a6d9:02711000	state-helper-1325080	0x141325080	0x1413276a1	0x14014d880
reference	PE:6a70a6d9:02711000	state-helper-1325080	0x141325080	0x1413276fa	0x1414add70
reference	PE:6a70a6d9:02711000	state-helper-1325080	0x141325080	0x1413277e2	0x140a792e0
reference	PE:6a70a6d9:02711000	state-helper-1325080	0x141325080	0x141327822	QWORD PTR [rax+0x120]
reference	PE:6a70a6d9:02711000	state-helper-1325080	0x141325080	0x141327830	QWORD PTR [rdx+0x118]
reference	PE:6a70a6d9:02711000	state-helper-1325080	0x141325080	0x141327840	QWORD PTR [rax+0x258]
reference	PE:6a70a6d9:02711000	state-helper-1325080	0x141325080	0x141327883	0x140d09500
reference	PE:6a70a6d9:02711000	state-helper-1325080	0x141325080	0x141327914	0x140d08d40
reference	PE:6a70a6d9:02711000	state-helper-1325080	0x141325080	0x141327922	0x14133baf0
reference	PE:6a70a6d9:02711000	state-helper-1325080	0x141325080	0x14132797a	QWORD PTR [rax+0x330]
reference	PE:6a70a6d9:02711000	state-helper-1325080	0x141325080	0x14132798f	QWORD PTR [rax+0x328]
reference	PE:6a70a6d9:02711000	state-helper-1325080	0x141325080	0x141327b02	0x14006f8d0
reference	PE:6a70a6d9:02711000	state-helper-1325080	0x141325080	0x141327bd3	0x140d032b0
reference	PE:6a70a6d9:02711000	state-helper-1325080	0x141325080	0x141327bee	0x14006fa10
reference	PE:6a70a6d9:02711000	state-helper-1325080	0x141325080	0x141327c04	0x14006fa10
reference	PE:6a70a6d9:02711000	state-helper-1325080	0x141325080	0x141327c20	0x14052c130
reference	PE:6a70a6d9:02711000	state-helper-1325080	0x141325080	0x141327c36	0x14006fa10
reference	PE:6a70a6d9:02711000	state-helper-1325080	0x141325080	0x141327ca0	0x1400e3c20
reference	PE:6a70a6d9:02711000	state-helper-1325080	0x141325080	0x141327caa	0x14006f850
reference	PE:6a70a6d9:02711000	state-helper-1325080	0x141325080	0x141327cb4	0x14006f850
reference	PE:6a70a6d9:02711000	state-helper-1325080	0x141325080	0x141327cc1	0x14006f850
reference	PE:6a70a6d9:02711000	state-helper-1325080	0x141325080	0x141327ccd	0x14006f850
reference	PE:6a70a6d9:02711000	state-helper-1325080	0x141325080	0x141327cd6	0x14006f850
reference	PE:6a70a6d9:02711000	state-helper-1325080	0x141325080	0x141327d65	0x141436590
reference	PE:6a70a6d9:02711000	state-helper-1325080	0x141325080	0x141327d72	0x141539680
reference	PE:6a70a6d9:02711000	state-helper-1325080	0x141325080	0x141327e2a	0x140d02ea0
reference	PE:6a70a6d9:02711000	state-helper-1325080	0x141325080	0x141327e42	0x140d09950
reference	PE:6a70a6d9:02711000	state-helper-1325080	0x141325080	0x141327e5e	0x140d09950
reference	PE:6a70a6d9:02711000	state-helper-1325080	0x141325080	0x141327e6f	0x140d09950
reference	PE:6a70a6d9:02711000	state-helper-1325080	0x141325080	0x141327ea7	0x140a67820
reference	PE:6a70a6d9:02711000	state-helper-1325080	0x141325080	0x141327ecf	QWORD PTR [rax+0x10]
reference	PE:6a70a6d9:02711000	state-helper-1325080	0x141325080	0x141327ee3	QWORD PTR [rax+0x30]
reference	PE:6a70a6d9:02711000	state-helper-1325080	0x141325080	0x141327f49	0x14153ae1a
reference	PE:6a70a6d9:02711000	state-helper-1325080	0x141325080	0x141327f75	0x1400bad30
reference	PE:6a70a6d9:02711000	state-helper-1325080	0x141325080	0x141328012	0x141539660
reference	PE:6a70a6d9:02711000	state-helper-1328450	0x141328450	0x141328542	0x140d03170
reference	PE:6a70a6d9:02711000	state-helper-1328450	0x141328450	0x14132856c	0x14006fa10
reference	PE:6a70a6d9:02711000	state-helper-1328450	0x141328450	0x141328585	0x14006fa10
reference	PE:6a70a6d9:02711000	state-helper-1328450	0x141328450	0x141328594	0x140d03170
reference	PE:6a70a6d9:02711000	state-helper-1328450	0x141328450	0x1413285be	0x14006fa10
reference	PE:6a70a6d9:02711000	state-helper-1328450	0x141328450	0x14132863c	0x1400e3c20
reference	PE:6a70a6d9:02711000	state-helper-1328450	0x141328450	0x14132865d	QWORD PTR [rip+0x2bce15]        # 0x1415e5478
reference	PE:6a70a6d9:02711000	state-helper-1328450	0x141328450	0x14132866c	QWORD PTR [rip+0x2bcdfe]        # 0x1415e5470
reference	PE:6a70a6d9:02711000	state-helper-1328450	0x141328450	0x14132868e	QWORD PTR [rip+0x2bcddc]        # 0x1415e5470
reference	PE:6a70a6d9:02711000	state-helper-1328450	0x141328450	0x1413286a6	0x1402841f0
reference	PE:6a70a6d9:02711000	state-helper-1328450	0x141328450	0x1413286d0	0x141539d90
reference	PE:6a70a6d9:02711000	state-helper-1328450	0x141328450	0x1413286eb	0x141539d90
reference	PE:6a70a6d9:02711000	state-helper-1328450	0x141328450	0x141328701	0x1400700a0
reference	PE:6a70a6d9:02711000	state-helper-1328450	0x141328450	0x141328710	QWORD PTR [rip+0x2bcd42]        # 0x1415e5458
reference	PE:6a70a6d9:02711000	state-helper-1328450	0x141328450	0x14132871d	0x141539d90
reference	PE:6a70a6d9:02711000	state-helper-1328450	0x141328450	0x14132874e	0x1400700a0
reference	PE:6a70a6d9:02711000	state-helper-1328450	0x141328450	0x14132875d	QWORD PTR [rip+0x2bccf5]        # 0x1415e5458
reference	PE:6a70a6d9:02711000	state-helper-1328450	0x141328450	0x141328767	0x14014aac0
reference	PE:6a70a6d9:02711000	state-helper-1328450	0x141328450	0x141328788	QWORD PTR [rip+0x2bccc2]        # 0x1415e5450
reference	PE:6a70a6d9:02711000	state-helper-1328450	0x141328450	0x1413287f4	0x141410c80
reference	PE:6a70a6d9:02711000	state-helper-1328450	0x141328450	0x14132881d	QWORD PTR [rax]
reference	PE:6a70a6d9:02711000	state-helper-1328450	0x141328450	0x141328836	QWORD PTR [rax+0x8]
reference	PE:6a70a6d9:02711000	state-helper-1328450	0x141328450	0x141328866	0x14014a450
reference	PE:6a70a6d9:02711000	state-helper-1328450	0x141328450	0x14132886f	QWORD PTR [rip+0x2bcd23]        # 0x1415e5598
reference	PE:6a70a6d9:02711000	state-helper-1328450	0x141328450	0x141328879	QWORD PTR [rip+0x2bcc91]        # 0x1415e5510
reference	PE:6a70a6d9:02711000	state-helper-1328450	0x141328450	0x141328883	QWORD PTR [rip+0x2bcbf7]        # 0x1415e5480
reference	PE:6a70a6d9:02711000	state-helper-1328450	0x141328450	0x1413288c2	QWORD PTR [rip+0x2bd260]        # 0x1415e5b28
reference	PE:6a70a6d9:02711000	state-helper-1328450	0x141328450	0x1413288c9	0x141539680
reference	PE:6a70a6d9:02711000	state-helper-1328450	0x141328450	0x14132891f	QWORD PTR [rip+0x2bd203]        # 0x1415e5b28
reference	PE:6a70a6d9:02711000	state-helper-1328450	0x141328450	0x141328926	0x141539680
reference	PE:6a70a6d9:02711000	state-helper-1328450	0x141328450	0x141328972	0x140d09750
reference	PE:6a70a6d9:02711000	state-helper-1328450	0x141328450	0x14132898d	0x141539660
reference	PE:6a70a6d9:02711000	state-helper-132c090	0x14132c090	0x14132c0df	0x141385b10
reference	PE:6a70a6d9:02711000	state-helper-132c090	0x14132c090	0x14132c335	0x141385b10
reference	PE:6a70a6d9:02711000	state-helper-132c090	0x14132c090	0x14132c367	0x1413869f0
reference	PE:6a70a6d9:02711000	state-helper-132c090	0x14132c090	0x14132c4a0	0x14132e430
reference	PE:6a70a6d9:02711000	state-helper-132c090	0x14132c090	0x14132c516	0x1400707d0
reference	PE:6a70a6d9:02711000	state-helper-132c090	0x14132c090	0x14132c531	0x14153aa78
reference	PE:6a70a6d9:02711000	state-helper-132c090	0x14132c090	0x14132c56d	0x14006fa10
reference	PE:6a70a6d9:02711000	state-helper-132c090	0x14132c090	0x14132c583	0x14006fa10
reference	PE:6a70a6d9:02711000	state-helper-132c090	0x14132c090	0x14132c5a8	0x140c65450
reference	PE:6a70a6d9:02711000	state-helper-132c090	0x14132c090	0x14132c5c3	0x14006fa10
reference	PE:6a70a6d9:02711000	state-helper-132c090	0x14132c090	0x14132c5d6	0x14006fa10
reference	PE:6a70a6d9:02711000	state-helper-132c090	0x14132c090	0x14132c668	0x1400e3c20
reference	PE:6a70a6d9:02711000	state-helper-132c090	0x14132c090	0x14132c672	0x14006f850
reference	PE:6a70a6d9:02711000	state-helper-132c090	0x14132c090	0x14132c67c	0x14006f850
reference	PE:6a70a6d9:02711000	state-helper-132c090	0x14132c090	0x14132c686	0x14006f850
reference	PE:6a70a6d9:02711000	state-helper-132c090	0x14132c090	0x14132c6bd	0x14138ed20
reference	PE:6a70a6d9:02711000	state-helper-132c090	0x14132c090	0x14132c733	0x1400ba0a0
reference	PE:6a70a6d9:02711000	state-helper-132c090	0x14132c090	0x14132c7e3	0x1400ba0a0
reference	PE:6a70a6d9:02711000	state-helper-132c090	0x14132c090	0x14132c854	0x140c634f0
reference	PE:6a70a6d9:02711000	state-helper-132c090	0x14132c090	0x14132c882	0x141329bf0
reference	PE:6a70a6d9:02711000	state-helper-132c090	0x14132c090	0x14132c89b	0x1400babe0
reference	PE:6a70a6d9:02711000	state-helper-132c090	0x14132c090	0x14132c8cd	0x1400babe0
reference	PE:6a70a6d9:02711000	state-helper-132c090	0x14132c090	0x14132c8ee	0x14153ae1a
reference	PE:6a70a6d9:02711000	state-helper-132c090	0x14132c090	0x14132c90c	0x1400babe0
reference	PE:6a70a6d9:02711000	state-helper-132c090	0x14132c090	0x14132c93b	0x1400babe0
reference	PE:6a70a6d9:02711000	state-helper-132c090	0x14132c090	0x14132c95c	0x14153ae1a
reference	PE:6a70a6d9:02711000	state-helper-132c090	0x14132c090	0x14132c99e	0x1400babe0
reference	PE:6a70a6d9:02711000	state-helper-132c090	0x14132c090	0x14132c9bf	0x1400babe0
reference	PE:6a70a6d9:02711000	state-helper-132c090	0x14132c090	0x14132c9e0	0x14153ae1a
reference	PE:6a70a6d9:02711000	state-helper-132c090	0x14132c090	0x14132cb1c	0x141325080
reference	PE:6a70a6d9:02711000	state-helper-132c090	0x14132c090	0x14132cb29	0x14006f750
reference	PE:6a70a6d9:02711000	state-helper-132c090	0x14132c090	0x14132cb35	0x14006f850
reference	PE:6a70a6d9:02711000	state-helper-132c090	0x14132c090	0x14132cb41	0x14006f850
reference	PE:6a70a6d9:02711000	state-helper-132c090	0x14132c090	0x14132cb50	0x141539660
reference	PE:6a70a6d9:02711000	state-helper-132c090	0x14132c090	0x14132cb76	0x140065890
reference	PE:6a70a6d9:02711000	state-helper-13356f0	0x1413356f0	0x141335768	0x1400ba0a0
reference	PE:6a70a6d9:02711000	state-helper-13356f0	0x1413356f0	0x14133578e	0x140b530b0
reference	PE:6a70a6d9:02711000	state-helper-13356f0	0x1413356f0	0x141335807	0x140e15060
reference	PE:6a70a6d9:02711000	state-helper-13356f0	0x1413356f0	0x1413358bc	0x140e19100
reference	PE:6a70a6d9:02711000	state-helper-13356f0	0x1413356f0	0x1413358db	0x140c20ad0
reference	PE:6a70a6d9:02711000	state-helper-13356f0	0x1413356f0	0x1413358f1	0x141539690
reference	PE:6a70a6d9:02711000	state-helper-13356f0	0x1413356f0	0x141335940	0x141539690
reference	PE:6a70a6d9:02711000	state-helper-13356f0	0x1413356f0	0x141335950	0x1405c02a0
reference	PE:6a70a6d9:02711000	state-helper-13356f0	0x1413356f0	0x141335982	0x1407de320
reference	PE:6a70a6d9:02711000	state-helper-13356f0	0x1413356f0	0x141335a67	0x1400ba1a0
reference	PE:6a70a6d9:02711000	state-helper-13356f0	0x1413356f0	0x141335a7f	0x141539690
reference	PE:6a70a6d9:02711000	state-helper-13356f0	0x1413356f0	0x141335ab4	0x1410e9330
reference	PE:6a70a6d9:02711000	state-helper-13356f0	0x1413356f0	0x141335b8c	0x1400704c0
reference	PE:6a70a6d9:02711000	state-helper-13356f0	0x1413356f0	0x141335bc3	0x1400704c0
reference	PE:6a70a6d9:02711000	state-helper-13356f0	0x1413356f0	0x141335bfa	0x140eb68b0
reference	PE:6a70a6d9:02711000	state-helper-13356f0	0x1413356f0	0x141335c30	0x140eb68b0
reference	PE:6a70a6d9:02711000	state-helper-13356f0	0x1413356f0	0x141335c63	0x140eb68b0
reference	PE:6a70a6d9:02711000	state-helper-13356f0	0x1413356f0	0x141335c93	0x140eb68b0
reference	PE:6a70a6d9:02711000	state-helper-13356f0	0x1413356f0	0x141335cd4	0x140eb68b0
reference	PE:6a70a6d9:02711000	state-helper-13356f0	0x1413356f0	0x141335d0b	0x140eb68b0
reference	PE:6a70a6d9:02711000	state-helper-13356f0	0x1413356f0	0x141335d3e	0x140eb68b0
reference	PE:6a70a6d9:02711000	state-helper-13356f0	0x1413356f0	0x141335de9	0x1410e8510
reference	PE:6a70a6d9:02711000	state-helper-13356f0	0x1413356f0	0x141335e44	0x14153ae1a
reference	PE:6a70a6d9:02711000	state-helper-13356f0	0x1413356f0	0x141335eac	0x14153ae1a
reference	PE:6a70a6d9:02711000	state-helper-13356f0	0x1413356f0	0x141335f34	0x1400704c0
reference	PE:6a70a6d9:02711000	state-helper-13356f0	0x1413356f0	0x141335f58	0x140eb68b0
reference	PE:6a70a6d9:02711000	state-helper-13356f0	0x1413356f0	0x141335fa2	0x14133baf0
reference	PE:6a70a6d9:02711000	state-helper-13356f0	0x1413356f0	0x141335fb4	0x14153ae1a
reference	PE:6a70a6d9:02711000	state-helper-13356f0	0x1413356f0	0x141336024	0x1400704c0
reference	PE:6a70a6d9:02711000	state-helper-13356f0	0x1413356f0	0x141336048	0x140eb68b0
reference	PE:6a70a6d9:02711000	state-helper-13356f0	0x1413356f0	0x141336092	0x14133baf0
reference	PE:6a70a6d9:02711000	state-helper-13356f0	0x1413356f0	0x1413360a4	0x14153ae1a
reference	PE:6a70a6d9:02711000	state-helper-13356f0	0x1413356f0	0x1413361be	0x140eb68b0
reference	PE:6a70a6d9:02711000	state-helper-13356f0	0x1413356f0	0x141336205	0x140eb68b0
reference	PE:6a70a6d9:02711000	state-helper-13356f0	0x1413356f0	0x141336257	0x14133baf0
reference	PE:6a70a6d9:02711000	state-helper-13356f0	0x1413356f0	0x141336292	0x14133baf0
reference	PE:6a70a6d9:02711000	state-helper-13356f0	0x1413356f0	0x1413362a2	0x14133baf0
reference	PE:6a70a6d9:02711000	state-helper-13356f0	0x1413356f0	0x1413362b2	0x14133baf0
reference	PE:6a70a6d9:02711000	state-helper-13356f0	0x1413356f0	0x1413362c2	0x14133baf0
reference	PE:6a70a6d9:02711000	state-helper-13356f0	0x1413356f0	0x1413362d2	0x14133baf0
reference	PE:6a70a6d9:02711000	state-helper-13356f0	0x1413356f0	0x1413362ec	0x14133baf0
reference	PE:6a70a6d9:02711000	state-helper-13356f0	0x1413356f0	0x1413362fc	0x14133baf0
reference	PE:6a70a6d9:02711000	state-helper-13356f0	0x1413356f0	0x14133630c	0x14133baf0
reference	PE:6a70a6d9:02711000	state-helper-13356f0	0x1413356f0	0x14133631c	0x14133baf0
reference	PE:6a70a6d9:02711000	state-helper-13356f0	0x1413356f0	0x14133633c	0x14133baf0
reference	PE:6a70a6d9:02711000	state-helper-13356f0	0x1413356f0	0x141336351	0x14133baf0
reference	PE:6a70a6d9:02711000	state-helper-13356f0	0x1413356f0	0x141336361	0x14133baf0
reference	PE:6a70a6d9:02711000	state-helper-13356f0	0x1413356f0	0x141336371	0x14133baf0
reference	PE:6a70a6d9:02711000	state-helper-13356f0	0x1413356f0	0x141336381	0x14133baf0
reference	PE:6a70a6d9:02711000	state-helper-13356f0	0x1413356f0	0x141336391	0x14133baf0
reference	PE:6a70a6d9:02711000	state-helper-13356f0	0x1413356f0	0x1413363a1	0x14133baf0
reference	PE:6a70a6d9:02711000	state-helper-13356f0	0x1413356f0	0x1413363e6	0x140071040
reference	PE:6a70a6d9:02711000	state-helper-13356f0	0x1413356f0	0x14133641f	0x140071040
reference	PE:6a70a6d9:02711000	state-helper-13356f0	0x1413356f0	0x141336458	0x140071040
reference	PE:6a70a6d9:02711000	state-helper-13356f0	0x1413356f0	0x141336491	0x140071040
reference	PE:6a70a6d9:02711000	state-helper-13356f0	0x1413356f0	0x1413364ca	0x140071040
reference	PE:6a70a6d9:02711000	state-helper-13356f0	0x1413356f0	0x141336503	0x140071040
reference	PE:6a70a6d9:02711000	state-helper-13356f0	0x1413356f0	0x14133653c	0x140071040
reference	PE:6a70a6d9:02711000	state-helper-13356f0	0x1413356f0	0x141336575	0x140071040
reference	PE:6a70a6d9:02711000	state-helper-13356f0	0x1413356f0	0x1413365ae	0x140071040
reference	PE:6a70a6d9:02711000	state-helper-13356f0	0x1413356f0	0x1413365e7	0x140071040
reference	PE:6a70a6d9:02711000	state-helper-13356f0	0x1413356f0	0x141336602	0x140eb68b0
reference	PE:6a70a6d9:02711000	state-helper-13356f0	0x1413356f0	0x14133664a	0x140eb68b0
reference	PE:6a70a6d9:02711000	state-helper-13356f0	0x1413356f0	0x141336692	0x14133baf0
reference	PE:6a70a6d9:02711000	state-helper-13356f0	0x1413356f0	0x14133669d	0x140eb68b0
reference	PE:6a70a6d9:02711000	state-helper-13356f0	0x1413356f0	0x14133677e	0x14133baf0
reference	PE:6a70a6d9:02711000	state-helper-13356f0	0x1413356f0	0x141336789	0x14006f7b0
reference	PE:6a70a6d9:02711000	state-helper-13356f0	0x1413356f0	0x14133679f	0x1413f74b0
reference	PE:6a70a6d9:02711000	state-helper-13356f0	0x1413356f0	0x1413367aa	0x14006f7b0
reference	PE:6a70a6d9:02711000	state-helper-13356f0	0x1413356f0	0x1413367b4	0x14006f7b0
reference	PE:6a70a6d9:02711000	state-helper-13356f0	0x1413356f0	0x1413367be	0x14006f7b0
reference	PE:6a70a6d9:02711000	state-helper-13356f0	0x1413356f0	0x1413367dc	0x14138ed20
reference	PE:6a70a6d9:02711000	state-helper-13356f0	0x1413356f0	0x14133682d	0x1404390d0
reference	PE:6a70a6d9:02711000	state-helper-13356f0	0x1413356f0	0x1413368f5	0x141539690
reference	PE:6a70a6d9:02711000	state-helper-13356f0	0x1413356f0	0x14133692e	0x1400bad30
reference	PE:6a70a6d9:02711000	state-helper-13356f0	0x1413356f0	0x141336957	0x140b47bf0
reference	PE:6a70a6d9:02711000	state-helper-13356f0	0x1413356f0	0x14133695c	0x140eb68b0
reference	PE:6a70a6d9:02711000	state-helper-13356f0	0x1413356f0	0x14133698a	0x140eb68b0
reference	PE:6a70a6d9:02711000	state-helper-13356f0	0x1413356f0	0x141336a7e	0x141336df0
reference	PE:6a70a6d9:02711000	state-helper-13356f0	0x1413356f0	0x141336a8d	0x141539660
reference	PE:6a70a6d9:02711000	state-helper-133baf0	0x14133baf0	0x14133bb21	0x1410e8cf0
reference	PE:6a70a6d9:02711000	state-helper-133baf0	0x14133baf0	0x14133bb2f	0x14133bcf0
reference	PE:6a70a6d9:02711000	state-helper-133baf0	0x14133baf0	0x14133bb4e	0x1400ba1a0
reference	PE:6a70a6d9:02711000	state-helper-133baf0	0x14133baf0	0x14133bba0	0x1413eff80
reference	PE:6a70a6d9:02711000	state-helper-133bcf0	0x14133bcf0	0x14133beff	0x141373910
reference	PE:6a70a6d9:02711000	state-helper-133bcf0	0x14133bcf0	0x14133bf22	0x14138ed20
reference	PE:6a70a6d9:02711000	state-helper-133bcf0	0x14133bcf0	0x14133bf54	0x140b530b0
reference	PE:6a70a6d9:02711000	state-helper-133bcf0	0x14133bcf0	0x14133bf6b	0x140bbb0d0
reference	PE:6a70a6d9:02711000	state-helper-133bcf0	0x14133bcf0	0x14133bfb4	0x1413e5a90
reference	PE:6a70a6d9:02711000	state-helper-133bcf0	0x14133bcf0	0x14133bfcb	0x140a94030
reference	PE:6a70a6d9:02711000	state-helper-133bcf0	0x14133bcf0	0x14133bfe1	0x14006fa10
reference	PE:6a70a6d9:02711000	state-helper-133bcf0	0x14133bcf0	0x14133c007	0x14132f980
reference	PE:6a70a6d9:02711000	state-helper-133bcf0	0x14133bcf0	0x14133c022	0x14006fa10
reference	PE:6a70a6d9:02711000	state-helper-133bcf0	0x14133bcf0	0x14133c038	0x14006fa10
reference	PE:6a70a6d9:02711000	state-helper-133bcf0	0x14133bcf0	0x14133c0c0	0x1400e3c20
reference	PE:6a70a6d9:02711000	state-helper-133bcf0	0x14133bcf0	0x14133c0f8	QWORD PTR [rip+0x2a9a2a]        # 0x1415e5b28
reference	PE:6a70a6d9:02711000	state-helper-133bcf0	0x14133bcf0	0x14133c0ff	0x141539680
reference	PE:6a70a6d9:02711000	state-helper-133bcf0	0x14133bcf0	0x14133c118	0x14006f850
reference	PE:6a70a6d9:02711000	state-helper-133bcf0	0x14133bcf0	0x14133c166	0x1402b61e0
reference	PE:6a70a6d9:02711000	state-helper-133bcf0	0x14133bcf0	0x14133c17c	0x1407420b0
reference	PE:6a70a6d9:02711000	state-helper-133bcf0	0x14133bcf0	0x14133c189	0x1402b61e0
reference	PE:6a70a6d9:02711000	state-helper-133bcf0	0x14133bcf0	0x14133c1d1	0x140b530b0
reference	PE:6a70a6d9:02711000	state-helper-133bcf0	0x14133bcf0	0x14133c1e3	0x140b973c0
reference	PE:6a70a6d9:02711000	state-helper-133bcf0	0x14133bcf0	0x14133c201	0x14138f250
reference	PE:6a70a6d9:02711000	state-helper-133bcf0	0x14133bcf0	0x14133c21f	0x140b530b0
reference	PE:6a70a6d9:02711000	state-helper-133bcf0	0x14133bcf0	0x14133c231	0x140b973c0
reference	PE:6a70a6d9:02711000	state-helper-133bcf0	0x14133bcf0	0x14133c253	0x14138f250
reference	PE:6a70a6d9:02711000	state-helper-133bcf0	0x14133bcf0	0x14133c269	0x140b530b0
reference	PE:6a70a6d9:02711000	state-helper-133bcf0	0x14133bcf0	0x14133c2af	QWORD PTR [rax]
reference	PE:6a70a6d9:02711000	state-helper-133bcf0	0x14133bcf0	0x14133c2de	0x1400ba0a0
reference	PE:6a70a6d9:02711000	state-helper-133bcf0	0x14133bcf0	0x14133c31c	0x140070e20
reference	PE:6a70a6d9:02711000	state-helper-133bcf0	0x14133bcf0	0x14133c365	0x140b530b0
reference	PE:6a70a6d9:02711000	state-helper-133bcf0	0x14133bcf0	0x14133c382	0x140b963d0
reference	PE:6a70a6d9:02711000	state-helper-133bcf0	0x14133bcf0	0x14133c391	0x14006f750
reference	PE:6a70a6d9:02711000	state-helper-133bcf0	0x14133bcf0	0x14133c4ed	0x14138ed20
reference	PE:6a70a6d9:02711000	state-helper-133bcf0	0x14133bcf0	0x14133c53e	0x1413e5a90
reference	PE:6a70a6d9:02711000	state-helper-133bcf0	0x14133bcf0	0x14133c555	0x140a94030
reference	PE:6a70a6d9:02711000	state-helper-133bcf0	0x14133bcf0	0x14133c56b	0x14006fa10
reference	PE:6a70a6d9:02711000	state-helper-133bcf0	0x14133bcf0	0x14133c591	0x14132f980
reference	PE:6a70a6d9:02711000	state-helper-133bcf0	0x14133bcf0	0x14133c5ac	0x14006fa10
reference	PE:6a70a6d9:02711000	state-helper-133bcf0	0x14133bcf0	0x14133c5c2	0x14006fa10
reference	PE:6a70a6d9:02711000	state-helper-133bcf0	0x14133bcf0	0x14133c64c	0x1400e3c20
reference	PE:6a70a6d9:02711000	state-helper-133bcf0	0x14133bcf0	0x14133c684	QWORD PTR [rip+0x2a949e]        # 0x1415e5b28
reference	PE:6a70a6d9:02711000	state-helper-133bcf0	0x14133bcf0	0x14133c68b	0x141539680
reference	PE:6a70a6d9:02711000	state-helper-133bcf0	0x14133bcf0	0x14133c6a4	0x14006f850
reference	PE:6a70a6d9:02711000	state-helper-133bcf0	0x14133bcf0	0x14133c730	0x14138ed20
reference	PE:6a70a6d9:02711000	state-helper-133bcf0	0x14133bcf0	0x14133c774	0x1413e5a90
reference	PE:6a70a6d9:02711000	state-helper-133bcf0	0x14133bcf0	0x14133c78b	0x140a94030
reference	PE:6a70a6d9:02711000	state-helper-133bcf0	0x14133bcf0	0x14133c7a1	0x14006fa10
reference	PE:6a70a6d9:02711000	state-helper-133bcf0	0x14133bcf0	0x14133c7c7	0x14132f980
reference	PE:6a70a6d9:02711000	state-helper-133bcf0	0x14133bcf0	0x14133c7e2	0x14006fa10
reference	PE:6a70a6d9:02711000	state-helper-133bcf0	0x14133bcf0	0x14133c7f8	0x14006fa10
reference	PE:6a70a6d9:02711000	state-helper-133bcf0	0x14133bcf0	0x14133c877	0x1400e3c20
reference	PE:6a70a6d9:02711000	state-helper-133bcf0	0x14133bcf0	0x14133c8af	QWORD PTR [rip+0x2a9273]        # 0x1415e5b28
reference	PE:6a70a6d9:02711000	state-helper-133bcf0	0x14133bcf0	0x14133c8b6	0x141539680
reference	PE:6a70a6d9:02711000	state-helper-133bcf0	0x14133bcf0	0x14133c901	QWORD PTR [rip+0x2a9221]        # 0x1415e5b28
reference	PE:6a70a6d9:02711000	state-helper-133bcf0	0x14133bcf0	0x14133c908	0x141539680
reference	PE:6a70a6d9:02711000	state-helper-133bcf0	0x14133bcf0	0x14133c99a	0x14138ed20
reference	PE:6a70a6d9:02711000	state-helper-133bcf0	0x14133bcf0	0x14133c9de	0x1413e5a90
reference	PE:6a70a6d9:02711000	state-helper-133bcf0	0x14133bcf0	0x14133c9f5	0x140a94030
reference	PE:6a70a6d9:02711000	state-helper-133bcf0	0x14133bcf0	0x14133ca0b	0x14006fa10
reference	PE:6a70a6d9:02711000	state-helper-133bcf0	0x14133bcf0	0x14133ca31	0x14132f980
reference	PE:6a70a6d9:02711000	state-helper-133bcf0	0x14133bcf0	0x14133ca4c	0x14006fa10
reference	PE:6a70a6d9:02711000	state-helper-133bcf0	0x14133bcf0	0x14133ca62	0x14006fa10
reference	PE:6a70a6d9:02711000	state-helper-133bcf0	0x14133bcf0	0x14133cae1	0x1400e3c20
reference	PE:6a70a6d9:02711000	state-helper-133bcf0	0x14133bcf0	0x14133cb19	QWORD PTR [rip+0x2a9009]        # 0x1415e5b28
reference	PE:6a70a6d9:02711000	state-helper-133bcf0	0x14133bcf0	0x14133cb20	0x141539680
reference	PE:6a70a6d9:02711000	state-helper-133bcf0	0x14133bcf0	0x14133cb73	QWORD PTR [rip+0x2a8faf]        # 0x1415e5b28
reference	PE:6a70a6d9:02711000	state-helper-133bcf0	0x14133bcf0	0x14133cc0a	0x14138ed20
reference	PE:6a70a6d9:02711000	state-helper-133bcf0	0x14133bcf0	0x14133cc4e	0x1413e5a90
reference	PE:6a70a6d9:02711000	state-helper-133bcf0	0x14133bcf0	0x14133cc65	0x140a94030
reference	PE:6a70a6d9:02711000	state-helper-133bcf0	0x14133bcf0	0x14133cc7b	0x14006fa10
reference	PE:6a70a6d9:02711000	state-helper-133bcf0	0x14133bcf0	0x14133cca1	0x14132f980
reference	PE:6a70a6d9:02711000	state-helper-133bcf0	0x14133bcf0	0x14133ccbc	0x14006fa10
reference	PE:6a70a6d9:02711000	state-helper-133bcf0	0x14133bcf0	0x14133ccd2	0x14006fa10
reference	PE:6a70a6d9:02711000	state-helper-133bcf0	0x14133bcf0	0x14133cd51	0x1400e3c20
reference	PE:6a70a6d9:02711000	state-helper-133bcf0	0x14133bcf0	0x14133cd89	QWORD PTR [rip+0x2a8d99]        # 0x1415e5b28
reference	PE:6a70a6d9:02711000	state-helper-133bcf0	0x14133bcf0	0x14133cd90	0x141539680
reference	PE:6a70a6d9:02711000	state-helper-133bcf0	0x14133bcf0	0x14133cde3	QWORD PTR [rip+0x2a8d3f]        # 0x1415e5b28
reference	PE:6a70a6d9:02711000	state-helper-133bcf0	0x14133bcf0	0x14133ce7a	0x14138ed20
reference	PE:6a70a6d9:02711000	state-helper-133bcf0	0x14133bcf0	0x14133cebe	0x1413e5a90
reference	PE:6a70a6d9:02711000	state-helper-133bcf0	0x14133bcf0	0x14133ced5	0x140a94030
reference	PE:6a70a6d9:02711000	state-helper-133bcf0	0x14133bcf0	0x14133ceeb	0x14006fa10
reference	PE:6a70a6d9:02711000	state-helper-133bcf0	0x14133bcf0	0x14133cf11	0x14132f980
reference	PE:6a70a6d9:02711000	state-helper-133bcf0	0x14133bcf0	0x14133cf2c	0x14006fa10
reference	PE:6a70a6d9:02711000	state-helper-133bcf0	0x14133bcf0	0x14133cf42	0x14006fa10
reference	PE:6a70a6d9:02711000	state-helper-133bcf0	0x14133bcf0	0x14133cfc1	0x1400e3c20
reference	PE:6a70a6d9:02711000	state-helper-133bcf0	0x14133bcf0	0x14133cff9	QWORD PTR [rip+0x2a8b29]        # 0x1415e5b28
reference	PE:6a70a6d9:02711000	state-helper-133bcf0	0x14133bcf0	0x14133d000	0x141539680
reference	PE:6a70a6d9:02711000	state-helper-133bcf0	0x14133bcf0	0x14133d053	QWORD PTR [rip+0x2a8acf]        # 0x1415e5b28
reference	PE:6a70a6d9:02711000	state-helper-133bcf0	0x14133bcf0	0x14133d0ea	0x14138ed20
reference	PE:6a70a6d9:02711000	state-helper-133bcf0	0x14133bcf0	0x14133d12e	0x1413e5a90
reference	PE:6a70a6d9:02711000	state-helper-133bcf0	0x14133bcf0	0x14133d145	0x140a94030
reference	PE:6a70a6d9:02711000	state-helper-133bcf0	0x14133bcf0	0x14133d15b	0x14006fa10
reference	PE:6a70a6d9:02711000	state-helper-133bcf0	0x14133bcf0	0x14133d181	0x14132f980
reference	PE:6a70a6d9:02711000	state-helper-133bcf0	0x14133bcf0	0x14133d19c	0x14006fa10
reference	PE:6a70a6d9:02711000	state-helper-133bcf0	0x14133bcf0	0x14133d1b2	0x14006fa10
reference	PE:6a70a6d9:02711000	state-helper-133bcf0	0x14133bcf0	0x14133d231	0x1400e3c20
reference	PE:6a70a6d9:02711000	state-helper-133bcf0	0x14133bcf0	0x14133d269	QWORD PTR [rip+0x2a88b9]        # 0x1415e5b28
reference	PE:6a70a6d9:02711000	state-helper-133bcf0	0x14133bcf0	0x14133d270	0x141539680
reference	PE:6a70a6d9:02711000	state-helper-133bcf0	0x14133bcf0	0x14133d2c3	QWORD PTR [rip+0x2a885f]        # 0x1415e5b28
reference	PE:6a70a6d9:02711000	state-helper-133bcf0	0x14133bcf0	0x14133d35a	0x14138ed20
reference	PE:6a70a6d9:02711000	state-helper-133bcf0	0x14133bcf0	0x14133d39e	0x1413e5a90
reference	PE:6a70a6d9:02711000	state-helper-133bcf0	0x14133bcf0	0x14133d3b5	0x140a94030
reference	PE:6a70a6d9:02711000	state-helper-133bcf0	0x14133bcf0	0x14133d3cb	0x14006fa10
reference	PE:6a70a6d9:02711000	state-helper-133bcf0	0x14133bcf0	0x14133d3f1	0x14132f980
reference	PE:6a70a6d9:02711000	state-helper-133bcf0	0x14133bcf0	0x14133d40c	0x14006fa10
reference	PE:6a70a6d9:02711000	state-helper-133bcf0	0x14133bcf0	0x14133d422	0x14006fa10
reference	PE:6a70a6d9:02711000	state-helper-133bcf0	0x14133bcf0	0x14133d4a1	0x1400e3c20
reference	PE:6a70a6d9:02711000	state-helper-133bcf0	0x14133bcf0	0x14133d4d9	QWORD PTR [rip+0x2a8649]        # 0x1415e5b28
reference	PE:6a70a6d9:02711000	state-helper-133bcf0	0x14133bcf0	0x14133d4e0	0x141539680
reference	PE:6a70a6d9:02711000	state-helper-133bcf0	0x14133bcf0	0x14133d533	QWORD PTR [rip+0x2a85ef]        # 0x1415e5b28
reference	PE:6a70a6d9:02711000	state-helper-133bcf0	0x14133bcf0	0x14133d5ca	0x14138ed20
reference	PE:6a70a6d9:02711000	state-helper-133bcf0	0x14133bcf0	0x14133d60e	0x1413e5a90
reference	PE:6a70a6d9:02711000	state-helper-133bcf0	0x14133bcf0	0x14133d625	0x140a94030
reference	PE:6a70a6d9:02711000	state-helper-133bcf0	0x14133bcf0	0x14133d63b	0x14006fa10
reference	PE:6a70a6d9:02711000	state-helper-133bcf0	0x14133bcf0	0x14133d661	0x14132f980
reference	PE:6a70a6d9:02711000	state-helper-133bcf0	0x14133bcf0	0x14133d67c	0x14006fa10
reference	PE:6a70a6d9:02711000	state-helper-133bcf0	0x14133bcf0	0x14133d692	0x14006fa10
reference	PE:6a70a6d9:02711000	state-helper-133bcf0	0x14133bcf0	0x14133d711	0x1400e3c20
reference	PE:6a70a6d9:02711000	state-helper-133bcf0	0x14133bcf0	0x14133d749	QWORD PTR [rip+0x2a83d9]        # 0x1415e5b28
reference	PE:6a70a6d9:02711000	state-helper-133bcf0	0x14133bcf0	0x14133d750	0x141539680
reference	PE:6a70a6d9:02711000	state-helper-133bcf0	0x14133bcf0	0x14133d7a3	QWORD PTR [rip+0x2a837f]        # 0x1415e5b28
reference	PE:6a70a6d9:02711000	state-helper-133bcf0	0x14133bcf0	0x14133d83a	0x14138ed20
reference	PE:6a70a6d9:02711000	state-helper-133bcf0	0x14133bcf0	0x14133d87e	0x1413e5a90
reference	PE:6a70a6d9:02711000	state-helper-133bcf0	0x14133bcf0	0x14133d895	0x140a94030
reference	PE:6a70a6d9:02711000	state-helper-133bcf0	0x14133bcf0	0x14133d8ab	0x14006fa10
reference	PE:6a70a6d9:02711000	state-helper-133bcf0	0x14133bcf0	0x14133d8d1	0x14132f980
reference	PE:6a70a6d9:02711000	state-helper-133bcf0	0x14133bcf0	0x14133d8ec	0x14006fa10
reference	PE:6a70a6d9:02711000	state-helper-133bcf0	0x14133bcf0	0x14133d902	0x14006fa10
reference	PE:6a70a6d9:02711000	state-helper-133bcf0	0x14133bcf0	0x14133d981	0x1400e3c20
reference	PE:6a70a6d9:02711000	state-helper-133bcf0	0x14133bcf0	0x14133d9b9	QWORD PTR [rip+0x2a8169]        # 0x1415e5b28
reference	PE:6a70a6d9:02711000	state-helper-133bcf0	0x14133bcf0	0x14133d9c0	0x141539680
reference	PE:6a70a6d9:02711000	state-helper-133bcf0	0x14133bcf0	0x14133da13	QWORD PTR [rip+0x2a810f]        # 0x1415e5b28
reference	PE:6a70a6d9:02711000	state-helper-133bcf0	0x14133bcf0	0x14133daaa	0x14138ed20
reference	PE:6a70a6d9:02711000	state-helper-133bcf0	0x14133bcf0	0x14133daee	0x1413e5a90
reference	PE:6a70a6d9:02711000	state-helper-133bcf0	0x14133bcf0	0x14133db05	0x140a94030
reference	PE:6a70a6d9:02711000	state-helper-133bcf0	0x14133bcf0	0x14133db1b	0x14006fa10
reference	PE:6a70a6d9:02711000	state-helper-133bcf0	0x14133bcf0	0x14133db41	0x14132f980
reference	PE:6a70a6d9:02711000	state-helper-133bcf0	0x14133bcf0	0x14133db5c	0x14006fa10
reference	PE:6a70a6d9:02711000	state-helper-133bcf0	0x14133bcf0	0x14133db72	0x14006fa10
reference	PE:6a70a6d9:02711000	state-helper-133bcf0	0x14133bcf0	0x14133dbf1	0x1400e3c20
reference	PE:6a70a6d9:02711000	state-helper-133bcf0	0x14133bcf0	0x14133dc29	QWORD PTR [rip+0x2a7ef9]        # 0x1415e5b28
reference	PE:6a70a6d9:02711000	state-helper-133bcf0	0x14133bcf0	0x14133dc30	0x141539680
reference	PE:6a70a6d9:02711000	state-helper-133bcf0	0x14133bcf0	0x14133dc83	QWORD PTR [rip+0x2a7e9f]        # 0x1415e5b28
reference	PE:6a70a6d9:02711000	state-helper-133bcf0	0x14133bcf0	0x14133dd1a	0x14138ed20
reference	PE:6a70a6d9:02711000	state-helper-133bcf0	0x14133bcf0	0x14133dd5e	0x1413e5a90
reference	PE:6a70a6d9:02711000	state-helper-133bcf0	0x14133bcf0	0x14133dd75	0x140a94030
reference	PE:6a70a6d9:02711000	state-helper-133bcf0	0x14133bcf0	0x14133dd8b	0x14006fa10
reference	PE:6a70a6d9:02711000	state-helper-133bcf0	0x14133bcf0	0x14133ddb1	0x14132f980
reference	PE:6a70a6d9:02711000	state-helper-133bcf0	0x14133bcf0	0x14133ddcc	0x14006fa10
reference	PE:6a70a6d9:02711000	state-helper-133bcf0	0x14133bcf0	0x14133dde2	0x14006fa10
reference	PE:6a70a6d9:02711000	state-helper-133bcf0	0x14133bcf0	0x14133de61	0x1400e3c20
reference	PE:6a70a6d9:02711000	state-helper-133bcf0	0x14133bcf0	0x14133de99	QWORD PTR [rip+0x2a7c89]        # 0x1415e5b28
reference	PE:6a70a6d9:02711000	state-helper-133bcf0	0x14133bcf0	0x14133dea0	0x141539680
reference	PE:6a70a6d9:02711000	state-helper-133bcf0	0x14133bcf0	0x14133df51	0x14138ed20
reference	PE:6a70a6d9:02711000	state-helper-133bcf0	0x14133bcf0	0x14133df95	0x1413e5a90
reference	PE:6a70a6d9:02711000	state-helper-133bcf0	0x14133bcf0	0x14133dfac	0x140a94030
reference	PE:6a70a6d9:02711000	state-helper-133bcf0	0x14133bcf0	0x14133dfc2	0x14006fa10
reference	PE:6a70a6d9:02711000	state-helper-133bcf0	0x14133bcf0	0x14133dfe8	0x14132f980
reference	PE:6a70a6d9:02711000	state-helper-133bcf0	0x14133bcf0	0x14133e003	0x14006fa10
reference	PE:6a70a6d9:02711000	state-helper-133bcf0	0x14133bcf0	0x14133e019	0x14006fa10
reference	PE:6a70a6d9:02711000	state-helper-133bcf0	0x14133bcf0	0x14133e098	0x1400e3c20
reference	PE:6a70a6d9:02711000	state-helper-133bcf0	0x14133bcf0	0x14133e0a2	0x14006f850
reference	PE:6a70a6d9:02711000	state-helper-133bcf0	0x14133bcf0	0x14133e0ac	0x14006f850
reference	PE:6a70a6d9:02711000	state-helper-133bcf0	0x14133bcf0	0x14133e0b8	0x141539660
reference	PE:6a70a6d9:02711000	state-helper-1348a40	0x141348a40	0x141348ae4	0x14138ed20
reference	PE:6a70a6d9:02711000	state-helper-1348a40	0x141348a40	0x141348b18	0x141349f20
reference	PE:6a70a6d9:02711000	state-helper-1348a40	0x141348a40	0x141348baa	0x141325080
reference	PE:6a70a6d9:02711000	state-helper-1348a40	0x141348a40	0x141348bb2	0x140aa40f0
reference	PE:6a70a6d9:02711000	state-helper-1348a40	0x141348a40	0x141348bca	0x140e32af0
reference	PE:6a70a6d9:02711000	state-helper-1348a40	0x141348a40	0x141348c2c	0x14138ed20
reference	PE:6a70a6d9:02711000	state-helper-1348a40	0x141348a40	0x141348c40	0x141330c30
reference	PE:6a70a6d9:02711000	state-helper-1348a40	0x141348a40	0x141348c56	0x14006fa10
reference	PE:6a70a6d9:02711000	state-helper-1348a40	0x141348a40	0x141348c8b	QWORD PTR [rax+0x10]
reference	PE:6a70a6d9:02711000	state-helper-1348a40	0x141348a40	0x141348c99	QWORD PTR [rax+0x18]
reference	PE:6a70a6d9:02711000	state-helper-1348a40	0x141348a40	0x141348cb9	0x140c8baa0
reference	PE:6a70a6d9:02711000	state-helper-1348a40	0x141348a40	0x141348d93	0x140b963d0
reference	PE:6a70a6d9:02711000	state-helper-1348a40	0x141348a40	0x141348da2	0x141330c30
reference	PE:6a70a6d9:02711000	state-helper-1348a40	0x141348a40	0x141348db8	0x14006fa10
reference	PE:6a70a6d9:02711000	state-helper-1348a40	0x141348a40	0x141348deb	QWORD PTR [rax+0x10]
reference	PE:6a70a6d9:02711000	state-helper-1348a40	0x141348a40	0x141348df9	QWORD PTR [rax+0x18]
reference	PE:6a70a6d9:02711000	state-helper-1348a40	0x141348a40	0x141348e19	0x140c8baa0
reference	PE:6a70a6d9:02711000	state-helper-1348a40	0x141348a40	0x141348e6c	0x14138ed20
reference	PE:6a70a6d9:02711000	state-helper-1348a40	0x141348a40	0x141348e80	0x141330c30
reference	PE:6a70a6d9:02711000	state-helper-1348a40	0x141348a40	0x141348e96	0x14006fa10
reference	PE:6a70a6d9:02711000	state-helper-1348a40	0x141348a40	0x141348ecb	QWORD PTR [rax+0x10]
reference	PE:6a70a6d9:02711000	state-helper-1348a40	0x141348a40	0x141348ed9	QWORD PTR [rax+0x18]
reference	PE:6a70a6d9:02711000	state-helper-1348a40	0x141348a40	0x141348ef9	0x140c8baa0
reference	PE:6a70a6d9:02711000	state-helper-1348a40	0x141348a40	0x141348f4c	0x14138ed20
reference	PE:6a70a6d9:02711000	state-helper-1348a40	0x141348a40	0x141348f60	0x141330c30
reference	PE:6a70a6d9:02711000	state-helper-1348a40	0x141348a40	0x141348f76	0x14006fa10
reference	PE:6a70a6d9:02711000	state-helper-1348a40	0x141348a40	0x141348fab	QWORD PTR [rax+0x10]
reference	PE:6a70a6d9:02711000	state-helper-1348a40	0x141348a40	0x141348fb9	QWORD PTR [rax+0x18]
reference	PE:6a70a6d9:02711000	state-helper-1348a40	0x141348a40	0x141348fd9	0x140c8baa0
reference	PE:6a70a6d9:02711000	state-helper-1348a40	0x141348a40	0x141349082	0x1400e3c20
reference	PE:6a70a6d9:02711000	state-helper-1348a40	0x141348a40	0x141349094	0x140a6b0d0
reference	PE:6a70a6d9:02711000	state-helper-1348a40	0x141348a40	0x1413490c9	0x14007db20
reference	PE:6a70a6d9:02711000	state-helper-1348a40	0x141348a40	0x1413490f7	0x1413a5660
reference	PE:6a70a6d9:02711000	state-helper-1348a40	0x141348a40	0x141349141	QWORD PTR [rax+0x10]
reference	PE:6a70a6d9:02711000	state-helper-1348a40	0x141348a40	0x14134914f	QWORD PTR [rax+0x18]
reference	PE:6a70a6d9:02711000	state-helper-1348a40	0x141348a40	0x14134916f	0x140c8baa0
reference	PE:6a70a6d9:02711000	state-helper-1348a40	0x141348a40	0x1413491c3	0x14007dcd0
reference	PE:6a70a6d9:02711000	state-helper-1348a40	0x141348a40	0x1413491d8	0x1401bc1f0
reference	PE:6a70a6d9:02711000	state-helper-1348a40	0x141348a40	0x141349207	QWORD PTR [rax+0x128]
reference	PE:6a70a6d9:02711000	state-helper-1348a40	0x141348a40	0x141349212	0x14006f850
reference	PE:6a70a6d9:02711000	state-helper-1348a40	0x141348a40	0x14134921c	0x14006f750
reference	PE:6a70a6d9:02711000	state-helper-1348a40	0x141348a40	0x141349225	0x14006f850
reference	PE:6a70a6d9:02711000	state-helper-1348a40	0x141348a40	0x14134922e	0x14006f850
reference	PE:6a70a6d9:02711000	state-helper-1348a40	0x141348a40	0x14134923a	0x141539660
reference	PE:6a70a6d9:02711000	state-helper-134f440	0x14134f440	0x14134f4ed	0x1414adea0
reference	PE:6a70a6d9:02711000	state-helper-134f440	0x14134f440	0x14134f518	0x140067f80
reference	PE:6a70a6d9:02711000	state-helper-134f440	0x14134f440	0x14134f530	0x1407e0610
reference	PE:6a70a6d9:02711000	state-helper-134f440	0x14134f440	0x14134f5bb	0x141333bc0
reference	PE:6a70a6d9:02711000	state-helper-134f440	0x14134f440	0x14134f5c5	0x141539690
reference	PE:6a70a6d9:02711000	state-helper-134f440	0x14134f440	0x14134f601	0x140070bd0
reference	PE:6a70a6d9:02711000	state-helper-134f440	0x14134f440	0x14134f68c	0x140a8b820
reference	PE:6a70a6d9:02711000	state-helper-134f440	0x14134f440	0x14134f69b	0x1407e0610
reference	PE:6a70a6d9:02711000	state-helper-134f440	0x14134f440	0x14134f6a0	0x140eb68b0
reference	PE:6a70a6d9:02711000	state-helper-134f440	0x14134f440	0x14134f8bb	0x14132e430
reference	PE:6a70a6d9:02711000	state-helper-134f440	0x14134f440	0x14134f948	0x1400707d0
reference	PE:6a70a6d9:02711000	state-helper-134f440	0x14134f440	0x14134f96c	0x14153aa78
reference	PE:6a70a6d9:02711000	state-helper-134f440	0x14134f440	0x14134f9ad	0x14006fa10
reference	PE:6a70a6d9:02711000	state-helper-134f440	0x14134f440	0x14134f9c6	0x14006fa10
reference	PE:6a70a6d9:02711000	state-helper-134f440	0x14134f440	0x14134fa3f	0x1400e3c20
reference	PE:6a70a6d9:02711000	state-helper-134f440	0x14134f440	0x14134fa4c	0x14006f850
reference	PE:6a70a6d9:02711000	state-helper-134f440	0x14134f440	0x14134fa59	0x14006f850
reference	PE:6a70a6d9:02711000	state-helper-134f440	0x14134f440	0x14134fa5e	0x140eb68b0
reference	PE:6a70a6d9:02711000	state-helper-134f440	0x14134f440	0x14134faa3	0x141383640
reference	PE:6a70a6d9:02711000	state-helper-134f440	0x14134f440	0x14134fab7	0x14137f260
reference	PE:6a70a6d9:02711000	state-helper-134f440	0x14134f440	0x14134fad2	0x14137f480
reference	PE:6a70a6d9:02711000	state-helper-134f440	0x14134f440	0x14134faf7	0x1413488c0
reference	PE:6a70a6d9:02711000	state-helper-134f440	0x14134f440	0x14134fb15	0x1413650e0
reference	PE:6a70a6d9:02711000	state-helper-134f440	0x14134f440	0x14134fb80	0x14132e430
reference	PE:6a70a6d9:02711000	state-helper-134f440	0x14134f440	0x14134fc0b	0x1400707d0
reference	PE:6a70a6d9:02711000	state-helper-134f440	0x14134f440	0x14134fc2f	0x14153aa78
reference	PE:6a70a6d9:02711000	state-helper-134f440	0x14134f440	0x14134fc70	0x14006fa10
reference	PE:6a70a6d9:02711000	state-helper-134f440	0x14134f440	0x14134fc89	0x14006fa10
reference	PE:6a70a6d9:02711000	state-helper-134f440	0x14134f440	0x14134fd14	0x1400e3c20
reference	PE:6a70a6d9:02711000	state-helper-134f440	0x14134f440	0x14134fd56	0x141539680
reference	PE:6a70a6d9:02711000	state-helper-134f440	0x14134f440	0x14134fdb0	0x141539680
reference	PE:6a70a6d9:02711000	state-helper-134f440	0x14134f440	0x14134fdb8	0x14137f120
reference	PE:6a70a6d9:02711000	state-helper-134f440	0x14134f440	0x14134fdde	0x14137f620
reference	PE:6a70a6d9:02711000	state-helper-134f440	0x14134f440	0x14134fdee	0x140a53510
reference	PE:6a70a6d9:02711000	state-helper-134f440	0x14134f440	0x14134fe8e	0x14132e430
reference	PE:6a70a6d9:02711000	state-helper-134f440	0x14134f440	0x14134ff1b	0x1400707d0
reference	PE:6a70a6d9:02711000	state-helper-134f440	0x14134f440	0x14134ff3f	0x14153aa78
reference	PE:6a70a6d9:02711000	state-helper-134f440	0x14134f440	0x14134ff80	0x14006fa10
reference	PE:6a70a6d9:02711000	state-helper-134f440	0x14134f440	0x14134ff99	0x14006fa10
reference	PE:6a70a6d9:02711000	state-helper-134f440	0x14134f440	0x141350045	0x1400e3c20
reference	PE:6a70a6d9:02711000	state-helper-134f440	0x14134f440	0x141350087	0x141539680
reference	PE:6a70a6d9:02711000	state-helper-134f440	0x14134f440	0x1413500ac	0x14006f850
reference	PE:6a70a6d9:02711000	state-helper-134f440	0x14134f440	0x1413500b1	0x140eb68b0
reference	PE:6a70a6d9:02711000	state-helper-134f440	0x14134f440	0x141350107	0x1413488c0
reference	PE:6a70a6d9:02711000	state-helper-134f440	0x14134f440	0x14135011f	0x1413650e0
reference	PE:6a70a6d9:02711000	state-helper-134f440	0x14134f440	0x14135018c	0x14132e430
reference	PE:6a70a6d9:02711000	state-helper-134f440	0x14134f440	0x141350217	0x1400707d0
reference	PE:6a70a6d9:02711000	state-helper-134f440	0x14134f440	0x14135023b	0x14153aa78
reference	PE:6a70a6d9:02711000	state-helper-134f440	0x14134f440	0x141350277	0x14006fa10
reference	PE:6a70a6d9:02711000	state-helper-134f440	0x14134f440	0x141350290	0x14006fa10
reference	PE:6a70a6d9:02711000	state-helper-134f440	0x14134f440	0x14135033e	0x1400e3c20
reference	PE:6a70a6d9:02711000	state-helper-134f440	0x14134f440	0x141350380	0x141539680
reference	PE:6a70a6d9:02711000	state-helper-134f440	0x14134f440	0x1413503da	0x141539680
reference	PE:6a70a6d9:02711000	state-helper-134f440	0x14134f440	0x1413503df	0x140eb68b0
reference	PE:6a70a6d9:02711000	state-helper-134f440	0x14134f440	0x141350423	0x141383640
reference	PE:6a70a6d9:02711000	state-helper-134f440	0x14134f440	0x141350437	0x14137f260
reference	PE:6a70a6d9:02711000	state-helper-134f440	0x14134f440	0x141350452	0x14137f480
reference	PE:6a70a6d9:02711000	state-helper-134f440	0x14134f440	0x14135046e	0x140a53510
reference	PE:6a70a6d9:02711000	state-helper-134f440	0x14134f440	0x14135048f	0x1413488c0
reference	PE:6a70a6d9:02711000	state-helper-134f440	0x14134f440	0x1413504b3	0x140eb68b0
reference	PE:6a70a6d9:02711000	state-helper-134f440	0x14134f440	0x1413504f3	0x141383640
reference	PE:6a70a6d9:02711000	state-helper-134f440	0x14134f440	0x141350559	0x14132e430
reference	PE:6a70a6d9:02711000	state-helper-134f440	0x14134f440	0x1413505e4	0x1400707d0
reference	PE:6a70a6d9:02711000	state-helper-134f440	0x14134f440	0x141350608	0x14153aa78
reference	PE:6a70a6d9:02711000	state-helper-134f440	0x14134f440	0x141350644	0x14006fa10
reference	PE:6a70a6d9:02711000	state-helper-134f440	0x14134f440	0x14135065d	0x14006fa10
reference	PE:6a70a6d9:02711000	state-helper-134f440	0x14134f440	0x14135070b	0x1400e3c20
reference	PE:6a70a6d9:02711000	state-helper-134f440	0x14134f440	0x14135074d	0x141539680
reference	PE:6a70a6d9:02711000	state-helper-134f440	0x14134f440	0x141350772	0x14006f850
reference	PE:6a70a6d9:02711000	state-helper-134f440	0x14134f440	0x141350793	0x14137f480
reference	PE:6a70a6d9:02711000	state-helper-134f440	0x14134f440	0x1413507b4	0x1413976d0
reference	PE:6a70a6d9:02711000	state-helper-134f440	0x14134f440	0x1413507fb	0x1413eff80
reference	PE:6a70a6d9:02711000	state-helper-134f440	0x14134f440	0x14135081f	0x14007dc40
reference	PE:6a70a6d9:02711000	state-helper-134f440	0x14134f440	0x14135085e	0x1413eff80
reference	PE:6a70a6d9:02711000	state-helper-134f440	0x14134f440	0x141350887	0x14007dc40
reference	PE:6a70a6d9:02711000	state-helper-134f440	0x14134f440	0x1413508ca	0x1413eff80
reference	PE:6a70a6d9:02711000	state-helper-134f440	0x14134f440	0x141350933	0x1413eff80
reference	PE:6a70a6d9:02711000	state-helper-134f440	0x14134f440	0x14135093b	0x141383470
reference	PE:6a70a6d9:02711000	state-helper-134f440	0x14134f440	0x141350957	0x1414add70
reference	PE:6a70a6d9:02711000	state-helper-134f440	0x14134f440	0x141350a1f	0x1400babe0
reference	PE:6a70a6d9:02711000	state-helper-134f440	0x14134f440	0x141350a81	0x1413c5ef0
reference	PE:6a70a6d9:02711000	state-helper-134f440	0x14134f440	0x141350af9	0x1414add70
reference	PE:6a70a6d9:02711000	state-helper-134f440	0x14134f440	0x141350b65	0x14132e430
reference	PE:6a70a6d9:02711000	state-helper-134f440	0x14134f440	0x141350bf0	0x1400707d0
reference	PE:6a70a6d9:02711000	state-helper-134f440	0x14134f440	0x141350c14	0x14153aa78
reference	PE:6a70a6d9:02711000	state-helper-134f440	0x14134f440	0x141350c50	0x14006fa10
reference	PE:6a70a6d9:02711000	state-helper-134f440	0x14134f440	0x141350c69	0x14006fa10
reference	PE:6a70a6d9:02711000	state-helper-134f440	0x14134f440	0x141350cba	0x1414d1920
reference	PE:6a70a6d9:02711000	state-helper-134f440	0x14134f440	0x141350ce4	0x14006fa10
reference	PE:6a70a6d9:02711000	state-helper-134f440	0x14134f440	0x141350cfd	0x14006fa10
reference	PE:6a70a6d9:02711000	state-helper-134f440	0x14134f440	0x141350d83	0x1400e3c20
reference	PE:6a70a6d9:02711000	state-helper-134f440	0x14134f440	0x141350d90	0x14006f850
reference	PE:6a70a6d9:02711000	state-helper-134f440	0x14134f440	0x141350d9d	0x14006f850
reference	PE:6a70a6d9:02711000	state-helper-134f440	0x14134f440	0x141350de3	0x141539680
reference	PE:6a70a6d9:02711000	state-helper-134f440	0x14134f440	0x141350dfc	0x1414add70
reference	PE:6a70a6d9:02711000	state-helper-134f440	0x14134f440	0x141350e23	0x1414add70
reference	PE:6a70a6d9:02711000	state-helper-134f440	0x14134f440	0x141350e66	0x1414add70
reference	PE:6a70a6d9:02711000	state-helper-134f440	0x14134f440	0x141350e8f	0x1414add70
reference	PE:6a70a6d9:02711000	state-helper-134f440	0x14134f440	0x141350edb	0x140247cf0
reference	PE:6a70a6d9:02711000	state-helper-134f440	0x14134f440	0x141350eed	0x140eb68b0
reference	PE:6a70a6d9:02711000	state-helper-134f440	0x14134f440	0x141350f29	0x141383640
reference	PE:6a70a6d9:02711000	state-helper-134f440	0x14134f440	0x141350f43	0x14137f480
reference	PE:6a70a6d9:02711000	state-helper-134f440	0x14134f440	0x141350f6e	0x1413976d0
reference	PE:6a70a6d9:02711000	state-helper-134f440	0x14134f440	0x141350f8f	0x1413976d0
reference	PE:6a70a6d9:02711000	state-helper-134f440	0x14134f440	0x141350fb3	0x1413976d0
reference	PE:6a70a6d9:02711000	state-helper-134f440	0x14134f440	0x14135106e	QWORD PTR [rip+0x294ab4]        # 0x1415e5b28
reference	PE:6a70a6d9:02711000	state-helper-134f440	0x14134f440	0x141351075	QWORD PTR [rip+0x294aad]        # 0x1415e5b28
reference	PE:6a70a6d9:02711000	state-helper-134f440	0x14134f440	0x14135107c	QWORD PTR [rip+0x294aa6]        # 0x1415e5b28
reference	PE:6a70a6d9:02711000	state-helper-134f440	0x14134f440	0x141351083	QWORD PTR [rip+0x294a9f]        # 0x1415e5b28
reference	PE:6a70a6d9:02711000	state-helper-134f440	0x14134f440	0x14135108a	QWORD PTR [rip+0x294a98]        # 0x1415e5b28
reference	PE:6a70a6d9:02711000	state-helper-134f440	0x14134f440	0x141351091	QWORD PTR [rip+0x294a91]        # 0x1415e5b28
reference	PE:6a70a6d9:02711000	state-helper-134f440	0x14134f440	0x141351098	QWORD PTR [rip+0x294a8a]        # 0x1415e5b28
reference	PE:6a70a6d9:02711000	state-helper-134f440	0x14134f440	0x141351677	0x140247cf0
reference	PE:6a70a6d9:02711000	state-helper-134f440	0x14134f440	0x141351695	0x1413976d0
reference	PE:6a70a6d9:02711000	state-helper-134f440	0x14134f440	0x1413516b8	0x1413488c0
reference	PE:6a70a6d9:02711000	state-helper-134f440	0x14134f440	0x141351727	0x14132e430
reference	PE:6a70a6d9:02711000	state-helper-134f440	0x14134f440	0x1413517b9	0x1400707d0
reference	PE:6a70a6d9:02711000	state-helper-134f440	0x14134f440	0x1413517dd	0x14153aa78
reference	PE:6a70a6d9:02711000	state-helper-134f440	0x14134f440	0x14135181b	0x14006fa10
reference	PE:6a70a6d9:02711000	state-helper-134f440	0x14134f440	0x14135183e	0x14007dc40
reference	PE:6a70a6d9:02711000	state-helper-134f440	0x14134f440	0x14135186f	0x14006fa10
reference	PE:6a70a6d9:02711000	state-helper-134f440	0x14134f440	0x1413518f2	0x1400e3c20
reference	PE:6a70a6d9:02711000	state-helper-134f440	0x14134f440	0x141351930	QWORD PTR [rip+0x2941f2]        # 0x1415e5b28
reference	PE:6a70a6d9:02711000	state-helper-134f440	0x14134f440	0x141351937	0x141539680
reference	PE:6a70a6d9:02711000	state-helper-134f440	0x14134f440	0x14135198d	QWORD PTR [rip+0x294195]        # 0x1415e5b28
reference	PE:6a70a6d9:02711000	state-helper-134f440	0x14134f440	0x141351994	0x141539680
reference	PE:6a70a6d9:02711000	state-helper-134f440	0x14134f440	0x14135199e	0x140eb68b0
reference	PE:6a70a6d9:02711000	state-helper-134f440	0x14134f440	0x1413519d9	0x141383810
reference	PE:6a70a6d9:02711000	state-helper-134f440	0x14134f440	0x1413519ed	0x14137f260
reference	PE:6a70a6d9:02711000	state-helper-134f440	0x14134f440	0x141351a08	0x14137f480
reference	PE:6a70a6d9:02711000	state-helper-134f440	0x14134f440	0x141351aeb	0x140534da0
reference	PE:6a70a6d9:02711000	state-helper-134f440	0x14134f440	0x141351b92	0x1413ade30
reference	PE:6a70a6d9:02711000	state-helper-134f440	0x14134f440	0x141351ce3	0x140eb68b0
reference	PE:6a70a6d9:02711000	state-helper-134f440	0x14134f440	0x141351d21	0x14133baf0
reference	PE:6a70a6d9:02711000	state-helper-134f440	0x14134f440	0x141351d31	0x1413d5020
reference	PE:6a70a6d9:02711000	state-helper-134f440	0x14134f440	0x141351e2d	0x141447200
reference	PE:6a70a6d9:02711000	state-helper-134f440	0x14134f440	0x141351e9d	0x1414aa830
reference	PE:6a70a6d9:02711000	state-helper-134f440	0x14134f440	0x141351eb1	0x140068010
reference	PE:6a70a6d9:02711000	state-helper-134f440	0x14134f440	0x141351ed6	0x1405a8320
reference	PE:6a70a6d9:02711000	state-helper-134f440	0x14134f440	0x14135203f	0x1407e0610
reference	PE:6a70a6d9:02711000	state-helper-134f440	0x14134f440	0x1413520a7	0x141447200
reference	PE:6a70a6d9:02711000	state-helper-134f440	0x14134f440	0x141352181	0x1414aa830
reference	PE:6a70a6d9:02711000	state-helper-134f440	0x14134f440	0x141352198	0x140068010
reference	PE:6a70a6d9:02711000	state-helper-134f440	0x14134f440	0x1413521bc	0x1405a8320
reference	PE:6a70a6d9:02711000	state-helper-134f440	0x14134f440	0x1413521ce	0x141539690
reference	PE:6a70a6d9:02711000	state-helper-134f440	0x14134f440	0x1413521df	0x140ea7230
reference	PE:6a70a6d9:02711000	state-helper-134f440	0x14134f440	0x1413522a7	0x14135eb40
reference	PE:6a70a6d9:02711000	state-helper-134f440	0x14134f440	0x14135233e	0x140cb1420
reference	PE:6a70a6d9:02711000	state-helper-134f440	0x14134f440	0x14135235b	0x14134eb30
reference	PE:6a70a6d9:02711000	state-helper-134f440	0x14134f440	0x141352363	0x14134ed40
reference	PE:6a70a6d9:02711000	state-helper-134f440	0x14134f440	0x141352377	0x14134efc0
reference	PE:6a70a6d9:02711000	state-helper-134f440	0x14134f440	0x14135238b	0x14134f0e0
reference	PE:6a70a6d9:02711000	state-helper-134f440	0x14134f440	0x14135239c	0x141539660
reference	PE:6a70a6d9:02711000	state-helper-134f440	0x14134f440	0x1413523c2	0x140065890
reference	PE:6a70a6d9:02711000	state-helper-134f440	0x14134f440	0x1413523c8	0x140065890
reference	PE:6a70a6d9:02711000	state-helper-134f440	0x14134f440	0x1413523ce	0x140065890
reference	PE:6a70a6d9:02711000	state-helper-134f440	0x14134f440	0x1413523d4	0x140065890
reference	PE:6a70a6d9:02711000	state-helper-134f440	0x14134f440	0x1413523da	0x140065890
reference	PE:6a70a6d9:02711000	state-helper-134f440	0x14134f440	0x1413523e0	0x140065890
reference	PE:6a70a6d9:02711000	state-helper-134f440	0x14134f440	0x1413523e6	0x140065890
reference	PE:6a70a6d9:02711000	state-helper-1353940	0x141353940	0x1413539b0	QWORD PTR [rax+0x10]
reference	PE:6a70a6d9:02711000	state-helper-1353940	0x141353940	0x1413539be	QWORD PTR [rax+0x18]
reference	PE:6a70a6d9:02711000	state-helper-1353940	0x141353940	0x1413539de	0x140c8baa0
reference	PE:6a70a6d9:02711000	state-helper-1353940	0x141353940	0x141353a54	0x141330c30
reference	PE:6a70a6d9:02711000	state-helper-1353940	0x141353940	0x141353a6a	0x14006fa10
reference	PE:6a70a6d9:02711000	state-helper-1353940	0x141353940	0x141353a80	0x14006fa10
reference	PE:6a70a6d9:02711000	state-helper-1353940	0x141353940	0x141353ac6	0x14138ed20
reference	PE:6a70a6d9:02711000	state-helper-1353940	0x141353940	0x141353b3c	0x1400ba0a0
reference	PE:6a70a6d9:02711000	state-helper-1353940	0x141353940	0x141353bdd	0x1400ba0a0
reference	PE:6a70a6d9:02711000	state-helper-1353940	0x141353940	0x141353c9d	0x1400ba0a0
reference	PE:6a70a6d9:02711000	state-helper-1353940	0x141353940	0x141353cf7	QWORD PTR [rax]
reference	PE:6a70a6d9:02711000	state-helper-1353940	0x141353940	0x141353d24	0x1400babe0
reference	PE:6a70a6d9:02711000	state-helper-1353940	0x141353940	0x141353d5c	0x1400babe0
reference	PE:6a70a6d9:02711000	state-helper-1353940	0x141353940	0x141353d95	0x1400fc090
reference	PE:6a70a6d9:02711000	state-helper-1353940	0x141353940	0x141353df4	0x141389580
reference	PE:6a70a6d9:02711000	state-helper-1353940	0x141353940	0x141353dfe	0x141324660
reference	PE:6a70a6d9:02711000	state-helper-1353940	0x141353940	0x141353e1d	0x141329520
reference	PE:6a70a6d9:02711000	state-helper-1353940	0x141353940	0x141353ec7	0x14013ce00
reference	PE:6a70a6d9:02711000	state-helper-1353940	0x141353940	0x141353f24	0x141389580
reference	PE:6a70a6d9:02711000	state-helper-1353940	0x141353940	0x141353f2e	0x141324660
reference	PE:6a70a6d9:02711000	state-helper-1353940	0x141353940	0x141353f4d	0x141329520
reference	PE:6a70a6d9:02711000	state-helper-1353940	0x141353940	0x141353fab	0x1413289b0
reference	PE:6a70a6d9:02711000	state-helper-1353940	0x141353940	0x141353fbb	0x140066b70
reference	PE:6a70a6d9:02711000	state-helper-1353940	0x141353940	0x14135409b	0x141389be0
reference	PE:6a70a6d9:02711000	state-helper-1353940	0x141353940	0x1413540af	0x141389be0
reference	PE:6a70a6d9:02711000	state-helper-1353940	0x141353940	0x141354115	0x14006f7b0
reference	PE:6a70a6d9:02711000	state-helper-1353940	0x141353940	0x14135411e	0x14006f7b0
reference	PE:6a70a6d9:02711000	state-helper-1353940	0x141353940	0x141354127	0x14006f7b0
reference	PE:6a70a6d9:02711000	state-helper-1353940	0x141353940	0x141354134	0x141539680
reference	PE:6a70a6d9:02711000	state-helper-1353940	0x141353940	0x141354186	0x141539680
reference	PE:6a70a6d9:02711000	state-helper-1353940	0x141353940	0x141354194	0x141539680
reference	PE:6a70a6d9:02711000	state-helper-1353940	0x141353940	0x1413541b2	0x141539680
reference	PE:6a70a6d9:02711000	state-helper-1353940	0x141353940	0x1413541e8	0x140b530b0
reference	PE:6a70a6d9:02711000	state-helper-1353940	0x141353940	0x1413541fc	0x140bc0590
reference	PE:6a70a6d9:02711000	state-helper-1353940	0x141353940	0x1413542e0	0x14006f750
reference	PE:6a70a6d9:02711000	state-helper-1353940	0x141353940	0x1413542e8	0x14006f750
reference	PE:6a70a6d9:02711000	state-helper-1353940	0x141353940	0x1413542f5	0x141539680
reference	PE:6a70a6d9:02711000	state-helper-1353940	0x141353940	0x14135432d	0x141539680
reference	PE:6a70a6d9:02711000	state-helper-1353940	0x141353940	0x141354471	0x1413e52c0
reference	PE:6a70a6d9:02711000	state-helper-1353940	0x141353940	0x14135447d	0x141539690
reference	PE:6a70a6d9:02711000	state-helper-1353940	0x141353940	0x14135448a	0x1405c0e70
reference	PE:6a70a6d9:02711000	state-helper-1353940	0x141353940	0x1413544b1	0x1413e52c0
reference	PE:6a70a6d9:02711000	state-helper-1353940	0x141353940	0x1413544d6	0x1400bad30
reference	PE:6a70a6d9:02711000	state-helper-1353940	0x141353940	0x1413544f1	0x141382630
reference	PE:6a70a6d9:02711000	state-helper-1353940	0x141353940	0x1413544fe	0x141329d70
reference	PE:6a70a6d9:02711000	state-helper-1353940	0x141353940	0x141354530	0x141539680
reference	PE:6a70a6d9:02711000	state-helper-1353940	0x141353940	0x141354560	0x14137c540
reference	PE:6a70a6d9:02711000	state-helper-1353940	0x141353940	0x141354573	0x14137bd50
reference	PE:6a70a6d9:02711000	state-helper-1353940	0x141353940	0x14135461b	0x14006f8d0
reference	PE:6a70a6d9:02711000	state-helper-1353940	0x141353940	0x14135466b	0x14006f8d0
reference	PE:6a70a6d9:02711000	state-helper-1353940	0x141353940	0x141354689	0x14006fa10
reference	PE:6a70a6d9:02711000	state-helper-1353940	0x141353940	0x14135469c	0x14006fa10
reference	PE:6a70a6d9:02711000	state-helper-1353940	0x141353940	0x14135471a	0x1400e3c20
reference	PE:6a70a6d9:02711000	state-helper-1353940	0x141353940	0x141354752	QWORD PTR [rip+0x2913d0]        # 0x1415e5b28
reference	PE:6a70a6d9:02711000	state-helper-1353940	0x141353940	0x141354759	0x141539680
reference	PE:6a70a6d9:02711000	state-helper-1353940	0x141353940	0x14135478d	0x14006f850
reference	PE:6a70a6d9:02711000	state-helper-1353940	0x141353940	0x141354799	0x141539660
reference	PE:6a70a6d9:02711000	state-helper-13625b0	0x1413625b0	0x141362614	0x1400ba0a0
reference	PE:6a70a6d9:02711000	state-helper-13625b0	0x1413625b0	0x1413626bc	0x1413640c0
reference	PE:6a70a6d9:02711000	state-helper-13625b0	0x1413625b0	0x1413626d0	0x140aca7a0
reference	PE:6a70a6d9:02711000	state-helper-13625b0	0x1413625b0	0x1413626e3	0x140a422c0
reference	PE:6a70a6d9:02711000	state-helper-13625b0	0x1413625b0	0x1413626f0	0x141435fb0
reference	PE:6a70a6d9:02711000	state-helper-13625b0	0x1413625b0	0x14136271c	0x14138ed20
reference	PE:6a70a6d9:02711000	state-helper-13625b0	0x1413625b0	0x141362757	0x1400ba0a0
reference	PE:6a70a6d9:02711000	state-helper-13625b0	0x1413625b0	0x1413627b0	0x141331500
reference	PE:6a70a6d9:02711000	state-helper-13625b0	0x1413625b0	0x1413627c6	0x14006fa10
reference	PE:6a70a6d9:02711000	state-helper-13625b0	0x1413625b0	0x1413627cf	0x14052d650
reference	PE:6a70a6d9:02711000	state-helper-13625b0	0x1413625b0	0x14136288c	0x14006f8d0
reference	PE:6a70a6d9:02711000	state-helper-13625b0	0x1413625b0	0x1413628f1	0x14006fa10
reference	PE:6a70a6d9:02711000	state-helper-13625b0	0x1413625b0	0x14136290a	0x14006fa10
reference	PE:6a70a6d9:02711000	state-helper-13625b0	0x1413625b0	0x141362a43	0x1400e3c20
reference	PE:6a70a6d9:02711000	state-helper-13625b0	0x1413625b0	0x141362a7e	QWORD PTR [rip+0x2830a4]        # 0x1415e5b28
reference	PE:6a70a6d9:02711000	state-helper-13625b0	0x1413625b0	0x141362a85	0x141539680
reference	PE:6a70a6d9:02711000	state-helper-13625b0	0x1413625b0	0x141362ac9	QWORD PTR [rip+0x283059]        # 0x1415e5b28
reference	PE:6a70a6d9:02711000	state-helper-13625b0	0x1413625b0	0x141362b75	0x1400707d0
reference	PE:6a70a6d9:02711000	state-helper-13625b0	0x1413625b0	0x141362bcc	0x1400e3c20
reference	PE:6a70a6d9:02711000	state-helper-13625b0	0x1413625b0	0x141362c10	QWORD PTR [rip+0x282f12]        # 0x1415e5b28
reference	PE:6a70a6d9:02711000	state-helper-13625b0	0x1413625b0	0x141362cbc	0x1400707d0
reference	PE:6a70a6d9:02711000	state-helper-13625b0	0x1413625b0	0x141362d06	0x1400e3c20
reference	PE:6a70a6d9:02711000	state-helper-13625b0	0x1413625b0	0x141362d4a	QWORD PTR [rip+0x282dd8]        # 0x1415e5b28
reference	PE:6a70a6d9:02711000	state-helper-13625b0	0x1413625b0	0x141362d9c	0x141331500
reference	PE:6a70a6d9:02711000	state-helper-13625b0	0x1413625b0	0x141362db2	0x14006fa10
reference	PE:6a70a6d9:02711000	state-helper-13625b0	0x1413625b0	0x141362dbb	0x14052d650
reference	PE:6a70a6d9:02711000	state-helper-13625b0	0x1413625b0	0x141362e99	0x14006fa10
reference	PE:6a70a6d9:02711000	state-helper-13625b0	0x1413625b0	0x141362eb6	0x140b94400
reference	PE:6a70a6d9:02711000	state-helper-13625b0	0x1413625b0	0x141362ecc	0x14006fa10
reference	PE:6a70a6d9:02711000	state-helper-13625b0	0x1413625b0	0x141362efc	0x1413eff80
reference	PE:6a70a6d9:02711000	state-helper-13625b0	0x1413625b0	0x141362f18	0x14006fa10
reference	PE:6a70a6d9:02711000	state-helper-13625b0	0x1413625b0	0x141362fc1	0x1400e3c20
reference	PE:6a70a6d9:02711000	state-helper-13625b0	0x1413625b0	0x141363005	QWORD PTR [rip+0x282b1d]        # 0x1415e5b28
reference	PE:6a70a6d9:02711000	state-helper-13625b0	0x1413625b0	0x141363049	0x1400707d0
reference	PE:6a70a6d9:02711000	state-helper-13625b0	0x1413625b0	0x14136310e	0x1400e3c20
reference	PE:6a70a6d9:02711000	state-helper-13625b0	0x1413625b0	0x141363118	0x14006f850
reference	PE:6a70a6d9:02711000	state-helper-13625b0	0x1413625b0	0x14136314f	0x1400ba0a0
reference	PE:6a70a6d9:02711000	state-helper-13625b0	0x1413625b0	0x141363191	0x1400707d0
reference	PE:6a70a6d9:02711000	state-helper-13625b0	0x1413625b0	0x141363263	0x1400e3c20
reference	PE:6a70a6d9:02711000	state-helper-13625b0	0x1413625b0	0x1413632a7	QWORD PTR [rip+0x28287b]        # 0x1415e5b28
reference	PE:6a70a6d9:02711000	state-helper-13625b0	0x1413625b0	0x1413632ca	0x1400ba0a0
reference	PE:6a70a6d9:02711000	state-helper-13625b0	0x1413625b0	0x141363335	0x1400ba0a0
reference	PE:6a70a6d9:02711000	state-helper-13625b0	0x1413625b0	0x141363373	0x14007dbe0
reference	PE:6a70a6d9:02711000	state-helper-13625b0	0x1413625b0	0x1413633be	0x140068150
reference	PE:6a70a6d9:02711000	state-helper-13625b0	0x1413625b0	0x1413633d4	0x1400e3c20
reference	PE:6a70a6d9:02711000	state-helper-13625b0	0x1413625b0	0x1413633de	0x14006f850
reference	PE:6a70a6d9:02711000	state-helper-13625b0	0x1413625b0	0x1413633f9	0x14138a2f0
reference	PE:6a70a6d9:02711000	state-helper-13625b0	0x1413625b0	0x141363401	0x14075cfd0
reference	PE:6a70a6d9:02711000	state-helper-13625b0	0x1413625b0	0x141363417	0x14138a2f0
reference	PE:6a70a6d9:02711000	state-helper-13625b0	0x1413625b0	0x14136342a	0x14138a2f0
reference	PE:6a70a6d9:02711000	state-helper-13625b0	0x1413625b0	0x14136343a	0x14138a2f0
reference	PE:6a70a6d9:02711000	state-helper-13625b0	0x1413625b0	0x141363442	0x14075cfd0
reference	PE:6a70a6d9:02711000	state-helper-13625b0	0x1413625b0	0x14136348f	0x14007dbe0
reference	PE:6a70a6d9:02711000	state-helper-13625b0	0x1413625b0	0x1413634da	0x140068150
reference	PE:6a70a6d9:02711000	state-helper-13625b0	0x1413625b0	0x1413634f0	0x1400e3c20
reference	PE:6a70a6d9:02711000	state-helper-13625b0	0x1413625b0	0x1413634fa	0x14006f850
reference	PE:6a70a6d9:02711000	state-helper-13625b0	0x1413625b0	0x141363509	0x14007dbe0
reference	PE:6a70a6d9:02711000	state-helper-13625b0	0x1413625b0	0x141363554	0x140068150
reference	PE:6a70a6d9:02711000	state-helper-13625b0	0x1413625b0	0x14136356a	0x1400e3c20
reference	PE:6a70a6d9:02711000	state-helper-13625b0	0x1413625b0	0x141363574	0x14006f850
reference	PE:6a70a6d9:02711000	state-helper-13625b0	0x1413625b0	0x141363613	0x1400707d0
reference	PE:6a70a6d9:02711000	state-helper-13625b0	0x1413625b0	0x141363676	0x1400e3c20
reference	PE:6a70a6d9:02711000	state-helper-13625b0	0x1413625b0	0x1413636ba	QWORD PTR [rip+0x282468]        # 0x1415e5b28
reference	PE:6a70a6d9:02711000	state-helper-13625b0	0x1413625b0	0x1413637de	0x14006f8d0
reference	PE:6a70a6d9:02711000	state-helper-13625b0	0x1413625b0	0x141363806	0x140256880
reference	PE:6a70a6d9:02711000	state-helper-13625b0	0x1413625b0	0x141363821	0x14006fa10
reference	PE:6a70a6d9:02711000	state-helper-13625b0	0x1413625b0	0x141363837	0x14006fa10
reference	PE:6a70a6d9:02711000	state-helper-13625b0	0x1413625b0	0x1413638c7	0x1400e3c20
reference	PE:6a70a6d9:02711000	state-helper-13625b0	0x1413625b0	0x1413638d1	0x14006f850
reference	PE:6a70a6d9:02711000	state-helper-13625b0	0x1413625b0	0x1413638db	0x14006f850
reference	PE:6a70a6d9:02711000	state-helper-13625b0	0x1413625b0	0x141363912	0x1400ba0a0
reference	PE:6a70a6d9:02711000	state-helper-13625b0	0x1413625b0	0x141363963	0x14007dbe0
reference	PE:6a70a6d9:02711000	state-helper-13625b0	0x1413625b0	0x1413639ae	0x140068150
reference	PE:6a70a6d9:02711000	state-helper-13625b0	0x1413625b0	0x1413639c4	0x1400e3c20
reference	PE:6a70a6d9:02711000	state-helper-13625b0	0x1413625b0	0x1413639ce	0x14006f850
reference	PE:6a70a6d9:02711000	state-helper-13625b0	0x1413625b0	0x1413639e6	0x14007dbe0
reference	PE:6a70a6d9:02711000	state-helper-13625b0	0x1413625b0	0x141363a31	0x140068150
reference	PE:6a70a6d9:02711000	state-helper-13625b0	0x1413625b0	0x141363a47	0x1400e3c20
reference	PE:6a70a6d9:02711000	state-helper-13625b0	0x1413625b0	0x141363a51	0x14006f850
reference	PE:6a70a6d9:02711000	state-helper-13625b0	0x1413625b0	0x141363a75	0x1400ba0a0
reference	PE:6a70a6d9:02711000	state-helper-13625b0	0x1413625b0	0x141363ab4	0x14138a2f0
reference	PE:6a70a6d9:02711000	state-helper-13625b0	0x1413625b0	0x141363abc	0x14075cfd0
reference	PE:6a70a6d9:02711000	state-helper-13625b0	0x1413625b0	0x141363ad2	0x14138a2f0
reference	PE:6a70a6d9:02711000	state-helper-13625b0	0x1413625b0	0x141363ae5	0x14138a2f0
reference	PE:6a70a6d9:02711000	state-helper-13625b0	0x1413625b0	0x141363af5	0x14138a2f0
reference	PE:6a70a6d9:02711000	state-helper-13625b0	0x1413625b0	0x141363afd	0x14075cfd0
reference	PE:6a70a6d9:02711000	state-helper-13625b0	0x1413625b0	0x141363b4a	0x14007dbe0
reference	PE:6a70a6d9:02711000	state-helper-13625b0	0x1413625b0	0x141363b95	0x140068150
reference	PE:6a70a6d9:02711000	state-helper-13625b0	0x1413625b0	0x141363bab	0x1400e3c20
reference	PE:6a70a6d9:02711000	state-helper-13625b0	0x1413625b0	0x141363bb5	0x14006f850
reference	PE:6a70a6d9:02711000	state-helper-13625b0	0x1413625b0	0x141363bc4	0x14007dbe0
reference	PE:6a70a6d9:02711000	state-helper-13625b0	0x1413625b0	0x141363c0f	0x140068150
reference	PE:6a70a6d9:02711000	state-helper-13625b0	0x1413625b0	0x141363c25	0x1400e3c20
reference	PE:6a70a6d9:02711000	state-helper-13625b0	0x1413625b0	0x141363c2f	0x14006f850
reference	PE:6a70a6d9:02711000	state-helper-13625b0	0x1413625b0	0x141363c45	0x141324490
reference	PE:6a70a6d9:02711000	state-helper-13625b0	0x1413625b0	0x141363c5d	0x140068150
reference	PE:6a70a6d9:02711000	state-helper-13625b0	0x1413625b0	0x141363c67	0x14006f690
reference	PE:6a70a6d9:02711000	state-helper-13625b0	0x1413625b0	0x141363c83	0x140aa3bd0
reference	PE:6a70a6d9:02711000	state-helper-13625b0	0x1413625b0	0x141363c90	0x1400b9d10
reference	PE:6a70a6d9:02711000	state-helper-13625b0	0x1413625b0	0x141363ca0	0x14006f560
reference	PE:6a70a6d9:02711000	state-helper-13625b0	0x1413625b0	0x141363caa	0x14007dbe0
reference	PE:6a70a6d9:02711000	state-helper-13625b0	0x1413625b0	0x141363cfa	0x1400e3c20
reference	PE:6a70a6d9:02711000	state-helper-13625b0	0x1413625b0	0x141363d04	0x14006f850
reference	PE:6a70a6d9:02711000	state-helper-13625b0	0x1413625b0	0x141363d0e	0x14006f850
reference	PE:6a70a6d9:02711000	state-helper-13625b0	0x1413625b0	0x141363d1f	0x140068150
reference	PE:6a70a6d9:02711000	state-helper-13625b0	0x1413625b0	0x141363d29	0x14006f690
reference	PE:6a70a6d9:02711000	state-helper-13625b0	0x1413625b0	0x141363d45	0x140aa3bd0
reference	PE:6a70a6d9:02711000	state-helper-13625b0	0x1413625b0	0x141363d52	0x1400b9d10
reference	PE:6a70a6d9:02711000	state-helper-13625b0	0x1413625b0	0x141363d62	0x14006f560
reference	PE:6a70a6d9:02711000	state-helper-13625b0	0x1413625b0	0x141363d6c	0x14007dbe0
reference	PE:6a70a6d9:02711000	state-helper-13625b0	0x1413625b0	0x141363dbc	0x1400e3c20
reference	PE:6a70a6d9:02711000	state-helper-13625b0	0x1413625b0	0x141363dc6	0x14006f850
reference	PE:6a70a6d9:02711000	state-helper-13625b0	0x1413625b0	0x141363dd0	0x14006f850
reference	PE:6a70a6d9:02711000	state-helper-13625b0	0x1413625b0	0x141363e6f	0x1400707d0
reference	PE:6a70a6d9:02711000	state-helper-13625b0	0x1413625b0	0x141363ec8	0x1400e3c20
reference	PE:6a70a6d9:02711000	state-helper-13625b0	0x1413625b0	0x141363f0c	QWORD PTR [rip+0x281c16]        # 0x1415e5b28
reference	PE:6a70a6d9:02711000	state-helper-13625b0	0x1413625b0	0x141363f7c	0x140aa3bd0
reference	PE:6a70a6d9:02711000	state-helper-13625b0	0x1413625b0	0x141363f96	0x14006fa10
reference	PE:6a70a6d9:02711000	state-helper-13625b0	0x1413625b0	0x141363fac	0x14006fa10
reference	PE:6a70a6d9:02711000	state-helper-13625b0	0x1413625b0	0x14136403c	0x1400e3c20
reference	PE:6a70a6d9:02711000	state-helper-13625b0	0x1413625b0	0x141364046	0x14006f850
reference	PE:6a70a6d9:02711000	state-helper-13625b0	0x1413625b0	0x14136407d	QWORD PTR [rip+0x281aa5]        # 0x1415e5b28
reference	PE:6a70a6d9:02711000	state-helper-13625b0	0x1413625b0	0x141364084	0x141539680
reference	PE:6a70a6d9:02711000	state-helper-13625b0	0x1413625b0	0x141364090	0x141539660
reference	PE:6a70a6d9:02711000	state-helper-1365010	0x141365010	0x141365044	0x141325080
reference	PE:6a70a6d9:02711000	state-helper-1365010	0x141365010	0x141365087	0x141378860
reference	PE:6a70a6d9:02711000	state-helper-1365010	0x141365010	0x14136508f	0x140073a60
reference	PE:6a70a6d9:02711000	state-helper-1365010	0x141365010	0x1413650a1	0x1400b9dc0
reference	PE:6a70a6d9:02711000	state-helper-13650e0	0x1413650e0	0x141365169	0x1400b9e70
reference	PE:6a70a6d9:02711000	state-helper-13650e0	0x1413650e0	0x14136519b	0x141324b80
reference	PE:6a70a6d9:02711000	state-helper-13650e0	0x1413650e0	0x141365232	0x14132e430
reference	PE:6a70a6d9:02711000	state-helper-13650e0	0x1413650e0	0x1413652a5	0x1400707d0
reference	PE:6a70a6d9:02711000	state-helper-13650e0	0x1413650e0	0x1413652c0	0x14153aa78
reference	PE:6a70a6d9:02711000	state-helper-13650e0	0x1413650e0	0x1413652fa	0x14006fa10
reference	PE:6a70a6d9:02711000	state-helper-13650e0	0x1413650e0	0x14136533f	0x14006fa10
reference	PE:6a70a6d9:02711000	state-helper-13650e0	0x1413650e0	0x1413653d2	0x1400e3c20
reference	PE:6a70a6d9:02711000	state-helper-13650e0	0x1413650e0	0x14136540a	QWORD PTR [rip+0x280718]        # 0x1415e5b28
reference	PE:6a70a6d9:02711000	state-helper-13650e0	0x1413650e0	0x141365411	0x141539680
reference	PE:6a70a6d9:02711000	state-helper-13650e0	0x1413650e0	0x141365459	QWORD PTR [rip+0x2806c9]        # 0x1415e5b28
reference	PE:6a70a6d9:02711000	state-helper-13650e0	0x1413650e0	0x141365460	0x141539680
reference	PE:6a70a6d9:02711000	state-helper-13650e0	0x1413650e0	0x14136546b	0x140066b70
reference	PE:6a70a6d9:02711000	state-helper-13650e0	0x1413650e0	0x141365475	0x14006f750
reference	PE:6a70a6d9:02711000	state-helper-13650e0	0x1413650e0	0x141365480	0x14006f750
reference	PE:6a70a6d9:02711000	state-helper-13650e0	0x1413650e0	0x14136548f	0x141539660
reference	PE:6a70a6d9:02711000	state-helper-13650e0	0x1413650e0	0x1413654b0	0x140065890
reference	PE:6a70a6d9:02711000	state-helper-1366d40	0x141366d40	0x141366dd7	QWORD PTR [rax+0x10]
reference	PE:6a70a6d9:02711000	state-helper-1366d40	0x141366d40	0x141366df7	QWORD PTR [rax+0x20]
reference	PE:6a70a6d9:02711000	state-helper-1366d40	0x141366d40	0x141366e4f	QWORD PTR [rax+0x10]
reference	PE:6a70a6d9:02711000	state-helper-1366d40	0x141366d40	0x141366e5d	QWORD PTR [rax+0x18]
reference	PE:6a70a6d9:02711000	state-helper-1366d40	0x141366d40	0x141366e76	QWORD PTR [rax+0x18]
reference	PE:6a70a6d9:02711000	state-helper-1366d40	0x141366d40	0x141366ef9	0x140c8bc60
reference	PE:6a70a6d9:02711000	state-helper-1366d40	0x141366d40	0x141366f2f	0x141329bf0
reference	PE:6a70a6d9:02711000	state-helper-1366d40	0x141366d40	0x141366f42	0x14052be80
reference	PE:6a70a6d9:02711000	state-helper-1366d40	0x141366d40	0x141366f4a	0x140073a60
reference	PE:6a70a6d9:02711000	state-helper-1366d40	0x141366d40	0x141366f5b	0x14135eb40
reference	PE:6a70a6d9:02711000	state-helper-1366d40	0x141366d40	0x141366f63	0x141366ac0
reference	PE:6a70a6d9:02711000	state-helper-1366d40	0x141366d40	0x141366f77	0x140072660
reference	PE:6a70a6d9:02711000	state-helper-1366d40	0x141366d40	0x141366f8d	0x14030d190
reference	PE:6a70a6d9:02711000	state-helper-1366d40	0x141366d40	0x141366fa5	0x14052be80
reference	PE:6a70a6d9:02711000	state-helper-1366d40	0x141366d40	0x141366fc7	0x140aa40f0
reference	PE:6a70a6d9:02711000	state-helper-1366d40	0x141366d40	0x141366fcf	0x141365010
reference	PE:6a70a6d9:02711000	state-helper-1366d40	0x141366d40	0x14136707e	0x1400b9dc0
reference	PE:6a70a6d9:02711000	state-helper-1366d40	0x141366d40	0x1413670b9	0x140e6e8c0
reference	PE:6a70a6d9:02711000	state-helper-1366d40	0x141366d40	0x14136714e	0x141325080
reference	PE:6a70a6d9:02711000	state-helper-1366d40	0x141366d40	0x141367158	0x14006f750
reference	PE:6a70a6d9:02711000	state-helper-1366d40	0x141366d40	0x141367161	0x14006f850
reference	PE:6a70a6d9:02711000	state-helper-1366d40	0x141366d40	0x14136716a	0x14006f850
reference	PE:6a70a6d9:02711000	state-helper-1366d40	0x141366d40	0x141367186	0x141348a40
reference	PE:6a70a6d9:02711000	state-helper-1366d40	0x141366d40	0x141367203	0x1413610f0
reference	PE:6a70a6d9:02711000	state-helper-1366d40	0x141366d40	0x141367222	0x140c88f50
reference	PE:6a70a6d9:02711000	state-helper-1366d40	0x141366d40	0x14136730a	0x141389be0
reference	PE:6a70a6d9:02711000	state-helper-1366d40	0x141366d40	0x14136731e	0x141389be0
reference	PE:6a70a6d9:02711000	state-helper-1366d40	0x141366d40	0x141367334	0x14134eb30
reference	PE:6a70a6d9:02711000	state-helper-1366d40	0x141366d40	0x14136733c	0x14134ed40
reference	PE:6a70a6d9:02711000	state-helper-1366d40	0x141366d40	0x141367350	0x14134efc0
reference	PE:6a70a6d9:02711000	state-helper-1366d40	0x141366d40	0x141367364	0x14134f0e0
reference	PE:6a70a6d9:02711000	state-helper-1366d40	0x141366d40	0x14136738b	0x141539660
reference	PE:6a70a6d9:02711000	state-helper-1368990	0x141368990	0x141368a16	0x14133e7a0
reference	PE:6a70a6d9:02711000	state-helper-1368990	0x141368990	0x141368a25	0x14133e7a0
reference	PE:6a70a6d9:02711000	state-helper-1368990	0x141368990	0x141368a73	0x1400b9dc0
reference	PE:6a70a6d9:02711000	state-helper-1368990	0x141368990	0x141368ac7	0x140775520
reference	PE:6a70a6d9:02711000	state-helper-1368990	0x141368990	0x141368ae8	0x14133baf0
reference	PE:6a70a6d9:02711000	state-helper-1368990	0x141368990	0x141368af8	0x14133baf0
reference	PE:6a70a6d9:02711000	state-helper-1368990	0x141368990	0x141368b1b	0x1410e8a50
reference	PE:6a70a6d9:02711000	state-helper-1368990	0x141368990	0x141368b72	0x14131f220
reference	PE:6a70a6d9:02711000	state-helper-1368990	0x141368990	0x141368b98	0x141367b20
reference	PE:6a70a6d9:02711000	state-helper-1368990	0x141368990	0x141368bc2	QWORD PTR [rax]
reference	PE:6a70a6d9:02711000	state-helper-1368990	0x141368990	0x141368bfc	0x1400b9dc0
reference	PE:6a70a6d9:02711000	state-helper-1368990	0x141368990	0x141368c1d	0x14133e7a0
reference	PE:6a70a6d9:02711000	state-helper-1368990	0x141368990	0x141368c2e	0x14133e7a0
reference	PE:6a70a6d9:02711000	state-helper-1368990	0x141368990	0x141368c7f	0x1400b9dc0
reference	PE:6a70a6d9:02711000	state-helper-1368990	0x141368990	0x141368cc7	0x140775520
reference	PE:6a70a6d9:02711000	state-helper-1368990	0x141368990	0x141368cf3	0x14133baf0
reference	PE:6a70a6d9:02711000	state-helper-1368990	0x141368990	0x141368d03	0x14133baf0
reference	PE:6a70a6d9:02711000	state-helper-1368990	0x141368990	0x141368d25	0x1410e8a50
reference	PE:6a70a6d9:02711000	state-helper-1368990	0x141368990	0x141368d5c	0x14133e7a0
reference	PE:6a70a6d9:02711000	state-helper-1368990	0x141368990	0x141368da2	0x1400b9dc0
reference	PE:6a70a6d9:02711000	state-helper-1368990	0x141368990	0x141368df6	0x140775520
reference	PE:6a70a6d9:02711000	state-helper-1368990	0x141368990	0x141368e1f	0x14133baf0
reference	PE:6a70a6d9:02711000	state-helper-1368990	0x141368990	0x141368e54	0x14133e7a0
reference	PE:6a70a6d9:02711000	state-helper-1368990	0x141368990	0x141368e63	0x14133e7a0
reference	PE:6a70a6d9:02711000	state-helper-1368990	0x141368990	0x141368eb7	0x1400b9dc0
reference	PE:6a70a6d9:02711000	state-helper-1368990	0x141368990	0x141368f00	0x140775520
reference	PE:6a70a6d9:02711000	state-helper-1368990	0x141368990	0x141368f29	0x14133baf0
reference	PE:6a70a6d9:02711000	state-helper-1368990	0x141368990	0x141368f44	0x14133baf0
reference	PE:6a70a6d9:02711000	state-helper-1368990	0x141368990	0x141368f7c	0x1410e8a50
reference	PE:6a70a6d9:02711000	state-helper-1368990	0x141368990	0x141368f8e	0x14133e7a0
reference	PE:6a70a6d9:02711000	state-helper-1368990	0x141368990	0x141368fc1	0x140775520
reference	PE:6a70a6d9:02711000	state-helper-1368990	0x141368990	0x141368fe9	0x14133baf0
reference	PE:6a70a6d9:02711000	state-helper-1368990	0x141368990	0x141368ffb	0x14133e7a0
reference	PE:6a70a6d9:02711000	state-helper-1368990	0x141368990	0x14136902e	0x140775520
reference	PE:6a70a6d9:02711000	state-helper-1368990	0x141368990	0x141369056	0x14133baf0
reference	PE:6a70a6d9:02711000	state-helper-1368990	0x141368990	0x141369068	0x14133e7a0
reference	PE:6a70a6d9:02711000	state-helper-1368990	0x141368990	0x14136909b	0x140775520
reference	PE:6a70a6d9:02711000	state-helper-1368990	0x141368990	0x1413690c3	0x14133baf0
reference	PE:6a70a6d9:02711000	state-helper-1368990	0x141368990	0x1413690d5	0x14133e7a0
reference	PE:6a70a6d9:02711000	state-helper-1368990	0x141368990	0x141369108	0x140775520
reference	PE:6a70a6d9:02711000	state-helper-1368990	0x141368990	0x141369130	0x14133baf0
reference	PE:6a70a6d9:02711000	state-helper-1368990	0x141368990	0x141369142	0x14133e7a0
reference	PE:6a70a6d9:02711000	state-helper-1368990	0x141368990	0x141369175	0x140775520
reference	PE:6a70a6d9:02711000	state-helper-1368990	0x141368990	0x14136919d	0x14133baf0
reference	PE:6a70a6d9:02711000	state-helper-1368990	0x141368990	0x1413691af	0x14133e7a0
reference	PE:6a70a6d9:02711000	state-helper-1368990	0x141368990	0x1413691e2	0x140775520
reference	PE:6a70a6d9:02711000	state-helper-1368990	0x141368990	0x14136920a	0x14133baf0
reference	PE:6a70a6d9:02711000	state-helper-1368990	0x141368990	0x14136921c	0x14133e7a0
reference	PE:6a70a6d9:02711000	state-helper-1368990	0x141368990	0x14136924f	0x140775520
reference	PE:6a70a6d9:02711000	state-helper-1368990	0x141368990	0x141369277	0x14133baf0
reference	PE:6a70a6d9:02711000	state-helper-1368990	0x141368990	0x141369289	0x14133e7a0
reference	PE:6a70a6d9:02711000	state-helper-1368990	0x141368990	0x1413692bc	0x140775520
reference	PE:6a70a6d9:02711000	state-helper-1368990	0x141368990	0x1413692e4	0x14133baf0
reference	PE:6a70a6d9:02711000	state-helper-1368990	0x141368990	0x1413692f6	0x14133e7a0
reference	PE:6a70a6d9:02711000	state-helper-1368990	0x141368990	0x141369329	0x140775520
reference	PE:6a70a6d9:02711000	state-helper-1368990	0x141368990	0x141369351	0x14133baf0
reference	PE:6a70a6d9:02711000	state-helper-1368990	0x141368990	0x141369363	0x14133e7a0
reference	PE:6a70a6d9:02711000	state-helper-1368990	0x141368990	0x141369396	0x140775520
reference	PE:6a70a6d9:02711000	state-helper-1368990	0x141368990	0x1413693be	0x14133baf0
reference	PE:6a70a6d9:02711000	state-helper-1368990	0x141368990	0x1413693d0	0x14133e7a0
reference	PE:6a70a6d9:02711000	state-helper-1368990	0x141368990	0x141369403	0x140775520
reference	PE:6a70a6d9:02711000	state-helper-1368990	0x141368990	0x14136942b	0x14133baf0
reference	PE:6a70a6d9:02711000	state-helper-1368990	0x141368990	0x14136943d	0x14133e7a0
reference	PE:6a70a6d9:02711000	state-helper-1368990	0x141368990	0x14136944c	0x14133e7a0
reference	PE:6a70a6d9:02711000	state-helper-1368990	0x141368990	0x141369487	0x140775520
reference	PE:6a70a6d9:02711000	state-helper-1368990	0x141368990	0x1413694b0	0x14133baf0
reference	PE:6a70a6d9:02711000	state-helper-1368990	0x141368990	0x1413694cb	0x14133baf0
reference	PE:6a70a6d9:02711000	state-helper-1368990	0x141368990	0x1413694dd	0x14133e7a0
reference	PE:6a70a6d9:02711000	state-helper-1368990	0x141368990	0x1413694ec	0x14133e7a0
reference	PE:6a70a6d9:02711000	state-helper-1368990	0x141368990	0x14136953a	0x1400b9dc0
reference	PE:6a70a6d9:02711000	state-helper-1368990	0x141368990	0x14136958e	0x140775520
reference	PE:6a70a6d9:02711000	state-helper-1368990	0x141368990	0x1413695b7	0x14133baf0
reference	PE:6a70a6d9:02711000	state-helper-1368990	0x141368990	0x1413695d2	0x14133baf0
reference	PE:6a70a6d9:02711000	state-helper-1368990	0x141368990	0x141369607	0x14133e7a0
reference	PE:6a70a6d9:02711000	state-helper-1368990	0x141368990	0x14136964d	0x1400b9dc0
reference	PE:6a70a6d9:02711000	state-helper-1368990	0x141368990	0x1413696a1	0x140775520
reference	PE:6a70a6d9:02711000	state-helper-1368990	0x141368990	0x1413696ca	0x14133baf0
reference	PE:6a70a6d9:02711000	state-helper-1368990	0x141368990	0x1413696fa	0x14133e7a0
reference	PE:6a70a6d9:02711000	state-helper-1368990	0x141368990	0x14136976d	0x1400b9dc0
reference	PE:6a70a6d9:02711000	state-helper-1368990	0x141368990	0x1413697cf	0x14133e7a0
reference	PE:6a70a6d9:02711000	state-helper-1368990	0x141368990	0x1413697de	0x14133e7a0
reference	PE:6a70a6d9:02711000	state-helper-1368990	0x141368990	0x141369818	0x140775520
reference	PE:6a70a6d9:02711000	state-helper-1368990	0x141368990	0x141369840	0x14133baf0
reference	PE:6a70a6d9:02711000	state-helper-1368990	0x141368990	0x141369850	0x14133baf0
reference	PE:6a70a6d9:02711000	state-helper-1368990	0x141368990	0x14136986e	QWORD PTR [rax+0x4f0]
reference	PE:6a70a6d9:02711000	state-helper-1368990	0x141368990	0x14136987a	0x14133e7a0
reference	PE:6a70a6d9:02711000	state-helper-1368990	0x141368990	0x141369889	0x14133e7a0
reference	PE:6a70a6d9:02711000	state-helper-1368990	0x141368990	0x1413698a3	QWORD PTR [rdx+0x4f0]
reference	PE:6a70a6d9:02711000	state-helper-1368990	0x141368990	0x1413698e1	0x140775520
reference	PE:6a70a6d9:02711000	state-helper-1368990	0x141368990	0x141369911	0x14133baf0
reference	PE:6a70a6d9:02711000	state-helper-1368990	0x141368990	0x141369921	0x14133baf0
reference	PE:6a70a6d9:02711000	state-helper-1368990	0x141368990	0x14136994a	QWORD PTR [rax+0x4f8]
reference	PE:6a70a6d9:02711000	state-helper-1368990	0x141368990	0x141369956	0x14133e7a0
reference	PE:6a70a6d9:02711000	state-helper-1368990	0x141368990	0x141369965	0x14133e7a0
reference	PE:6a70a6d9:02711000	state-helper-1368990	0x141368990	0x14136997f	QWORD PTR [rdx+0x4f8]
reference	PE:6a70a6d9:02711000	state-helper-1368990	0x141368990	0x1413699bd	0x140775520
reference	PE:6a70a6d9:02711000	state-helper-1368990	0x141368990	0x1413699f5	0x14133baf0
reference	PE:6a70a6d9:02711000	state-helper-1368990	0x141368990	0x141369a05	0x14133baf0
reference	PE:6a70a6d9:02711000	state-helper-1368990	0x141368990	0x141369a17	0x14133e7a0
reference	PE:6a70a6d9:02711000	state-helper-1368990	0x141368990	0x141369a26	0x14133e7a0
reference	PE:6a70a6d9:02711000	state-helper-1368990	0x141368990	0x141369a61	0x140775520
reference	PE:6a70a6d9:02711000	state-helper-1368990	0x141368990	0x141369a8a	0x14133baf0
reference	PE:6a70a6d9:02711000	state-helper-1368990	0x141368990	0x141369a9a	0x14133baf0
reference	PE:6a70a6d9:02711000	state-helper-1368990	0x141368990	0x141369aac	0x14133e7a0
reference	PE:6a70a6d9:02711000	state-helper-1368990	0x141368990	0x141369adf	0x140775520
reference	PE:6a70a6d9:02711000	state-helper-1368990	0x141368990	0x141369b07	0x14133baf0
reference	PE:6a70a6d9:02711000	state-helper-1368990	0x141368990	0x141369b19	0x14133e7a0
reference	PE:6a70a6d9:02711000	state-helper-1368990	0x141368990	0x141369b4c	0x140775520
reference	PE:6a70a6d9:02711000	state-helper-1368990	0x141368990	0x141369b74	0x14133baf0
reference	PE:6a70a6d9:02711000	state-helper-1368990	0x141368990	0x141369b88	0x14133e7a0
reference	PE:6a70a6d9:02711000	state-helper-1368990	0x141368990	0x141369bb8	0x140775520
reference	PE:6a70a6d9:02711000	state-helper-1368990	0x141368990	0x141369bdd	0x14133baf0
reference	PE:6a70a6d9:02711000	state-helper-1368990	0x141368990	0x141369bef	0x14133e7a0
reference	PE:6a70a6d9:02711000	state-helper-1368990	0x141368990	0x141369c22	0x140775520
reference	PE:6a70a6d9:02711000	state-helper-1368990	0x141368990	0x141369c4a	0x14133baf0
reference	PE:6a70a6d9:02711000	state-helper-1368990	0x141368990	0x141369c5c	0x14133e7a0
reference	PE:6a70a6d9:02711000	state-helper-1368990	0x141368990	0x141369c6b	0x14133e7a0
reference	PE:6a70a6d9:02711000	state-helper-1368990	0x141368990	0x141369ca6	0x140775520
reference	PE:6a70a6d9:02711000	state-helper-1368990	0x141368990	0x141369cce	0x14133baf0
reference	PE:6a70a6d9:02711000	state-helper-1368990	0x141368990	0x141369ce0	0x14133e7a0
reference	PE:6a70a6d9:02711000	state-helper-1368990	0x141368990	0x141369d13	0x140775520
reference	PE:6a70a6d9:02711000	state-helper-1368990	0x141368990	0x141369d3b	0x14133baf0
reference	PE:6a70a6d9:02711000	state-helper-1368990	0x141368990	0x141369d4d	0x14133e7a0
reference	PE:6a70a6d9:02711000	state-helper-1368990	0x141368990	0x141369d80	0x140775520
reference	PE:6a70a6d9:02711000	state-helper-1368990	0x141368990	0x141369da8	0x14133baf0
reference	PE:6a70a6d9:02711000	state-helper-1368990	0x141368990	0x141369dba	0x14133e7a0
reference	PE:6a70a6d9:02711000	state-helper-1368990	0x141368990	0x141369ded	0x140775520
reference	PE:6a70a6d9:02711000	state-helper-1368990	0x141368990	0x141369e15	0x14133baf0
reference	PE:6a70a6d9:02711000	state-helper-1368990	0x141368990	0x141369e27	0x14133e7a0
reference	PE:6a70a6d9:02711000	state-helper-1368990	0x141368990	0x141369e5a	0x140775520
reference	PE:6a70a6d9:02711000	state-helper-1368990	0x141368990	0x141369e82	0x14133baf0
reference	PE:6a70a6d9:02711000	state-helper-1368990	0x141368990	0x141369e94	0x14133e7a0
reference	PE:6a70a6d9:02711000	state-helper-1368990	0x141368990	0x141369ec7	0x140775520
reference	PE:6a70a6d9:02711000	state-helper-1368990	0x141368990	0x141369eef	0x14133baf0
reference	PE:6a70a6d9:02711000	state-helper-1368990	0x141368990	0x141369f01	0x14133e7a0
reference	PE:6a70a6d9:02711000	state-helper-1368990	0x141368990	0x141369f34	0x140775520
reference	PE:6a70a6d9:02711000	state-helper-1368990	0x141368990	0x141369f5c	0x14133baf0
reference	PE:6a70a6d9:02711000	state-helper-1368990	0x141368990	0x141369f6e	0x14133e7a0
reference	PE:6a70a6d9:02711000	state-helper-1368990	0x141368990	0x141369fa1	0x140775520
reference	PE:6a70a6d9:02711000	state-helper-1368990	0x141368990	0x141369fc9	0x14133baf0
reference	PE:6a70a6d9:02711000	state-helper-1368990	0x141368990	0x141369fdb	0x14133e7a0
reference	PE:6a70a6d9:02711000	state-helper-1368990	0x141368990	0x14136a00e	0x140775520
reference	PE:6a70a6d9:02711000	state-helper-1368990	0x141368990	0x14136a036	0x14133baf0
reference	PE:6a70a6d9:02711000	state-helper-1368990	0x141368990	0x14136a048	0x14133e7a0
reference	PE:6a70a6d9:02711000	state-helper-1368990	0x141368990	0x14136a07b	0x140775520
reference	PE:6a70a6d9:02711000	state-helper-1368990	0x141368990	0x14136a0a3	0x14133baf0
reference	PE:6a70a6d9:02711000	state-helper-1368990	0x141368990	0x14136a0b5	0x14133e7a0
reference	PE:6a70a6d9:02711000	state-helper-1368990	0x141368990	0x14136a0e8	0x140775520
reference	PE:6a70a6d9:02711000	state-helper-1368990	0x141368990	0x14136a110	0x14133baf0
reference	PE:6a70a6d9:02711000	state-helper-1368990	0x141368990	0x14136a122	0x14133e7a0
reference	PE:6a70a6d9:02711000	state-helper-1368990	0x141368990	0x14136a155	0x140775520
reference	PE:6a70a6d9:02711000	state-helper-1368990	0x141368990	0x14136a17d	0x14133baf0
reference	PE:6a70a6d9:02711000	state-helper-1368990	0x141368990	0x14136a18f	0x14133e7a0
reference	PE:6a70a6d9:02711000	state-helper-1368990	0x141368990	0x14136a1c2	0x140775520
reference	PE:6a70a6d9:02711000	state-helper-1368990	0x141368990	0x14136a1ea	0x14133baf0
reference	PE:6a70a6d9:02711000	state-helper-1368990	0x141368990	0x14136a1fc	0x14133e7a0
reference	PE:6a70a6d9:02711000	state-helper-1368990	0x141368990	0x14136a22f	0x140775520
reference	PE:6a70a6d9:02711000	state-helper-1368990	0x141368990	0x14136a257	0x14133baf0
reference	PE:6a70a6d9:02711000	state-helper-1368990	0x141368990	0x14136a273	0x14133e7a0
reference	PE:6a70a6d9:02711000	state-helper-1368990	0x141368990	0x14136a2a4	0x140775520
reference	PE:6a70a6d9:02711000	state-helper-1368990	0x141368990	0x14136a2d4	0x14133baf0
reference	PE:6a70a6d9:02711000	state-helper-1368990	0x141368990	0x14136a2e6	0x14133e7a0
reference	PE:6a70a6d9:02711000	state-helper-1368990	0x141368990	0x14136a319	0x140775520
reference	PE:6a70a6d9:02711000	state-helper-1368990	0x141368990	0x14136a341	0x14133baf0
reference	PE:6a70a6d9:02711000	state-helper-1368990	0x141368990	0x14136a353	0x14133e7a0
reference	PE:6a70a6d9:02711000	state-helper-1368990	0x141368990	0x14136a386	0x140775520
reference	PE:6a70a6d9:02711000	state-helper-1368990	0x141368990	0x14136a3aa	0x14133baf0
reference	PE:6a70a6d9:02711000	state-helper-1368990	0x141368990	0x14136a3cd	0x1400b9dc0
reference	PE:6a70a6d9:02711000	state-helper-1368990	0x141368990	0x14136a42f	0x1400b9dc0
reference	PE:6a70a6d9:02711000	state-helper-1368990	0x141368990	0x14136a4c2	0x141334a10
reference	PE:6a70a6d9:02711000	state-helper-1368990	0x141368990	0x14136a4d3	0x140eb68b0
reference	PE:6a70a6d9:02711000	state-helper-1368990	0x141368990	0x14136a5b0	0x140eb68b0
reference	PE:6a70a6d9:02711000	state-helper-1368990	0x141368990	0x14136a60f	0x1413cacb0
reference	PE:6a70a6d9:02711000	state-helper-1368990	0x141368990	0x14136a6b3	0x140eb68b0
reference	PE:6a70a6d9:02711000	state-helper-1368990	0x141368990	0x14136a712	0x1413cacb0
reference	PE:6a70a6d9:02711000	state-helper-1368990	0x141368990	0x14136a7b6	0x140eb68b0
reference	PE:6a70a6d9:02711000	state-helper-1368990	0x141368990	0x14136a815	0x1413cacb0
reference	PE:6a70a6d9:02711000	state-helper-1368990	0x141368990	0x14136a9a4	0x140eb68b0
reference	PE:6a70a6d9:02711000	state-helper-1368990	0x141368990	0x14136aa57	0x140eb68b0
reference	PE:6a70a6d9:02711000	state-helper-1368990	0x141368990	0x14136ab17	0x140eb68b0
reference	PE:6a70a6d9:02711000	state-helper-1368990	0x141368990	0x14136ab7b	0x1413cadc0
reference	PE:6a70a6d9:02711000	state-helper-1368990	0x141368990	0x14136ab89	0x1413cadc0
reference	PE:6a70a6d9:02711000	state-helper-1368990	0x141368990	0x14136acd8	0x140eb68b0
reference	PE:6a70a6d9:02711000	state-helper-1368990	0x141368990	0x14136ad8a	0x140eb68b0
reference	PE:6a70a6d9:02711000	state-helper-1368990	0x141368990	0x14136adee	0x1413cadc0
reference	PE:6a70a6d9:02711000	state-helper-1368990	0x141368990	0x14136aeaf	0x140eb68b0
reference	PE:6a70a6d9:02711000	state-helper-1368990	0x141368990	0x14136af0e	0x1413cadc0
reference	PE:6a70a6d9:02711000	state-helper-1368990	0x141368990	0x14136af21	0x140e2c090
reference	PE:6a70a6d9:02711000	state-helper-1368990	0x141368990	0x14136af73	0x140e11bb0
reference	PE:6a70a6d9:02711000	state-helper-1368990	0x141368990	0x14136af9f	0x140e11bb0
reference	PE:6a70a6d9:02711000	state-helper-1368990	0x141368990	0x14136afcc	0x140e11bb0
reference	PE:6a70a6d9:02711000	state-helper-1368990	0x141368990	0x14136b022	0x141368990
reference	PE:6a70a6d9:02711000	state-helper-1368990	0x141368990	0x14136b09a	0x1413835e0
reference	PE:6a70a6d9:02711000	state-helper-1368990	0x141368990	0x14136b373	QWORD PTR [rax+0x380]
reference	PE:6a70a6d9:02711000	state-helper-1368990	0x141368990	0x14136b38f	0x1413869f0
reference	PE:6a70a6d9:02711000	state-helper-1368990	0x141368990	0x14136b3bd	QWORD PTR [rax+0x380]
reference	PE:6a70a6d9:02711000	state-helper-1368990	0x141368990	0x14136b3d5	0x1413869f0
reference	PE:6a70a6d9:02711000	state-helper-1368990	0x141368990	0x14136b407	0x14133e7a0
reference	PE:6a70a6d9:02711000	state-helper-13cfbe0	0x1413cfbe0	0x1413cfc24	0x1400b9dc0
reference	PE:6a70a6d9:02711000	state-helper-13cfbe0	0x1413cfbe0	0x1413cfc39	0x141539690
reference	PE:6a70a6d9:02711000	state-helper-13cfbe0	0x1413cfbe0	0x1413cfc64	0x1400b9fa0
reference	PE:6a70a6d9:02711000	state-helper-13cfbe0	0x1413cfbe0	0x1413cfd33	QWORD PTR [rax+0xd8]
reference	PE:6a70a6d9:02711000	state-helper-13cfbe0	0x1413cfbe0	0x1413cfd9a	0x1400babe0
reference	PE:6a70a6d9:02711000	state-helper-13cfbe0	0x1413cfbe0	0x1413cfe04	0x14007da30
reference	PE:6a70a6d9:02711000	state-helper-13cfbe0	0x1413cfbe0	0x1413cfe21	r8
reference	PE:6a70a6d9:02711000	state-helper-13cfbe0	0x1413cfbe0	0x1413cfe88	0x140b99da0
reference	PE:6a70a6d9:02711000	state-helper-13cfbe0	0x1413cfbe0	0x1413cfe99	0x140eb68b0
reference	PE:6a70a6d9:02711000	state-helper-13cfbe0	0x1413cfbe0	0x1413cfedb	QWORD PTR [rax+0x330]
reference	PE:6a70a6d9:02711000	state-helper-13cfbe0	0x1413cfbe0	0x1413cfee6	0x141539690
reference	PE:6a70a6d9:02711000	state-helper-13cfbe0	0x1413cfbe0	0x1413cfef5	0x140c98970
reference	PE:6a70a6d9:02711000	state-helper-13cfbe0	0x1413cfbe0	0x1413cff20	0x140a92860
reference	PE:6a70a6d9:02711000	state-helper-13cfbe0	0x1413cfbe0	0x1413cff37	0x140072660
reference	PE:6a70a6d9:02711000	state-helper-13cfbe0	0x1413cfbe0	0x1413cff4d	QWORD PTR [rax+0x328]
reference	PE:6a70a6d9:02711000	state-helper-13cfbe0	0x1413cfbe0	0x1413cff53	0x14007d170
reference	PE:6a70a6d9:02711000	state-helper-13cfbe0	0x1413cfbe0	0x1413cff7e	0x1413a5660
reference	PE:6a70a6d9:02711000	state-helper-13cfbe0	0x1413cfbe0	0x1413cffbf	QWORD PTR [rax+0x128]
reference	PE:6a70a6d9:02711000	state-helper-13cfbe0	0x1413cfbe0	0x1413cffd9	0x140b530b0
reference	PE:6a70a6d9:02711000	state-helper-13cfbe0	0x1413cfbe0	0x1413d00ea	0x140c2cee0
reference	PE:6a70a6d9:02711000	state-helper-13cfbe0	0x1413cfbe0	0x1413d00f2	0x14138ed20
reference	PE:6a70a6d9:02711000	state-helper-13cfbe0	0x1413cfbe0	0x1413d00ff	0x14137bd50
reference	PE:6a70a6d9:02711000	state-helper-13cfbe0	0x1413cfbe0	0x1413d0145	QWORD PTR [rax+0x10]
reference	PE:6a70a6d9:02711000	state-helper-13cfbe0	0x1413cfbe0	0x1413d0153	QWORD PTR [rax+0x18]
reference	PE:6a70a6d9:02711000	state-helper-13cfbe0	0x1413cfbe0	0x1413d01ae	0x140c8baa0
reference	PE:6a70a6d9:02711000	state-helper-13cfbe0	0x1413cfbe0	0x1413d01fb	0x141330c30
reference	PE:6a70a6d9:02711000	state-helper-13cfbe0	0x1413cfbe0	0x1413d0211	0x14006fa10
reference	PE:6a70a6d9:02711000	state-helper-13cfbe0	0x1413cfbe0	0x1413d0233	0x140a94030
reference	PE:6a70a6d9:02711000	state-helper-13cfbe0	0x1413cfbe0	0x1413d024e	0x14006fa10
reference	PE:6a70a6d9:02711000	state-helper-13cfbe0	0x1413cfbe0	0x1413d0264	0x14006fa10
reference	PE:6a70a6d9:02711000	state-helper-13cfbe0	0x1413cfbe0	0x1413d0279	0x140c65450
reference	PE:6a70a6d9:02711000	state-helper-13cfbe0	0x1413cfbe0	0x1413d0294	0x14006fa10
reference	PE:6a70a6d9:02711000	state-helper-13cfbe0	0x1413cfbe0	0x1413d02aa	0x14006fa10
reference	PE:6a70a6d9:02711000	state-helper-13cfbe0	0x1413cfbe0	0x1413d0325	0x1400e3c20
reference	PE:6a70a6d9:02711000	state-helper-13cfbe0	0x1413cfbe0	0x1413d032f	0x14006f850
reference	PE:6a70a6d9:02711000	state-helper-13cfbe0	0x1413cfbe0	0x1413d0339	0x14006f850
reference	PE:6a70a6d9:02711000	state-helper-13cfbe0	0x1413cfbe0	0x1413d036c	QWORD PTR [rax+0x8]
reference	PE:6a70a6d9:02711000	state-helper-13cfbe0	0x1413cfbe0	0x1413d037b	QWORD PTR [rdx]
reference	PE:6a70a6d9:02711000	state-helper-13cfbe0	0x1413cfbe0	0x1413d03d5	0x140aca720
reference	PE:6a70a6d9:02711000	state-helper-13cfbe0	0x1413cfbe0	0x1413d0462	QWORD PTR [rax]
reference	PE:6a70a6d9:02711000	state-helper-13cfbe0	0x1413cfbe0	0x1413d0467	0x140aca720
reference	PE:6a70a6d9:02711000	state-helper-13cfbe0	0x1413cfbe0	0x1413d047b	QWORD PTR [rax+0x18]
reference	PE:6a70a6d9:02711000	state-helper-13cfbe0	0x1413cfbe0	0x1413d0488	QWORD PTR [rdx+0x10]
reference	PE:6a70a6d9:02711000	state-helper-13cfbe0	0x1413cfbe0	0x1413d0547	0x140eb68b0
reference	PE:6a70a6d9:02711000	state-helper-13cfbe0	0x1413cfbe0	0x1413d0587	0x14138ed20
reference	PE:6a70a6d9:02711000	state-helper-13cfbe0	0x1413cfbe0	0x1413d0594	0x14137bd50
reference	PE:6a70a6d9:02711000	state-helper-13cfbe0	0x1413cfbe0	0x1413d05d2	QWORD PTR [rax+0x10]
reference	PE:6a70a6d9:02711000	state-helper-13cfbe0	0x1413cfbe0	0x1413d05e0	QWORD PTR [rax+0x18]
reference	PE:6a70a6d9:02711000	state-helper-13cfbe0	0x1413cfbe0	0x1413d0600	0x140c8baa0
reference	PE:6a70a6d9:02711000	state-helper-13cfbe0	0x1413cfbe0	0x1413d064d	0x141330c30
reference	PE:6a70a6d9:02711000	state-helper-13cfbe0	0x1413cfbe0	0x1413d0663	0x14006fa10
reference	PE:6a70a6d9:02711000	state-helper-13cfbe0	0x1413cfbe0	0x1413d068e	0x140c65450
reference	PE:6a70a6d9:02711000	state-helper-13cfbe0	0x1413cfbe0	0x1413d06a9	0x14006fa10
reference	PE:6a70a6d9:02711000	state-helper-13cfbe0	0x1413cfbe0	0x1413d06bf	0x14006fa10
reference	PE:6a70a6d9:02711000	state-helper-13cfbe0	0x1413cfbe0	0x1413d0739	0x1400e3c20
reference	PE:6a70a6d9:02711000	state-helper-13cfbe0	0x1413cfbe0	0x1413d0771	QWORD PTR [rip+0x2153b1]        # 0x1415e5b28
reference	PE:6a70a6d9:02711000	state-helper-13cfbe0	0x1413cfbe0	0x1413d0778	0x141539680
reference	PE:6a70a6d9:02711000	state-helper-13cfbe0	0x1413cfbe0	0x1413d07bf	QWORD PTR [rip+0x215363]        # 0x1415e5b28
reference	PE:6a70a6d9:02711000	state-helper-13cfbe0	0x1413cfbe0	0x1413d07c6	0x141539680
reference	PE:6a70a6d9:02711000	state-helper-13cfbe0	0x1413cfbe0	0x1413d07d2	0x141539660
reference	PE:6a70a6d9:02711000	state-helper-13db000	0x1413db000	0x1413db04e	0x141383470
reference	PE:6a70a6d9:02711000	state-helper-13db000	0x1413db000	0x1413db081	0x140dc61c0
reference	PE:6a70a6d9:02711000	state-helper-13db000	0x1413db000	0x1413db0e0	QWORD PTR [rax+0x10]
reference	PE:6a70a6d9:02711000	state-helper-13db000	0x1413db000	0x1413db0ee	QWORD PTR [rax+0x18]
reference	PE:6a70a6d9:02711000	state-helper-13db000	0x1413db000	0x1413db10e	0x140c8baa0
reference	PE:6a70a6d9:02711000	state-helper-13db000	0x1413db000	0x1413db194	0x14153ae80
reference	PE:6a70a6d9:02711000	state-helper-13db000	0x1413db000	0x1413db1d5	0x14137bd50
reference	PE:6a70a6d9:02711000	state-helper-13db000	0x1413db000	0x1413db1f5	0x14007dc40
reference	PE:6a70a6d9:02711000	state-helper-13db000	0x1413db000	0x1413db22e	0x14132e430
reference	PE:6a70a6d9:02711000	state-helper-13db000	0x1413db000	0x1413db249	0x14006f8d0
reference	PE:6a70a6d9:02711000	state-helper-13db000	0x1413db000	0x1413db25f	0x14006fa10
reference	PE:6a70a6d9:02711000	state-helper-13db000	0x1413db000	0x1413db290	0x14006fa10
reference	PE:6a70a6d9:02711000	state-helper-13db000	0x1413db000	0x1413db2a6	0x14006fa10
reference	PE:6a70a6d9:02711000	state-helper-13db000	0x1413db000	0x1413db2e2	QWORD PTR [rip+0x20a840]        # 0x1415e5b28
reference	PE:6a70a6d9:02711000	state-helper-13db000	0x1413db000	0x1413db2e9	0x141539680
reference	PE:6a70a6d9:02711000	state-helper-13db000	0x1413db000	0x1413db322	0x14153ae1a
reference	PE:6a70a6d9:02711000	state-helper-13db000	0x1413db000	0x1413db35f	0x1400707d0
reference	PE:6a70a6d9:02711000	state-helper-13db000	0x1413db000	0x1413db3bc	QWORD PTR [rip+0x20a766]        # 0x1415e5b28
reference	PE:6a70a6d9:02711000	state-helper-13db000	0x1413db000	0x1413db3c3	0x141539680
reference	PE:6a70a6d9:02711000	state-helper-13db000	0x1413db000	0x1413db3e7	0x14006fa10
reference	PE:6a70a6d9:02711000	state-helper-13db000	0x1413db000	0x1413db3fd	0x14006fa10
reference	PE:6a70a6d9:02711000	state-helper-13db000	0x1413db000	0x1413db47b	0x1400e3c20
reference	PE:6a70a6d9:02711000	state-helper-13db000	0x1413db000	0x1413db4b3	QWORD PTR [rip+0x20a66f]        # 0x1415e5b28
reference	PE:6a70a6d9:02711000	state-helper-13db000	0x1413db000	0x1413db4ba	0x141539680
reference	PE:6a70a6d9:02711000	state-helper-13db000	0x1413db000	0x1413db4c6	0x141539660
reference	PE:6a70a6d9:02711000	state-helper-13e5b20	0x1413e5b20	0x1413e5c97	0x14132e430
reference	PE:6a70a6d9:02711000	state-helper-13e5b20	0x1413e5b20	0x1413e5cbb	0x14006fa10
reference	PE:6a70a6d9:02711000	state-helper-13e5b20	0x1413e5b20	0x1413e5cfe	0x14006fa10
reference	PE:6a70a6d9:02711000	state-helper-13e5b20	0x1413e5b20	0x1413e5d1f	0x1413e5a90
reference	PE:6a70a6d9:02711000	state-helper-13e5b20	0x1413e5b20	0x1413e5d90	0x1400707d0
reference	PE:6a70a6d9:02711000	state-helper-13e5b20	0x1413e5b20	0x1413e5ddd	QWORD PTR [rip+0x1ffd45]        # 0x1415e5b28
reference	PE:6a70a6d9:02711000	state-helper-13e5b20	0x1413e5b20	0x1413e5de4	0x141539680
reference	PE:6a70a6d9:02711000	state-helper-13e5b20	0x1413e5b20	0x1413e5dfa	0x141330c30
reference	PE:6a70a6d9:02711000	state-helper-13e5b20	0x1413e5b20	0x1413e5e15	0x14006fa10
reference	PE:6a70a6d9:02711000	state-helper-13e5b20	0x1413e5b20	0x1413e5e2d	0x14006fa10
reference	PE:6a70a6d9:02711000	state-helper-13e5b20	0x1413e5b20	0x1413e5e65	QWORD PTR [rip+0x1ffcbd]        # 0x1415e5b28
reference	PE:6a70a6d9:02711000	state-helper-13e5b20	0x1413e5b20	0x1413e5e6c	0x141539680
reference	PE:6a70a6d9:02711000	state-helper-13e5b20	0x1413e5b20	0x1413e5ecd	0x14006fa10
reference	PE:6a70a6d9:02711000	state-helper-13e5b20	0x1413e5b20	0x1413e5eec	0x14006fa10
reference	PE:6a70a6d9:02711000	state-helper-13e5b20	0x1413e5b20	0x1413e5f0f	0x141331500
reference	PE:6a70a6d9:02711000	state-helper-13e5b20	0x1413e5b20	0x1413e5f2a	0x14006fa10
reference	PE:6a70a6d9:02711000	state-helper-13e5b20	0x1413e5b20	0x1413e5f66	QWORD PTR [rip+0x1ffbbc]        # 0x1415e5b28
reference	PE:6a70a6d9:02711000	state-helper-13e5b20	0x1413e5b20	0x1413e5f6d	0x141539680
reference	PE:6a70a6d9:02711000	state-helper-13e5b20	0x1413e5b20	0x1413e6223	0x14006fa10
reference	PE:6a70a6d9:02711000	state-helper-13e5b20	0x1413e5b20	0x1413e6250	0x140a94030
reference	PE:6a70a6d9:02711000	state-helper-13e5b20	0x1413e5b20	0x1413e626b	0x14006fa10
reference	PE:6a70a6d9:02711000	state-helper-13e5b20	0x1413e5b20	0x1413e6275	0x14006f850
reference	PE:6a70a6d9:02711000	state-helper-13e5b20	0x1413e5b20	0x1413e629d	0x14006fa10
reference	PE:6a70a6d9:02711000	state-helper-13e5b20	0x1413e5b20	0x1413e62c6	0x140a94030
reference	PE:6a70a6d9:02711000	state-helper-13e5b20	0x1413e5b20	0x1413e62e1	0x14006fa10
reference	PE:6a70a6d9:02711000	state-helper-13e5b20	0x1413e5b20	0x1413e62eb	0x14006f850
reference	PE:6a70a6d9:02711000	state-helper-13e5b20	0x1413e5b20	0x1413e6313	0x14006fa10
reference	PE:6a70a6d9:02711000	state-helper-13e5b20	0x1413e5b20	0x1413e64e8	0x14006fa10
reference	PE:6a70a6d9:02711000	state-helper-13e5b20	0x1413e5b20	0x1413e65ab	QWORD PTR [rax+0x10]
reference	PE:6a70a6d9:02711000	state-helper-13e5b20	0x1413e5b20	0x1413e65b9	QWORD PTR [rax+0x18]
reference	PE:6a70a6d9:02711000	state-helper-13e5b20	0x1413e5b20	0x1413e65d9	0x140c8baa0
reference	PE:6a70a6d9:02711000	state-helper-13e5b20	0x1413e5b20	0x1413e664a	0x1400e3c20
reference	PE:6a70a6d9:02711000	state-helper-13e5b20	0x1413e5b20	0x1413e670e	0x1413ef240
reference	PE:6a70a6d9:02711000	state-helper-13e5b20	0x1413e5b20	0x1413e671d	0x1400b9e70
reference	PE:6a70a6d9:02711000	state-helper-13e5b20	0x1413e5b20	0x1413e67a2	0x1413ef240
reference	PE:6a70a6d9:02711000	state-helper-13e5b20	0x1413e5b20	0x1413e67b1	0x1400b9e70
reference	PE:6a70a6d9:02711000	state-helper-13e5b20	0x1413e5b20	0x1413e67c8	0x1413918c0
reference	PE:6a70a6d9:02711000	state-helper-13e5b20	0x1413e5b20	0x1413e67df	0x1413918c0
reference	PE:6a70a6d9:02711000	state-helper-13e5b20	0x1413e5b20	0x1413e67ff	0x140b530b0
reference	PE:6a70a6d9:02711000	state-helper-13e5b20	0x1413e5b20	0x1413e6820	0x140b98d90
reference	PE:6a70a6d9:02711000	state-helper-13e5b20	0x1413e5b20	0x1413e68a3	0x140b530b0
reference	PE:6a70a6d9:02711000	state-helper-13e5b20	0x1413e5b20	0x1413e68c3	0x140b98b60
reference	PE:6a70a6d9:02711000	state-helper-13e5b20	0x1413e5b20	0x1413e68e3	0x140b530b0
reference	PE:6a70a6d9:02711000	state-helper-13e5b20	0x1413e5b20	0x1413e68f8	0x140b98d90
reference	PE:6a70a6d9:02711000	state-helper-13e5b20	0x1413e5b20	0x1413e6972	0x140b530b0
reference	PE:6a70a6d9:02711000	state-helper-13e5b20	0x1413e5b20	0x1413e6992	0x140b98b60
reference	PE:6a70a6d9:02711000	state-helper-13e5b20	0x1413e5b20	0x1413e69af	0x140b530b0
reference	PE:6a70a6d9:02711000	state-helper-13e5b20	0x1413e5b20	0x1413e69db	QWORD PTR [rax]
reference	PE:6a70a6d9:02711000	state-helper-13e5b20	0x1413e5b20	0x1413e6a01	0x1413cc4d0
reference	PE:6a70a6d9:02711000	state-helper-13e5b20	0x1413e5b20	0x1413e6a29	0x1413ef240
reference	PE:6a70a6d9:02711000	state-helper-13e5b20	0x1413e5b20	0x1413e6a38	0x1400b9e70
reference	PE:6a70a6d9:02711000	state-helper-13e5b20	0x1413e5b20	0x1413e6ab1	0x1413ef240
reference	PE:6a70a6d9:02711000	state-helper-13e5b20	0x1413e5b20	0x1413e6ac0	0x1400b9e70
reference	PE:6a70a6d9:02711000	state-helper-13e5b20	0x1413e5b20	0x1413e6b3e	0x1413ef240
reference	PE:6a70a6d9:02711000	state-helper-13e5b20	0x1413e5b20	0x1413e6b4d	0x1400b9e70
reference	PE:6a70a6d9:02711000	state-helper-13e5b20	0x1413e5b20	0x1413e6b85	0x1400babe0
reference	PE:6a70a6d9:02711000	state-helper-13e5b20	0x1413e5b20	0x1413e6c0a	0x140b530b0
reference	PE:6a70a6d9:02711000	state-helper-13e5b20	0x1413e5b20	0x1413e6c2e	0x1400b9dc0
reference	PE:6a70a6d9:02711000	state-helper-13e5b20	0x1413e5b20	0x1413e6c43	0x1402bf110
reference	PE:6a70a6d9:02711000	state-helper-13e5b20	0x1413e5b20	0x1413e6c63	0x1413ef240
reference	PE:6a70a6d9:02711000	state-helper-13e5b20	0x1413e5b20	0x1413e6c78	0x14006f750
reference	PE:6a70a6d9:02711000	state-helper-13e5b20	0x1413e5b20	0x1413e6c82	0x14006f850
reference	PE:6a70a6d9:02711000	state-helper-13e5b20	0x1413e5b20	0x1413e6c8e	0x141539660
reference	PE:6a70a6d9:02711000	state-helper-13f1f80	0x1413f1f80	0x1413f209e	0x141368990
classic	PE:6a70b91c:0270a000	status-update	0x14134f750	0x14134f775	0x141535d30
classic	PE:6a70b91c:0270a000	status-update	0x14134f750	0x14134f7b6	0x1400731c0
classic	PE:6a70b91c:0270a000	status-update	0x14134f750	0x14134f7c2	0x1400fdd00
classic	PE:6a70b91c:0270a000	status-update	0x14134f750	0x14134f7d8	0x1413b4e90
classic	PE:6a70b91c:0270a000	status-update	0x14134f750	0x14134f803	0x1413623a0
classic	PE:6a70b91c:0270a000	status-update	0x14134f750	0x14134f816	0x1400bb9f0
classic	PE:6a70b91c:0270a000	status-update	0x14134f750	0x14134f838	0x1400bba20
classic	PE:6a70b91c:0270a000	status-update	0x14134f750	0x14134f887	0x141376cc0
classic	PE:6a70b91c:0270a000	status-update	0x14134f750	0x14134f89b	0x14006f620
classic	PE:6a70b91c:0270a000	status-update	0x14134f750	0x14134f8ab	0x14132c470
classic	PE:6a70b91c:0270a000	status-update	0x14134f750	0x14134f8be	0x14006f4f0
classic	PE:6a70b91c:0270a000	status-update	0x14134f750	0x14134f8ca	0x14052b070
classic	PE:6a70b91c:0270a000	status-update	0x14134f750	0x14134f8d6	0x14006f620
classic	PE:6a70b91c:0270a000	status-update	0x14134f750	0x14134f907	0x140144e30
classic	PE:6a70b91c:0270a000	status-update	0x14134f750	0x14134f913	0x14006f4b0
classic	PE:6a70b91c:0270a000	status-update	0x14134f750	0x14134f92a	0x14006f4f0
classic	PE:6a70b91c:0270a000	status-update	0x14134f750	0x14134f93d	0x1400b9ca0
classic	PE:6a70b91c:0270a000	status-update	0x14134f750	0x14134f949	0x14007db70
classic	PE:6a70b91c:0270a000	status-update	0x14134f750	0x14134f962	0x1400e3550
classic	PE:6a70b91c:0270a000	status-update	0x14134f750	0x14134f97f	0x1400e3550
classic	PE:6a70b91c:0270a000	status-update	0x14134f750	0x14134fa08	0x1400e3bb0
classic	PE:6a70b91c:0270a000	status-update	0x14134f750	0x14134fa1b	0x140067dc0
classic	PE:6a70b91c:0270a000	status-update	0x14134f750	0x14134fa28	0x140067dc0
classic	PE:6a70b91c:0270a000	status-update	0x14134f750	0x14134fa30	0x141380a80
classic	PE:6a70b91c:0270a000	status-update	0x14134f750	0x14134fa44	0x141372960
classic	PE:6a70b91c:0270a000	status-update	0x14134f750	0x14134fad4	0x140073800
classic	PE:6a70b91c:0270a000	status-update	0x14134f750	0x14134fb7d	0x141359ab0
classic	PE:6a70b91c:0270a000	status-update	0x14134f750	0x14134fb85	0x1413598f0
classic	PE:6a70b91c:0270a000	status-update	0x14134f750	0x14134fbbe	0x14006f1d0
classic	PE:6a70b91c:0270a000	status-update	0x14134f750	0x14134fbd1	0x14006f1c0
classic	PE:6a70b91c:0270a000	status-update	0x14134f750	0x14134fbe8	0x14006edb0
classic	PE:6a70b91c:0270a000	status-update	0x14134f750	0x14134fbf2	0x140065740
classic	PE:6a70b91c:0270a000	status-update	0x14134f750	0x14134fc07	0x14006eda0
classic	PE:6a70b91c:0270a000	status-update	0x14134f750	0x14134fc2c	0x1405561d0
classic	PE:6a70b91c:0270a000	status-update	0x14134f750	0x14134fc42	0x14007dab0
classic	PE:6a70b91c:0270a000	status-update	0x14134f750	0x14134fc55	0x140067e10
classic	PE:6a70b91c:0270a000	status-update	0x14134f750	0x14134fc65	QWORD PTR [rdx]
classic	PE:6a70b91c:0270a000	status-update	0x14134f750	0x14134fc74	0x14006ed90
classic	PE:6a70b91c:0270a000	status-update	0x14134f750	0x14134fc8b	0x14006edb0
classic	PE:6a70b91c:0270a000	status-update	0x14134f750	0x14134fc95	0x140065740
classic	PE:6a70b91c:0270a000	status-update	0x14134f750	0x14134fcb5	0x140d06b40
classic	PE:6a70b91c:0270a000	status-update	0x14134f750	0x14134fcce	0x1405ae0f0
classic	PE:6a70b91c:0270a000	status-update	0x14134f750	0x14134fd03	0x1400739f0
classic	PE:6a70b91c:0270a000	status-update	0x14134f750	0x14134fd1a	0x14131fff0
classic	PE:6a70b91c:0270a000	status-update	0x14134f750	0x14134fd24	0x14139f280
classic	PE:6a70b91c:0270a000	status-update	0x14134f750	0x14134fd6d	0x14131f2d0
classic	PE:6a70b91c:0270a000	status-update	0x14134f750	0x14134fd85	0x141369990
classic	PE:6a70b91c:0270a000	status-update	0x14134f750	0x14134fd9b	0x1400724a0
classic	PE:6a70b91c:0270a000	status-update	0x14134f750	0x14134fdc9	0x14006ede0
classic	PE:6a70b91c:0270a000	status-update	0x14134f750	0x14134fdea	0x14006f1b0
classic	PE:6a70b91c:0270a000	status-update	0x14134f750	0x14134fe08	0x14006f1b0
classic	PE:6a70b91c:0270a000	status-update	0x14134f750	0x14134fe26	0x14006f1b0
classic	PE:6a70b91c:0270a000	status-update	0x14134f750	0x14134fe44	0x14006f1b0
classic	PE:6a70b91c:0270a000	status-update	0x14134f750	0x14134fe62	0x14006f1b0
classic	PE:6a70b91c:0270a000	status-update	0x14134f750	0x14134fe82	0x14006ede0
classic	PE:6a70b91c:0270a000	status-update	0x14134f750	0x14134fe9b	0x14133b620
classic	PE:6a70b91c:0270a000	status-update	0x14134f750	0x14134fed6	0x1400724a0
classic	PE:6a70b91c:0270a000	status-update	0x14134f750	0x14134fef6	0x1413eaef0
classic	PE:6a70b91c:0270a000	status-update	0x14134f750	0x14134ff49	0x1400724a0
classic	PE:6a70b91c:0270a000	status-update	0x14134f750	0x14134ff73	0x1413eaef0
classic	PE:6a70b91c:0270a000	status-update	0x14134f750	0x14134ffdd	0x14006f1d0
classic	PE:6a70b91c:0270a000	status-update	0x14134f750	0x14134fff7	0x14006f1c0
classic	PE:6a70b91c:0270a000	status-update	0x14134f750	0x14135000b	0x14006edb0
classic	PE:6a70b91c:0270a000	status-update	0x14134f750	0x141350015	0x140065740
classic	PE:6a70b91c:0270a000	status-update	0x14134f750	0x141350026	0x14006eda0
classic	PE:6a70b91c:0270a000	status-update	0x14134f750	0x141350038	0x14006eda0
classic	PE:6a70b91c:0270a000	status-update	0x14134f750	0x141350065	0x14006eda0
classic	PE:6a70b91c:0270a000	status-update	0x14134f750	0x14135007a	0x14006eda0
classic	PE:6a70b91c:0270a000	status-update	0x14134f750	0x141350089	0x14006ed90
classic	PE:6a70b91c:0270a000	status-update	0x14134f750	0x14135009d	0x14006edb0
classic	PE:6a70b91c:0270a000	status-update	0x14134f750	0x1413500a7	0x140065740
classic	PE:6a70b91c:0270a000	status-update	0x14134f750	0x1413500cf	0x140075490
classic	PE:6a70b91c:0270a000	status-update	0x14134f750	0x1413500e0	0x141034eb0
classic	PE:6a70b91c:0270a000	status-update	0x14134f750	0x14135010f	0x1400724a0
classic	PE:6a70b91c:0270a000	status-update	0x14134f750	0x14135012f	0x1413eaef0
classic	PE:6a70b91c:0270a000	status-update	0x14134f750	0x14135014a	0x140071f20
classic	PE:6a70b91c:0270a000	status-update	0x14134f750	0x141350189	0x14006ede0
classic	PE:6a70b91c:0270a000	status-update	0x14134f750	0x1413501b6	0x14006f1b0
classic	PE:6a70b91c:0270a000	status-update	0x14134f750	0x141350225	0x14006f3e0
classic	PE:6a70b91c:0270a000	status-update	0x14134f750	0x141350249	0x14006f3d0
classic	PE:6a70b91c:0270a000	status-update	0x14134f750	0x14135025c	0x14006f2f0
classic	PE:6a70b91c:0270a000	status-update	0x14134f750	0x141350274	0x14006f3d0
classic	PE:6a70b91c:0270a000	status-update	0x14134f750	0x141350287	0x14006f1b0
classic	PE:6a70b91c:0270a000	status-update	0x14134f750	0x141350296	0x14006f1b0
classic	PE:6a70b91c:0270a000	status-update	0x14134f750	0x1413502a9	0x14006f2f0
classic	PE:6a70b91c:0270a000	status-update	0x14134f750	0x1413502d5	0x1414d8140
classic	PE:6a70b91c:0270a000	status-update	0x14134f750	0x141350310	0x14135f7f0
classic	PE:6a70b91c:0270a000	status-update	0x14134f750	0x141350323	0x140243b00
classic	PE:6a70b91c:0270a000	status-update	0x14134f750	0x141350346	0x140243af0
classic	PE:6a70b91c:0270a000	status-update	0x14134f750	0x14135034e	0x14006eda0
classic	PE:6a70b91c:0270a000	status-update	0x14134f750	0x141350375	0x140073b00
classic	PE:6a70b91c:0270a000	status-update	0x14134f750	0x1413503b7	0x14135f380
classic	PE:6a70b91c:0270a000	status-update	0x14134f750	0x1413503df	0x14006f1d0
classic	PE:6a70b91c:0270a000	status-update	0x14134f750	0x1413503f9	0x14006f1c0
classic	PE:6a70b91c:0270a000	status-update	0x14134f750	0x141350410	0x14006edb0
classic	PE:6a70b91c:0270a000	status-update	0x14134f750	0x14135041a	0x140065740
classic	PE:6a70b91c:0270a000	status-update	0x14134f750	0x141350437	0x14006eda0
classic	PE:6a70b91c:0270a000	status-update	0x14134f750	0x14135044b	0x14006eda0
classic	PE:6a70b91c:0270a000	status-update	0x14134f750	0x141350464	0x14006ed90
classic	PE:6a70b91c:0270a000	status-update	0x14134f750	0x14135047b	0x14006edb0
classic	PE:6a70b91c:0270a000	status-update	0x14134f750	0x141350485	0x140065740
classic	PE:6a70b91c:0270a000	status-update	0x14134f750	0x1413504a2	0x140072670
classic	PE:6a70b91c:0270a000	status-update	0x14134f750	0x1413504e0	r10
classic	PE:6a70b91c:0270a000	status-update	0x14134f750	0x141350532	0x14145e990
classic	PE:6a70b91c:0270a000	status-update	0x14134f750	0x141350572	0x14134d360
classic	PE:6a70b91c:0270a000	status-update	0x14134f750	0x14135057a	0x14134d780
classic	PE:6a70b91c:0270a000	status-update	0x14134f750	0x141350597	0x140247c80
classic	PE:6a70b91c:0270a000	status-update	0x14134f750	0x1413505b8	0x14137a590
classic	PE:6a70b91c:0270a000	status-update	0x14134f750	0x141350628	0x14006f1d0
classic	PE:6a70b91c:0270a000	status-update	0x14134f750	0x14135063b	0x14006f1c0
classic	PE:6a70b91c:0270a000	status-update	0x14134f750	0x141350652	0x14006edb0
classic	PE:6a70b91c:0270a000	status-update	0x14134f750	0x14135065c	0x140065740
classic	PE:6a70b91c:0270a000	status-update	0x14134f750	0x141350677	0x14006eda0
classic	PE:6a70b91c:0270a000	status-update	0x14134f750	0x141350688	0x14006eda0
classic	PE:6a70b91c:0270a000	status-update	0x14134f750	0x14135069c	0x14006f2e0
classic	PE:6a70b91c:0270a000	status-update	0x14134f750	0x1413506b3	0x14006edb0
classic	PE:6a70b91c:0270a000	status-update	0x14134f750	0x1413506bd	0x140065740
classic	PE:6a70b91c:0270a000	status-update	0x14134f750	0x1413506d4	0x14006f1d0
classic	PE:6a70b91c:0270a000	status-update	0x14134f750	0x1413506e7	0x14006f1c0
classic	PE:6a70b91c:0270a000	status-update	0x14134f750	0x1413506fe	0x14006edb0
classic	PE:6a70b91c:0270a000	status-update	0x14134f750	0x141350708	0x140065740
classic	PE:6a70b91c:0270a000	status-update	0x14134f750	0x141350718	0x14006eda0
classic	PE:6a70b91c:0270a000	status-update	0x14134f750	0x141350729	0x14006eda0
classic	PE:6a70b91c:0270a000	status-update	0x14134f750	0x14135073d	0x14006f2e0
classic	PE:6a70b91c:0270a000	status-update	0x14134f750	0x141350754	0x14006edb0
classic	PE:6a70b91c:0270a000	status-update	0x14134f750	0x14135075e	0x140065740
classic	PE:6a70b91c:0270a000	status-update	0x14134f750	0x141350781	0x140c5f160
classic	PE:6a70b91c:0270a000	status-update	0x14134f750	0x1413507a3	0x140b43470
classic	PE:6a70b91c:0270a000	status-update	0x14134f750	0x141350855	0x14006ede0
classic	PE:6a70b91c:0270a000	status-update	0x14134f750	0x141350878	0x14006f1b0
classic	PE:6a70b91c:0270a000	status-update	0x14134f750	0x141350886	0x1413d7c70
classic	PE:6a70b91c:0270a000	status-update	0x14134f750	0x14135089d	0x14006ede0
classic	PE:6a70b91c:0270a000	status-update	0x14134f750	0x1413508c6	0x14006f1b0
classic	PE:6a70b91c:0270a000	status-update	0x14134f750	0x1413508e0	0x14006f1b0
classic	PE:6a70b91c:0270a000	status-update	0x14134f750	0x1413508f8	0x14006f1b0
classic	PE:6a70b91c:0270a000	status-update	0x14134f750	0x141350913	0x14006f1b0
classic	PE:6a70b91c:0270a000	status-update	0x14134f750	0x14135092b	0x1415345f0
classic	PE:6a70b91c:0270a000	status-update	0x14134f750	0x141350936	0x14006f1b0
classic	PE:6a70b91c:0270a000	status-update	0x14134f750	0x14135094f	0x14006f1b0
classic	PE:6a70b91c:0270a000	status-update	0x14134f750	0x14135096a	0x14006f1b0
classic	PE:6a70b91c:0270a000	status-update	0x14134f750	0x141350980	0x1415345f0
classic	PE:6a70b91c:0270a000	status-update	0x14134f750	0x14135098b	0x14006f1b0
classic	PE:6a70b91c:0270a000	status-update	0x14134f750	0x1413509a4	0x14006f1b0
classic	PE:6a70b91c:0270a000	status-update	0x14134f750	0x1413509d5	0x14006f1b0
classic	PE:6a70b91c:0270a000	status-update	0x14134f750	0x1413509e7	0x141340ae0
classic	PE:6a70b91c:0270a000	status-update	0x14134f750	0x1413509f2	0x1400b9930
classic	PE:6a70b91c:0270a000	status-update	0x14134f750	0x141350a11	0x141380740
classic	PE:6a70b91c:0270a000	status-update	0x14134f750	0x141350a19	0x14137fd50
classic	PE:6a70b91c:0270a000	status-update	0x14134f750	0x141350a2f	0x141380740
classic	PE:6a70b91c:0270a000	status-update	0x14134f750	0x141350a37	0x14137fd50
classic	PE:6a70b91c:0270a000	status-update	0x14134f750	0x141350a4c	0x1413b4e90
classic	PE:6a70b91c:0270a000	status-update	0x14134f750	0x141350a96	0x140d06b40
classic	PE:6a70b91c:0270a000	status-update	0x14134f750	0x141350aaf	0x1405ae0f0
classic	PE:6a70b91c:0270a000	status-update	0x14134f750	0x141350aca	0x14006ede0
classic	PE:6a70b91c:0270a000	status-update	0x14134f750	0x141350afb	0x14006f1b0
classic	PE:6a70b91c:0270a000	status-update	0x14134f750	0x141350b2c	0x1408ef350
classic	PE:6a70b91c:0270a000	status-update	0x14134f750	0x141350b53	0x1408ef350
classic	PE:6a70b91c:0270a000	status-update	0x14134f750	0x141350b7a	0x1408ef350
classic	PE:6a70b91c:0270a000	status-update	0x14134f750	0x141350c64	0x14006f530
classic	PE:6a70b91c:0270a000	status-update	0x14134f750	0x141350c78	0x14006f530
classic	PE:6a70b91c:0270a000	status-update	0x14134f750	0x141350c8c	0x14006f530
classic	PE:6a70b91c:0270a000	status-update	0x14134f750	0x141350d44	0x14006f300
classic	PE:6a70b91c:0270a000	status-update	0x14134f750	0x141350d60	0x14006f300
classic	PE:6a70b91c:0270a000	status-update	0x14134f750	0x141350d6f	0x14006f300
classic	PE:6a70b91c:0270a000	status-update	0x14134f750	0x141350d88	0x14006f300
classic	PE:6a70b91c:0270a000	status-update	0x14134f750	0x141350d9a	0x14006f310
classic	PE:6a70b91c:0270a000	status-update	0x14134f750	0x141350da9	0x14006f1d0
classic	PE:6a70b91c:0270a000	status-update	0x14134f750	0x141350db8	0x14006f1c0
classic	PE:6a70b91c:0270a000	status-update	0x14134f750	0x141350dcf	0x14006edb0
classic	PE:6a70b91c:0270a000	status-update	0x14134f750	0x141350dd9	0x140065740
classic	PE:6a70b91c:0270a000	status-update	0x14134f750	0x141350de9	0x14006eda0
classic	PE:6a70b91c:0270a000	status-update	0x14134f750	0x141350dfb	0x14006f2e0
classic	PE:6a70b91c:0270a000	status-update	0x14134f750	0x141350e12	0x14006edb0
classic	PE:6a70b91c:0270a000	status-update	0x14134f750	0x141350e1c	0x140065740
classic	PE:6a70b91c:0270a000	status-update	0x14134f750	0x141350e40	0x14006f1d0
classic	PE:6a70b91c:0270a000	status-update	0x14134f750	0x141350e4f	0x14006f1c0
classic	PE:6a70b91c:0270a000	status-update	0x14134f750	0x141350e66	0x14006f1d0
classic	PE:6a70b91c:0270a000	status-update	0x14134f750	0x141350e7a	0x14006edb0
classic	PE:6a70b91c:0270a000	status-update	0x14134f750	0x141350e84	0x140065740
classic	PE:6a70b91c:0270a000	status-update	0x14134f750	0x141350e98	0x14006eda0
classic	PE:6a70b91c:0270a000	status-update	0x14134f750	0x141350ea9	0x14006eda0
classic	PE:6a70b91c:0270a000	status-update	0x14134f750	0x141350eb4	0x14006eda0
classic	PE:6a70b91c:0270a000	status-update	0x14134f750	0x141350ec2	0x14006eda0
classic	PE:6a70b91c:0270a000	status-update	0x14134f750	0x141350ee6	0x14006f2e0
classic	PE:6a70b91c:0270a000	status-update	0x14134f750	0x141350ef2	0x14006f2e0
classic	PE:6a70b91c:0270a000	status-update	0x14134f750	0x141350f06	0x14006edb0
classic	PE:6a70b91c:0270a000	status-update	0x14134f750	0x141350f10	0x140065740
classic	PE:6a70b91c:0270a000	status-update	0x14134f750	0x141350f39	0x14006f300
classic	PE:6a70b91c:0270a000	status-update	0x14134f750	0x141350f55	0x14006f300
classic	PE:6a70b91c:0270a000	status-update	0x14134f750	0x141350f64	0x14006f300
classic	PE:6a70b91c:0270a000	status-update	0x14134f750	0x141350f7d	0x14006f300
classic	PE:6a70b91c:0270a000	status-update	0x14134f750	0x141350f8f	0x14006f310
classic	PE:6a70b91c:0270a000	status-update	0x14134f750	0x141350f9e	0x14006f1d0
classic	PE:6a70b91c:0270a000	status-update	0x14134f750	0x141350fad	0x14006f1c0
classic	PE:6a70b91c:0270a000	status-update	0x14134f750	0x141350fc4	0x14006edb0
classic	PE:6a70b91c:0270a000	status-update	0x14134f750	0x141350fce	0x140065740
classic	PE:6a70b91c:0270a000	status-update	0x14134f750	0x141350fe7	0x14006eda0
classic	PE:6a70b91c:0270a000	status-update	0x14134f750	0x141350ff9	0x14006f2e0
classic	PE:6a70b91c:0270a000	status-update	0x14134f750	0x141351010	0x14006edb0
classic	PE:6a70b91c:0270a000	status-update	0x14134f750	0x14135101a	0x140065740
classic	PE:6a70b91c:0270a000	status-update	0x14134f750	0x14135103a	0x14006f1d0
classic	PE:6a70b91c:0270a000	status-update	0x14134f750	0x141351049	0x14006f1c0
classic	PE:6a70b91c:0270a000	status-update	0x14134f750	0x141351060	0x14006f1d0
classic	PE:6a70b91c:0270a000	status-update	0x14134f750	0x141351074	0x14006edb0
classic	PE:6a70b91c:0270a000	status-update	0x14134f750	0x14135107e	0x140065740
classic	PE:6a70b91c:0270a000	status-update	0x14134f750	0x141351097	0x14006eda0
classic	PE:6a70b91c:0270a000	status-update	0x14134f750	0x1413510a8	0x14006eda0
classic	PE:6a70b91c:0270a000	status-update	0x14134f750	0x1413510b3	0x14006eda0
classic	PE:6a70b91c:0270a000	status-update	0x14134f750	0x1413510c1	0x14006eda0
classic	PE:6a70b91c:0270a000	status-update	0x14134f750	0x1413510e5	0x14006f2e0
classic	PE:6a70b91c:0270a000	status-update	0x14134f750	0x1413510f1	0x14006f2e0
classic	PE:6a70b91c:0270a000	status-update	0x14134f750	0x141351105	0x14006edb0
classic	PE:6a70b91c:0270a000	status-update	0x14134f750	0x14135110f	0x140065740
classic	PE:6a70b91c:0270a000	status-update	0x14134f750	0x14135122e	0x141534600
classic	PE:6a70b91c:0270a000	status-update	0x14134f750	0x14135123d	0x140c5f140
classic	PE:6a70b91c:0270a000	status-update	0x14134f750	0x141351258	0x14131c1a0
classic	PE:6a70b91c:0270a000	status-update	0x14134f750	0x141351290	0x141534600
classic	PE:6a70b91c:0270a000	status-update	0x14134f750	0x14135129f	0x140b43440
classic	PE:6a70b91c:0270a000	status-update	0x14134f750	0x1413512cc	0x14131a3c0
classic	PE:6a70b91c:0270a000	status-update	0x14134f750	0x1413512e3	0x14006f1d0
classic	PE:6a70b91c:0270a000	status-update	0x14134f750	0x1413512fa	0x14006f1c0
classic	PE:6a70b91c:0270a000	status-update	0x14134f750	0x141351311	0x14006f1d0
classic	PE:6a70b91c:0270a000	status-update	0x14134f750	0x141351328	0x14006f1c0
classic	PE:6a70b91c:0270a000	status-update	0x14134f750	0x14135133f	0x14006edb0
classic	PE:6a70b91c:0270a000	status-update	0x14134f750	0x141351349	0x140065740
classic	PE:6a70b91c:0270a000	status-update	0x14134f750	0x141351359	0x14006eda0
classic	PE:6a70b91c:0270a000	status-update	0x14134f750	0x141351373	0x14006eda0
classic	PE:6a70b91c:0270a000	status-update	0x14134f750	0x141351381	0x14131ead0
classic	PE:6a70b91c:0270a000	status-update	0x14134f750	0x14135138d	0x14006f2e0
classic	PE:6a70b91c:0270a000	status-update	0x14134f750	0x141351399	0x14006f2e0
classic	PE:6a70b91c:0270a000	status-update	0x14134f750	0x1413513b0	0x14006edb0
classic	PE:6a70b91c:0270a000	status-update	0x14134f750	0x1413513ba	0x140065740
classic	PE:6a70b91c:0270a000	status-update	0x14134f750	0x1413513f6	0x14006ede0
classic	PE:6a70b91c:0270a000	status-update	0x14134f750	0x141351415	0x14006f1b0
classic	PE:6a70b91c:0270a000	status-update	0x14134f750	0x141351434	0x1401b9f30
classic	PE:6a70b91c:0270a000	status-update	0x14134f750	0x141351453	0x1408ef350
classic	PE:6a70b91c:0270a000	status-update	0x14134f750	0x141351471	0x1401b9f30
classic	PE:6a70b91c:0270a000	status-update	0x14134f750	0x141351490	0x1408ef350
classic	PE:6a70b91c:0270a000	status-update	0x14134f750	0x1413514ae	0x1401b9f30
classic	PE:6a70b91c:0270a000	status-update	0x14134f750	0x1413514cd	0x1408ef350
classic	PE:6a70b91c:0270a000	status-update	0x14134f750	0x1413514f5	0x1408ef350
classic	PE:6a70b91c:0270a000	status-update	0x14134f750	0x141351534	0x1408ef350
classic	PE:6a70b91c:0270a000	status-update	0x14134f750	0x141351569	0x1408ef350
classic	PE:6a70b91c:0270a000	status-update	0x14134f750	0x1413515d8	0x14006f1b0
classic	PE:6a70b91c:0270a000	status-update	0x14134f750	0x1413515e9	0x14006f1b0
classic	PE:6a70b91c:0270a000	status-update	0x14134f750	0x1413515fd	0x14006f2f0
classic	PE:6a70b91c:0270a000	status-update	0x14134f750	0x141351616	0x1400eb0b0
classic	PE:6a70b91c:0270a000	status-update	0x14134f750	0x14135162a	0x1400eb5c0
classic	PE:6a70b91c:0270a000	status-update	0x14134f750	0x141351642	0x14006f3e0
classic	PE:6a70b91c:0270a000	status-update	0x14134f750	0x14135165e	0x14006f480
classic	PE:6a70b91c:0270a000	status-update	0x14134f750	0x14135166f	0x14006f480
classic	PE:6a70b91c:0270a000	status-update	0x14134f750	0x141351682	0x1401b9fc0
classic	PE:6a70b91c:0270a000	status-update	0x14134f750	0x141351696	0x1401b9fc0
classic	PE:6a70b91c:0270a000	status-update	0x14134f750	0x1413516b8	0x14006f2f0
classic	PE:6a70b91c:0270a000	status-update	0x14134f750	0x1413516e1	0x14006f3d0
classic	PE:6a70b91c:0270a000	status-update	0x14134f750	0x1413516f2	0x14006f3d0
classic	PE:6a70b91c:0270a000	status-update	0x14134f750	0x141351704	0x14006f3d0
classic	PE:6a70b91c:0270a000	status-update	0x14134f750	0x141351712	0x14006f3d0
classic	PE:6a70b91c:0270a000	status-update	0x14134f750	0x141351729	0x14006f3d0
classic	PE:6a70b91c:0270a000	status-update	0x14134f750	0x141351737	0x14006f3d0
classic	PE:6a70b91c:0270a000	status-update	0x14134f750	0x14135175a	0x1408ef350
classic	PE:6a70b91c:0270a000	status-update	0x14134f750	0x1413517a8	0x14006ede0
classic	PE:6a70b91c:0270a000	status-update	0x14134f750	0x1413517c3	0x14006f1b0
classic	PE:6a70b91c:0270a000	status-update	0x14134f750	0x1413517fb	0x1408ef350
classic	PE:6a70b91c:0270a000	status-update	0x14134f750	0x14135184e	0x14006f3e0
classic	PE:6a70b91c:0270a000	status-update	0x14134f750	0x141351876	0x14006f3d0
classic	PE:6a70b91c:0270a000	status-update	0x14134f750	0x1413518a8	0x1400727e0
classic	PE:6a70b91c:0270a000	status-update	0x14134f750	0x1413518b7	0x14006f3d0
classic	PE:6a70b91c:0270a000	status-update	0x14134f750	0x1413518de	0x14006f1b0
classic	PE:6a70b91c:0270a000	status-update	0x14134f750	0x1413518ef	0x140071f20
classic	PE:6a70b91c:0270a000	status-update	0x14134f750	0x141351904	0x14006f2f0
classic	PE:6a70b91c:0270a000	status-update	0x14134f750	0x141351917	0x14006f3d0
classic	PE:6a70b91c:0270a000	status-update	0x14134f750	0x14135193e	0x1408ef350
classic	PE:6a70b91c:0270a000	status-update	0x14134f750	0x14135194d	0x14006f3d0
classic	PE:6a70b91c:0270a000	status-update	0x14134f750	0x141351991	0x1408ef350
classic	PE:6a70b91c:0270a000	status-update	0x14134f750	0x1413519b2	0x14007dbd0
classic	PE:6a70b91c:0270a000	status-update	0x14134f750	0x1413519c6	0x1408ef350
classic	PE:6a70b91c:0270a000	status-update	0x14134f750	0x1413519ed	0x140ac71c0
classic	PE:6a70b91c:0270a000	status-update	0x14134f750	0x141351a22	0x1413c21c0
classic	PE:6a70b91c:0270a000	status-update	0x14134f750	0x141351a44	0x14006ede0
classic	PE:6a70b91c:0270a000	status-update	0x14134f750	0x141351a66	0x14006f1b0
classic	PE:6a70b91c:0270a000	status-update	0x14134f750	0x141351a7b	0x14006f1b0
classic	PE:6a70b91c:0270a000	status-update	0x14134f750	0x141351aa0	0x14006f1b0
classic	PE:6a70b91c:0270a000	status-update	0x14134f750	0x141351abf	0x140ab2350
classic	PE:6a70b91c:0270a000	status-update	0x14134f750	0x141351aee	0x140cb17e0
classic	PE:6a70b91c:0270a000	status-update	0x14134f750	0x141351b03	0x1400b9930
classic	PE:6a70b91c:0270a000	status-update	0x14134f750	0x141351b5a	0x14006f1b0
classic	PE:6a70b91c:0270a000	status-update	0x14134f750	0x141351b6b	0x14006f1b0
classic	PE:6a70b91c:0270a000	status-update	0x14134f750	0x141351b8f	0x14006ede0
classic	PE:6a70b91c:0270a000	status-update	0x14134f750	0x141351ba3	0x14006f1b0
classic	PE:6a70b91c:0270a000	status-update	0x14134f750	0x141351bbb	0x14006f2f0
classic	PE:6a70b91c:0270a000	status-update	0x14134f750	0x141351c04	0x14006f2f0
classic	PE:6a70b91c:0270a000	status-update	0x14134f750	0x141351c47	0x14006f2f0
classic	PE:6a70b91c:0270a000	status-update	0x14134f750	0x141351c67	0x140071f20
classic	PE:6a70b91c:0270a000	status-update	0x14134f750	0x141351c94	0x14006f2f0
classic	PE:6a70b91c:0270a000	status-update	0x14134f750	0x141351cb4	0x140071f20
classic	PE:6a70b91c:0270a000	status-update	0x14134f750	0x141351cde	0x14006f1b0
classic	PE:6a70b91c:0270a000	status-update	0x14134f750	0x141351cef	0x140071f20
classic	PE:6a70b91c:0270a000	status-update	0x14134f750	0x141351d28	0x14006f3e0
classic	PE:6a70b91c:0270a000	status-update	0x14134f750	0x141351d49	0x14006f3d0
classic	PE:6a70b91c:0270a000	status-update	0x14134f750	0x141351d63	0x14006f3d0
classic	PE:6a70b91c:0270a000	status-update	0x14134f750	0x141351d97	0x14006f2f0
classic	PE:6a70b91c:0270a000	status-update	0x14134f750	0x141351e38	0x14006f2f0
classic	PE:6a70b91c:0270a000	status-update	0x14134f750	0x141351e5a	0x1400fb4a0
classic	PE:6a70b91c:0270a000	status-update	0x14134f750	0x141351e66	0x1400fb4a0
classic	PE:6a70b91c:0270a000	status-update	0x14134f750	0x141351e72	0x1400fb4a0
classic	PE:6a70b91c:0270a000	status-update	0x14134f750	0x141351e8e	0x14006f2f0
classic	PE:6a70b91c:0270a000	status-update	0x14134f750	0x141351f99	0x14006f2f0
classic	PE:6a70b91c:0270a000	status-update	0x14134f750	0x141351fc1	0x14006f2f0
classic	PE:6a70b91c:0270a000	status-update	0x14134f750	0x141351fd4	0x1413c5af0
classic	PE:6a70b91c:0270a000	status-update	0x14134f750	0x1413520e1	0x14006f3e0
classic	PE:6a70b91c:0270a000	status-update	0x14134f750	0x141352137	0x140c5fad0
classic	PE:6a70b91c:0270a000	status-update	0x14134f750	0x141352149	0x1400b9930
classic	PE:6a70b91c:0270a000	status-update	0x14134f750	0x141352192	0x14006ede0
classic	PE:6a70b91c:0270a000	status-update	0x14134f750	0x1413521e7	0x140071f20
classic	PE:6a70b91c:0270a000	status-update	0x14134f750	0x141352200	0x1408ef350
classic	PE:6a70b91c:0270a000	status-update	0x14134f750	0x14135225b	0x14145e990
classic	PE:6a70b91c:0270a000	status-update	0x14134f750	0x141352265	0x1414d8140
classic	PE:6a70b91c:0270a000	status-update	0x14134f750	0x1413522b3	0x14135f7f0
classic	PE:6a70b91c:0270a000	status-update	0x14134f750	0x1413522c2	0x140243b00
classic	PE:6a70b91c:0270a000	status-update	0x14134f750	0x1413522e6	0x140243af0
classic	PE:6a70b91c:0270a000	status-update	0x14134f750	0x1413522ee	0x14006eda0
classic	PE:6a70b91c:0270a000	status-update	0x14134f750	0x141352312	0x140073b00
classic	PE:6a70b91c:0270a000	status-update	0x14134f750	0x141352360	0x14135f380
classic	PE:6a70b91c:0270a000	status-update	0x14134f750	0x141352376	0x140072670
classic	PE:6a70b91c:0270a000	status-update	0x14134f750	0x1413523c0	r10
classic	PE:6a70b91c:0270a000	status-update	0x14134f750	0x141352430	0x1400727e0
classic	PE:6a70b91c:0270a000	status-update	0x14134f750	0x141352444	0x140065a90
classic	PE:6a70b91c:0270a000	status-update	0x14134f750	0x141352451	0x14006ede0
classic	PE:6a70b91c:0270a000	status-update	0x14134f750	0x141352489	0x14006f1b0
classic	PE:6a70b91c:0270a000	status-update	0x14134f750	0x14135249a	0x140071f20
classic	PE:6a70b91c:0270a000	status-update	0x14134f750	0x1413524af	0x14006f2f0
classic	PE:6a70b91c:0270a000	status-update	0x14134f750	0x1413524d3	0x1413ca380
classic	PE:6a70b91c:0270a000	status-update	0x14134f750	0x1413524ec	0x14006f2f0
classic	PE:6a70b91c:0270a000	status-update	0x14134f750	0x141352505	0x1400eb5c0
classic	PE:6a70b91c:0270a000	status-update	0x14134f750	0x141352539	0x14006f3e0
classic	PE:6a70b91c:0270a000	status-update	0x14134f750	0x14135254d	0x14006ede0
classic	PE:6a70b91c:0270a000	status-update	0x14134f750	0x14135256a	0x14006f1b0
classic	PE:6a70b91c:0270a000	status-update	0x14134f750	0x141352583	0x1400eb0b0
classic	PE:6a70b91c:0270a000	status-update	0x14134f750	0x1413525ca	0x14006f3e0
classic	PE:6a70b91c:0270a000	status-update	0x14134f750	0x1413525e8	0x1408ef350
classic	PE:6a70b91c:0270a000	status-update	0x14134f750	0x1413525fd	0x140065f70
classic	PE:6a70b91c:0270a000	status-update	0x14134f750	0x141352652	0x1413b4c70
classic	PE:6a70b91c:0270a000	status-update	0x14134f750	0x14135265f	0x1413b53c0
classic	PE:6a70b91c:0270a000	status-update	0x14134f750	0x14135268b	0x14134e8b0
classic	PE:6a70b91c:0270a000	status-update	0x14134f750	0x141352698	0x1400731c0
classic	PE:6a70b91c:0270a000	status-update	0x14134f750	0x1413526b6	0x1400fdd00
classic	PE:6a70b91c:0270a000	status-update	0x14134f750	0x1413526de	0x1400fdd00
classic	PE:6a70b91c:0270a000	status-update	0x14134f750	0x1413526fd	0x140067d50
classic	PE:6a70b91c:0270a000	status-update	0x14134f750	0x14135271c	0x140b93410
classic	PE:6a70b91c:0270a000	status-update	0x14134f750	0x141352747	0x1400731c0
classic	PE:6a70b91c:0270a000	status-update	0x14134f750	0x141352792	0x140072870
classic	PE:6a70b91c:0270a000	status-update	0x14134f750	0x14135279c	0x141344e90
classic	PE:6a70b91c:0270a000	status-update	0x14134f750	0x1413527b6	0x14006ede0
classic	PE:6a70b91c:0270a000	status-update	0x14134f750	0x1413527da	0x14006f1b0
classic	PE:6a70b91c:0270a000	status-update	0x14134f750	0x1413527f5	0x14006f1b0
classic	PE:6a70b91c:0270a000	status-update	0x14134f750	0x1413527fd	0x140579c10
classic	PE:6a70b91c:0270a000	status-update	0x14134f750	0x141352814	0x140a654b0
classic	PE:6a70b91c:0270a000	status-update	0x14134f750	0x141352830	0x14138c830
classic	PE:6a70b91c:0270a000	status-update	0x14134f750	0x141352842	0x1413a8ef0
classic	PE:6a70b91c:0270a000	status-update	0x14134f750	0x141352851	0x14006ede0
classic	PE:6a70b91c:0270a000	status-update	0x14134f750	0x14135286a	0x14006f1b0
classic	PE:6a70b91c:0270a000	status-update	0x14134f750	0x141352875	0x14057a230
classic	PE:6a70b91c:0270a000	status-update	0x14134f750	0x141352886	0x14006ede0
classic	PE:6a70b91c:0270a000	status-update	0x14134f750	0x141352897	0x14006f2c0
classic	PE:6a70b91c:0270a000	status-update	0x14134f750	0x1413528ee	0x140d068a0
classic	PE:6a70b91c:0270a000	status-update	0x14134f750	0x141352903	0x14006ede0
classic	PE:6a70b91c:0270a000	status-update	0x14134f750	0x14135292a	0x14006f1b0
classic	PE:6a70b91c:0270a000	status-update	0x14134f750	0x14135294e	0x14006f1b0
classic	PE:6a70b91c:0270a000	status-update	0x14134f750	0x141352959	QWORD PTR [rax+0xf0]
classic	PE:6a70b91c:0270a000	status-update	0x14134f750	0x14135296d	0x14006f1b0
classic	PE:6a70b91c:0270a000	status-update	0x14134f750	0x14135297d	0x140555480
classic	PE:6a70b91c:0270a000	status-update	0x14134f750	0x14135298c	0x14006f1b0
classic	PE:6a70b91c:0270a000	status-update	0x14134f750	0x141352997	QWORD PTR [rax+0x1c8]
classic	PE:6a70b91c:0270a000	status-update	0x14134f750	0x1413529a7	0x14134a1c0
classic	PE:6a70b91c:0270a000	status-update	0x14134f750	0x1413529c7	0x14006f1b0
classic	PE:6a70b91c:0270a000	status-update	0x14134f750	0x1413529d8	0x140555480
classic	PE:6a70b91c:0270a000	status-update	0x14134f750	0x1413529ea	0x14006ede0
classic	PE:6a70b91c:0270a000	status-update	0x14134f750	0x141352a05	0x14006f300
classic	PE:6a70b91c:0270a000	status-update	0x14134f750	0x141352a16	0x14006f300
classic	PE:6a70b91c:0270a000	status-update	0x14134f750	0x141352a3a	0x14006f2f0
classic	PE:6a70b91c:0270a000	status-update	0x14134f750	0x141352a48	0x140072670
classic	PE:6a70b91c:0270a000	status-update	0x14134f750	0x141352a64	0x140cae460
classic	PE:6a70b91c:0270a000	status-update	0x14134f750	0x141352a7a	0x1400b9a20
classic	PE:6a70b91c:0270a000	status-update	0x14134f750	0x141352a8d	0x140aa1170
classic	PE:6a70b91c:0270a000	status-update	0x14134f750	0x141352aa5	0x14131fff0
classic	PE:6a70b91c:0270a000	status-update	0x14134f750	0x141352ab9	0x14006f300
classic	PE:6a70b91c:0270a000	status-update	0x14134f750	0x141352ae1	0x14006f300
classic	PE:6a70b91c:0270a000	status-update	0x14134f750	0x141352b0d	0x14006f2f0
classic	PE:6a70b91c:0270a000	status-update	0x14134f750	0x141352b1f	0x14006f2f0
classic	PE:6a70b91c:0270a000	status-update	0x14134f750	0x141352b3b	0x14006f3d0
classic	PE:6a70b91c:0270a000	status-update	0x14134f750	0x141352b52	0x14006f3d0
classic	PE:6a70b91c:0270a000	status-update	0x14134f750	0x141352b65	0x14006f1b0
classic	PE:6a70b91c:0270a000	status-update	0x14134f750	0x141352b74	0x14006f1b0
classic	PE:6a70b91c:0270a000	status-update	0x14134f750	0x141352b8e	0x14006f1b0
classic	PE:6a70b91c:0270a000	status-update	0x14134f750	0x141352b9f	0x140071f20
classic	PE:6a70b91c:0270a000	status-update	0x14134f750	0x141352bca	0x14006f2f0
classic	PE:6a70b91c:0270a000	status-update	0x14134f750	0x141352bde	0x14006f2f0
classic	PE:6a70b91c:0270a000	status-update	0x14134f750	0x141352bf2	0x14006f2f0
classic	PE:6a70b91c:0270a000	status-update	0x14134f750	0x141352c1f	0x140d068a0
classic	PE:6a70b91c:0270a000	status-update	0x14134f750	0x141352c3a	0x140d002e0
classic	PE:6a70b91c:0270a000	status-update	0x14134f750	0x141352c90	0x14006f2f0
classic	PE:6a70b91c:0270a000	status-update	0x14134f750	0x141352cbb	0x14006f300
classic	PE:6a70b91c:0270a000	status-update	0x14134f750	0x141352cda	0x14006f2f0
classic	PE:6a70b91c:0270a000	status-update	0x14134f750	0x141352cf2	0x14006f2f0
classic	PE:6a70b91c:0270a000	status-update	0x14134f750	0x141352d11	0x14006f2f0
classic	PE:6a70b91c:0270a000	status-update	0x14134f750	0x141352d2f	0x14006f2f0
classic	PE:6a70b91c:0270a000	status-update	0x14134f750	0x141352d47	0x14006f2f0
classic	PE:6a70b91c:0270a000	status-update	0x14134f750	0x141352d58	0x14006f2f0
classic	PE:6a70b91c:0270a000	status-update	0x14134f750	0x141352d75	0x14006f2f0
classic	PE:6a70b91c:0270a000	status-update	0x14134f750	0x141352d89	0x14006f2f0
classic	PE:6a70b91c:0270a000	status-update	0x14134f750	0x141352db3	0x14006f3d0
classic	PE:6a70b91c:0270a000	status-update	0x14134f750	0x141352dca	0x14006f3d0
classic	PE:6a70b91c:0270a000	status-update	0x14134f750	0x141352deb	0x14006f1b0
classic	PE:6a70b91c:0270a000	status-update	0x14134f750	0x141352dfa	0x14006f1b0
classic	PE:6a70b91c:0270a000	status-update	0x14134f750	0x141352e0d	0x14006f1b0
classic	PE:6a70b91c:0270a000	status-update	0x14134f750	0x141352e38	0x14006ede0
classic	PE:6a70b91c:0270a000	status-update	0x14134f750	0x141352e50	0x14006f1b0
classic	PE:6a70b91c:0270a000	status-update	0x14134f750	0x141352eab	0x141437af0
classic	PE:6a70b91c:0270a000	status-update	0x14134f750	0x141352ec6	0x1400e3660
classic	PE:6a70b91c:0270a000	status-update	0x14134f750	0x141352ef7	0x140073b00
classic	PE:6a70b91c:0270a000	status-update	0x14134f750	0x141352f20	0x1413ca570
classic	PE:6a70b91c:0270a000	status-update	0x14134f750	0x141352f43	0x1408ef350
classic	PE:6a70b91c:0270a000	status-update	0x14134f750	0x141352f6f	0x1413bcf20
classic	PE:6a70b91c:0270a000	status-update	0x14134f750	0x141352fbd	0x141437af0
classic	PE:6a70b91c:0270a000	status-update	0x14134f750	0x141352fd4	0x1413812a0
classic	PE:6a70b91c:0270a000	status-update	0x14134f750	0x141352fe8	0x14006ede0
classic	PE:6a70b91c:0270a000	status-update	0x14134f750	0x14135300a	0x14006f1b0
classic	PE:6a70b91c:0270a000	status-update	0x14134f750	0x141353020	0x14006ede0
classic	PE:6a70b91c:0270a000	status-update	0x14134f750	0x141353043	0x14006f1b0
classic	PE:6a70b91c:0270a000	status-update	0x14134f750	0x141353062	0x14006f1b0
classic	PE:6a70b91c:0270a000	status-update	0x14134f750	0x141353078	0x14006f1b0
classic	PE:6a70b91c:0270a000	status-update	0x14134f750	0x14135308b	0x140a888a0
classic	PE:6a70b91c:0270a000	status-update	0x14134f750	0x14135309a	0x141327000
classic	PE:6a70b91c:0270a000	status-update	0x14134f750	0x1413530d7	0x140072670
classic	PE:6a70b91c:0270a000	status-update	0x14134f750	0x1413530fc	0x140c88ae0
classic	PE:6a70b91c:0270a000	status-update	0x14134f750	0x14135313c	0x141349f30
classic	PE:6a70b91c:0270a000	status-update	0x14134f750	0x141353150	0x14134a050
classic	PE:6a70b91c:0270a000	status-update	0x14134f750	0x14135317e	QWORD PTR [rax+0xa8]
classic	PE:6a70b91c:0270a000	status-update	0x14134f750	0x14135318d	0x1403d3fa0
classic	PE:6a70b91c:0270a000	status-update	0x14134f750	0x1413531ac	0x14134a050
classic	PE:6a70b91c:0270a000	status-update	0x14134f750	0x141353206	0x140da51f0
classic	PE:6a70b91c:0270a000	status-update	0x14134f750	0x141353232	0x140072670
classic	PE:6a70b91c:0270a000	status-update	0x14134f750	0x14135324b	0x140cae460
classic	PE:6a70b91c:0270a000	status-update	0x14134f750	0x14135326e	0x14134a3b0
classic	PE:6a70b91c:0270a000	status-update	0x14134f750	0x1413532a0	0x140072670
classic	PE:6a70b91c:0270a000	status-update	0x14134f750	0x1413532b9	0x140c88ae0
classic	PE:6a70b91c:0270a000	status-update	0x14134f750	0x1413532f6	0x1414479d0
classic	PE:6a70b91c:0270a000	status-update	0x14134f750	0x14135330c	0x140072670
classic	PE:6a70b91c:0270a000	status-update	0x14134f750	0x141353325	0x140cae460
classic	PE:6a70b91c:0270a000	status-update	0x14134f750	0x141353346	0x14134a3b0
classic	PE:6a70b91c:0270a000	status-update	0x14134f750	0x141353367	0x141326f80
classic	PE:6a70b91c:0270a000	status-update	0x14134f750	0x141353397	0x141359ab0
classic	PE:6a70b91c:0270a000	status-update	0x14134f750	0x14135339f	0x1413598f0
classic	PE:6a70b91c:0270a000	status-update	0x14134f750	0x1413533cf	0x140dbf3f0
classic	PE:6a70b91c:0270a000	status-update	0x14134f750	0x1413533e7	0x14007ddc0
classic	PE:6a70b91c:0270a000	status-update	0x14134f750	0x1413533fb	0x14006f620
classic	PE:6a70b91c:0270a000	status-update	0x14134f750	0x14135341c	0x1413293a0
classic	PE:6a70b91c:0270a000	status-update	0x14134f750	0x14135342f	0x14006f560
classic	PE:6a70b91c:0270a000	status-update	0x14134f750	0x14135345c	0x14006f4f0
classic	PE:6a70b91c:0270a000	status-update	0x14134f750	0x14135346f	0x14006f4f0
classic	PE:6a70b91c:0270a000	status-update	0x14134f750	0x14135347b	0x14007db70
classic	PE:6a70b91c:0270a000	status-update	0x14134f750	0x1413534fe	0x1400e3bb0
classic	PE:6a70b91c:0270a000	status-update	0x14134f750	0x14135350b	0x140067dc0
classic	PE:6a70b91c:0270a000	status-update	0x14134f750	0x141353518	0x140067dc0
classic	PE:6a70b91c:0270a000	status-update	0x14134f750	0x141353537	0x14131f1a0
classic	PE:6a70b91c:0270a000	status-update	0x14134f750	0x141353553	0x14131f200
classic	PE:6a70b91c:0270a000	status-update	0x14134f750	0x141353574	0x14063fc00
classic	PE:6a70b91c:0270a000	status-update	0x14134f750	0x1413535f4	0x1400750a0
classic	PE:6a70b91c:0270a000	status-update	0x14134f750	0x141353637	0x14082b770
classic	PE:6a70b91c:0270a000	status-update	0x14134f750	0x141353687	0x1408ef350
classic	PE:6a70b91c:0270a000	status-update	0x14134f750	0x1413536a3	0x14052d0e0
classic	PE:6a70b91c:0270a000	status-update	0x14134f750	0x1413536bb	0x14007ddc0
classic	PE:6a70b91c:0270a000	status-update	0x14134f750	0x1413536cf	0x14006f620
classic	PE:6a70b91c:0270a000	status-update	0x14134f750	0x1413536ea	0x1413293a0
classic	PE:6a70b91c:0270a000	status-update	0x14134f750	0x1413536fd	0x14006f560
classic	PE:6a70b91c:0270a000	status-update	0x14134f750	0x14135372a	0x14006f4f0
classic	PE:6a70b91c:0270a000	status-update	0x14134f750	0x14135373d	0x14006f4f0
classic	PE:6a70b91c:0270a000	status-update	0x14134f750	0x141353749	0x14007db70
classic	PE:6a70b91c:0270a000	status-update	0x14134f750	0x1413537c6	0x1400e3bb0
classic	PE:6a70b91c:0270a000	status-update	0x14134f750	0x1413537d3	0x140067dc0
classic	PE:6a70b91c:0270a000	status-update	0x14134f750	0x1413537e0	0x140067dc0
classic	PE:6a70b91c:0270a000	status-update	0x14134f750	0x1413537f3	0x1402242e0
classic	PE:6a70b91c:0270a000	status-update	0x14134f750	0x141353818	0x14131fff0
classic	PE:6a70b91c:0270a000	status-update	0x14134f750	0x141353829	0x14052d0e0
classic	PE:6a70b91c:0270a000	status-update	0x14134f750	0x141353836	0x14022c090
classic	PE:6a70b91c:0270a000	status-update	0x14134f750	0x1413538aa	0x14052d0e0
classic	PE:6a70b91c:0270a000	status-update	0x14134f750	0x1413538c2	0x14007ddc0
classic	PE:6a70b91c:0270a000	status-update	0x14134f750	0x1413538d6	0x14006f620
classic	PE:6a70b91c:0270a000	status-update	0x14134f750	0x1413538f1	0x1413293a0
classic	PE:6a70b91c:0270a000	status-update	0x14134f750	0x141353904	0x14006f560
classic	PE:6a70b91c:0270a000	status-update	0x14134f750	0x141353931	0x14006f4f0
classic	PE:6a70b91c:0270a000	status-update	0x14134f750	0x141353944	0x14006f4f0
classic	PE:6a70b91c:0270a000	status-update	0x14134f750	0x141353950	0x14007db70
classic	PE:6a70b91c:0270a000	status-update	0x14134f750	0x1413539cd	0x1400e3bb0
classic	PE:6a70b91c:0270a000	status-update	0x14134f750	0x1413539da	0x140067dc0
classic	PE:6a70b91c:0270a000	status-update	0x14134f750	0x141353a06	0x1402242e0
classic	PE:6a70b91c:0270a000	status-update	0x14134f750	0x141353a2f	0x14131fff0
classic	PE:6a70b91c:0270a000	status-update	0x14134f750	0x141353a3a	0x14052d0e0
classic	PE:6a70b91c:0270a000	status-update	0x14134f750	0x141353a47	0x14022c090
classic	PE:6a70b91c:0270a000	status-update	0x14134f750	0x141353a4f	0x1401fad80
classic	PE:6a70b91c:0270a000	status-update	0x14134f750	0x141353ac4	0x14007ddc0
classic	PE:6a70b91c:0270a000	status-update	0x14134f750	0x141353ad8	0x14006f620
classic	PE:6a70b91c:0270a000	status-update	0x14134f750	0x141353af3	0x1413293a0
classic	PE:6a70b91c:0270a000	status-update	0x14134f750	0x141353b06	0x14006f560
classic	PE:6a70b91c:0270a000	status-update	0x14134f750	0x141353b33	0x14006f4f0
classic	PE:6a70b91c:0270a000	status-update	0x14134f750	0x141353b46	0x14006f4f0
classic	PE:6a70b91c:0270a000	status-update	0x14134f750	0x141353b52	0x14007db70
classic	PE:6a70b91c:0270a000	status-update	0x14134f750	0x141353bcf	0x1400e3bb0
classic	PE:6a70b91c:0270a000	status-update	0x14134f750	0x141353bdc	0x140067dc0
classic	PE:6a70b91c:0270a000	status-update	0x14134f750	0x141353be9	0x140067dc0
classic	PE:6a70b91c:0270a000	status-update	0x14134f750	0x141353bf1	0x14131f260
classic	PE:6a70b91c:0270a000	status-update	0x14134f750	0x141353c19	0x14007ddc0
classic	PE:6a70b91c:0270a000	status-update	0x14134f750	0x141353c37	0x14007ddc0
classic	PE:6a70b91c:0270a000	status-update	0x14134f750	0x141353c64	0x14006f620
classic	PE:6a70b91c:0270a000	status-update	0x14134f750	0x141353c7f	0x1413293a0
classic	PE:6a70b91c:0270a000	status-update	0x14134f750	0x141353cab	0x14006f4f0
classic	PE:6a70b91c:0270a000	status-update	0x14134f750	0x141353cbe	0x14006f4f0
classic	PE:6a70b91c:0270a000	status-update	0x14134f750	0x141353cca	0x14007db70
classic	PE:6a70b91c:0270a000	status-update	0x14134f750	0x141353d2e	0x1400e3bb0
classic	PE:6a70b91c:0270a000	status-update	0x14134f750	0x141353d60	0x14006f620
classic	PE:6a70b91c:0270a000	status-update	0x14134f750	0x141353d7b	0x1413293a0
classic	PE:6a70b91c:0270a000	status-update	0x14134f750	0x141353da7	0x14006f4f0
classic	PE:6a70b91c:0270a000	status-update	0x14134f750	0x141353dba	0x14006f4f0
classic	PE:6a70b91c:0270a000	status-update	0x14134f750	0x141353dc6	0x14007db70
classic	PE:6a70b91c:0270a000	status-update	0x14134f750	0x141353e2a	0x1400e3bb0
classic	PE:6a70b91c:0270a000	status-update	0x14134f750	0x141353e58	0x14006f620
classic	PE:6a70b91c:0270a000	status-update	0x14134f750	0x141353e73	0x1413293a0
classic	PE:6a70b91c:0270a000	status-update	0x14134f750	0x141353e9f	0x14006f4f0
classic	PE:6a70b91c:0270a000	status-update	0x14134f750	0x141353eb2	0x14006f4f0
classic	PE:6a70b91c:0270a000	status-update	0x14134f750	0x141353ebe	0x14007db70
classic	PE:6a70b91c:0270a000	status-update	0x14134f750	0x141353f22	0x1400e3bb0
classic	PE:6a70b91c:0270a000	status-update	0x14134f750	0x141353f50	0x14006f620
classic	PE:6a70b91c:0270a000	status-update	0x14134f750	0x141353f6b	0x1413293a0
classic	PE:6a70b91c:0270a000	status-update	0x14134f750	0x141353f97	0x14006f4f0
classic	PE:6a70b91c:0270a000	status-update	0x14134f750	0x141353faa	0x14006f4f0
classic	PE:6a70b91c:0270a000	status-update	0x14134f750	0x141353fb6	0x14007db70
classic	PE:6a70b91c:0270a000	status-update	0x14134f750	0x14135401a	0x1400e3bb0
classic	PE:6a70b91c:0270a000	status-update	0x14134f750	0x14135403b	0x14006f620
classic	PE:6a70b91c:0270a000	status-update	0x14134f750	0x141354056	0x1413293a0
classic	PE:6a70b91c:0270a000	status-update	0x14134f750	0x141354082	0x14006f4f0
classic	PE:6a70b91c:0270a000	status-update	0x14134f750	0x141354095	0x14006f4f0
classic	PE:6a70b91c:0270a000	status-update	0x14134f750	0x1413540a1	0x14007db70
classic	PE:6a70b91c:0270a000	status-update	0x14134f750	0x141354105	0x1400e3bb0
classic	PE:6a70b91c:0270a000	status-update	0x14134f750	0x141354127	0x14006f620
classic	PE:6a70b91c:0270a000	status-update	0x14134f750	0x141354142	0x1413293a0
classic	PE:6a70b91c:0270a000	status-update	0x14134f750	0x14135416e	0x14006f4f0
classic	PE:6a70b91c:0270a000	status-update	0x14134f750	0x141354181	0x14006f4f0
classic	PE:6a70b91c:0270a000	status-update	0x14134f750	0x141354193	0x14052d0e0
classic	PE:6a70b91c:0270a000	status-update	0x14134f750	0x14135419f	0x14007db70
classic	PE:6a70b91c:0270a000	status-update	0x14134f750	0x141354203	0x1400e3bb0
classic	PE:6a70b91c:0270a000	status-update	0x14134f750	0x141354210	0x140067dc0
classic	PE:6a70b91c:0270a000	status-update	0x14134f750	0x141354225	0x1402242e0
classic	PE:6a70b91c:0270a000	status-update	0x14134f750	0x14135424e	0x14131fff0
classic	PE:6a70b91c:0270a000	status-update	0x14134f750	0x141354259	0x14052d0e0
classic	PE:6a70b91c:0270a000	status-update	0x14134f750	0x141354261	0x1401fad80
classic	PE:6a70b91c:0270a000	status-update	0x14134f750	0x14135427b	0x14022c090
classic	PE:6a70b91c:0270a000	status-update	0x14134f750	0x141354290	0x1407dde30
classic	PE:6a70b91c:0270a000	status-update	0x14134f750	0x1413542b9	0x1408ef350
classic	PE:6a70b91c:0270a000	status-update	0x14134f750	0x14135430d	0x14007ddc0
classic	PE:6a70b91c:0270a000	status-update	0x14134f750	0x141354321	0x14006f620
classic	PE:6a70b91c:0270a000	status-update	0x14134f750	0x14135433c	0x1413293a0
classic	PE:6a70b91c:0270a000	status-update	0x14134f750	0x14135434f	0x14006f560
classic	PE:6a70b91c:0270a000	status-update	0x14134f750	0x14135437c	0x14006f4f0
classic	PE:6a70b91c:0270a000	status-update	0x14134f750	0x14135438f	0x14006f4f0
classic	PE:6a70b91c:0270a000	status-update	0x14134f750	0x14135439b	0x14007db70
classic	PE:6a70b91c:0270a000	status-update	0x14134f750	0x14135441e	0x1400e3bb0
classic	PE:6a70b91c:0270a000	status-update	0x14134f750	0x14135442b	0x140067dc0
classic	PE:6a70b91c:0270a000	status-update	0x14134f750	0x141354438	0x140067dc0
classic	PE:6a70b91c:0270a000	status-update	0x14134f750	0x141354478	0x140a50860
classic	PE:6a70b91c:0270a000	status-update	0x14134f750	0x14135448c	0x14006ede0
classic	PE:6a70b91c:0270a000	status-update	0x14134f750	0x1413544b6	0x14006f1b0
classic	PE:6a70b91c:0270a000	status-update	0x14134f750	0x141354545	0x14007ddc0
classic	PE:6a70b91c:0270a000	status-update	0x14134f750	0x141354559	0x14006f620
classic	PE:6a70b91c:0270a000	status-update	0x14134f750	0x14135457a	0x1413293a0
classic	PE:6a70b91c:0270a000	status-update	0x14134f750	0x14135458d	0x14006f560
classic	PE:6a70b91c:0270a000	status-update	0x14134f750	0x1413545ba	0x14006f4f0
classic	PE:6a70b91c:0270a000	status-update	0x14134f750	0x1413545fe	0x14006f4f0
classic	PE:6a70b91c:0270a000	status-update	0x14134f750	0x14135460a	0x14006f620
classic	PE:6a70b91c:0270a000	status-update	0x14134f750	0x141354639	0x1414cc890
classic	PE:6a70b91c:0270a000	status-update	0x14134f750	0x14135464c	0x1400b9ca0
classic	PE:6a70b91c:0270a000	status-update	0x14134f750	0x141354659	0x140067dc0
classic	PE:6a70b91c:0270a000	status-update	0x14134f750	0x141354692	0x14006f4f0
classic	PE:6a70b91c:0270a000	status-update	0x14134f750	0x1413546a5	0x14006f4f0
classic	PE:6a70b91c:0270a000	status-update	0x14134f750	0x1413546b1	0x14007db70
classic	PE:6a70b91c:0270a000	status-update	0x14134f750	0x141354734	0x1400e3bb0
classic	PE:6a70b91c:0270a000	status-update	0x14134f750	0x141354741	0x140067dc0
classic	PE:6a70b91c:0270a000	status-update	0x14134f750	0x14135474e	0x140067dc0
classic	PE:6a70b91c:0270a000	status-update	0x14134f750	0x141354771	0x14006f620
classic	PE:6a70b91c:0270a000	status-update	0x14134f750	0x141354798	0x140067f10
classic	PE:6a70b91c:0270a000	status-update	0x14134f750	0x1413547a0	0x1402c0ec0
classic	PE:6a70b91c:0270a000	status-update	0x14134f750	0x1413547c7	0x1402c1650
classic	PE:6a70b91c:0270a000	status-update	0x14134f750	0x1413547e0	0x14007ddc0
classic	PE:6a70b91c:0270a000	status-update	0x14134f750	0x141354807	0x14007dbd0
classic	PE:6a70b91c:0270a000	status-update	0x14134f750	0x141354847	0x14006f510
classic	PE:6a70b91c:0270a000	status-update	0x14134f750	0x14135486d	0x140067f10
classic	PE:6a70b91c:0270a000	status-update	0x14134f750	0x141354875	0x140ef6680
classic	PE:6a70b91c:0270a000	status-update	0x14134f750	0x14135489c	0x140247d10
classic	PE:6a70b91c:0270a000	status-update	0x14134f750	0x1413548ba	0x14007ddc0
classic	PE:6a70b91c:0270a000	status-update	0x14134f750	0x1413548df	0x14006f510
classic	PE:6a70b91c:0270a000	status-update	0x14134f750	0x141354905	0x140067f10
classic	PE:6a70b91c:0270a000	status-update	0x14134f750	0x141354925	0x14007ddc0
classic	PE:6a70b91c:0270a000	status-update	0x14134f750	0x14135494a	0x14006f510
classic	PE:6a70b91c:0270a000	status-update	0x14134f750	0x141354970	0x140067f10
classic	PE:6a70b91c:0270a000	status-update	0x14134f750	0x141354990	0x14007ddc0
classic	PE:6a70b91c:0270a000	status-update	0x14134f750	0x1413549b5	0x14006f510
classic	PE:6a70b91c:0270a000	status-update	0x14134f750	0x1413549db	0x140247d10
classic	PE:6a70b91c:0270a000	status-update	0x14134f750	0x1413549f9	0x14007ddc0
classic	PE:6a70b91c:0270a000	status-update	0x14134f750	0x141354a1e	0x14006f510
classic	PE:6a70b91c:0270a000	status-update	0x14134f750	0x141354a2a	0x14006f4b0
classic	PE:6a70b91c:0270a000	status-update	0x14134f750	0x141354a3a	0x14007db70
classic	PE:6a70b91c:0270a000	status-update	0x14134f750	0x141354a9e	0x1400e3bb0
classic	PE:6a70b91c:0270a000	status-update	0x14134f750	0x141354aab	0x140067dc0
classic	PE:6a70b91c:0270a000	status-update	0x14134f750	0x141354aff	0x1414aa260
classic	PE:6a70b91c:0270a000	status-update	0x14134f750	0x141354b2c	0x1408ef350
classic	PE:6a70b91c:0270a000	status-update	0x14134f750	0x141354b52	0x140247c80
classic	PE:6a70b91c:0270a000	status-update	0x14134f750	0x141354b76	0x14135f150
classic	PE:6a70b91c:0270a000	status-update	0x14134f750	0x141354bbd	0x1405435a0
classic	PE:6a70b91c:0270a000	status-update	0x14134f750	0x141354bd9	0x14137e3e0
classic	PE:6a70b91c:0270a000	status-update	0x14134f750	0x141354be5	0x14137e3e0
classic	PE:6a70b91c:0270a000	status-update	0x14134f750	0x141354bfb	0x1408ef350
classic	PE:6a70b91c:0270a000	status-update	0x14134f750	0x141354c41	0x1408ef350
classic	PE:6a70b91c:0270a000	status-update	0x14134f750	0x141354c6c	0x1413c5bc0
classic	PE:6a70b91c:0270a000	status-update	0x14134f750	0x141354c79	0x1413c5bc0
classic	PE:6a70b91c:0270a000	status-update	0x14134f750	0x141354c99	0x1413c5c20
classic	PE:6a70b91c:0270a000	status-update	0x14134f750	0x141354ca7	0x1413c5c20
classic	PE:6a70b91c:0270a000	status-update	0x14134f750	0x141354cc2	0x14006ede0
classic	PE:6a70b91c:0270a000	status-update	0x14134f750	0x141354cea	0x14006f1b0
classic	PE:6a70b91c:0270a000	status-update	0x14134f750	0x141354d01	0x14006ede0
classic	PE:6a70b91c:0270a000	status-update	0x14134f750	0x141354d6e	0x1407e1c40
classic	PE:6a70b91c:0270a000	status-update	0x14134f750	0x141354d7d	0x14006f1b0
classic	PE:6a70b91c:0270a000	status-update	0x14134f750	0x141354d90	0x140a888a0
classic	PE:6a70b91c:0270a000	status-update	0x14134f750	0x141354da6	0x14006f1b0
classic	PE:6a70b91c:0270a000	status-update	0x14134f750	0x141354db9	0x140a888a0
classic	PE:6a70b91c:0270a000	status-update	0x14134f750	0x141354dd0	0x14063fc00
classic	PE:6a70b91c:0270a000	status-update	0x14134f750	0x141354df8	0x14006f1d0
classic	PE:6a70b91c:0270a000	status-update	0x14134f750	0x141354e0b	0x14006f1c0
classic	PE:6a70b91c:0270a000	status-update	0x14134f750	0x141354e1f	0x14006edb0
classic	PE:6a70b91c:0270a000	status-update	0x14134f750	0x141354e29	0x140065740
classic	PE:6a70b91c:0270a000	status-update	0x14134f750	0x141354e36	0x14006eda0
classic	PE:6a70b91c:0270a000	status-update	0x14134f750	0x141354e44	0x14006eda0
classic	PE:6a70b91c:0270a000	status-update	0x14134f750	0x141354e4f	0x14006f2e0
classic	PE:6a70b91c:0270a000	status-update	0x14134f750	0x141354e63	0x14006edb0
classic	PE:6a70b91c:0270a000	status-update	0x14134f750	0x141354e6d	0x140065740
classic	PE:6a70b91c:0270a000	status-update	0x14134f750	0x141354e81	0x14006f1d0
classic	PE:6a70b91c:0270a000	status-update	0x14134f750	0x141354e94	0x14006f1c0
classic	PE:6a70b91c:0270a000	status-update	0x14134f750	0x141354ea8	0x14006edb0
classic	PE:6a70b91c:0270a000	status-update	0x14134f750	0x141354eb2	0x140065740
classic	PE:6a70b91c:0270a000	status-update	0x14134f750	0x141354ec4	0x14006eda0
classic	PE:6a70b91c:0270a000	status-update	0x14134f750	0x141354ed2	0x14006eda0
classic	PE:6a70b91c:0270a000	status-update	0x14134f750	0x141354edd	0x14006f2e0
classic	PE:6a70b91c:0270a000	status-update	0x14134f750	0x141354ef1	0x14006edb0
classic	PE:6a70b91c:0270a000	status-update	0x14134f750	0x141354efb	0x140065740
classic	PE:6a70b91c:0270a000	status-update	0x14134f750	0x141354f1c	0x141389c90
classic	PE:6a70b91c:0270a000	status-update	0x14134f750	0x141354f77	0x14007ddc0
classic	PE:6a70b91c:0270a000	status-update	0x14134f750	0x141354f8b	0x14006f620
classic	PE:6a70b91c:0270a000	status-update	0x14134f750	0x141354fac	0x1413293a0
classic	PE:6a70b91c:0270a000	status-update	0x14134f750	0x141354fbf	0x14006f560
classic	PE:6a70b91c:0270a000	status-update	0x14134f750	0x141354fec	0x14006f4f0
classic	PE:6a70b91c:0270a000	status-update	0x14134f750	0x141354fff	0x14006f4f0
classic	PE:6a70b91c:0270a000	status-update	0x14134f750	0x14135500b	0x14007db70
classic	PE:6a70b91c:0270a000	status-update	0x14134f750	0x141355073	0x1400e3bb0
classic	PE:6a70b91c:0270a000	status-update	0x14134f750	0x141355080	0x140067dc0
classic	PE:6a70b91c:0270a000	status-update	0x14134f750	0x14135508d	0x140067dc0
classic	PE:6a70b91c:0270a000	status-update	0x14134f750	0x14135509f	0x1400731c0
classic	PE:6a70b91c:0270a000	status-update	0x14134f750	0x1413550c7	0x1400727e0
classic	PE:6a70b91c:0270a000	status-update	0x14134f750	0x141355148	0x140073640
classic	PE:6a70b91c:0270a000	status-update	0x14134f750	0x141355175	0x1413b4fd0
classic	PE:6a70b91c:0270a000	status-update	0x14134f750	0x141355187	0x1413c5c20
classic	PE:6a70b91c:0270a000	status-update	0x14134f750	0x141355191	0x1413c5bc0
classic	PE:6a70b91c:0270a000	status-update	0x14134f750	0x1413551a3	0x1408ef350
classic	PE:6a70b91c:0270a000	status-update	0x14134f750	0x1413551f1	0x14063fc00
classic	PE:6a70b91c:0270a000	status-update	0x14134f750	0x141355209	0x1413ecef0
classic	PE:6a70b91c:0270a000	status-update	0x14134f750	0x14135521e	0x140073740
classic	PE:6a70b91c:0270a000	status-update	0x14134f750	0x14135523f	0x14007ddc0
classic	PE:6a70b91c:0270a000	status-update	0x14134f750	0x141355253	0x14006f620
classic	PE:6a70b91c:0270a000	status-update	0x14134f750	0x14135526e	0x1413293a0
classic	PE:6a70b91c:0270a000	status-update	0x14134f750	0x141355281	0x14006f560
classic	PE:6a70b91c:0270a000	status-update	0x14134f750	0x1413552ae	0x14006f4f0
classic	PE:6a70b91c:0270a000	status-update	0x14134f750	0x1413552c1	0x14006f4f0
classic	PE:6a70b91c:0270a000	status-update	0x14134f750	0x1413552cd	0x14007db70
classic	PE:6a70b91c:0270a000	status-update	0x14134f750	0x14135534e	0x1400e3bb0
classic	PE:6a70b91c:0270a000	status-update	0x14134f750	0x14135535b	0x140067dc0
classic	PE:6a70b91c:0270a000	status-update	0x14134f750	0x141355368	0x140067dc0
classic	PE:6a70b91c:0270a000	status-update	0x14134f750	0x14135538b	0x1408ef350
classic	PE:6a70b91c:0270a000	status-update	0x14134f750	0x14135539c	0x1408ef350
classic	PE:6a70b91c:0270a000	status-update	0x14134f750	0x1413553ae	0x1401fad80
classic	PE:6a70b91c:0270a000	status-update	0x14134f750	0x1413553cf	0x140073770
classic	PE:6a70b91c:0270a000	status-update	0x14134f750	0x141355404	0x1413ecef0
classic	PE:6a70b91c:0270a000	status-update	0x14134f750	0x141355424	0x14007ddc0
classic	PE:6a70b91c:0270a000	status-update	0x14134f750	0x141355438	0x14006f620
classic	PE:6a70b91c:0270a000	status-update	0x14134f750	0x141355453	0x1413293a0
classic	PE:6a70b91c:0270a000	status-update	0x14134f750	0x141355466	0x14006f560
classic	PE:6a70b91c:0270a000	status-update	0x14134f750	0x141355493	0x14006f4f0
classic	PE:6a70b91c:0270a000	status-update	0x14134f750	0x1413554a6	0x14006f4f0
classic	PE:6a70b91c:0270a000	status-update	0x14134f750	0x1413554b2	0x14007db70
classic	PE:6a70b91c:0270a000	status-update	0x14134f750	0x141355533	0x1400e3bb0
classic	PE:6a70b91c:0270a000	status-update	0x14134f750	0x141355540	0x140067dc0
classic	PE:6a70b91c:0270a000	status-update	0x14134f750	0x14135554d	0x140067dc0
classic	PE:6a70b91c:0270a000	status-update	0x14134f750	0x141355555	0x141359ab0
classic	PE:6a70b91c:0270a000	status-update	0x14134f750	0x14135555d	0x1413598f0
classic	PE:6a70b91c:0270a000	status-update	0x14134f750	0x14135558b	0x140dbf3f0
classic	PE:6a70b91c:0270a000	status-update	0x14134f750	0x1413555c0	0x14131f0e0
classic	PE:6a70b91c:0270a000	status-update	0x14134f750	0x1413555f8	0x14063fc00
classic	PE:6a70b91c:0270a000	status-update	0x14134f750	0x141355616	0x1413ecef0
classic	PE:6a70b91c:0270a000	status-update	0x14134f750	0x141355636	0x14007ddc0
classic	PE:6a70b91c:0270a000	status-update	0x14134f750	0x14135564a	0x14006f620
classic	PE:6a70b91c:0270a000	status-update	0x14134f750	0x141355665	0x1413293a0
classic	PE:6a70b91c:0270a000	status-update	0x14134f750	0x141355678	0x14006f560
classic	PE:6a70b91c:0270a000	status-update	0x14134f750	0x1413556a5	0x14006f4f0
classic	PE:6a70b91c:0270a000	status-update	0x14134f750	0x1413556b8	0x14006f4f0
classic	PE:6a70b91c:0270a000	status-update	0x14134f750	0x1413556c4	0x14007db70
classic	PE:6a70b91c:0270a000	status-update	0x14134f750	0x141355745	0x1400e3bb0
classic	PE:6a70b91c:0270a000	status-update	0x14134f750	0x141355752	0x140067dc0
classic	PE:6a70b91c:0270a000	status-update	0x14134f750	0x14135575f	0x140067dc0
classic	PE:6a70b91c:0270a000	status-update	0x14134f750	0x141355782	0x1408ef350
classic	PE:6a70b91c:0270a000	status-update	0x14134f750	0x141355793	0x1408ef350
classic	PE:6a70b91c:0270a000	status-update	0x14134f750	0x1413557a5	0x1401fad80
classic	PE:6a70b91c:0270a000	status-update	0x14134f750	0x1413557ed	0x140073ae0
classic	PE:6a70b91c:0270a000	status-update	0x14134f750	0x141355839	0x1400fb9a0
classic	PE:6a70b91c:0270a000	status-update	0x14134f750	0x141355873	0x14006ede0
classic	PE:6a70b91c:0270a000	status-update	0x14134f750	0x1413558aa	0x14006f1d0
classic	PE:6a70b91c:0270a000	status-update	0x14134f750	0x1413558c4	0x14006f1c0
classic	PE:6a70b91c:0270a000	status-update	0x14134f750	0x1413558d8	0x14006edb0
classic	PE:6a70b91c:0270a000	status-update	0x14134f750	0x1413558e2	0x140065740
classic	PE:6a70b91c:0270a000	status-update	0x14134f750	0x1413558f4	0x14006eda0
classic	PE:6a70b91c:0270a000	status-update	0x14134f750	0x141355905	0x14006eda0
classic	PE:6a70b91c:0270a000	status-update	0x14134f750	0x14135591b	0x14006eda0
classic	PE:6a70b91c:0270a000	status-update	0x14134f750	0x14135592c	0x14006eda0
classic	PE:6a70b91c:0270a000	status-update	0x14134f750	0x141355944	0x1400724a0
classic	PE:6a70b91c:0270a000	status-update	0x14134f750	0x141355954	0x14006eda0
classic	PE:6a70b91c:0270a000	status-update	0x14134f750	0x141355968	0x14006eda0
classic	PE:6a70b91c:0270a000	status-update	0x14134f750	0x14135597d	0x14006eda0
classic	PE:6a70b91c:0270a000	status-update	0x14134f750	0x1413559a9	0x1413eaef0
classic	PE:6a70b91c:0270a000	status-update	0x14134f750	0x1413559b2	0x14006ed90
classic	PE:6a70b91c:0270a000	status-update	0x14134f750	0x1413559c6	0x14006edb0
classic	PE:6a70b91c:0270a000	status-update	0x14134f750	0x1413559d0	0x140065740
classic	PE:6a70b91c:0270a000	status-update	0x14134f750	0x1413559ed	0x1400fb9a0
classic	PE:6a70b91c:0270a000	status-update	0x14134f750	0x1413559f5	0x140e30f70
classic	PE:6a70b91c:0270a000	status-update	0x14134f750	0x141355a08	0x14131f380
classic	PE:6a70b91c:0270a000	status-update	0x14134f750	0x141355a1b	0x1402243b0
classic	PE:6a70b91c:0270a000	status-update	0x14134f750	0x141355a5d	0x1413b4fd0
classic	PE:6a70b91c:0270a000	status-update	0x14134f750	0x141355aa2	0x1413c5bc0
classic	PE:6a70b91c:0270a000	status-update	0x14134f750	0x141355ad5	0x1408ef350
classic	PE:6a70b91c:0270a000	status-update	0x14134f750	0x141355afa	0x1408ef350
classic	PE:6a70b91c:0270a000	status-update	0x14134f750	0x141355b19	0x1408ef350
classic	PE:6a70b91c:0270a000	status-update	0x14134f750	0x141355b2a	0x1413b4fd0
classic	PE:6a70b91c:0270a000	status-update	0x14134f750	0x141355b3f	0x140e30f70
classic	PE:6a70b91c:0270a000	status-update	0x14134f750	0x141355b83	0x141375840
classic	PE:6a70b91c:0270a000	status-update	0x14134f750	0x141355bbe	0x1400724a0
classic	PE:6a70b91c:0270a000	status-update	0x14134f750	0x141355be3	0x1413eaef0
classic	PE:6a70b91c:0270a000	status-update	0x14134f750	0x141355c0a	0x1400724a0
classic	PE:6a70b91c:0270a000	status-update	0x14134f750	0x141355c29	0x1413eaef0
classic	PE:6a70b91c:0270a000	status-update	0x14134f750	0x141355c47	0x14131f380
classic	PE:6a70b91c:0270a000	status-update	0x14134f750	0x141355c8b	0x141375840
classic	PE:6a70b91c:0270a000	status-update	0x14134f750	0x141355cc6	0x1400724a0
classic	PE:6a70b91c:0270a000	status-update	0x14134f750	0x141355cea	0x1413eaef0
classic	PE:6a70b91c:0270a000	status-update	0x14134f750	0x141355d0a	0x1400724a0
classic	PE:6a70b91c:0270a000	status-update	0x14134f750	0x141355d2e	0x1413eaef0
classic	PE:6a70b91c:0270a000	status-update	0x14134f750	0x141355d4a	0x1402243b0
classic	PE:6a70b91c:0270a000	status-update	0x14134f750	0x141355d7c	0x1400724a0
classic	PE:6a70b91c:0270a000	status-update	0x14134f750	0x141355d9b	0x1413eaef0
classic	PE:6a70b91c:0270a000	status-update	0x14134f750	0x141355db3	0x1400724a0
classic	PE:6a70b91c:0270a000	status-update	0x14134f750	0x141355dd2	0x1413eaef0
classic	PE:6a70b91c:0270a000	status-update	0x14134f750	0x141355e34	0x1413b4fd0
classic	PE:6a70b91c:0270a000	status-update	0x14134f750	0x141355e62	0x14006ede0
classic	PE:6a70b91c:0270a000	status-update	0x14134f750	0x141355e8a	0x14006f1b0
classic	PE:6a70b91c:0270a000	status-update	0x14134f750	0x141355ea1	0x14006ede0
classic	PE:6a70b91c:0270a000	status-update	0x14134f750	0x141355ed3	0x14006f1b0
classic	PE:6a70b91c:0270a000	status-update	0x14134f750	0x141355ef6	0x14006f1b0
classic	PE:6a70b91c:0270a000	status-update	0x14134f750	0x141355f09	0x140a888a0
classic	PE:6a70b91c:0270a000	status-update	0x14134f750	0x141355f39	0x14006ede0
classic	PE:6a70b91c:0270a000	status-update	0x14134f750	0x141355f5a	0x14006f1b0
classic	PE:6a70b91c:0270a000	status-update	0x14134f750	0x141355f71	0x14006ede0
classic	PE:6a70b91c:0270a000	status-update	0x14134f750	0x141355fb9	0x14006f1b0
classic	PE:6a70b91c:0270a000	status-update	0x14134f750	0x141355fcc	0x140a888a0
classic	PE:6a70b91c:0270a000	status-update	0x14134f750	0x141356002	0x1413439b0
classic	PE:6a70b91c:0270a000	status-update	0x14134f750	0x141356032	0x14006ede0
classic	PE:6a70b91c:0270a000	status-update	0x14134f750	0x14135605a	0x14006f1b0
classic	PE:6a70b91c:0270a000	status-update	0x14134f750	0x141356071	0x14006ede0
classic	PE:6a70b91c:0270a000	status-update	0x14134f750	0x141356088	0x14006f1b0
classic	PE:6a70b91c:0270a000	status-update	0x14134f750	0x14135609c	0x1413623a0
classic	PE:6a70b91c:0270a000	status-update	0x14134f750	0x1413560ba	0x1408ef350
classic	PE:6a70b91c:0270a000	status-update	0x14134f750	0x1413560dd	0x14145e710
classic	PE:6a70b91c:0270a000	status-update	0x14134f750	0x141356119	0x14006f1b0
classic	PE:6a70b91c:0270a000	status-update	0x14134f750	0x14135612c	0x140a888a0
classic	PE:6a70b91c:0270a000	status-update	0x14134f750	0x141356140	0x1400731c0
classic	PE:6a70b91c:0270a000	status-update	0x14134f750	0x141356176	0x1409e3000
classic	PE:6a70b91c:0270a000	status-update	0x14134f750	0x141356211	0x1413adec0
classic	PE:6a70b91c:0270a000	status-update	0x14134f750	0x141356257	0x14006ede0
classic	PE:6a70b91c:0270a000	status-update	0x14134f750	0x141356278	0x14006f1b0
classic	PE:6a70b91c:0270a000	status-update	0x14134f750	0x1413562ad	0x14006f1b0
classic	PE:6a70b91c:0270a000	status-update	0x14134f750	0x1413562c8	0x14006f1b0
classic	PE:6a70b91c:0270a000	status-update	0x14134f750	0x1413562de	0x14006f1b0
classic	PE:6a70b91c:0270a000	status-update	0x14134f750	0x1413562ef	0x14006f1b0
classic	PE:6a70b91c:0270a000	status-update	0x14134f750	0x141356303	0x14006f1b0
classic	PE:6a70b91c:0270a000	status-update	0x14134f750	0x141356310	0x1415345f0
classic	PE:6a70b91c:0270a000	status-update	0x14134f750	0x14135631b	0x1400b9930
classic	PE:6a70b91c:0270a000	status-update	0x14134f750	0x141356328	0x14006f1b0
classic	PE:6a70b91c:0270a000	status-update	0x14134f750	0x141356339	0x14006f1b0
classic	PE:6a70b91c:0270a000	status-update	0x14134f750	0x14135634d	0x14006f1b0
classic	PE:6a70b91c:0270a000	status-update	0x14134f750	0x14135635a	0x1415345f0
classic	PE:6a70b91c:0270a000	status-update	0x14134f750	0x141356365	0x1400b9930
classic	PE:6a70b91c:0270a000	status-update	0x14134f750	0x141356393	0x140071f20
classic	PE:6a70b91c:0270a000	status-update	0x14134f750	0x1413563c2	0x14007dbd0
classic	PE:6a70b91c:0270a000	status-update	0x14134f750	0x1413563eb	0x1409e3000
classic	PE:6a70b91c:0270a000	status-update	0x14134f750	0x14135640d	0x14007dbd0
classic	PE:6a70b91c:0270a000	status-update	0x14134f750	0x141356424	0x140073740
classic	PE:6a70b91c:0270a000	status-update	0x14134f750	0x14135644d	0x1414dc2e0
classic	PE:6a70b91c:0270a000	status-update	0x14134f750	0x141356472	0x1408ef350
classic	PE:6a70b91c:0270a000	status-update	0x14134f750	0x141356492	0x1400724a0
classic	PE:6a70b91c:0270a000	status-update	0x14134f750	0x1413564b6	0x1413eaef0
classic	PE:6a70b91c:0270a000	status-update	0x14134f750	0x1413564be	0x140073640
classic	PE:6a70b91c:0270a000	status-update	0x14134f750	0x1413564d4	0x1407dde30
classic	PE:6a70b91c:0270a000	status-update	0x14134f750	0x1413564e0	0x14131f0e0
classic	PE:6a70b91c:0270a000	status-update	0x14134f750	0x1413564ec	0x14131f1a0
classic	PE:6a70b91c:0270a000	status-update	0x14134f750	0x141356509	0x1413bce60
classic	PE:6a70b91c:0270a000	status-update	0x14134f750	0x141356524	0x1408ef350
classic	PE:6a70b91c:0270a000	status-update	0x14134f750	0x14135654c	0x1408ef350
classic	PE:6a70b91c:0270a000	status-update	0x14134f750	0x141356563	0x1400724a0
classic	PE:6a70b91c:0270a000	status-update	0x14134f750	0x141356587	0x1413eaef0
classic	PE:6a70b91c:0270a000	status-update	0x14134f750	0x14135658f	0x140073640
classic	PE:6a70b91c:0270a000	status-update	0x14134f750	0x1413565a2	0x1407dde30
classic	PE:6a70b91c:0270a000	status-update	0x14134f750	0x1413565ad	0x14131f0e0
classic	PE:6a70b91c:0270a000	status-update	0x14134f750	0x1413565b9	0x14131f1a0
classic	PE:6a70b91c:0270a000	status-update	0x14134f750	0x1413565d2	0x1413bce60
classic	PE:6a70b91c:0270a000	status-update	0x14134f750	0x1413565eb	0x1408ef350
classic	PE:6a70b91c:0270a000	status-update	0x14134f750	0x14135660a	0x1400fdc80
classic	PE:6a70b91c:0270a000	status-update	0x14134f750	0x14135662a	0x1408ef350
classic	PE:6a70b91c:0270a000	status-update	0x14134f750	0x14135663c	0x1408ef350
classic	PE:6a70b91c:0270a000	status-update	0x14134f750	0x141356650	0x140073770
classic	PE:6a70b91c:0270a000	status-update	0x14134f750	0x14135665d	0x1400731c0
classic	PE:6a70b91c:0270a000	status-update	0x14134f750	0x141356672	0x141389c90
classic	PE:6a70b91c:0270a000	status-update	0x14134f750	0x1413566af	0x140a7d540
classic	PE:6a70b91c:0270a000	status-update	0x14134f750	0x1413566bf	0x1413c7140
classic	PE:6a70b91c:0270a000	status-update	0x14134f750	0x1413566d3	QWORD PTR [rdx+0x20]
classic	PE:6a70b91c:0270a000	status-update	0x14134f750	0x141356753	0x1400724a0
classic	PE:6a70b91c:0270a000	status-update	0x14134f750	0x14135678e	0x1413eaef0
classic	PE:6a70b91c:0270a000	status-update	0x14134f750	0x1413567e6	0x14006ede0
classic	PE:6a70b91c:0270a000	status-update	0x14134f750	0x141356806	0x14006f1b0
classic	PE:6a70b91c:0270a000	status-update	0x14134f750	0x141356817	0x14006f1b0
classic	PE:6a70b91c:0270a000	status-update	0x14134f750	0x141356832	0x14006f1b0
classic	PE:6a70b91c:0270a000	status-update	0x14134f750	0x14135684a	0x1400724a0
classic	PE:6a70b91c:0270a000	status-update	0x14134f750	0x14135685f	0x14006f1b0
classic	PE:6a70b91c:0270a000	status-update	0x14134f750	0x14135687f	0x1413eaef0
classic	PE:6a70b91c:0270a000	status-update	0x14134f750	0x14135688a	0x14006f1b0
classic	PE:6a70b91c:0270a000	status-update	0x14134f750	0x141356897	0x1415345f0
classic	PE:6a70b91c:0270a000	status-update	0x14134f750	0x1413568a2	0x1400b9930
classic	PE:6a70b91c:0270a000	status-update	0x14134f750	0x1413568aa	0x14006ede0
classic	PE:6a70b91c:0270a000	status-update	0x14134f750	0x1413568bb	0x14006ede0
classic	PE:6a70b91c:0270a000	status-update	0x14134f750	0x1413568e1	0x14006f300
classic	PE:6a70b91c:0270a000	status-update	0x14134f750	0x1413568fb	0x14006f2f0
classic	PE:6a70b91c:0270a000	status-update	0x14134f750	0x141356914	0x1400b9a20
classic	PE:6a70b91c:0270a000	status-update	0x14134f750	0x141356980	0x1408ef350
classic	PE:6a70b91c:0270a000	status-update	0x14134f750	0x141356997	0x140073740
classic	PE:6a70b91c:0270a000	status-update	0x14134f750	0x1413569fa	0x141349aa0
classic	PE:6a70b91c:0270a000	status-update	0x14134f750	0x141356a12	0x14138c830
classic	PE:6a70b91c:0270a000	status-update	0x14134f750	0x141356a2a	0x14135ff80
classic	PE:6a70b91c:0270a000	status-update	0x14134f750	0x141356a67	0x14138a3a0
classic	PE:6a70b91c:0270a000	status-update	0x14134f750	0x141356a7f	0x140072870
classic	PE:6a70b91c:0270a000	status-update	0x14134f750	0x141356a94	0x14007ddc0
classic	PE:6a70b91c:0270a000	status-update	0x14134f750	0x141356aa8	0x14006f620
classic	PE:6a70b91c:0270a000	status-update	0x14134f750	0x141356ab5	0x14006f620
classic	PE:6a70b91c:0270a000	status-update	0x14134f750	0x141356ad3	0x1413293a0
classic	PE:6a70b91c:0270a000	status-update	0x14134f750	0x141356ae6	0x1400b9ca0
classic	PE:6a70b91c:0270a000	status-update	0x14134f750	0x141356af9	0x14006f4f0
classic	PE:6a70b91c:0270a000	status-update	0x14134f750	0x141356b25	0x14006f4f0
classic	PE:6a70b91c:0270a000	status-update	0x14134f750	0x141356b38	0x14006f4f0
classic	PE:6a70b91c:0270a000	status-update	0x14134f750	0x141356b4c	0x1413623a0
classic	PE:6a70b91c:0270a000	status-update	0x14134f750	0x141356b58	0x14007db70
classic	PE:6a70b91c:0270a000	status-update	0x14134f750	0x141356bb7	0x1400e3bb0
classic	PE:6a70b91c:0270a000	status-update	0x14134f750	0x141356bc4	0x140067dc0
classic	PE:6a70b91c:0270a000	status-update	0x14134f750	0x141356bd1	0x140067dc0
classic	PE:6a70b91c:0270a000	status-update	0x14134f750	0x141356bf2	0x140073770
classic	PE:6a70b91c:0270a000	status-update	0x14134f750	0x141356c17	0x1413439b0
classic	PE:6a70b91c:0270a000	status-update	0x14134f750	0x141356c1f	0x1400736a0
classic	PE:6a70b91c:0270a000	status-update	0x14134f750	0x141356c2f	0x14006ede0
classic	PE:6a70b91c:0270a000	status-update	0x14134f750	0x141356c96	0x14007ddc0
classic	PE:6a70b91c:0270a000	status-update	0x14134f750	0x141356caa	0x14006f620
classic	PE:6a70b91c:0270a000	status-update	0x14134f750	0x141356cb7	0x14006f620
classic	PE:6a70b91c:0270a000	status-update	0x14134f750	0x141356cd5	0x1413293a0
classic	PE:6a70b91c:0270a000	status-update	0x14134f750	0x141356ce8	0x1400b9ca0
classic	PE:6a70b91c:0270a000	status-update	0x14134f750	0x141356cfb	0x14006f4f0
classic	PE:6a70b91c:0270a000	status-update	0x14134f750	0x141356d27	0x14006f4f0
classic	PE:6a70b91c:0270a000	status-update	0x14134f750	0x141356d3a	0x14006f4f0
classic	PE:6a70b91c:0270a000	status-update	0x14134f750	0x141356d5f	0x14006f4f0
classic	PE:6a70b91c:0270a000	status-update	0x14134f750	0x141356d6d	0x14006f620
classic	PE:6a70b91c:0270a000	status-update	0x14134f750	0x141356d84	0x140aa18d0
classic	PE:6a70b91c:0270a000	status-update	0x14134f750	0x141356d97	0x1400b9ca0
classic	PE:6a70b91c:0270a000	status-update	0x14134f750	0x141356da4	0x140067dc0
classic	PE:6a70b91c:0270a000	status-update	0x14134f750	0x141356db7	0x14006f4f0
classic	PE:6a70b91c:0270a000	status-update	0x14134f750	0x141356dcb	0x1413623a0
classic	PE:6a70b91c:0270a000	status-update	0x14134f750	0x141356dd7	0x14007db70
classic	PE:6a70b91c:0270a000	status-update	0x14134f750	0x141356e36	0x1400e3bb0
classic	PE:6a70b91c:0270a000	status-update	0x14134f750	0x141356e43	0x140067dc0
classic	PE:6a70b91c:0270a000	status-update	0x14134f750	0x141356e50	0x140067dc0
classic	PE:6a70b91c:0270a000	status-update	0x14134f750	0x141356eaf	0x14006f1b0
classic	PE:6a70b91c:0270a000	status-update	0x14134f750	0x141356ee5	0x1413cab50
classic	PE:6a70b91c:0270a000	status-update	0x14134f750	0x141356eed	0x140c5cc60
classic	PE:6a70b91c:0270a000	status-update	0x14134f750	0x141356f0a	0x140071ec0
classic	PE:6a70b91c:0270a000	status-update	0x14134f750	0x141356f1d	QWORD PTR [rax+0x1d8]
classic	PE:6a70b91c:0270a000	status-update	0x14134f750	0x141356f3f	r10
classic	PE:6a70b91c:0270a000	status-update	0x14134f750	0x141356f4d	0x14006ede0
classic	PE:6a70b91c:0270a000	status-update	0x14134f750	0x141356f5c	0x1400724a0
classic	PE:6a70b91c:0270a000	status-update	0x14134f750	0x141356f84	QWORD PTR [rax+0x1d8]
classic	PE:6a70b91c:0270a000	status-update	0x14134f750	0x141356fa4	0x1400724a0
classic	PE:6a70b91c:0270a000	status-update	0x14134f750	0x141356fce	0x1400724a0
classic	PE:6a70b91c:0270a000	status-update	0x14134f750	0x141356ff2	0x1413eaef0
classic	PE:6a70b91c:0270a000	status-update	0x14134f750	0x141357014	0x14006f1d0
classic	PE:6a70b91c:0270a000	status-update	0x14134f750	0x141357027	0x14006f1c0
classic	PE:6a70b91c:0270a000	status-update	0x14134f750	0x14135703e	0x14006edb0
classic	PE:6a70b91c:0270a000	status-update	0x14134f750	0x141357048	0x140065740
classic	PE:6a70b91c:0270a000	status-update	0x14134f750	0x141357058	0x14006eda0
classic	PE:6a70b91c:0270a000	status-update	0x14134f750	0x141357071	0x14006ed90
classic	PE:6a70b91c:0270a000	status-update	0x14134f750	0x141357088	0x14006edb0
classic	PE:6a70b91c:0270a000	status-update	0x14134f750	0x141357092	0x140065740
classic	PE:6a70b91c:0270a000	status-update	0x14134f750	0x1413570e7	0x140073740
classic	PE:6a70b91c:0270a000	status-update	0x14134f750	0x1413570fd	0x1408ef350
classic	PE:6a70b91c:0270a000	status-update	0x14134f750	0x14135710e	0x140073770
classic	PE:6a70b91c:0270a000	status-update	0x14134f750	0x14135712e	0x14007da80
classic	PE:6a70b91c:0270a000	status-update	0x14134f750	0x141357146	0x14092f090
classic	PE:6a70b91c:0270a000	status-update	0x14134f750	0x14135715d	r10
classic	PE:6a70b91c:0270a000	status-update	0x14134f750	0x141357173	0x14007ddc0
classic	PE:6a70b91c:0270a000	status-update	0x14134f750	0x141357187	0x14006f620
classic	PE:6a70b91c:0270a000	status-update	0x14134f750	0x141357194	0x14006f620
classic	PE:6a70b91c:0270a000	status-update	0x14134f750	0x1413571a8	0x14006f510
classic	PE:6a70b91c:0270a000	status-update	0x14134f750	0x1413571b4	0x14006f620
classic	PE:6a70b91c:0270a000	status-update	0x14134f750	0x1413571d1	0x140aa0c50
classic	PE:6a70b91c:0270a000	status-update	0x14134f750	0x1413571e4	0x1400b9ca0
classic	PE:6a70b91c:0270a000	status-update	0x14134f750	0x1413571f7	0x14006f4f0
classic	PE:6a70b91c:0270a000	status-update	0x14134f750	0x141357209	0x14132a8f0
classic	PE:6a70b91c:0270a000	status-update	0x14134f750	0x14135721c	0x1400b9ca0
classic	PE:6a70b91c:0270a000	status-update	0x14134f750	0x14135722f	0x14006f4f0
classic	PE:6a70b91c:0270a000	status-update	0x14134f750	0x141357237	0x1413e0a00
classic	PE:6a70b91c:0270a000	status-update	0x14134f750	0x141357251	0x140a910b0
classic	PE:6a70b91c:0270a000	status-update	0x14134f750	0x141357264	0x1400b9ca0
classic	PE:6a70b91c:0270a000	status-update	0x14134f750	0x141357277	0x14006f4f0
classic	PE:6a70b91c:0270a000	status-update	0x14134f750	0x141357283	0x14007db70
classic	PE:6a70b91c:0270a000	status-update	0x14134f750	0x1413572a8	0x141376cc0
classic	PE:6a70b91c:0270a000	status-update	0x14134f750	0x1413572f7	0x1400e3bb0
classic	PE:6a70b91c:0270a000	status-update	0x14134f750	0x141357304	0x140067dc0
classic	PE:6a70b91c:0270a000	status-update	0x14134f750	0x141357311	0x140067dc0
classic	PE:6a70b91c:0270a000	status-update	0x14134f750	0x14135731e	0x140067dc0
classic	PE:6a70b91c:0270a000	status-update	0x14134f750	0x141357328	0x1400fdc80
classic	PE:6a70b91c:0270a000	status-update	0x14134f750	0x141357330	0x1413b4cf0
classic	PE:6a70b91c:0270a000	status-update	0x14134f750	0x14135737d	0x140c3d2c0
classic	PE:6a70b91c:0270a000	status-update	0x14134f750	0x141357397	0x14006ede0
classic	PE:6a70b91c:0270a000	status-update	0x14134f750	0x1413573ba	0x14006f1b0
classic	PE:6a70b91c:0270a000	status-update	0x14134f750	0x1413573d0	0x14006ede0
classic	PE:6a70b91c:0270a000	status-update	0x14134f750	0x141357417	0x14006f1b0
classic	PE:6a70b91c:0270a000	status-update	0x14134f750	0x141357427	0x140a888a0
classic	PE:6a70b91c:0270a000	status-update	0x14134f750	0x14135744b	0x1413c5bc0
classic	PE:6a70b91c:0270a000	status-update	0x14134f750	0x141357506	0x1413812a0
classic	PE:6a70b91c:0270a000	status-update	0x14134f750	0x14135751a	0x14006ede0
classic	PE:6a70b91c:0270a000	status-update	0x14134f750	0x14135753a	0x14006f1b0
classic	PE:6a70b91c:0270a000	status-update	0x14134f750	0x141357550	0x14006ede0
classic	PE:6a70b91c:0270a000	status-update	0x14134f750	0x141357573	0x14006f1b0
classic	PE:6a70b91c:0270a000	status-update	0x14134f750	0x14135758e	0x14006f1b0
classic	PE:6a70b91c:0270a000	status-update	0x14134f750	0x1413575a9	0x14006f1b0
classic	PE:6a70b91c:0270a000	status-update	0x14134f750	0x1413575bf	0x14006f1b0
classic	PE:6a70b91c:0270a000	status-update	0x14134f750	0x1413575d2	0x140a888a0
classic	PE:6a70b91c:0270a000	status-update	0x14134f750	0x14135762b	0x14006f300
classic	PE:6a70b91c:0270a000	status-update	0x14134f750	0x14135764a	0x14006f2f0
classic	PE:6a70b91c:0270a000	status-update	0x14134f750	0x141357661	0x14006f1b0
classic	PE:6a70b91c:0270a000	status-update	0x14134f750	0x141357670	0x140071f20
classic	PE:6a70b91c:0270a000	status-update	0x14134f750	0x141357683	0x14006f2f0
classic	PE:6a70b91c:0270a000	status-update	0x14134f750	0x141357696	0x1413ca3e0
classic	PE:6a70b91c:0270a000	status-update	0x14134f750	0x1413576a5	0x1413ca3a0
classic	PE:6a70b91c:0270a000	status-update	0x14134f750	0x1413576e8	0x1413b5050
classic	PE:6a70b91c:0270a000	status-update	0x14134f750	0x1413576f4	0x14006ede0
classic	PE:6a70b91c:0270a000	status-update	0x14134f750	0x14135771b	0x1410e40a0
classic	PE:6a70b91c:0270a000	status-update	0x14134f750	0x141357729	0x1413b4c70
classic	PE:6a70b91c:0270a000	status-update	0x14134f750	0x14135773b	0x14006f300
classic	PE:6a70b91c:0270a000	status-update	0x14134f750	0x141357bc0	0x1400e14f0
classic	PE:6a70b91c:0270a000	status-update	0x14134f750	0x141357c6f	0x141345550
classic	PE:6a70b91c:0270a000	status-update	0x14134f750	0x141357c7e	0x1413457a0
classic	PE:6a70b91c:0270a000	status-update	0x14134f750	0x141357c9e	0x141369a90
classic	PE:6a70b91c:0270a000	status-update	0x14134f750	0x141357cac	0x141369a90
classic	PE:6a70b91c:0270a000	status-update	0x14134f750	0x141357cc2	0x1400724a0
classic	PE:6a70b91c:0270a000	status-update	0x14134f750	0x141357d03	0x140073740
classic	PE:6a70b91c:0270a000	status-update	0x14134f750	0x141357d19	0x1400724a0
classic	PE:6a70b91c:0270a000	status-update	0x14134f750	0x141357d56	0x140073740
classic	PE:6a70b91c:0270a000	status-update	0x14134f750	0x141357d67	0x1400724a0
classic	PE:6a70b91c:0270a000	status-update	0x14134f750	0x141357d87	0x1413eaef0
classic	PE:6a70b91c:0270a000	status-update	0x14134f750	0x141357da1	0x140c3d2c0
classic	PE:6a70b91c:0270a000	status-update	0x14134f750	0x141357dad	0x1413b4f00
classic	PE:6a70b91c:0270a000	status-update	0x14134f750	0x141357dbe	0x14136e880
classic	PE:6a70b91c:0270a000	status-update	0x14134f750	0x141357de7	0x140c3d2c0
classic	PE:6a70b91c:0270a000	status-update	0x14134f750	0x141357df3	0x1413b4f00
classic	PE:6a70b91c:0270a000	status-update	0x14134f750	0x141357e0b	0x140a65440
classic	PE:6a70b91c:0270a000	status-update	0x14134f750	0x141357e1c	0x140071f20
classic	PE:6a70b91c:0270a000	status-update	0x14134f750	0x141357e57	0x140436c90
classic	PE:6a70b91c:0270a000	status-update	0x14134f750	0x141357e89	0x14007ddc0
classic	PE:6a70b91c:0270a000	status-update	0x14134f750	0x141357e9d	0x14006f620
classic	PE:6a70b91c:0270a000	status-update	0x14134f750	0x141357ea6	0x1413e0a00
classic	PE:6a70b91c:0270a000	status-update	0x14134f750	0x141357ec0	0x140a910b0
classic	PE:6a70b91c:0270a000	status-update	0x14134f750	0x141357ed5	0x14006f510
classic	PE:6a70b91c:0270a000	status-update	0x14134f750	0x141357ee8	0x14006f4f0
classic	PE:6a70b91c:0270a000	status-update	0x14134f750	0x141357ef4	0x14006f620
classic	PE:6a70b91c:0270a000	status-update	0x14134f750	0x141357f07	0x14132a8f0
classic	PE:6a70b91c:0270a000	status-update	0x14134f750	0x141357f1a	0x1400b9ca0
classic	PE:6a70b91c:0270a000	status-update	0x14134f750	0x141357f2d	0x14006f4f0
classic	PE:6a70b91c:0270a000	status-update	0x14134f750	0x141357f39	0x14007db70
classic	PE:6a70b91c:0270a000	status-update	0x14134f750	0x141357fa1	0x1400e3bb0
classic	PE:6a70b91c:0270a000	status-update	0x14134f750	0x141357fae	0x140067dc0
classic	PE:6a70b91c:0270a000	status-update	0x14134f750	0x141357fbb	0x140067dc0
classic	PE:6a70b91c:0270a000	status-update	0x14134f750	0x141357fc3	0x1413ae000
classic	PE:6a70b91c:0270a000	status-update	0x14134f750	0x141358004	0x1413b4c70
classic	PE:6a70b91c:0270a000	status-update	0x14134f750	0x141358011	0x1413b53c0
classic	PE:6a70b91c:0270a000	status-update	0x14134f750	0x141358055	0x14007ddc0
classic	PE:6a70b91c:0270a000	status-update	0x14134f750	0x141358069	0x14006f620
classic	PE:6a70b91c:0270a000	status-update	0x14134f750	0x14135807c	0x14132bba0
classic	PE:6a70b91c:0270a000	status-update	0x14134f750	0x1413580be	0x14006f4f0
classic	PE:6a70b91c:0270a000	status-update	0x14134f750	0x1413580ca	0x14006f620
classic	PE:6a70b91c:0270a000	status-update	0x14134f750	0x1413580e1	0x140aa18d0
classic	PE:6a70b91c:0270a000	status-update	0x14134f750	0x1413580f4	0x1400b9ca0
classic	PE:6a70b91c:0270a000	status-update	0x14134f750	0x141358107	0x14006f4f0
classic	PE:6a70b91c:0270a000	status-update	0x14134f750	0x141358114	0x140067dc0
classic	PE:6a70b91c:0270a000	status-update	0x14134f750	0x14135814c	0x14006f4f0
classic	PE:6a70b91c:0270a000	status-update	0x14134f750	0x141358158	0x14007db70
classic	PE:6a70b91c:0270a000	status-update	0x14134f750	0x1413581c0	0x1400e3bb0
classic	PE:6a70b91c:0270a000	status-update	0x14134f750	0x1413581cd	0x140067dc0
classic	PE:6a70b91c:0270a000	status-update	0x14134f750	0x1413581e0	0x1408ef350
classic	PE:6a70b91c:0270a000	status-update	0x14134f750	0x141358251	0x1400727e0
classic	PE:6a70b91c:0270a000	status-update	0x14134f750	0x141358284	0x1400731c0
classic	PE:6a70b91c:0270a000	status-update	0x14134f750	0x1413582a4	0x1400724a0
classic	PE:6a70b91c:0270a000	status-update	0x14134f750	0x1413582c8	0x1413eaef0
classic	PE:6a70b91c:0270a000	status-update	0x14134f750	0x1413582df	0x140073b00
classic	PE:6a70b91c:0270a000	status-update	0x14134f750	0x1413582f3	0x1400724a0
classic	PE:6a70b91c:0270a000	status-update	0x14134f750	0x141358312	0x1413eaef0
classic	PE:6a70b91c:0270a000	status-update	0x14134f750	0x14135831c	0x1413e5b80
classic	PE:6a70b91c:0270a000	status-update	0x14134f750	0x141358336	0x14006f6d0
classic	PE:6a70b91c:0270a000	status-update	0x14134f750	0x141358350	0x14006f6d0
classic	PE:6a70b91c:0270a000	status-update	0x14134f750	0x1413583fd	0x140224360
classic	PE:6a70b91c:0270a000	status-update	0x14134f750	0x14135842f	0x141389c90
classic	PE:6a70b91c:0270a000	status-update	0x14134f750	0x141358444	0x1400731c0
classic	PE:6a70b91c:0270a000	status-update	0x14134f750	0x14135845f	0x14006f1d0
classic	PE:6a70b91c:0270a000	status-update	0x14134f750	0x141358472	0x14006f1c0
classic	PE:6a70b91c:0270a000	status-update	0x14134f750	0x141358486	0x14006edb0
classic	PE:6a70b91c:0270a000	status-update	0x14134f750	0x141358490	0x140065740
classic	PE:6a70b91c:0270a000	status-update	0x14134f750	0x1413584a4	0x14006eda0
classic	PE:6a70b91c:0270a000	status-update	0x14134f750	0x1413584b9	0x14006eda0
classic	PE:6a70b91c:0270a000	status-update	0x14134f750	0x1413584d1	0x14006eda0
classic	PE:6a70b91c:0270a000	status-update	0x14134f750	0x1413584d9	0x141389c90
classic	PE:6a70b91c:0270a000	status-update	0x14134f750	0x1413584e6	0x14006eda0
classic	PE:6a70b91c:0270a000	status-update	0x14134f750	0x1413584f3	0x1400731c0
classic	PE:6a70b91c:0270a000	status-update	0x14134f750	0x141358502	0x14006ed90
classic	PE:6a70b91c:0270a000	status-update	0x14134f750	0x141358516	0x14006edb0
classic	PE:6a70b91c:0270a000	status-update	0x14134f750	0x141358520	0x140065740
classic	PE:6a70b91c:0270a000	status-update	0x14134f750	0x14135854b	0x14006f1d0
classic	PE:6a70b91c:0270a000	status-update	0x14134f750	0x141358565	0x14006f1c0
classic	PE:6a70b91c:0270a000	status-update	0x14134f750	0x14135857c	0x14006edb0
classic	PE:6a70b91c:0270a000	status-update	0x14134f750	0x141358586	0x140065740
classic	PE:6a70b91c:0270a000	status-update	0x14134f750	0x141358599	0x14006eda0
classic	PE:6a70b91c:0270a000	status-update	0x14134f750	0x1413585a3	0x140dd90a0
classic	PE:6a70b91c:0270a000	status-update	0x14134f750	0x1413585b6	0x14006ed90
classic	PE:6a70b91c:0270a000	status-update	0x14134f750	0x1413585cd	0x14006edb0
classic	PE:6a70b91c:0270a000	status-update	0x14134f750	0x1413585d7	0x140065740
classic	PE:6a70b91c:0270a000	status-update	0x14134f750	0x14135860a	0x141391b20
classic	PE:6a70b91c:0270a000	status-update	0x14134f750	0x141358655	0x141442170
classic	PE:6a70b91c:0270a000	status-update	0x14134f750	0x14135866f	0x140065a90
classic	PE:6a70b91c:0270a000	status-update	0x14134f750	0x141358699	0x14131a6a0
classic	PE:6a70b91c:0270a000	status-update	0x14134f750	0x1413586c1	0x1413748d0
classic	PE:6a70b91c:0270a000	status-update	0x14134f750	0x14135872b	0x14137d5a0
classic	PE:6a70b91c:0270a000	status-update	0x14134f750	0x141358751	0x1400727e0
classic	PE:6a70b91c:0270a000	status-update	0x14134f750	0x141358798	0x1400727e0
classic	PE:6a70b91c:0270a000	status-update	0x14134f750	0x1413587bc	0x14137d410
classic	PE:6a70b91c:0270a000	status-update	0x14134f750	0x1413587cf	0x1400bb9f0
classic	PE:6a70b91c:0270a000	status-update	0x14134f750	0x141358820	0x140704780
classic	PE:6a70b91c:0270a000	status-update	0x14134f750	0x14135882a	0x141376f90
classic	PE:6a70b91c:0270a000	status-update	0x14134f750	0x1413588b1	0x140073770
classic	PE:6a70b91c:0270a000	status-update	0x14134f750	0x14135893b	0x141361cb0
classic	PE:6a70b91c:0270a000	status-update	0x14134f750	0x14135897c	0x1414377a0
classic	PE:6a70b91c:0270a000	status-update	0x14134f750	0x1413589ac	0x1413737d0
classic	PE:6a70b91c:0270a000	status-update	0x14134f750	0x141358a18	0x1406da380
classic	PE:6a70b91c:0270a000	status-update	0x14134f750	0x141358a27	0x141324ce0
classic	PE:6a70b91c:0270a000	status-update	0x14134f750	0x141358a39	0x141330660
classic	PE:6a70b91c:0270a000	status-update	0x14134f750	0x141358a43	0x14132f860
classic	PE:6a70b91c:0270a000	status-update	0x14134f750	0x141358a51	0x14132f790
classic	PE:6a70b91c:0270a000	status-update	0x14134f750	0x141358a6c	0x141385030
classic	PE:6a70b91c:0270a000	status-update	0x14134f750	0x141358a76	0x141389c90
classic	PE:6a70b91c:0270a000	status-update	0x14134f750	0x141358a8d	0x1400731c0
classic	PE:6a70b91c:0270a000	status-update	0x14134f750	0x141358aa7	0x14007da80
classic	PE:6a70b91c:0270a000	status-update	0x14134f750	0x141358abc	0x14007da80
classic	PE:6a70b91c:0270a000	status-update	0x14134f750	0x141358ae0	r10
classic	PE:6a70b91c:0270a000	status-update	0x14134f750	0x141358afd	0x14138a1c0
classic	PE:6a70b91c:0270a000	status-update	0x14134f750	0x141358b0f	0x140067d50
classic	PE:6a70b91c:0270a000	status-update	0x14134f750	0x141358b27	0x14006ede0
classic	PE:6a70b91c:0270a000	status-update	0x14134f750	0x141358b56	0x14006f1b0
classic	PE:6a70b91c:0270a000	status-update	0x14134f750	0x141358b61	QWORD PTR [rax]
classic	PE:6a70b91c:0270a000	status-update	0x14134f750	0x141358b6f	0x14006f1b0
classic	PE:6a70b91c:0270a000	status-update	0x14134f750	0x141358b87	0x1408ef350
classic	PE:6a70b91c:0270a000	status-update	0x14134f750	0x141358bac	0x14006f1b0
classic	PE:6a70b91c:0270a000	status-update	0x14134f750	0x141358bc9	0x14138c8e0
classic	PE:6a70b91c:0270a000	status-update	0x14134f750	0x141358bd7	0x14006ede0
classic	PE:6a70b91c:0270a000	status-update	0x14134f750	0x141358c22	0x14138a1c0
classic	PE:6a70b91c:0270a000	status-update	0x14134f750	0x141358c4d	r10
classic	PE:6a70b91c:0270a000	status-update	0x14134f750	0x141358c66	0x1400736a0
classic	PE:6a70b91c:0270a000	status-update	0x14134f750	0x141358c83	0x141387090
classic	PE:6a70b91c:0270a000	status-update	0x14134f750	0x141358cae	0x14138c8e0
classic	PE:6a70b91c:0270a000	status-update	0x14134f750	0x141358ccf	0x14138c8e0
classic	PE:6a70b91c:0270a000	status-update	0x14134f750	0x141358cf3	0x14138c8e0
classic	PE:6a70b91c:0270a000	status-update	0x14134f750	0x141358d05	0x140067d50
classic	PE:6a70b91c:0270a000	status-update	0x14134f750	0x141358d31	0x140b95ba0
classic	PE:6a70b91c:0270a000	status-update	0x14134f750	0x141358d4f	0x1413ac000
classic	PE:6a70b91c:0270a000	status-update	0x14134f750	0x141358d62	QWORD PTR [rdx+0xd0]
classic	PE:6a70b91c:0270a000	status-update	0x14134f750	0x141358d80	0x14006f3a0
classic	PE:6a70b91c:0270a000	status-update	0x14134f750	0x141358d93	0x14030ad50
classic	PE:6a70b91c:0270a000	status-update	0x14134f750	0x141358d9d	0x1413ae000
classic	PE:6a70b91c:0270a000	status-update	0x14134f750	0x141358da8	0x1413ae000
classic	PE:6a70b91c:0270a000	status-update	0x14134f750	0x141358dcf	0x1400b9910
classic	PE:6a70b91c:0270a000	status-update	0x14134f750	0x141358df4	0x14006ede0
classic	PE:6a70b91c:0270a000	status-update	0x14134f750	0x141358e06	0x1413e5b80
classic	PE:6a70b91c:0270a000	status-update	0x14134f750	0x141358e19	0x14006f1b0
classic	PE:6a70b91c:0270a000	status-update	0x14134f750	0x141358e30	0x14006ede0
classic	PE:6a70b91c:0270a000	status-update	0x14134f750	0x141358e4b	0x1400724a0
classic	PE:6a70b91c:0270a000	status-update	0x14134f750	0x141358e6b	0x14006ede0
classic	PE:6a70b91c:0270a000	status-update	0x14134f750	0x141358e8d	0x1413eaef0
classic	PE:6a70b91c:0270a000	status-update	0x14134f750	0x141358e9f	0x140073b00
classic	PE:6a70b91c:0270a000	status-update	0x14134f750	0x141358eb3	0x1400724a0
classic	PE:6a70b91c:0270a000	status-update	0x14134f750	0x141358ed3	0x14006ede0
classic	PE:6a70b91c:0270a000	status-update	0x14134f750	0x141358eef	0x1413eaef0
classic	PE:6a70b91c:0270a000	status-update	0x14134f750	0x141358f2a	0x14006f1b0
classic	PE:6a70b91c:0270a000	status-update	0x14134f750	0x141358f4a	0x14006f1b0
classic	PE:6a70b91c:0270a000	status-update	0x14134f750	0x141358f6e	0x14006f1b0
classic	PE:6a70b91c:0270a000	status-update	0x14134f750	0x141358f8e	0x14006f1b0
classic	PE:6a70b91c:0270a000	status-update	0x14134f750	0x141358fb0	0x1400724a0
classic	PE:6a70b91c:0270a000	status-update	0x14134f750	0x141358fd0	0x14006ede0
classic	PE:6a70b91c:0270a000	status-update	0x14134f750	0x141358fec	0x14006f1b0
classic	PE:6a70b91c:0270a000	status-update	0x14134f750	0x141358ffb	0x1413eaef0
classic	PE:6a70b91c:0270a000	status-update	0x14134f750	0x141359027	0x14006f620
classic	PE:6a70b91c:0270a000	status-update	0x14134f750	0x141359034	0x14006f620
classic	PE:6a70b91c:0270a000	status-update	0x14134f750	0x141359047	0x14132bba0
classic	PE:6a70b91c:0270a000	status-update	0x14134f750	0x14135905a	0x14006f4f0
classic	PE:6a70b91c:0270a000	status-update	0x14134f750	0x141359077	0x1400727e0
classic	PE:6a70b91c:0270a000	status-update	0x14134f750	0x141359086	0x14006ede0
classic	PE:6a70b91c:0270a000	status-update	0x14134f750	0x1413590ae	0x1406db280
classic	PE:6a70b91c:0270a000	status-update	0x14134f750	0x1413590c1	0x1400b9ca0
classic	PE:6a70b91c:0270a000	status-update	0x14134f750	0x1413590dc	0x14006f9a0
classic	PE:6a70b91c:0270a000	status-update	0x14134f750	0x1413590e8	0x14007db70
classic	PE:6a70b91c:0270a000	status-update	0x14134f750	0x14135913a	0x141389c90
classic	PE:6a70b91c:0270a000	status-update	0x14134f750	0x14135914b	0x1400731c0
classic	PE:6a70b91c:0270a000	status-update	0x14134f750	0x141359198	0x1400e3bb0
classic	PE:6a70b91c:0270a000	status-update	0x14134f750	0x1413591ab	0x140b5a240
classic	PE:6a70b91c:0270a000	status-update	0x14134f750	0x1413591f7	0x1413eaef0
classic	PE:6a70b91c:0270a000	status-update	0x14134f750	0x14135920e	0x1413c7440
classic	PE:6a70b91c:0270a000	status-update	0x14134f750	0x141359222	0x1400724a0
classic	PE:6a70b91c:0270a000	status-update	0x14134f750	0x14135923e	0x1413eaef0
classic	PE:6a70b91c:0270a000	status-update	0x14134f750	0x14135924b	0x140067dc0
classic	PE:6a70b91c:0270a000	status-update	0x14134f750	0x141359258	0x140067dc0
classic	PE:6a70b91c:0270a000	status-update	0x14134f750	0x141359265	0x140066b00
classic	PE:6a70b91c:0270a000	status-update	0x14134f750	0x141359299	0x1400727e0
classic	PE:6a70b91c:0270a000	status-update	0x14134f750	0x1413592ad	0x14006f300
classic	PE:6a70b91c:0270a000	status-update	0x14134f750	0x1413592ba	0x1413d6450
classic	PE:6a70b91c:0270a000	status-update	0x14134f750	0x1413592d5	0x1400bba20
classic	PE:6a70b91c:0270a000	status-update	0x14134f750	0x1413592ed	0x14006f300
classic	PE:6a70b91c:0270a000	status-update	0x14134f750	0x141359303	0x1408ef350
classic	PE:6a70b91c:0270a000	status-update	0x14134f750	0x141359312	0x14006f2f0
classic	PE:6a70b91c:0270a000	status-update	0x14134f750	0x141359324	0x14006f2f0
classic	PE:6a70b91c:0270a000	status-update	0x14134f750	0x141359338	0x14006f1b0
classic	PE:6a70b91c:0270a000	status-update	0x14134f750	0x141359362	0x1413d5f70
classic	PE:6a70b91c:0270a000	status-update	0x14134f750	0x141359373	0x1408ef350
classic	PE:6a70b91c:0270a000	status-update	0x14134f750	0x14135938e	0x14006f2f0
classic	PE:6a70b91c:0270a000	status-update	0x14134f750	0x1413593a1	0x1415345d0
classic	PE:6a70b91c:0270a000	actor-format	0x14132bba0	0x14132bc05	0x140b500f0
classic	PE:6a70b91c:0270a000	actor-format	0x14132bba0	0x14132bc45	0x140072500
classic	PE:6a70b91c:0270a000	actor-format	0x14132bba0	0x14132bc55	0x140c37530
classic	PE:6a70b91c:0270a000	actor-format	0x14132bba0	0x14132bce3	0x140b500f0
classic	PE:6a70b91c:0270a000	actor-format	0x14132bba0	0x14132bd15	0x1400b9d50
classic	PE:6a70b91c:0270a000	actor-format	0x14132bba0	0x14132bd39	0x1400bab70
classic	PE:6a70b91c:0270a000	actor-format	0x14132bba0	0x14132bd94	0x1400bab70
classic	PE:6a70b91c:0270a000	actor-format	0x14132bba0	0x14132bdc2	0x140a910b0
classic	PE:6a70b91c:0270a000	actor-format	0x14132bba0	0x14132bdd7	0x14006f9a0
classic	PE:6a70b91c:0270a000	actor-format	0x14132bba0	0x14132be03	0x14132a8f0
classic	PE:6a70b91c:0270a000	actor-format	0x14132bba0	0x14132be1d	0x14006f9a0
classic	PE:6a70b91c:0270a000	actor-format	0x14132bba0	0x14132beb1	0x1400b9d50
classic	PE:6a70b91c:0270a000	actor-format	0x14132bba0	0x14132bed2	0x14006f9a0
classic	PE:6a70b91c:0270a000	actor-format	0x14132bba0	0x14132bef6	0x140a910b0
classic	PE:6a70b91c:0270a000	actor-format	0x14132bba0	0x14132bf10	0x14006f9a0
classic	PE:6a70b91c:0270a000	actor-format	0x14132bba0	0x14132bf27	0x14006f9a0
classic	PE:6a70b91c:0270a000	actor-format	0x14132bba0	0x14132bf3c	0x14006f9a0
classic	PE:6a70b91c:0270a000	actor-format	0x14132bba0	0x14132bf46	0x14006f7e0
classic	PE:6a70b91c:0270a000	actor-format	0x14132bba0	0x14132bf66	0x141380a80
classic	PE:6a70b91c:0270a000	actor-format	0x14132bba0	0x14132bf7b	0x14006f9a0
classic	PE:6a70b91c:0270a000	actor-format	0x14132bba0	0x14132bf91	0x1400b9b10
classic	PE:6a70b91c:0270a000	actor-format	0x14132bba0	0x14132bf9b	0x1400b9b10
classic	PE:6a70b91c:0270a000	actor-format	0x14132bba0	0x14132bfb1	0x1400b9b10
classic	PE:6a70b91c:0270a000	actor-format	0x14132bba0	0x14132bfc2	0x141380a80
classic	PE:6a70b91c:0270a000	actor-format	0x14132bba0	0x14132bfd7	0x14006f9a0
classic	PE:6a70b91c:0270a000	actor-format	0x14132bba0	0x14132bfed	0x1400b9b10
classic	PE:6a70b91c:0270a000	actor-format	0x14132bba0	0x14132bff7	0x1400b9b10
classic	PE:6a70b91c:0270a000	actor-format	0x14132bba0	0x14132c00d	0x1400b9b10
classic	PE:6a70b91c:0270a000	actor-format	0x14132bba0	0x14132c032	0x14006f9a0
classic	PE:6a70b91c:0270a000	actor-format	0x14132bba0	0x14132c0b1	0x14006f9a0
classic	PE:6a70b91c:0270a000	actor-format	0x14132bba0	0x14132c0c6	0x14006f9a0
classic	PE:6a70b91c:0270a000	actor-format	0x14132bba0	0x14132c101	0x14006f9a0
classic	PE:6a70b91c:0270a000	actor-format	0x14132bba0	0x14132c116	0x14006f9a0
classic	PE:6a70b91c:0270a000	actor-format	0x14132bba0	0x14132c151	0x14006f9a0
classic	PE:6a70b91c:0270a000	actor-format	0x14132bba0	0x14132c163	0x14006f9a0
classic	PE:6a70b91c:0270a000	actor-format	0x14132bba0	0x14132c19b	QWORD PTR [rip+0x2b48ff]        # 0x1415e0aa0
classic	PE:6a70b91c:0270a000	actor-format	0x14132bba0	0x14132c1a2	0x1415345f0
classic	PE:6a70b91c:0270a000	actor-format	0x14132bba0	0x14132c1dc	0x14006f860
classic	PE:6a70b91c:0270a000	actor-format	0x14132bba0	0x14132c1e8	0x1415345d0
classic	PE:6a70b91c:0270a000	actor-article-format	0x1413293a0	0x14132943c	0x14006f860
classic	PE:6a70b91c:0270a000	actor-article-format	0x1413293a0	0x1413294bb	0x140b500f0
classic	PE:6a70b91c:0270a000	actor-article-format	0x1413293a0	0x1413294fc	0x140072500
classic	PE:6a70b91c:0270a000	actor-article-format	0x1413293a0	0x141329510	0x140c37530
classic	PE:6a70b91c:0270a000	actor-article-format	0x1413293a0	0x14132955e	0x140b500f0
classic	PE:6a70b91c:0270a000	actor-article-format	0x1413293a0	0x141329592	0x1400b9d50
classic	PE:6a70b91c:0270a000	actor-article-format	0x1413293a0	0x1413295b7	0x1400bab70
classic	PE:6a70b91c:0270a000	actor-article-format	0x1413293a0	0x14132960c	0x1400bab70
classic	PE:6a70b91c:0270a000	actor-article-format	0x1413293a0	0x1413296bf	0x1413c7440
classic	PE:6a70b91c:0270a000	actor-article-format	0x1413293a0	0x141329764	0x141329030
classic	PE:6a70b91c:0270a000	actor-article-format	0x1413293a0	0x141329795	0x140b500f0
classic	PE:6a70b91c:0270a000	actor-article-format	0x1413293a0	0x1413297bb	0x140be8660
classic	PE:6a70b91c:0270a000	actor-article-format	0x1413293a0	0x14132988f	0x14006f860
classic	PE:6a70b91c:0270a000	actor-article-format	0x1413293a0	0x1413298ab	0x1409bb7e0
classic	PE:6a70b91c:0270a000	actor-article-format	0x1413293a0	0x1413298c5	0x140b500f0
classic	PE:6a70b91c:0270a000	actor-article-format	0x1413293a0	0x1413298e3	0x140b94400
classic	PE:6a70b91c:0270a000	actor-article-format	0x1413293a0	0x14132991b	0x14006f9a0
classic	PE:6a70b91c:0270a000	actor-article-format	0x1413293a0	0x141329954	0x141535d8a
classic	PE:6a70b91c:0270a000	actor-article-format	0x1413293a0	0x141329991	0x140070760
classic	PE:6a70b91c:0270a000	actor-article-format	0x1413293a0	0x1413299ee	0x1415345f0
classic	PE:6a70b91c:0270a000	actor-article-format	0x1413293a0	0x141329a11	0x140b500f0
classic	PE:6a70b91c:0270a000	actor-article-format	0x1413293a0	0x141329a26	0x140b94400
classic	PE:6a70b91c:0270a000	actor-article-format	0x1413293a0	0x141329a45	0x140b500f0
classic	PE:6a70b91c:0270a000	actor-article-format	0x1413293a0	0x141329a5e	0x140b95dd0
classic	PE:6a70b91c:0270a000	actor-article-format	0x1413293a0	0x141329a96	0x14006f9a0
classic	PE:6a70b91c:0270a000	actor-article-format	0x1413293a0	0x141329b09	0x140070760
classic	PE:6a70b91c:0270a000	actor-article-format	0x1413293a0	0x141329b62	0x1415345f0
classic	PE:6a70b91c:0270a000	actor-article-format	0x1413293a0	0x141329b9d	0x14006f860
classic	PE:6a70b91c:0270a000	actor-article-format	0x1413293a0	0x141329bc6	0x140a910b0
classic	PE:6a70b91c:0270a000	actor-article-format	0x1413293a0	0x141329c18	0x1415345f0
classic	PE:6a70b91c:0270a000	actor-article-format	0x1413293a0	0x141329c67	0x1415345f0
classic	PE:6a70b91c:0270a000	actor-article-format	0x1413293a0	0x141329c8e	0x140b500f0
classic	PE:6a70b91c:0270a000	actor-article-format	0x1413293a0	0x141329cd7	0x14006f860
classic	PE:6a70b91c:0270a000	actor-article-format	0x1413293a0	0x141329cdf	0x14052b070
classic	PE:6a70b91c:0270a000	actor-article-format	0x1413293a0	0x141329d06	0x14006f860
classic	PE:6a70b91c:0270a000	actor-article-format	0x1413293a0	0x141329d20	0x14006f9a0
classic	PE:6a70b91c:0270a000	actor-article-format	0x1413293a0	0x141329d3c	0x14006f9a0
classic	PE:6a70b91c:0270a000	actor-article-format	0x1413293a0	0x141329d56	0x14006f9a0
classic	PE:6a70b91c:0270a000	actor-article-format	0x1413293a0	0x141329d8e	QWORD PTR [rip+0x2b6d0c]        # 0x1415e0aa0
classic	PE:6a70b91c:0270a000	actor-article-format	0x1413293a0	0x141329d95	0x1415345f0
classic	PE:6a70b91c:0270a000	actor-article-format	0x1413293a0	0x141329dec	QWORD PTR [rip+0x2b6cae]        # 0x1415e0aa0
classic	PE:6a70b91c:0270a000	actor-article-format	0x1413293a0	0x141329e1a	0x14006f860
classic	PE:6a70b91c:0270a000	actor-article-format	0x1413293a0	0x141329e2a	0x140a910b0
classic	PE:6a70b91c:0270a000	actor-article-format	0x1413293a0	0x141329e54	0x140072500
classic	PE:6a70b91c:0270a000	actor-article-format	0x1413293a0	0x141329f23	0x14006f9a0
classic	PE:6a70b91c:0270a000	actor-article-format	0x1413293a0	0x141329f38	0x14006f9a0
classic	PE:6a70b91c:0270a000	actor-article-format	0x1413293a0	0x141329f71	0x14006f9a0
classic	PE:6a70b91c:0270a000	actor-article-format	0x1413293a0	0x141329f86	0x14006f9a0
classic	PE:6a70b91c:0270a000	actor-article-format	0x1413293a0	0x14132a00d	0x141329030
classic	PE:6a70b91c:0270a000	actor-article-format	0x1413293a0	0x14132a041	0x140b500f0
classic	PE:6a70b91c:0270a000	actor-article-format	0x1413293a0	0x14132a069	0x140be8660
classic	PE:6a70b91c:0270a000	actor-article-format	0x1413293a0	0x14132a13e	0x14006f860
classic	PE:6a70b91c:0270a000	actor-article-format	0x1413293a0	0x14132a159	0x1409bb7e0
classic	PE:6a70b91c:0270a000	actor-article-format	0x1413293a0	0x14132a17f	0x140b500f0
classic	PE:6a70b91c:0270a000	actor-article-format	0x1413293a0	0x14132a19e	0x140b94400
classic	PE:6a70b91c:0270a000	actor-article-format	0x1413293a0	0x14132a1cf	0x14006f9a0
classic	PE:6a70b91c:0270a000	actor-article-format	0x1413293a0	0x14132a208	0x141535d8a
classic	PE:6a70b91c:0270a000	actor-article-format	0x1413293a0	0x14132a24a	0x140070760
classic	PE:6a70b91c:0270a000	actor-article-format	0x1413293a0	0x14132a2a7	0x1415345f0
classic	PE:6a70b91c:0270a000	actor-article-format	0x1413293a0	0x14132a2cb	0x140b500f0
classic	PE:6a70b91c:0270a000	actor-article-format	0x1413293a0	0x14132a2e0	0x140b94400
classic	PE:6a70b91c:0270a000	actor-article-format	0x1413293a0	0x14132a2fb	0x140b500f0
classic	PE:6a70b91c:0270a000	actor-article-format	0x1413293a0	0x14132a314	0x140b95dd0
classic	PE:6a70b91c:0270a000	actor-article-format	0x1413293a0	0x14132a346	0x14006f9a0
classic	PE:6a70b91c:0270a000	actor-article-format	0x1413293a0	0x14132a3b5	0x140070760
classic	PE:6a70b91c:0270a000	actor-article-format	0x1413293a0	0x14132a409	QWORD PTR [rip+0x2b6691]        # 0x1415e0aa0
classic	PE:6a70b91c:0270a000	actor-article-format	0x1413293a0	0x14132a410	0x1415345f0
classic	PE:6a70b91c:0270a000	actor-article-format	0x1413293a0	0x14132a44e	0x14006f860
classic	PE:6a70b91c:0270a000	actor-article-format	0x1413293a0	0x14132a47e	0x141371470
classic	PE:6a70b91c:0270a000	actor-article-format	0x1413293a0	0x14132a4e3	0x14006f9a0
classic	PE:6a70b91c:0270a000	actor-article-format	0x1413293a0	0x14132a511	0x1400ba030
classic	PE:6a70b91c:0270a000	actor-article-format	0x1413293a0	0x14132a598	0x14006f9a0
classic	PE:6a70b91c:0270a000	actor-article-format	0x1413293a0	0x14132a5ad	0x14006f9a0
classic	PE:6a70b91c:0270a000	actor-article-format	0x1413293a0	0x14132a5f5	0x14006f9a0
classic	PE:6a70b91c:0270a000	actor-article-format	0x1413293a0	0x14132a639	0x14006f9a0
classic	PE:6a70b91c:0270a000	actor-article-format	0x1413293a0	0x14132a64e	0x14006f9a0
classic	PE:6a70b91c:0270a000	actor-article-format	0x1413293a0	0x14132a680	0x14006f9a0
classic	PE:6a70b91c:0270a000	actor-article-format	0x1413293a0	0x14132a69b	0x140715750
classic	PE:6a70b91c:0270a000	actor-article-format	0x1413293a0	0x14132a6cb	0x141535d84
classic	PE:6a70b91c:0270a000	actor-article-format	0x1413293a0	0x14132a6e6	0x14006f9a0
classic	PE:6a70b91c:0270a000	actor-article-format	0x1413293a0	0x14132a6fd	0x14006f9a0
classic	PE:6a70b91c:0270a000	actor-article-format	0x1413293a0	0x14132a73f	0x14006f9a0
classic	PE:6a70b91c:0270a000	actor-article-format	0x1413293a0	0x14132a751	0x14006f9a0
classic	PE:6a70b91c:0270a000	actor-article-format	0x1413293a0	0x14132a76b	0x14006f9a0
classic	PE:6a70b91c:0270a000	actor-article-format	0x1413293a0	0x14132a7bd	0x14006f9a0
classic	PE:6a70b91c:0270a000	actor-article-format	0x1413293a0	0x14132a7da	0x14006f9a0
classic	PE:6a70b91c:0270a000	actor-article-format	0x1413293a0	0x14132a816	0x14006f9a0
classic	PE:6a70b91c:0270a000	actor-article-format	0x1413293a0	0x14132a83a	0x14006f9a0
classic	PE:6a70b91c:0270a000	actor-article-format	0x1413293a0	0x14132a849	0x14052b070
classic	PE:6a70b91c:0270a000	actor-article-format	0x1413293a0	0x14132a881	QWORD PTR [rip+0x2b6219]        # 0x1415e0aa0
classic	PE:6a70b91c:0270a000	actor-article-format	0x1413293a0	0x14132a888	0x1415345f0
classic	PE:6a70b91c:0270a000	actor-article-format	0x1413293a0	0x14132a8a9	0x14006f860
classic	PE:6a70b91c:0270a000	actor-article-format	0x1413293a0	0x14132a8b5	0x14052b070
classic	PE:6a70b91c:0270a000	actor-article-format	0x1413293a0	0x14132a8c1	0x1415345d0
classic	PE:6a70b91c:0270a000	actor-creature-role	0x14132a8f0	0x14132a971	0x140b500f0
classic	PE:6a70b91c:0270a000	actor-creature-role	0x14132a8f0	0x14132a9b2	0x140072500
classic	PE:6a70b91c:0270a000	actor-creature-role	0x14132a8f0	0x14132aaf0	0x141329030
classic	PE:6a70b91c:0270a000	actor-creature-role	0x14132a8f0	0x14132ab2a	0x140b500f0
classic	PE:6a70b91c:0270a000	actor-creature-role	0x14132a8f0	0x14132ab4f	0x140be8660
classic	PE:6a70b91c:0270a000	actor-creature-role	0x14132a8f0	0x14132ac23	0x14006f860
classic	PE:6a70b91c:0270a000	actor-creature-role	0x14132a8f0	0x14132ac3e	0x1409bb7e0
classic	PE:6a70b91c:0270a000	actor-creature-role	0x14132a8f0	0x14132ac60	0x140b500f0
classic	PE:6a70b91c:0270a000	actor-creature-role	0x14132a8f0	0x14132ac86	0x140b94400
classic	PE:6a70b91c:0270a000	actor-creature-role	0x14132a8f0	0x14132acb7	0x14006f9a0
classic	PE:6a70b91c:0270a000	actor-creature-role	0x14132a8f0	0x14132acf0	0x141535d8a
classic	PE:6a70b91c:0270a000	actor-creature-role	0x14132a8f0	0x14132ad28	0x140070760
classic	PE:6a70b91c:0270a000	actor-creature-role	0x14132a8f0	0x14132ad85	0x1415345f0
classic	PE:6a70b91c:0270a000	actor-creature-role	0x14132a8f0	0x14132adaa	0x140b500f0
classic	PE:6a70b91c:0270a000	actor-creature-role	0x14132a8f0	0x14132adc2	0x140b94400
classic	PE:6a70b91c:0270a000	actor-creature-role	0x14132a8f0	0x14132ade0	0x140b500f0
classic	PE:6a70b91c:0270a000	actor-creature-role	0x14132a8f0	0x14132adfc	0x140b95dd0
classic	PE:6a70b91c:0270a000	actor-creature-role	0x14132a8f0	0x14132ae2e	0x14006f9a0
classic	PE:6a70b91c:0270a000	actor-creature-role	0x14132a8f0	0x14132ae93	0x140070760
classic	PE:6a70b91c:0270a000	actor-creature-role	0x14132a8f0	0x14132aee7	QWORD PTR [rip+0x2b5bb3]        # 0x1415e0aa0
classic	PE:6a70b91c:0270a000	actor-creature-role	0x14132a8f0	0x14132aeee	0x1415345f0
classic	PE:6a70b91c:0270a000	actor-creature-role	0x14132a8f0	0x14132af2c	0x14006f860
classic	PE:6a70b91c:0270a000	actor-creature-role	0x14132a8f0	0x14132af5a	0x141371470
classic	PE:6a70b91c:0270a000	actor-creature-role	0x14132a8f0	0x14132afa4	0x1400ba030
classic	PE:6a70b91c:0270a000	actor-creature-role	0x14132a8f0	0x14132b008	0x14006f9a0
classic	PE:6a70b91c:0270a000	actor-creature-role	0x14132a8f0	0x14132b03e	0x14006f860
classic	PE:6a70b91c:0270a000	actor-creature-role	0x14132a8f0	0x14132b058	0x14006f9a0
classic	PE:6a70b91c:0270a000	actor-creature-role	0x14132a8f0	0x14132b092	0x14006f9a0
classic	PE:6a70b91c:0270a000	actor-creature-role	0x14132a8f0	0x14132b0a7	0x14006f9a0
classic	PE:6a70b91c:0270a000	actor-creature-role	0x14132a8f0	0x14132b0c1	0x14006f9a0
classic	PE:6a70b91c:0270a000	actor-creature-role	0x14132a8f0	0x14132b0f0	0x14006f9a0
classic	PE:6a70b91c:0270a000	actor-creature-role	0x14132a8f0	0x14132b10d	0x14006f9a0
classic	PE:6a70b91c:0270a000	actor-creature-role	0x14132a8f0	0x14132b142	0x14006f9a0
classic	PE:6a70b91c:0270a000	actor-creature-role	0x14132a8f0	0x14132b17a	QWORD PTR [rip+0x2b5920]        # 0x1415e0aa0
classic	PE:6a70b91c:0270a000	actor-creature-role	0x14132a8f0	0x14132b181	0x1415345f0
classic	PE:6a70b91c:0270a000	actor-creature-role	0x14132a8f0	0x14132b1a2	0x14006f860
classic	PE:6a70b91c:0270a000	actor-creature-role	0x14132a8f0	0x14132b1ae	0x1415345d0
classic	PE:6a70b91c:0270a000	actor-profession	0x14132c470	0x14132c4db	0x140b500f0
classic	PE:6a70b91c:0270a000	actor-profession	0x14132c470	0x14132c51f	0x140072500
classic	PE:6a70b91c:0270a000	actor-profession	0x14132c470	0x14132c538	0x140c37530
classic	PE:6a70b91c:0270a000	actor-profession	0x14132c470	0x14132c5ee	0x14006f860
classic	PE:6a70b91c:0270a000	actor-profession	0x14132c470	0x14132c641	0x140b500f0
classic	PE:6a70b91c:0270a000	actor-profession	0x14132c470	0x14132c674	0x1400b9d50
classic	PE:6a70b91c:0270a000	actor-profession	0x14132c470	0x14132c68b	0x1400b9f00
classic	PE:6a70b91c:0270a000	actor-profession	0x14132c470	0x14132c6c8	0x1400bab70
classic	PE:6a70b91c:0270a000	actor-profession	0x14132c470	0x14132c6ff	0x1400b9b10
classic	PE:6a70b91c:0270a000	actor-profession	0x14132c470	0x14132c722	0x140a910b0
classic	PE:6a70b91c:0270a000	actor-profession	0x14132c470	0x14132c73c	0x14006f9a0
classic	PE:6a70b91c:0270a000	actor-profession	0x14132c470	0x14132c780	QWORD PTR [rip+0x2b431a]        # 0x1415e0aa0
classic	PE:6a70b91c:0270a000	actor-profession	0x14132c470	0x14132c78c	0x1400b9b10
classic	PE:6a70b91c:0270a000	actor-profession	0x14132c470	0x14132c7af	0x140a910b0
classic	PE:6a70b91c:0270a000	actor-profession	0x14132c470	0x14132c7c9	0x14006f9a0
classic	PE:6a70b91c:0270a000	actor-profession	0x14132c470	0x14132c7d3	0x14006f7e0
classic	PE:6a70b91c:0270a000	actor-profession	0x14132c470	0x14132c7ed	0x14006f860
classic	PE:6a70b91c:0270a000	actor-profession	0x14132c470	0x14132c84a	0x140b500f0
classic	PE:6a70b91c:0270a000	actor-profession	0x14132c470	0x14132c87d	0x1400b9d50
classic	PE:6a70b91c:0270a000	actor-profession	0x14132c470	0x14132c894	0x1400b9f00
classic	PE:6a70b91c:0270a000	actor-profession	0x14132c470	0x14132c8d1	0x1400bab70
classic	PE:6a70b91c:0270a000	actor-profession	0x14132c470	0x14132c908	0x1400b9b10
classic	PE:6a70b91c:0270a000	actor-profession	0x14132c470	0x14132c92b	0x140a910b0
classic	PE:6a70b91c:0270a000	actor-profession	0x14132c470	0x14132c945	0x14006f9a0
classic	PE:6a70b91c:0270a000	actor-profession	0x14132c470	0x14132c989	QWORD PTR [rip+0x2b4111]        # 0x1415e0aa0
classic	PE:6a70b91c:0270a000	actor-profession	0x14132c470	0x14132c995	0x1400b9b10
classic	PE:6a70b91c:0270a000	actor-profession	0x14132c470	0x14132c9b8	0x140a910b0
classic	PE:6a70b91c:0270a000	actor-profession	0x14132c470	0x14132c9d2	0x14006f9a0
classic	PE:6a70b91c:0270a000	actor-profession	0x14132c470	0x14132ca0e	QWORD PTR [rip+0x2b408c]        # 0x1415e0aa0
classic	PE:6a70b91c:0270a000	actor-profession	0x14132c470	0x14132ca15	0x1415345f0
classic	PE:6a70b91c:0270a000	actor-profession	0x14132c470	0x14132ca82	0x14006f860
classic	PE:6a70b91c:0270a000	actor-profession	0x14132c470	0x14132caa3	0x14006f9a0
classic	PE:6a70b91c:0270a000	actor-profession	0x14132c470	0x14132cb5f	0x14006f860
classic	PE:6a70b91c:0270a000	actor-profession	0x14132c470	0x14132cb87	0x14030aa60
classic	PE:6a70b91c:0270a000	actor-profession	0x14132c470	0x14132cc2e	0x14006f860
classic	PE:6a70b91c:0270a000	actor-profession	0x14132c470	0x14132cc89	0x14006f860
classic	PE:6a70b91c:0270a000	actor-profession	0x14132c470	0x14132cd11	0x14006f860
classic	PE:6a70b91c:0270a000	actor-profession	0x14132c470	0x14132cea2	0x14006f510
classic	PE:6a70b91c:0270a000	actor-profession	0x14132c470	0x14132ceb7	0x14006f510
classic	PE:6a70b91c:0270a000	actor-profession	0x14132c470	0x14132cecc	0x14006f510
classic	PE:6a70b91c:0270a000	actor-profession	0x14132c470	0x14132cee1	0x14006f510
classic	PE:6a70b91c:0270a000	actor-profession	0x14132c470	0x14132cef6	0x14006f510
classic	PE:6a70b91c:0270a000	actor-profession	0x14132c470	0x14132cf0b	0x14006f510
classic	PE:6a70b91c:0270a000	actor-profession	0x14132c470	0x14132cf20	0x14006f510
classic	PE:6a70b91c:0270a000	actor-profession	0x14132c470	0x14132cf35	0x14006f510
classic	PE:6a70b91c:0270a000	actor-profession	0x14132c470	0x14132cf4a	0x14006f510
classic	PE:6a70b91c:0270a000	actor-profession	0x14132c470	0x14132cf5f	0x14006f510
classic	PE:6a70b91c:0270a000	actor-profession	0x14132c470	0x14132cf74	0x14006f510
classic	PE:6a70b91c:0270a000	actor-profession	0x14132c470	0x14132cf89	0x14006f510
classic	PE:6a70b91c:0270a000	actor-profession	0x14132c470	0x14132cf9e	0x14006f510
classic	PE:6a70b91c:0270a000	actor-profession	0x14132c470	0x14132d003	0x14006f510
classic	PE:6a70b91c:0270a000	actor-profession	0x14132c470	0x14132d018	0x14006f510
classic	PE:6a70b91c:0270a000	actor-profession	0x14132c470	0x14132d02d	0x14006f510
classic	PE:6a70b91c:0270a000	actor-profession	0x14132c470	0x14132d042	0x14006f510
classic	PE:6a70b91c:0270a000	actor-profession	0x14132c470	0x14132d057	0x14006f510
classic	PE:6a70b91c:0270a000	actor-profession	0x14132c470	0x14132d06c	0x14006f510
classic	PE:6a70b91c:0270a000	actor-profession	0x14132c470	0x14132d081	0x14006f510
classic	PE:6a70b91c:0270a000	actor-profession	0x14132c470	0x14132d096	0x14006f510
classic	PE:6a70b91c:0270a000	actor-profession	0x14132c470	0x14132d0ab	0x14006f510
classic	PE:6a70b91c:0270a000	actor-profession	0x14132c470	0x14132d0c0	0x14006f510
classic	PE:6a70b91c:0270a000	actor-profession	0x14132c470	0x14132d0d5	0x14006f510
classic	PE:6a70b91c:0270a000	actor-profession	0x14132c470	0x14132d0ea	0x14006f510
classic	PE:6a70b91c:0270a000	actor-profession	0x14132c470	0x14132d0ff	0x14006f510
classic	PE:6a70b91c:0270a000	actor-profession	0x14132c470	0x14132d114	0x14006f510
classic	PE:6a70b91c:0270a000	actor-profession	0x14132c470	0x14132d129	0x14006f510
classic	PE:6a70b91c:0270a000	actor-profession	0x14132c470	0x14132d13e	0x14006f510
classic	PE:6a70b91c:0270a000	actor-profession	0x14132c470	0x14132d153	0x14006f4f0
classic	PE:6a70b91c:0270a000	actor-profession	0x14132c470	0x14132d168	0x14006f510
classic	PE:6a70b91c:0270a000	actor-profession	0x14132c470	0x14132d17d	0x14006f510
classic	PE:6a70b91c:0270a000	actor-profession	0x14132c470	0x14132d192	0x14006f510
classic	PE:6a70b91c:0270a000	actor-profession	0x14132c470	0x14132d1a7	0x14006f510
classic	PE:6a70b91c:0270a000	actor-profession	0x14132c470	0x14132d1bc	0x14006f510
classic	PE:6a70b91c:0270a000	actor-profession	0x14132c470	0x14132d1d1	0x14006f510
classic	PE:6a70b91c:0270a000	actor-profession	0x14132c470	0x14132d1e6	0x14006f510
classic	PE:6a70b91c:0270a000	actor-profession	0x14132c470	0x14132d1fb	0x14006f510
classic	PE:6a70b91c:0270a000	actor-profession	0x14132c470	0x14132d210	0x14006f510
classic	PE:6a70b91c:0270a000	actor-profession	0x14132c470	0x14132d225	0x14006f510
classic	PE:6a70b91c:0270a000	actor-profession	0x14132c470	0x14132d23a	0x14006f510
classic	PE:6a70b91c:0270a000	actor-profession	0x14132c470	0x14132d24f	0x14006f510
classic	PE:6a70b91c:0270a000	actor-profession	0x14132c470	0x14132d264	0x14006f510
classic	PE:6a70b91c:0270a000	actor-profession	0x14132c470	0x14132d279	0x14006f510
classic	PE:6a70b91c:0270a000	actor-profession	0x14132c470	0x14132d28e	0x14006f510
classic	PE:6a70b91c:0270a000	actor-profession	0x14132c470	0x14132d2a3	0x14006f510
classic	PE:6a70b91c:0270a000	actor-profession	0x14132c470	0x14132d2b8	0x14006f510
classic	PE:6a70b91c:0270a000	actor-profession	0x14132c470	0x14132d2cd	0x14006f510
classic	PE:6a70b91c:0270a000	actor-profession	0x14132c470	0x14132d2e2	0x14006f510
classic	PE:6a70b91c:0270a000	actor-profession	0x14132c470	0x14132d2f7	0x14006f510
classic	PE:6a70b91c:0270a000	actor-profession	0x14132c470	0x14132d30c	0x14006f510
classic	PE:6a70b91c:0270a000	actor-profession	0x14132c470	0x14132d321	0x14006f510
classic	PE:6a70b91c:0270a000	actor-profession	0x14132c470	0x14132d336	0x14006f510
classic	PE:6a70b91c:0270a000	actor-profession	0x14132c470	0x14132d34b	0x14006f510
classic	PE:6a70b91c:0270a000	actor-profession	0x14132c470	0x14132d360	0x14006f510
classic	PE:6a70b91c:0270a000	actor-profession	0x14132c470	0x14132d375	0x14006f510
classic	PE:6a70b91c:0270a000	actor-profession	0x14132c470	0x14132d38a	0x14006f510
classic	PE:6a70b91c:0270a000	actor-profession	0x14132c470	0x14132d39f	0x14006f510
classic	PE:6a70b91c:0270a000	actor-profession	0x14132c470	0x14132d3b4	0x14006f510
classic	PE:6a70b91c:0270a000	actor-profession	0x14132c470	0x14132d3c9	0x14006f510
classic	PE:6a70b91c:0270a000	actor-profession	0x14132c470	0x14132d3de	0x14006f510
classic	PE:6a70b91c:0270a000	actor-profession	0x14132c470	0x14132d3f3	0x14006f510
classic	PE:6a70b91c:0270a000	actor-profession	0x14132c470	0x14132d408	0x14006f510
classic	PE:6a70b91c:0270a000	actor-profession	0x14132c470	0x14132d41d	0x14006f510
classic	PE:6a70b91c:0270a000	actor-profession	0x14132c470	0x14132d432	0x14006f510
classic	PE:6a70b91c:0270a000	actor-profession	0x14132c470	0x14132d447	0x14006f510
classic	PE:6a70b91c:0270a000	actor-profession	0x14132c470	0x14132d45c	0x14006f510
classic	PE:6a70b91c:0270a000	actor-profession	0x14132c470	0x14132d471	0x14006f510
classic	PE:6a70b91c:0270a000	actor-profession	0x14132c470	0x14132d486	0x14006f510
classic	PE:6a70b91c:0270a000	actor-profession	0x14132c470	0x14132d49b	0x14006f510
classic	PE:6a70b91c:0270a000	actor-profession	0x14132c470	0x14132d4b0	0x14006f510
classic	PE:6a70b91c:0270a000	actor-profession	0x14132c470	0x14132d4c5	0x14006f510
classic	PE:6a70b91c:0270a000	actor-profession	0x14132c470	0x14132d4da	0x14006f510
classic	PE:6a70b91c:0270a000	actor-profession	0x14132c470	0x14132d4ef	0x14006f510
classic	PE:6a70b91c:0270a000	actor-profession	0x14132c470	0x14132d504	0x14006f510
classic	PE:6a70b91c:0270a000	actor-profession	0x14132c470	0x14132d519	0x14006f510
classic	PE:6a70b91c:0270a000	actor-profession	0x14132c470	0x14132d52e	0x14006f510
classic	PE:6a70b91c:0270a000	actor-profession	0x14132c470	0x14132d543	0x14006f510
classic	PE:6a70b91c:0270a000	actor-profession	0x14132c470	0x14132d558	0x14006f510
classic	PE:6a70b91c:0270a000	actor-profession	0x14132c470	0x14132d56d	0x14006f510
classic	PE:6a70b91c:0270a000	actor-profession	0x14132c470	0x14132d582	0x14006f510
classic	PE:6a70b91c:0270a000	actor-profession	0x14132c470	0x14132d597	0x14006f510
classic	PE:6a70b91c:0270a000	actor-profession	0x14132c470	0x14132d5ac	0x14006f510
classic	PE:6a70b91c:0270a000	actor-profession	0x14132c470	0x14132d5c1	0x14006f510
classic	PE:6a70b91c:0270a000	actor-profession	0x14132c470	0x14132d5d6	0x14006f510
classic	PE:6a70b91c:0270a000	actor-profession	0x14132c470	0x14132d5eb	0x14006f510
classic	PE:6a70b91c:0270a000	actor-profession	0x14132c470	0x14132d600	0x14006f510
classic	PE:6a70b91c:0270a000	actor-profession	0x14132c470	0x14132d615	0x14006f510
classic	PE:6a70b91c:0270a000	actor-profession	0x14132c470	0x14132d62a	0x14006f510
classic	PE:6a70b91c:0270a000	actor-profession	0x14132c470	0x14132d63f	0x14006f510
classic	PE:6a70b91c:0270a000	actor-profession	0x14132c470	0x14132d654	0x14006f510
classic	PE:6a70b91c:0270a000	actor-profession	0x14132c470	0x14132d669	0x14006f510
classic	PE:6a70b91c:0270a000	actor-profession	0x14132c470	0x14132d67e	0x14006f510
classic	PE:6a70b91c:0270a000	actor-profession	0x14132c470	0x14132d693	0x14006f510
classic	PE:6a70b91c:0270a000	actor-profession	0x14132c470	0x14132d6a8	0x14006f510
classic	PE:6a70b91c:0270a000	actor-profession	0x14132c470	0x14132d6bd	0x14006f510
classic	PE:6a70b91c:0270a000	actor-profession	0x14132c470	0x14132d6d2	0x14006f510
classic	PE:6a70b91c:0270a000	actor-profession	0x14132c470	0x14132d6e7	0x14006f510
classic	PE:6a70b91c:0270a000	actor-profession	0x14132c470	0x14132d6fc	0x14006f510
classic	PE:6a70b91c:0270a000	actor-profession	0x14132c470	0x14132d711	0x14006f510
classic	PE:6a70b91c:0270a000	actor-profession	0x14132c470	0x14132d726	0x14006f510
classic	PE:6a70b91c:0270a000	actor-profession	0x14132c470	0x14132d73b	0x14006f510
classic	PE:6a70b91c:0270a000	actor-profession	0x14132c470	0x14132d750	0x14006f510
classic	PE:6a70b91c:0270a000	actor-profession	0x14132c470	0x14132d765	0x14006f510
classic	PE:6a70b91c:0270a000	actor-profession	0x14132c470	0x14132d77a	0x14006f510
classic	PE:6a70b91c:0270a000	actor-profession	0x14132c470	0x14132d78f	0x14006f510
classic	PE:6a70b91c:0270a000	actor-profession	0x14132c470	0x14132d7a4	0x14006f510
classic	PE:6a70b91c:0270a000	actor-profession	0x14132c470	0x14132d7b9	0x14006f510
classic	PE:6a70b91c:0270a000	actor-profession	0x14132c470	0x14132d7ce	0x14006f510
classic	PE:6a70b91c:0270a000	actor-profession	0x14132c470	0x14132d7e3	0x14006f510
classic	PE:6a70b91c:0270a000	actor-profession	0x14132c470	0x14132d7f8	0x14006f510
classic	PE:6a70b91c:0270a000	actor-profession	0x14132c470	0x14132d80d	0x14006f510
classic	PE:6a70b91c:0270a000	actor-profession	0x14132c470	0x14132d822	0x14006f510
classic	PE:6a70b91c:0270a000	actor-profession	0x14132c470	0x14132d837	0x14006f510
classic	PE:6a70b91c:0270a000	actor-profession	0x14132c470	0x14132d84c	0x14006f510
classic	PE:6a70b91c:0270a000	actor-profession	0x14132c470	0x14132d861	0x14006f510
classic	PE:6a70b91c:0270a000	actor-profession	0x14132c470	0x14132d876	0x14006f510
classic	PE:6a70b91c:0270a000	actor-profession	0x14132c470	0x14132d88b	0x14006f510
classic	PE:6a70b91c:0270a000	actor-profession	0x14132c470	0x14132d8a0	0x14006f510
classic	PE:6a70b91c:0270a000	actor-profession	0x14132c470	0x14132d8b5	0x14006f510
classic	PE:6a70b91c:0270a000	actor-profession	0x14132c470	0x14132d8ca	0x14006f510
classic	PE:6a70b91c:0270a000	actor-profession	0x14132c470	0x14132d8df	0x14006f510
classic	PE:6a70b91c:0270a000	actor-profession	0x14132c470	0x14132d8f4	0x14006f510
classic	PE:6a70b91c:0270a000	actor-profession	0x14132c470	0x14132d914	0x1406bb490
classic	PE:6a70b91c:0270a000	actor-profession	0x14132c470	0x14132d934	0x140256720
classic	PE:6a70b91c:0270a000	actor-profession	0x14132c470	0x14132d94d	0x14131a630
classic	PE:6a70b91c:0270a000	actor-profession	0x14132c470	0x14132d973	0x140144e30
classic	PE:6a70b91c:0270a000	actor-profession	0x14132c470	0x14132d992	0x14006f510
classic	PE:6a70b91c:0270a000	actor-profession	0x14132c470	0x14132d9b2	0x1406bb490
classic	PE:6a70b91c:0270a000	actor-profession	0x14132c470	0x14132d9ca	0x14131a630
classic	PE:6a70b91c:0270a000	actor-profession	0x14132c470	0x14132d9e3	0x1406bb490
classic	PE:6a70b91c:0270a000	actor-profession	0x14132c470	0x14132d9fb	0x14006f510
classic	PE:6a70b91c:0270a000	actor-profession	0x14132c470	0x14132da50	0x140b500f0
classic	PE:6a70b91c:0270a000	actor-profession	0x14132c470	0x14132da78	0x140be8660
classic	PE:6a70b91c:0270a000	actor-profession	0x14132c470	0x14132da9e	0x140b500f0
classic	PE:6a70b91c:0270a000	actor-profession	0x14132c470	0x14132db62	0x14006f860
classic	PE:6a70b91c:0270a000	actor-profession	0x14132c470	0x14132db7d	0x1409bb7e0
classic	PE:6a70b91c:0270a000	actor-profession	0x14132c470	0x14132db97	0x140b500f0
classic	PE:6a70b91c:0270a000	actor-profession	0x14132c470	0x14132dbbd	0x140b94400
classic	PE:6a70b91c:0270a000	actor-profession	0x14132c470	0x14132dbf1	0x14006f9a0
classic	PE:6a70b91c:0270a000	actor-profession	0x14132c470	0x14132dc2a	0x141535d8a
classic	PE:6a70b91c:0270a000	actor-profession	0x14132c470	0x14132dc62	0x140070760
classic	PE:6a70b91c:0270a000	actor-profession	0x14132c470	0x14132dcbf	0x1415345f0
classic	PE:6a70b91c:0270a000	actor-profession	0x14132c470	0x14132dce2	0x140b500f0
classic	PE:6a70b91c:0270a000	actor-profession	0x14132c470	0x14132dcfa	0x140b94400
classic	PE:6a70b91c:0270a000	actor-profession	0x14132c470	0x14132dd19	0x140b500f0
classic	PE:6a70b91c:0270a000	actor-profession	0x14132c470	0x14132dd35	0x140b95dd0
classic	PE:6a70b91c:0270a000	actor-profession	0x14132c470	0x14132dd64	0x14006f9a0
classic	PE:6a70b91c:0270a000	actor-profession	0x14132c470	0x14132ddc8	0x140070760
classic	PE:6a70b91c:0270a000	actor-profession	0x14132c470	0x14132de1c	QWORD PTR [rip+0x2b2c7e]        # 0x1415e0aa0
classic	PE:6a70b91c:0270a000	actor-profession	0x14132c470	0x14132de23	0x1415345f0
classic	PE:6a70b91c:0270a000	actor-profession	0x14132c470	0x14132de6e	0x14006f860
classic	PE:6a70b91c:0270a000	actor-profession	0x14132c470	0x14132de8d	0x14006f9a0
classic	PE:6a70b91c:0270a000	actor-profession	0x14132c470	0x14132de9f	0x14006f9a0
classic	PE:6a70b91c:0270a000	actor-profession	0x14132c470	0x14132dedd	0x1400b9b10
classic	PE:6a70b91c:0270a000	actor-profession	0x14132c470	0x14132df16	0x14006f9a0
classic	PE:6a70b91c:0270a000	actor-profession	0x14132c470	0x14132df51	0x14006f9a0
classic	PE:6a70b91c:0270a000	actor-profession	0x14132c470	0x14132df63	0x14006f9a0
classic	PE:6a70b91c:0270a000	actor-profession	0x14132c470	0x14132df86	0x14006f9a0
classic	PE:6a70b91c:0270a000	actor-profession	0x14132c470	0x14132e03d	0x14006f860
classic	PE:6a70b91c:0270a000	actor-profession	0x14132c470	0x14132e091	0x14006f860
classic	PE:6a70b91c:0270a000	actor-profession	0x14132c470	0x14132e09a	0x14052ade0
classic	PE:6a70b91c:0270a000	actor-profession	0x14132c470	0x14132e0b4	0x14006f9a0
classic	PE:6a70b91c:0270a000	actor-profession	0x14132c470	0x14132e0c5	0x1400b9b10
classic	PE:6a70b91c:0270a000	actor-profession	0x14132c470	0x14132e0cf	0x14006f7e0
classic	PE:6a70b91c:0270a000	actor-profession	0x14132c470	0x14132e0f4	0x1400b9b10
classic	PE:6a70b91c:0270a000	actor-profession	0x14132c470	0x14132e111	0x14006f9a0
classic	PE:6a70b91c:0270a000	actor-profession	0x14132c470	0x14132e122	0x1400b9b10
classic	PE:6a70b91c:0270a000	actor-profession	0x14132c470	0x14132e13c	0x14006f9a0
classic	PE:6a70b91c:0270a000	actor-profession	0x14132c470	0x14132e174	QWORD PTR [rip+0x2b2926]        # 0x1415e0aa0
classic	PE:6a70b91c:0270a000	actor-profession	0x14132c470	0x14132e17b	0x1415345f0
classic	PE:6a70b91c:0270a000	actor-profession	0x14132c470	0x14132e1c2	QWORD PTR [rip+0x2b28d8]        # 0x1415e0aa0
classic	PE:6a70b91c:0270a000	actor-profession	0x14132c470	0x14132e1c9	0x1415345f0
classic	PE:6a70b91c:0270a000	actor-profession	0x14132c470	0x14132e22b	0x140b500f0
classic	PE:6a70b91c:0270a000	actor-profession	0x14132c470	0x14132e25f	0x1400b9d50
classic	PE:6a70b91c:0270a000	actor-profession	0x14132c470	0x14132e288	0x1400bab70
classic	PE:6a70b91c:0270a000	actor-profession	0x14132c470	0x14132e2de	0x1400bab70
classic	PE:6a70b91c:0270a000	actor-profession	0x14132c470	0x14132e315	0x1400b9b10
classic	PE:6a70b91c:0270a000	actor-profession	0x14132c470	0x14132e338	0x140a910b0
classic	PE:6a70b91c:0270a000	actor-profession	0x14132c470	0x14132e352	0x14006f9a0
classic	PE:6a70b91c:0270a000	actor-profession	0x14132c470	0x14132e38e	QWORD PTR [rip+0x2b270c]        # 0x1415e0aa0
classic	PE:6a70b91c:0270a000	actor-profession	0x14132c470	0x14132e395	0x1415345f0
classic	PE:6a70b91c:0270a000	actor-profession	0x14132c470	0x14132e3a1	0x1400b9b10
classic	PE:6a70b91c:0270a000	actor-profession	0x14132c470	0x14132e3c4	0x140a910b0
classic	PE:6a70b91c:0270a000	actor-profession	0x14132c470	0x14132e3de	0x14006f9a0
classic	PE:6a70b91c:0270a000	actor-profession	0x14132c470	0x14132e3e8	0x14006f7e0
classic	PE:6a70b91c:0270a000	actor-profession	0x14132c470	0x14132e407	0x14006f9a0
classic	PE:6a70b91c:0270a000	actor-profession	0x14132c470	0x14132e411	0x14006f7e0
classic	PE:6a70b91c:0270a000	actor-profession	0x14132c470	0x14132e44b	0x14006f860
classic	PE:6a70b91c:0270a000	actor-profession	0x14132c470	0x14132e457	0x1415345d0
classic	PE:6a70b91c:0270a000	growth-name-getter	0x1413e0a00	0x1413e0a21	0x140b500f0
classic	PE:6a70b91c:0270a000	growth-name-getter	0x1413e0a00	0x1413e0a52	0x140072500
classic	PE:6a70b91c:0270a000	language-name-format	0x140a910b0	0x140a9112c	0x1400b9b10
classic	PE:6a70b91c:0270a000	language-name-format	0x140a910b0	0x140a91149	0x14006f9a0
classic	PE:6a70b91c:0270a000	language-name-format	0x140a910b0	0x140a91153	0x1400b9b10
classic	PE:6a70b91c:0270a000	language-name-format	0x140a910b0	0x140a91164	0x14006f560
classic	PE:6a70b91c:0270a000	language-name-format	0x140a910b0	0x140a9116e	0x14052ade0
classic	PE:6a70b91c:0270a000	language-name-format	0x140a910b0	0x140a91188	0x14006f9a0
classic	PE:6a70b91c:0270a000	language-name-format	0x140a910b0	0x140a91195	0x14006f7e0
classic	PE:6a70b91c:0270a000	language-name-format	0x140a910b0	0x140a911c7	0x14006f9a0
classic	PE:6a70b91c:0270a000	language-name-format	0x140a910b0	0x140a911d1	0x1400b9b10
classic	PE:6a70b91c:0270a000	language-name-format	0x140a910b0	0x140a911ea	0x14006f9a0
classic	PE:6a70b91c:0270a000	language-name-format	0x140a910b0	0x140a911f4	0x1400b9b10
classic	PE:6a70b91c:0270a000	language-name-format	0x140a910b0	0x140a912a5	0x14006f9a0
classic	PE:6a70b91c:0270a000	language-name-format	0x140a910b0	0x140a9131c	0x14006f9a0
classic	PE:6a70b91c:0270a000	language-name-format	0x140a910b0	0x140a9133d	0x14006f9a0
classic	PE:6a70b91c:0270a000	language-name-format	0x140a910b0	0x140a91346	0x14052ade0
classic	PE:6a70b91c:0270a000	language-name-format	0x140a910b0	0x140a91360	0x14006f9a0
classic	PE:6a70b91c:0270a000	language-name-format	0x140a910b0	0x140a9136c	0x14006f7e0
classic	PE:6a70b91c:0270a000	language-name-format	0x140a910b0	0x140a9140c	0x14006f9a0
classic	PE:6a70b91c:0270a000	language-name-format	0x140a910b0	0x140a91483	0x14006f9a0
classic	PE:6a70b91c:0270a000	language-name-format	0x140a910b0	0x140a914fa	0x14006f9a0
classic	PE:6a70b91c:0270a000	language-name-format	0x140a910b0	0x140a91571	0x14006f9a0
classic	PE:6a70b91c:0270a000	language-name-format	0x140a910b0	0x140a91599	0x14006f9a0
classic	PE:6a70b91c:0270a000	language-name-format	0x140a910b0	0x140a915a2	0x14052ade0
classic	PE:6a70b91c:0270a000	language-name-format	0x140a910b0	0x140a915bc	0x14006f9a0
classic	PE:6a70b91c:0270a000	language-name-format	0x140a910b0	0x140a915fe	QWORD PTR [rip+0xb4f49c]        # 0x1415e0aa0
classic	PE:6a70b91c:0270a000	language-name-format	0x140a910b0	0x140a91605	0x1415345f0
classic	PE:6a70b91c:0270a000	language-name-format	0x140a910b0	0x140a916a4	0x14006f9a0
classic	PE:6a70b91c:0270a000	language-name-format	0x140a910b0	0x140a916c5	0x14006f9a0
classic	PE:6a70b91c:0270a000	language-name-format	0x140a910b0	0x140a916ce	0x14052ade0
classic	PE:6a70b91c:0270a000	language-name-format	0x140a910b0	0x140a916e8	0x14006f9a0
classic	PE:6a70b91c:0270a000	language-name-format	0x140a910b0	0x140a91720	QWORD PTR [rip+0xb4f37a]        # 0x1415e0aa0
classic	PE:6a70b91c:0270a000	language-name-format	0x140a910b0	0x140a91727	0x1415345f0
classic	PE:6a70b91c:0270a000	language-name-format	0x140a910b0	0x140a91733	0x1415345d0
classic	PE:6a70b91c:0270a000	possessive-pronoun	0x140aa18d0	0x140aa190c	0x14006f860
classic	PE:6a70b91c:0270a000	birth-offspring-description	0x1406db280	0x1406db2f6	0x14006f9a0
classic	PE:6a70b91c:0270a000	birth-offspring-description	0x1406db280	0x1406db414	0x14006f860
classic	PE:6a70b91c:0270a000	birth-offspring-description	0x1406db280	0x1406db433	0x14006f9a0
classic	PE:6a70b91c:0270a000	birth-offspring-description	0x1406db280	0x1406db489	QWORD PTR [rip+0xf05611]        # 0x1415e0aa0
classic	PE:6a70b91c:0270a000	birth-offspring-description	0x1406db280	0x1406db490	0x1415345f0
classic	PE:6a70b91c:0270a000	birth-offspring-description	0x1406db280	0x1406db586	0x14006f860
classic	PE:6a70b91c:0270a000	birth-offspring-description	0x1406db280	0x1406db5bf	0x14006f9a0
classic	PE:6a70b91c:0270a000	birth-offspring-description	0x1406db280	0x1406db646	0x14006f860
classic	PE:6a70b91c:0270a000	birth-offspring-description	0x1406db280	0x1406db665	0x14006f9a0
classic	PE:6a70b91c:0270a000	birth-offspring-description	0x1406db280	0x1406db684	0x14006f7e0
classic	PE:6a70b91c:0270a000	birth-offspring-description	0x1406db280	0x1406db700	0x14006f860
classic	PE:6a70b91c:0270a000	birth-offspring-description	0x1406db280	0x1406db8cb	0x14006f9a0
classic	PE:6a70b91c:0270a000	birth-offspring-description	0x1406db280	0x1406db8d7	0x1415345d0
classic	PE:6a70b91c:0270a000	state-helper-a85690	0x140a85690	0x140a8574a	0x141362470
classic	PE:6a70b91c:0270a000	state-helper-a85690	0x140a85690	0x140a85752	0x141361a30
classic	PE:6a70b91c:0270a000	state-helper-a85690	0x140a85690	0x140a8575a	0x14134a170
classic	PE:6a70b91c:0270a000	state-helper-a85690	0x140a85690	0x140a857a4	0x140073b00
classic	PE:6a70b91c:0270a000	state-helper-a85690	0x140a85690	0x140a857ef	0x141384b50
classic	PE:6a70b91c:0270a000	state-helper-a85690	0x140a85690	0x140a85806	0x141384b50
classic	PE:6a70b91c:0270a000	state-helper-a85690	0x140a85690	0x140a858b7	0x1413b3660
classic	PE:6a70b91c:0270a000	state-helper-a85690	0x140a85690	0x140a858be	0x141359ab0
classic	PE:6a70b91c:0270a000	state-helper-a85690	0x140a85690	0x140a858d3	0x14131fff0
classic	PE:6a70b91c:0270a000	state-helper-a85690	0x140a85690	0x140a8590d	0x140579c10
classic	PE:6a70b91c:0270a000	state-helper-a85690	0x140a85690	0x140a85922	0x140aa1170
classic	PE:6a70b91c:0270a000	state-helper-a85690	0x140a85690	0x140a85931	0x140a65440
classic	PE:6a70b91c:0270a000	state-helper-a85690	0x140a85690	0x140a85940	0x140a654b0
classic	PE:6a70b91c:0270a000	state-helper-a85690	0x140a85690	0x140a8596f	0x14057a230
classic	PE:6a70b91c:0270a000	state-helper-a85690	0x140a85690	0x140a85985	QWORD PTR [rax+0x1e8]
classic	PE:6a70b91c:0270a000	state-helper-a85690	0x140a85690	0x140a859f4	0x140d068a0
classic	PE:6a70b91c:0270a000	state-helper-a85690	0x140a85690	0x140a85a62	QWORD PTR [rax+0xf0]
classic	PE:6a70b91c:0270a000	state-helper-a85690	0x140a85690	0x140a85a79	0x140555480
classic	PE:6a70b91c:0270a000	state-helper-a85690	0x140a85690	0x140a85a8c	QWORD PTR [rax+0x1c8]
classic	PE:6a70b91c:0270a000	state-helper-a85690	0x140a85690	0x140a85a9c	0x14134a1c0
classic	PE:6a70b91c:0270a000	state-helper-a85690	0x140a85690	0x140a85abd	0x140555480
classic	PE:6a70b91c:0270a000	state-helper-a85690	0x140a85690	0x140a85b17	QWORD PTR [rax+0xd8]
classic	PE:6a70b91c:0270a000	state-helper-a85690	0x140a85690	0x140a85b5a	0x14134a1c0
classic	PE:6a70b91c:0270a000	state-helper-a85690	0x140a85690	0x140a85b9c	0x140d068a0
classic	PE:6a70b91c:0270a000	state-helper-a85690	0x140a85690	0x140a85bb7	0x140d002e0
classic	PE:6a70b91c:0270a000	state-helper-a85690	0x140a85690	0x140a85bce	0x140d068a0
classic	PE:6a70b91c:0270a000	state-helper-a85690	0x140a85690	0x140a85be9	0x140d002e0
classic	PE:6a70b91c:0270a000	state-helper-a85690	0x140a85690	0x140a85c00	0x140d068a0
classic	PE:6a70b91c:0270a000	state-helper-a85690	0x140a85690	0x140a85c1b	0x140d002e0
classic	PE:6a70b91c:0270a000	state-helper-a85690	0x140a85690	0x140a85c32	0x140d068a0
classic	PE:6a70b91c:0270a000	state-helper-a85690	0x140a85690	0x140a85c4d	0x140d002e0
classic	PE:6a70b91c:0270a000	state-helper-a85690	0x140a85690	0x140a85c64	0x140d068a0
classic	PE:6a70b91c:0270a000	state-helper-a85690	0x140a85690	0x140a85c7f	0x140d002e0
classic	PE:6a70b91c:0270a000	state-helper-a85690	0x140a85690	0x140a85c96	0x140d068a0
classic	PE:6a70b91c:0270a000	state-helper-a85690	0x140a85690	0x140a85cb1	0x140d002e0
classic	PE:6a70b91c:0270a000	state-helper-a85690	0x140a85690	0x140a85cc8	0x140d068a0
classic	PE:6a70b91c:0270a000	state-helper-a85690	0x140a85690	0x140a85ce3	0x140d002e0
classic	PE:6a70b91c:0270a000	state-helper-a85690	0x140a85690	0x140a85cfa	0x140d068a0
classic	PE:6a70b91c:0270a000	state-helper-a85690	0x140a85690	0x140a85d15	0x140d002e0
classic	PE:6a70b91c:0270a000	state-helper-a85690	0x140a85690	0x140a85d2c	0x140d068a0
classic	PE:6a70b91c:0270a000	state-helper-a85690	0x140a85690	0x140a85d47	0x140d002e0
classic	PE:6a70b91c:0270a000	state-helper-a85690	0x140a85690	0x140a85d5e	0x140d068a0
classic	PE:6a70b91c:0270a000	state-helper-a85690	0x140a85690	0x140a85d79	0x140d002e0
classic	PE:6a70b91c:0270a000	state-helper-a85690	0x140a85690	0x140a85d90	0x140d068a0
classic	PE:6a70b91c:0270a000	state-helper-a85690	0x140a85690	0x140a85dab	0x140d002e0
classic	PE:6a70b91c:0270a000	state-helper-a85690	0x140a85690	0x140a85dc2	0x140d068a0
classic	PE:6a70b91c:0270a000	state-helper-a85690	0x140a85690	0x140a85ddd	0x140d002e0
classic	PE:6a70b91c:0270a000	state-helper-a85690	0x140a85690	0x140a85e25	0x140ac7760
classic	PE:6a70b91c:0270a000	state-helper-a85690	0x140a85690	0x140a85efe	0x140072670
classic	PE:6a70b91c:0270a000	state-helper-a85690	0x140a85690	0x140a85f1a	0x140cae460
classic	PE:6a70b91c:0270a000	state-helper-a85690	0x140a85690	0x140a85f2c	0x140c873d0
classic	PE:6a70b91c:0270a000	state-helper-a85690	0x140a85690	0x140a85f37	0x1400b9a20
classic	PE:6a70b91c:0270a000	state-helper-a85690	0x140a85690	0x140a85f6e	0x140072670
classic	PE:6a70b91c:0270a000	state-helper-a85690	0x140a85690	0x140a85f90	0x140cae460
classic	PE:6a70b91c:0270a000	state-helper-a85690	0x140a85690	0x140a85fa2	0x1400b9a20
classic	PE:6a70b91c:0270a000	state-helper-a85690	0x140a85690	0x140a85ff2	0x140072670
classic	PE:6a70b91c:0270a000	state-helper-a85690	0x140a85690	0x140a8600c	0x140cae460
classic	PE:6a70b91c:0270a000	state-helper-a85690	0x140a85690	0x140a8601f	0x14006f220
classic	PE:6a70b91c:0270a000	state-helper-a85690	0x140a85690	0x140a860db	0x1400b9a20
classic	PE:6a70b91c:0270a000	state-helper-a85690	0x140a85690	0x140a8612c	0x140e4e7a0
classic	PE:6a70b91c:0270a000	state-helper-a85690	0x140a85690	0x140a8615f	0x14137b330
classic	PE:6a70b91c:0270a000	state-helper-a85690	0x140a85690	0x140a8619b	0x140e5c1c0
classic	PE:6a70b91c:0270a000	state-helper-a85690	0x140a85690	0x140a861b8	0x140c89a10
classic	PE:6a70b91c:0270a000	state-helper-a85690	0x140a85690	0x140a86206	0x140555480
classic	PE:6a70b91c:0270a000	state-helper-a85690	0x140a85690	0x140a8635f	0x140cae460
classic	PE:6a70b91c:0270a000	state-helper-a85690	0x140a85690	0x140a863d6	QWORD PTR [rax]
classic	PE:6a70b91c:0270a000	state-helper-a85690	0x140a85690	0x140a863ff	QWORD PTR [rax+0x40]
classic	PE:6a70b91c:0270a000	state-helper-a85690	0x140a85690	0x140a86410	0x1413732f0
classic	PE:6a70b91c:0270a000	state-helper-a85690	0x140a85690	0x140a86428	0x141389660
classic	PE:6a70b91c:0270a000	state-helper-a85690	0x140a85690	0x140a86470	0x1400ba030
classic	PE:6a70b91c:0270a000	state-helper-a85690	0x140a85690	0x140a864df	QWORD PTR [rax+0x10]
classic	PE:6a70b91c:0270a000	state-helper-a85690	0x140a85690	0x140a864f3	QWORD PTR [rax+0x48]
classic	PE:6a70b91c:0270a000	state-helper-a85690	0x140a85690	0x140a865d5	0x1413eaef0
classic	PE:6a70b91c:0270a000	state-helper-a85690	0x140a85690	0x140a865df	0x141361a30
classic	PE:6a70b91c:0270a000	state-helper-a85690	0x140a85690	0x140a865eb	0x141344e90
classic	PE:6a70b91c:0270a000	state-helper-a85690	0x140a85690	0x140a866fa	0x1400ba030
classic	PE:6a70b91c:0270a000	state-helper-a85690	0x140a85690	0x140a8671e	0x140a67bb0
classic	PE:6a70b91c:0270a000	state-helper-a85690	0x140a85690	0x140a8675f	QWORD PTR [rax+0x128]
classic	PE:6a70b91c:0270a000	state-helper-a85690	0x140a85690	0x140a86800	0x1413f0160
classic	PE:6a70b91c:0270a000	state-helper-a85690	0x140a85690	0x140a86813	0x14013cbe0
classic	PE:6a70b91c:0270a000	state-helper-a85690	0x140a85690	0x140a86826	QWORD PTR [rdx]
classic	PE:6a70b91c:0270a000	state-helper-a85690	0x140a85690	0x140a8684f	0x140070db0
classic	PE:6a70b91c:0270a000	state-helper-a85690	0x140a85690	0x140a8685b	0x1400b9e00
classic	PE:6a70b91c:0270a000	state-helper-a85690	0x140a85690	0x140a86898	0x140b500f0
classic	PE:6a70b91c:0270a000	state-helper-a85690	0x140a85690	0x140a868bc	0x140b93410
classic	PE:6a70b91c:0270a000	state-helper-a85690	0x140a85690	0x140a868d4	0x140b93410
classic	PE:6a70b91c:0270a000	state-helper-a85690	0x140a85690	0x140a8690f	QWORD PTR [rax]
classic	PE:6a70b91c:0270a000	state-helper-a85690	0x140a85690	0x140a86919	0x140b95680
classic	PE:6a70b91c:0270a000	state-helper-a85690	0x140a85690	0x140a86951	0x140bb8110
classic	PE:6a70b91c:0270a000	state-helper-a85690	0x140a85690	0x140a86995	0x140bb0810
classic	PE:6a70b91c:0270a000	state-helper-a85690	0x140a85690	0x140a86a29	0x14006f860
classic	PE:6a70b91c:0270a000	state-helper-a85690	0x140a85690	0x140a86a3a	0x14132c470
classic	PE:6a70b91c:0270a000	state-helper-a85690	0x140a85690	0x140a86a64	0x14006f9a0
classic	PE:6a70b91c:0270a000	state-helper-a85690	0x140a85690	0x140a86a7d	0x14006f9a0
classic	PE:6a70b91c:0270a000	state-helper-a85690	0x140a85690	0x140a86ae7	0x1400e3bb0
classic	PE:6a70b91c:0270a000	state-helper-a85690	0x140a85690	0x140a86af4	0x14006f7e0
classic	PE:6a70b91c:0270a000	state-helper-a85690	0x140a85690	0x140a86b01	0x14006f7e0
classic	PE:6a70b91c:0270a000	state-helper-a85690	0x140a85690	0x140a86bc4	QWORD PTR [rax]
classic	PE:6a70b91c:0270a000	state-helper-a85690	0x140a85690	0x140a86bf6	QWORD PTR [rax]
classic	PE:6a70b91c:0270a000	state-helper-a85690	0x140a85690	0x140a86c1a	0x140bbd9b0
classic	PE:6a70b91c:0270a000	state-helper-a85690	0x140a85690	0x140a86c53	0x1413eaf90
classic	PE:6a70b91c:0270a000	state-helper-a85690	0x140a85690	0x140a86c5b	0x140bbd9b0
classic	PE:6a70b91c:0270a000	state-helper-a85690	0x140a85690	0x140a86c6e	0x1413c7440
classic	PE:6a70b91c:0270a000	state-helper-a85690	0x140a85690	0x140a86c9f	0x1400724a0
classic	PE:6a70b91c:0270a000	state-helper-a85690	0x140a85690	0x140a86cc4	0x1413eaef0
classic	PE:6a70b91c:0270a000	state-helper-a85690	0x140a85690	0x140a86cd2	0x1400724a0
classic	PE:6a70b91c:0270a000	state-helper-a85690	0x140a85690	0x140a86cf7	0x1413eaf90
classic	PE:6a70b91c:0270a000	state-helper-a85690	0x140a85690	0x140a86d15	0x14006f6e0
classic	PE:6a70b91c:0270a000	state-helper-a85690	0x140a85690	0x140a86d1f	0x14006f740
classic	PE:6a70b91c:0270a000	state-helper-a85690	0x140a85690	0x140a86d29	0x14006f6e0
classic	PE:6a70b91c:0270a000	state-helper-a85690	0x140a85690	0x140a86d8e	QWORD PTR [rax+0x20]
classic	PE:6a70b91c:0270a000	state-helper-a85690	0x140a85690	0x140a86db3	QWORD PTR [rax+0x10]
classic	PE:6a70b91c:0270a000	state-helper-a85690	0x140a85690	0x140a86dc7	QWORD PTR [rax+0x48]
classic	PE:6a70b91c:0270a000	state-helper-a85690	0x140a85690	0x140a86de5	0x141383180
classic	PE:6a70b91c:0270a000	state-helper-a85690	0x140a85690	0x140a86e1c	0x14138a1c0
classic	PE:6a70b91c:0270a000	state-helper-a85690	0x140a85690	0x140a86e40	0x1400bbbf0
classic	PE:6a70b91c:0270a000	state-helper-a85690	0x140a85690	0x140a86e5f	0x140123920
classic	PE:6a70b91c:0270a000	state-helper-a85690	0x140a85690	0x140a86e82	0x1405c1030
classic	PE:6a70b91c:0270a000	state-helper-a85690	0x140a85690	0x140a86e92	0x140ddcc50
classic	PE:6a70b91c:0270a000	state-helper-a85690	0x140a85690	0x140a86ea1	0x1400b9e00
classic	PE:6a70b91c:0270a000	state-helper-a85690	0x140a85690	0x140a86eda	0x140bb5f80
classic	PE:6a70b91c:0270a000	state-helper-a85690	0x140a85690	0x140a86f42	QWORD PTR [rax]
classic	PE:6a70b91c:0270a000	state-helper-a85690	0x140a85690	0x140a86f7a	0x1400ba030
classic	PE:6a70b91c:0270a000	state-helper-a85690	0x140a85690	0x140a86fb3	0x14007dab0
classic	PE:6a70b91c:0270a000	state-helper-a85690	0x140a85690	0x140a86fc3	0x140ddcc50
classic	PE:6a70b91c:0270a000	state-helper-a85690	0x140a85690	0x140a86fd2	0x1400b9e00
classic	PE:6a70b91c:0270a000	state-helper-a85690	0x140a85690	0x140a87008	0x140bb5f80
classic	PE:6a70b91c:0270a000	state-helper-a85690	0x140a85690	0x140a8702f	0x140ddbeb0
classic	PE:6a70b91c:0270a000	state-helper-a85690	0x140a85690	0x140a8707b	QWORD PTR [rax+0x10]
classic	PE:6a70b91c:0270a000	state-helper-a85690	0x140a85690	0x140a8708f	QWORD PTR [rax+0x38]
classic	PE:6a70b91c:0270a000	state-helper-a85690	0x140a85690	0x140a870a6	0x1413a0060
classic	PE:6a70b91c:0270a000	state-helper-a85690	0x140a85690	0x140a870c9	0x1413a0060
classic	PE:6a70b91c:0270a000	state-helper-a85690	0x140a85690	0x140a87130	0x1413a0060
classic	PE:6a70b91c:0270a000	state-helper-a85690	0x140a85690	0x140a87296	0x140103c30
classic	PE:6a70b91c:0270a000	state-helper-a85690	0x140a85690	0x140a872bf	0x14007dab0
classic	PE:6a70b91c:0270a000	state-helper-a85690	0x140a85690	0x140a872e5	QWORD PTR [rax]
classic	PE:6a70b91c:0270a000	state-helper-a85690	0x140a85690	0x140a872f1	QWORD PTR [rax+0x8]
classic	PE:6a70b91c:0270a000	state-helper-a85690	0x140a85690	0x140a872fe	QWORD PTR [rax+0x10]
classic	PE:6a70b91c:0270a000	state-helper-a85690	0x140a85690	0x140a8730b	QWORD PTR [rax+0x18]
classic	PE:6a70b91c:0270a000	state-helper-a85690	0x140a85690	0x140a87343	QWORD PTR [rax+0x128]
classic	PE:6a70b91c:0270a000	state-helper-a85690	0x140a85690	0x140a87358	0x14013cbe0
classic	PE:6a70b91c:0270a000	state-helper-a85690	0x140a85690	0x140a8736f	QWORD PTR [rdx]
classic	PE:6a70b91c:0270a000	state-helper-a85690	0x140a85690	0x140a8739e	0x140070fd0
classic	PE:6a70b91c:0270a000	state-helper-a85690	0x140a85690	0x140a873c6	0x140070fd0
classic	PE:6a70b91c:0270a000	state-helper-a85690	0x140a85690	0x140a873ee	0x140070fd0
classic	PE:6a70b91c:0270a000	state-helper-a85690	0x140a85690	0x140a873fe	0x14006f3a0
classic	PE:6a70b91c:0270a000	state-helper-a85690	0x140a85690	0x140a8740e	0x14006f3a0
classic	PE:6a70b91c:0270a000	state-helper-a85690	0x140a85690	0x140a87428	0x14006f3a0
classic	PE:6a70b91c:0270a000	state-helper-a85690	0x140a85690	0x140a8743d	0x14006f3a0
classic	PE:6a70b91c:0270a000	state-helper-a85690	0x140a85690	0x140a87449	0x1400b9e00
classic	PE:6a70b91c:0270a000	state-helper-a85690	0x140a85690	0x140a87490	0x140c8d870
classic	PE:6a70b91c:0270a000	state-helper-a85690	0x140a85690	0x140a8751c	0x1413293a0
classic	PE:6a70b91c:0270a000	state-helper-a85690	0x140a85690	0x140a87535	0x14006f9a0
classic	PE:6a70b91c:0270a000	state-helper-a85690	0x140a85690	0x140a8754a	0x140c62490
classic	PE:6a70b91c:0270a000	state-helper-a85690	0x140a85690	0x140a87574	0x14006f9a0
classic	PE:6a70b91c:0270a000	state-helper-a85690	0x140a85690	0x140a87582	0x1400b9b10
classic	PE:6a70b91c:0270a000	state-helper-a85690	0x140a85690	0x140a87626	0x1400e3bb0
classic	PE:6a70b91c:0270a000	state-helper-a85690	0x140a85690	0x140a8764c	QWORD PTR [rax+0x10]
classic	PE:6a70b91c:0270a000	state-helper-a85690	0x140a85690	0x140a87660	QWORD PTR [rax+0x40]
classic	PE:6a70b91c:0270a000	state-helper-a85690	0x140a85690	0x140a876b1	0x1413f0160
classic	PE:6a70b91c:0270a000	state-helper-a85690	0x140a85690	0x140a876be	0x14006f7e0
classic	PE:6a70b91c:0270a000	state-helper-a85690	0x140a85690	0x140a876cb	0x14006f7e0
classic	PE:6a70b91c:0270a000	state-helper-a85690	0x140a85690	0x140a87716	QWORD PTR [rax+0x10]
classic	PE:6a70b91c:0270a000	state-helper-a85690	0x140a85690	0x140a8772a	QWORD PTR [rax+0x40]
classic	PE:6a70b91c:0270a000	state-helper-a85690	0x140a85690	0x140a8782b	0x140104820
classic	PE:6a70b91c:0270a000	state-helper-a85690	0x140a85690	0x140a87882	QWORD PTR [rax+0x128]
classic	PE:6a70b91c:0270a000	state-helper-a85690	0x140a85690	0x140a87899	0x1400b9d50
classic	PE:6a70b91c:0270a000	state-helper-a85690	0x140a85690	0x140a878bc	0x1400ba0e0
classic	PE:6a70b91c:0270a000	state-helper-a85690	0x140a85690	0x140a878e0	0x14007da80
classic	PE:6a70b91c:0270a000	state-helper-a85690	0x140a85690	0x140a878f9	0x14007da80
classic	PE:6a70b91c:0270a000	state-helper-a85690	0x140a85690	0x140a87916	0x1400b9d50
classic	PE:6a70b91c:0270a000	state-helper-a85690	0x140a85690	0x140a8792d	0x1400b9d50
classic	PE:6a70b91c:0270a000	state-helper-a85690	0x140a85690	0x140a87968	0x14013cbe0
classic	PE:6a70b91c:0270a000	state-helper-a85690	0x140a85690	0x140a87979	0x1400b9e00
classic	PE:6a70b91c:0270a000	state-helper-a85690	0x140a85690	0x140a87981	0x140f9d310
classic	PE:6a70b91c:0270a000	state-helper-a85690	0x140a85690	0x140a8799d	0x1400724a0
classic	PE:6a70b91c:0270a000	state-helper-a85690	0x140a85690	0x140a879ee	0x1413c7440
classic	PE:6a70b91c:0270a000	state-helper-a85690	0x140a85690	0x140a87a04	0x141389c90
classic	PE:6a70b91c:0270a000	state-helper-a85690	0x140a85690	0x140a87a11	0x1400ba3f0
classic	PE:6a70b91c:0270a000	state-helper-a85690	0x140a85690	0x140a87a65	0x141389c90
classic	PE:6a70b91c:0270a000	state-helper-a85690	0x140a85690	0x140a87a7f	0x140b500f0
classic	PE:6a70b91c:0270a000	state-helper-a85690	0x140a85690	0x140a87a9a	0x1400ba3f0
classic	PE:6a70b91c:0270a000	state-helper-a85690	0x140a85690	0x140a87b62	0x140e14850
classic	PE:6a70b91c:0270a000	state-helper-a85690	0x140a85690	0x140a87b74	0x140066b00
classic	PE:6a70b91c:0270a000	state-helper-a85690	0x140a85690	0x140a87bc1	0x1413f0160
classic	PE:6a70b91c:0270a000	state-helper-a85690	0x140a85690	0x140a87c25	0x140103c30
classic	PE:6a70b91c:0270a000	state-helper-a85690	0x140a85690	0x140a87c4d	0x14007dab0
classic	PE:6a70b91c:0270a000	state-helper-a85690	0x140a85690	0x140a87c73	QWORD PTR [rax]
classic	PE:6a70b91c:0270a000	state-helper-a85690	0x140a85690	0x140a87c7f	QWORD PTR [rax+0x8]
classic	PE:6a70b91c:0270a000	state-helper-a85690	0x140a85690	0x140a87c8c	QWORD PTR [rax+0x10]
classic	PE:6a70b91c:0270a000	state-helper-a85690	0x140a85690	0x140a87c99	QWORD PTR [rax+0x18]
classic	PE:6a70b91c:0270a000	state-helper-a85690	0x140a85690	0x140a87cd1	QWORD PTR [rax+0x128]
classic	PE:6a70b91c:0270a000	state-helper-a85690	0x140a85690	0x140a87ce5	0x14013cbe0
classic	PE:6a70b91c:0270a000	state-helper-a85690	0x140a85690	0x140a87cfc	QWORD PTR [rdx]
classic	PE:6a70b91c:0270a000	state-helper-a85690	0x140a85690	0x140a87d2b	0x140070fd0
classic	PE:6a70b91c:0270a000	state-helper-a85690	0x140a85690	0x140a87d53	0x140070fd0
classic	PE:6a70b91c:0270a000	state-helper-a85690	0x140a85690	0x140a87d7b	0x140070fd0
classic	PE:6a70b91c:0270a000	state-helper-a85690	0x140a85690	0x140a87da1	0x140070db0
classic	PE:6a70b91c:0270a000	state-helper-a85690	0x140a85690	0x140a87dc7	0x140070db0
classic	PE:6a70b91c:0270a000	state-helper-a85690	0x140a85690	0x140a87de1	0x14006f3a0
classic	PE:6a70b91c:0270a000	state-helper-a85690	0x140a85690	0x140a87df6	0x14006f3a0
classic	PE:6a70b91c:0270a000	state-helper-a85690	0x140a85690	0x140a87e02	0x1400b9e00
classic	PE:6a70b91c:0270a000	state-helper-a85690	0x140a85690	0x140a87e70	0x1400ba030
classic	PE:6a70b91c:0270a000	state-helper-a85690	0x140a85690	0x140a87f0d	0x14006f9a0
classic	PE:6a70b91c:0270a000	state-helper-a85690	0x140a85690	0x140a87f22	0x140c62490
classic	PE:6a70b91c:0270a000	state-helper-a85690	0x140a85690	0x140a87f4c	0x14006f9a0
classic	PE:6a70b91c:0270a000	state-helper-a85690	0x140a85690	0x140a87f65	0x14006f9a0
classic	PE:6a70b91c:0270a000	state-helper-a85690	0x140a85690	0x140a87ff3	0x1400e3bb0
classic	PE:6a70b91c:0270a000	state-helper-a85690	0x140a85690	0x140a8801b	QWORD PTR [rax+0x10]
classic	PE:6a70b91c:0270a000	state-helper-a85690	0x140a85690	0x140a8802f	QWORD PTR [rax+0x40]
classic	PE:6a70b91c:0270a000	state-helper-a85690	0x140a85690	0x140a88080	0x1413f0160
classic	PE:6a70b91c:0270a000	state-helper-a85690	0x140a85690	0x140a880c2	0x1415345f0
classic	PE:6a70b91c:0270a000	state-helper-a85690	0x140a85690	0x140a88120	0x1415345f0
classic	PE:6a70b91c:0270a000	state-helper-a85690	0x140a85690	0x140a8819e	0x1400ba030
classic	PE:6a70b91c:0270a000	state-helper-a85690	0x140a85690	0x140a881ee	0x140e58520
classic	PE:6a70b91c:0270a000	state-helper-a85690	0x140a85690	0x140a8820b	QWORD PTR [rax+0x10]
classic	PE:6a70b91c:0270a000	state-helper-a85690	0x140a85690	0x140a8821f	QWORD PTR [rax+0x20]
classic	PE:6a70b91c:0270a000	state-helper-a85690	0x140a85690	0x140a88235	0x140e4d620
classic	PE:6a70b91c:0270a000	state-helper-a85690	0x140a85690	0x140a8828b	QWORD PTR [rax+0x10]
classic	PE:6a70b91c:0270a000	state-helper-a85690	0x140a85690	0x140a8829f	QWORD PTR [rax+0x40]
classic	PE:6a70b91c:0270a000	state-helper-a85690	0x140a85690	0x140a882bf	QWORD PTR [rax+0x10]
classic	PE:6a70b91c:0270a000	state-helper-a85690	0x140a85690	0x140a882d3	QWORD PTR [rax+0x38]
classic	PE:6a70b91c:0270a000	state-helper-a85690	0x140a85690	0x140a882f7	0x140c63060
classic	PE:6a70b91c:0270a000	state-helper-a85690	0x140a85690	0x140a8830b	0x140104820
classic	PE:6a70b91c:0270a000	state-helper-a85690	0x140a85690	0x140a8834f	QWORD PTR [rdx+0x128]
classic	PE:6a70b91c:0270a000	state-helper-a85690	0x140a85690	0x140a88367	0x1400b9d50
classic	PE:6a70b91c:0270a000	state-helper-a85690	0x140a85690	0x140a88398	0x1400bab70
classic	PE:6a70b91c:0270a000	state-helper-a85690	0x140a85690	0x140a883c5	0x140c63060
classic	PE:6a70b91c:0270a000	state-helper-a85690	0x140a85690	0x140a883e4	0x140c63060
classic	PE:6a70b91c:0270a000	state-helper-a85690	0x140a85690	0x140a883f8	0x140104820
classic	PE:6a70b91c:0270a000	state-helper-a85690	0x140a85690	0x140a8843c	QWORD PTR [rdx+0x128]
classic	PE:6a70b91c:0270a000	state-helper-a85690	0x140a85690	0x140a88454	0x1400b9d50
classic	PE:6a70b91c:0270a000	state-helper-a85690	0x140a85690	0x140a8847d	0x1400bab70
classic	PE:6a70b91c:0270a000	state-helper-a85690	0x140a85690	0x140a884a7	0x141535d8a
classic	PE:6a70b91c:0270a000	state-helper-a85690	0x140a85690	0x140a88502	0x1413c7440
classic	PE:6a70b91c:0270a000	state-helper-a85690	0x140a85690	0x140a88518	0x141389c90
classic	PE:6a70b91c:0270a000	state-helper-a85690	0x140a85690	0x140a88525	0x1400ba3f0
classic	PE:6a70b91c:0270a000	state-helper-a85690	0x140a85690	0x140a88575	0x141389c90
classic	PE:6a70b91c:0270a000	state-helper-a85690	0x140a85690	0x140a8858f	0x140b500f0
classic	PE:6a70b91c:0270a000	state-helper-a85690	0x140a85690	0x140a885aa	0x1400ba3f0
classic	PE:6a70b91c:0270a000	state-helper-a85690	0x140a85690	0x140a8866f	0x140e14850
classic	PE:6a70b91c:0270a000	state-helper-a85690	0x140a85690	0x140a88681	0x140066b00
classic	PE:6a70b91c:0270a000	state-helper-a85690	0x140a85690	0x140a886d4	0x1413f0160
classic	PE:6a70b91c:0270a000	state-helper-a85690	0x140a85690	0x140a886f3	0x140dd9610
classic	PE:6a70b91c:0270a000	state-helper-a85690	0x140a85690	0x140a8871e	0x140ab2350
classic	PE:6a70b91c:0270a000	state-helper-a85690	0x140a85690	0x140a88740	0x140066b00
classic	PE:6a70b91c:0270a000	state-helper-a85690	0x140a85690	0x140a8874f	0x1415345d0
classic	PE:6a70b91c:0270a000	state-helper-a85690	0x140a85690	0x140a88775	QWORD PTR [rip+0xb58325]        # 0x1415e0aa0
classic	PE:6a70b91c:0270a000	state-helper-a85690	0x140a85690	0x140a8877c	QWORD PTR [rip+0xb5831e]        # 0x1415e0aa0
classic	PE:6a70b91c:0270a000	state-helper-a888a0	0x140a888a0	0x140a8892b	QWORD PTR [rax+0x10]
classic	PE:6a70b91c:0270a000	state-helper-a888a0	0x140a888a0	0x140a88939	QWORD PTR [rax+0x18]
classic	PE:6a70b91c:0270a000	state-helper-a888a0	0x140a888a0	0x140a88959	0x140c88ae0
classic	PE:6a70b91c:0270a000	state-helper-a888a0	0x140a888a0	0x140a889c5	0x1415345d0
classic	PE:6a70b91c:0270a000	state-helper-a888a0	0x140a888a0	0x140a889f7	QWORD PTR [rax]
classic	PE:6a70b91c:0270a000	state-helper-a888a0	0x140a888a0	0x140a88a1e	QWORD PTR [rax+0x40]
classic	PE:6a70b91c:0270a000	state-helper-a888a0	0x140a888a0	0x140a88a97	0x14010b030
classic	PE:6a70b91c:0270a000	state-helper-a888a0	0x140a888a0	0x140a88bf7	0x1400b9d50
classic	PE:6a70b91c:0270a000	state-helper-a888a0	0x140a888a0	0x140a88c0a	0x141534600
classic	PE:6a70b91c:0270a000	state-helper-a888a0	0x140a888a0	0x140a88c82	0x140e10040
classic	PE:6a70b91c:0270a000	state-helper-a888a0	0x140a888a0	0x140a88c8e	0x140e10040
classic	PE:6a70b91c:0270a000	state-helper-a888a0	0x140a888a0	0x140a88c99	0x140e10040
classic	PE:6a70b91c:0270a000	state-helper-a888a0	0x140a888a0	0x140a88ca6	0x140e10040
classic	PE:6a70b91c:0270a000	state-helper-a888a0	0x140a888a0	0x140a88cb3	0x140e10040
classic	PE:6a70b91c:0270a000	state-helper-a888a0	0x140a888a0	0x140a88cc0	0x140e10040
classic	PE:6a70b91c:0270a000	state-helper-a888a0	0x140a888a0	0x140a88ccd	0x140e10040
classic	PE:6a70b91c:0270a000	state-helper-a888a0	0x140a888a0	0x140a88ce8	0x140eb1820
classic	PE:6a70b91c:0270a000	state-helper-a888a0	0x140a888a0	0x140a88d8d	0x140eb1820
classic	PE:6a70b91c:0270a000	state-helper-a888a0	0x140a888a0	0x140a88dd9	0x140eb1820
classic	PE:6a70b91c:0270a000	state-helper-a888a0	0x140a888a0	0x140a88e20	0x140eb1820
classic	PE:6a70b91c:0270a000	state-helper-a888a0	0x140a888a0	0x140a88e67	0x140eb1820
classic	PE:6a70b91c:0270a000	state-helper-a888a0	0x140a888a0	0x140a88ea5	0x140eb1820
classic	PE:6a70b91c:0270a000	state-helper-a888a0	0x140a888a0	0x140a88ee7	0x140eb1820
classic	PE:6a70b91c:0270a000	state-helper-a888a0	0x140a888a0	0x140a88f25	0x140eb1820
classic	PE:6a70b91c:0270a000	state-helper-a888a0	0x140a888a0	0x140a88f67	0x140eb1820
classic	PE:6a70b91c:0270a000	state-helper-a888a0	0x140a888a0	0x140a88fa5	0x140eb1820
classic	PE:6a70b91c:0270a000	state-helper-a888a0	0x140a888a0	0x140a88ffc	0x140eb1820
classic	PE:6a70b91c:0270a000	state-helper-a888a0	0x140a888a0	0x140a89038	0x140eb1820
classic	PE:6a70b91c:0270a000	state-helper-a888a0	0x140a888a0	0x140a8907c	0x140eb1820
classic	PE:6a70b91c:0270a000	state-helper-a888a0	0x140a888a0	0x140a890b9	0x140eb1820
classic	PE:6a70b91c:0270a000	state-helper-a888a0	0x140a888a0	0x140a890f2	0x140eb1820
classic	PE:6a70b91c:0270a000	state-helper-a888a0	0x140a888a0	0x140a8915a	0x140eb1820
classic	PE:6a70b91c:0270a000	state-helper-a888a0	0x140a888a0	0x140a8920b	0x140eb1820
classic	PE:6a70b91c:0270a000	state-helper-a888a0	0x140a888a0	0x140a892b0	0x141535d8a
classic	PE:6a70b91c:0270a000	state-helper-a888a0	0x140a888a0	0x140a892c9	0x1400bacc0
classic	PE:6a70b91c:0270a000	state-helper-a888a0	0x140a888a0	0x140a89328	QWORD PTR [rip+0xb56eba]        # 0x1415e01e8
classic	PE:6a70b91c:0270a000	state-helper-a888a0	0x140a888a0	0x140a89484	0x140a64a30
classic	PE:6a70b91c:0270a000	state-helper-a888a0	0x140a888a0	0x140a89635	0x1414ddc80
classic	PE:6a70b91c:0270a000	state-helper-a888a0	0x140a888a0	0x140a8967f	QWORD PTR [rax+0x10]
classic	PE:6a70b91c:0270a000	state-helper-a888a0	0x140a888a0	0x140a8969c	QWORD PTR [rax+0x48]
classic	PE:6a70b91c:0270a000	state-helper-a888a0	0x140a888a0	0x140a8979d	QWORD PTR [rax+0x20]
classic	PE:6a70b91c:0270a000	state-helper-a888a0	0x140a888a0	0x140a897c6	QWORD PTR [rax+0x20]
classic	PE:6a70b91c:0270a000	state-helper-a888a0	0x140a888a0	0x140a897e0	0x140b500f0
classic	PE:6a70b91c:0270a000	state-helper-a888a0	0x140a888a0	0x140a897f5	0x140072010
classic	PE:6a70b91c:0270a000	state-helper-a888a0	0x140a888a0	0x140a8980f	0x140b8bc50
classic	PE:6a70b91c:0270a000	state-helper-a888a0	0x140a888a0	0x140a89837	0x1401bbbb0
classic	PE:6a70b91c:0270a000	state-helper-a888a0	0x140a888a0	0x140a89845	QWORD PTR [rdx+0x100]
classic	PE:6a70b91c:0270a000	state-helper-a888a0	0x140a888a0	0x140a8988d	0x140bb63d0
classic	PE:6a70b91c:0270a000	state-helper-a888a0	0x140a888a0	0x140a8989e	0x14014d6f0
classic	PE:6a70b91c:0270a000	state-helper-a888a0	0x140a888a0	0x140a89989	QWORD PTR [rax+0x6f8]
classic	PE:6a70b91c:0270a000	state-helper-a888a0	0x140a888a0	0x140a89a08	QWORD PTR [rax+0x6f8]
classic	PE:6a70b91c:0270a000	state-helper-a888a0	0x140a888a0	0x140a89a11	0x1413a05d0
classic	PE:6a70b91c:0270a000	state-helper-a888a0	0x140a888a0	0x140a89a55	0x14007dc60
classic	PE:6a70b91c:0270a000	state-helper-a888a0	0x140a888a0	0x140a89a6c	0x1401bc180
classic	PE:6a70b91c:0270a000	state-helper-a888a0	0x140a888a0	0x140a89acd	QWORD PTR [rax+0x128]
classic	PE:6a70b91c:0270a000	state-helper-a888a0	0x140a888a0	0x140a89ada	0x140be7910
classic	PE:6a70b91c:0270a000	state-helper-a888a0	0x140a888a0	0x140a89b04	0x14013cbe0
classic	PE:6a70b91c:0270a000	state-helper-a888a0	0x140a888a0	0x140a89b15	0x1400b9e00
classic	PE:6a70b91c:0270a000	state-helper-a888a0	0x140a888a0	0x140a89b37	0x14013cbe0
classic	PE:6a70b91c:0270a000	state-helper-a888a0	0x140a888a0	0x140a89b4c	0x1400b9e00
classic	PE:6a70b91c:0270a000	state-helper-a888a0	0x140a888a0	0x140a89b62	0x1413a05d0
classic	PE:6a70b91c:0270a000	state-helper-a888a0	0x140a888a0	0x140a89baa	0x14007dc60
classic	PE:6a70b91c:0270a000	state-helper-a888a0	0x140a888a0	0x140a89bc1	0x1401bc180
classic	PE:6a70b91c:0270a000	state-helper-a888a0	0x140a888a0	0x140a89c09	0x140b500f0
classic	PE:6a70b91c:0270a000	state-helper-a888a0	0x140a888a0	0x140a89c3a	0x140bb6e30
classic	PE:6a70b91c:0270a000	state-helper-a888a0	0x140a888a0	0x140a89cf3	r10
classic	PE:6a70b91c:0270a000	state-helper-a888a0	0x140a888a0	0x140a89da3	r10
classic	PE:6a70b91c:0270a000	state-helper-a888a0	0x140a888a0	0x140a89ddd	0x141389c90
classic	PE:6a70b91c:0270a000	state-helper-a888a0	0x140a888a0	0x140a89e4b	0x1400ba030
classic	PE:6a70b91c:0270a000	state-helper-a888a0	0x140a888a0	0x140a89eeb	0x1400ba030
classic	PE:6a70b91c:0270a000	state-helper-a888a0	0x140a888a0	0x140a89f8b	0x1400ba030
classic	PE:6a70b91c:0270a000	state-helper-a888a0	0x140a888a0	0x140a8a01c	0x1400ba030
classic	PE:6a70b91c:0270a000	state-helper-a888a0	0x140a888a0	0x140a8a0ef	0x1400ba030
classic	PE:6a70b91c:0270a000	state-helper-a888a0	0x140a888a0	0x140a8a14d	QWORD PTR [rax]
classic	PE:6a70b91c:0270a000	state-helper-a888a0	0x140a888a0	0x140a8a181	0x1400bab70
classic	PE:6a70b91c:0270a000	state-helper-a888a0	0x140a888a0	0x140a8a1bb	0x1400bab70
classic	PE:6a70b91c:0270a000	state-helper-a888a0	0x140a888a0	0x140a8a1fd	0x1400fc020
classic	PE:6a70b91c:0270a000	state-helper-a888a0	0x140a888a0	0x140a8a264	0x1413844f0
classic	PE:6a70b91c:0270a000	state-helper-a888a0	0x140a888a0	0x140a8a26e	0x14131f5d0
classic	PE:6a70b91c:0270a000	state-helper-a888a0	0x140a888a0	0x140a8a28d	0x141324490
classic	PE:6a70b91c:0270a000	state-helper-a888a0	0x140a888a0	0x140a8a3ca	0x141384b50
classic	PE:6a70b91c:0270a000	state-helper-a888a0	0x140a888a0	0x140a8a3de	0x141384b50
classic	PE:6a70b91c:0270a000	state-helper-a888a0	0x140a888a0	0x140a8a3f6	0x141344e90
classic	PE:6a70b91c:0270a000	state-helper-a888a0	0x140a888a0	0x140a8a49a	0x1400b9d50
classic	PE:6a70b91c:0270a000	state-helper-a888a0	0x140a888a0	0x140a8a4c8	0x1401418b0
classic	PE:6a70b91c:0270a000	state-helper-a888a0	0x140a888a0	0x140a8a50a	0x140e69830
classic	PE:6a70b91c:0270a000	state-helper-a888a0	0x140a888a0	0x140a8a594	0x14145e710
classic	PE:6a70b91c:0270a000	state-helper-a888a0	0x140a888a0	0x140a8a70a	0x140c97550
classic	PE:6a70b91c:0270a000	state-helper-a888a0	0x140a888a0	0x140a8a719	0x141386900
classic	PE:6a70b91c:0270a000	state-helper-a888a0	0x140a888a0	0x140a8a73f	0x1413c7440
classic	PE:6a70b91c:0270a000	state-helper-a888a0	0x140a888a0	0x140a8a775	0x140070db0
classic	PE:6a70b91c:0270a000	state-helper-a888a0	0x140a888a0	0x140a8a782	QWORD PTR [rax+0x328]
classic	PE:6a70b91c:0270a000	state-helper-a888a0	0x140a888a0	0x140a8a83a	r9
classic	PE:6a70b91c:0270a000	state-helper-a888a0	0x140a888a0	0x140a8a843	QWORD PTR [rax]
classic	PE:6a70b91c:0270a000	state-helper-a888a0	0x140a888a0	0x140a8a8da	0x140cba560
classic	PE:6a70b91c:0270a000	state-helper-a888a0	0x140a888a0	0x140a8a8e7	0x14006f7e0
classic	PE:6a70b91c:0270a000	state-helper-a888a0	0x140a888a0	0x140a8a90b	0x140cba560
classic	PE:6a70b91c:0270a000	state-helper-a888a0	0x140a888a0	0x140a8a91f	0x141534600
classic	PE:6a70b91c:0270a000	state-helper-a888a0	0x140a888a0	0x140a8a935	0x1404deab0
classic	PE:6a70b91c:0270a000	state-helper-a888a0	0x140a888a0	0x140a8a94b	0x141534600
classic	PE:6a70b91c:0270a000	state-helper-a888a0	0x140a888a0	0x140a8a961	0x1404deab0
classic	PE:6a70b91c:0270a000	state-helper-a888a0	0x140a888a0	0x140a8a9aa	0x140cb0320
classic	PE:6a70b91c:0270a000	state-helper-a888a0	0x140a888a0	0x140a8a9f9	0x141386900
classic	PE:6a70b91c:0270a000	state-helper-a888a0	0x140a888a0	0x140a8aa20	0x1413c7440
classic	PE:6a70b91c:0270a000	state-helper-a888a0	0x140a888a0	0x140a8aa56	0x140070db0
classic	PE:6a70b91c:0270a000	state-helper-a888a0	0x140a888a0	0x140a8aa63	QWORD PTR [rax+0x328]
classic	PE:6a70b91c:0270a000	state-helper-a888a0	0x140a888a0	0x140a8ab0a	0x1400bacc0
classic	PE:6a70b91c:0270a000	state-helper-a888a0	0x140a888a0	0x140a8ab19	0x141326970
classic	PE:6a70b91c:0270a000	state-helper-a888a0	0x140a888a0	0x140a8ab26	0x140066b00
classic	PE:6a70b91c:0270a000	state-helper-a888a0	0x140a888a0	0x140a8ab6e	QWORD PTR [rax+0x10]
classic	PE:6a70b91c:0270a000	state-helper-a888a0	0x140a888a0	0x140a8ab98	QWORD PTR [rax+0x4a8]
classic	PE:6a70b91c:0270a000	state-helper-a888a0	0x140a888a0	0x140a8abac	0x140c70ac0
classic	PE:6a70b91c:0270a000	state-helper-a888a0	0x140a888a0	0x140a8abcd	0x140c60530
classic	PE:6a70b91c:0270a000	state-helper-a888a0	0x140a888a0	0x140a8abdc	0x140cc5420
classic	PE:6a70b91c:0270a000	state-helper-a888a0	0x140a888a0	0x140a8abef	QWORD PTR [rax+0x330]
classic	PE:6a70b91c:0270a000	state-helper-a888a0	0x140a888a0	0x140a8ac08	0x140282ad0
classic	PE:6a70b91c:0270a000	state-helper-a888a0	0x140a888a0	0x140a8ac12	0x140c645d0
classic	PE:6a70b91c:0270a000	state-helper-a888a0	0x140a888a0	0x140a8ac4e	0x1400ba840
classic	PE:6a70b91c:0270a000	state-helper-a888a0	0x140a888a0	0x140a8acc7	0x14131f140
classic	PE:6a70b91c:0270a000	state-helper-a888a0	0x140a888a0	0x140a8acdb	0x141380a80
classic	PE:6a70b91c:0270a000	state-helper-a888a0	0x140a888a0	0x140a8acf4	0x14137e480
classic	PE:6a70b91c:0270a000	state-helper-a888a0	0x140a888a0	0x140a8ad30	0x140a8bab0
classic	PE:6a70b91c:0270a000	state-helper-a888a0	0x140a888a0	0x140a8adc5	QWORD PTR [rax+0x18]
classic	PE:6a70b91c:0270a000	state-helper-a888a0	0x140a888a0	0x140a8ade0	0x140c85420
classic	PE:6a70b91c:0270a000	state-helper-a888a0	0x140a888a0	0x140a8aded	0x140c70ac0
classic	PE:6a70b91c:0270a000	state-helper-a888a0	0x140a888a0	0x140a8ae25	QWORD PTR [rax+0x320]
classic	PE:6a70b91c:0270a000	state-helper-a888a0	0x140a888a0	0x140a8ae40	QWORD PTR [rax+0x4a8]
classic	PE:6a70b91c:0270a000	state-helper-a888a0	0x140a888a0	0x140a8af06	0x141431ea0
classic	PE:6a70b91c:0270a000	state-helper-a888a0	0x140a888a0	0x140a8af14	0x140c60530
classic	PE:6a70b91c:0270a000	state-helper-a888a0	0x140a888a0	0x140a8af1f	QWORD PTR [rax+0x330]
classic	PE:6a70b91c:0270a000	state-helper-a888a0	0x140a888a0	0x140a8af35	QWORD PTR [rax+0x328]
classic	PE:6a70b91c:0270a000	state-helper-a888a0	0x140a888a0	0x140a8af49	0x1413a8860
classic	PE:6a70b91c:0270a000	state-helper-a888a0	0x140a888a0	0x140a8b00b	0x141389c90
classic	PE:6a70b91c:0270a000	state-helper-a888a0	0x140a888a0	0x140a8b071	0x141366a50
classic	PE:6a70b91c:0270a000	state-helper-a888a0	0x140a888a0	0x140a8b08c	0x14131fff0
classic	PE:6a70b91c:0270a000	state-helper-a888a0	0x140a888a0	0x140a8b0fc	0x141534600
classic	PE:6a70b91c:0270a000	state-helper-a888a0	0x140a888a0	0x140a8b10b	0x140cff100
classic	PE:6a70b91c:0270a000	state-helper-a888a0	0x140a888a0	0x140a8b13d	0x140cff920
classic	PE:6a70b91c:0270a000	state-helper-a888a0	0x140a888a0	0x140a8b148	0x1413233c0
classic	PE:6a70b91c:0270a000	state-helper-a888a0	0x140a888a0	0x140a8b150	0x140d06bb0
classic	PE:6a70b91c:0270a000	state-helper-a888a0	0x140a888a0	0x140a8b183	0x140c60530
classic	PE:6a70b91c:0270a000	state-helper-a888a0	0x140a888a0	0x140a8b213	0x1413e8c30
classic	PE:6a70b91c:0270a000	state-helper-a888a0	0x140a888a0	0x140a8b220	0x1400e36c0
classic	PE:6a70b91c:0270a000	state-helper-a888a0	0x140a888a0	0x140a8b2a4	0x1400bacc0
classic	PE:6a70b91c:0270a000	state-helper-a888a0	0x140a888a0	0x140a8b2f8	0x141389c90
classic	PE:6a70b91c:0270a000	state-helper-a888a0	0x140a888a0	0x140a8b310	0x141534600
classic	PE:6a70b91c:0270a000	state-helper-a888a0	0x140a888a0	0x140a8b31f	0x140c38450
classic	PE:6a70b91c:0270a000	state-helper-a888a0	0x140a888a0	0x140a8b3b7	0x1414a5470
classic	PE:6a70b91c:0270a000	state-helper-a888a0	0x140a888a0	0x140a8b4c7	0x14007dc60
classic	PE:6a70b91c:0270a000	state-helper-a888a0	0x140a888a0	0x140a8b4de	0x1401bc180
classic	PE:6a70b91c:0270a000	state-helper-a888a0	0x140a888a0	0x140a8b543	0x1413adfa0
classic	PE:6a70b91c:0270a000	state-helper-a888a0	0x140a888a0	0x140a8b569	0x140070db0
classic	PE:6a70b91c:0270a000	state-helper-a888a0	0x140a888a0	0x140a8b5a6	0x1413e9f40
classic	PE:6a70b91c:0270a000	state-helper-a888a0	0x140a888a0	0x140a8b638	0x1413adfa0
classic	PE:6a70b91c:0270a000	state-helper-a888a0	0x140a888a0	0x140a8b65d	0x140070db0
classic	PE:6a70b91c:0270a000	state-helper-a888a0	0x140a888a0	0x140a8b6a5	0x1413e9f40
classic	PE:6a70b91c:0270a000	state-helper-a888a0	0x140a888a0	0x140a8b6f7	0x1400ba030
classic	PE:6a70b91c:0270a000	state-helper-a888a0	0x140a888a0	0x140a8b755	0x141534600
classic	PE:6a70b91c:0270a000	state-helper-a888a0	0x140a888a0	0x140a8b764	0x1404e4100
classic	PE:6a70b91c:0270a000	state-helper-a888a0	0x140a888a0	0x140a8b7a4	0x1400ba030
classic	PE:6a70b91c:0270a000	state-helper-a888a0	0x140a888a0	0x140a8b85f	0x1400ba8d0
classic	PE:6a70b91c:0270a000	state-helper-a888a0	0x140a888a0	0x140a8b8a8	0x1400ba8d0
classic	PE:6a70b91c:0270a000	state-helper-a888a0	0x140a888a0	0x140a8b914	0x14006f310
classic	PE:6a70b91c:0270a000	state-helper-a888a0	0x140a888a0	0x140a8b94a	0x141534600
classic	PE:6a70b91c:0270a000	state-helper-a888a0	0x140a888a0	0x140a8b9c1	0x1413e5c90
classic	PE:6a70b91c:0270a000	state-helper-a888a0	0x140a888a0	0x140a8b9d0	0x1413ea1b0
classic	PE:6a70b91c:0270a000	state-helper-a888a0	0x140a888a0	0x140a8ba25	0x141389af0
classic	PE:6a70b91c:0270a000	state-helper-a888a0	0x140a888a0	0x140a8ba49	0x1413e0a90
classic	PE:6a70b91c:0270a000	state-helper-a888a0	0x140a888a0	0x140a8ba53	0x140a85690
classic	PE:6a70b91c:0270a000	state-helper-a888a0	0x140a888a0	0x140a8ba60	0x140066b00
classic	PE:6a70b91c:0270a000	state-helper-ab2350	0x140ab2350	0x140ab2386	QWORD PTR [rax]
classic	PE:6a70b91c:0270a000	state-helper-ab2350	0x140ab2350	0x140ab23b2	QWORD PTR [rax+0x1f8]
classic	PE:6a70b91c:0270a000	state-helper-ab2350	0x140ab2350	0x140ab240f	0x141324b60
classic	PE:6a70b91c:0270a000	state-helper-ab2350	0x140ab2350	0x140ab2433	0x140ab2350
classic	PE:6a70b91c:0270a000	state-helper-ab2350	0x140ab2350	0x140ab2446	QWORD PTR [rax+0x320]
classic	PE:6a70b91c:0270a000	state-helper-ab2350	0x140ab2350	0x140ab24ab	QWORD PTR [rax+0x10]
classic	PE:6a70b91c:0270a000	state-helper-ab2350	0x140ab2350	0x140ab24b6	0x140c85340
classic	PE:6a70b91c:0270a000	state-helper-ab2350	0x140ab2350	0x140ab24cb	QWORD PTR [rax+0x10]
classic	PE:6a70b91c:0270a000	state-helper-ab2350	0x140ab2350	0x140ab24de	QWORD PTR [rax+0x18]
classic	PE:6a70b91c:0270a000	state-helper-ab2350	0x140ab2350	0x140ab24f0	0x140c85340
classic	PE:6a70b91c:0270a000	state-helper-ab2350	0x140ab2350	0x140ab2517	0x140ab2350
classic	PE:6a70b91c:0270a000	state-helper-ab2350	0x140ab2350	0x140ab252d	QWORD PTR [rax+0x320]
classic	PE:6a70b91c:0270a000	state-helper-ab2350	0x140ab2350	0x140ab2538	QWORD PTR [rax+0x10]
classic	PE:6a70b91c:0270a000	state-helper-ab2350	0x140ab2350	0x140ab254f	QWORD PTR [rax+0x20]
classic	PE:6a70b91c:0270a000	state-helper-ab2350	0x140ab2350	0x140ab2561	0x141361a30
classic	PE:6a70b91c:0270a000	state-helper-ab2350	0x140ab2350	0x140ab261b	0x140a888a0
classic	PE:6a70b91c:0270a000	state-helper-ab2350	0x140ab2350	0x140ab262e	0x141374990
classic	PE:6a70b91c:0270a000	state-helper-ab2350	0x140ab2350	0x140ab2657	0x140c8e210
classic	PE:6a70b91c:0270a000	state-helper-ab2350	0x140ab2350	0x140ab2665	0x140cc5420
classic	PE:6a70b91c:0270a000	state-helper-ab2350	0x140ab2350	0x140ab267d	QWORD PTR [rax+0x368]
classic	PE:6a70b91c:0270a000	state-helper-ab2350	0x140ab2350	0x140ab269f	QWORD PTR [rax+0x10]
classic	PE:6a70b91c:0270a000	state-helper-ab2350	0x140ab2350	0x140ab26b3	QWORD PTR [rax+0x40]
classic	PE:6a70b91c:0270a000	state-helper-ab2350	0x140ab2350	0x140ab26f3	QWORD PTR [rax+0x10]
classic	PE:6a70b91c:0270a000	state-helper-ab2350	0x140ab2350	0x140ab2706	QWORD PTR [rax+0x20]
classic	PE:6a70b91c:0270a000	state-helper-ab2350	0x140ab2350	0x140ab271d	0x1413623a0
classic	PE:6a70b91c:0270a000	state-helper-ab2350	0x140ab2350	0x140ab272a	QWORD PTR [rax+0x18]
classic	PE:6a70b91c:0270a000	state-helper-ab2350	0x140ab2350	0x140ab2747	0x140c88ae0
classic	PE:6a70b91c:0270a000	state-helper-ab2350	0x140ab2350	0x140ab279b	0x140a67fc0
classic	PE:6a70b91c:0270a000	state-helper-ab2350	0x140ab2350	0x140ab27da	0x1414a5470
classic	PE:6a70b91c:0270a000	state-helper-ab2350	0x140ab2350	0x140ab2809	QWORD PTR [rax+0x128]
classic	PE:6a70b91c:0270a000	state-helper-ab2350	0x140ab2350	0x140ab2821	0x141534600
classic	PE:6a70b91c:0270a000	state-helper-ab2350	0x140ab2350	0x140ab282f	0x140c38450
classic	PE:6a70b91c:0270a000	state-helper-ab2350	0x140ab2350	0x140ab2843	0x141534600
classic	PE:6a70b91c:0270a000	state-helper-ab2350	0x140ab2350	0x140ab297a	0x1413f0160
classic	PE:6a70b91c:0270a000	state-helper-ab2350	0x140ab2350	0x140ab2984	0x140c60530
classic	PE:6a70b91c:0270a000	state-helper-ab2350	0x140ab2350	0x140ab298f	QWORD PTR [rax+0x330]
classic	PE:6a70b91c:0270a000	state-helper-ab2350	0x140ab2350	0x140ab29c3	QWORD PTR [rax+0x328]
classic	PE:6a70b91c:0270a000	state-helper-ab2350	0x140ab2350	0x140ab29d0	0x140c60530
classic	PE:6a70b91c:0270a000	state-helper-ab2350	0x140ab2350	0x140ab29db	QWORD PTR [rax+0x330]
classic	PE:6a70b91c:0270a000	state-helper-c85f90	0x140c85f90	0x140c8602b	QWORD PTR [rax+0x10]
classic	PE:6a70b91c:0270a000	state-helper-c85f90	0x140c85f90	0x140c86042	QWORD PTR [rax+0x20]
classic	PE:6a70b91c:0270a000	state-helper-c85f90	0x140c85f90	0x140c860d5	0x141363900
classic	PE:6a70b91c:0270a000	state-helper-c85f90	0x140c85f90	0x140c8611b	0x1400bacc0
classic	PE:6a70b91c:0270a000	state-helper-c85f90	0x140c85f90	0x140c86143	0x1400bacc0
classic	PE:6a70b91c:0270a000	state-helper-c85f90	0x140c85f90	0x140c86195	0x140eb1820
classic	PE:6a70b91c:0270a000	state-helper-c85f90	0x140c85f90	0x140c86207	0x141324b60
classic	PE:6a70b91c:0270a000	state-helper-c85f90	0x140c85f90	0x140c86238	0x1413f45e0
classic	PE:6a70b91c:0270a000	state-helper-c85f90	0x140c85f90	0x140c8624a	0x1413f4550
classic	PE:6a70b91c:0270a000	state-helper-c85f90	0x140c85f90	0x140c8634a	0x1413293a0
classic	PE:6a70b91c:0270a000	state-helper-c85f90	0x140c85f90	0x140c86365	0x14006f9a0
classic	PE:6a70b91c:0270a000	state-helper-c85f90	0x140c85f90	0x140c8637b	0x14006f9a0
classic	PE:6a70b91c:0270a000	state-helper-c85f90	0x140c85f90	0x140c86390	0x140c62490
classic	PE:6a70b91c:0270a000	state-helper-c85f90	0x140c85f90	0x140c863ab	0x14006f9a0
classic	PE:6a70b91c:0270a000	state-helper-c85f90	0x140c85f90	0x140c863c1	0x14006f9a0
classic	PE:6a70b91c:0270a000	state-helper-c85f90	0x140c85f90	0x140c863fd	QWORD PTR [rip+0x95a69d]        # 0x1415e0aa0
classic	PE:6a70b91c:0270a000	state-helper-c85f90	0x140c85f90	0x140c86417	0x1415345f0
classic	PE:6a70b91c:0270a000	state-helper-c85f90	0x140c85f90	0x140c8643b	0x14006f9a0
classic	PE:6a70b91c:0270a000	state-helper-c85f90	0x140c85f90	0x140c86450	0x140c62490
classic	PE:6a70b91c:0270a000	state-helper-c85f90	0x140c85f90	0x140c8646b	0x14006f9a0
classic	PE:6a70b91c:0270a000	state-helper-c85f90	0x140c85f90	0x140c86481	0x14006f9a0
classic	PE:6a70b91c:0270a000	state-helper-c85f90	0x140c85f90	0x140c864b3	0x1413293a0
classic	PE:6a70b91c:0270a000	state-helper-c85f90	0x140c85f90	0x140c864ce	0x14006f9a0
classic	PE:6a70b91c:0270a000	state-helper-c85f90	0x140c85f90	0x140c864e4	0x14006f9a0
classic	PE:6a70b91c:0270a000	state-helper-c85f90	0x140c85f90	0x140c86587	0x14006f9a0
classic	PE:6a70b91c:0270a000	state-helper-c85f90	0x140c85f90	0x140c865af	0x14006f9a0
classic	PE:6a70b91c:0270a000	state-helper-c85f90	0x140c85f90	0x140c86649	0x140070760
classic	PE:6a70b91c:0270a000	state-helper-c85f90	0x140c85f90	0x140c8666c	0x1415359e8
classic	PE:6a70b91c:0270a000	state-helper-c85f90	0x140c85f90	0x140c866a4	0x1415345f0
classic	PE:6a70b91c:0270a000	state-helper-c85f90	0x140c85f90	0x140c866bb	0x1415359e8
classic	PE:6a70b91c:0270a000	state-helper-c85f90	0x140c85f90	0x140c86704	0x141535d8a
classic	PE:6a70b91c:0270a000	state-helper-c85f90	0x140c85f90	0x140c86741	0x140070760
classic	PE:6a70b91c:0270a000	state-helper-c85f90	0x140c85f90	0x140c8679e	QWORD PTR [rip+0x95a2fc]        # 0x1415e0aa0
classic	PE:6a70b91c:0270a000	state-helper-c85f90	0x140c85f90	0x140c867a5	0x1415345f0
classic	PE:6a70b91c:0270a000	state-helper-c85f90	0x140c85f90	0x140c867c4	0x14006f9a0
classic	PE:6a70b91c:0270a000	state-helper-c85f90	0x140c85f90	0x140c867da	0x14006f9a0
classic	PE:6a70b91c:0270a000	state-helper-c85f90	0x140c85f90	0x140c867e4	0x14006f7e0
classic	PE:6a70b91c:0270a000	state-helper-c85f90	0x140c85f90	0x140c8681a	0x1413293a0
classic	PE:6a70b91c:0270a000	state-helper-c85f90	0x140c85f90	0x140c86835	0x14006f9a0
classic	PE:6a70b91c:0270a000	state-helper-c85f90	0x140c85f90	0x140c8684b	0x14006f9a0
classic	PE:6a70b91c:0270a000	state-helper-c85f90	0x140c85f90	0x140c86860	0x140c62490
classic	PE:6a70b91c:0270a000	state-helper-c85f90	0x140c85f90	0x140c8687b	0x14006f9a0
classic	PE:6a70b91c:0270a000	state-helper-c85f90	0x140c85f90	0x140c86891	0x14006f9a0
classic	PE:6a70b91c:0270a000	state-helper-c85f90	0x140c85f90	0x140c8689b	0x14006f7e0
classic	PE:6a70b91c:0270a000	state-helper-c85f90	0x140c85f90	0x140c8693c	0x14006f4f0
classic	PE:6a70b91c:0270a000	state-helper-c85f90	0x140c85f90	0x140c86951	0x140c62490
classic	PE:6a70b91c:0270a000	state-helper-c85f90	0x140c85f90	0x140c8695e	0x1400b9ca0
classic	PE:6a70b91c:0270a000	state-helper-c85f90	0x140c85f90	0x140c8696e	0x14006f4f0
classic	PE:6a70b91c:0270a000	state-helper-c85f90	0x140c85f90	0x140c8698c	0x14132f540
classic	PE:6a70b91c:0270a000	state-helper-c85f90	0x140c85f90	0x140c86999	0x1400b9ca0
classic	PE:6a70b91c:0270a000	state-helper-c85f90	0x140c85f90	0x140c869a9	0x14006f4f0
classic	PE:6a70b91c:0270a000	state-helper-c85f90	0x140c85f90	0x140c869ba	0x14006f4f0
classic	PE:6a70b91c:0270a000	state-helper-c85f90	0x140c85f90	0x140c869cf	0x140c62490
classic	PE:6a70b91c:0270a000	state-helper-c85f90	0x140c85f90	0x140c869dc	0x1400b9ca0
classic	PE:6a70b91c:0270a000	state-helper-c85f90	0x140c85f90	0x140c869ec	0x14006f4f0
classic	PE:6a70b91c:0270a000	state-helper-c85f90	0x140c85f90	0x140c86a10	0x14006f9a0
classic	PE:6a70b91c:0270a000	state-helper-c85f90	0x140c85f90	0x140c86a25	0x140c62490
classic	PE:6a70b91c:0270a000	state-helper-c85f90	0x140c85f90	0x140c86a40	0x14006f9a0
classic	PE:6a70b91c:0270a000	state-helper-c85f90	0x140c85f90	0x140c86a56	0x14006f9a0
classic	PE:6a70b91c:0270a000	state-helper-c85f90	0x140c85f90	0x140c86af9	0x14006f9a0
classic	PE:6a70b91c:0270a000	state-helper-c85f90	0x140c85f90	0x140c86b21	0x14006f9a0
classic	PE:6a70b91c:0270a000	state-helper-c85f90	0x140c85f90	0x140c86bbb	0x140070760
classic	PE:6a70b91c:0270a000	state-helper-c85f90	0x140c85f90	0x140c86bde	0x1415359e8
classic	PE:6a70b91c:0270a000	state-helper-c85f90	0x140c85f90	0x140c86c16	0x1415345f0
classic	PE:6a70b91c:0270a000	state-helper-c85f90	0x140c85f90	0x140c86c2d	0x1415359e8
classic	PE:6a70b91c:0270a000	state-helper-c85f90	0x140c85f90	0x140c86c76	0x141535d8a
classic	PE:6a70b91c:0270a000	state-helper-c85f90	0x140c85f90	0x140c86cb3	0x140070760
classic	PE:6a70b91c:0270a000	state-helper-c85f90	0x140c85f90	0x140c86d10	QWORD PTR [rip+0x959d8a]        # 0x1415e0aa0
classic	PE:6a70b91c:0270a000	state-helper-c85f90	0x140c85f90	0x140c86d17	0x1415345f0
classic	PE:6a70b91c:0270a000	state-helper-c85f90	0x140c85f90	0x140c86d33	0x14006f9a0
classic	PE:6a70b91c:0270a000	state-helper-c85f90	0x140c85f90	0x140c86d48	0x140c62490
classic	PE:6a70b91c:0270a000	state-helper-c85f90	0x140c85f90	0x140c86d63	0x14006f9a0
classic	PE:6a70b91c:0270a000	state-helper-c85f90	0x140c85f90	0x140c86d79	0x14006f9a0
classic	PE:6a70b91c:0270a000	state-helper-c85f90	0x140c85f90	0x140c86e03	0x1400e3bb0
classic	PE:6a70b91c:0270a000	state-helper-c85f90	0x140c85f90	0x140c86e0d	0x14006f7e0
classic	PE:6a70b91c:0270a000	state-helper-c85f90	0x140c85f90	0x140c86e17	0x14006f7e0
classic	PE:6a70b91c:0270a000	state-helper-c85f90	0x140c85f90	0x140c86e21	0x140066b00
classic	PE:6a70b91c:0270a000	state-helper-c85f90	0x140c85f90	0x140c86e2c	0x140066b00
classic	PE:6a70b91c:0270a000	state-helper-c85f90	0x140c85f90	0x140c86e38	0x1415345d0
classic	PE:6a70b91c:0270a000	state-helper-c85f90	0x140c85f90	0x140c86e5e	0x140065820
classic	PE:6a70b91c:0270a000	state-helper-c85f90	0x140c85f90	0x140c86e64	0x140065820
classic	PE:6a70b91c:0270a000	state-helper-131fff0	0x14131fff0	0x141320072	QWORD PTR [rax+0x10]
classic	PE:6a70b91c:0270a000	state-helper-131fff0	0x14131fff0	0x141320086	QWORD PTR [rax+0x30]
classic	PE:6a70b91c:0270a000	state-helper-131fff0	0x14131fff0	0x1413200ad	QWORD PTR [rax+0x48]
classic	PE:6a70b91c:0270a000	state-helper-131fff0	0x14131fff0	0x1413200b5	QWORD PTR [rax+0xd0]
classic	PE:6a70b91c:0270a000	state-helper-131fff0	0x14131fff0	0x1413200ce	QWORD PTR [rax+0xd0]
classic	PE:6a70b91c:0270a000	state-helper-131fff0	0x14131fff0	0x14132015e	0x140cff6e0
classic	PE:6a70b91c:0270a000	state-helper-131fff0	0x14131fff0	0x14132019f	0x14135d520
classic	PE:6a70b91c:0270a000	state-helper-131fff0	0x14131fff0	0x1413201e9	0x141389c90
classic	PE:6a70b91c:0270a000	state-helper-131fff0	0x14131fff0	0x1413202fa	0x14132bba0
classic	PE:6a70b91c:0270a000	state-helper-131fff0	0x14131fff0	0x141320310	0x14006f9a0
classic	PE:6a70b91c:0270a000	state-helper-131fff0	0x14131fff0	0x141320320	0x140d001b0
classic	PE:6a70b91c:0270a000	state-helper-131fff0	0x14131fff0	0x14132033b	0x14006f9a0
classic	PE:6a70b91c:0270a000	state-helper-131fff0	0x14131fff0	0x141320351	0x14006f9a0
classic	PE:6a70b91c:0270a000	state-helper-131fff0	0x14131fff0	0x1413203aa	0x14006f4f0
classic	PE:6a70b91c:0270a000	state-helper-131fff0	0x14131fff0	0x1413203be	0x140073b00
classic	PE:6a70b91c:0270a000	state-helper-131fff0	0x14131fff0	0x1413203da	0x1413293a0
classic	PE:6a70b91c:0270a000	state-helper-131fff0	0x14131fff0	0x1413203e7	0x1400b9ca0
classic	PE:6a70b91c:0270a000	state-helper-131fff0	0x14131fff0	0x1413205e4	0x14006f620
classic	PE:6a70b91c:0270a000	state-helper-131fff0	0x14131fff0	0x1413205f1	0x1401fafe0
classic	PE:6a70b91c:0270a000	state-helper-131fff0	0x14131fff0	0x141320662	0x14006f530
classic	PE:6a70b91c:0270a000	state-helper-131fff0	0x14131fff0	0x14132067e	0x14006f530
classic	PE:6a70b91c:0270a000	state-helper-131fff0	0x14131fff0	0x1413206ac	0x140071f60
classic	PE:6a70b91c:0270a000	state-helper-131fff0	0x14131fff0	0x141320700	0x140a285e0
classic	PE:6a70b91c:0270a000	state-helper-131fff0	0x14131fff0	0x141320710	0x14006f4f0
classic	PE:6a70b91c:0270a000	state-helper-131fff0	0x14131fff0	0x141320720	0x1400b9ca0
classic	PE:6a70b91c:0270a000	state-helper-131fff0	0x14131fff0	0x141320735	0x14006f4f0
classic	PE:6a70b91c:0270a000	state-helper-131fff0	0x14131fff0	0x141320742	0x1401fb110
classic	PE:6a70b91c:0270a000	state-helper-131fff0	0x14131fff0	0x14132074f	0x14006f7e0
classic	PE:6a70b91c:0270a000	state-helper-131fff0	0x14131fff0	0x141320b5b	0x14006f4f0
classic	PE:6a70b91c:0270a000	state-helper-131fff0	0x14131fff0	0x141320b66	0x1400b9b10
classic	PE:6a70b91c:0270a000	state-helper-131fff0	0x14131fff0	0x141320b9c	QWORD PTR [rax+0x10]
classic	PE:6a70b91c:0270a000	state-helper-131fff0	0x14131fff0	0x141320baa	QWORD PTR [rax+0x18]
classic	PE:6a70b91c:0270a000	state-helper-131fff0	0x14131fff0	0x141320bc7	0x140c88ae0
classic	PE:6a70b91c:0270a000	state-helper-131fff0	0x14131fff0	0x141320cba	0x1400e3bb0
classic	PE:6a70b91c:0270a000	state-helper-131fff0	0x14131fff0	0x141320cc4	0x14006f7e0
classic	PE:6a70b91c:0270a000	state-helper-131fff0	0x14131fff0	0x141320cce	0x14006f7e0
classic	PE:6a70b91c:0270a000	state-helper-131fff0	0x14131fff0	0x141320d50	QWORD PTR [rax+0x10]
classic	PE:6a70b91c:0270a000	state-helper-131fff0	0x14131fff0	0x141320d64	QWORD PTR [rax+0x30]
classic	PE:6a70b91c:0270a000	state-helper-131fff0	0x14131fff0	0x141320dc8	0x14006f4f0
classic	PE:6a70b91c:0270a000	state-helper-131fff0	0x14131fff0	0x141320e00	0x140256720
classic	PE:6a70b91c:0270a000	state-helper-131fff0	0x14131fff0	0x141320e1b	0x14006f9a0
classic	PE:6a70b91c:0270a000	state-helper-131fff0	0x14131fff0	0x141320e31	0x14006f9a0
classic	PE:6a70b91c:0270a000	state-helper-131fff0	0x14131fff0	0x141320e40	QWORD PTR [rax+0x188]
classic	PE:6a70b91c:0270a000	state-helper-131fff0	0x14131fff0	0x141320e5c	0x14006f9a0
classic	PE:6a70b91c:0270a000	state-helper-131fff0	0x14131fff0	0x141320e72	0x14006f9a0
classic	PE:6a70b91c:0270a000	state-helper-131fff0	0x14131fff0	0x141320ee6	0x1400e3bb0
classic	PE:6a70b91c:0270a000	state-helper-131fff0	0x14131fff0	0x141320f1e	QWORD PTR [rip+0x2bfb7c]        # 0x1415e0aa0
classic	PE:6a70b91c:0270a000	state-helper-131fff0	0x14131fff0	0x141320f25	0x1415345f0
classic	PE:6a70b91c:0270a000	state-helper-131fff0	0x14131fff0	0x141320f6c	QWORD PTR [rip+0x2bfb2e]        # 0x1415e0aa0
classic	PE:6a70b91c:0270a000	state-helper-131fff0	0x14131fff0	0x141320f73	0x1415345f0
classic	PE:6a70b91c:0270a000	state-helper-131fff0	0x14131fff0	0x141320fe0	QWORD PTR [rax+0x10]
classic	PE:6a70b91c:0270a000	state-helper-131fff0	0x14131fff0	0x141320ff4	QWORD PTR [rax+0x30]
classic	PE:6a70b91c:0270a000	state-helper-131fff0	0x14131fff0	0x14132105b	0x14006f9a0
classic	PE:6a70b91c:0270a000	state-helper-131fff0	0x14131fff0	0x1413210c2	0x14006f860
classic	PE:6a70b91c:0270a000	state-helper-131fff0	0x14131fff0	0x1413210dd	0x14006f9a0
classic	PE:6a70b91c:0270a000	state-helper-131fff0	0x14131fff0	0x1413210f3	0x14006f9a0
classic	PE:6a70b91c:0270a000	state-helper-131fff0	0x14131fff0	0x141321102	QWORD PTR [rax+0x188]
classic	PE:6a70b91c:0270a000	state-helper-131fff0	0x14131fff0	0x14132111e	0x14006f9a0
classic	PE:6a70b91c:0270a000	state-helper-131fff0	0x14131fff0	0x141321134	0x14006f9a0
classic	PE:6a70b91c:0270a000	state-helper-131fff0	0x14131fff0	0x1413211a8	0x1400e3bb0
classic	PE:6a70b91c:0270a000	state-helper-131fff0	0x14131fff0	0x1413211e0	QWORD PTR [rip+0x2bf8ba]        # 0x1415e0aa0
classic	PE:6a70b91c:0270a000	state-helper-131fff0	0x14131fff0	0x1413211e7	0x1415345f0
classic	PE:6a70b91c:0270a000	state-helper-131fff0	0x14131fff0	0x14132122e	QWORD PTR [rip+0x2bf86c]        # 0x1415e0aa0
classic	PE:6a70b91c:0270a000	state-helper-131fff0	0x14131fff0	0x141321235	0x1415345f0
classic	PE:6a70b91c:0270a000	state-helper-131fff0	0x14131fff0	0x141321275	0x1414a6ed0
classic	PE:6a70b91c:0270a000	state-helper-131fff0	0x14131fff0	0x141321294	0x14014e000
classic	PE:6a70b91c:0270a000	state-helper-131fff0	0x14131fff0	0x1413212ab	0x141437850
classic	PE:6a70b91c:0270a000	state-helper-131fff0	0x14131fff0	0x1413212e1	0x1414c3e00
classic	PE:6a70b91c:0270a000	state-helper-131fff0	0x14131fff0	0x141321311	0x14014e000
classic	PE:6a70b91c:0270a000	state-helper-131fff0	0x14131fff0	0x141321328	0x141437850
classic	PE:6a70b91c:0270a000	state-helper-131fff0	0x14131fff0	0x14132135a	0x1414c3e00
classic	PE:6a70b91c:0270a000	state-helper-131fff0	0x14131fff0	0x14132138a	0x14014e000
classic	PE:6a70b91c:0270a000	state-helper-131fff0	0x14131fff0	0x1413213a1	0x141437850
classic	PE:6a70b91c:0270a000	state-helper-131fff0	0x14131fff0	0x1413213d7	0x1414c3e00
classic	PE:6a70b91c:0270a000	state-helper-131fff0	0x14131fff0	0x1413213fc	0x140067f10
classic	PE:6a70b91c:0270a000	state-helper-131fff0	0x14131fff0	0x141321457	0x14014e000
classic	PE:6a70b91c:0270a000	state-helper-131fff0	0x14131fff0	0x14132146e	0x141437850
classic	PE:6a70b91c:0270a000	state-helper-131fff0	0x14131fff0	0x14132149f	0x1414abd40
classic	PE:6a70b91c:0270a000	state-helper-131fff0	0x14131fff0	0x1413214d8	0x140067f10
classic	PE:6a70b91c:0270a000	state-helper-131fff0	0x14131fff0	0x141321531	0x140067f10
classic	PE:6a70b91c:0270a000	state-helper-131fff0	0x14131fff0	0x141321590	0x141437970
classic	PE:6a70b91c:0270a000	state-helper-131fff0	0x14131fff0	0x1413215c2	0x1414c3e00
classic	PE:6a70b91c:0270a000	state-helper-131fff0	0x14131fff0	0x1413215f2	0x14014e000
classic	PE:6a70b91c:0270a000	state-helper-131fff0	0x14131fff0	0x141321609	0x141437850
classic	PE:6a70b91c:0270a000	state-helper-131fff0	0x14131fff0	0x141321636	0x1414abd40
classic	PE:6a70b91c:0270a000	state-helper-131fff0	0x14131fff0	0x14132166c	0x14014e000
classic	PE:6a70b91c:0270a000	state-helper-131fff0	0x14131fff0	0x141321683	0x141437850
classic	PE:6a70b91c:0270a000	state-helper-131fff0	0x14131fff0	0x1413216b5	0x1414c3e00
classic	PE:6a70b91c:0270a000	state-helper-131fff0	0x14131fff0	0x1413216e5	0x14014e000
classic	PE:6a70b91c:0270a000	state-helper-131fff0	0x14131fff0	0x1413216fc	0x141437850
classic	PE:6a70b91c:0270a000	state-helper-131fff0	0x14131fff0	0x14132172a	0x140067f10
classic	PE:6a70b91c:0270a000	state-helper-131fff0	0x14131fff0	0x141321732	0x1402c0b60
classic	PE:6a70b91c:0270a000	state-helper-131fff0	0x14131fff0	0x141321751	0x14014e000
classic	PE:6a70b91c:0270a000	state-helper-131fff0	0x14131fff0	0x141321768	0x141437850
classic	PE:6a70b91c:0270a000	state-helper-131fff0	0x14131fff0	0x14132178f	0x1415163b0
classic	PE:6a70b91c:0270a000	state-helper-131fff0	0x14131fff0	0x1413217bf	0x14014e000
classic	PE:6a70b91c:0270a000	state-helper-131fff0	0x14131fff0	0x1413217d6	0x141437850
classic	PE:6a70b91c:0270a000	state-helper-131fff0	0x14131fff0	0x141321855	0x140067f10
classic	PE:6a70b91c:0270a000	state-helper-131fff0	0x14131fff0	0x1413218b7	0x1402c0ed0
classic	PE:6a70b91c:0270a000	state-helper-131fff0	0x14131fff0	0x1413218ea	0x140067f10
classic	PE:6a70b91c:0270a000	state-helper-131fff0	0x14131fff0	0x141321b6c	0x140067f10
classic	PE:6a70b91c:0270a000	state-helper-131fff0	0x14131fff0	0x141321e30	0x140067f10
classic	PE:6a70b91c:0270a000	state-helper-131fff0	0x14131fff0	0x141321e92	0x1402c0ed0
classic	PE:6a70b91c:0270a000	state-helper-131fff0	0x14131fff0	0x141321ec7	0x140067f10
classic	PE:6a70b91c:0270a000	state-helper-131fff0	0x14131fff0	0x141321fea	0x140067fa0
classic	PE:6a70b91c:0270a000	state-helper-131fff0	0x14131fff0	0x14132202a	0x140067f10
classic	PE:6a70b91c:0270a000	state-helper-131fff0	0x14131fff0	0x141322082	0x1402475c0
classic	PE:6a70b91c:0270a000	state-helper-131fff0	0x14131fff0	0x141322349	0x140067f10
classic	PE:6a70b91c:0270a000	state-helper-131fff0	0x14131fff0	0x141322356	0x1402471a0
classic	PE:6a70b91c:0270a000	state-helper-131fff0	0x14131fff0	0x141322367	0x1402475c0
classic	PE:6a70b91c:0270a000	state-helper-131fff0	0x14131fff0	0x141322374	0x140255f20
classic	PE:6a70b91c:0270a000	state-helper-131fff0	0x14131fff0	0x1413223dd	0x1414377a0
classic	PE:6a70b91c:0270a000	state-helper-131fff0	0x14131fff0	0x141322406	0x14014e000
classic	PE:6a70b91c:0270a000	state-helper-131fff0	0x14131fff0	0x14132242f	0x14014e000
classic	PE:6a70b91c:0270a000	state-helper-131fff0	0x14131fff0	0x1413224ba	0x14014e000
classic	PE:6a70b91c:0270a000	state-helper-131fff0	0x14131fff0	0x1413224e3	0x141437850
classic	PE:6a70b91c:0270a000	state-helper-131fff0	0x14131fff0	0x14132250c	0x140068030
classic	PE:6a70b91c:0270a000	state-helper-131fff0	0x14131fff0	0x141322590	0x141456e50
classic	PE:6a70b91c:0270a000	state-helper-131fff0	0x14131fff0	0x1413225e9	0x14014d810
classic	PE:6a70b91c:0270a000	state-helper-131fff0	0x14131fff0	0x141322611	0x14014d810
classic	PE:6a70b91c:0270a000	state-helper-131fff0	0x14131fff0	0x14132266a	0x1414a8ce0
classic	PE:6a70b91c:0270a000	state-helper-131fff0	0x14131fff0	0x141322752	0x140a763b0
classic	PE:6a70b91c:0270a000	state-helper-131fff0	0x14131fff0	0x141322792	QWORD PTR [rax+0x120]
classic	PE:6a70b91c:0270a000	state-helper-131fff0	0x14131fff0	0x1413227a0	QWORD PTR [rdx+0x118]
classic	PE:6a70b91c:0270a000	state-helper-131fff0	0x14131fff0	0x1413227b0	QWORD PTR [rax+0x258]
classic	PE:6a70b91c:0270a000	state-helper-131fff0	0x14131fff0	0x1413227f3	0x140d06540
classic	PE:6a70b91c:0270a000	state-helper-131fff0	0x14131fff0	0x141322884	0x140d05d80
classic	PE:6a70b91c:0270a000	state-helper-131fff0	0x14131fff0	0x141322892	0x141336a60
classic	PE:6a70b91c:0270a000	state-helper-131fff0	0x14131fff0	0x1413228ea	QWORD PTR [rax+0x330]
classic	PE:6a70b91c:0270a000	state-helper-131fff0	0x14131fff0	0x1413228ff	QWORD PTR [rax+0x328]
classic	PE:6a70b91c:0270a000	state-helper-131fff0	0x14131fff0	0x141322a72	0x14006f860
classic	PE:6a70b91c:0270a000	state-helper-131fff0	0x14131fff0	0x141322b43	0x140d002f0
classic	PE:6a70b91c:0270a000	state-helper-131fff0	0x14131fff0	0x141322b5e	0x14006f9a0
classic	PE:6a70b91c:0270a000	state-helper-131fff0	0x14131fff0	0x141322b74	0x14006f9a0
classic	PE:6a70b91c:0270a000	state-helper-131fff0	0x14131fff0	0x141322b90	0x140529cf0
classic	PE:6a70b91c:0270a000	state-helper-131fff0	0x14131fff0	0x141322ba6	0x14006f9a0
classic	PE:6a70b91c:0270a000	state-helper-131fff0	0x14131fff0	0x141322c10	0x1400e3bb0
classic	PE:6a70b91c:0270a000	state-helper-131fff0	0x14131fff0	0x141322c1a	0x14006f7e0
classic	PE:6a70b91c:0270a000	state-helper-131fff0	0x14131fff0	0x141322c24	0x14006f7e0
classic	PE:6a70b91c:0270a000	state-helper-131fff0	0x14131fff0	0x141322c31	0x14006f7e0
classic	PE:6a70b91c:0270a000	state-helper-131fff0	0x14131fff0	0x141322c3d	0x14006f7e0
classic	PE:6a70b91c:0270a000	state-helper-131fff0	0x14131fff0	0x141322c46	0x14006f7e0
classic	PE:6a70b91c:0270a000	state-helper-131fff0	0x14131fff0	0x141322cd5	0x141431500
classic	PE:6a70b91c:0270a000	state-helper-131fff0	0x14131fff0	0x141322ce2	0x1415345f0
classic	PE:6a70b91c:0270a000	state-helper-131fff0	0x14131fff0	0x141322d9a	0x140cffee0
classic	PE:6a70b91c:0270a000	state-helper-131fff0	0x14131fff0	0x141322db2	0x140d06990
classic	PE:6a70b91c:0270a000	state-helper-131fff0	0x14131fff0	0x141322dce	0x140d06990
classic	PE:6a70b91c:0270a000	state-helper-131fff0	0x14131fff0	0x141322ddf	0x140d06990
classic	PE:6a70b91c:0270a000	state-helper-131fff0	0x14131fff0	0x141322e17	0x140a64950
classic	PE:6a70b91c:0270a000	state-helper-131fff0	0x14131fff0	0x141322e3f	QWORD PTR [rax+0x10]
classic	PE:6a70b91c:0270a000	state-helper-131fff0	0x14131fff0	0x141322e53	QWORD PTR [rax+0x30]
classic	PE:6a70b91c:0270a000	state-helper-131fff0	0x14131fff0	0x141322eb9	0x141535d8a
classic	PE:6a70b91c:0270a000	state-helper-131fff0	0x14131fff0	0x141322ee5	0x1400bacc0
classic	PE:6a70b91c:0270a000	state-helper-131fff0	0x14131fff0	0x141322f82	0x1415345d0
classic	PE:6a70b91c:0270a000	state-helper-13233c0	0x1413233c0	0x1413234b2	0x140d001b0
classic	PE:6a70b91c:0270a000	state-helper-13233c0	0x1413233c0	0x1413234dc	0x14006f9a0
classic	PE:6a70b91c:0270a000	state-helper-13233c0	0x1413233c0	0x1413234f5	0x14006f9a0
classic	PE:6a70b91c:0270a000	state-helper-13233c0	0x1413233c0	0x141323504	0x140d001b0
classic	PE:6a70b91c:0270a000	state-helper-13233c0	0x1413233c0	0x14132352e	0x14006f9a0
classic	PE:6a70b91c:0270a000	state-helper-13233c0	0x1413233c0	0x1413235ac	0x1400e3bb0
classic	PE:6a70b91c:0270a000	state-helper-13233c0	0x1413233c0	0x1413235cd	QWORD PTR [rip+0x2bce55]        # 0x1415e0428
classic	PE:6a70b91c:0270a000	state-helper-13233c0	0x1413233c0	0x1413235dc	QWORD PTR [rip+0x2bce3e]        # 0x1415e0420
classic	PE:6a70b91c:0270a000	state-helper-13233c0	0x1413233c0	0x1413235fe	QWORD PTR [rip+0x2bce1c]        # 0x1415e0420
classic	PE:6a70b91c:0270a000	state-helper-13233c0	0x1413233c0	0x141323616	0x140281db0
classic	PE:6a70b91c:0270a000	state-helper-13233c0	0x1413233c0	0x141323640	0x141534d00
classic	PE:6a70b91c:0270a000	state-helper-13233c0	0x1413233c0	0x14132365b	0x141534d00
classic	PE:6a70b91c:0270a000	state-helper-13233c0	0x1413233c0	0x141323671	0x140070030
classic	PE:6a70b91c:0270a000	state-helper-13233c0	0x1413233c0	0x141323680	QWORD PTR [rip+0x2bcd82]        # 0x1415e0408
classic	PE:6a70b91c:0270a000	state-helper-13233c0	0x1413233c0	0x14132368d	0x141534d00
classic	PE:6a70b91c:0270a000	state-helper-13233c0	0x1413233c0	0x1413236be	0x140070030
classic	PE:6a70b91c:0270a000	state-helper-13233c0	0x1413233c0	0x1413236cd	QWORD PTR [rip+0x2bcd35]        # 0x1415e0408
classic	PE:6a70b91c:0270a000	state-helper-13233c0	0x1413233c0	0x1413236d7	0x14014aa50
classic	PE:6a70b91c:0270a000	state-helper-13233c0	0x1413233c0	0x1413236f8	QWORD PTR [rip+0x2bcd02]        # 0x1415e0400
classic	PE:6a70b91c:0270a000	state-helper-13233c0	0x1413233c0	0x141323764	0x14140bbf0
classic	PE:6a70b91c:0270a000	state-helper-13233c0	0x1413233c0	0x14132378d	QWORD PTR [rax]
classic	PE:6a70b91c:0270a000	state-helper-13233c0	0x1413233c0	0x1413237a6	QWORD PTR [rax+0x8]
classic	PE:6a70b91c:0270a000	state-helper-13233c0	0x1413233c0	0x1413237d6	0x14014a3e0
classic	PE:6a70b91c:0270a000	state-helper-13233c0	0x1413233c0	0x1413237df	QWORD PTR [rip+0x2bcd63]        # 0x1415e0548
classic	PE:6a70b91c:0270a000	state-helper-13233c0	0x1413233c0	0x1413237e9	QWORD PTR [rip+0x2bccd1]        # 0x1415e04c0
classic	PE:6a70b91c:0270a000	state-helper-13233c0	0x1413233c0	0x1413237f3	QWORD PTR [rip+0x2bcc37]        # 0x1415e0430
classic	PE:6a70b91c:0270a000	state-helper-13233c0	0x1413233c0	0x141323832	QWORD PTR [rip+0x2bd268]        # 0x1415e0aa0
classic	PE:6a70b91c:0270a000	state-helper-13233c0	0x1413233c0	0x141323839	0x1415345f0
classic	PE:6a70b91c:0270a000	state-helper-13233c0	0x1413233c0	0x14132388f	QWORD PTR [rip+0x2bd20b]        # 0x1415e0aa0
classic	PE:6a70b91c:0270a000	state-helper-13233c0	0x1413233c0	0x141323896	0x1415345f0
classic	PE:6a70b91c:0270a000	state-helper-13233c0	0x1413233c0	0x1413238e2	0x140d06790
classic	PE:6a70b91c:0270a000	state-helper-13233c0	0x1413233c0	0x1413238fd	0x1415345d0
classic	PE:6a70b91c:0270a000	state-helper-1327000	0x141327000	0x14132704f	0x141380a80
classic	PE:6a70b91c:0270a000	state-helper-1327000	0x141327000	0x1413272a5	0x141380a80
classic	PE:6a70b91c:0270a000	state-helper-1327000	0x141327000	0x1413272d7	0x141381960
classic	PE:6a70b91c:0270a000	state-helper-1327000	0x141327000	0x141327410	0x1413293a0
classic	PE:6a70b91c:0270a000	state-helper-1327000	0x141327000	0x141327486	0x140070760
classic	PE:6a70b91c:0270a000	state-helper-1327000	0x141327000	0x1413274a1	0x1415359e8
classic	PE:6a70b91c:0270a000	state-helper-1327000	0x141327000	0x1413274dd	0x14006f9a0
classic	PE:6a70b91c:0270a000	state-helper-1327000	0x141327000	0x1413274f3	0x14006f9a0
classic	PE:6a70b91c:0270a000	state-helper-1327000	0x141327000	0x141327518	0x140c62490
classic	PE:6a70b91c:0270a000	state-helper-1327000	0x141327000	0x141327533	0x14006f9a0
classic	PE:6a70b91c:0270a000	state-helper-1327000	0x141327000	0x141327546	0x14006f9a0
classic	PE:6a70b91c:0270a000	state-helper-1327000	0x141327000	0x1413275d8	0x1400e3bb0
classic	PE:6a70b91c:0270a000	state-helper-1327000	0x141327000	0x1413275e2	0x14006f7e0
classic	PE:6a70b91c:0270a000	state-helper-1327000	0x141327000	0x1413275ec	0x14006f7e0
classic	PE:6a70b91c:0270a000	state-helper-1327000	0x141327000	0x1413275f6	0x14006f7e0
classic	PE:6a70b91c:0270a000	state-helper-1327000	0x141327000	0x14132762d	0x141389c90
classic	PE:6a70b91c:0270a000	state-helper-1327000	0x141327000	0x1413276a3	0x1400ba030
classic	PE:6a70b91c:0270a000	state-helper-1327000	0x141327000	0x141327753	0x1400ba030
classic	PE:6a70b91c:0270a000	state-helper-1327000	0x141327000	0x1413277c4	0x140c60530
classic	PE:6a70b91c:0270a000	state-helper-1327000	0x141327000	0x1413277f2	0x141324b60
classic	PE:6a70b91c:0270a000	state-helper-1327000	0x141327000	0x14132780b	0x1400bab70
classic	PE:6a70b91c:0270a000	state-helper-1327000	0x141327000	0x14132783d	0x1400bab70
classic	PE:6a70b91c:0270a000	state-helper-1327000	0x141327000	0x14132785e	0x141535d8a
classic	PE:6a70b91c:0270a000	state-helper-1327000	0x141327000	0x14132787c	0x1400bab70
classic	PE:6a70b91c:0270a000	state-helper-1327000	0x141327000	0x1413278ab	0x1400bab70
classic	PE:6a70b91c:0270a000	state-helper-1327000	0x141327000	0x1413278cc	0x141535d8a
classic	PE:6a70b91c:0270a000	state-helper-1327000	0x141327000	0x14132790e	0x1400bab70
classic	PE:6a70b91c:0270a000	state-helper-1327000	0x141327000	0x14132792f	0x1400bab70
classic	PE:6a70b91c:0270a000	state-helper-1327000	0x141327000	0x141327950	0x141535d8a
classic	PE:6a70b91c:0270a000	state-helper-1327000	0x141327000	0x141327a8c	0x14131fff0
classic	PE:6a70b91c:0270a000	state-helper-1327000	0x141327000	0x141327a99	0x14006f6e0
classic	PE:6a70b91c:0270a000	state-helper-1327000	0x141327000	0x141327aa5	0x14006f7e0
classic	PE:6a70b91c:0270a000	state-helper-1327000	0x141327000	0x141327ab1	0x14006f7e0
classic	PE:6a70b91c:0270a000	state-helper-1327000	0x141327000	0x141327ac0	0x1415345d0
classic	PE:6a70b91c:0270a000	state-helper-1327000	0x141327000	0x141327ae6	0x140065820
classic	PE:6a70b91c:0270a000	state-helper-1330660	0x141330660	0x1413306d8	0x1400ba030
classic	PE:6a70b91c:0270a000	state-helper-1330660	0x141330660	0x1413306fe	0x140b500f0
classic	PE:6a70b91c:0270a000	state-helper-1330660	0x141330660	0x141330777	0x140e0ffd0
classic	PE:6a70b91c:0270a000	state-helper-1330660	0x141330660	0x14133082c	0x140e14070
classic	PE:6a70b91c:0270a000	state-helper-1330660	0x141330660	0x14133084b	0x140c1db10
classic	PE:6a70b91c:0270a000	state-helper-1330660	0x141330660	0x141330861	0x141534600
classic	PE:6a70b91c:0270a000	state-helper-1330660	0x141330660	0x1413308b0	0x141534600
classic	PE:6a70b91c:0270a000	state-helper-1330660	0x141330660	0x1413308c0	0x1405bdcc0
classic	PE:6a70b91c:0270a000	state-helper-1330660	0x141330660	0x1413308f2	0x1407dbba0
classic	PE:6a70b91c:0270a000	state-helper-1330660	0x141330660	0x1413309d7	0x1400ba130
classic	PE:6a70b91c:0270a000	state-helper-1330660	0x141330660	0x1413309ef	0x141534600
classic	PE:6a70b91c:0270a000	state-helper-1330660	0x141330660	0x141330a24	0x1410e42a0
classic	PE:6a70b91c:0270a000	state-helper-1330660	0x141330660	0x141330afc	0x140070450
classic	PE:6a70b91c:0270a000	state-helper-1330660	0x141330660	0x141330b33	0x140070450
classic	PE:6a70b91c:0270a000	state-helper-1330660	0x141330660	0x141330b6a	0x140eb1820
classic	PE:6a70b91c:0270a000	state-helper-1330660	0x141330660	0x141330ba0	0x140eb1820
classic	PE:6a70b91c:0270a000	state-helper-1330660	0x141330660	0x141330bd3	0x140eb1820
classic	PE:6a70b91c:0270a000	state-helper-1330660	0x141330660	0x141330c03	0x140eb1820
classic	PE:6a70b91c:0270a000	state-helper-1330660	0x141330660	0x141330c44	0x140eb1820
classic	PE:6a70b91c:0270a000	state-helper-1330660	0x141330660	0x141330c7b	0x140eb1820
classic	PE:6a70b91c:0270a000	state-helper-1330660	0x141330660	0x141330cae	0x140eb1820
classic	PE:6a70b91c:0270a000	state-helper-1330660	0x141330660	0x141330d59	0x1410e3480
classic	PE:6a70b91c:0270a000	state-helper-1330660	0x141330660	0x141330db4	0x141535d8a
classic	PE:6a70b91c:0270a000	state-helper-1330660	0x141330660	0x141330e1c	0x141535d8a
classic	PE:6a70b91c:0270a000	state-helper-1330660	0x141330660	0x141330ea4	0x140070450
classic	PE:6a70b91c:0270a000	state-helper-1330660	0x141330660	0x141330ec8	0x140eb1820
classic	PE:6a70b91c:0270a000	state-helper-1330660	0x141330660	0x141330f12	0x141336a60
classic	PE:6a70b91c:0270a000	state-helper-1330660	0x141330660	0x141330f24	0x141535d8a
classic	PE:6a70b91c:0270a000	state-helper-1330660	0x141330660	0x141330f94	0x140070450
classic	PE:6a70b91c:0270a000	state-helper-1330660	0x141330660	0x141330fb8	0x140eb1820
classic	PE:6a70b91c:0270a000	state-helper-1330660	0x141330660	0x141331002	0x141336a60
classic	PE:6a70b91c:0270a000	state-helper-1330660	0x141330660	0x141331014	0x141535d8a
classic	PE:6a70b91c:0270a000	state-helper-1330660	0x141330660	0x14133112e	0x140eb1820
classic	PE:6a70b91c:0270a000	state-helper-1330660	0x141330660	0x141331175	0x140eb1820
classic	PE:6a70b91c:0270a000	state-helper-1330660	0x141330660	0x1413311c7	0x141336a60
classic	PE:6a70b91c:0270a000	state-helper-1330660	0x141330660	0x141331202	0x141336a60
classic	PE:6a70b91c:0270a000	state-helper-1330660	0x141330660	0x141331212	0x141336a60
classic	PE:6a70b91c:0270a000	state-helper-1330660	0x141330660	0x141331222	0x141336a60
classic	PE:6a70b91c:0270a000	state-helper-1330660	0x141330660	0x141331232	0x141336a60
classic	PE:6a70b91c:0270a000	state-helper-1330660	0x141330660	0x141331242	0x141336a60
classic	PE:6a70b91c:0270a000	state-helper-1330660	0x141330660	0x14133125c	0x141336a60
classic	PE:6a70b91c:0270a000	state-helper-1330660	0x141330660	0x14133126c	0x141336a60
classic	PE:6a70b91c:0270a000	state-helper-1330660	0x141330660	0x14133127c	0x141336a60
classic	PE:6a70b91c:0270a000	state-helper-1330660	0x141330660	0x14133128c	0x141336a60
classic	PE:6a70b91c:0270a000	state-helper-1330660	0x141330660	0x1413312ac	0x141336a60
classic	PE:6a70b91c:0270a000	state-helper-1330660	0x141330660	0x1413312c1	0x141336a60
classic	PE:6a70b91c:0270a000	state-helper-1330660	0x141330660	0x1413312d1	0x141336a60
classic	PE:6a70b91c:0270a000	state-helper-1330660	0x141330660	0x1413312e1	0x141336a60
classic	PE:6a70b91c:0270a000	state-helper-1330660	0x141330660	0x1413312f1	0x141336a60
classic	PE:6a70b91c:0270a000	state-helper-1330660	0x141330660	0x141331301	0x141336a60
classic	PE:6a70b91c:0270a000	state-helper-1330660	0x141330660	0x141331311	0x141336a60
classic	PE:6a70b91c:0270a000	state-helper-1330660	0x141330660	0x141331356	0x140070fd0
classic	PE:6a70b91c:0270a000	state-helper-1330660	0x141330660	0x14133138f	0x140070fd0
classic	PE:6a70b91c:0270a000	state-helper-1330660	0x141330660	0x1413313c8	0x140070fd0
classic	PE:6a70b91c:0270a000	state-helper-1330660	0x141330660	0x141331401	0x140070fd0
classic	PE:6a70b91c:0270a000	state-helper-1330660	0x141330660	0x14133143a	0x140070fd0
classic	PE:6a70b91c:0270a000	state-helper-1330660	0x141330660	0x141331473	0x140070fd0
classic	PE:6a70b91c:0270a000	state-helper-1330660	0x141330660	0x1413314ac	0x140070fd0
classic	PE:6a70b91c:0270a000	state-helper-1330660	0x141330660	0x1413314e5	0x140070fd0
classic	PE:6a70b91c:0270a000	state-helper-1330660	0x141330660	0x14133151e	0x140070fd0
classic	PE:6a70b91c:0270a000	state-helper-1330660	0x141330660	0x141331557	0x140070fd0
classic	PE:6a70b91c:0270a000	state-helper-1330660	0x141330660	0x141331572	0x140eb1820
classic	PE:6a70b91c:0270a000	state-helper-1330660	0x141330660	0x1413315ba	0x140eb1820
classic	PE:6a70b91c:0270a000	state-helper-1330660	0x141330660	0x141331602	0x141336a60
classic	PE:6a70b91c:0270a000	state-helper-1330660	0x141330660	0x14133160d	0x140eb1820
classic	PE:6a70b91c:0270a000	state-helper-1330660	0x141330660	0x1413316ee	0x141336a60
classic	PE:6a70b91c:0270a000	state-helper-1330660	0x141330660	0x1413316f9	0x14006f740
classic	PE:6a70b91c:0270a000	state-helper-1330660	0x141330660	0x14133170f	0x1413f2420
classic	PE:6a70b91c:0270a000	state-helper-1330660	0x141330660	0x14133171a	0x14006f740
classic	PE:6a70b91c:0270a000	state-helper-1330660	0x141330660	0x141331724	0x14006f740
classic	PE:6a70b91c:0270a000	state-helper-1330660	0x141330660	0x14133172e	0x14006f740
classic	PE:6a70b91c:0270a000	state-helper-1330660	0x141330660	0x14133174c	0x141389c90
classic	PE:6a70b91c:0270a000	state-helper-1330660	0x141330660	0x14133179d	0x140436c90
classic	PE:6a70b91c:0270a000	state-helper-1330660	0x141330660	0x141331865	0x141534600
classic	PE:6a70b91c:0270a000	state-helper-1330660	0x141330660	0x14133189e	0x1400bacc0
classic	PE:6a70b91c:0270a000	state-helper-1330660	0x141330660	0x1413318c7	0x140b44c30
classic	PE:6a70b91c:0270a000	state-helper-1330660	0x141330660	0x1413318cc	0x140eb1820
classic	PE:6a70b91c:0270a000	state-helper-1330660	0x141330660	0x1413318fa	0x140eb1820
classic	PE:6a70b91c:0270a000	state-helper-1330660	0x141330660	0x1413319ee	0x141331d60
classic	PE:6a70b91c:0270a000	state-helper-1330660	0x141330660	0x1413319fd	0x1415345d0
classic	PE:6a70b91c:0270a000	state-helper-1336a60	0x141336a60	0x141336a91	0x1410e3c60
classic	PE:6a70b91c:0270a000	state-helper-1336a60	0x141336a60	0x141336a9f	0x141336c60
classic	PE:6a70b91c:0270a000	state-helper-1336a60	0x141336a60	0x141336abe	0x1400ba130
classic	PE:6a70b91c:0270a000	state-helper-1336a60	0x141336a60	0x141336b10	0x1413eaef0
classic	PE:6a70b91c:0270a000	state-helper-1336c60	0x141336c60	0x141336e6f	0x14136e880
classic	PE:6a70b91c:0270a000	state-helper-1336c60	0x141336c60	0x141336e92	0x141389c90
classic	PE:6a70b91c:0270a000	state-helper-1336c60	0x141336c60	0x141336ec4	0x140b500f0
classic	PE:6a70b91c:0270a000	state-helper-1336c60	0x141336c60	0x141336edb	0x140bb8110
classic	PE:6a70b91c:0270a000	state-helper-1336c60	0x141336c60	0x141336f24	0x1413e0a00
classic	PE:6a70b91c:0270a000	state-helper-1336c60	0x141336c60	0x141336f3b	0x140a910b0
classic	PE:6a70b91c:0270a000	state-helper-1336c60	0x141336c60	0x141336f51	0x14006f9a0
classic	PE:6a70b91c:0270a000	state-helper-1336c60	0x141336c60	0x141336f77	0x14132a8f0
classic	PE:6a70b91c:0270a000	state-helper-1336c60	0x141336c60	0x141336f92	0x14006f9a0
classic	PE:6a70b91c:0270a000	state-helper-1336c60	0x141336c60	0x141336fa8	0x14006f9a0
classic	PE:6a70b91c:0270a000	state-helper-1336c60	0x141336c60	0x141337030	0x1400e3bb0
classic	PE:6a70b91c:0270a000	state-helper-1336c60	0x141336c60	0x141337068	QWORD PTR [rip+0x2a9a32]        # 0x1415e0aa0
classic	PE:6a70b91c:0270a000	state-helper-1336c60	0x141336c60	0x14133706f	0x1415345f0
classic	PE:6a70b91c:0270a000	state-helper-1336c60	0x141336c60	0x141337088	0x14006f7e0
classic	PE:6a70b91c:0270a000	state-helper-1336c60	0x141336c60	0x1413370d6	0x1402b3da0
classic	PE:6a70b91c:0270a000	state-helper-1336c60	0x141336c60	0x1413370ec	0x14073fad0
classic	PE:6a70b91c:0270a000	state-helper-1336c60	0x141336c60	0x1413370f9	0x1402b3da0
classic	PE:6a70b91c:0270a000	state-helper-1336c60	0x141336c60	0x141337141	0x140b500f0
classic	PE:6a70b91c:0270a000	state-helper-1336c60	0x141336c60	0x141337153	0x140b94400
classic	PE:6a70b91c:0270a000	state-helper-1336c60	0x141336c60	0x141337171	0x14138a1c0
classic	PE:6a70b91c:0270a000	state-helper-1336c60	0x141336c60	0x14133718f	0x140b500f0
classic	PE:6a70b91c:0270a000	state-helper-1336c60	0x141336c60	0x1413371a1	0x140b94400
classic	PE:6a70b91c:0270a000	state-helper-1336c60	0x141336c60	0x1413371c3	0x14138a1c0
classic	PE:6a70b91c:0270a000	state-helper-1336c60	0x141336c60	0x1413371d9	0x140b500f0
classic	PE:6a70b91c:0270a000	state-helper-1336c60	0x141336c60	0x14133721f	QWORD PTR [rax]
classic	PE:6a70b91c:0270a000	state-helper-1336c60	0x141336c60	0x14133724e	0x1400ba030
classic	PE:6a70b91c:0270a000	state-helper-1336c60	0x141336c60	0x14133728c	0x140070db0
classic	PE:6a70b91c:0270a000	state-helper-1336c60	0x141336c60	0x1413372d5	0x140b500f0
classic	PE:6a70b91c:0270a000	state-helper-1336c60	0x141336c60	0x1413372f2	0x140b93410
classic	PE:6a70b91c:0270a000	state-helper-1336c60	0x141336c60	0x141337301	0x14006f6e0
classic	PE:6a70b91c:0270a000	state-helper-1336c60	0x141336c60	0x14133745d	0x141389c90
classic	PE:6a70b91c:0270a000	state-helper-1336c60	0x141336c60	0x1413374ae	0x1413e0a00
classic	PE:6a70b91c:0270a000	state-helper-1336c60	0x141336c60	0x1413374c5	0x140a910b0
classic	PE:6a70b91c:0270a000	state-helper-1336c60	0x141336c60	0x1413374db	0x14006f9a0
classic	PE:6a70b91c:0270a000	state-helper-1336c60	0x141336c60	0x141337501	0x14132a8f0
classic	PE:6a70b91c:0270a000	state-helper-1336c60	0x141336c60	0x14133751c	0x14006f9a0
classic	PE:6a70b91c:0270a000	state-helper-1336c60	0x141336c60	0x141337532	0x14006f9a0
classic	PE:6a70b91c:0270a000	state-helper-1336c60	0x141336c60	0x1413375bc	0x1400e3bb0
classic	PE:6a70b91c:0270a000	state-helper-1336c60	0x141336c60	0x1413375f4	QWORD PTR [rip+0x2a94a6]        # 0x1415e0aa0
classic	PE:6a70b91c:0270a000	state-helper-1336c60	0x141336c60	0x1413375fb	0x1415345f0
classic	PE:6a70b91c:0270a000	state-helper-1336c60	0x141336c60	0x141337614	0x14006f7e0
classic	PE:6a70b91c:0270a000	state-helper-1336c60	0x141336c60	0x1413376a0	0x141389c90
classic	PE:6a70b91c:0270a000	state-helper-1336c60	0x141336c60	0x1413376e4	0x1413e0a00
classic	PE:6a70b91c:0270a000	state-helper-1336c60	0x141336c60	0x1413376fb	0x140a910b0
classic	PE:6a70b91c:0270a000	state-helper-1336c60	0x141336c60	0x141337711	0x14006f9a0
classic	PE:6a70b91c:0270a000	state-helper-1336c60	0x141336c60	0x141337737	0x14132a8f0
classic	PE:6a70b91c:0270a000	state-helper-1336c60	0x141336c60	0x141337752	0x14006f9a0
classic	PE:6a70b91c:0270a000	state-helper-1336c60	0x141336c60	0x141337768	0x14006f9a0
classic	PE:6a70b91c:0270a000	state-helper-1336c60	0x141336c60	0x1413377e7	0x1400e3bb0
classic	PE:6a70b91c:0270a000	state-helper-1336c60	0x141336c60	0x14133781f	QWORD PTR [rip+0x2a927b]        # 0x1415e0aa0
classic	PE:6a70b91c:0270a000	state-helper-1336c60	0x141336c60	0x141337826	0x1415345f0
classic	PE:6a70b91c:0270a000	state-helper-1336c60	0x141336c60	0x141337871	QWORD PTR [rip+0x2a9229]        # 0x1415e0aa0
classic	PE:6a70b91c:0270a000	state-helper-1336c60	0x141336c60	0x141337878	0x1415345f0
classic	PE:6a70b91c:0270a000	state-helper-1336c60	0x141336c60	0x14133790a	0x141389c90
classic	PE:6a70b91c:0270a000	state-helper-1336c60	0x141336c60	0x14133794e	0x1413e0a00
classic	PE:6a70b91c:0270a000	state-helper-1336c60	0x141336c60	0x141337965	0x140a910b0
classic	PE:6a70b91c:0270a000	state-helper-1336c60	0x141336c60	0x14133797b	0x14006f9a0
classic	PE:6a70b91c:0270a000	state-helper-1336c60	0x141336c60	0x1413379a1	0x14132a8f0
classic	PE:6a70b91c:0270a000	state-helper-1336c60	0x141336c60	0x1413379bc	0x14006f9a0
classic	PE:6a70b91c:0270a000	state-helper-1336c60	0x141336c60	0x1413379d2	0x14006f9a0
classic	PE:6a70b91c:0270a000	state-helper-1336c60	0x141336c60	0x141337a51	0x1400e3bb0
classic	PE:6a70b91c:0270a000	state-helper-1336c60	0x141336c60	0x141337a89	QWORD PTR [rip+0x2a9011]        # 0x1415e0aa0
classic	PE:6a70b91c:0270a000	state-helper-1336c60	0x141336c60	0x141337a90	0x1415345f0
classic	PE:6a70b91c:0270a000	state-helper-1336c60	0x141336c60	0x141337ae3	QWORD PTR [rip+0x2a8fb7]        # 0x1415e0aa0
classic	PE:6a70b91c:0270a000	state-helper-1336c60	0x141336c60	0x141337b7a	0x141389c90
classic	PE:6a70b91c:0270a000	state-helper-1336c60	0x141336c60	0x141337bbe	0x1413e0a00
classic	PE:6a70b91c:0270a000	state-helper-1336c60	0x141336c60	0x141337bd5	0x140a910b0
classic	PE:6a70b91c:0270a000	state-helper-1336c60	0x141336c60	0x141337beb	0x14006f9a0
classic	PE:6a70b91c:0270a000	state-helper-1336c60	0x141336c60	0x141337c11	0x14132a8f0
classic	PE:6a70b91c:0270a000	state-helper-1336c60	0x141336c60	0x141337c2c	0x14006f9a0
classic	PE:6a70b91c:0270a000	state-helper-1336c60	0x141336c60	0x141337c42	0x14006f9a0
classic	PE:6a70b91c:0270a000	state-helper-1336c60	0x141336c60	0x141337cc1	0x1400e3bb0
classic	PE:6a70b91c:0270a000	state-helper-1336c60	0x141336c60	0x141337cf9	QWORD PTR [rip+0x2a8da1]        # 0x1415e0aa0
classic	PE:6a70b91c:0270a000	state-helper-1336c60	0x141336c60	0x141337d00	0x1415345f0
classic	PE:6a70b91c:0270a000	state-helper-1336c60	0x141336c60	0x141337d53	QWORD PTR [rip+0x2a8d47]        # 0x1415e0aa0
classic	PE:6a70b91c:0270a000	state-helper-1336c60	0x141336c60	0x141337dea	0x141389c90
classic	PE:6a70b91c:0270a000	state-helper-1336c60	0x141336c60	0x141337e2e	0x1413e0a00
classic	PE:6a70b91c:0270a000	state-helper-1336c60	0x141336c60	0x141337e45	0x140a910b0
classic	PE:6a70b91c:0270a000	state-helper-1336c60	0x141336c60	0x141337e5b	0x14006f9a0
classic	PE:6a70b91c:0270a000	state-helper-1336c60	0x141336c60	0x141337e81	0x14132a8f0
classic	PE:6a70b91c:0270a000	state-helper-1336c60	0x141336c60	0x141337e9c	0x14006f9a0
classic	PE:6a70b91c:0270a000	state-helper-1336c60	0x141336c60	0x141337eb2	0x14006f9a0
classic	PE:6a70b91c:0270a000	state-helper-1336c60	0x141336c60	0x141337f31	0x1400e3bb0
classic	PE:6a70b91c:0270a000	state-helper-1336c60	0x141336c60	0x141337f69	QWORD PTR [rip+0x2a8b31]        # 0x1415e0aa0
classic	PE:6a70b91c:0270a000	state-helper-1336c60	0x141336c60	0x141337f70	0x1415345f0
classic	PE:6a70b91c:0270a000	state-helper-1336c60	0x141336c60	0x141337fc3	QWORD PTR [rip+0x2a8ad7]        # 0x1415e0aa0
classic	PE:6a70b91c:0270a000	state-helper-1336c60	0x141336c60	0x14133805a	0x141389c90
classic	PE:6a70b91c:0270a000	state-helper-1336c60	0x141336c60	0x14133809e	0x1413e0a00
classic	PE:6a70b91c:0270a000	state-helper-1336c60	0x141336c60	0x1413380b5	0x140a910b0
classic	PE:6a70b91c:0270a000	state-helper-1336c60	0x141336c60	0x1413380cb	0x14006f9a0
classic	PE:6a70b91c:0270a000	state-helper-1336c60	0x141336c60	0x1413380f1	0x14132a8f0
classic	PE:6a70b91c:0270a000	state-helper-1336c60	0x141336c60	0x14133810c	0x14006f9a0
classic	PE:6a70b91c:0270a000	state-helper-1336c60	0x141336c60	0x141338122	0x14006f9a0
classic	PE:6a70b91c:0270a000	state-helper-1336c60	0x141336c60	0x1413381a1	0x1400e3bb0
classic	PE:6a70b91c:0270a000	state-helper-1336c60	0x141336c60	0x1413381d9	QWORD PTR [rip+0x2a88c1]        # 0x1415e0aa0
classic	PE:6a70b91c:0270a000	state-helper-1336c60	0x141336c60	0x1413381e0	0x1415345f0
classic	PE:6a70b91c:0270a000	state-helper-1336c60	0x141336c60	0x141338233	QWORD PTR [rip+0x2a8867]        # 0x1415e0aa0
classic	PE:6a70b91c:0270a000	state-helper-1336c60	0x141336c60	0x1413382ca	0x141389c90
classic	PE:6a70b91c:0270a000	state-helper-1336c60	0x141336c60	0x14133830e	0x1413e0a00
classic	PE:6a70b91c:0270a000	state-helper-1336c60	0x141336c60	0x141338325	0x140a910b0
classic	PE:6a70b91c:0270a000	state-helper-1336c60	0x141336c60	0x14133833b	0x14006f9a0
classic	PE:6a70b91c:0270a000	state-helper-1336c60	0x141336c60	0x141338361	0x14132a8f0
classic	PE:6a70b91c:0270a000	state-helper-1336c60	0x141336c60	0x14133837c	0x14006f9a0
classic	PE:6a70b91c:0270a000	state-helper-1336c60	0x141336c60	0x141338392	0x14006f9a0
classic	PE:6a70b91c:0270a000	state-helper-1336c60	0x141336c60	0x141338411	0x1400e3bb0
classic	PE:6a70b91c:0270a000	state-helper-1336c60	0x141336c60	0x141338449	QWORD PTR [rip+0x2a8651]        # 0x1415e0aa0
classic	PE:6a70b91c:0270a000	state-helper-1336c60	0x141336c60	0x141338450	0x1415345f0
classic	PE:6a70b91c:0270a000	state-helper-1336c60	0x141336c60	0x1413384a3	QWORD PTR [rip+0x2a85f7]        # 0x1415e0aa0
classic	PE:6a70b91c:0270a000	state-helper-1336c60	0x141336c60	0x14133853a	0x141389c90
classic	PE:6a70b91c:0270a000	state-helper-1336c60	0x141336c60	0x14133857e	0x1413e0a00
classic	PE:6a70b91c:0270a000	state-helper-1336c60	0x141336c60	0x141338595	0x140a910b0
classic	PE:6a70b91c:0270a000	state-helper-1336c60	0x141336c60	0x1413385ab	0x14006f9a0
classic	PE:6a70b91c:0270a000	state-helper-1336c60	0x141336c60	0x1413385d1	0x14132a8f0
classic	PE:6a70b91c:0270a000	state-helper-1336c60	0x141336c60	0x1413385ec	0x14006f9a0
classic	PE:6a70b91c:0270a000	state-helper-1336c60	0x141336c60	0x141338602	0x14006f9a0
classic	PE:6a70b91c:0270a000	state-helper-1336c60	0x141336c60	0x141338681	0x1400e3bb0
classic	PE:6a70b91c:0270a000	state-helper-1336c60	0x141336c60	0x1413386b9	QWORD PTR [rip+0x2a83e1]        # 0x1415e0aa0
classic	PE:6a70b91c:0270a000	state-helper-1336c60	0x141336c60	0x1413386c0	0x1415345f0
classic	PE:6a70b91c:0270a000	state-helper-1336c60	0x141336c60	0x141338713	QWORD PTR [rip+0x2a8387]        # 0x1415e0aa0
classic	PE:6a70b91c:0270a000	state-helper-1336c60	0x141336c60	0x1413387aa	0x141389c90
classic	PE:6a70b91c:0270a000	state-helper-1336c60	0x141336c60	0x1413387ee	0x1413e0a00
classic	PE:6a70b91c:0270a000	state-helper-1336c60	0x141336c60	0x141338805	0x140a910b0
classic	PE:6a70b91c:0270a000	state-helper-1336c60	0x141336c60	0x14133881b	0x14006f9a0
classic	PE:6a70b91c:0270a000	state-helper-1336c60	0x141336c60	0x141338841	0x14132a8f0
classic	PE:6a70b91c:0270a000	state-helper-1336c60	0x141336c60	0x14133885c	0x14006f9a0
classic	PE:6a70b91c:0270a000	state-helper-1336c60	0x141336c60	0x141338872	0x14006f9a0
classic	PE:6a70b91c:0270a000	state-helper-1336c60	0x141336c60	0x1413388f1	0x1400e3bb0
classic	PE:6a70b91c:0270a000	state-helper-1336c60	0x141336c60	0x141338929	QWORD PTR [rip+0x2a8171]        # 0x1415e0aa0
classic	PE:6a70b91c:0270a000	state-helper-1336c60	0x141336c60	0x141338930	0x1415345f0
classic	PE:6a70b91c:0270a000	state-helper-1336c60	0x141336c60	0x141338983	QWORD PTR [rip+0x2a8117]        # 0x1415e0aa0
classic	PE:6a70b91c:0270a000	state-helper-1336c60	0x141336c60	0x141338a1a	0x141389c90
classic	PE:6a70b91c:0270a000	state-helper-1336c60	0x141336c60	0x141338a5e	0x1413e0a00
classic	PE:6a70b91c:0270a000	state-helper-1336c60	0x141336c60	0x141338a75	0x140a910b0
classic	PE:6a70b91c:0270a000	state-helper-1336c60	0x141336c60	0x141338a8b	0x14006f9a0
classic	PE:6a70b91c:0270a000	state-helper-1336c60	0x141336c60	0x141338ab1	0x14132a8f0
classic	PE:6a70b91c:0270a000	state-helper-1336c60	0x141336c60	0x141338acc	0x14006f9a0
classic	PE:6a70b91c:0270a000	state-helper-1336c60	0x141336c60	0x141338ae2	0x14006f9a0
classic	PE:6a70b91c:0270a000	state-helper-1336c60	0x141336c60	0x141338b61	0x1400e3bb0
classic	PE:6a70b91c:0270a000	state-helper-1336c60	0x141336c60	0x141338b99	QWORD PTR [rip+0x2a7f01]        # 0x1415e0aa0
classic	PE:6a70b91c:0270a000	state-helper-1336c60	0x141336c60	0x141338ba0	0x1415345f0
classic	PE:6a70b91c:0270a000	state-helper-1336c60	0x141336c60	0x141338bf3	QWORD PTR [rip+0x2a7ea7]        # 0x1415e0aa0
classic	PE:6a70b91c:0270a000	state-helper-1336c60	0x141336c60	0x141338c8a	0x141389c90
classic	PE:6a70b91c:0270a000	state-helper-1336c60	0x141336c60	0x141338cce	0x1413e0a00
classic	PE:6a70b91c:0270a000	state-helper-1336c60	0x141336c60	0x141338ce5	0x140a910b0
classic	PE:6a70b91c:0270a000	state-helper-1336c60	0x141336c60	0x141338cfb	0x14006f9a0
classic	PE:6a70b91c:0270a000	state-helper-1336c60	0x141336c60	0x141338d21	0x14132a8f0
classic	PE:6a70b91c:0270a000	state-helper-1336c60	0x141336c60	0x141338d3c	0x14006f9a0
classic	PE:6a70b91c:0270a000	state-helper-1336c60	0x141336c60	0x141338d52	0x14006f9a0
classic	PE:6a70b91c:0270a000	state-helper-1336c60	0x141336c60	0x141338dd1	0x1400e3bb0
classic	PE:6a70b91c:0270a000	state-helper-1336c60	0x141336c60	0x141338e09	QWORD PTR [rip+0x2a7c91]        # 0x1415e0aa0
classic	PE:6a70b91c:0270a000	state-helper-1336c60	0x141336c60	0x141338e10	0x1415345f0
classic	PE:6a70b91c:0270a000	state-helper-1336c60	0x141336c60	0x141338ec1	0x141389c90
classic	PE:6a70b91c:0270a000	state-helper-1336c60	0x141336c60	0x141338f05	0x1413e0a00
classic	PE:6a70b91c:0270a000	state-helper-1336c60	0x141336c60	0x141338f1c	0x140a910b0
classic	PE:6a70b91c:0270a000	state-helper-1336c60	0x141336c60	0x141338f32	0x14006f9a0
classic	PE:6a70b91c:0270a000	state-helper-1336c60	0x141336c60	0x141338f58	0x14132a8f0
classic	PE:6a70b91c:0270a000	state-helper-1336c60	0x141336c60	0x141338f73	0x14006f9a0
classic	PE:6a70b91c:0270a000	state-helper-1336c60	0x141336c60	0x141338f89	0x14006f9a0
classic	PE:6a70b91c:0270a000	state-helper-1336c60	0x141336c60	0x141339008	0x1400e3bb0
classic	PE:6a70b91c:0270a000	state-helper-1336c60	0x141336c60	0x141339012	0x14006f7e0
classic	PE:6a70b91c:0270a000	state-helper-1336c60	0x141336c60	0x14133901c	0x14006f7e0
classic	PE:6a70b91c:0270a000	state-helper-1336c60	0x141336c60	0x141339028	0x1415345d0
classic	PE:6a70b91c:0270a000	state-helper-13439b0	0x1413439b0	0x141343a54	0x141389c90
classic	PE:6a70b91c:0270a000	state-helper-13439b0	0x1413439b0	0x141343a88	0x141344e90
classic	PE:6a70b91c:0270a000	state-helper-13439b0	0x1413439b0	0x141343b1a	0x14131fff0
classic	PE:6a70b91c:0270a000	state-helper-13439b0	0x1413439b0	0x141343b22	0x140aa1170
classic	PE:6a70b91c:0270a000	state-helper-13439b0	0x1413439b0	0x141343b3a	0x140e2da60
classic	PE:6a70b91c:0270a000	state-helper-13439b0	0x1413439b0	0x141343b9c	0x141389c90
classic	PE:6a70b91c:0270a000	state-helper-13439b0	0x1413439b0	0x141343bb0	0x14132bba0
classic	PE:6a70b91c:0270a000	state-helper-13439b0	0x1413439b0	0x141343bc6	0x14006f9a0
classic	PE:6a70b91c:0270a000	state-helper-13439b0	0x1413439b0	0x141343bfb	QWORD PTR [rax+0x10]
classic	PE:6a70b91c:0270a000	state-helper-13439b0	0x1413439b0	0x141343c09	QWORD PTR [rax+0x18]
classic	PE:6a70b91c:0270a000	state-helper-13439b0	0x1413439b0	0x141343c29	0x140c88ae0
classic	PE:6a70b91c:0270a000	state-helper-13439b0	0x1413439b0	0x141343d03	0x140b93410
classic	PE:6a70b91c:0270a000	state-helper-13439b0	0x1413439b0	0x141343d12	0x14132bba0
classic	PE:6a70b91c:0270a000	state-helper-13439b0	0x1413439b0	0x141343d28	0x14006f9a0
classic	PE:6a70b91c:0270a000	state-helper-13439b0	0x1413439b0	0x141343d5b	QWORD PTR [rax+0x10]
classic	PE:6a70b91c:0270a000	state-helper-13439b0	0x1413439b0	0x141343d69	QWORD PTR [rax+0x18]
classic	PE:6a70b91c:0270a000	state-helper-13439b0	0x1413439b0	0x141343d89	0x140c88ae0
classic	PE:6a70b91c:0270a000	state-helper-13439b0	0x1413439b0	0x141343ddc	0x141389c90
classic	PE:6a70b91c:0270a000	state-helper-13439b0	0x1413439b0	0x141343df0	0x14132bba0
classic	PE:6a70b91c:0270a000	state-helper-13439b0	0x1413439b0	0x141343e06	0x14006f9a0
classic	PE:6a70b91c:0270a000	state-helper-13439b0	0x1413439b0	0x141343e3b	QWORD PTR [rax+0x10]
classic	PE:6a70b91c:0270a000	state-helper-13439b0	0x1413439b0	0x141343e49	QWORD PTR [rax+0x18]
classic	PE:6a70b91c:0270a000	state-helper-13439b0	0x1413439b0	0x141343e69	0x140c88ae0
classic	PE:6a70b91c:0270a000	state-helper-13439b0	0x1413439b0	0x141343ebc	0x141389c90
classic	PE:6a70b91c:0270a000	state-helper-13439b0	0x1413439b0	0x141343ed0	0x14132bba0
classic	PE:6a70b91c:0270a000	state-helper-13439b0	0x1413439b0	0x141343ee6	0x14006f9a0
classic	PE:6a70b91c:0270a000	state-helper-13439b0	0x1413439b0	0x141343f1b	QWORD PTR [rax+0x10]
classic	PE:6a70b91c:0270a000	state-helper-13439b0	0x1413439b0	0x141343f29	QWORD PTR [rax+0x18]
classic	PE:6a70b91c:0270a000	state-helper-13439b0	0x1413439b0	0x141343f49	0x140c88ae0
classic	PE:6a70b91c:0270a000	state-helper-13439b0	0x1413439b0	0x141343ff2	0x1400e3bb0
classic	PE:6a70b91c:0270a000	state-helper-13439b0	0x1413439b0	0x141344004	0x140a68200
classic	PE:6a70b91c:0270a000	state-helper-13439b0	0x1413439b0	0x141344039	0x14007dab0
classic	PE:6a70b91c:0270a000	state-helper-13439b0	0x1413439b0	0x141344067	0x1413a05d0
classic	PE:6a70b91c:0270a000	state-helper-13439b0	0x1413439b0	0x1413440b1	QWORD PTR [rax+0x10]
classic	PE:6a70b91c:0270a000	state-helper-13439b0	0x1413439b0	0x1413440bf	QWORD PTR [rax+0x18]
classic	PE:6a70b91c:0270a000	state-helper-13439b0	0x1413439b0	0x1413440df	0x140c88ae0
classic	PE:6a70b91c:0270a000	state-helper-13439b0	0x1413439b0	0x141344133	0x14007dc60
classic	PE:6a70b91c:0270a000	state-helper-13439b0	0x1413439b0	0x141344148	0x1401bc180
classic	PE:6a70b91c:0270a000	state-helper-13439b0	0x1413439b0	0x141344177	QWORD PTR [rax+0x128]
classic	PE:6a70b91c:0270a000	state-helper-13439b0	0x1413439b0	0x141344182	0x14006f7e0
classic	PE:6a70b91c:0270a000	state-helper-13439b0	0x1413439b0	0x14134418c	0x14006f6e0
classic	PE:6a70b91c:0270a000	state-helper-13439b0	0x1413439b0	0x141344195	0x14006f7e0
classic	PE:6a70b91c:0270a000	state-helper-13439b0	0x1413439b0	0x14134419e	0x14006f7e0
classic	PE:6a70b91c:0270a000	state-helper-13439b0	0x1413439b0	0x1413441aa	0x1415345d0
classic	PE:6a70b91c:0270a000	state-helper-134a3b0	0x14134a3b0	0x14134a45d	0x1414a8e10
classic	PE:6a70b91c:0270a000	state-helper-134a3b0	0x14134a3b0	0x14134a488	0x140067f10
classic	PE:6a70b91c:0270a000	state-helper-134a3b0	0x14134a3b0	0x14134a4a0	0x1407dde90
classic	PE:6a70b91c:0270a000	state-helper-134a3b0	0x14134a3b0	0x14134a52b	0x14132eb30
classic	PE:6a70b91c:0270a000	state-helper-134a3b0	0x14134a3b0	0x14134a535	0x141534600
classic	PE:6a70b91c:0270a000	state-helper-134a3b0	0x14134a3b0	0x14134a571	0x140070b60
classic	PE:6a70b91c:0270a000	state-helper-134a3b0	0x14134a3b0	0x14134a5fc	0x140a888a0
classic	PE:6a70b91c:0270a000	state-helper-134a3b0	0x14134a3b0	0x14134a60b	0x1407dde90
classic	PE:6a70b91c:0270a000	state-helper-134a3b0	0x14134a3b0	0x14134a610	0x140eb1820
classic	PE:6a70b91c:0270a000	state-helper-134a3b0	0x14134a3b0	0x14134a82b	0x1413293a0
classic	PE:6a70b91c:0270a000	state-helper-134a3b0	0x14134a3b0	0x14134a8b8	0x140070760
classic	PE:6a70b91c:0270a000	state-helper-134a3b0	0x14134a3b0	0x14134a8dc	0x1415359e8
classic	PE:6a70b91c:0270a000	state-helper-134a3b0	0x14134a3b0	0x14134a91d	0x14006f9a0
classic	PE:6a70b91c:0270a000	state-helper-134a3b0	0x14134a3b0	0x14134a936	0x14006f9a0
classic	PE:6a70b91c:0270a000	state-helper-134a3b0	0x14134a3b0	0x14134a9af	0x1400e3bb0
classic	PE:6a70b91c:0270a000	state-helper-134a3b0	0x14134a3b0	0x14134a9bc	0x14006f7e0
classic	PE:6a70b91c:0270a000	state-helper-134a3b0	0x14134a3b0	0x14134a9c9	0x14006f7e0
classic	PE:6a70b91c:0270a000	state-helper-134a3b0	0x14134a3b0	0x14134a9ce	0x140eb1820
classic	PE:6a70b91c:0270a000	state-helper-134a3b0	0x14134a3b0	0x14134aa13	0x14137e5b0
classic	PE:6a70b91c:0270a000	state-helper-134a3b0	0x14134a3b0	0x14134aa27	0x14137a1d0
classic	PE:6a70b91c:0270a000	state-helper-134a3b0	0x14134a3b0	0x14134aa42	0x14137a3f0
classic	PE:6a70b91c:0270a000	state-helper-134a3b0	0x14134a3b0	0x14134aa67	0x141343830
classic	PE:6a70b91c:0270a000	state-helper-134a3b0	0x14134a3b0	0x14134aa85	0x141360050
classic	PE:6a70b91c:0270a000	state-helper-134a3b0	0x14134a3b0	0x14134aaf0	0x1413293a0
classic	PE:6a70b91c:0270a000	state-helper-134a3b0	0x14134a3b0	0x14134ab7b	0x140070760
classic	PE:6a70b91c:0270a000	state-helper-134a3b0	0x14134a3b0	0x14134ab9f	0x1415359e8
classic	PE:6a70b91c:0270a000	state-helper-134a3b0	0x14134a3b0	0x14134abe0	0x14006f9a0
classic	PE:6a70b91c:0270a000	state-helper-134a3b0	0x14134a3b0	0x14134abf9	0x14006f9a0
classic	PE:6a70b91c:0270a000	state-helper-134a3b0	0x14134a3b0	0x14134ac84	0x1400e3bb0
classic	PE:6a70b91c:0270a000	state-helper-134a3b0	0x14134a3b0	0x14134acc6	0x1415345f0
classic	PE:6a70b91c:0270a000	state-helper-134a3b0	0x14134a3b0	0x14134ad20	0x1415345f0
classic	PE:6a70b91c:0270a000	state-helper-134a3b0	0x14134a3b0	0x14134ad28	0x14137a090
classic	PE:6a70b91c:0270a000	state-helper-134a3b0	0x14134a3b0	0x14134ad4e	0x14137a590
classic	PE:6a70b91c:0270a000	state-helper-134a3b0	0x14134a3b0	0x14134ad5e	0x140a50640
classic	PE:6a70b91c:0270a000	state-helper-134a3b0	0x14134a3b0	0x14134adfe	0x1413293a0
classic	PE:6a70b91c:0270a000	state-helper-134a3b0	0x14134a3b0	0x14134ae8b	0x140070760
classic	PE:6a70b91c:0270a000	state-helper-134a3b0	0x14134a3b0	0x14134aeaf	0x1415359e8
classic	PE:6a70b91c:0270a000	state-helper-134a3b0	0x14134a3b0	0x14134aef0	0x14006f9a0
classic	PE:6a70b91c:0270a000	state-helper-134a3b0	0x14134a3b0	0x14134af09	0x14006f9a0
classic	PE:6a70b91c:0270a000	state-helper-134a3b0	0x14134a3b0	0x14134afb5	0x1400e3bb0
classic	PE:6a70b91c:0270a000	state-helper-134a3b0	0x14134a3b0	0x14134aff7	0x1415345f0
classic	PE:6a70b91c:0270a000	state-helper-134a3b0	0x14134a3b0	0x14134b01c	0x14006f7e0
classic	PE:6a70b91c:0270a000	state-helper-134a3b0	0x14134a3b0	0x14134b021	0x140eb1820
classic	PE:6a70b91c:0270a000	state-helper-134a3b0	0x14134a3b0	0x14134b077	0x141343830
classic	PE:6a70b91c:0270a000	state-helper-134a3b0	0x14134a3b0	0x14134b08f	0x141360050
classic	PE:6a70b91c:0270a000	state-helper-134a3b0	0x14134a3b0	0x14134b0fc	0x1413293a0
classic	PE:6a70b91c:0270a000	state-helper-134a3b0	0x14134a3b0	0x14134b187	0x140070760
classic	PE:6a70b91c:0270a000	state-helper-134a3b0	0x14134a3b0	0x14134b1ab	0x1415359e8
classic	PE:6a70b91c:0270a000	state-helper-134a3b0	0x14134a3b0	0x14134b1e7	0x14006f9a0
classic	PE:6a70b91c:0270a000	state-helper-134a3b0	0x14134a3b0	0x14134b200	0x14006f9a0
classic	PE:6a70b91c:0270a000	state-helper-134a3b0	0x14134a3b0	0x14134b2ae	0x1400e3bb0
classic	PE:6a70b91c:0270a000	state-helper-134a3b0	0x14134a3b0	0x14134b2f0	0x1415345f0
classic	PE:6a70b91c:0270a000	state-helper-134a3b0	0x14134a3b0	0x14134b34a	0x1415345f0
classic	PE:6a70b91c:0270a000	state-helper-134a3b0	0x14134a3b0	0x14134b34f	0x140eb1820
classic	PE:6a70b91c:0270a000	state-helper-134a3b0	0x14134a3b0	0x14134b393	0x14137e5b0
classic	PE:6a70b91c:0270a000	state-helper-134a3b0	0x14134a3b0	0x14134b3a7	0x14137a1d0
classic	PE:6a70b91c:0270a000	state-helper-134a3b0	0x14134a3b0	0x14134b3c2	0x14137a3f0
classic	PE:6a70b91c:0270a000	state-helper-134a3b0	0x14134a3b0	0x14134b3de	0x140a50640
classic	PE:6a70b91c:0270a000	state-helper-134a3b0	0x14134a3b0	0x14134b3ff	0x141343830
classic	PE:6a70b91c:0270a000	state-helper-134a3b0	0x14134a3b0	0x14134b423	0x140eb1820
classic	PE:6a70b91c:0270a000	state-helper-134a3b0	0x14134a3b0	0x14134b463	0x14137e5b0
classic	PE:6a70b91c:0270a000	state-helper-134a3b0	0x14134a3b0	0x14134b4c9	0x1413293a0
classic	PE:6a70b91c:0270a000	state-helper-134a3b0	0x14134a3b0	0x14134b554	0x140070760
classic	PE:6a70b91c:0270a000	state-helper-134a3b0	0x14134a3b0	0x14134b578	0x1415359e8
classic	PE:6a70b91c:0270a000	state-helper-134a3b0	0x14134a3b0	0x14134b5b4	0x14006f9a0
classic	PE:6a70b91c:0270a000	state-helper-134a3b0	0x14134a3b0	0x14134b5cd	0x14006f9a0
classic	PE:6a70b91c:0270a000	state-helper-134a3b0	0x14134a3b0	0x14134b67b	0x1400e3bb0
classic	PE:6a70b91c:0270a000	state-helper-134a3b0	0x14134a3b0	0x14134b6bd	0x1415345f0
classic	PE:6a70b91c:0270a000	state-helper-134a3b0	0x14134a3b0	0x14134b6e2	0x14006f7e0
classic	PE:6a70b91c:0270a000	state-helper-134a3b0	0x14134a3b0	0x14134b703	0x14137a3f0
classic	PE:6a70b91c:0270a000	state-helper-134a3b0	0x14134a3b0	0x14134b724	0x141392640
classic	PE:6a70b91c:0270a000	state-helper-134a3b0	0x14134a3b0	0x14134b76b	0x1413eaef0
classic	PE:6a70b91c:0270a000	state-helper-134a3b0	0x14134a3b0	0x14134b78f	0x14007dbd0
classic	PE:6a70b91c:0270a000	state-helper-134a3b0	0x14134a3b0	0x14134b7ce	0x1413eaef0
classic	PE:6a70b91c:0270a000	state-helper-134a3b0	0x14134a3b0	0x14134b7f7	0x14007dbd0
classic	PE:6a70b91c:0270a000	state-helper-134a3b0	0x14134a3b0	0x14134b83a	0x1413eaef0
classic	PE:6a70b91c:0270a000	state-helper-134a3b0	0x14134a3b0	0x14134b8a3	0x1413eaef0
classic	PE:6a70b91c:0270a000	state-helper-134a3b0	0x14134a3b0	0x14134b8ab	0x14137e3e0
classic	PE:6a70b91c:0270a000	state-helper-134a3b0	0x14134a3b0	0x14134b8c7	0x1414a8ce0
classic	PE:6a70b91c:0270a000	state-helper-134a3b0	0x14134a3b0	0x14134b98f	0x1400bab70
classic	PE:6a70b91c:0270a000	state-helper-134a3b0	0x14134a3b0	0x14134b9f1	0x1413c0e60
classic	PE:6a70b91c:0270a000	state-helper-134a3b0	0x14134a3b0	0x14134ba69	0x1414a8ce0
classic	PE:6a70b91c:0270a000	state-helper-134a3b0	0x14134a3b0	0x14134bad5	0x1413293a0
classic	PE:6a70b91c:0270a000	state-helper-134a3b0	0x14134a3b0	0x14134bb60	0x140070760
classic	PE:6a70b91c:0270a000	state-helper-134a3b0	0x14134a3b0	0x14134bb84	0x1415359e8
classic	PE:6a70b91c:0270a000	state-helper-134a3b0	0x14134a3b0	0x14134bbc0	0x14006f9a0
classic	PE:6a70b91c:0270a000	state-helper-134a3b0	0x14134a3b0	0x14134bbd9	0x14006f9a0
classic	PE:6a70b91c:0270a000	state-helper-134a3b0	0x14134a3b0	0x14134bc2a	0x1414cc890
classic	PE:6a70b91c:0270a000	state-helper-134a3b0	0x14134a3b0	0x14134bc54	0x14006f9a0
classic	PE:6a70b91c:0270a000	state-helper-134a3b0	0x14134a3b0	0x14134bc6d	0x14006f9a0
classic	PE:6a70b91c:0270a000	state-helper-134a3b0	0x14134a3b0	0x14134bcf3	0x1400e3bb0
classic	PE:6a70b91c:0270a000	state-helper-134a3b0	0x14134a3b0	0x14134bd00	0x14006f7e0
classic	PE:6a70b91c:0270a000	state-helper-134a3b0	0x14134a3b0	0x14134bd0d	0x14006f7e0
classic	PE:6a70b91c:0270a000	state-helper-134a3b0	0x14134a3b0	0x14134bd53	0x1415345f0
classic	PE:6a70b91c:0270a000	state-helper-134a3b0	0x14134a3b0	0x14134bd6c	0x1414a8ce0
classic	PE:6a70b91c:0270a000	state-helper-134a3b0	0x14134a3b0	0x14134bd93	0x1414a8ce0
classic	PE:6a70b91c:0270a000	state-helper-134a3b0	0x14134a3b0	0x14134bdd6	0x1414a8ce0
classic	PE:6a70b91c:0270a000	state-helper-134a3b0	0x14134a3b0	0x14134bdff	0x1414a8ce0
classic	PE:6a70b91c:0270a000	state-helper-134a3b0	0x14134a3b0	0x14134be4b	0x140247c80
classic	PE:6a70b91c:0270a000	state-helper-134a3b0	0x14134a3b0	0x14134be5d	0x140eb1820
classic	PE:6a70b91c:0270a000	state-helper-134a3b0	0x14134a3b0	0x14134be99	0x14137e5b0
classic	PE:6a70b91c:0270a000	state-helper-134a3b0	0x14134a3b0	0x14134beb3	0x14137a3f0
classic	PE:6a70b91c:0270a000	state-helper-134a3b0	0x14134a3b0	0x14134bede	0x141392640
classic	PE:6a70b91c:0270a000	state-helper-134a3b0	0x14134a3b0	0x14134beff	0x141392640
classic	PE:6a70b91c:0270a000	state-helper-134a3b0	0x14134a3b0	0x14134bf23	0x141392640
classic	PE:6a70b91c:0270a000	state-helper-134a3b0	0x14134a3b0	0x14134bfde	QWORD PTR [rip+0x294abc]        # 0x1415e0aa0
classic	PE:6a70b91c:0270a000	state-helper-134a3b0	0x14134a3b0	0x14134bfe5	QWORD PTR [rip+0x294ab5]        # 0x1415e0aa0
classic	PE:6a70b91c:0270a000	state-helper-134a3b0	0x14134a3b0	0x14134bfec	QWORD PTR [rip+0x294aae]        # 0x1415e0aa0
classic	PE:6a70b91c:0270a000	state-helper-134a3b0	0x14134a3b0	0x14134bff3	QWORD PTR [rip+0x294aa7]        # 0x1415e0aa0
classic	PE:6a70b91c:0270a000	state-helper-134a3b0	0x14134a3b0	0x14134bffa	QWORD PTR [rip+0x294aa0]        # 0x1415e0aa0
classic	PE:6a70b91c:0270a000	state-helper-134a3b0	0x14134a3b0	0x14134c001	QWORD PTR [rip+0x294a99]        # 0x1415e0aa0
classic	PE:6a70b91c:0270a000	state-helper-134a3b0	0x14134a3b0	0x14134c008	QWORD PTR [rip+0x294a92]        # 0x1415e0aa0
classic	PE:6a70b91c:0270a000	state-helper-134a3b0	0x14134a3b0	0x14134c5e7	0x140247c80
classic	PE:6a70b91c:0270a000	state-helper-134a3b0	0x14134a3b0	0x14134c605	0x141392640
classic	PE:6a70b91c:0270a000	state-helper-134a3b0	0x14134a3b0	0x14134c628	0x141343830
classic	PE:6a70b91c:0270a000	state-helper-134a3b0	0x14134a3b0	0x14134c697	0x1413293a0
classic	PE:6a70b91c:0270a000	state-helper-134a3b0	0x14134a3b0	0x14134c729	0x140070760
classic	PE:6a70b91c:0270a000	state-helper-134a3b0	0x14134a3b0	0x14134c74d	0x1415359e8
classic	PE:6a70b91c:0270a000	state-helper-134a3b0	0x14134a3b0	0x14134c78b	0x14006f9a0
classic	PE:6a70b91c:0270a000	state-helper-134a3b0	0x14134a3b0	0x14134c7ae	0x14007dbd0
classic	PE:6a70b91c:0270a000	state-helper-134a3b0	0x14134a3b0	0x14134c7df	0x14006f9a0
classic	PE:6a70b91c:0270a000	state-helper-134a3b0	0x14134a3b0	0x14134c862	0x1400e3bb0
classic	PE:6a70b91c:0270a000	state-helper-134a3b0	0x14134a3b0	0x14134c8a0	QWORD PTR [rip+0x2941fa]        # 0x1415e0aa0
classic	PE:6a70b91c:0270a000	state-helper-134a3b0	0x14134a3b0	0x14134c8a7	0x1415345f0
classic	PE:6a70b91c:0270a000	state-helper-134a3b0	0x14134a3b0	0x14134c8fd	QWORD PTR [rip+0x29419d]        # 0x1415e0aa0
classic	PE:6a70b91c:0270a000	state-helper-134a3b0	0x14134a3b0	0x14134c904	0x1415345f0
classic	PE:6a70b91c:0270a000	state-helper-134a3b0	0x14134a3b0	0x14134c90e	0x140eb1820
classic	PE:6a70b91c:0270a000	state-helper-134a3b0	0x14134a3b0	0x14134c949	0x14137e780
classic	PE:6a70b91c:0270a000	state-helper-134a3b0	0x14134a3b0	0x14134c95d	0x14137a1d0
classic	PE:6a70b91c:0270a000	state-helper-134a3b0	0x14134a3b0	0x14134c978	0x14137a3f0
classic	PE:6a70b91c:0270a000	state-helper-134a3b0	0x14134a3b0	0x14134ca5b	0x1405327c0
classic	PE:6a70b91c:0270a000	state-helper-134a3b0	0x14134a3b0	0x14134cb02	0x1413a8da0
classic	PE:6a70b91c:0270a000	state-helper-134a3b0	0x14134a3b0	0x14134cc53	0x140eb1820
classic	PE:6a70b91c:0270a000	state-helper-134a3b0	0x14134a3b0	0x14134cc91	0x141336a60
classic	PE:6a70b91c:0270a000	state-helper-134a3b0	0x14134a3b0	0x14134cca1	0x1413cff90
classic	PE:6a70b91c:0270a000	state-helper-134a3b0	0x14134a3b0	0x14134cd9d	0x141442170
classic	PE:6a70b91c:0270a000	state-helper-134a3b0	0x14134a3b0	0x14134ce0d	0x1414a57a0
classic	PE:6a70b91c:0270a000	state-helper-134a3b0	0x14134a3b0	0x14134ce21	0x140067fa0
classic	PE:6a70b91c:0270a000	state-helper-134a3b0	0x14134a3b0	0x14134ce46	0x1405a5d40
classic	PE:6a70b91c:0270a000	state-helper-134a3b0	0x14134a3b0	0x14134cfaf	0x1407dde90
classic	PE:6a70b91c:0270a000	state-helper-134a3b0	0x14134a3b0	0x14134d017	0x141442170
classic	PE:6a70b91c:0270a000	state-helper-134a3b0	0x14134a3b0	0x14134d0f1	0x1414a57a0
classic	PE:6a70b91c:0270a000	state-helper-134a3b0	0x14134a3b0	0x14134d108	0x140067fa0
classic	PE:6a70b91c:0270a000	state-helper-134a3b0	0x14134a3b0	0x14134d12c	0x1405a5d40
classic	PE:6a70b91c:0270a000	state-helper-134a3b0	0x14134a3b0	0x14134d13e	0x141534600
classic	PE:6a70b91c:0270a000	state-helper-134a3b0	0x14134a3b0	0x14134d14f	0x140ea21a0
classic	PE:6a70b91c:0270a000	state-helper-134a3b0	0x14134a3b0	0x14134d217	0x141359ab0
classic	PE:6a70b91c:0270a000	state-helper-134a3b0	0x14134a3b0	0x14134d2ae	0x140cae460
classic	PE:6a70b91c:0270a000	state-helper-134a3b0	0x14134a3b0	0x14134d2cb	0x141349aa0
classic	PE:6a70b91c:0270a000	state-helper-134a3b0	0x14134a3b0	0x14134d2d3	0x141349cb0
classic	PE:6a70b91c:0270a000	state-helper-134a3b0	0x14134a3b0	0x14134d2e7	0x141349f30
classic	PE:6a70b91c:0270a000	state-helper-134a3b0	0x14134a3b0	0x14134d2fb	0x14134a050
classic	PE:6a70b91c:0270a000	state-helper-134a3b0	0x14134a3b0	0x14134d30c	0x1415345d0
classic	PE:6a70b91c:0270a000	state-helper-134a3b0	0x14134a3b0	0x14134d332	0x140065820
classic	PE:6a70b91c:0270a000	state-helper-134a3b0	0x14134a3b0	0x14134d338	0x140065820
classic	PE:6a70b91c:0270a000	state-helper-134a3b0	0x14134a3b0	0x14134d33e	0x140065820
classic	PE:6a70b91c:0270a000	state-helper-134a3b0	0x14134a3b0	0x14134d344	0x140065820
classic	PE:6a70b91c:0270a000	state-helper-134a3b0	0x14134a3b0	0x14134d34a	0x140065820
classic	PE:6a70b91c:0270a000	state-helper-134a3b0	0x14134a3b0	0x14134d350	0x140065820
classic	PE:6a70b91c:0270a000	state-helper-134a3b0	0x14134a3b0	0x14134d356	0x140065820
classic	PE:6a70b91c:0270a000	state-helper-134e8b0	0x14134e8b0	0x14134e920	QWORD PTR [rax+0x10]
classic	PE:6a70b91c:0270a000	state-helper-134e8b0	0x14134e8b0	0x14134e92e	QWORD PTR [rax+0x18]
classic	PE:6a70b91c:0270a000	state-helper-134e8b0	0x14134e8b0	0x14134e94e	0x140c88ae0
classic	PE:6a70b91c:0270a000	state-helper-134e8b0	0x14134e8b0	0x14134e9c4	0x14132bba0
classic	PE:6a70b91c:0270a000	state-helper-134e8b0	0x14134e8b0	0x14134e9da	0x14006f9a0
classic	PE:6a70b91c:0270a000	state-helper-134e8b0	0x14134e8b0	0x14134e9f0	0x14006f9a0
classic	PE:6a70b91c:0270a000	state-helper-134e8b0	0x14134e8b0	0x14134ea36	0x141389c90
classic	PE:6a70b91c:0270a000	state-helper-134e8b0	0x14134e8b0	0x14134eaac	0x1400ba030
classic	PE:6a70b91c:0270a000	state-helper-134e8b0	0x14134e8b0	0x14134eb4d	0x1400ba030
classic	PE:6a70b91c:0270a000	state-helper-134e8b0	0x14134e8b0	0x14134ec0d	0x1400ba030
classic	PE:6a70b91c:0270a000	state-helper-134e8b0	0x14134e8b0	0x14134ec67	QWORD PTR [rax]
classic	PE:6a70b91c:0270a000	state-helper-134e8b0	0x14134e8b0	0x14134ec94	0x1400bab70
classic	PE:6a70b91c:0270a000	state-helper-134e8b0	0x14134e8b0	0x14134eccc	0x1400bab70
classic	PE:6a70b91c:0270a000	state-helper-134e8b0	0x14134e8b0	0x14134ed05	0x1400fc020
classic	PE:6a70b91c:0270a000	state-helper-134e8b0	0x14134e8b0	0x14134ed64	0x1413844f0
classic	PE:6a70b91c:0270a000	state-helper-134e8b0	0x14134e8b0	0x14134ed6e	0x14131f5d0
classic	PE:6a70b91c:0270a000	state-helper-134e8b0	0x14134e8b0	0x14134ed8d	0x141324490
classic	PE:6a70b91c:0270a000	state-helper-134e8b0	0x14134e8b0	0x14134ee37	0x14013cd90
classic	PE:6a70b91c:0270a000	state-helper-134e8b0	0x14134e8b0	0x14134ee94	0x1413844f0
classic	PE:6a70b91c:0270a000	state-helper-134e8b0	0x14134e8b0	0x14134ee9e	0x14131f5d0
classic	PE:6a70b91c:0270a000	state-helper-134e8b0	0x14134e8b0	0x14134eebd	0x141324490
classic	PE:6a70b91c:0270a000	state-helper-134e8b0	0x14134e8b0	0x14134ef1b	0x141323920
classic	PE:6a70b91c:0270a000	state-helper-134e8b0	0x14134e8b0	0x14134ef2b	0x140066b00
classic	PE:6a70b91c:0270a000	state-helper-134e8b0	0x14134e8b0	0x14134f00b	0x141384b50
classic	PE:6a70b91c:0270a000	state-helper-134e8b0	0x14134e8b0	0x14134f01f	0x141384b50
classic	PE:6a70b91c:0270a000	state-helper-134e8b0	0x14134e8b0	0x14134f085	0x14006f740
classic	PE:6a70b91c:0270a000	state-helper-134e8b0	0x14134e8b0	0x14134f08e	0x14006f740
classic	PE:6a70b91c:0270a000	state-helper-134e8b0	0x14134e8b0	0x14134f097	0x14006f740
classic	PE:6a70b91c:0270a000	state-helper-134e8b0	0x14134e8b0	0x14134f0a4	0x1415345f0
classic	PE:6a70b91c:0270a000	state-helper-134e8b0	0x14134e8b0	0x14134f0f6	0x1415345f0
classic	PE:6a70b91c:0270a000	state-helper-134e8b0	0x14134e8b0	0x14134f104	0x1415345f0
classic	PE:6a70b91c:0270a000	state-helper-134e8b0	0x14134e8b0	0x14134f122	0x1415345f0
classic	PE:6a70b91c:0270a000	state-helper-134e8b0	0x14134e8b0	0x14134f158	0x140b500f0
classic	PE:6a70b91c:0270a000	state-helper-134e8b0	0x14134e8b0	0x14134f16c	0x140bbd5d0
classic	PE:6a70b91c:0270a000	state-helper-134e8b0	0x14134e8b0	0x14134f250	0x14006f6e0
classic	PE:6a70b91c:0270a000	state-helper-134e8b0	0x14134e8b0	0x14134f258	0x14006f6e0
classic	PE:6a70b91c:0270a000	state-helper-134e8b0	0x14134e8b0	0x14134f265	0x1415345f0
classic	PE:6a70b91c:0270a000	state-helper-134e8b0	0x14134e8b0	0x14134f29d	0x1415345f0
classic	PE:6a70b91c:0270a000	state-helper-134e8b0	0x14134e8b0	0x14134f3e1	0x1413e0230
classic	PE:6a70b91c:0270a000	state-helper-134e8b0	0x14134e8b0	0x14134f3ed	0x141534600
classic	PE:6a70b91c:0270a000	state-helper-134e8b0	0x14134e8b0	0x14134f3fa	0x1405be890
classic	PE:6a70b91c:0270a000	state-helper-134e8b0	0x14134e8b0	0x14134f421	0x1413e0230
classic	PE:6a70b91c:0270a000	state-helper-134e8b0	0x14134e8b0	0x14134f446	0x1400bacc0
classic	PE:6a70b91c:0270a000	state-helper-134e8b0	0x14134e8b0	0x14134f461	0x14137d5a0
classic	PE:6a70b91c:0270a000	state-helper-134e8b0	0x14134e8b0	0x14134f46e	0x141324ce0
classic	PE:6a70b91c:0270a000	state-helper-134e8b0	0x14134e8b0	0x14134f4a0	0x1415345f0
classic	PE:6a70b91c:0270a000	state-helper-134e8b0	0x14134e8b0	0x14134f4d0	0x1413774b0
classic	PE:6a70b91c:0270a000	state-helper-134e8b0	0x14134e8b0	0x14134f4e3	0x141376cc0
classic	PE:6a70b91c:0270a000	state-helper-134e8b0	0x14134e8b0	0x14134f58b	0x14006f860
classic	PE:6a70b91c:0270a000	state-helper-134e8b0	0x14134e8b0	0x14134f5db	0x14006f860
classic	PE:6a70b91c:0270a000	state-helper-134e8b0	0x14134e8b0	0x14134f5f9	0x14006f9a0
classic	PE:6a70b91c:0270a000	state-helper-134e8b0	0x14134e8b0	0x14134f60c	0x14006f9a0
classic	PE:6a70b91c:0270a000	state-helper-134e8b0	0x14134e8b0	0x14134f68a	0x1400e3bb0
classic	PE:6a70b91c:0270a000	state-helper-134e8b0	0x14134e8b0	0x14134f6c2	QWORD PTR [rip+0x2913d8]        # 0x1415e0aa0
classic	PE:6a70b91c:0270a000	state-helper-134e8b0	0x14134e8b0	0x14134f6c9	0x1415345f0
classic	PE:6a70b91c:0270a000	state-helper-134e8b0	0x14134e8b0	0x14134f6fd	0x14006f7e0
classic	PE:6a70b91c:0270a000	state-helper-134e8b0	0x14134e8b0	0x14134f709	0x1415345d0
classic	PE:6a70b91c:0270a000	state-helper-135d520	0x14135d520	0x14135d584	0x1400ba030
classic	PE:6a70b91c:0270a000	state-helper-135d520	0x14135d520	0x14135d62c	0x14135f030
classic	PE:6a70b91c:0270a000	state-helper-135d520	0x14135d520	0x14135d640	0x140ac7820
classic	PE:6a70b91c:0270a000	state-helper-135d520	0x14135d520	0x14135d653	0x140a3faf0
classic	PE:6a70b91c:0270a000	state-helper-135d520	0x14135d520	0x14135d660	0x141430f20
classic	PE:6a70b91c:0270a000	state-helper-135d520	0x14135d520	0x14135d68c	0x141389c90
classic	PE:6a70b91c:0270a000	state-helper-135d520	0x14135d520	0x14135d6c7	0x1400ba030
classic	PE:6a70b91c:0270a000	state-helper-135d520	0x14135d520	0x14135d720	0x14132c470
classic	PE:6a70b91c:0270a000	state-helper-135d520	0x14135d520	0x14135d736	0x14006f9a0
classic	PE:6a70b91c:0270a000	state-helper-135d520	0x14135d520	0x14135d73f	0x14052b070
classic	PE:6a70b91c:0270a000	state-helper-135d520	0x14135d520	0x14135d7fc	0x14006f860
classic	PE:6a70b91c:0270a000	state-helper-135d520	0x14135d520	0x14135d861	0x14006f9a0
classic	PE:6a70b91c:0270a000	state-helper-135d520	0x14135d520	0x14135d87a	0x14006f9a0
classic	PE:6a70b91c:0270a000	state-helper-135d520	0x14135d520	0x14135d9b3	0x1400e3bb0
classic	PE:6a70b91c:0270a000	state-helper-135d520	0x14135d520	0x14135d9ee	QWORD PTR [rip+0x2830ac]        # 0x1415e0aa0
classic	PE:6a70b91c:0270a000	state-helper-135d520	0x14135d520	0x14135d9f5	0x1415345f0
classic	PE:6a70b91c:0270a000	state-helper-135d520	0x14135d520	0x14135da39	QWORD PTR [rip+0x283061]        # 0x1415e0aa0
classic	PE:6a70b91c:0270a000	state-helper-135d520	0x14135d520	0x14135dae5	0x140070760
classic	PE:6a70b91c:0270a000	state-helper-135d520	0x14135d520	0x14135db3c	0x1400e3bb0
classic	PE:6a70b91c:0270a000	state-helper-135d520	0x14135d520	0x14135db80	QWORD PTR [rip+0x282f1a]        # 0x1415e0aa0
classic	PE:6a70b91c:0270a000	state-helper-135d520	0x14135d520	0x14135dc2c	0x140070760
classic	PE:6a70b91c:0270a000	state-helper-135d520	0x14135d520	0x14135dc76	0x1400e3bb0
classic	PE:6a70b91c:0270a000	state-helper-135d520	0x14135d520	0x14135dcba	QWORD PTR [rip+0x282de0]        # 0x1415e0aa0
classic	PE:6a70b91c:0270a000	state-helper-135d520	0x14135d520	0x14135dd0c	0x14132c470
classic	PE:6a70b91c:0270a000	state-helper-135d520	0x14135d520	0x14135dd22	0x14006f9a0
classic	PE:6a70b91c:0270a000	state-helper-135d520	0x14135d520	0x14135dd2b	0x14052b070
classic	PE:6a70b91c:0270a000	state-helper-135d520	0x14135d520	0x14135de09	0x14006f9a0
classic	PE:6a70b91c:0270a000	state-helper-135d520	0x14135d520	0x14135de26	0x140b91440
classic	PE:6a70b91c:0270a000	state-helper-135d520	0x14135d520	0x14135de3c	0x14006f9a0
classic	PE:6a70b91c:0270a000	state-helper-135d520	0x14135d520	0x14135de6c	0x1413eaef0
classic	PE:6a70b91c:0270a000	state-helper-135d520	0x14135d520	0x14135de88	0x14006f9a0
classic	PE:6a70b91c:0270a000	state-helper-135d520	0x14135d520	0x14135df31	0x1400e3bb0
classic	PE:6a70b91c:0270a000	state-helper-135d520	0x14135d520	0x14135df75	QWORD PTR [rip+0x282b25]        # 0x1415e0aa0
classic	PE:6a70b91c:0270a000	state-helper-135d520	0x14135d520	0x14135dfb9	0x140070760
classic	PE:6a70b91c:0270a000	state-helper-135d520	0x14135d520	0x14135e07e	0x1400e3bb0
classic	PE:6a70b91c:0270a000	state-helper-135d520	0x14135d520	0x14135e088	0x14006f7e0
classic	PE:6a70b91c:0270a000	state-helper-135d520	0x14135d520	0x14135e0bf	0x1400ba030
classic	PE:6a70b91c:0270a000	state-helper-135d520	0x14135d520	0x14135e101	0x140070760
classic	PE:6a70b91c:0270a000	state-helper-135d520	0x14135d520	0x14135e1d3	0x1400e3bb0
classic	PE:6a70b91c:0270a000	state-helper-135d520	0x14135d520	0x14135e217	QWORD PTR [rip+0x282883]        # 0x1415e0aa0
classic	PE:6a70b91c:0270a000	state-helper-135d520	0x14135d520	0x14135e23a	0x1400ba030
classic	PE:6a70b91c:0270a000	state-helper-135d520	0x14135d520	0x14135e2a5	0x1400ba030
classic	PE:6a70b91c:0270a000	state-helper-135d520	0x14135d520	0x14135e2e3	0x14007db70
classic	PE:6a70b91c:0270a000	state-helper-135d520	0x14135d520	0x14135e32e	0x1400680e0
classic	PE:6a70b91c:0270a000	state-helper-135d520	0x14135d520	0x14135e344	0x1400e3bb0
classic	PE:6a70b91c:0270a000	state-helper-135d520	0x14135d520	0x14135e34e	0x14006f7e0
classic	PE:6a70b91c:0270a000	state-helper-135d520	0x14135d520	0x14135e369	0x141385260
classic	PE:6a70b91c:0270a000	state-helper-135d520	0x14135d520	0x14135e371	0x14075a9f0
classic	PE:6a70b91c:0270a000	state-helper-135d520	0x14135d520	0x14135e387	0x141385260
classic	PE:6a70b91c:0270a000	state-helper-135d520	0x14135d520	0x14135e39a	0x141385260
classic	PE:6a70b91c:0270a000	state-helper-135d520	0x14135d520	0x14135e3aa	0x141385260
classic	PE:6a70b91c:0270a000	state-helper-135d520	0x14135d520	0x14135e3b2	0x14075a9f0
classic	PE:6a70b91c:0270a000	state-helper-135d520	0x14135d520	0x14135e3ff	0x14007db70
classic	PE:6a70b91c:0270a000	state-helper-135d520	0x14135d520	0x14135e44a	0x1400680e0
classic	PE:6a70b91c:0270a000	state-helper-135d520	0x14135d520	0x14135e460	0x1400e3bb0
classic	PE:6a70b91c:0270a000	state-helper-135d520	0x14135d520	0x14135e46a	0x14006f7e0
classic	PE:6a70b91c:0270a000	state-helper-135d520	0x14135d520	0x14135e479	0x14007db70
classic	PE:6a70b91c:0270a000	state-helper-135d520	0x14135d520	0x14135e4c4	0x1400680e0
classic	PE:6a70b91c:0270a000	state-helper-135d520	0x14135d520	0x14135e4da	0x1400e3bb0
classic	PE:6a70b91c:0270a000	state-helper-135d520	0x14135d520	0x14135e4e4	0x14006f7e0
classic	PE:6a70b91c:0270a000	state-helper-135d520	0x14135d520	0x14135e583	0x140070760
classic	PE:6a70b91c:0270a000	state-helper-135d520	0x14135d520	0x14135e5e6	0x1400e3bb0
classic	PE:6a70b91c:0270a000	state-helper-135d520	0x14135d520	0x14135e62a	QWORD PTR [rip+0x282470]        # 0x1415e0aa0
classic	PE:6a70b91c:0270a000	state-helper-135d520	0x14135d520	0x14135e74e	0x14006f860
classic	PE:6a70b91c:0270a000	state-helper-135d520	0x14135d520	0x14135e776	0x140256720
classic	PE:6a70b91c:0270a000	state-helper-135d520	0x14135d520	0x14135e791	0x14006f9a0
classic	PE:6a70b91c:0270a000	state-helper-135d520	0x14135d520	0x14135e7a7	0x14006f9a0
classic	PE:6a70b91c:0270a000	state-helper-135d520	0x14135d520	0x14135e837	0x1400e3bb0
classic	PE:6a70b91c:0270a000	state-helper-135d520	0x14135d520	0x14135e841	0x14006f7e0
classic	PE:6a70b91c:0270a000	state-helper-135d520	0x14135d520	0x14135e84b	0x14006f7e0
classic	PE:6a70b91c:0270a000	state-helper-135d520	0x14135d520	0x14135e882	0x1400ba030
classic	PE:6a70b91c:0270a000	state-helper-135d520	0x14135d520	0x14135e8d3	0x14007db70
classic	PE:6a70b91c:0270a000	state-helper-135d520	0x14135d520	0x14135e91e	0x1400680e0
classic	PE:6a70b91c:0270a000	state-helper-135d520	0x14135d520	0x14135e934	0x1400e3bb0
classic	PE:6a70b91c:0270a000	state-helper-135d520	0x14135d520	0x14135e93e	0x14006f7e0
classic	PE:6a70b91c:0270a000	state-helper-135d520	0x14135d520	0x14135e956	0x14007db70
classic	PE:6a70b91c:0270a000	state-helper-135d520	0x14135d520	0x14135e9a1	0x1400680e0
classic	PE:6a70b91c:0270a000	state-helper-135d520	0x14135d520	0x14135e9b7	0x1400e3bb0
classic	PE:6a70b91c:0270a000	state-helper-135d520	0x14135d520	0x14135e9c1	0x14006f7e0
classic	PE:6a70b91c:0270a000	state-helper-135d520	0x14135d520	0x14135e9e5	0x1400ba030
classic	PE:6a70b91c:0270a000	state-helper-135d520	0x14135d520	0x14135ea24	0x141385260
classic	PE:6a70b91c:0270a000	state-helper-135d520	0x14135d520	0x14135ea2c	0x14075a9f0
classic	PE:6a70b91c:0270a000	state-helper-135d520	0x14135d520	0x14135ea42	0x141385260
classic	PE:6a70b91c:0270a000	state-helper-135d520	0x14135d520	0x14135ea55	0x141385260
classic	PE:6a70b91c:0270a000	state-helper-135d520	0x14135d520	0x14135ea65	0x141385260
classic	PE:6a70b91c:0270a000	state-helper-135d520	0x14135d520	0x14135ea6d	0x14075a9f0
classic	PE:6a70b91c:0270a000	state-helper-135d520	0x14135d520	0x14135eaba	0x14007db70
classic	PE:6a70b91c:0270a000	state-helper-135d520	0x14135d520	0x14135eb05	0x1400680e0
classic	PE:6a70b91c:0270a000	state-helper-135d520	0x14135d520	0x14135eb1b	0x1400e3bb0
classic	PE:6a70b91c:0270a000	state-helper-135d520	0x14135d520	0x14135eb25	0x14006f7e0
classic	PE:6a70b91c:0270a000	state-helper-135d520	0x14135d520	0x14135eb34	0x14007db70
classic	PE:6a70b91c:0270a000	state-helper-135d520	0x14135d520	0x14135eb7f	0x1400680e0
classic	PE:6a70b91c:0270a000	state-helper-135d520	0x14135d520	0x14135eb95	0x1400e3bb0
classic	PE:6a70b91c:0270a000	state-helper-135d520	0x14135d520	0x14135eb9f	0x14006f7e0
classic	PE:6a70b91c:0270a000	state-helper-135d520	0x14135d520	0x14135ebb5	0x14131f400
classic	PE:6a70b91c:0270a000	state-helper-135d520	0x14135d520	0x14135ebcd	0x1400680e0
classic	PE:6a70b91c:0270a000	state-helper-135d520	0x14135d520	0x14135ebd7	0x14006f620
classic	PE:6a70b91c:0270a000	state-helper-135d520	0x14135d520	0x14135ebf3	0x140aa0c50
classic	PE:6a70b91c:0270a000	state-helper-135d520	0x14135d520	0x14135ec00	0x1400b9ca0
classic	PE:6a70b91c:0270a000	state-helper-135d520	0x14135d520	0x14135ec10	0x14006f4f0
classic	PE:6a70b91c:0270a000	state-helper-135d520	0x14135d520	0x14135ec1a	0x14007db70
classic	PE:6a70b91c:0270a000	state-helper-135d520	0x14135d520	0x14135ec6a	0x1400e3bb0
classic	PE:6a70b91c:0270a000	state-helper-135d520	0x14135d520	0x14135ec74	0x14006f7e0
classic	PE:6a70b91c:0270a000	state-helper-135d520	0x14135d520	0x14135ec7e	0x14006f7e0
classic	PE:6a70b91c:0270a000	state-helper-135d520	0x14135d520	0x14135ec8f	0x1400680e0
classic	PE:6a70b91c:0270a000	state-helper-135d520	0x14135d520	0x14135ec99	0x14006f620
classic	PE:6a70b91c:0270a000	state-helper-135d520	0x14135d520	0x14135ecb5	0x140aa0c50
classic	PE:6a70b91c:0270a000	state-helper-135d520	0x14135d520	0x14135ecc2	0x1400b9ca0
classic	PE:6a70b91c:0270a000	state-helper-135d520	0x14135d520	0x14135ecd2	0x14006f4f0
classic	PE:6a70b91c:0270a000	state-helper-135d520	0x14135d520	0x14135ecdc	0x14007db70
classic	PE:6a70b91c:0270a000	state-helper-135d520	0x14135d520	0x14135ed2c	0x1400e3bb0
classic	PE:6a70b91c:0270a000	state-helper-135d520	0x14135d520	0x14135ed36	0x14006f7e0
classic	PE:6a70b91c:0270a000	state-helper-135d520	0x14135d520	0x14135ed40	0x14006f7e0
classic	PE:6a70b91c:0270a000	state-helper-135d520	0x14135d520	0x14135eddf	0x140070760
classic	PE:6a70b91c:0270a000	state-helper-135d520	0x14135d520	0x14135ee38	0x1400e3bb0
classic	PE:6a70b91c:0270a000	state-helper-135d520	0x14135d520	0x14135ee7c	QWORD PTR [rip+0x281c1e]        # 0x1415e0aa0
classic	PE:6a70b91c:0270a000	state-helper-135d520	0x14135d520	0x14135eeec	0x140aa0c50
classic	PE:6a70b91c:0270a000	state-helper-135d520	0x14135d520	0x14135ef06	0x14006f9a0
classic	PE:6a70b91c:0270a000	state-helper-135d520	0x14135d520	0x14135ef1c	0x14006f9a0
classic	PE:6a70b91c:0270a000	state-helper-135d520	0x14135d520	0x14135efac	0x1400e3bb0
classic	PE:6a70b91c:0270a000	state-helper-135d520	0x14135d520	0x14135efb6	0x14006f7e0
classic	PE:6a70b91c:0270a000	state-helper-135d520	0x14135d520	0x14135efed	QWORD PTR [rip+0x281aad]        # 0x1415e0aa0
classic	PE:6a70b91c:0270a000	state-helper-135d520	0x14135d520	0x14135eff4	0x1415345f0
classic	PE:6a70b91c:0270a000	state-helper-135d520	0x14135d520	0x14135f000	0x1415345d0
classic	PE:6a70b91c:0270a000	state-helper-135ff80	0x14135ff80	0x14135ffb4	0x14131fff0
classic	PE:6a70b91c:0270a000	state-helper-135ff80	0x14135ff80	0x14135fff7	0x1413737d0
classic	PE:6a70b91c:0270a000	state-helper-135ff80	0x14135ff80	0x14135ffff	0x1400739f0
classic	PE:6a70b91c:0270a000	state-helper-135ff80	0x14135ff80	0x141360011	0x1400b9d50
classic	PE:6a70b91c:0270a000	state-helper-1360050	0x141360050	0x1413600d9	0x1400b9e00
classic	PE:6a70b91c:0270a000	state-helper-1360050	0x141360050	0x14136010b	0x14131faf0
classic	PE:6a70b91c:0270a000	state-helper-1360050	0x141360050	0x1413601a2	0x1413293a0
classic	PE:6a70b91c:0270a000	state-helper-1360050	0x141360050	0x141360215	0x140070760
classic	PE:6a70b91c:0270a000	state-helper-1360050	0x141360050	0x141360230	0x1415359e8
classic	PE:6a70b91c:0270a000	state-helper-1360050	0x141360050	0x14136026a	0x14006f9a0
classic	PE:6a70b91c:0270a000	state-helper-1360050	0x141360050	0x1413602af	0x14006f9a0
classic	PE:6a70b91c:0270a000	state-helper-1360050	0x141360050	0x141360342	0x1400e3bb0
classic	PE:6a70b91c:0270a000	state-helper-1360050	0x141360050	0x14136037a	QWORD PTR [rip+0x280720]        # 0x1415e0aa0
classic	PE:6a70b91c:0270a000	state-helper-1360050	0x141360050	0x141360381	0x1415345f0
classic	PE:6a70b91c:0270a000	state-helper-1360050	0x141360050	0x1413603c9	QWORD PTR [rip+0x2806d1]        # 0x1415e0aa0
classic	PE:6a70b91c:0270a000	state-helper-1360050	0x141360050	0x1413603d0	0x1415345f0
classic	PE:6a70b91c:0270a000	state-helper-1360050	0x141360050	0x1413603db	0x140066b00
classic	PE:6a70b91c:0270a000	state-helper-1360050	0x141360050	0x1413603e5	0x14006f6e0
classic	PE:6a70b91c:0270a000	state-helper-1360050	0x141360050	0x1413603f0	0x14006f6e0
classic	PE:6a70b91c:0270a000	state-helper-1360050	0x141360050	0x1413603ff	0x1415345d0
classic	PE:6a70b91c:0270a000	state-helper-1360050	0x141360050	0x141360420	0x140065820
classic	PE:6a70b91c:0270a000	state-helper-1361cb0	0x141361cb0	0x141361d47	QWORD PTR [rax+0x10]
classic	PE:6a70b91c:0270a000	state-helper-1361cb0	0x141361cb0	0x141361d67	QWORD PTR [rax+0x20]
classic	PE:6a70b91c:0270a000	state-helper-1361cb0	0x141361cb0	0x141361dbf	QWORD PTR [rax+0x10]
classic	PE:6a70b91c:0270a000	state-helper-1361cb0	0x141361cb0	0x141361dcd	QWORD PTR [rax+0x18]
classic	PE:6a70b91c:0270a000	state-helper-1361cb0	0x141361cb0	0x141361de6	QWORD PTR [rax+0x18]
classic	PE:6a70b91c:0270a000	state-helper-1361cb0	0x141361cb0	0x141361e69	0x140c88ca0
classic	PE:6a70b91c:0270a000	state-helper-1361cb0	0x141361cb0	0x141361e9f	0x141324b60
classic	PE:6a70b91c:0270a000	state-helper-1361cb0	0x141361cb0	0x141361eb2	0x140529a40
classic	PE:6a70b91c:0270a000	state-helper-1361cb0	0x141361cb0	0x141361eba	0x1400739f0
classic	PE:6a70b91c:0270a000	state-helper-1361cb0	0x141361cb0	0x141361ecb	0x141359ab0
classic	PE:6a70b91c:0270a000	state-helper-1361cb0	0x141361cb0	0x141361ed3	0x141361a30
classic	PE:6a70b91c:0270a000	state-helper-1361cb0	0x141361cb0	0x141361ee7	0x1400725f0
classic	PE:6a70b91c:0270a000	state-helper-1361cb0	0x141361cb0	0x141361efd	0x14030ad50
classic	PE:6a70b91c:0270a000	state-helper-1361cb0	0x141361cb0	0x141361f15	0x140529a40
classic	PE:6a70b91c:0270a000	state-helper-1361cb0	0x141361cb0	0x141361f37	0x140aa1170
classic	PE:6a70b91c:0270a000	state-helper-1361cb0	0x141361cb0	0x141361f3f	0x14135ff80
classic	PE:6a70b91c:0270a000	state-helper-1361cb0	0x141361cb0	0x141361fee	0x1400b9d50
classic	PE:6a70b91c:0270a000	state-helper-1361cb0	0x141361cb0	0x141362029	0x140e69830
classic	PE:6a70b91c:0270a000	state-helper-1361cb0	0x141361cb0	0x1413620be	0x14131fff0
classic	PE:6a70b91c:0270a000	state-helper-1361cb0	0x141361cb0	0x1413620c8	0x14006f6e0
classic	PE:6a70b91c:0270a000	state-helper-1361cb0	0x141361cb0	0x1413620d1	0x14006f7e0
classic	PE:6a70b91c:0270a000	state-helper-1361cb0	0x141361cb0	0x1413620da	0x14006f7e0
classic	PE:6a70b91c:0270a000	state-helper-1361cb0	0x141361cb0	0x1413620f6	0x1413439b0
classic	PE:6a70b91c:0270a000	state-helper-1361cb0	0x141361cb0	0x141362173	0x14135c060
classic	PE:6a70b91c:0270a000	state-helper-1361cb0	0x141361cb0	0x141362192	0x140c85f90
classic	PE:6a70b91c:0270a000	state-helper-1361cb0	0x141361cb0	0x14136227a	0x141384b50
classic	PE:6a70b91c:0270a000	state-helper-1361cb0	0x141361cb0	0x14136228e	0x141384b50
classic	PE:6a70b91c:0270a000	state-helper-1361cb0	0x141361cb0	0x1413622a4	0x141349aa0
classic	PE:6a70b91c:0270a000	state-helper-1361cb0	0x141361cb0	0x1413622ac	0x141349cb0
classic	PE:6a70b91c:0270a000	state-helper-1361cb0	0x141361cb0	0x1413622c0	0x141349f30
classic	PE:6a70b91c:0270a000	state-helper-1361cb0	0x141361cb0	0x1413622d4	0x14134a050
classic	PE:6a70b91c:0270a000	state-helper-1361cb0	0x141361cb0	0x1413622fb	0x1415345d0
classic	PE:6a70b91c:0270a000	state-helper-1363900	0x141363900	0x141363986	0x141339710
classic	PE:6a70b91c:0270a000	state-helper-1363900	0x141363900	0x141363995	0x141339710
classic	PE:6a70b91c:0270a000	state-helper-1363900	0x141363900	0x1413639e3	0x1400b9d50
classic	PE:6a70b91c:0270a000	state-helper-1363900	0x141363900	0x141363a37	0x140772f40
classic	PE:6a70b91c:0270a000	state-helper-1363900	0x141363900	0x141363a58	0x141336a60
classic	PE:6a70b91c:0270a000	state-helper-1363900	0x141363900	0x141363a68	0x141336a60
classic	PE:6a70b91c:0270a000	state-helper-1363900	0x141363900	0x141363a8b	0x1410e39c0
classic	PE:6a70b91c:0270a000	state-helper-1363900	0x141363900	0x141363ae2	0x14131a190
classic	PE:6a70b91c:0270a000	state-helper-1363900	0x141363900	0x141363b08	0x141362a90
classic	PE:6a70b91c:0270a000	state-helper-1363900	0x141363900	0x141363b32	QWORD PTR [rax]
classic	PE:6a70b91c:0270a000	state-helper-1363900	0x141363900	0x141363b6c	0x1400b9d50
classic	PE:6a70b91c:0270a000	state-helper-1363900	0x141363900	0x141363b8d	0x141339710
classic	PE:6a70b91c:0270a000	state-helper-1363900	0x141363900	0x141363b9e	0x141339710
classic	PE:6a70b91c:0270a000	state-helper-1363900	0x141363900	0x141363bef	0x1400b9d50
classic	PE:6a70b91c:0270a000	state-helper-1363900	0x141363900	0x141363c37	0x140772f40
classic	PE:6a70b91c:0270a000	state-helper-1363900	0x141363900	0x141363c63	0x141336a60
classic	PE:6a70b91c:0270a000	state-helper-1363900	0x141363900	0x141363c73	0x141336a60
classic	PE:6a70b91c:0270a000	state-helper-1363900	0x141363900	0x141363c95	0x1410e39c0
classic	PE:6a70b91c:0270a000	state-helper-1363900	0x141363900	0x141363ccc	0x141339710
classic	PE:6a70b91c:0270a000	state-helper-1363900	0x141363900	0x141363d12	0x1400b9d50
classic	PE:6a70b91c:0270a000	state-helper-1363900	0x141363900	0x141363d66	0x140772f40
classic	PE:6a70b91c:0270a000	state-helper-1363900	0x141363900	0x141363d8f	0x141336a60
classic	PE:6a70b91c:0270a000	state-helper-1363900	0x141363900	0x141363dc4	0x141339710
classic	PE:6a70b91c:0270a000	state-helper-1363900	0x141363900	0x141363dd3	0x141339710
classic	PE:6a70b91c:0270a000	state-helper-1363900	0x141363900	0x141363e27	0x1400b9d50
classic	PE:6a70b91c:0270a000	state-helper-1363900	0x141363900	0x141363e70	0x140772f40
classic	PE:6a70b91c:0270a000	state-helper-1363900	0x141363900	0x141363e99	0x141336a60
classic	PE:6a70b91c:0270a000	state-helper-1363900	0x141363900	0x141363eb4	0x141336a60
classic	PE:6a70b91c:0270a000	state-helper-1363900	0x141363900	0x141363eec	0x1410e39c0
classic	PE:6a70b91c:0270a000	state-helper-1363900	0x141363900	0x141363efe	0x141339710
classic	PE:6a70b91c:0270a000	state-helper-1363900	0x141363900	0x141363f31	0x140772f40
classic	PE:6a70b91c:0270a000	state-helper-1363900	0x141363900	0x141363f59	0x141336a60
classic	PE:6a70b91c:0270a000	state-helper-1363900	0x141363900	0x141363f6b	0x141339710
classic	PE:6a70b91c:0270a000	state-helper-1363900	0x141363900	0x141363f9e	0x140772f40
classic	PE:6a70b91c:0270a000	state-helper-1363900	0x141363900	0x141363fc6	0x141336a60
classic	PE:6a70b91c:0270a000	state-helper-1363900	0x141363900	0x141363fd8	0x141339710
classic	PE:6a70b91c:0270a000	state-helper-1363900	0x141363900	0x14136400b	0x140772f40
classic	PE:6a70b91c:0270a000	state-helper-1363900	0x141363900	0x141364033	0x141336a60
classic	PE:6a70b91c:0270a000	state-helper-1363900	0x141363900	0x141364045	0x141339710
classic	PE:6a70b91c:0270a000	state-helper-1363900	0x141363900	0x141364078	0x140772f40
classic	PE:6a70b91c:0270a000	state-helper-1363900	0x141363900	0x1413640a0	0x141336a60
classic	PE:6a70b91c:0270a000	state-helper-1363900	0x141363900	0x1413640b2	0x141339710
classic	PE:6a70b91c:0270a000	state-helper-1363900	0x141363900	0x1413640e5	0x140772f40
classic	PE:6a70b91c:0270a000	state-helper-1363900	0x141363900	0x14136410d	0x141336a60
classic	PE:6a70b91c:0270a000	state-helper-1363900	0x141363900	0x14136411f	0x141339710
classic	PE:6a70b91c:0270a000	state-helper-1363900	0x141363900	0x141364152	0x140772f40
classic	PE:6a70b91c:0270a000	state-helper-1363900	0x141363900	0x14136417a	0x141336a60
classic	PE:6a70b91c:0270a000	state-helper-1363900	0x141363900	0x14136418c	0x141339710
classic	PE:6a70b91c:0270a000	state-helper-1363900	0x141363900	0x1413641bf	0x140772f40
classic	PE:6a70b91c:0270a000	state-helper-1363900	0x141363900	0x1413641e7	0x141336a60
classic	PE:6a70b91c:0270a000	state-helper-1363900	0x141363900	0x1413641f9	0x141339710
classic	PE:6a70b91c:0270a000	state-helper-1363900	0x141363900	0x14136422c	0x140772f40
classic	PE:6a70b91c:0270a000	state-helper-1363900	0x141363900	0x141364254	0x141336a60
classic	PE:6a70b91c:0270a000	state-helper-1363900	0x141363900	0x141364266	0x141339710
classic	PE:6a70b91c:0270a000	state-helper-1363900	0x141363900	0x141364299	0x140772f40
classic	PE:6a70b91c:0270a000	state-helper-1363900	0x141363900	0x1413642c1	0x141336a60
classic	PE:6a70b91c:0270a000	state-helper-1363900	0x141363900	0x1413642d3	0x141339710
classic	PE:6a70b91c:0270a000	state-helper-1363900	0x141363900	0x141364306	0x140772f40
classic	PE:6a70b91c:0270a000	state-helper-1363900	0x141363900	0x14136432e	0x141336a60
classic	PE:6a70b91c:0270a000	state-helper-1363900	0x141363900	0x141364340	0x141339710
classic	PE:6a70b91c:0270a000	state-helper-1363900	0x141363900	0x141364373	0x140772f40
classic	PE:6a70b91c:0270a000	state-helper-1363900	0x141363900	0x14136439b	0x141336a60
classic	PE:6a70b91c:0270a000	state-helper-1363900	0x141363900	0x1413643ad	0x141339710
classic	PE:6a70b91c:0270a000	state-helper-1363900	0x141363900	0x1413643bc	0x141339710
classic	PE:6a70b91c:0270a000	state-helper-1363900	0x141363900	0x1413643f7	0x140772f40
classic	PE:6a70b91c:0270a000	state-helper-1363900	0x141363900	0x141364420	0x141336a60
classic	PE:6a70b91c:0270a000	state-helper-1363900	0x141363900	0x14136443b	0x141336a60
classic	PE:6a70b91c:0270a000	state-helper-1363900	0x141363900	0x14136444d	0x141339710
classic	PE:6a70b91c:0270a000	state-helper-1363900	0x141363900	0x14136445c	0x141339710
classic	PE:6a70b91c:0270a000	state-helper-1363900	0x141363900	0x1413644aa	0x1400b9d50
classic	PE:6a70b91c:0270a000	state-helper-1363900	0x141363900	0x1413644fe	0x140772f40
classic	PE:6a70b91c:0270a000	state-helper-1363900	0x141363900	0x141364527	0x141336a60
classic	PE:6a70b91c:0270a000	state-helper-1363900	0x141363900	0x141364542	0x141336a60
classic	PE:6a70b91c:0270a000	state-helper-1363900	0x141363900	0x141364577	0x141339710
classic	PE:6a70b91c:0270a000	state-helper-1363900	0x141363900	0x1413645bd	0x1400b9d50
classic	PE:6a70b91c:0270a000	state-helper-1363900	0x141363900	0x141364611	0x140772f40
classic	PE:6a70b91c:0270a000	state-helper-1363900	0x141363900	0x14136463a	0x141336a60
classic	PE:6a70b91c:0270a000	state-helper-1363900	0x141363900	0x14136466a	0x141339710
classic	PE:6a70b91c:0270a000	state-helper-1363900	0x141363900	0x1413646dd	0x1400b9d50
classic	PE:6a70b91c:0270a000	state-helper-1363900	0x141363900	0x14136473f	0x141339710
classic	PE:6a70b91c:0270a000	state-helper-1363900	0x141363900	0x14136474e	0x141339710
classic	PE:6a70b91c:0270a000	state-helper-1363900	0x141363900	0x141364788	0x140772f40
classic	PE:6a70b91c:0270a000	state-helper-1363900	0x141363900	0x1413647b0	0x141336a60
classic	PE:6a70b91c:0270a000	state-helper-1363900	0x141363900	0x1413647c0	0x141336a60
classic	PE:6a70b91c:0270a000	state-helper-1363900	0x141363900	0x1413647de	QWORD PTR [rax+0x4f0]
classic	PE:6a70b91c:0270a000	state-helper-1363900	0x141363900	0x1413647ea	0x141339710
classic	PE:6a70b91c:0270a000	state-helper-1363900	0x141363900	0x1413647f9	0x141339710
classic	PE:6a70b91c:0270a000	state-helper-1363900	0x141363900	0x141364813	QWORD PTR [rdx+0x4f0]
classic	PE:6a70b91c:0270a000	state-helper-1363900	0x141363900	0x141364851	0x140772f40
classic	PE:6a70b91c:0270a000	state-helper-1363900	0x141363900	0x141364881	0x141336a60
classic	PE:6a70b91c:0270a000	state-helper-1363900	0x141363900	0x141364891	0x141336a60
classic	PE:6a70b91c:0270a000	state-helper-1363900	0x141363900	0x1413648ba	QWORD PTR [rax+0x4f8]
classic	PE:6a70b91c:0270a000	state-helper-1363900	0x141363900	0x1413648c6	0x141339710
classic	PE:6a70b91c:0270a000	state-helper-1363900	0x141363900	0x1413648d5	0x141339710
classic	PE:6a70b91c:0270a000	state-helper-1363900	0x141363900	0x1413648ef	QWORD PTR [rdx+0x4f8]
classic	PE:6a70b91c:0270a000	state-helper-1363900	0x141363900	0x14136492d	0x140772f40
classic	PE:6a70b91c:0270a000	state-helper-1363900	0x141363900	0x141364965	0x141336a60
classic	PE:6a70b91c:0270a000	state-helper-1363900	0x141363900	0x141364975	0x141336a60
classic	PE:6a70b91c:0270a000	state-helper-1363900	0x141363900	0x141364987	0x141339710
classic	PE:6a70b91c:0270a000	state-helper-1363900	0x141363900	0x141364996	0x141339710
classic	PE:6a70b91c:0270a000	state-helper-1363900	0x141363900	0x1413649d1	0x140772f40
classic	PE:6a70b91c:0270a000	state-helper-1363900	0x141363900	0x1413649fa	0x141336a60
classic	PE:6a70b91c:0270a000	state-helper-1363900	0x141363900	0x141364a0a	0x141336a60
classic	PE:6a70b91c:0270a000	state-helper-1363900	0x141363900	0x141364a1c	0x141339710
classic	PE:6a70b91c:0270a000	state-helper-1363900	0x141363900	0x141364a4f	0x140772f40
classic	PE:6a70b91c:0270a000	state-helper-1363900	0x141363900	0x141364a77	0x141336a60
classic	PE:6a70b91c:0270a000	state-helper-1363900	0x141363900	0x141364a89	0x141339710
classic	PE:6a70b91c:0270a000	state-helper-1363900	0x141363900	0x141364abc	0x140772f40
classic	PE:6a70b91c:0270a000	state-helper-1363900	0x141363900	0x141364ae4	0x141336a60
classic	PE:6a70b91c:0270a000	state-helper-1363900	0x141363900	0x141364af8	0x141339710
classic	PE:6a70b91c:0270a000	state-helper-1363900	0x141363900	0x141364b28	0x140772f40
classic	PE:6a70b91c:0270a000	state-helper-1363900	0x141363900	0x141364b4d	0x141336a60
classic	PE:6a70b91c:0270a000	state-helper-1363900	0x141363900	0x141364b5f	0x141339710
classic	PE:6a70b91c:0270a000	state-helper-1363900	0x141363900	0x141364b92	0x140772f40
classic	PE:6a70b91c:0270a000	state-helper-1363900	0x141363900	0x141364bba	0x141336a60
classic	PE:6a70b91c:0270a000	state-helper-1363900	0x141363900	0x141364bcc	0x141339710
classic	PE:6a70b91c:0270a000	state-helper-1363900	0x141363900	0x141364bdb	0x141339710
classic	PE:6a70b91c:0270a000	state-helper-1363900	0x141363900	0x141364c16	0x140772f40
classic	PE:6a70b91c:0270a000	state-helper-1363900	0x141363900	0x141364c3e	0x141336a60
classic	PE:6a70b91c:0270a000	state-helper-1363900	0x141363900	0x141364c50	0x141339710
classic	PE:6a70b91c:0270a000	state-helper-1363900	0x141363900	0x141364c83	0x140772f40
classic	PE:6a70b91c:0270a000	state-helper-1363900	0x141363900	0x141364cab	0x141336a60
classic	PE:6a70b91c:0270a000	state-helper-1363900	0x141363900	0x141364cbd	0x141339710
classic	PE:6a70b91c:0270a000	state-helper-1363900	0x141363900	0x141364cf0	0x140772f40
classic	PE:6a70b91c:0270a000	state-helper-1363900	0x141363900	0x141364d18	0x141336a60
classic	PE:6a70b91c:0270a000	state-helper-1363900	0x141363900	0x141364d2a	0x141339710
classic	PE:6a70b91c:0270a000	state-helper-1363900	0x141363900	0x141364d5d	0x140772f40
classic	PE:6a70b91c:0270a000	state-helper-1363900	0x141363900	0x141364d85	0x141336a60
classic	PE:6a70b91c:0270a000	state-helper-1363900	0x141363900	0x141364d97	0x141339710
classic	PE:6a70b91c:0270a000	state-helper-1363900	0x141363900	0x141364dca	0x140772f40
classic	PE:6a70b91c:0270a000	state-helper-1363900	0x141363900	0x141364df2	0x141336a60
classic	PE:6a70b91c:0270a000	state-helper-1363900	0x141363900	0x141364e04	0x141339710
classic	PE:6a70b91c:0270a000	state-helper-1363900	0x141363900	0x141364e37	0x140772f40
classic	PE:6a70b91c:0270a000	state-helper-1363900	0x141363900	0x141364e5f	0x141336a60
classic	PE:6a70b91c:0270a000	state-helper-1363900	0x141363900	0x141364e71	0x141339710
classic	PE:6a70b91c:0270a000	state-helper-1363900	0x141363900	0x141364ea4	0x140772f40
classic	PE:6a70b91c:0270a000	state-helper-1363900	0x141363900	0x141364ecc	0x141336a60
classic	PE:6a70b91c:0270a000	state-helper-1363900	0x141363900	0x141364ede	0x141339710
classic	PE:6a70b91c:0270a000	state-helper-1363900	0x141363900	0x141364f11	0x140772f40
classic	PE:6a70b91c:0270a000	state-helper-1363900	0x141363900	0x141364f39	0x141336a60
classic	PE:6a70b91c:0270a000	state-helper-1363900	0x141363900	0x141364f4b	0x141339710
classic	PE:6a70b91c:0270a000	state-helper-1363900	0x141363900	0x141364f7e	0x140772f40
classic	PE:6a70b91c:0270a000	state-helper-1363900	0x141363900	0x141364fa6	0x141336a60
classic	PE:6a70b91c:0270a000	state-helper-1363900	0x141363900	0x141364fb8	0x141339710
classic	PE:6a70b91c:0270a000	state-helper-1363900	0x141363900	0x141364feb	0x140772f40
classic	PE:6a70b91c:0270a000	state-helper-1363900	0x141363900	0x141365013	0x141336a60
classic	PE:6a70b91c:0270a000	state-helper-1363900	0x141363900	0x141365025	0x141339710
classic	PE:6a70b91c:0270a000	state-helper-1363900	0x141363900	0x141365058	0x140772f40
classic	PE:6a70b91c:0270a000	state-helper-1363900	0x141363900	0x141365080	0x141336a60
classic	PE:6a70b91c:0270a000	state-helper-1363900	0x141363900	0x141365092	0x141339710
classic	PE:6a70b91c:0270a000	state-helper-1363900	0x141363900	0x1413650c5	0x140772f40
classic	PE:6a70b91c:0270a000	state-helper-1363900	0x141363900	0x1413650ed	0x141336a60
classic	PE:6a70b91c:0270a000	state-helper-1363900	0x141363900	0x1413650ff	0x141339710
classic	PE:6a70b91c:0270a000	state-helper-1363900	0x141363900	0x141365132	0x140772f40
classic	PE:6a70b91c:0270a000	state-helper-1363900	0x141363900	0x14136515a	0x141336a60
classic	PE:6a70b91c:0270a000	state-helper-1363900	0x141363900	0x14136516c	0x141339710
classic	PE:6a70b91c:0270a000	state-helper-1363900	0x141363900	0x14136519f	0x140772f40
classic	PE:6a70b91c:0270a000	state-helper-1363900	0x141363900	0x1413651c7	0x141336a60
classic	PE:6a70b91c:0270a000	state-helper-1363900	0x141363900	0x1413651e3	0x141339710
classic	PE:6a70b91c:0270a000	state-helper-1363900	0x141363900	0x141365214	0x140772f40
classic	PE:6a70b91c:0270a000	state-helper-1363900	0x141363900	0x141365244	0x141336a60
classic	PE:6a70b91c:0270a000	state-helper-1363900	0x141363900	0x141365256	0x141339710
classic	PE:6a70b91c:0270a000	state-helper-1363900	0x141363900	0x141365289	0x140772f40
classic	PE:6a70b91c:0270a000	state-helper-1363900	0x141363900	0x1413652b1	0x141336a60
classic	PE:6a70b91c:0270a000	state-helper-1363900	0x141363900	0x1413652c3	0x141339710
classic	PE:6a70b91c:0270a000	state-helper-1363900	0x141363900	0x1413652f6	0x140772f40
classic	PE:6a70b91c:0270a000	state-helper-1363900	0x141363900	0x14136531a	0x141336a60
classic	PE:6a70b91c:0270a000	state-helper-1363900	0x141363900	0x14136533d	0x1400b9d50
classic	PE:6a70b91c:0270a000	state-helper-1363900	0x141363900	0x14136539f	0x1400b9d50
classic	PE:6a70b91c:0270a000	state-helper-1363900	0x141363900	0x141365432	0x14132f980
classic	PE:6a70b91c:0270a000	state-helper-1363900	0x141363900	0x141365443	0x140eb1820
classic	PE:6a70b91c:0270a000	state-helper-1363900	0x141363900	0x141365520	0x140eb1820
classic	PE:6a70b91c:0270a000	state-helper-1363900	0x141363900	0x14136557f	0x1413c5c20
classic	PE:6a70b91c:0270a000	state-helper-1363900	0x141363900	0x141365623	0x140eb1820
classic	PE:6a70b91c:0270a000	state-helper-1363900	0x141363900	0x141365682	0x1413c5c20
classic	PE:6a70b91c:0270a000	state-helper-1363900	0x141363900	0x141365726	0x140eb1820
classic	PE:6a70b91c:0270a000	state-helper-1363900	0x141363900	0x141365785	0x1413c5c20
classic	PE:6a70b91c:0270a000	state-helper-1363900	0x141363900	0x141365914	0x140eb1820
classic	PE:6a70b91c:0270a000	state-helper-1363900	0x141363900	0x1413659c7	0x140eb1820
classic	PE:6a70b91c:0270a000	state-helper-1363900	0x141363900	0x141365a87	0x140eb1820
classic	PE:6a70b91c:0270a000	state-helper-1363900	0x141363900	0x141365aeb	0x1413c5d30
classic	PE:6a70b91c:0270a000	state-helper-1363900	0x141363900	0x141365af9	0x1413c5d30
classic	PE:6a70b91c:0270a000	state-helper-1363900	0x141363900	0x141365c48	0x140eb1820
classic	PE:6a70b91c:0270a000	state-helper-1363900	0x141363900	0x141365cfa	0x140eb1820
classic	PE:6a70b91c:0270a000	state-helper-1363900	0x141363900	0x141365d5e	0x1413c5d30
classic	PE:6a70b91c:0270a000	state-helper-1363900	0x141363900	0x141365e1f	0x140eb1820
classic	PE:6a70b91c:0270a000	state-helper-1363900	0x141363900	0x141365e7e	0x1413c5d30
classic	PE:6a70b91c:0270a000	state-helper-1363900	0x141363900	0x141365e91	0x140e27000
classic	PE:6a70b91c:0270a000	state-helper-1363900	0x141363900	0x141365ee3	0x140e0cb20
classic	PE:6a70b91c:0270a000	state-helper-1363900	0x141363900	0x141365f0f	0x140e0cb20
classic	PE:6a70b91c:0270a000	state-helper-1363900	0x141363900	0x141365f3c	0x140e0cb20
classic	PE:6a70b91c:0270a000	state-helper-1363900	0x141363900	0x141365f92	0x141363900
classic	PE:6a70b91c:0270a000	state-helper-1363900	0x141363900	0x14136600a	0x14137e550
classic	PE:6a70b91c:0270a000	state-helper-1363900	0x141363900	0x1413662e3	QWORD PTR [rax+0x380]
classic	PE:6a70b91c:0270a000	state-helper-1363900	0x141363900	0x1413662ff	0x141381960
classic	PE:6a70b91c:0270a000	state-helper-1363900	0x141363900	0x14136632d	QWORD PTR [rax+0x380]
classic	PE:6a70b91c:0270a000	state-helper-1363900	0x141363900	0x141366345	0x141381960
classic	PE:6a70b91c:0270a000	state-helper-1363900	0x141363900	0x141366377	0x141339710
classic	PE:6a70b91c:0270a000	state-helper-13cab50	0x1413cab50	0x1413cab94	0x1400b9d50
classic	PE:6a70b91c:0270a000	state-helper-13cab50	0x1413cab50	0x1413caba9	0x141534600
classic	PE:6a70b91c:0270a000	state-helper-13cab50	0x1413cab50	0x1413cabd4	0x1400b9f30
classic	PE:6a70b91c:0270a000	state-helper-13cab50	0x1413cab50	0x1413caca3	QWORD PTR [rax+0xd8]
classic	PE:6a70b91c:0270a000	state-helper-13cab50	0x1413cab50	0x1413cad0a	0x1400bab70
classic	PE:6a70b91c:0270a000	state-helper-13cab50	0x1413cab50	0x1413cad74	0x14007d9c0
classic	PE:6a70b91c:0270a000	state-helper-13cab50	0x1413cab50	0x1413cad91	r8
classic	PE:6a70b91c:0270a000	state-helper-13cab50	0x1413cab50	0x1413cadf8	0x140b96de0
classic	PE:6a70b91c:0270a000	state-helper-13cab50	0x1413cab50	0x1413cae09	0x140eb1820
classic	PE:6a70b91c:0270a000	state-helper-13cab50	0x1413cab50	0x1413cae4b	QWORD PTR [rax+0x330]
classic	PE:6a70b91c:0270a000	state-helper-13cab50	0x1413cab50	0x1413cae56	0x141534600
classic	PE:6a70b91c:0270a000	state-helper-13cab50	0x1413cab50	0x1413cae65	0x140c959b0
classic	PE:6a70b91c:0270a000	state-helper-13cab50	0x1413cab50	0x1413cae90	0x140a8f8e0
classic	PE:6a70b91c:0270a000	state-helper-13cab50	0x1413cab50	0x1413caea7	0x1400725f0
classic	PE:6a70b91c:0270a000	state-helper-13cab50	0x1413cab50	0x1413caebd	QWORD PTR [rax+0x328]
classic	PE:6a70b91c:0270a000	state-helper-13cab50	0x1413cab50	0x1413caec3	0x14007d100
classic	PE:6a70b91c:0270a000	state-helper-13cab50	0x1413cab50	0x1413caeee	0x1413a05d0
classic	PE:6a70b91c:0270a000	state-helper-13cab50	0x1413cab50	0x1413caf2f	QWORD PTR [rax+0x128]
classic	PE:6a70b91c:0270a000	state-helper-13cab50	0x1413cab50	0x1413caf49	0x140b500f0
classic	PE:6a70b91c:0270a000	state-helper-13cab50	0x1413cab50	0x1413cb05a	0x140c29f20
classic	PE:6a70b91c:0270a000	state-helper-13cab50	0x1413cab50	0x1413cb062	0x141389c90
classic	PE:6a70b91c:0270a000	state-helper-13cab50	0x1413cab50	0x1413cb06f	0x141376cc0
classic	PE:6a70b91c:0270a000	state-helper-13cab50	0x1413cab50	0x1413cb0b5	QWORD PTR [rax+0x10]
classic	PE:6a70b91c:0270a000	state-helper-13cab50	0x1413cab50	0x1413cb0c3	QWORD PTR [rax+0x18]
classic	PE:6a70b91c:0270a000	state-helper-13cab50	0x1413cab50	0x1413cb11e	0x140c88ae0
classic	PE:6a70b91c:0270a000	state-helper-13cab50	0x1413cab50	0x1413cb16b	0x14132bba0
classic	PE:6a70b91c:0270a000	state-helper-13cab50	0x1413cab50	0x1413cb181	0x14006f9a0
classic	PE:6a70b91c:0270a000	state-helper-13cab50	0x1413cab50	0x1413cb1a3	0x140a910b0
classic	PE:6a70b91c:0270a000	state-helper-13cab50	0x1413cab50	0x1413cb1be	0x14006f9a0
classic	PE:6a70b91c:0270a000	state-helper-13cab50	0x1413cab50	0x1413cb1d4	0x14006f9a0
classic	PE:6a70b91c:0270a000	state-helper-13cab50	0x1413cab50	0x1413cb1e9	0x140c62490
classic	PE:6a70b91c:0270a000	state-helper-13cab50	0x1413cab50	0x1413cb204	0x14006f9a0
classic	PE:6a70b91c:0270a000	state-helper-13cab50	0x1413cab50	0x1413cb21a	0x14006f9a0
classic	PE:6a70b91c:0270a000	state-helper-13cab50	0x1413cab50	0x1413cb295	0x1400e3bb0
classic	PE:6a70b91c:0270a000	state-helper-13cab50	0x1413cab50	0x1413cb29f	0x14006f7e0
classic	PE:6a70b91c:0270a000	state-helper-13cab50	0x1413cab50	0x1413cb2a9	0x14006f7e0
classic	PE:6a70b91c:0270a000	state-helper-13cab50	0x1413cab50	0x1413cb2dc	QWORD PTR [rax+0x8]
classic	PE:6a70b91c:0270a000	state-helper-13cab50	0x1413cab50	0x1413cb2eb	QWORD PTR [rdx]
classic	PE:6a70b91c:0270a000	state-helper-13cab50	0x1413cab50	0x1413cb345	0x140ac77a0
classic	PE:6a70b91c:0270a000	state-helper-13cab50	0x1413cab50	0x1413cb3d2	QWORD PTR [rax]
classic	PE:6a70b91c:0270a000	state-helper-13cab50	0x1413cab50	0x1413cb3d7	0x140ac77a0
classic	PE:6a70b91c:0270a000	state-helper-13cab50	0x1413cab50	0x1413cb3eb	QWORD PTR [rax+0x18]
classic	PE:6a70b91c:0270a000	state-helper-13cab50	0x1413cab50	0x1413cb3f8	QWORD PTR [rdx+0x10]
classic	PE:6a70b91c:0270a000	state-helper-13cab50	0x1413cab50	0x1413cb4b7	0x140eb1820
classic	PE:6a70b91c:0270a000	state-helper-13cab50	0x1413cab50	0x1413cb4f7	0x141389c90
classic	PE:6a70b91c:0270a000	state-helper-13cab50	0x1413cab50	0x1413cb504	0x141376cc0
classic	PE:6a70b91c:0270a000	state-helper-13cab50	0x1413cab50	0x1413cb542	QWORD PTR [rax+0x10]
classic	PE:6a70b91c:0270a000	state-helper-13cab50	0x1413cab50	0x1413cb550	QWORD PTR [rax+0x18]
classic	PE:6a70b91c:0270a000	state-helper-13cab50	0x1413cab50	0x1413cb570	0x140c88ae0
classic	PE:6a70b91c:0270a000	state-helper-13cab50	0x1413cab50	0x1413cb5bd	0x14132bba0
classic	PE:6a70b91c:0270a000	state-helper-13cab50	0x1413cab50	0x1413cb5d3	0x14006f9a0
classic	PE:6a70b91c:0270a000	state-helper-13cab50	0x1413cab50	0x1413cb5fe	0x140c62490
classic	PE:6a70b91c:0270a000	state-helper-13cab50	0x1413cab50	0x1413cb619	0x14006f9a0
classic	PE:6a70b91c:0270a000	state-helper-13cab50	0x1413cab50	0x1413cb62f	0x14006f9a0
classic	PE:6a70b91c:0270a000	state-helper-13cab50	0x1413cab50	0x1413cb6a9	0x1400e3bb0
classic	PE:6a70b91c:0270a000	state-helper-13cab50	0x1413cab50	0x1413cb6e1	QWORD PTR [rip+0x2153b9]        # 0x1415e0aa0
classic	PE:6a70b91c:0270a000	state-helper-13cab50	0x1413cab50	0x1413cb6e8	0x1415345f0
classic	PE:6a70b91c:0270a000	state-helper-13cab50	0x1413cab50	0x1413cb72f	QWORD PTR [rip+0x21536b]        # 0x1415e0aa0
classic	PE:6a70b91c:0270a000	state-helper-13cab50	0x1413cab50	0x1413cb736	0x1415345f0
classic	PE:6a70b91c:0270a000	state-helper-13cab50	0x1413cab50	0x1413cb742	0x1415345d0
classic	PE:6a70b91c:0270a000	state-helper-13d5f70	0x1413d5f70	0x1413d5fbe	0x14137e3e0
classic	PE:6a70b91c:0270a000	state-helper-13d5f70	0x1413d5f70	0x1413d5ff1	0x140dc1130
classic	PE:6a70b91c:0270a000	state-helper-13d5f70	0x1413d5f70	0x1413d6050	QWORD PTR [rax+0x10]
classic	PE:6a70b91c:0270a000	state-helper-13d5f70	0x1413d5f70	0x1413d605e	QWORD PTR [rax+0x18]
classic	PE:6a70b91c:0270a000	state-helper-13d5f70	0x1413d5f70	0x1413d607e	0x140c88ae0
classic	PE:6a70b91c:0270a000	state-helper-13d5f70	0x1413d5f70	0x1413d6104	0x141535df0
classic	PE:6a70b91c:0270a000	state-helper-13d5f70	0x1413d5f70	0x1413d6145	0x141376cc0
classic	PE:6a70b91c:0270a000	state-helper-13d5f70	0x1413d5f70	0x1413d6165	0x14007dbd0
classic	PE:6a70b91c:0270a000	state-helper-13d5f70	0x1413d5f70	0x1413d619e	0x1413293a0
classic	PE:6a70b91c:0270a000	state-helper-13d5f70	0x1413d5f70	0x1413d61b9	0x14006f860
classic	PE:6a70b91c:0270a000	state-helper-13d5f70	0x1413d5f70	0x1413d61cf	0x14006f9a0
classic	PE:6a70b91c:0270a000	state-helper-13d5f70	0x1413d5f70	0x1413d6200	0x14006f9a0
classic	PE:6a70b91c:0270a000	state-helper-13d5f70	0x1413d5f70	0x1413d6216	0x14006f9a0
classic	PE:6a70b91c:0270a000	state-helper-13d5f70	0x1413d5f70	0x1413d6252	QWORD PTR [rip+0x20a848]        # 0x1415e0aa0
classic	PE:6a70b91c:0270a000	state-helper-13d5f70	0x1413d5f70	0x1413d6259	0x1415345f0
classic	PE:6a70b91c:0270a000	state-helper-13d5f70	0x1413d5f70	0x1413d6292	0x141535d8a
classic	PE:6a70b91c:0270a000	state-helper-13d5f70	0x1413d5f70	0x1413d62cf	0x140070760
classic	PE:6a70b91c:0270a000	state-helper-13d5f70	0x1413d5f70	0x1413d632c	QWORD PTR [rip+0x20a76e]        # 0x1415e0aa0
classic	PE:6a70b91c:0270a000	state-helper-13d5f70	0x1413d5f70	0x1413d6333	0x1415345f0
classic	PE:6a70b91c:0270a000	state-helper-13d5f70	0x1413d5f70	0x1413d6357	0x14006f9a0
classic	PE:6a70b91c:0270a000	state-helper-13d5f70	0x1413d5f70	0x1413d636d	0x14006f9a0
classic	PE:6a70b91c:0270a000	state-helper-13d5f70	0x1413d5f70	0x1413d63eb	0x1400e3bb0
classic	PE:6a70b91c:0270a000	state-helper-13d5f70	0x1413d5f70	0x1413d6423	QWORD PTR [rip+0x20a677]        # 0x1415e0aa0
classic	PE:6a70b91c:0270a000	state-helper-13d5f70	0x1413d5f70	0x1413d642a	0x1415345f0
classic	PE:6a70b91c:0270a000	state-helper-13d5f70	0x1413d5f70	0x1413d6436	0x1415345d0
classic	PE:6a70b91c:0270a000	state-helper-13e0a90	0x1413e0a90	0x1413e0c07	0x1413293a0
classic	PE:6a70b91c:0270a000	state-helper-13e0a90	0x1413e0a90	0x1413e0c2b	0x14006f9a0
classic	PE:6a70b91c:0270a000	state-helper-13e0a90	0x1413e0a90	0x1413e0c6e	0x14006f9a0
classic	PE:6a70b91c:0270a000	state-helper-13e0a90	0x1413e0a90	0x1413e0c8f	0x1413e0a00
classic	PE:6a70b91c:0270a000	state-helper-13e0a90	0x1413e0a90	0x1413e0d00	0x140070760
classic	PE:6a70b91c:0270a000	state-helper-13e0a90	0x1413e0a90	0x1413e0d4d	QWORD PTR [rip+0x1ffd4d]        # 0x1415e0aa0
classic	PE:6a70b91c:0270a000	state-helper-13e0a90	0x1413e0a90	0x1413e0d54	0x1415345f0
classic	PE:6a70b91c:0270a000	state-helper-13e0a90	0x1413e0a90	0x1413e0d6a	0x14132bba0
classic	PE:6a70b91c:0270a000	state-helper-13e0a90	0x1413e0a90	0x1413e0d85	0x14006f9a0
classic	PE:6a70b91c:0270a000	state-helper-13e0a90	0x1413e0a90	0x1413e0d9d	0x14006f9a0
classic	PE:6a70b91c:0270a000	state-helper-13e0a90	0x1413e0a90	0x1413e0dd5	QWORD PTR [rip+0x1ffcc5]        # 0x1415e0aa0
classic	PE:6a70b91c:0270a000	state-helper-13e0a90	0x1413e0a90	0x1413e0ddc	0x1415345f0
classic	PE:6a70b91c:0270a000	state-helper-13e0a90	0x1413e0a90	0x1413e0e3d	0x14006f9a0
classic	PE:6a70b91c:0270a000	state-helper-13e0a90	0x1413e0a90	0x1413e0e5c	0x14006f9a0
classic	PE:6a70b91c:0270a000	state-helper-13e0a90	0x1413e0a90	0x1413e0e7f	0x14132c470
classic	PE:6a70b91c:0270a000	state-helper-13e0a90	0x1413e0a90	0x1413e0e9a	0x14006f9a0
classic	PE:6a70b91c:0270a000	state-helper-13e0a90	0x1413e0a90	0x1413e0ed6	QWORD PTR [rip+0x1ffbc4]        # 0x1415e0aa0
classic	PE:6a70b91c:0270a000	state-helper-13e0a90	0x1413e0a90	0x1413e0edd	0x1415345f0
classic	PE:6a70b91c:0270a000	state-helper-13e0a90	0x1413e0a90	0x1413e1193	0x14006f9a0
classic	PE:6a70b91c:0270a000	state-helper-13e0a90	0x1413e0a90	0x1413e11c0	0x140a910b0
classic	PE:6a70b91c:0270a000	state-helper-13e0a90	0x1413e0a90	0x1413e11db	0x14006f9a0
classic	PE:6a70b91c:0270a000	state-helper-13e0a90	0x1413e0a90	0x1413e11e5	0x14006f7e0
classic	PE:6a70b91c:0270a000	state-helper-13e0a90	0x1413e0a90	0x1413e120d	0x14006f9a0
classic	PE:6a70b91c:0270a000	state-helper-13e0a90	0x1413e0a90	0x1413e1236	0x140a910b0
classic	PE:6a70b91c:0270a000	state-helper-13e0a90	0x1413e0a90	0x1413e1251	0x14006f9a0
classic	PE:6a70b91c:0270a000	state-helper-13e0a90	0x1413e0a90	0x1413e125b	0x14006f7e0
classic	PE:6a70b91c:0270a000	state-helper-13e0a90	0x1413e0a90	0x1413e1283	0x14006f9a0
classic	PE:6a70b91c:0270a000	state-helper-13e0a90	0x1413e0a90	0x1413e1458	0x14006f9a0
classic	PE:6a70b91c:0270a000	state-helper-13e0a90	0x1413e0a90	0x1413e151b	QWORD PTR [rax+0x10]
classic	PE:6a70b91c:0270a000	state-helper-13e0a90	0x1413e0a90	0x1413e1529	QWORD PTR [rax+0x18]
classic	PE:6a70b91c:0270a000	state-helper-13e0a90	0x1413e0a90	0x1413e1549	0x140c88ae0
classic	PE:6a70b91c:0270a000	state-helper-13e0a90	0x1413e0a90	0x1413e15ba	0x1400e3bb0
classic	PE:6a70b91c:0270a000	state-helper-13e0a90	0x1413e0a90	0x1413e167e	0x1413ea1b0
classic	PE:6a70b91c:0270a000	state-helper-13e0a90	0x1413e0a90	0x1413e168d	0x1400b9e00
classic	PE:6a70b91c:0270a000	state-helper-13e0a90	0x1413e0a90	0x1413e1712	0x1413ea1b0
classic	PE:6a70b91c:0270a000	state-helper-13e0a90	0x1413e0a90	0x1413e1721	0x1400b9e00
classic	PE:6a70b91c:0270a000	state-helper-13e0a90	0x1413e0a90	0x1413e1738	0x14138c830
classic	PE:6a70b91c:0270a000	state-helper-13e0a90	0x1413e0a90	0x1413e174f	0x14138c830
classic	PE:6a70b91c:0270a000	state-helper-13e0a90	0x1413e0a90	0x1413e176f	0x140b500f0
classic	PE:6a70b91c:0270a000	state-helper-13e0a90	0x1413e0a90	0x1413e1790	0x140b95dd0
classic	PE:6a70b91c:0270a000	state-helper-13e0a90	0x1413e0a90	0x1413e1813	0x140b500f0
classic	PE:6a70b91c:0270a000	state-helper-13e0a90	0x1413e0a90	0x1413e1833	0x140b95ba0
classic	PE:6a70b91c:0270a000	state-helper-13e0a90	0x1413e0a90	0x1413e1853	0x140b500f0
classic	PE:6a70b91c:0270a000	state-helper-13e0a90	0x1413e0a90	0x1413e1868	0x140b95dd0
classic	PE:6a70b91c:0270a000	state-helper-13e0a90	0x1413e0a90	0x1413e18e2	0x140b500f0
classic	PE:6a70b91c:0270a000	state-helper-13e0a90	0x1413e0a90	0x1413e1902	0x140b95ba0
classic	PE:6a70b91c:0270a000	state-helper-13e0a90	0x1413e0a90	0x1413e191f	0x140b500f0
classic	PE:6a70b91c:0270a000	state-helper-13e0a90	0x1413e0a90	0x1413e194b	QWORD PTR [rax]
classic	PE:6a70b91c:0270a000	state-helper-13e0a90	0x1413e0a90	0x1413e1971	0x1413c7440
classic	PE:6a70b91c:0270a000	state-helper-13e0a90	0x1413e0a90	0x1413e1999	0x1413ea1b0
classic	PE:6a70b91c:0270a000	state-helper-13e0a90	0x1413e0a90	0x1413e19a8	0x1400b9e00
classic	PE:6a70b91c:0270a000	state-helper-13e0a90	0x1413e0a90	0x1413e1a21	0x1413ea1b0
classic	PE:6a70b91c:0270a000	state-helper-13e0a90	0x1413e0a90	0x1413e1a30	0x1400b9e00
classic	PE:6a70b91c:0270a000	state-helper-13e0a90	0x1413e0a90	0x1413e1aae	0x1413ea1b0
classic	PE:6a70b91c:0270a000	state-helper-13e0a90	0x1413e0a90	0x1413e1abd	0x1400b9e00
classic	PE:6a70b91c:0270a000	state-helper-13e0a90	0x1413e0a90	0x1413e1af5	0x1400bab70
classic	PE:6a70b91c:0270a000	state-helper-13e0a90	0x1413e0a90	0x1413e1b7a	0x140b500f0
classic	PE:6a70b91c:0270a000	state-helper-13e0a90	0x1413e0a90	0x1413e1b9e	0x1400b9d50
classic	PE:6a70b91c:0270a000	state-helper-13e0a90	0x1413e0a90	0x1413e1bb3	0x1402bccd0
classic	PE:6a70b91c:0270a000	state-helper-13e0a90	0x1413e0a90	0x1413e1bd3	0x1413ea1b0
classic	PE:6a70b91c:0270a000	state-helper-13e0a90	0x1413e0a90	0x1413e1be8	0x14006f6e0
classic	PE:6a70b91c:0270a000	state-helper-13e0a90	0x1413e0a90	0x1413e1bf2	0x14006f7e0
classic	PE:6a70b91c:0270a000	state-helper-13e0a90	0x1413e0a90	0x1413e1bfe	0x1415345d0
classic	PE:6a70b91c:0270a000	state-helper-13ecef0	0x1413ecef0	0x1413ed00e	0x141363900
